2025-09-14 19:23:21 - [INFO] - Logger berhasil dikonfigurasi. Memulai aplikasi...
2025-09-14 19:23:21 - [INFO] - Running in development mode
2025-09-14 19:23:21 - [INFO] - [DEBUG] Starting TELPLASTINA...
2025-09-14 19:23:21 - [INFO] - [UI] Application icon loaded: assets\icon.ico
2025-09-14 19:23:21 - [INFO] - [UI] Poppins font applied
2025-09-14 19:23:21 - [INFO] - [DEBUG] TELPLASTINA application created and configured
2025-09-14 19:23:21 - [INFO] - [DEBUG] Starting session with 100ms delay...
2025-09-14 19:23:21 - [INFO] - [DEBUG] === Starting new session ===
2025-09-14 19:23:21 - [INFO] - [DEBUG] Development mode - creating dialog immediately
2025-09-14 19:23:21 - [INFO] - [DEBUG] Creating doctor selection dialog (attempt 1/3)...
2025-09-14 19:23:21 - [INFO] - [PATHS] Found YOLO model at: F:\projek dosen\prototype riset\hotspot-analyzer\models\hotspot_detection\models\model_detection_hs_yolov8.pt
2025-09-14 19:23:21 - [INFO] - [DEBUG] Dialog class imported successfully
2025-09-14 19:23:22 - [INFO] - [DEBUG] Dialog instance created successfully
2025-09-14 19:23:22 - [INFO] - [DEBUG] Dialog window properties set
2025-09-14 19:23:22 - [INFO] - [DEBUG] Showing dialog to user...
2025-09-14 19:23:22 - [INFO] - [DEBUG] Dialog shown successfully
2025-09-14 19:23:22 - [INFO] - [DEBUG] Waiting for user input...
2025-09-14 19:23:24 - [INFO] - [SESSION] Created session: HAHH_Planar_20250914_192324
2025-09-14 19:23:24 - [INFO] - [SESSION] Created: HAHH_Planar_20250914_192324
2025-09-14 19:23:24 - [INFO] - [DEBUG] Dialog execution completed with result: 1
2025-09-14 19:23:24 - [INFO] - [DEBUG] Quick close detected: False
2025-09-14 19:23:24 - [INFO] - [DEBUG] Session selected - Code: HAHH, Modality: Planar
2025-09-14 19:23:24 - [INFO] - [DEBUG] Data directory confirmed: data
2025-09-14 19:23:24 - [INFO] - [DEBUG] Starting PLANAR session with code: HAHH
2025-09-14 19:23:24 - [INFO] - [DEBUG] Creating main window for session: HAHH
2025-09-14 19:23:28 - [INFO] - [YOLO] Module loaded - model will be loaded on-demand
2025-09-14 19:23:29 - [INFO] - [DEBUG] Timeline keyboard shortcuts enabled: Ctrl+/- for zoom, Ctrl+0 for reset
2025-09-14 19:23:29 - [INFO] - [DEBUG] set_active_view called with 'Anterior', but is now ignored.
2025-09-14 19:23:29 - [INFO] - Ditemukan 82 file DICOM di 'F:\projek dosen\prototype riset\hotspot-analyzer\data\PLANAR'
2025-09-14 19:23:29 - [INFO] - Ditemukan 9 session, 70 pasien (total 82 file DICOM).
2025-09-14 19:23:29 - [INFO] -     ALL: 1 pasien, 1 file
2025-09-14 19:23:29 - [INFO] -     ATL: 4 pasien, 4 file
2025-09-14 19:23:29 - [INFO] -     HAH: 14 pasien, 14 file
2025-09-14 19:23:29 - [INFO] -     HAHH: 38 pasien, 38 file
2025-09-14 19:23:29 - [INFO] -     HEHE: 2 pasien, 2 file
2025-09-14 19:23:29 - [INFO] -     NBL: 1 pasien, 5 file
2025-09-14 19:23:29 - [INFO] -     NSY: 4 pasien, 8 file
2025-09-14 19:23:29 - [INFO] -     PVSA: 2 pasien, 2 file
2025-09-14 19:23:29 - [INFO] -     WKW: 4 pasien, 8 file
2025-09-14 19:23:29 - [INFO] - [DEBUG] display_timeline called with 0 scan(s), focusing on index = -1
2025-09-14 19:23:29 - [INFO] - [DEBUG] Rebuilding timeline for active scan index: -1
2025-09-14 19:23:29 - [INFO] - [BSI SIDE PANEL] Clearing data...
2025-09-14 19:23:29 - [INFO] - [DEBUG] Main window created successfully for session: HAHH
2025-09-14 19:23:29 - [INFO] - [DEBUG] Main window created successfully
2025-09-14 19:23:29 - [INFO] - [DEBUG] Logout signal connected
2025-09-14 19:23:29 - [INFO] - [DEBUG] Main window displayed
2025-09-14 19:23:29 - [INFO] - [DEBUG] Active windows count: 1
2025-09-14 19:23:30 - [INFO] - [DEBUG] set_invert_original called: True (current: False)
2025-09-14 19:23:30 - [INFO] - [CACHE CLEAR] Cleared 0 layer cache entries
2025-09-14 19:23:30 - [INFO] - [CACHE CLEAR] Cleared zoom cache (0 labels)
2025-09-14 19:23:30 - [INFO] - [DEBUG] Cleared layer cache due to invert change
2025-09-14 19:23:30 - [INFO] - [DEBUG] No scans loaded, rebuild skipped
2025-09-14 19:23:42 - [INFO] - [ADD_FILES] Mulai analisis 1 file
2025-09-14 19:23:42 - [INFO] - [ADD_FILES] fungsi duplicate-check OK
2025-09-14 19:23:42 - [INFO] - [ADD_FILES] 1/1 ATTMAP001_DS.dcm → PID=0001344970 SD=20230105
2025-09-14 19:23:42 - [INFO] -   [CHECK_DICOM_EXISTS] Checking: session=HAHH, patient=0001344970, study_date=20230105
2025-09-14 19:23:42 - [INFO] -   [CHECK_DICOM_EXISTS] Expected path: F:\projek dosen\prototype riset\hotspot-analyzer\data\PLANAR\HAHH\0001344970\20230105
2025-09-14 19:23:42 - [INFO] -   [CHECK_DICOM_EXISTS] Path does not exist - NOT DUPLICATE
2025-09-14 19:23:42 - [INFO] - [ADD_FILES]   -> NEW, dimasukkan
2025-09-14 19:23:42 - [INFO] - [ADD_FILES] NEW added: 1, already analyzed: 0, redundant skipped: 0, errors: 0
2025-09-14 19:23:42 - [INFO] -   DEBUG: Starting quick detection for 1 files...
2025-09-14 19:23:42 - [INFO] -    ⚠️  Generic fallback: ['Frame 1', 'Frame 2', 'Frame 3', 'Frame 4', 'Frame 5', 'Frame 6', 'Frame 7', 'Frame 8', 'Frame 9', 'Frame 10', 'Frame 11', 'Frame 12', 'Frame 13', 'Frame 14', 'Frame 15', 'Frame 16', 'Frame 17', 'Frame 18', 'Frame 19', 'Frame 20', 'Frame 21', 'Frame 22', 'Frame 23', 'Frame 24', 'Frame 25', 'Frame 26', 'Frame 27', 'Frame 28', 'Frame 29', 'Frame 30', 'Frame 31', 'Frame 32', 'Frame 33', 'Frame 34', 'Frame 35', 'Frame 36', 'Frame 37', 'Frame 38', 'Frame 39', 'Frame 40', 'Frame 41', 'Frame 42', 'Frame 43', 'Frame 44', 'Frame 45', 'Frame 46', 'Frame 47', 'Frame 48', 'Frame 49', 'Frame 50', 'Frame 51', 'Frame 52', 'Frame 53', 'Frame 54', 'Frame 55', 'Frame 56', 'Frame 57', 'Frame 58', 'Frame 59', 'Frame 60', 'Frame 61', 'Frame 62', 'Frame 63', 'Frame 64', 'Frame 65', 'Frame 66', 'Frame 67', 'Frame 68', 'Frame 69', 'Frame 70', 'Frame 71', 'Frame 72', 'Frame 73', 'Frame 74', 'Frame 75', 'Frame 76', 'Frame 77', 'Frame 78', 'Frame 79', 'Frame 80', 'Frame 81', 'Frame 82', 'Frame 83', 'Frame 84', 'Frame 85', 'Frame 86', 'Frame 87', 'Frame 88', 'Frame 89', 'Frame 90', 'Frame 91', 'Frame 92', 'Frame 93', 'Frame 94', 'Frame 95', 'Frame 96', 'Frame 97', 'Frame 98', 'Frame 99', 'Frame 100', 'Frame 101', 'Frame 102', 'Frame 103', 'Frame 104', 'Frame 105', 'Frame 106', 'Frame 107', 'Frame 108', 'Frame 109', 'Frame 110', 'Frame 111', 'Frame 112', 'Frame 113', 'Frame 114', 'Frame 115', 'Frame 116', 'Frame 117', 'Frame 118', 'Frame 119', 'Frame 120', 'Frame 121', 'Frame 122', 'Frame 123', 'Frame 124', 'Frame 125', 'Frame 126', 'Frame 127', 'Frame 128']
2025-09-14 19:23:42 - [INFO] -    ⚠️  Non-standard view name: Frame 1
2025-09-14 19:23:42 - [INFO] -    ⚠️  Non-standard view name: Frame 2
2025-09-14 19:23:42 - [INFO] -    ⚠️  Non-standard view name: Frame 3
2025-09-14 19:23:42 - [INFO] -    ⚠️  Non-standard view name: Frame 4
2025-09-14 19:23:42 - [INFO] -    ⚠️  Non-standard view name: Frame 5
2025-09-14 19:23:42 - [INFO] -    ⚠️  Non-standard view name: Frame 6
2025-09-14 19:23:42 - [INFO] -    ⚠️  Non-standard view name: Frame 7
2025-09-14 19:23:42 - [INFO] -    ⚠️  Non-standard view name: Frame 8
2025-09-14 19:23:42 - [INFO] -    ⚠️  Non-standard view name: Frame 9
2025-09-14 19:23:42 - [INFO] -    ⚠️  Non-standard view name: Frame 10
2025-09-14 19:23:42 - [INFO] -    ⚠️  Non-standard view name: Frame 11
2025-09-14 19:23:42 - [INFO] -    ⚠️  Non-standard view name: Frame 12
2025-09-14 19:23:42 - [INFO] -    ⚠️  Non-standard view name: Frame 13
2025-09-14 19:23:42 - [INFO] -    ⚠️  Non-standard view name: Frame 14
2025-09-14 19:23:42 - [INFO] -    ⚠️  Non-standard view name: Frame 15
2025-09-14 19:23:42 - [INFO] -    ⚠️  Non-standard view name: Frame 16
2025-09-14 19:23:42 - [INFO] -    ⚠️  Non-standard view name: Frame 17
2025-09-14 19:23:42 - [INFO] -    ⚠️  Non-standard view name: Frame 18
2025-09-14 19:23:42 - [INFO] -    ⚠️  Non-standard view name: Frame 19
2025-09-14 19:23:42 - [INFO] -    ⚠️  Non-standard view name: Frame 20
2025-09-14 19:23:42 - [INFO] -    ⚠️  Non-standard view name: Frame 21
2025-09-14 19:23:42 - [INFO] -    ⚠️  Non-standard view name: Frame 22
2025-09-14 19:23:42 - [INFO] -    ⚠️  Non-standard view name: Frame 23
2025-09-14 19:23:42 - [INFO] -    ⚠️  Non-standard view name: Frame 24
2025-09-14 19:23:42 - [INFO] -    ⚠️  Non-standard view name: Frame 25
2025-09-14 19:23:42 - [INFO] -    ⚠️  Non-standard view name: Frame 26
2025-09-14 19:23:42 - [INFO] -    ⚠️  Non-standard view name: Frame 27
2025-09-14 19:23:42 - [INFO] -    ⚠️  Non-standard view name: Frame 28
2025-09-14 19:23:42 - [INFO] -    ⚠️  Non-standard view name: Frame 29
2025-09-14 19:23:42 - [INFO] -    ⚠️  Non-standard view name: Frame 30
2025-09-14 19:23:42 - [INFO] -    ⚠️  Non-standard view name: Frame 31
2025-09-14 19:23:42 - [INFO] -    ⚠️  Non-standard view name: Frame 32
2025-09-14 19:23:42 - [INFO] -    ⚠️  Non-standard view name: Frame 33
2025-09-14 19:23:42 - [INFO] -    ⚠️  Non-standard view name: Frame 34
2025-09-14 19:23:42 - [INFO] -    ⚠️  Non-standard view name: Frame 35
2025-09-14 19:23:42 - [INFO] -    ⚠️  Non-standard view name: Frame 36
2025-09-14 19:23:42 - [INFO] -    ⚠️  Non-standard view name: Frame 37
2025-09-14 19:23:42 - [INFO] -    ⚠️  Non-standard view name: Frame 38
2025-09-14 19:23:42 - [INFO] -    ⚠️  Non-standard view name: Frame 39
2025-09-14 19:23:42 - [INFO] -    ⚠️  Non-standard view name: Frame 40
2025-09-14 19:23:42 - [INFO] -    ⚠️  Non-standard view name: Frame 41
2025-09-14 19:23:42 - [INFO] -    ⚠️  Non-standard view name: Frame 42
2025-09-14 19:23:42 - [INFO] -    ⚠️  Non-standard view name: Frame 43
2025-09-14 19:23:42 - [INFO] -    ⚠️  Non-standard view name: Frame 44
2025-09-14 19:23:42 - [INFO] -    ⚠️  Non-standard view name: Frame 45
2025-09-14 19:23:42 - [INFO] -    ⚠️  Non-standard view name: Frame 46
2025-09-14 19:23:42 - [INFO] -    ⚠️  Non-standard view name: Frame 47
2025-09-14 19:23:42 - [INFO] -    ⚠️  Non-standard view name: Frame 48
2025-09-14 19:23:42 - [INFO] -    ⚠️  Non-standard view name: Frame 49
2025-09-14 19:23:42 - [INFO] -    ⚠️  Non-standard view name: Frame 50
2025-09-14 19:23:42 - [INFO] -    ⚠️  Non-standard view name: Frame 51
2025-09-14 19:23:42 - [INFO] -    ⚠️  Non-standard view name: Frame 52
2025-09-14 19:23:42 - [INFO] -    ⚠️  Non-standard view name: Frame 53
2025-09-14 19:23:42 - [INFO] -    ⚠️  Non-standard view name: Frame 54
2025-09-14 19:23:42 - [INFO] -    ⚠️  Non-standard view name: Frame 55
2025-09-14 19:23:42 - [INFO] -    ⚠️  Non-standard view name: Frame 56
2025-09-14 19:23:42 - [INFO] -    ⚠️  Non-standard view name: Frame 57
2025-09-14 19:23:42 - [INFO] -    ⚠️  Non-standard view name: Frame 58
2025-09-14 19:23:42 - [INFO] -    ⚠️  Non-standard view name: Frame 59
2025-09-14 19:23:42 - [INFO] -    ⚠️  Non-standard view name: Frame 60
2025-09-14 19:23:42 - [INFO] -    ⚠️  Non-standard view name: Frame 61
2025-09-14 19:23:42 - [INFO] -    ⚠️  Non-standard view name: Frame 62
2025-09-14 19:23:42 - [INFO] -    ⚠️  Non-standard view name: Frame 63
2025-09-14 19:23:42 - [INFO] -    ⚠️  Non-standard view name: Frame 64
2025-09-14 19:23:42 - [INFO] -    ⚠️  Non-standard view name: Frame 65
2025-09-14 19:23:42 - [INFO] -    ⚠️  Non-standard view name: Frame 66
2025-09-14 19:23:42 - [INFO] -    ⚠️  Non-standard view name: Frame 67
2025-09-14 19:23:42 - [INFO] -    ⚠️  Non-standard view name: Frame 68
2025-09-14 19:23:42 - [INFO] -    ⚠️  Non-standard view name: Frame 69
2025-09-14 19:23:42 - [INFO] -    ⚠️  Non-standard view name: Frame 70
2025-09-14 19:23:42 - [INFO] -    ⚠️  Non-standard view name: Frame 71
2025-09-14 19:23:42 - [INFO] -    ⚠️  Non-standard view name: Frame 72
2025-09-14 19:23:42 - [INFO] -    ⚠️  Non-standard view name: Frame 73
2025-09-14 19:23:42 - [INFO] -    ⚠️  Non-standard view name: Frame 74
2025-09-14 19:23:42 - [INFO] -    ⚠️  Non-standard view name: Frame 75
2025-09-14 19:23:42 - [INFO] -    ⚠️  Non-standard view name: Frame 76
2025-09-14 19:23:42 - [INFO] -    ⚠️  Non-standard view name: Frame 77
2025-09-14 19:23:42 - [INFO] -    ⚠️  Non-standard view name: Frame 78
2025-09-14 19:23:42 - [INFO] -    ⚠️  Non-standard view name: Frame 79
2025-09-14 19:23:42 - [INFO] -    ⚠️  Non-standard view name: Frame 80
2025-09-14 19:23:42 - [INFO] -    ⚠️  Non-standard view name: Frame 81
2025-09-14 19:23:42 - [INFO] -    ⚠️  Non-standard view name: Frame 82
2025-09-14 19:23:42 - [INFO] -    ⚠️  Non-standard view name: Frame 83
2025-09-14 19:23:42 - [INFO] -    ⚠️  Non-standard view name: Frame 84
2025-09-14 19:23:42 - [INFO] -    ⚠️  Non-standard view name: Frame 85
2025-09-14 19:23:42 - [INFO] -    ⚠️  Non-standard view name: Frame 86
2025-09-14 19:23:42 - [INFO] -    ⚠️  Non-standard view name: Frame 87
2025-09-14 19:23:42 - [INFO] -    ⚠️  Non-standard view name: Frame 88
2025-09-14 19:23:42 - [INFO] -    ⚠️  Non-standard view name: Frame 89
2025-09-14 19:23:42 - [INFO] -    ⚠️  Non-standard view name: Frame 90
2025-09-14 19:23:42 - [INFO] -    ⚠️  Non-standard view name: Frame 91
2025-09-14 19:23:42 - [INFO] -    ⚠️  Non-standard view name: Frame 92
2025-09-14 19:23:42 - [INFO] -    ⚠️  Non-standard view name: Frame 93
2025-09-14 19:23:42 - [INFO] -    ⚠️  Non-standard view name: Frame 94
2025-09-14 19:23:42 - [INFO] -    ⚠️  Non-standard view name: Frame 95
2025-09-14 19:23:42 - [INFO] -    ⚠️  Non-standard view name: Frame 96
2025-09-14 19:23:42 - [INFO] -    ⚠️  Non-standard view name: Frame 97
2025-09-14 19:23:42 - [INFO] -    ⚠️  Non-standard view name: Frame 98
2025-09-14 19:23:42 - [INFO] -    ⚠️  Non-standard view name: Frame 99
2025-09-14 19:23:42 - [INFO] -    ⚠️  Non-standard view name: Frame 100
2025-09-14 19:23:42 - [INFO] -    ⚠️  Non-standard view name: Frame 101
2025-09-14 19:23:42 - [INFO] -    ⚠️  Non-standard view name: Frame 102
2025-09-14 19:23:42 - [INFO] -    ⚠️  Non-standard view name: Frame 103
2025-09-14 19:23:42 - [INFO] -    ⚠️  Non-standard view name: Frame 104
2025-09-14 19:23:42 - [INFO] -    ⚠️  Non-standard view name: Frame 105
2025-09-14 19:23:42 - [INFO] -    ⚠️  Non-standard view name: Frame 106
2025-09-14 19:23:42 - [INFO] -    ⚠️  Non-standard view name: Frame 107
2025-09-14 19:23:42 - [INFO] -    ⚠️  Non-standard view name: Frame 108
2025-09-14 19:23:42 - [INFO] -    ⚠️  Non-standard view name: Frame 109
2025-09-14 19:23:42 - [INFO] -    ⚠️  Non-standard view name: Frame 110
2025-09-14 19:23:42 - [INFO] -    ⚠️  Non-standard view name: Frame 111
2025-09-14 19:23:42 - [INFO] -    ⚠️  Non-standard view name: Frame 112
2025-09-14 19:23:42 - [INFO] -    ⚠️  Non-standard view name: Frame 113
2025-09-14 19:23:42 - [INFO] -    ⚠️  Non-standard view name: Frame 114
2025-09-14 19:23:42 - [INFO] -    ⚠️  Non-standard view name: Frame 115
2025-09-14 19:23:42 - [INFO] -    ⚠️  Non-standard view name: Frame 116
2025-09-14 19:23:42 - [INFO] -    ⚠️  Non-standard view name: Frame 117
2025-09-14 19:23:42 - [INFO] -    ⚠️  Non-standard view name: Frame 118
2025-09-14 19:23:42 - [INFO] -    ⚠️  Non-standard view name: Frame 119
2025-09-14 19:23:42 - [INFO] -    ⚠️  Non-standard view name: Frame 120
2025-09-14 19:23:42 - [INFO] -    ⚠️  Non-standard view name: Frame 121
2025-09-14 19:23:42 - [INFO] -    ⚠️  Non-standard view name: Frame 122
2025-09-14 19:23:42 - [INFO] -    ⚠️  Non-standard view name: Frame 123
2025-09-14 19:23:42 - [INFO] -    ⚠️  Non-standard view name: Frame 124
2025-09-14 19:23:42 - [INFO] -    ⚠️  Non-standard view name: Frame 125
2025-09-14 19:23:42 - [INFO] -    ⚠️  Non-standard view name: Frame 126
2025-09-14 19:23:42 - [INFO] -    ⚠️  Non-standard view name: Frame 127
2025-09-14 19:23:42 - [INFO] -    ⚠️  Non-standard view name: Frame 128
2025-09-14 19:23:42 - [INFO] -   DEBUG: Processing detection result for ATTMAP001_DS.dcm
2025-09-14 19:23:42 - [INFO] - 📊 Detection Analysis Complete:
2025-09-14 19:23:42 - [INFO] -     1 files need manual configuration
2025-09-14 19:23:42 - [INFO] - ⚙️ Manual configuration required for some files.
2025-09-14 19:23:42 - [INFO] - Next step: Configure Views (or proceed if all auto-tagged)
2025-09-14 19:23:42 - [INFO] -  ATTMAP001_DS.dcm: Manual configuration required (128 frames)
2025-09-14 19:23:43 - [INFO] -   Opening enhanced view configuration dialog...
2025-09-14 19:23:43 - [INFO] -   DEBUG: Opening view selector with 1 files
2025-09-14 19:23:43 - [INFO] -   DEBUG: Opening view configuration with 1 files:
2025-09-14 19:23:43 - [INFO] -    1. ATTMAP001_DS.dcm
2025-09-14 19:23:43 - [INFO] -      No duplicates found in selected_files
2025-09-14 19:23:43 - [INFO] -   DEBUG: Connecting signals...
2025-09-14 19:23:43 - [INFO] -   DEBUG: Executing dialog...
2025-09-14 19:23:43 - [INFO] -    ⚠️  Generic fallback: ['Frame 1', 'Frame 2', 'Frame 3', 'Frame 4', 'Frame 5', 'Frame 6', 'Frame 7', 'Frame 8', 'Frame 9', 'Frame 10', 'Frame 11', 'Frame 12', 'Frame 13', 'Frame 14', 'Frame 15', 'Frame 16', 'Frame 17', 'Frame 18', 'Frame 19', 'Frame 20', 'Frame 21', 'Frame 22', 'Frame 23', 'Frame 24', 'Frame 25', 'Frame 26', 'Frame 27', 'Frame 28', 'Frame 29', 'Frame 30', 'Frame 31', 'Frame 32', 'Frame 33', 'Frame 34', 'Frame 35', 'Frame 36', 'Frame 37', 'Frame 38', 'Frame 39', 'Frame 40', 'Frame 41', 'Frame 42', 'Frame 43', 'Frame 44', 'Frame 45', 'Frame 46', 'Frame 47', 'Frame 48', 'Frame 49', 'Frame 50', 'Frame 51', 'Frame 52', 'Frame 53', 'Frame 54', 'Frame 55', 'Frame 56', 'Frame 57', 'Frame 58', 'Frame 59', 'Frame 60', 'Frame 61', 'Frame 62', 'Frame 63', 'Frame 64', 'Frame 65', 'Frame 66', 'Frame 67', 'Frame 68', 'Frame 69', 'Frame 70', 'Frame 71', 'Frame 72', 'Frame 73', 'Frame 74', 'Frame 75', 'Frame 76', 'Frame 77', 'Frame 78', 'Frame 79', 'Frame 80', 'Frame 81', 'Frame 82', 'Frame 83', 'Frame 84', 'Frame 85', 'Frame 86', 'Frame 87', 'Frame 88', 'Frame 89', 'Frame 90', 'Frame 91', 'Frame 92', 'Frame 93', 'Frame 94', 'Frame 95', 'Frame 96', 'Frame 97', 'Frame 98', 'Frame 99', 'Frame 100', 'Frame 101', 'Frame 102', 'Frame 103', 'Frame 104', 'Frame 105', 'Frame 106', 'Frame 107', 'Frame 108', 'Frame 109', 'Frame 110', 'Frame 111', 'Frame 112', 'Frame 113', 'Frame 114', 'Frame 115', 'Frame 116', 'Frame 117', 'Frame 118', 'Frame 119', 'Frame 120', 'Frame 121', 'Frame 122', 'Frame 123', 'Frame 124', 'Frame 125', 'Frame 126', 'Frame 127', 'Frame 128']
2025-09-14 19:23:43 - [INFO] -    ⚠️  Non-standard view name: Frame 1
2025-09-14 19:23:43 - [INFO] -    ⚠️  Non-standard view name: Frame 2
2025-09-14 19:23:43 - [INFO] -    ⚠️  Non-standard view name: Frame 3
2025-09-14 19:23:43 - [INFO] -    ⚠️  Non-standard view name: Frame 4
2025-09-14 19:23:43 - [INFO] -    ⚠️  Non-standard view name: Frame 5
2025-09-14 19:23:43 - [INFO] -    ⚠️  Non-standard view name: Frame 6
2025-09-14 19:23:43 - [INFO] -    ⚠️  Non-standard view name: Frame 7
2025-09-14 19:23:43 - [INFO] -    ⚠️  Non-standard view name: Frame 8
2025-09-14 19:23:43 - [INFO] -    ⚠️  Non-standard view name: Frame 9
2025-09-14 19:23:43 - [INFO] -    ⚠️  Non-standard view name: Frame 10
2025-09-14 19:23:43 - [INFO] -    ⚠️  Non-standard view name: Frame 11
2025-09-14 19:23:43 - [INFO] -    ⚠️  Non-standard view name: Frame 12
2025-09-14 19:23:43 - [INFO] -    ⚠️  Non-standard view name: Frame 13
2025-09-14 19:23:43 - [INFO] -    ⚠️  Non-standard view name: Frame 14
2025-09-14 19:23:43 - [INFO] -    ⚠️  Non-standard view name: Frame 15
2025-09-14 19:23:43 - [INFO] -    ⚠️  Non-standard view name: Frame 16
2025-09-14 19:23:43 - [INFO] -    ⚠️  Non-standard view name: Frame 17
2025-09-14 19:23:43 - [INFO] -    ⚠️  Non-standard view name: Frame 18
2025-09-14 19:23:43 - [INFO] -    ⚠️  Non-standard view name: Frame 19
2025-09-14 19:23:43 - [INFO] -    ⚠️  Non-standard view name: Frame 20
2025-09-14 19:23:43 - [INFO] -    ⚠️  Non-standard view name: Frame 21
2025-09-14 19:23:43 - [INFO] -    ⚠️  Non-standard view name: Frame 22
2025-09-14 19:23:43 - [INFO] -    ⚠️  Non-standard view name: Frame 23
2025-09-14 19:23:43 - [INFO] -    ⚠️  Non-standard view name: Frame 24
2025-09-14 19:23:43 - [INFO] -    ⚠️  Non-standard view name: Frame 25
2025-09-14 19:23:43 - [INFO] -    ⚠️  Non-standard view name: Frame 26
2025-09-14 19:23:43 - [INFO] -    ⚠️  Non-standard view name: Frame 27
2025-09-14 19:23:43 - [INFO] -    ⚠️  Non-standard view name: Frame 28
2025-09-14 19:23:43 - [INFO] -    ⚠️  Non-standard view name: Frame 29
2025-09-14 19:23:43 - [INFO] -    ⚠️  Non-standard view name: Frame 30
2025-09-14 19:23:43 - [INFO] -    ⚠️  Non-standard view name: Frame 31
2025-09-14 19:23:43 - [INFO] -    ⚠️  Non-standard view name: Frame 32
2025-09-14 19:23:43 - [INFO] -    ⚠️  Non-standard view name: Frame 33
2025-09-14 19:23:43 - [INFO] -    ⚠️  Non-standard view name: Frame 34
2025-09-14 19:23:43 - [INFO] -    ⚠️  Non-standard view name: Frame 35
2025-09-14 19:23:43 - [INFO] -    ⚠️  Non-standard view name: Frame 36
2025-09-14 19:23:43 - [INFO] -    ⚠️  Non-standard view name: Frame 37
2025-09-14 19:23:43 - [INFO] -    ⚠️  Non-standard view name: Frame 38
2025-09-14 19:23:43 - [INFO] -    ⚠️  Non-standard view name: Frame 39
2025-09-14 19:23:43 - [INFO] -    ⚠️  Non-standard view name: Frame 40
2025-09-14 19:23:43 - [INFO] -    ⚠️  Non-standard view name: Frame 41
2025-09-14 19:23:43 - [INFO] -    ⚠️  Non-standard view name: Frame 42
2025-09-14 19:23:43 - [INFO] -    ⚠️  Non-standard view name: Frame 43
2025-09-14 19:23:43 - [INFO] -    ⚠️  Non-standard view name: Frame 44
2025-09-14 19:23:43 - [INFO] -    ⚠️  Non-standard view name: Frame 45
2025-09-14 19:23:43 - [INFO] -    ⚠️  Non-standard view name: Frame 46
2025-09-14 19:23:43 - [INFO] -    ⚠️  Non-standard view name: Frame 47
2025-09-14 19:23:43 - [INFO] -    ⚠️  Non-standard view name: Frame 48
2025-09-14 19:23:43 - [INFO] -    ⚠️  Non-standard view name: Frame 49
2025-09-14 19:23:43 - [INFO] -    ⚠️  Non-standard view name: Frame 50
2025-09-14 19:23:43 - [INFO] -    ⚠️  Non-standard view name: Frame 51
2025-09-14 19:23:43 - [INFO] -    ⚠️  Non-standard view name: Frame 52
2025-09-14 19:23:43 - [INFO] -    ⚠️  Non-standard view name: Frame 53
2025-09-14 19:23:43 - [INFO] -    ⚠️  Non-standard view name: Frame 54
2025-09-14 19:23:43 - [INFO] -    ⚠️  Non-standard view name: Frame 55
2025-09-14 19:23:43 - [INFO] -    ⚠️  Non-standard view name: Frame 56
2025-09-14 19:23:43 - [INFO] -    ⚠️  Non-standard view name: Frame 57
2025-09-14 19:23:43 - [INFO] -    ⚠️  Non-standard view name: Frame 58
2025-09-14 19:23:43 - [INFO] -    ⚠️  Non-standard view name: Frame 59
2025-09-14 19:23:43 - [INFO] -    ⚠️  Non-standard view name: Frame 60
2025-09-14 19:23:43 - [INFO] -    ⚠️  Non-standard view name: Frame 61
2025-09-14 19:23:43 - [INFO] -    ⚠️  Non-standard view name: Frame 62
2025-09-14 19:23:43 - [INFO] -    ⚠️  Non-standard view name: Frame 63
2025-09-14 19:23:43 - [INFO] -    ⚠️  Non-standard view name: Frame 64
2025-09-14 19:23:43 - [INFO] -    ⚠️  Non-standard view name: Frame 65
2025-09-14 19:23:43 - [INFO] -    ⚠️  Non-standard view name: Frame 66
2025-09-14 19:23:43 - [INFO] -    ⚠️  Non-standard view name: Frame 67
2025-09-14 19:23:43 - [INFO] -    ⚠️  Non-standard view name: Frame 68
2025-09-14 19:23:43 - [INFO] -    ⚠️  Non-standard view name: Frame 69
2025-09-14 19:23:43 - [INFO] -    ⚠️  Non-standard view name: Frame 70
2025-09-14 19:23:43 - [INFO] -    ⚠️  Non-standard view name: Frame 71
2025-09-14 19:23:43 - [INFO] -    ⚠️  Non-standard view name: Frame 72
2025-09-14 19:23:43 - [INFO] -    ⚠️  Non-standard view name: Frame 73
2025-09-14 19:23:43 - [INFO] -    ⚠️  Non-standard view name: Frame 74
2025-09-14 19:23:43 - [INFO] -    ⚠️  Non-standard view name: Frame 75
2025-09-14 19:23:43 - [INFO] -    ⚠️  Non-standard view name: Frame 76
2025-09-14 19:23:43 - [INFO] -    ⚠️  Non-standard view name: Frame 77
2025-09-14 19:23:43 - [INFO] -    ⚠️  Non-standard view name: Frame 78
2025-09-14 19:23:43 - [INFO] -    ⚠️  Non-standard view name: Frame 79
2025-09-14 19:23:43 - [INFO] -    ⚠️  Non-standard view name: Frame 80
2025-09-14 19:23:43 - [INFO] -    ⚠️  Non-standard view name: Frame 81
2025-09-14 19:23:43 - [INFO] -    ⚠️  Non-standard view name: Frame 82
2025-09-14 19:23:43 - [INFO] -    ⚠️  Non-standard view name: Frame 83
2025-09-14 19:23:43 - [INFO] -    ⚠️  Non-standard view name: Frame 84
2025-09-14 19:23:43 - [INFO] -    ⚠️  Non-standard view name: Frame 85
2025-09-14 19:23:43 - [INFO] -    ⚠️  Non-standard view name: Frame 86
2025-09-14 19:23:43 - [INFO] -    ⚠️  Non-standard view name: Frame 87
2025-09-14 19:23:43 - [INFO] -    ⚠️  Non-standard view name: Frame 88
2025-09-14 19:23:43 - [INFO] -    ⚠️  Non-standard view name: Frame 89
2025-09-14 19:23:43 - [INFO] -    ⚠️  Non-standard view name: Frame 90
2025-09-14 19:23:43 - [INFO] -    ⚠️  Non-standard view name: Frame 91
2025-09-14 19:23:43 - [INFO] -    ⚠️  Non-standard view name: Frame 92
2025-09-14 19:23:43 - [INFO] -    ⚠️  Non-standard view name: Frame 93
2025-09-14 19:23:43 - [INFO] -    ⚠️  Non-standard view name: Frame 94
2025-09-14 19:23:43 - [INFO] -    ⚠️  Non-standard view name: Frame 95
2025-09-14 19:23:43 - [INFO] -    ⚠️  Non-standard view name: Frame 96
2025-09-14 19:23:43 - [INFO] -    ⚠️  Non-standard view name: Frame 97
2025-09-14 19:23:43 - [INFO] -    ⚠️  Non-standard view name: Frame 98
2025-09-14 19:23:43 - [INFO] -    ⚠️  Non-standard view name: Frame 99
2025-09-14 19:23:43 - [INFO] -    ⚠️  Non-standard view name: Frame 100
2025-09-14 19:23:43 - [INFO] -    ⚠️  Non-standard view name: Frame 101
2025-09-14 19:23:43 - [INFO] -    ⚠️  Non-standard view name: Frame 102
2025-09-14 19:23:43 - [INFO] -    ⚠️  Non-standard view name: Frame 103
2025-09-14 19:23:43 - [INFO] -    ⚠️  Non-standard view name: Frame 104
2025-09-14 19:23:43 - [INFO] -    ⚠️  Non-standard view name: Frame 105
2025-09-14 19:23:43 - [INFO] -    ⚠️  Non-standard view name: Frame 106
2025-09-14 19:23:43 - [INFO] -    ⚠️  Non-standard view name: Frame 107
2025-09-14 19:23:43 - [INFO] -    ⚠️  Non-standard view name: Frame 108
2025-09-14 19:23:43 - [INFO] -    ⚠️  Non-standard view name: Frame 109
2025-09-14 19:23:43 - [INFO] -    ⚠️  Non-standard view name: Frame 110
2025-09-14 19:23:43 - [INFO] -    ⚠️  Non-standard view name: Frame 111
2025-09-14 19:23:43 - [INFO] -    ⚠️  Non-standard view name: Frame 112
2025-09-14 19:23:43 - [INFO] -    ⚠️  Non-standard view name: Frame 113
2025-09-14 19:23:43 - [INFO] -    ⚠️  Non-standard view name: Frame 114
2025-09-14 19:23:43 - [INFO] -    ⚠️  Non-standard view name: Frame 115
2025-09-14 19:23:43 - [INFO] -    ⚠️  Non-standard view name: Frame 116
2025-09-14 19:23:43 - [INFO] -    ⚠️  Non-standard view name: Frame 117
2025-09-14 19:23:43 - [INFO] -    ⚠️  Non-standard view name: Frame 118
2025-09-14 19:23:43 - [INFO] -    ⚠️  Non-standard view name: Frame 119
2025-09-14 19:23:43 - [INFO] -    ⚠️  Non-standard view name: Frame 120
2025-09-14 19:23:43 - [INFO] -    ⚠️  Non-standard view name: Frame 121
2025-09-14 19:23:43 - [INFO] -    ⚠️  Non-standard view name: Frame 122
2025-09-14 19:23:43 - [INFO] -    ⚠️  Non-standard view name: Frame 123
2025-09-14 19:23:43 - [INFO] -    ⚠️  Non-standard view name: Frame 124
2025-09-14 19:23:43 - [INFO] -    ⚠️  Non-standard view name: Frame 125
2025-09-14 19:23:43 - [INFO] -    ⚠️  Non-standard view name: Frame 126
2025-09-14 19:23:43 - [INFO] -    ⚠️  Non-standard view name: Frame 127
2025-09-14 19:23:43 - [INFO] -    ⚠️  Non-standard view name: Frame 128
2025-09-14 19:23:43 - [INFO] - 
  === BACKGROUND ANALYSIS DEBUG ===
2025-09-14 19:23:43 - [INFO] - Frame shape: (128, 128)
2025-09-14 19:23:43 - [INFO] - Frame dtype: uint16
2025-09-14 19:23:43 - [INFO] - Frame range: 0 to 0
2025-09-14 19:23:43 - [INFO] - 🔄 Normalized to uint8: 0 to 0
2025-09-14 19:23:43 - [INFO] - 📐 Image dimensions: 128x128 (16,384 pixels)
2025-09-14 19:23:43 - [INFO] - 🏠 Corner analysis with size: 16x16
2025-09-14 19:23:43 - [INFO] - 🏠 Corner means: [0.0, 0.0, 0.0, 0.0]
2025-09-14 19:23:43 - [INFO] - 🏠 Overall corner mean: 0.0
2025-09-14 19:23:43 - [INFO] - 🔲 Edge analysis:
2025-09-14 19:23:43 - [INFO] -    Edge mean: 0.0
2025-09-14 19:23:43 - [INFO] -    Dark edges (<50): 512/512 (100.0%)
2025-09-14 19:23:43 - [INFO] -    Bright edges (>200): 0/512 (0.0%)
2025-09-14 19:23:43 - [INFO] - 📊 Overall statistics:
2025-09-14 19:23:43 - [INFO] -    Image mean: 0.0
2025-09-14 19:23:43 - [INFO] -    Dark pixels (<50): 16,384 (100.0%)
2025-09-14 19:23:43 - [INFO] -    Bright pixels (>200): 0 (0.0%)
2025-09-14 19:23:43 - [INFO] -    Mid-range pixels: 0 (0.0%)
2025-09-14 19:23:43 - [INFO] - 📈 Histogram analysis:
2025-09-14 19:23:43 - [INFO] -    Found 0 peaks: []
2025-09-14 19:23:43 - [INFO] - 
  DECISION PROCESS:
2025-09-14 19:23:43 - [INFO] - 
📋 DECISION FACTORS:
2025-09-14 19:23:43 - [INFO] -      Dark corners (0.0 < 50) → BLACK (+40)
2025-09-14 19:23:43 - [INFO] -      Dark edges (100.0%) support BLACK (+30)
2025-09-14 19:23:43 - [INFO] -      Dark image (0.0 < 80) supports BLACK (+10)
2025-09-14 19:23:43 - [INFO] - 
  FINAL DECISION:
2025-09-14 19:23:43 - [INFO] -    Background Type: BLACK
2025-09-14 19:23:43 - [INFO] -    Confidence: 80%
2025-09-14 19:23:43 - [INFO] -    Reasoning: 3 factors analyzed
2025-09-14 19:23:43 - [INFO] - 📊 RESULT: {'background_type': 'black', 'confidence': 80, 'background_pixels': 16384, 'object_pixels': 0, 'background_percentage': 100.0, 'total_pixels': 16384, 'debug_info': {'corner_mean': 0.0, 'edge_mean': 0.0, 'image_mean': 0.0, 'dark_edge_ratio': 1.0, 'bright_edge_ratio': 0.0, 'decision_factors': ['  Dark corners (0.0 < 50) → BLACK (+40)', '  Dark edges (100.0%) support BLACK (+30)', '  Dark image (0.0 < 80) supports BLACK (+10)']}}
2025-09-14 19:23:43 - [INFO] -   === END BACKGROUND ANALYSIS ===

2025-09-14 19:23:43 - [INFO] - 
  === BACKGROUND ANALYSIS DEBUG ===
2025-09-14 19:23:43 - [INFO] - Frame shape: (128, 128)
2025-09-14 19:23:43 - [INFO] - Frame dtype: uint16
2025-09-14 19:23:43 - [INFO] - Frame range: 0 to 0
2025-09-14 19:23:43 - [INFO] - 🔄 Normalized to uint8: 0 to 0
2025-09-14 19:23:43 - [INFO] - 📐 Image dimensions: 128x128 (16,384 pixels)
2025-09-14 19:23:43 - [INFO] - 🏠 Corner analysis with size: 16x16
2025-09-14 19:23:43 - [INFO] - 🏠 Corner means: [0.0, 0.0, 0.0, 0.0]
2025-09-14 19:23:43 - [INFO] - 🏠 Overall corner mean: 0.0
2025-09-14 19:23:43 - [INFO] - 🔲 Edge analysis:
2025-09-14 19:23:43 - [INFO] -    Edge mean: 0.0
2025-09-14 19:23:43 - [INFO] -    Dark edges (<50): 512/512 (100.0%)
2025-09-14 19:23:43 - [INFO] -    Bright edges (>200): 0/512 (0.0%)
2025-09-14 19:23:43 - [INFO] - 📊 Overall statistics:
2025-09-14 19:23:43 - [INFO] -    Image mean: 0.0
2025-09-14 19:23:43 - [INFO] -    Dark pixels (<50): 16,384 (100.0%)
2025-09-14 19:23:43 - [INFO] -    Bright pixels (>200): 0 (0.0%)
2025-09-14 19:23:43 - [INFO] -    Mid-range pixels: 0 (0.0%)
2025-09-14 19:23:43 - [INFO] - 📈 Histogram analysis:
2025-09-14 19:23:43 - [INFO] -    Found 0 peaks: []
2025-09-14 19:23:43 - [INFO] - 
  DECISION PROCESS:
2025-09-14 19:23:43 - [INFO] - 
📋 DECISION FACTORS:
2025-09-14 19:23:43 - [INFO] -      Dark corners (0.0 < 50) → BLACK (+40)
2025-09-14 19:23:43 - [INFO] -      Dark edges (100.0%) support BLACK (+30)
2025-09-14 19:23:43 - [INFO] -      Dark image (0.0 < 80) supports BLACK (+10)
2025-09-14 19:23:43 - [INFO] - 
  FINAL DECISION:
2025-09-14 19:23:43 - [INFO] -    Background Type: BLACK
2025-09-14 19:23:43 - [INFO] -    Confidence: 80%
2025-09-14 19:23:43 - [INFO] -    Reasoning: 3 factors analyzed
2025-09-14 19:23:43 - [INFO] - 📊 RESULT: {'background_type': 'black', 'confidence': 80, 'background_pixels': 16384, 'object_pixels': 0, 'background_percentage': 100.0, 'total_pixels': 16384, 'debug_info': {'corner_mean': 0.0, 'edge_mean': 0.0, 'image_mean': 0.0, 'dark_edge_ratio': 1.0, 'bright_edge_ratio': 0.0, 'decision_factors': ['  Dark corners (0.0 < 50) → BLACK (+40)', '  Dark edges (100.0%) support BLACK (+30)', '  Dark image (0.0 < 80) supports BLACK (+10)']}}
2025-09-14 19:23:43 - [INFO] -   === END BACKGROUND ANALYSIS ===

2025-09-14 19:23:43 - [INFO] - 
  === BACKGROUND ANALYSIS DEBUG ===
2025-09-14 19:23:43 - [INFO] - Frame shape: (128, 128)
2025-09-14 19:23:43 - [INFO] - Frame dtype: uint16
2025-09-14 19:23:43 - [INFO] - Frame range: 0 to 0
2025-09-14 19:23:43 - [INFO] - 🔄 Normalized to uint8: 0 to 0
2025-09-14 19:23:43 - [INFO] - 📐 Image dimensions: 128x128 (16,384 pixels)
2025-09-14 19:23:43 - [INFO] - 🏠 Corner analysis with size: 16x16
2025-09-14 19:23:43 - [INFO] - 🏠 Corner means: [0.0, 0.0, 0.0, 0.0]
2025-09-14 19:23:43 - [INFO] - 🏠 Overall corner mean: 0.0
2025-09-14 19:23:43 - [INFO] - 🔲 Edge analysis:
2025-09-14 19:23:43 - [INFO] -    Edge mean: 0.0
2025-09-14 19:23:43 - [INFO] -    Dark edges (<50): 512/512 (100.0%)
2025-09-14 19:23:43 - [INFO] -    Bright edges (>200): 0/512 (0.0%)
2025-09-14 19:23:43 - [INFO] - 📊 Overall statistics:
2025-09-14 19:23:43 - [INFO] -    Image mean: 0.0
2025-09-14 19:23:43 - [INFO] -    Dark pixels (<50): 16,384 (100.0%)
2025-09-14 19:23:43 - [INFO] -    Bright pixels (>200): 0 (0.0%)
2025-09-14 19:23:43 - [INFO] -    Mid-range pixels: 0 (0.0%)
2025-09-14 19:23:43 - [INFO] - 📈 Histogram analysis:
2025-09-14 19:23:43 - [INFO] -    Found 0 peaks: []
2025-09-14 19:23:43 - [INFO] - 
  DECISION PROCESS:
2025-09-14 19:23:43 - [INFO] - 
📋 DECISION FACTORS:
2025-09-14 19:23:43 - [INFO] -      Dark corners (0.0 < 50) → BLACK (+40)
2025-09-14 19:23:43 - [INFO] -      Dark edges (100.0%) support BLACK (+30)
2025-09-14 19:23:43 - [INFO] -      Dark image (0.0 < 80) supports BLACK (+10)
2025-09-14 19:23:43 - [INFO] - 
  FINAL DECISION:
2025-09-14 19:23:43 - [INFO] -    Background Type: BLACK
2025-09-14 19:23:43 - [INFO] -    Confidence: 80%
2025-09-14 19:23:43 - [INFO] -    Reasoning: 3 factors analyzed
2025-09-14 19:23:43 - [INFO] - 📊 RESULT: {'background_type': 'black', 'confidence': 80, 'background_pixels': 16384, 'object_pixels': 0, 'background_percentage': 100.0, 'total_pixels': 16384, 'debug_info': {'corner_mean': 0.0, 'edge_mean': 0.0, 'image_mean': 0.0, 'dark_edge_ratio': 1.0, 'bright_edge_ratio': 0.0, 'decision_factors': ['  Dark corners (0.0 < 50) → BLACK (+40)', '  Dark edges (100.0%) support BLACK (+30)', '  Dark image (0.0 < 80) supports BLACK (+10)']}}
2025-09-14 19:23:43 - [INFO] -   === END BACKGROUND ANALYSIS ===

2025-09-14 19:23:43 - [INFO] - 
  === BACKGROUND ANALYSIS DEBUG ===
2025-09-14 19:23:43 - [INFO] - Frame shape: (128, 128)
2025-09-14 19:23:43 - [INFO] - Frame dtype: uint16
2025-09-14 19:23:43 - [INFO] - Frame range: 0 to 0
2025-09-14 19:23:43 - [INFO] - 🔄 Normalized to uint8: 0 to 0
2025-09-14 19:23:43 - [INFO] - 📐 Image dimensions: 128x128 (16,384 pixels)
2025-09-14 19:23:43 - [INFO] - 🏠 Corner analysis with size: 16x16
2025-09-14 19:23:43 - [INFO] - 🏠 Corner means: [0.0, 0.0, 0.0, 0.0]
2025-09-14 19:23:43 - [INFO] - 🏠 Overall corner mean: 0.0
2025-09-14 19:23:43 - [INFO] - 🔲 Edge analysis:
2025-09-14 19:23:43 - [INFO] -    Edge mean: 0.0
2025-09-14 19:23:43 - [INFO] -    Dark edges (<50): 512/512 (100.0%)
2025-09-14 19:23:43 - [INFO] -    Bright edges (>200): 0/512 (0.0%)
2025-09-14 19:23:43 - [INFO] - 📊 Overall statistics:
2025-09-14 19:23:43 - [INFO] -    Image mean: 0.0
2025-09-14 19:23:43 - [INFO] -    Dark pixels (<50): 16,384 (100.0%)
2025-09-14 19:23:43 - [INFO] -    Bright pixels (>200): 0 (0.0%)
2025-09-14 19:23:43 - [INFO] -    Mid-range pixels: 0 (0.0%)
2025-09-14 19:23:43 - [INFO] - 📈 Histogram analysis:
2025-09-14 19:23:43 - [INFO] -    Found 0 peaks: []
2025-09-14 19:23:43 - [INFO] - 
  DECISION PROCESS:
2025-09-14 19:23:43 - [INFO] - 
📋 DECISION FACTORS:
2025-09-14 19:23:43 - [INFO] -      Dark corners (0.0 < 50) → BLACK (+40)
2025-09-14 19:23:43 - [INFO] -      Dark edges (100.0%) support BLACK (+30)
2025-09-14 19:23:43 - [INFO] -      Dark image (0.0 < 80) supports BLACK (+10)
2025-09-14 19:23:43 - [INFO] - 
  FINAL DECISION:
2025-09-14 19:23:43 - [INFO] -    Background Type: BLACK
2025-09-14 19:23:43 - [INFO] -    Confidence: 80%
2025-09-14 19:23:43 - [INFO] -    Reasoning: 3 factors analyzed
2025-09-14 19:23:43 - [INFO] - 📊 RESULT: {'background_type': 'black', 'confidence': 80, 'background_pixels': 16384, 'object_pixels': 0, 'background_percentage': 100.0, 'total_pixels': 16384, 'debug_info': {'corner_mean': 0.0, 'edge_mean': 0.0, 'image_mean': 0.0, 'dark_edge_ratio': 1.0, 'bright_edge_ratio': 0.0, 'decision_factors': ['  Dark corners (0.0 < 50) → BLACK (+40)', '  Dark edges (100.0%) support BLACK (+30)', '  Dark image (0.0 < 80) supports BLACK (+10)']}}
2025-09-14 19:23:43 - [INFO] -   === END BACKGROUND ANALYSIS ===

2025-09-14 19:23:43 - [INFO] - 
  === BACKGROUND ANALYSIS DEBUG ===
2025-09-14 19:23:43 - [INFO] - Frame shape: (128, 128)
2025-09-14 19:23:43 - [INFO] - Frame dtype: uint16
2025-09-14 19:23:43 - [INFO] - Frame range: 0 to 0
2025-09-14 19:23:43 - [INFO] - 🔄 Normalized to uint8: 0 to 0
2025-09-14 19:23:43 - [INFO] - 📐 Image dimensions: 128x128 (16,384 pixels)
2025-09-14 19:23:43 - [INFO] - 🏠 Corner analysis with size: 16x16
2025-09-14 19:23:43 - [INFO] - 🏠 Corner means: [0.0, 0.0, 0.0, 0.0]
2025-09-14 19:23:43 - [INFO] - 🏠 Overall corner mean: 0.0
2025-09-14 19:23:43 - [INFO] - 🔲 Edge analysis:
2025-09-14 19:23:43 - [INFO] -    Edge mean: 0.0
2025-09-14 19:23:43 - [INFO] -    Dark edges (<50): 512/512 (100.0%)
2025-09-14 19:23:43 - [INFO] -    Bright edges (>200): 0/512 (0.0%)
2025-09-14 19:23:43 - [INFO] - 📊 Overall statistics:
2025-09-14 19:23:43 - [INFO] -    Image mean: 0.0
2025-09-14 19:23:43 - [INFO] -    Dark pixels (<50): 16,384 (100.0%)
2025-09-14 19:23:43 - [INFO] -    Bright pixels (>200): 0 (0.0%)
2025-09-14 19:23:43 - [INFO] -    Mid-range pixels: 0 (0.0%)
2025-09-14 19:23:43 - [INFO] - 📈 Histogram analysis:
2025-09-14 19:23:43 - [INFO] -    Found 0 peaks: []
2025-09-14 19:23:43 - [INFO] - 
  DECISION PROCESS:
2025-09-14 19:23:43 - [INFO] - 
📋 DECISION FACTORS:
2025-09-14 19:23:43 - [INFO] -      Dark corners (0.0 < 50) → BLACK (+40)
2025-09-14 19:23:43 - [INFO] -      Dark edges (100.0%) support BLACK (+30)
2025-09-14 19:23:43 - [INFO] -      Dark image (0.0 < 80) supports BLACK (+10)
2025-09-14 19:23:43 - [INFO] - 
  FINAL DECISION:
2025-09-14 19:23:43 - [INFO] -    Background Type: BLACK
2025-09-14 19:23:43 - [INFO] -    Confidence: 80%
2025-09-14 19:23:43 - [INFO] -    Reasoning: 3 factors analyzed
2025-09-14 19:23:43 - [INFO] - 📊 RESULT: {'background_type': 'black', 'confidence': 80, 'background_pixels': 16384, 'object_pixels': 0, 'background_percentage': 100.0, 'total_pixels': 16384, 'debug_info': {'corner_mean': 0.0, 'edge_mean': 0.0, 'image_mean': 0.0, 'dark_edge_ratio': 1.0, 'bright_edge_ratio': 0.0, 'decision_factors': ['  Dark corners (0.0 < 50) → BLACK (+40)', '  Dark edges (100.0%) support BLACK (+30)', '  Dark image (0.0 < 80) supports BLACK (+10)']}}
2025-09-14 19:23:43 - [INFO] -   === END BACKGROUND ANALYSIS ===

2025-09-14 19:23:43 - [INFO] - 
  === BACKGROUND ANALYSIS DEBUG ===
2025-09-14 19:23:43 - [INFO] - Frame shape: (128, 128)
2025-09-14 19:23:43 - [INFO] - Frame dtype: uint16
2025-09-14 19:23:43 - [INFO] - Frame range: 0 to 0
2025-09-14 19:23:43 - [INFO] - 🔄 Normalized to uint8: 0 to 0
2025-09-14 19:23:43 - [INFO] - 📐 Image dimensions: 128x128 (16,384 pixels)
2025-09-14 19:23:43 - [INFO] - 🏠 Corner analysis with size: 16x16
2025-09-14 19:23:43 - [INFO] - 🏠 Corner means: [0.0, 0.0, 0.0, 0.0]
2025-09-14 19:23:43 - [INFO] - 🏠 Overall corner mean: 0.0
2025-09-14 19:23:43 - [INFO] - 🔲 Edge analysis:
2025-09-14 19:23:43 - [INFO] -    Edge mean: 0.0
2025-09-14 19:23:43 - [INFO] -    Dark edges (<50): 512/512 (100.0%)
2025-09-14 19:23:43 - [INFO] -    Bright edges (>200): 0/512 (0.0%)
2025-09-14 19:23:43 - [INFO] - 📊 Overall statistics:
2025-09-14 19:23:43 - [INFO] -    Image mean: 0.0
2025-09-14 19:23:43 - [INFO] -    Dark pixels (<50): 16,384 (100.0%)
2025-09-14 19:23:43 - [INFO] -    Bright pixels (>200): 0 (0.0%)
2025-09-14 19:23:43 - [INFO] -    Mid-range pixels: 0 (0.0%)
2025-09-14 19:23:43 - [INFO] - 📈 Histogram analysis:
2025-09-14 19:23:43 - [INFO] -    Found 0 peaks: []
2025-09-14 19:23:43 - [INFO] - 
  DECISION PROCESS:
2025-09-14 19:23:43 - [INFO] - 
📋 DECISION FACTORS:
2025-09-14 19:23:43 - [INFO] -      Dark corners (0.0 < 50) → BLACK (+40)
2025-09-14 19:23:43 - [INFO] -      Dark edges (100.0%) support BLACK (+30)
2025-09-14 19:23:43 - [INFO] -      Dark image (0.0 < 80) supports BLACK (+10)
2025-09-14 19:23:43 - [INFO] - 
  FINAL DECISION:
2025-09-14 19:23:43 - [INFO] -    Background Type: BLACK
2025-09-14 19:23:43 - [INFO] -    Confidence: 80%
2025-09-14 19:23:43 - [INFO] -    Reasoning: 3 factors analyzed
2025-09-14 19:23:43 - [INFO] - 📊 RESULT: {'background_type': 'black', 'confidence': 80, 'background_pixels': 16384, 'object_pixels': 0, 'background_percentage': 100.0, 'total_pixels': 16384, 'debug_info': {'corner_mean': 0.0, 'edge_mean': 0.0, 'image_mean': 0.0, 'dark_edge_ratio': 1.0, 'bright_edge_ratio': 0.0, 'decision_factors': ['  Dark corners (0.0 < 50) → BLACK (+40)', '  Dark edges (100.0%) support BLACK (+30)', '  Dark image (0.0 < 80) supports BLACK (+10)']}}
2025-09-14 19:23:43 - [INFO] -   === END BACKGROUND ANALYSIS ===

2025-09-14 19:23:43 - [INFO] - 
  === BACKGROUND ANALYSIS DEBUG ===
2025-09-14 19:23:43 - [INFO] - Frame shape: (128, 128)
2025-09-14 19:23:43 - [INFO] - Frame dtype: uint16
2025-09-14 19:23:43 - [INFO] - Frame range: 0 to 0
2025-09-14 19:23:43 - [INFO] - 🔄 Normalized to uint8: 0 to 0
2025-09-14 19:23:43 - [INFO] - 📐 Image dimensions: 128x128 (16,384 pixels)
2025-09-14 19:23:43 - [INFO] - 🏠 Corner analysis with size: 16x16
2025-09-14 19:23:43 - [INFO] - 🏠 Corner means: [0.0, 0.0, 0.0, 0.0]
2025-09-14 19:23:43 - [INFO] - 🏠 Overall corner mean: 0.0
2025-09-14 19:23:43 - [INFO] - 🔲 Edge analysis:
2025-09-14 19:23:43 - [INFO] -    Edge mean: 0.0
2025-09-14 19:23:43 - [INFO] -    Dark edges (<50): 512/512 (100.0%)
2025-09-14 19:23:43 - [INFO] -    Bright edges (>200): 0/512 (0.0%)
2025-09-14 19:23:43 - [INFO] - 📊 Overall statistics:
2025-09-14 19:23:43 - [INFO] -    Image mean: 0.0
2025-09-14 19:23:43 - [INFO] -    Dark pixels (<50): 16,384 (100.0%)
2025-09-14 19:23:43 - [INFO] -    Bright pixels (>200): 0 (0.0%)
2025-09-14 19:23:43 - [INFO] -    Mid-range pixels: 0 (0.0%)
2025-09-14 19:23:43 - [INFO] - 📈 Histogram analysis:
2025-09-14 19:23:43 - [INFO] -    Found 0 peaks: []
2025-09-14 19:23:43 - [INFO] - 
  DECISION PROCESS:
2025-09-14 19:23:43 - [INFO] - 
📋 DECISION FACTORS:
2025-09-14 19:23:43 - [INFO] -      Dark corners (0.0 < 50) → BLACK (+40)
2025-09-14 19:23:43 - [INFO] -      Dark edges (100.0%) support BLACK (+30)
2025-09-14 19:23:43 - [INFO] -      Dark image (0.0 < 80) supports BLACK (+10)
2025-09-14 19:23:43 - [INFO] - 
  FINAL DECISION:
2025-09-14 19:23:43 - [INFO] -    Background Type: BLACK
2025-09-14 19:23:43 - [INFO] -    Confidence: 80%
2025-09-14 19:23:43 - [INFO] -    Reasoning: 3 factors analyzed
2025-09-14 19:23:43 - [INFO] - 📊 RESULT: {'background_type': 'black', 'confidence': 80, 'background_pixels': 16384, 'object_pixels': 0, 'background_percentage': 100.0, 'total_pixels': 16384, 'debug_info': {'corner_mean': 0.0, 'edge_mean': 0.0, 'image_mean': 0.0, 'dark_edge_ratio': 1.0, 'bright_edge_ratio': 0.0, 'decision_factors': ['  Dark corners (0.0 < 50) → BLACK (+40)', '  Dark edges (100.0%) support BLACK (+30)', '  Dark image (0.0 < 80) supports BLACK (+10)']}}
2025-09-14 19:23:43 - [INFO] -   === END BACKGROUND ANALYSIS ===

2025-09-14 19:23:43 - [INFO] - 
  === BACKGROUND ANALYSIS DEBUG ===
2025-09-14 19:23:43 - [INFO] - Frame shape: (128, 128)
2025-09-14 19:23:43 - [INFO] - Frame dtype: uint16
2025-09-14 19:23:43 - [INFO] - Frame range: 0 to 0
2025-09-14 19:23:43 - [INFO] - 🔄 Normalized to uint8: 0 to 0
2025-09-14 19:23:43 - [INFO] - 📐 Image dimensions: 128x128 (16,384 pixels)
2025-09-14 19:23:43 - [INFO] - 🏠 Corner analysis with size: 16x16
2025-09-14 19:23:43 - [INFO] - 🏠 Corner means: [0.0, 0.0, 0.0, 0.0]
2025-09-14 19:23:43 - [INFO] - 🏠 Overall corner mean: 0.0
2025-09-14 19:23:43 - [INFO] - 🔲 Edge analysis:
2025-09-14 19:23:43 - [INFO] -    Edge mean: 0.0
2025-09-14 19:23:43 - [INFO] -    Dark edges (<50): 512/512 (100.0%)
2025-09-14 19:23:43 - [INFO] -    Bright edges (>200): 0/512 (0.0%)
2025-09-14 19:23:43 - [INFO] - 📊 Overall statistics:
2025-09-14 19:23:43 - [INFO] -    Image mean: 0.0
2025-09-14 19:23:43 - [INFO] -    Dark pixels (<50): 16,384 (100.0%)
2025-09-14 19:23:43 - [INFO] -    Bright pixels (>200): 0 (0.0%)
2025-09-14 19:23:43 - [INFO] -    Mid-range pixels: 0 (0.0%)
2025-09-14 19:23:43 - [INFO] - 📈 Histogram analysis:
2025-09-14 19:23:43 - [INFO] -    Found 0 peaks: []
2025-09-14 19:23:43 - [INFO] - 
  DECISION PROCESS:
2025-09-14 19:23:43 - [INFO] - 
📋 DECISION FACTORS:
2025-09-14 19:23:43 - [INFO] -      Dark corners (0.0 < 50) → BLACK (+40)
2025-09-14 19:23:43 - [INFO] -      Dark edges (100.0%) support BLACK (+30)
2025-09-14 19:23:43 - [INFO] -      Dark image (0.0 < 80) supports BLACK (+10)
2025-09-14 19:23:43 - [INFO] - 
  FINAL DECISION:
2025-09-14 19:23:43 - [INFO] -    Background Type: BLACK
2025-09-14 19:23:43 - [INFO] -    Confidence: 80%
2025-09-14 19:23:43 - [INFO] -    Reasoning: 3 factors analyzed
2025-09-14 19:23:43 - [INFO] - 📊 RESULT: {'background_type': 'black', 'confidence': 80, 'background_pixels': 16384, 'object_pixels': 0, 'background_percentage': 100.0, 'total_pixels': 16384, 'debug_info': {'corner_mean': 0.0, 'edge_mean': 0.0, 'image_mean': 0.0, 'dark_edge_ratio': 1.0, 'bright_edge_ratio': 0.0, 'decision_factors': ['  Dark corners (0.0 < 50) → BLACK (+40)', '  Dark edges (100.0%) support BLACK (+30)', '  Dark image (0.0 < 80) supports BLACK (+10)']}}
2025-09-14 19:23:43 - [INFO] -   === END BACKGROUND ANALYSIS ===

2025-09-14 19:23:43 - [INFO] - 
  === BACKGROUND ANALYSIS DEBUG ===
2025-09-14 19:23:43 - [INFO] - Frame shape: (128, 128)
2025-09-14 19:23:43 - [INFO] - Frame dtype: uint16
2025-09-14 19:23:43 - [INFO] - Frame range: 0 to 0
2025-09-14 19:23:43 - [INFO] - 🔄 Normalized to uint8: 0 to 0
2025-09-14 19:23:43 - [INFO] - 📐 Image dimensions: 128x128 (16,384 pixels)
2025-09-14 19:23:43 - [INFO] - 🏠 Corner analysis with size: 16x16
2025-09-14 19:23:43 - [INFO] - 🏠 Corner means: [0.0, 0.0, 0.0, 0.0]
2025-09-14 19:23:43 - [INFO] - 🏠 Overall corner mean: 0.0
2025-09-14 19:23:43 - [INFO] - 🔲 Edge analysis:
2025-09-14 19:23:43 - [INFO] -    Edge mean: 0.0
2025-09-14 19:23:43 - [INFO] -    Dark edges (<50): 512/512 (100.0%)
2025-09-14 19:23:43 - [INFO] -    Bright edges (>200): 0/512 (0.0%)
2025-09-14 19:23:43 - [INFO] - 📊 Overall statistics:
2025-09-14 19:23:43 - [INFO] -    Image mean: 0.0
2025-09-14 19:23:43 - [INFO] -    Dark pixels (<50): 16,384 (100.0%)
2025-09-14 19:23:43 - [INFO] -    Bright pixels (>200): 0 (0.0%)
2025-09-14 19:23:43 - [INFO] -    Mid-range pixels: 0 (0.0%)
2025-09-14 19:23:43 - [INFO] - 📈 Histogram analysis:
2025-09-14 19:23:43 - [INFO] -    Found 0 peaks: []
2025-09-14 19:23:43 - [INFO] - 
  DECISION PROCESS:
2025-09-14 19:23:43 - [INFO] - 
📋 DECISION FACTORS:
2025-09-14 19:23:43 - [INFO] -      Dark corners (0.0 < 50) → BLACK (+40)
2025-09-14 19:23:43 - [INFO] -      Dark edges (100.0%) support BLACK (+30)
2025-09-14 19:23:43 - [INFO] -      Dark image (0.0 < 80) supports BLACK (+10)
2025-09-14 19:23:43 - [INFO] - 
  FINAL DECISION:
2025-09-14 19:23:43 - [INFO] -    Background Type: BLACK
2025-09-14 19:23:43 - [INFO] -    Confidence: 80%
2025-09-14 19:23:43 - [INFO] -    Reasoning: 3 factors analyzed
2025-09-14 19:23:43 - [INFO] - 📊 RESULT: {'background_type': 'black', 'confidence': 80, 'background_pixels': 16384, 'object_pixels': 0, 'background_percentage': 100.0, 'total_pixels': 16384, 'debug_info': {'corner_mean': 0.0, 'edge_mean': 0.0, 'image_mean': 0.0, 'dark_edge_ratio': 1.0, 'bright_edge_ratio': 0.0, 'decision_factors': ['  Dark corners (0.0 < 50) → BLACK (+40)', '  Dark edges (100.0%) support BLACK (+30)', '  Dark image (0.0 < 80) supports BLACK (+10)']}}
2025-09-14 19:23:43 - [INFO] -   === END BACKGROUND ANALYSIS ===

2025-09-14 19:23:43 - [INFO] - 
  === BACKGROUND ANALYSIS DEBUG ===
2025-09-14 19:23:43 - [INFO] - Frame shape: (128, 128)
2025-09-14 19:23:43 - [INFO] - Frame dtype: uint16
2025-09-14 19:23:43 - [INFO] - Frame range: 0 to 0
2025-09-14 19:23:43 - [INFO] - 🔄 Normalized to uint8: 0 to 0
2025-09-14 19:23:43 - [INFO] - 📐 Image dimensions: 128x128 (16,384 pixels)
2025-09-14 19:23:43 - [INFO] - 🏠 Corner analysis with size: 16x16
2025-09-14 19:23:43 - [INFO] - 🏠 Corner means: [0.0, 0.0, 0.0, 0.0]
2025-09-14 19:23:43 - [INFO] - 🏠 Overall corner mean: 0.0
2025-09-14 19:23:43 - [INFO] - 🔲 Edge analysis:
2025-09-14 19:23:43 - [INFO] -    Edge mean: 0.0
2025-09-14 19:23:43 - [INFO] -    Dark edges (<50): 512/512 (100.0%)
2025-09-14 19:23:43 - [INFO] -    Bright edges (>200): 0/512 (0.0%)
2025-09-14 19:23:43 - [INFO] - 📊 Overall statistics:
2025-09-14 19:23:43 - [INFO] -    Image mean: 0.0
2025-09-14 19:23:43 - [INFO] -    Dark pixels (<50): 16,384 (100.0%)
2025-09-14 19:23:43 - [INFO] -    Bright pixels (>200): 0 (0.0%)
2025-09-14 19:23:43 - [INFO] -    Mid-range pixels: 0 (0.0%)
2025-09-14 19:23:43 - [INFO] - 📈 Histogram analysis:
2025-09-14 19:23:43 - [INFO] -    Found 0 peaks: []
2025-09-14 19:23:43 - [INFO] - 
  DECISION PROCESS:
2025-09-14 19:23:43 - [INFO] - 
📋 DECISION FACTORS:
2025-09-14 19:23:43 - [INFO] -      Dark corners (0.0 < 50) → BLACK (+40)
2025-09-14 19:23:43 - [INFO] -      Dark edges (100.0%) support BLACK (+30)
2025-09-14 19:23:43 - [INFO] -      Dark image (0.0 < 80) supports BLACK (+10)
2025-09-14 19:23:43 - [INFO] - 
  FINAL DECISION:
2025-09-14 19:23:43 - [INFO] -    Background Type: BLACK
2025-09-14 19:23:43 - [INFO] -    Confidence: 80%
2025-09-14 19:23:43 - [INFO] -    Reasoning: 3 factors analyzed
2025-09-14 19:23:43 - [INFO] - 📊 RESULT: {'background_type': 'black', 'confidence': 80, 'background_pixels': 16384, 'object_pixels': 0, 'background_percentage': 100.0, 'total_pixels': 16384, 'debug_info': {'corner_mean': 0.0, 'edge_mean': 0.0, 'image_mean': 0.0, 'dark_edge_ratio': 1.0, 'bright_edge_ratio': 0.0, 'decision_factors': ['  Dark corners (0.0 < 50) → BLACK (+40)', '  Dark edges (100.0%) support BLACK (+30)', '  Dark image (0.0 < 80) supports BLACK (+10)']}}
2025-09-14 19:23:43 - [INFO] -   === END BACKGROUND ANALYSIS ===

2025-09-14 19:23:43 - [INFO] - 
  === BACKGROUND ANALYSIS DEBUG ===
2025-09-14 19:23:43 - [INFO] - Frame shape: (128, 128)
2025-09-14 19:23:43 - [INFO] - Frame dtype: uint16
2025-09-14 19:23:43 - [INFO] - Frame range: 0 to 0
2025-09-14 19:23:43 - [INFO] - 🔄 Normalized to uint8: 0 to 0
2025-09-14 19:23:43 - [INFO] - 📐 Image dimensions: 128x128 (16,384 pixels)
2025-09-14 19:23:43 - [INFO] - 🏠 Corner analysis with size: 16x16
2025-09-14 19:23:43 - [INFO] - 🏠 Corner means: [0.0, 0.0, 0.0, 0.0]
2025-09-14 19:23:43 - [INFO] - 🏠 Overall corner mean: 0.0
2025-09-14 19:23:43 - [INFO] - 🔲 Edge analysis:
2025-09-14 19:23:43 - [INFO] -    Edge mean: 0.0
2025-09-14 19:23:43 - [INFO] -    Dark edges (<50): 512/512 (100.0%)
2025-09-14 19:23:43 - [INFO] -    Bright edges (>200): 0/512 (0.0%)
2025-09-14 19:23:43 - [INFO] - 📊 Overall statistics:
2025-09-14 19:23:43 - [INFO] -    Image mean: 0.0
2025-09-14 19:23:43 - [INFO] -    Dark pixels (<50): 16,384 (100.0%)
2025-09-14 19:23:43 - [INFO] -    Bright pixels (>200): 0 (0.0%)
2025-09-14 19:23:43 - [INFO] -    Mid-range pixels: 0 (0.0%)
2025-09-14 19:23:43 - [INFO] - 📈 Histogram analysis:
2025-09-14 19:23:43 - [INFO] -    Found 0 peaks: []
2025-09-14 19:23:43 - [INFO] - 
  DECISION PROCESS:
2025-09-14 19:23:43 - [INFO] - 
📋 DECISION FACTORS:
2025-09-14 19:23:43 - [INFO] -      Dark corners (0.0 < 50) → BLACK (+40)
2025-09-14 19:23:43 - [INFO] -      Dark edges (100.0%) support BLACK (+30)
2025-09-14 19:23:43 - [INFO] -      Dark image (0.0 < 80) supports BLACK (+10)
2025-09-14 19:23:43 - [INFO] - 
  FINAL DECISION:
2025-09-14 19:23:43 - [INFO] -    Background Type: BLACK
2025-09-14 19:23:43 - [INFO] -    Confidence: 80%
2025-09-14 19:23:43 - [INFO] -    Reasoning: 3 factors analyzed
2025-09-14 19:23:43 - [INFO] - 📊 RESULT: {'background_type': 'black', 'confidence': 80, 'background_pixels': 16384, 'object_pixels': 0, 'background_percentage': 100.0, 'total_pixels': 16384, 'debug_info': {'corner_mean': 0.0, 'edge_mean': 0.0, 'image_mean': 0.0, 'dark_edge_ratio': 1.0, 'bright_edge_ratio': 0.0, 'decision_factors': ['  Dark corners (0.0 < 50) → BLACK (+40)', '  Dark edges (100.0%) support BLACK (+30)', '  Dark image (0.0 < 80) supports BLACK (+10)']}}
2025-09-14 19:23:43 - [INFO] -   === END BACKGROUND ANALYSIS ===

2025-09-14 19:23:43 - [INFO] - 
  === BACKGROUND ANALYSIS DEBUG ===
2025-09-14 19:23:43 - [INFO] - Frame shape: (128, 128)
2025-09-14 19:23:43 - [INFO] - Frame dtype: uint16
2025-09-14 19:23:43 - [INFO] - Frame range: 0 to 0
2025-09-14 19:23:43 - [INFO] - 🔄 Normalized to uint8: 0 to 0
2025-09-14 19:23:43 - [INFO] - 📐 Image dimensions: 128x128 (16,384 pixels)
2025-09-14 19:23:43 - [INFO] - 🏠 Corner analysis with size: 16x16
2025-09-14 19:23:43 - [INFO] - 🏠 Corner means: [0.0, 0.0, 0.0, 0.0]
2025-09-14 19:23:43 - [INFO] - 🏠 Overall corner mean: 0.0
2025-09-14 19:23:43 - [INFO] - 🔲 Edge analysis:
2025-09-14 19:23:43 - [INFO] -    Edge mean: 0.0
2025-09-14 19:23:43 - [INFO] -    Dark edges (<50): 512/512 (100.0%)
2025-09-14 19:23:43 - [INFO] -    Bright edges (>200): 0/512 (0.0%)
2025-09-14 19:23:43 - [INFO] - 📊 Overall statistics:
2025-09-14 19:23:43 - [INFO] -    Image mean: 0.0
2025-09-14 19:23:43 - [INFO] -    Dark pixels (<50): 16,384 (100.0%)
2025-09-14 19:23:43 - [INFO] -    Bright pixels (>200): 0 (0.0%)
2025-09-14 19:23:43 - [INFO] -    Mid-range pixels: 0 (0.0%)
2025-09-14 19:23:43 - [INFO] - 📈 Histogram analysis:
2025-09-14 19:23:43 - [INFO] -    Found 0 peaks: []
2025-09-14 19:23:43 - [INFO] - 
  DECISION PROCESS:
2025-09-14 19:23:43 - [INFO] - 
📋 DECISION FACTORS:
2025-09-14 19:23:43 - [INFO] -      Dark corners (0.0 < 50) → BLACK (+40)
2025-09-14 19:23:43 - [INFO] -      Dark edges (100.0%) support BLACK (+30)
2025-09-14 19:23:43 - [INFO] -      Dark image (0.0 < 80) supports BLACK (+10)
2025-09-14 19:23:43 - [INFO] - 
  FINAL DECISION:
2025-09-14 19:23:43 - [INFO] -    Background Type: BLACK
2025-09-14 19:23:43 - [INFO] -    Confidence: 80%
2025-09-14 19:23:43 - [INFO] -    Reasoning: 3 factors analyzed
2025-09-14 19:23:43 - [INFO] - 📊 RESULT: {'background_type': 'black', 'confidence': 80, 'background_pixels': 16384, 'object_pixels': 0, 'background_percentage': 100.0, 'total_pixels': 16384, 'debug_info': {'corner_mean': 0.0, 'edge_mean': 0.0, 'image_mean': 0.0, 'dark_edge_ratio': 1.0, 'bright_edge_ratio': 0.0, 'decision_factors': ['  Dark corners (0.0 < 50) → BLACK (+40)', '  Dark edges (100.0%) support BLACK (+30)', '  Dark image (0.0 < 80) supports BLACK (+10)']}}
2025-09-14 19:23:43 - [INFO] -   === END BACKGROUND ANALYSIS ===

2025-09-14 19:23:43 - [INFO] - 
  === BACKGROUND ANALYSIS DEBUG ===
2025-09-14 19:23:43 - [INFO] - Frame shape: (128, 128)
2025-09-14 19:23:43 - [INFO] - Frame dtype: uint16
2025-09-14 19:23:43 - [INFO] - Frame range: 0 to 0
2025-09-14 19:23:43 - [INFO] - 🔄 Normalized to uint8: 0 to 0
2025-09-14 19:23:43 - [INFO] - 📐 Image dimensions: 128x128 (16,384 pixels)
2025-09-14 19:23:43 - [INFO] - 🏠 Corner analysis with size: 16x16
2025-09-14 19:23:43 - [INFO] - 🏠 Corner means: [0.0, 0.0, 0.0, 0.0]
2025-09-14 19:23:43 - [INFO] - 🏠 Overall corner mean: 0.0
2025-09-14 19:23:43 - [INFO] - 🔲 Edge analysis:
2025-09-14 19:23:43 - [INFO] -    Edge mean: 0.0
2025-09-14 19:23:43 - [INFO] -    Dark edges (<50): 512/512 (100.0%)
2025-09-14 19:23:43 - [INFO] -    Bright edges (>200): 0/512 (0.0%)
2025-09-14 19:23:43 - [INFO] - 📊 Overall statistics:
2025-09-14 19:23:43 - [INFO] -    Image mean: 0.0
2025-09-14 19:23:43 - [INFO] -    Dark pixels (<50): 16,384 (100.0%)
2025-09-14 19:23:43 - [INFO] -    Bright pixels (>200): 0 (0.0%)
2025-09-14 19:23:43 - [INFO] -    Mid-range pixels: 0 (0.0%)
2025-09-14 19:23:43 - [INFO] - 📈 Histogram analysis:
2025-09-14 19:23:43 - [INFO] -    Found 0 peaks: []
2025-09-14 19:23:43 - [INFO] - 
  DECISION PROCESS:
2025-09-14 19:23:43 - [INFO] - 
📋 DECISION FACTORS:
2025-09-14 19:23:43 - [INFO] -      Dark corners (0.0 < 50) → BLACK (+40)
2025-09-14 19:23:43 - [INFO] -      Dark edges (100.0%) support BLACK (+30)
2025-09-14 19:23:43 - [INFO] -      Dark image (0.0 < 80) supports BLACK (+10)
2025-09-14 19:23:43 - [INFO] - 
  FINAL DECISION:
2025-09-14 19:23:43 - [INFO] -    Background Type: BLACK
2025-09-14 19:23:43 - [INFO] -    Confidence: 80%
2025-09-14 19:23:43 - [INFO] -    Reasoning: 3 factors analyzed
2025-09-14 19:23:43 - [INFO] - 📊 RESULT: {'background_type': 'black', 'confidence': 80, 'background_pixels': 16384, 'object_pixels': 0, 'background_percentage': 100.0, 'total_pixels': 16384, 'debug_info': {'corner_mean': 0.0, 'edge_mean': 0.0, 'image_mean': 0.0, 'dark_edge_ratio': 1.0, 'bright_edge_ratio': 0.0, 'decision_factors': ['  Dark corners (0.0 < 50) → BLACK (+40)', '  Dark edges (100.0%) support BLACK (+30)', '  Dark image (0.0 < 80) supports BLACK (+10)']}}
2025-09-14 19:23:43 - [INFO] -   === END BACKGROUND ANALYSIS ===

2025-09-14 19:23:43 - [INFO] - 
  === BACKGROUND ANALYSIS DEBUG ===
2025-09-14 19:23:43 - [INFO] - Frame shape: (128, 128)
2025-09-14 19:23:43 - [INFO] - Frame dtype: uint16
2025-09-14 19:23:43 - [INFO] - Frame range: 0 to 0
2025-09-14 19:23:43 - [INFO] - 🔄 Normalized to uint8: 0 to 0
2025-09-14 19:23:43 - [INFO] - 📐 Image dimensions: 128x128 (16,384 pixels)
2025-09-14 19:23:43 - [INFO] - 🏠 Corner analysis with size: 16x16
2025-09-14 19:23:43 - [INFO] - 🏠 Corner means: [0.0, 0.0, 0.0, 0.0]
2025-09-14 19:23:43 - [INFO] - 🏠 Overall corner mean: 0.0
2025-09-14 19:23:43 - [INFO] - 🔲 Edge analysis:
2025-09-14 19:23:43 - [INFO] -    Edge mean: 0.0
2025-09-14 19:23:43 - [INFO] -    Dark edges (<50): 512/512 (100.0%)
2025-09-14 19:23:43 - [INFO] -    Bright edges (>200): 0/512 (0.0%)
2025-09-14 19:23:43 - [INFO] - 📊 Overall statistics:
2025-09-14 19:23:43 - [INFO] -    Image mean: 0.0
2025-09-14 19:23:43 - [INFO] -    Dark pixels (<50): 16,384 (100.0%)
2025-09-14 19:23:43 - [INFO] -    Bright pixels (>200): 0 (0.0%)
2025-09-14 19:23:43 - [INFO] -    Mid-range pixels: 0 (0.0%)
2025-09-14 19:23:43 - [INFO] - 📈 Histogram analysis:
2025-09-14 19:23:43 - [INFO] -    Found 0 peaks: []
2025-09-14 19:23:43 - [INFO] - 
  DECISION PROCESS:
2025-09-14 19:23:43 - [INFO] - 
📋 DECISION FACTORS:
2025-09-14 19:23:43 - [INFO] -      Dark corners (0.0 < 50) → BLACK (+40)
2025-09-14 19:23:43 - [INFO] -      Dark edges (100.0%) support BLACK (+30)
2025-09-14 19:23:43 - [INFO] -      Dark image (0.0 < 80) supports BLACK (+10)
2025-09-14 19:23:43 - [INFO] - 
  FINAL DECISION:
2025-09-14 19:23:43 - [INFO] -    Background Type: BLACK
2025-09-14 19:23:43 - [INFO] -    Confidence: 80%
2025-09-14 19:23:43 - [INFO] -    Reasoning: 3 factors analyzed
2025-09-14 19:23:43 - [INFO] - 📊 RESULT: {'background_type': 'black', 'confidence': 80, 'background_pixels': 16384, 'object_pixels': 0, 'background_percentage': 100.0, 'total_pixels': 16384, 'debug_info': {'corner_mean': 0.0, 'edge_mean': 0.0, 'image_mean': 0.0, 'dark_edge_ratio': 1.0, 'bright_edge_ratio': 0.0, 'decision_factors': ['  Dark corners (0.0 < 50) → BLACK (+40)', '  Dark edges (100.0%) support BLACK (+30)', '  Dark image (0.0 < 80) supports BLACK (+10)']}}
2025-09-14 19:23:43 - [INFO] -   === END BACKGROUND ANALYSIS ===

2025-09-14 19:23:43 - [INFO] - 
  === BACKGROUND ANALYSIS DEBUG ===
2025-09-14 19:23:43 - [INFO] - Frame shape: (128, 128)
2025-09-14 19:23:43 - [INFO] - Frame dtype: uint16
2025-09-14 19:23:43 - [INFO] - Frame range: 0 to 0
2025-09-14 19:23:43 - [INFO] - 🔄 Normalized to uint8: 0 to 0
2025-09-14 19:23:43 - [INFO] - 📐 Image dimensions: 128x128 (16,384 pixels)
2025-09-14 19:23:43 - [INFO] - 🏠 Corner analysis with size: 16x16
2025-09-14 19:23:43 - [INFO] - 🏠 Corner means: [0.0, 0.0, 0.0, 0.0]
2025-09-14 19:23:43 - [INFO] - 🏠 Overall corner mean: 0.0
2025-09-14 19:23:43 - [INFO] - 🔲 Edge analysis:
2025-09-14 19:23:43 - [INFO] -    Edge mean: 0.0
2025-09-14 19:23:43 - [INFO] -    Dark edges (<50): 512/512 (100.0%)
2025-09-14 19:23:43 - [INFO] -    Bright edges (>200): 0/512 (0.0%)
2025-09-14 19:23:43 - [INFO] - 📊 Overall statistics:
2025-09-14 19:23:43 - [INFO] -    Image mean: 0.0
2025-09-14 19:23:43 - [INFO] -    Dark pixels (<50): 16,384 (100.0%)
2025-09-14 19:23:43 - [INFO] -    Bright pixels (>200): 0 (0.0%)
2025-09-14 19:23:43 - [INFO] -    Mid-range pixels: 0 (0.0%)
2025-09-14 19:23:43 - [INFO] - 📈 Histogram analysis:
2025-09-14 19:23:43 - [INFO] -    Found 0 peaks: []
2025-09-14 19:23:43 - [INFO] - 
  DECISION PROCESS:
2025-09-14 19:23:43 - [INFO] - 
📋 DECISION FACTORS:
2025-09-14 19:23:43 - [INFO] -      Dark corners (0.0 < 50) → BLACK (+40)
2025-09-14 19:23:43 - [INFO] -      Dark edges (100.0%) support BLACK (+30)
2025-09-14 19:23:43 - [INFO] -      Dark image (0.0 < 80) supports BLACK (+10)
2025-09-14 19:23:43 - [INFO] - 
  FINAL DECISION:
2025-09-14 19:23:43 - [INFO] -    Background Type: BLACK
2025-09-14 19:23:43 - [INFO] -    Confidence: 80%
2025-09-14 19:23:43 - [INFO] -    Reasoning: 3 factors analyzed
2025-09-14 19:23:43 - [INFO] - 📊 RESULT: {'background_type': 'black', 'confidence': 80, 'background_pixels': 16384, 'object_pixels': 0, 'background_percentage': 100.0, 'total_pixels': 16384, 'debug_info': {'corner_mean': 0.0, 'edge_mean': 0.0, 'image_mean': 0.0, 'dark_edge_ratio': 1.0, 'bright_edge_ratio': 0.0, 'decision_factors': ['  Dark corners (0.0 < 50) → BLACK (+40)', '  Dark edges (100.0%) support BLACK (+30)', '  Dark image (0.0 < 80) supports BLACK (+10)']}}
2025-09-14 19:23:43 - [INFO] -   === END BACKGROUND ANALYSIS ===

2025-09-14 19:23:43 - [INFO] - 
  === BACKGROUND ANALYSIS DEBUG ===
2025-09-14 19:23:43 - [INFO] - Frame shape: (128, 128)
2025-09-14 19:23:43 - [INFO] - Frame dtype: uint16
2025-09-14 19:23:43 - [INFO] - Frame range: 0 to 0
2025-09-14 19:23:43 - [INFO] - 🔄 Normalized to uint8: 0 to 0
2025-09-14 19:23:43 - [INFO] - 📐 Image dimensions: 128x128 (16,384 pixels)
2025-09-14 19:23:43 - [INFO] - 🏠 Corner analysis with size: 16x16
2025-09-14 19:23:43 - [INFO] - 🏠 Corner means: [0.0, 0.0, 0.0, 0.0]
2025-09-14 19:23:43 - [INFO] - 🏠 Overall corner mean: 0.0
2025-09-14 19:23:43 - [INFO] - 🔲 Edge analysis:
2025-09-14 19:23:43 - [INFO] -    Edge mean: 0.0
2025-09-14 19:23:43 - [INFO] -    Dark edges (<50): 512/512 (100.0%)
2025-09-14 19:23:43 - [INFO] -    Bright edges (>200): 0/512 (0.0%)
2025-09-14 19:23:43 - [INFO] - 📊 Overall statistics:
2025-09-14 19:23:43 - [INFO] -    Image mean: 0.0
2025-09-14 19:23:43 - [INFO] -    Dark pixels (<50): 16,384 (100.0%)
2025-09-14 19:23:43 - [INFO] -    Bright pixels (>200): 0 (0.0%)
2025-09-14 19:23:43 - [INFO] -    Mid-range pixels: 0 (0.0%)
2025-09-14 19:23:43 - [INFO] - 📈 Histogram analysis:
2025-09-14 19:23:43 - [INFO] -    Found 0 peaks: []
2025-09-14 19:23:43 - [INFO] - 
  DECISION PROCESS:
2025-09-14 19:23:43 - [INFO] - 
📋 DECISION FACTORS:
2025-09-14 19:23:43 - [INFO] -      Dark corners (0.0 < 50) → BLACK (+40)
2025-09-14 19:23:43 - [INFO] -      Dark edges (100.0%) support BLACK (+30)
2025-09-14 19:23:43 - [INFO] -      Dark image (0.0 < 80) supports BLACK (+10)
2025-09-14 19:23:43 - [INFO] - 
  FINAL DECISION:
2025-09-14 19:23:43 - [INFO] -    Background Type: BLACK
2025-09-14 19:23:43 - [INFO] -    Confidence: 80%
2025-09-14 19:23:43 - [INFO] -    Reasoning: 3 factors analyzed
2025-09-14 19:23:43 - [INFO] - 📊 RESULT: {'background_type': 'black', 'confidence': 80, 'background_pixels': 16384, 'object_pixels': 0, 'background_percentage': 100.0, 'total_pixels': 16384, 'debug_info': {'corner_mean': 0.0, 'edge_mean': 0.0, 'image_mean': 0.0, 'dark_edge_ratio': 1.0, 'bright_edge_ratio': 0.0, 'decision_factors': ['  Dark corners (0.0 < 50) → BLACK (+40)', '  Dark edges (100.0%) support BLACK (+30)', '  Dark image (0.0 < 80) supports BLACK (+10)']}}
2025-09-14 19:23:43 - [INFO] -   === END BACKGROUND ANALYSIS ===

2025-09-14 19:23:43 - [INFO] - 
  === BACKGROUND ANALYSIS DEBUG ===
2025-09-14 19:23:43 - [INFO] - Frame shape: (128, 128)
2025-09-14 19:23:43 - [INFO] - Frame dtype: uint16
2025-09-14 19:23:43 - [INFO] - Frame range: 0 to 0
2025-09-14 19:23:43 - [INFO] - 🔄 Normalized to uint8: 0 to 0
2025-09-14 19:23:43 - [INFO] - 📐 Image dimensions: 128x128 (16,384 pixels)
2025-09-14 19:23:43 - [INFO] - 🏠 Corner analysis with size: 16x16
2025-09-14 19:23:43 - [INFO] - 🏠 Corner means: [0.0, 0.0, 0.0, 0.0]
2025-09-14 19:23:43 - [INFO] - 🏠 Overall corner mean: 0.0
2025-09-14 19:23:43 - [INFO] - 🔲 Edge analysis:
2025-09-14 19:23:43 - [INFO] -    Edge mean: 0.0
2025-09-14 19:23:43 - [INFO] -    Dark edges (<50): 512/512 (100.0%)
2025-09-14 19:23:43 - [INFO] -    Bright edges (>200): 0/512 (0.0%)
2025-09-14 19:23:43 - [INFO] - 📊 Overall statistics:
2025-09-14 19:23:43 - [INFO] -    Image mean: 0.0
2025-09-14 19:23:43 - [INFO] -    Dark pixels (<50): 16,384 (100.0%)
2025-09-14 19:23:43 - [INFO] -    Bright pixels (>200): 0 (0.0%)
2025-09-14 19:23:43 - [INFO] -    Mid-range pixels: 0 (0.0%)
2025-09-14 19:23:43 - [INFO] - 📈 Histogram analysis:
2025-09-14 19:23:43 - [INFO] -    Found 0 peaks: []
2025-09-14 19:23:43 - [INFO] - 
  DECISION PROCESS:
2025-09-14 19:23:43 - [INFO] - 
📋 DECISION FACTORS:
2025-09-14 19:23:43 - [INFO] -      Dark corners (0.0 < 50) → BLACK (+40)
2025-09-14 19:23:43 - [INFO] -      Dark edges (100.0%) support BLACK (+30)
2025-09-14 19:23:43 - [INFO] -      Dark image (0.0 < 80) supports BLACK (+10)
2025-09-14 19:23:43 - [INFO] - 
  FINAL DECISION:
2025-09-14 19:23:43 - [INFO] -    Background Type: BLACK
2025-09-14 19:23:43 - [INFO] -    Confidence: 80%
2025-09-14 19:23:43 - [INFO] -    Reasoning: 3 factors analyzed
2025-09-14 19:23:43 - [INFO] - 📊 RESULT: {'background_type': 'black', 'confidence': 80, 'background_pixels': 16384, 'object_pixels': 0, 'background_percentage': 100.0, 'total_pixels': 16384, 'debug_info': {'corner_mean': 0.0, 'edge_mean': 0.0, 'image_mean': 0.0, 'dark_edge_ratio': 1.0, 'bright_edge_ratio': 0.0, 'decision_factors': ['  Dark corners (0.0 < 50) → BLACK (+40)', '  Dark edges (100.0%) support BLACK (+30)', '  Dark image (0.0 < 80) supports BLACK (+10)']}}
2025-09-14 19:23:43 - [INFO] -   === END BACKGROUND ANALYSIS ===

2025-09-14 19:23:43 - [INFO] - 
  === BACKGROUND ANALYSIS DEBUG ===
2025-09-14 19:23:43 - [INFO] - Frame shape: (128, 128)
2025-09-14 19:23:43 - [INFO] - Frame dtype: uint16
2025-09-14 19:23:43 - [INFO] - Frame range: 0 to 0
2025-09-14 19:23:43 - [INFO] - 🔄 Normalized to uint8: 0 to 0
2025-09-14 19:23:43 - [INFO] - 📐 Image dimensions: 128x128 (16,384 pixels)
2025-09-14 19:23:43 - [INFO] - 🏠 Corner analysis with size: 16x16
2025-09-14 19:23:43 - [INFO] - 🏠 Corner means: [0.0, 0.0, 0.0, 0.0]
2025-09-14 19:23:43 - [INFO] - 🏠 Overall corner mean: 0.0
2025-09-14 19:23:43 - [INFO] - 🔲 Edge analysis:
2025-09-14 19:23:43 - [INFO] -    Edge mean: 0.0
2025-09-14 19:23:43 - [INFO] -    Dark edges (<50): 512/512 (100.0%)
2025-09-14 19:23:43 - [INFO] -    Bright edges (>200): 0/512 (0.0%)
2025-09-14 19:23:43 - [INFO] - 📊 Overall statistics:
2025-09-14 19:23:43 - [INFO] -    Image mean: 0.0
2025-09-14 19:23:43 - [INFO] -    Dark pixels (<50): 16,384 (100.0%)
2025-09-14 19:23:43 - [INFO] -    Bright pixels (>200): 0 (0.0%)
2025-09-14 19:23:43 - [INFO] -    Mid-range pixels: 0 (0.0%)
2025-09-14 19:23:43 - [INFO] - 📈 Histogram analysis:
2025-09-14 19:23:43 - [INFO] -    Found 0 peaks: []
2025-09-14 19:23:43 - [INFO] - 
  DECISION PROCESS:
2025-09-14 19:23:43 - [INFO] - 
📋 DECISION FACTORS:
2025-09-14 19:23:43 - [INFO] -      Dark corners (0.0 < 50) → BLACK (+40)
2025-09-14 19:23:43 - [INFO] -      Dark edges (100.0%) support BLACK (+30)
2025-09-14 19:23:43 - [INFO] -      Dark image (0.0 < 80) supports BLACK (+10)
2025-09-14 19:23:43 - [INFO] - 
  FINAL DECISION:
2025-09-14 19:23:43 - [INFO] -    Background Type: BLACK
2025-09-14 19:23:43 - [INFO] -    Confidence: 80%
2025-09-14 19:23:43 - [INFO] -    Reasoning: 3 factors analyzed
2025-09-14 19:23:43 - [INFO] - 📊 RESULT: {'background_type': 'black', 'confidence': 80, 'background_pixels': 16384, 'object_pixels': 0, 'background_percentage': 100.0, 'total_pixels': 16384, 'debug_info': {'corner_mean': 0.0, 'edge_mean': 0.0, 'image_mean': 0.0, 'dark_edge_ratio': 1.0, 'bright_edge_ratio': 0.0, 'decision_factors': ['  Dark corners (0.0 < 50) → BLACK (+40)', '  Dark edges (100.0%) support BLACK (+30)', '  Dark image (0.0 < 80) supports BLACK (+10)']}}
2025-09-14 19:23:43 - [INFO] -   === END BACKGROUND ANALYSIS ===

2025-09-14 19:23:43 - [INFO] - 
  === BACKGROUND ANALYSIS DEBUG ===
2025-09-14 19:23:43 - [INFO] - Frame shape: (128, 128)
2025-09-14 19:23:43 - [INFO] - Frame dtype: uint16
2025-09-14 19:23:43 - [INFO] - Frame range: 0 to 248
2025-09-14 19:23:43 - [INFO] - 🔄 Normalized to uint8: 0 to 255
2025-09-14 19:23:43 - [INFO] - 📐 Image dimensions: 128x128 (16,384 pixels)
2025-09-14 19:23:43 - [INFO] - 🏠 Corner analysis with size: 16x16
2025-09-14 19:23:43 - [INFO] - 🏠 Corner means: [0.0, 0.0, 0.0, 0.0]
2025-09-14 19:23:43 - [INFO] - 🏠 Overall corner mean: 0.0
2025-09-14 19:23:43 - [INFO] - 🔲 Edge analysis:
2025-09-14 19:23:43 - [INFO] -    Edge mean: 0.0
2025-09-14 19:23:43 - [INFO] -    Dark edges (<50): 512/512 (100.0%)
2025-09-14 19:23:43 - [INFO] -    Bright edges (>200): 0/512 (0.0%)
2025-09-14 19:23:43 - [INFO] - 📊 Overall statistics:
2025-09-14 19:23:43 - [INFO] -    Image mean: 14.7
2025-09-14 19:23:43 - [INFO] -    Dark pixels (<50): 14,933 (91.1%)
2025-09-14 19:23:43 - [INFO] -    Bright pixels (>200): 81 (0.5%)
2025-09-14 19:23:43 - [INFO] -    Mid-range pixels: 1,370 (8.4%)
2025-09-14 19:23:43 - [INFO] - 📈 Histogram analysis:
2025-09-14 19:23:43 - [INFO] -    Found 0 peaks: []
2025-09-14 19:23:43 - [INFO] - 
  DECISION PROCESS:
2025-09-14 19:23:43 - [INFO] - 
📋 DECISION FACTORS:
2025-09-14 19:23:43 - [INFO] -      Dark corners (0.0 < 50) → BLACK (+40)
2025-09-14 19:23:43 - [INFO] -      Dark edges (100.0%) support BLACK (+30)
2025-09-14 19:23:43 - [INFO] -      Dark image (14.7 < 80) supports BLACK (+10)
2025-09-14 19:23:43 - [INFO] - 
  FINAL DECISION:
2025-09-14 19:23:43 - [INFO] -    Background Type: BLACK
2025-09-14 19:23:43 - [INFO] -    Confidence: 80%
2025-09-14 19:23:43 - [INFO] -    Reasoning: 3 factors analyzed
2025-09-14 19:23:43 - [INFO] - 📊 RESULT: {'background_type': 'black', 'confidence': 80, 'background_pixels': 14933, 'object_pixels': 1451, 'background_percentage': 91.143798828125, 'total_pixels': 16384, 'debug_info': {'corner_mean': 0.0, 'edge_mean': 0.0, 'image_mean': 14.65606689453125, 'dark_edge_ratio': 1.0, 'bright_edge_ratio': 0.0, 'decision_factors': ['  Dark corners (0.0 < 50) → BLACK (+40)', '  Dark edges (100.0%) support BLACK (+30)', '  Dark image (14.7 < 80) supports BLACK (+10)']}}
2025-09-14 19:23:43 - [INFO] -   === END BACKGROUND ANALYSIS ===

2025-09-14 19:23:43 - [INFO] - 
  === BACKGROUND ANALYSIS DEBUG ===
2025-09-14 19:23:43 - [INFO] - Frame shape: (128, 128)
2025-09-14 19:23:43 - [INFO] - Frame dtype: uint16
2025-09-14 19:23:43 - [INFO] - Frame range: 0 to 243
2025-09-14 19:23:43 - [INFO] - 🔄 Normalized to uint8: 0 to 255
2025-09-14 19:23:43 - [INFO] - 📐 Image dimensions: 128x128 (16,384 pixels)
2025-09-14 19:23:43 - [INFO] - 🏠 Corner analysis with size: 16x16
2025-09-14 19:23:43 - [INFO] - 🏠 Corner means: [0.0, 0.0, 0.0, 0.0]
2025-09-14 19:23:43 - [INFO] - 🏠 Overall corner mean: 0.0
2025-09-14 19:23:43 - [INFO] - 🔲 Edge analysis:
2025-09-14 19:23:43 - [INFO] -    Edge mean: 0.0
2025-09-14 19:23:43 - [INFO] -    Dark edges (<50): 512/512 (100.0%)
2025-09-14 19:23:43 - [INFO] -    Bright edges (>200): 0/512 (0.0%)
2025-09-14 19:23:43 - [INFO] - 📊 Overall statistics:
2025-09-14 19:23:43 - [INFO] -    Image mean: 14.8
2025-09-14 19:23:43 - [INFO] -    Dark pixels (<50): 14,917 (91.0%)
2025-09-14 19:23:43 - [INFO] -    Bright pixels (>200): 85 (0.5%)
2025-09-14 19:23:43 - [INFO] -    Mid-range pixels: 1,382 (8.4%)
2025-09-14 19:23:43 - [INFO] - 📈 Histogram analysis:
2025-09-14 19:23:43 - [INFO] -    Found 0 peaks: []
2025-09-14 19:23:43 - [INFO] - 
  DECISION PROCESS:
2025-09-14 19:23:43 - [INFO] - 
📋 DECISION FACTORS:
2025-09-14 19:23:43 - [INFO] -      Dark corners (0.0 < 50) → BLACK (+40)
2025-09-14 19:23:43 - [INFO] -      Dark edges (100.0%) support BLACK (+30)
2025-09-14 19:23:43 - [INFO] -      Dark image (14.8 < 80) supports BLACK (+10)
2025-09-14 19:23:43 - [INFO] - 
  FINAL DECISION:
2025-09-14 19:23:43 - [INFO] -    Background Type: BLACK
2025-09-14 19:23:43 - [INFO] -    Confidence: 80%
2025-09-14 19:23:43 - [INFO] -    Reasoning: 3 factors analyzed
2025-09-14 19:23:43 - [INFO] - 📊 RESULT: {'background_type': 'black', 'confidence': 80, 'background_pixels': 14917, 'object_pixels': 1467, 'background_percentage': 91.046142578125, 'total_pixels': 16384, 'debug_info': {'corner_mean': 0.0, 'edge_mean': 0.0, 'image_mean': 14.82086181640625, 'dark_edge_ratio': 1.0, 'bright_edge_ratio': 0.0, 'decision_factors': ['  Dark corners (0.0 < 50) → BLACK (+40)', '  Dark edges (100.0%) support BLACK (+30)', '  Dark image (14.8 < 80) supports BLACK (+10)']}}
2025-09-14 19:23:43 - [INFO] -   === END BACKGROUND ANALYSIS ===

2025-09-14 19:23:43 - [INFO] - 
  === BACKGROUND ANALYSIS DEBUG ===
2025-09-14 19:23:43 - [INFO] - Frame shape: (128, 128)
2025-09-14 19:23:43 - [INFO] - Frame dtype: uint16
2025-09-14 19:23:43 - [INFO] - Frame range: 0 to 236
2025-09-14 19:23:43 - [INFO] - 🔄 Normalized to uint8: 0 to 255
2025-09-14 19:23:43 - [INFO] - 📐 Image dimensions: 128x128 (16,384 pixels)
2025-09-14 19:23:43 - [INFO] - 🏠 Corner analysis with size: 16x16
2025-09-14 19:23:43 - [INFO] - 🏠 Corner means: [0.0, 0.0, 0.0, 0.0]
2025-09-14 19:23:43 - [INFO] - 🏠 Overall corner mean: 0.0
2025-09-14 19:23:43 - [INFO] - 🔲 Edge analysis:
2025-09-14 19:23:43 - [INFO] -    Edge mean: 0.0
2025-09-14 19:23:43 - [INFO] -    Dark edges (<50): 512/512 (100.0%)
2025-09-14 19:23:43 - [INFO] -    Bright edges (>200): 0/512 (0.0%)
2025-09-14 19:23:43 - [INFO] - 📊 Overall statistics:
2025-09-14 19:23:43 - [INFO] -    Image mean: 15.0
2025-09-14 19:23:43 - [INFO] -    Dark pixels (<50): 14,912 (91.0%)
2025-09-14 19:23:43 - [INFO] -    Bright pixels (>200): 111 (0.7%)
2025-09-14 19:23:43 - [INFO] -    Mid-range pixels: 1,361 (8.3%)
2025-09-14 19:23:43 - [INFO] - 📈 Histogram analysis:
2025-09-14 19:23:43 - [INFO] -    Found 0 peaks: []
2025-09-14 19:23:43 - [INFO] - 
  DECISION PROCESS:
2025-09-14 19:23:43 - [INFO] - 
📋 DECISION FACTORS:
2025-09-14 19:23:43 - [INFO] -      Dark corners (0.0 < 50) → BLACK (+40)
2025-09-14 19:23:43 - [INFO] -      Dark edges (100.0%) support BLACK (+30)
2025-09-14 19:23:43 - [INFO] -      Dark image (15.0 < 80) supports BLACK (+10)
2025-09-14 19:23:43 - [INFO] - 
  FINAL DECISION:
2025-09-14 19:23:43 - [INFO] -    Background Type: BLACK
2025-09-14 19:23:43 - [INFO] -    Confidence: 80%
2025-09-14 19:23:43 - [INFO] -    Reasoning: 3 factors analyzed
2025-09-14 19:23:43 - [INFO] - 📊 RESULT: {'background_type': 'black', 'confidence': 80, 'background_pixels': 14912, 'object_pixels': 1472, 'background_percentage': 91.015625, 'total_pixels': 16384, 'debug_info': {'corner_mean': 0.0, 'edge_mean': 0.0, 'image_mean': 15.02691650390625, 'dark_edge_ratio': 1.0, 'bright_edge_ratio': 0.0, 'decision_factors': ['  Dark corners (0.0 < 50) → BLACK (+40)', '  Dark edges (100.0%) support BLACK (+30)', '  Dark image (15.0 < 80) supports BLACK (+10)']}}
2025-09-14 19:23:43 - [INFO] -   === END BACKGROUND ANALYSIS ===

2025-09-14 19:23:43 - [INFO] - 
  === BACKGROUND ANALYSIS DEBUG ===
2025-09-14 19:23:43 - [INFO] - Frame shape: (128, 128)
2025-09-14 19:23:43 - [INFO] - Frame dtype: uint16
2025-09-14 19:23:43 - [INFO] - Frame range: 0 to 232
2025-09-14 19:23:43 - [INFO] - 🔄 Normalized to uint8: 0 to 255
2025-09-14 19:23:43 - [INFO] - 📐 Image dimensions: 128x128 (16,384 pixels)
2025-09-14 19:23:43 - [INFO] - 🏠 Corner analysis with size: 16x16
2025-09-14 19:23:43 - [INFO] - 🏠 Corner means: [0.0, 0.0, 0.0, 0.0]
2025-09-14 19:23:43 - [INFO] - 🏠 Overall corner mean: 0.0
2025-09-14 19:23:43 - [INFO] - 🔲 Edge analysis:
2025-09-14 19:23:43 - [INFO] -    Edge mean: 0.0
2025-09-14 19:23:43 - [INFO] -    Dark edges (<50): 512/512 (100.0%)
2025-09-14 19:23:43 - [INFO] -    Bright edges (>200): 0/512 (0.0%)
2025-09-14 19:23:43 - [INFO] - 📊 Overall statistics:
2025-09-14 19:23:43 - [INFO] -    Image mean: 15.0
2025-09-14 19:23:43 - [INFO] -    Dark pixels (<50): 14,914 (91.0%)
2025-09-14 19:23:43 - [INFO] -    Bright pixels (>200): 125 (0.8%)
2025-09-14 19:23:43 - [INFO] -    Mid-range pixels: 1,345 (8.2%)
2025-09-14 19:23:43 - [INFO] - 📈 Histogram analysis:
2025-09-14 19:23:43 - [INFO] -    Found 0 peaks: []
2025-09-14 19:23:43 - [INFO] - 
  DECISION PROCESS:
2025-09-14 19:23:43 - [INFO] - 
📋 DECISION FACTORS:
2025-09-14 19:23:43 - [INFO] -      Dark corners (0.0 < 50) → BLACK (+40)
2025-09-14 19:23:43 - [INFO] -      Dark edges (100.0%) support BLACK (+30)
2025-09-14 19:23:43 - [INFO] -      Dark image (15.0 < 80) supports BLACK (+10)
2025-09-14 19:23:43 - [INFO] - 
  FINAL DECISION:
2025-09-14 19:23:43 - [INFO] -    Background Type: BLACK
2025-09-14 19:23:43 - [INFO] -    Confidence: 80%
2025-09-14 19:23:43 - [INFO] -    Reasoning: 3 factors analyzed
2025-09-14 19:23:43 - [INFO] - 📊 RESULT: {'background_type': 'black', 'confidence': 80, 'background_pixels': 14914, 'object_pixels': 1470, 'background_percentage': 91.02783203125, 'total_pixels': 16384, 'debug_info': {'corner_mean': 0.0, 'edge_mean': 0.0, 'image_mean': 15.005126953125, 'dark_edge_ratio': 1.0, 'bright_edge_ratio': 0.0, 'decision_factors': ['  Dark corners (0.0 < 50) → BLACK (+40)', '  Dark edges (100.0%) support BLACK (+30)', '  Dark image (15.0 < 80) supports BLACK (+10)']}}
2025-09-14 19:23:43 - [INFO] -   === END BACKGROUND ANALYSIS ===

2025-09-14 19:23:43 - [INFO] - 
  === BACKGROUND ANALYSIS DEBUG ===
2025-09-14 19:23:43 - [INFO] - Frame shape: (128, 128)
2025-09-14 19:23:43 - [INFO] - Frame dtype: uint16
2025-09-14 19:23:43 - [INFO] - Frame range: 0 to 233
2025-09-14 19:23:43 - [INFO] - 🔄 Normalized to uint8: 0 to 255
2025-09-14 19:23:43 - [INFO] - 📐 Image dimensions: 128x128 (16,384 pixels)
2025-09-14 19:23:43 - [INFO] - 🏠 Corner analysis with size: 16x16
2025-09-14 19:23:43 - [INFO] - 🏠 Corner means: [0.0, 0.0, 0.0, 0.0]
2025-09-14 19:23:43 - [INFO] - 🏠 Overall corner mean: 0.0
2025-09-14 19:23:43 - [INFO] - 🔲 Edge analysis:
2025-09-14 19:23:43 - [INFO] -    Edge mean: 0.0
2025-09-14 19:23:43 - [INFO] -    Dark edges (<50): 512/512 (100.0%)
2025-09-14 19:23:43 - [INFO] -    Bright edges (>200): 0/512 (0.0%)
2025-09-14 19:23:43 - [INFO] - 📊 Overall statistics:
2025-09-14 19:23:43 - [INFO] -    Image mean: 14.7
2025-09-14 19:23:43 - [INFO] -    Dark pixels (<50): 14,957 (91.3%)
2025-09-14 19:23:43 - [INFO] -    Bright pixels (>200): 129 (0.8%)
2025-09-14 19:23:43 - [INFO] -    Mid-range pixels: 1,298 (7.9%)
2025-09-14 19:23:43 - [INFO] - 📈 Histogram analysis:
2025-09-14 19:23:43 - [INFO] -    Found 0 peaks: []
2025-09-14 19:23:43 - [INFO] - 
  DECISION PROCESS:
2025-09-14 19:23:43 - [INFO] - 
📋 DECISION FACTORS:
2025-09-14 19:23:43 - [INFO] -      Dark corners (0.0 < 50) → BLACK (+40)
2025-09-14 19:23:43 - [INFO] -      Dark edges (100.0%) support BLACK (+30)
2025-09-14 19:23:43 - [INFO] -      Dark image (14.7 < 80) supports BLACK (+10)
2025-09-14 19:23:43 - [INFO] - 
  FINAL DECISION:
2025-09-14 19:23:43 - [INFO] -    Background Type: BLACK
2025-09-14 19:23:43 - [INFO] -    Confidence: 80%
2025-09-14 19:23:43 - [INFO] -    Reasoning: 3 factors analyzed
2025-09-14 19:23:43 - [INFO] - 📊 RESULT: {'background_type': 'black', 'confidence': 80, 'background_pixels': 14957, 'object_pixels': 1427, 'background_percentage': 91.290283203125, 'total_pixels': 16384, 'debug_info': {'corner_mean': 0.0, 'edge_mean': 0.0, 'image_mean': 14.72393798828125, 'dark_edge_ratio': 1.0, 'bright_edge_ratio': 0.0, 'decision_factors': ['  Dark corners (0.0 < 50) → BLACK (+40)', '  Dark edges (100.0%) support BLACK (+30)', '  Dark image (14.7 < 80) supports BLACK (+10)']}}
2025-09-14 19:23:43 - [INFO] -   === END BACKGROUND ANALYSIS ===

2025-09-14 19:23:43 - [INFO] - 
  === BACKGROUND ANALYSIS DEBUG ===
2025-09-14 19:23:43 - [INFO] - Frame shape: (128, 128)
2025-09-14 19:23:43 - [INFO] - Frame dtype: uint16
2025-09-14 19:23:43 - [INFO] - Frame range: 0 to 230
2025-09-14 19:23:43 - [INFO] - 🔄 Normalized to uint8: 0 to 255
2025-09-14 19:23:43 - [INFO] - 📐 Image dimensions: 128x128 (16,384 pixels)
2025-09-14 19:23:43 - [INFO] - 🏠 Corner analysis with size: 16x16
2025-09-14 19:23:43 - [INFO] - 🏠 Corner means: [0.0, 0.0, 0.0, 0.0]
2025-09-14 19:23:43 - [INFO] - 🏠 Overall corner mean: 0.0
2025-09-14 19:23:43 - [INFO] - 🔲 Edge analysis:
2025-09-14 19:23:43 - [INFO] -    Edge mean: 0.0
2025-09-14 19:23:43 - [INFO] -    Dark edges (<50): 512/512 (100.0%)
2025-09-14 19:23:43 - [INFO] -    Bright edges (>200): 0/512 (0.0%)
2025-09-14 19:23:43 - [INFO] - 📊 Overall statistics:
2025-09-14 19:23:43 - [INFO] -    Image mean: 14.7
2025-09-14 19:23:43 - [INFO] -    Dark pixels (<50): 14,980 (91.4%)
2025-09-14 19:23:43 - [INFO] -    Bright pixels (>200): 145 (0.9%)
2025-09-14 19:23:43 - [INFO] -    Mid-range pixels: 1,259 (7.7%)
2025-09-14 19:23:43 - [INFO] - 📈 Histogram analysis:
2025-09-14 19:23:43 - [INFO] -    Found 0 peaks: []
2025-09-14 19:23:43 - [INFO] - 
  DECISION PROCESS:
2025-09-14 19:23:43 - [INFO] - 
📋 DECISION FACTORS:
2025-09-14 19:23:43 - [INFO] -      Dark corners (0.0 < 50) → BLACK (+40)
2025-09-14 19:23:43 - [INFO] -      Dark edges (100.0%) support BLACK (+30)
2025-09-14 19:23:43 - [INFO] -      Dark image (14.7 < 80) supports BLACK (+10)
2025-09-14 19:23:43 - [INFO] - 
  FINAL DECISION:
2025-09-14 19:23:43 - [INFO] -    Background Type: BLACK
2025-09-14 19:23:43 - [INFO] -    Confidence: 80%
2025-09-14 19:23:43 - [INFO] -    Reasoning: 3 factors analyzed
2025-09-14 19:23:43 - [INFO] - 📊 RESULT: {'background_type': 'black', 'confidence': 80, 'background_pixels': 14980, 'object_pixels': 1404, 'background_percentage': 91.4306640625, 'total_pixels': 16384, 'debug_info': {'corner_mean': 0.0, 'edge_mean': 0.0, 'image_mean': 14.6943359375, 'dark_edge_ratio': 1.0, 'bright_edge_ratio': 0.0, 'decision_factors': ['  Dark corners (0.0 < 50) → BLACK (+40)', '  Dark edges (100.0%) support BLACK (+30)', '  Dark image (14.7 < 80) supports BLACK (+10)']}}
2025-09-14 19:23:43 - [INFO] -   === END BACKGROUND ANALYSIS ===

2025-09-14 19:23:43 - [INFO] - 
  === BACKGROUND ANALYSIS DEBUG ===
2025-09-14 19:23:43 - [INFO] - Frame shape: (128, 128)
2025-09-14 19:23:43 - [INFO] - Frame dtype: uint16
2025-09-14 19:23:43 - [INFO] - Frame range: 0 to 234
2025-09-14 19:23:43 - [INFO] - 🔄 Normalized to uint8: 0 to 255
2025-09-14 19:23:43 - [INFO] - 📐 Image dimensions: 128x128 (16,384 pixels)
2025-09-14 19:23:43 - [INFO] - 🏠 Corner analysis with size: 16x16
2025-09-14 19:23:43 - [INFO] - 🏠 Corner means: [0.0, 0.0, 0.0, 0.0]
2025-09-14 19:23:43 - [INFO] - 🏠 Overall corner mean: 0.0
2025-09-14 19:23:43 - [INFO] - 🔲 Edge analysis:
2025-09-14 19:23:43 - [INFO] -    Edge mean: 0.0
2025-09-14 19:23:43 - [INFO] -    Dark edges (<50): 512/512 (100.0%)
2025-09-14 19:23:43 - [INFO] -    Bright edges (>200): 0/512 (0.0%)
2025-09-14 19:23:43 - [INFO] - 📊 Overall statistics:
2025-09-14 19:23:43 - [INFO] -    Image mean: 14.2
2025-09-14 19:23:43 - [INFO] -    Dark pixels (<50): 15,008 (91.6%)
2025-09-14 19:23:43 - [INFO] -    Bright pixels (>200): 115 (0.7%)
2025-09-14 19:23:43 - [INFO] -    Mid-range pixels: 1,261 (7.7%)
2025-09-14 19:23:43 - [INFO] - 📈 Histogram analysis:
2025-09-14 19:23:43 - [INFO] -    Found 0 peaks: []
2025-09-14 19:23:43 - [INFO] - 
  DECISION PROCESS:
2025-09-14 19:23:43 - [INFO] - 
📋 DECISION FACTORS:
2025-09-14 19:23:43 - [INFO] -      Dark corners (0.0 < 50) → BLACK (+40)
2025-09-14 19:23:43 - [INFO] -      Dark edges (100.0%) support BLACK (+30)
2025-09-14 19:23:43 - [INFO] -      Dark image (14.2 < 80) supports BLACK (+10)
2025-09-14 19:23:43 - [INFO] - 
  FINAL DECISION:
2025-09-14 19:23:43 - [INFO] -    Background Type: BLACK
2025-09-14 19:23:43 - [INFO] -    Confidence: 80%
2025-09-14 19:23:43 - [INFO] -    Reasoning: 3 factors analyzed
2025-09-14 19:23:43 - [INFO] - 📊 RESULT: {'background_type': 'black', 'confidence': 80, 'background_pixels': 15008, 'object_pixels': 1376, 'background_percentage': 91.6015625, 'total_pixels': 16384, 'debug_info': {'corner_mean': 0.0, 'edge_mean': 0.0, 'image_mean': 14.15521240234375, 'dark_edge_ratio': 1.0, 'bright_edge_ratio': 0.0, 'decision_factors': ['  Dark corners (0.0 < 50) → BLACK (+40)', '  Dark edges (100.0%) support BLACK (+30)', '  Dark image (14.2 < 80) supports BLACK (+10)']}}
2025-09-14 19:23:43 - [INFO] -   === END BACKGROUND ANALYSIS ===

2025-09-14 19:23:43 - [INFO] - 
  === BACKGROUND ANALYSIS DEBUG ===
2025-09-14 19:23:43 - [INFO] - Frame shape: (128, 128)
2025-09-14 19:23:43 - [INFO] - Frame dtype: uint16
2025-09-14 19:23:43 - [INFO] - Frame range: 0 to 229
2025-09-14 19:23:43 - [INFO] - 🔄 Normalized to uint8: 0 to 255
2025-09-14 19:23:43 - [INFO] - 📐 Image dimensions: 128x128 (16,384 pixels)
2025-09-14 19:23:43 - [INFO] - 🏠 Corner analysis with size: 16x16
2025-09-14 19:23:43 - [INFO] - 🏠 Corner means: [0.0, 0.0, 0.0, 0.0]
2025-09-14 19:23:43 - [INFO] - 🏠 Overall corner mean: 0.0
2025-09-14 19:23:43 - [INFO] - 🔲 Edge analysis:
2025-09-14 19:23:43 - [INFO] -    Edge mean: 0.0
2025-09-14 19:23:43 - [INFO] -    Dark edges (<50): 512/512 (100.0%)
2025-09-14 19:23:43 - [INFO] -    Bright edges (>200): 0/512 (0.0%)
2025-09-14 19:23:43 - [INFO] - 📊 Overall statistics:
2025-09-14 19:23:43 - [INFO] -    Image mean: 14.2
2025-09-14 19:23:43 - [INFO] -    Dark pixels (<50): 15,009 (91.6%)
2025-09-14 19:23:43 - [INFO] -    Bright pixels (>200): 116 (0.7%)
2025-09-14 19:23:43 - [INFO] -    Mid-range pixels: 1,259 (7.7%)
2025-09-14 19:23:43 - [INFO] - 📈 Histogram analysis:
2025-09-14 19:23:43 - [INFO] -    Found 0 peaks: []
2025-09-14 19:23:43 - [INFO] - 
  DECISION PROCESS:
2025-09-14 19:23:43 - [INFO] - 
📋 DECISION FACTORS:
2025-09-14 19:23:43 - [INFO] -      Dark corners (0.0 < 50) → BLACK (+40)
2025-09-14 19:23:43 - [INFO] -      Dark edges (100.0%) support BLACK (+30)
2025-09-14 19:23:43 - [INFO] -      Dark image (14.2 < 80) supports BLACK (+10)
2025-09-14 19:23:43 - [INFO] - 
  FINAL DECISION:
2025-09-14 19:23:43 - [INFO] -    Background Type: BLACK
2025-09-14 19:23:43 - [INFO] -    Confidence: 80%
2025-09-14 19:23:43 - [INFO] -    Reasoning: 3 factors analyzed
2025-09-14 19:23:43 - [INFO] - 📊 RESULT: {'background_type': 'black', 'confidence': 80, 'background_pixels': 15009, 'object_pixels': 1375, 'background_percentage': 91.607666015625, 'total_pixels': 16384, 'debug_info': {'corner_mean': 0.0, 'edge_mean': 0.0, 'image_mean': 14.196533203125, 'dark_edge_ratio': 1.0, 'bright_edge_ratio': 0.0, 'decision_factors': ['  Dark corners (0.0 < 50) → BLACK (+40)', '  Dark edges (100.0%) support BLACK (+30)', '  Dark image (14.2 < 80) supports BLACK (+10)']}}
2025-09-14 19:23:43 - [INFO] -   === END BACKGROUND ANALYSIS ===

2025-09-14 19:23:43 - [INFO] - 
  === BACKGROUND ANALYSIS DEBUG ===
2025-09-14 19:23:43 - [INFO] - Frame shape: (128, 128)
2025-09-14 19:23:43 - [INFO] - Frame dtype: uint16
2025-09-14 19:23:43 - [INFO] - Frame range: 0 to 219
2025-09-14 19:23:43 - [INFO] - 🔄 Normalized to uint8: 0 to 255
2025-09-14 19:23:43 - [INFO] - 📐 Image dimensions: 128x128 (16,384 pixels)
2025-09-14 19:23:43 - [INFO] - 🏠 Corner analysis with size: 16x16
2025-09-14 19:23:43 - [INFO] - 🏠 Corner means: [0.0, 0.0, 0.0, 0.0]
2025-09-14 19:23:43 - [INFO] - 🏠 Overall corner mean: 0.0
2025-09-14 19:23:43 - [INFO] - 🔲 Edge analysis:
2025-09-14 19:23:43 - [INFO] -    Edge mean: 0.0
2025-09-14 19:23:43 - [INFO] -    Dark edges (<50): 512/512 (100.0%)
2025-09-14 19:23:43 - [INFO] -    Bright edges (>200): 0/512 (0.0%)
2025-09-14 19:23:43 - [INFO] - 📊 Overall statistics:
2025-09-14 19:23:43 - [INFO] -    Image mean: 14.6
2025-09-14 19:23:43 - [INFO] -    Dark pixels (<50): 14,996 (91.5%)
2025-09-14 19:23:43 - [INFO] -    Bright pixels (>200): 137 (0.8%)
2025-09-14 19:23:43 - [INFO] -    Mid-range pixels: 1,251 (7.6%)
2025-09-14 19:23:43 - [INFO] - 📈 Histogram analysis:
2025-09-14 19:23:43 - [INFO] -    Found 0 peaks: []
2025-09-14 19:23:43 - [INFO] - 
  DECISION PROCESS:
2025-09-14 19:23:43 - [INFO] - 
📋 DECISION FACTORS:
2025-09-14 19:23:43 - [INFO] -      Dark corners (0.0 < 50) → BLACK (+40)
2025-09-14 19:23:43 - [INFO] -      Dark edges (100.0%) support BLACK (+30)
2025-09-14 19:23:43 - [INFO] -      Dark image (14.6 < 80) supports BLACK (+10)
2025-09-14 19:23:43 - [INFO] - 
  FINAL DECISION:
2025-09-14 19:23:43 - [INFO] -    Background Type: BLACK
2025-09-14 19:23:43 - [INFO] -    Confidence: 80%
2025-09-14 19:23:43 - [INFO] -    Reasoning: 3 factors analyzed
2025-09-14 19:23:43 - [INFO] - 📊 RESULT: {'background_type': 'black', 'confidence': 80, 'background_pixels': 14996, 'object_pixels': 1388, 'background_percentage': 91.5283203125, 'total_pixels': 16384, 'debug_info': {'corner_mean': 0.0, 'edge_mean': 0.0, 'image_mean': 14.58917236328125, 'dark_edge_ratio': 1.0, 'bright_edge_ratio': 0.0, 'decision_factors': ['  Dark corners (0.0 < 50) → BLACK (+40)', '  Dark edges (100.0%) support BLACK (+30)', '  Dark image (14.6 < 80) supports BLACK (+10)']}}
2025-09-14 19:23:43 - [INFO] -   === END BACKGROUND ANALYSIS ===

2025-09-14 19:23:43 - [INFO] - 
  === BACKGROUND ANALYSIS DEBUG ===
2025-09-14 19:23:43 - [INFO] - Frame shape: (128, 128)
2025-09-14 19:23:43 - [INFO] - Frame dtype: uint16
2025-09-14 19:23:43 - [INFO] - Frame range: 0 to 225
2025-09-14 19:23:43 - [INFO] - 🔄 Normalized to uint8: 0 to 255
2025-09-14 19:23:43 - [INFO] - 📐 Image dimensions: 128x128 (16,384 pixels)
2025-09-14 19:23:43 - [INFO] - 🏠 Corner analysis with size: 16x16
2025-09-14 19:23:43 - [INFO] - 🏠 Corner means: [0.0, 0.0, 0.0, 0.0]
2025-09-14 19:23:43 - [INFO] - 🏠 Overall corner mean: 0.0
2025-09-14 19:23:43 - [INFO] - 🔲 Edge analysis:
2025-09-14 19:23:43 - [INFO] -    Edge mean: 0.0
2025-09-14 19:23:43 - [INFO] -    Dark edges (<50): 512/512 (100.0%)
2025-09-14 19:23:43 - [INFO] -    Bright edges (>200): 0/512 (0.0%)
2025-09-14 19:23:43 - [INFO] - 📊 Overall statistics:
2025-09-14 19:23:43 - [INFO] -    Image mean: 14.0
2025-09-14 19:23:43 - [INFO] -    Dark pixels (<50): 15,034 (91.8%)
2025-09-14 19:23:43 - [INFO] -    Bright pixels (>200): 98 (0.6%)
2025-09-14 19:23:43 - [INFO] -    Mid-range pixels: 1,252 (7.6%)
2025-09-14 19:23:43 - [INFO] - 📈 Histogram analysis:
2025-09-14 19:23:43 - [INFO] -    Found 0 peaks: []
2025-09-14 19:23:43 - [INFO] - 
  DECISION PROCESS:
2025-09-14 19:23:43 - [INFO] - 
📋 DECISION FACTORS:
2025-09-14 19:23:43 - [INFO] -      Dark corners (0.0 < 50) → BLACK (+40)
2025-09-14 19:23:43 - [INFO] -      Dark edges (100.0%) support BLACK (+30)
2025-09-14 19:23:43 - [INFO] -      Dark image (14.0 < 80) supports BLACK (+10)
2025-09-14 19:23:43 - [INFO] - 
  FINAL DECISION:
2025-09-14 19:23:43 - [INFO] -    Background Type: BLACK
2025-09-14 19:23:43 - [INFO] -    Confidence: 80%
2025-09-14 19:23:43 - [INFO] -    Reasoning: 3 factors analyzed
2025-09-14 19:23:43 - [INFO] - 📊 RESULT: {'background_type': 'black', 'confidence': 80, 'background_pixels': 15034, 'object_pixels': 1350, 'background_percentage': 91.76025390625, 'total_pixels': 16384, 'debug_info': {'corner_mean': 0.0, 'edge_mean': 0.0, 'image_mean': 13.96343994140625, 'dark_edge_ratio': 1.0, 'bright_edge_ratio': 0.0, 'decision_factors': ['  Dark corners (0.0 < 50) → BLACK (+40)', '  Dark edges (100.0%) support BLACK (+30)', '  Dark image (14.0 < 80) supports BLACK (+10)']}}
2025-09-14 19:23:43 - [INFO] -   === END BACKGROUND ANALYSIS ===

2025-09-14 19:23:43 - [INFO] - 
  === BACKGROUND ANALYSIS DEBUG ===
2025-09-14 19:23:43 - [INFO] - Frame shape: (128, 128)
2025-09-14 19:23:43 - [INFO] - Frame dtype: uint16
2025-09-14 19:23:43 - [INFO] - Frame range: 0 to 226
2025-09-14 19:23:43 - [INFO] - 🔄 Normalized to uint8: 0 to 255
2025-09-14 19:23:43 - [INFO] - 📐 Image dimensions: 128x128 (16,384 pixels)
2025-09-14 19:23:43 - [INFO] - 🏠 Corner analysis with size: 16x16
2025-09-14 19:23:43 - [INFO] - 🏠 Corner means: [0.0, 0.0, 0.0, 0.0]
2025-09-14 19:23:43 - [INFO] - 🏠 Overall corner mean: 0.0
2025-09-14 19:23:43 - [INFO] - 🔲 Edge analysis:
2025-09-14 19:23:43 - [INFO] -    Edge mean: 0.0
2025-09-14 19:23:43 - [INFO] -    Dark edges (<50): 512/512 (100.0%)
2025-09-14 19:23:43 - [INFO] -    Bright edges (>200): 0/512 (0.0%)
2025-09-14 19:23:43 - [INFO] - 📊 Overall statistics:
2025-09-14 19:23:43 - [INFO] -    Image mean: 13.7
2025-09-14 19:23:43 - [INFO] -    Dark pixels (<50): 15,047 (91.8%)
2025-09-14 19:23:43 - [INFO] -    Bright pixels (>200): 72 (0.4%)
2025-09-14 19:23:43 - [INFO] -    Mid-range pixels: 1,265 (7.7%)
2025-09-14 19:23:43 - [INFO] - 📈 Histogram analysis:
2025-09-14 19:23:43 - [INFO] -    Found 0 peaks: []
2025-09-14 19:23:43 - [INFO] - 
  DECISION PROCESS:
2025-09-14 19:23:43 - [INFO] - 
📋 DECISION FACTORS:
2025-09-14 19:23:43 - [INFO] -      Dark corners (0.0 < 50) → BLACK (+40)
2025-09-14 19:23:43 - [INFO] -      Dark edges (100.0%) support BLACK (+30)
2025-09-14 19:23:43 - [INFO] -      Dark image (13.7 < 80) supports BLACK (+10)
2025-09-14 19:23:43 - [INFO] - 
  FINAL DECISION:
2025-09-14 19:23:43 - [INFO] -    Background Type: BLACK
2025-09-14 19:23:43 - [INFO] -    Confidence: 80%
2025-09-14 19:23:43 - [INFO] -    Reasoning: 3 factors analyzed
2025-09-14 19:23:43 - [INFO] - 📊 RESULT: {'background_type': 'black', 'confidence': 80, 'background_pixels': 15047, 'object_pixels': 1337, 'background_percentage': 91.839599609375, 'total_pixels': 16384, 'debug_info': {'corner_mean': 0.0, 'edge_mean': 0.0, 'image_mean': 13.708984375, 'dark_edge_ratio': 1.0, 'bright_edge_ratio': 0.0, 'decision_factors': ['  Dark corners (0.0 < 50) → BLACK (+40)', '  Dark edges (100.0%) support BLACK (+30)', '  Dark image (13.7 < 80) supports BLACK (+10)']}}
2025-09-14 19:23:43 - [INFO] -   === END BACKGROUND ANALYSIS ===

2025-09-14 19:23:43 - [INFO] - 
  === BACKGROUND ANALYSIS DEBUG ===
2025-09-14 19:23:43 - [INFO] - Frame shape: (128, 128)
2025-09-14 19:23:43 - [INFO] - Frame dtype: uint16
2025-09-14 19:23:43 - [INFO] - Frame range: 0 to 197
2025-09-14 19:23:43 - [INFO] - 🔄 Normalized to uint8: 0 to 255
2025-09-14 19:23:43 - [INFO] - 📐 Image dimensions: 128x128 (16,384 pixels)
2025-09-14 19:23:43 - [INFO] - 🏠 Corner analysis with size: 16x16
2025-09-14 19:23:43 - [INFO] - 🏠 Corner means: [0.0, 0.0, 0.0, 0.0]
2025-09-14 19:23:43 - [INFO] - 🏠 Overall corner mean: 0.0
2025-09-14 19:23:43 - [INFO] - 🔲 Edge analysis:
2025-09-14 19:23:43 - [INFO] -    Edge mean: 0.0
2025-09-14 19:23:43 - [INFO] -    Dark edges (<50): 512/512 (100.0%)
2025-09-14 19:23:43 - [INFO] -    Bright edges (>200): 0/512 (0.0%)
2025-09-14 19:23:43 - [INFO] - 📊 Overall statistics:
2025-09-14 19:23:43 - [INFO] -    Image mean: 15.7
2025-09-14 19:23:43 - [INFO] -    Dark pixels (<50): 14,916 (91.0%)
2025-09-14 19:23:43 - [INFO] -    Bright pixels (>200): 166 (1.0%)
2025-09-14 19:23:43 - [INFO] -    Mid-range pixels: 1,302 (7.9%)
2025-09-14 19:23:43 - [INFO] - 📈 Histogram analysis:
2025-09-14 19:23:43 - [INFO] -    Found 0 peaks: []
2025-09-14 19:23:43 - [INFO] - 
  DECISION PROCESS:
2025-09-14 19:23:43 - [INFO] - 
📋 DECISION FACTORS:
2025-09-14 19:23:43 - [INFO] -      Dark corners (0.0 < 50) → BLACK (+40)
2025-09-14 19:23:43 - [INFO] -      Dark edges (100.0%) support BLACK (+30)
2025-09-14 19:23:43 - [INFO] -      Dark image (15.7 < 80) supports BLACK (+10)
2025-09-14 19:23:43 - [INFO] - 
  FINAL DECISION:
2025-09-14 19:23:43 - [INFO] -    Background Type: BLACK
2025-09-14 19:23:43 - [INFO] -    Confidence: 80%
2025-09-14 19:23:43 - [INFO] -    Reasoning: 3 factors analyzed
2025-09-14 19:23:43 - [INFO] - 📊 RESULT: {'background_type': 'black', 'confidence': 80, 'background_pixels': 14916, 'object_pixels': 1468, 'background_percentage': 91.0400390625, 'total_pixels': 16384, 'debug_info': {'corner_mean': 0.0, 'edge_mean': 0.0, 'image_mean': 15.6705322265625, 'dark_edge_ratio': 1.0, 'bright_edge_ratio': 0.0, 'decision_factors': ['  Dark corners (0.0 < 50) → BLACK (+40)', '  Dark edges (100.0%) support BLACK (+30)', '  Dark image (15.7 < 80) supports BLACK (+10)']}}
2025-09-14 19:23:43 - [INFO] -   === END BACKGROUND ANALYSIS ===

2025-09-14 19:23:43 - [INFO] - 
  === BACKGROUND ANALYSIS DEBUG ===
2025-09-14 19:23:43 - [INFO] - Frame shape: (128, 128)
2025-09-14 19:23:43 - [INFO] - Frame dtype: uint16
2025-09-14 19:23:43 - [INFO] - Frame range: 0 to 198
2025-09-14 19:23:43 - [INFO] - 🔄 Normalized to uint8: 0 to 255
2025-09-14 19:23:43 - [INFO] - 📐 Image dimensions: 128x128 (16,384 pixels)
2025-09-14 19:23:43 - [INFO] - 🏠 Corner analysis with size: 16x16
2025-09-14 19:23:43 - [INFO] - 🏠 Corner means: [0.0, 0.0, 0.0, 0.0]
2025-09-14 19:23:43 - [INFO] - 🏠 Overall corner mean: 0.0
2025-09-14 19:23:43 - [INFO] - 🔲 Edge analysis:
2025-09-14 19:23:43 - [INFO] -    Edge mean: 0.0
2025-09-14 19:23:43 - [INFO] -    Dark edges (<50): 512/512 (100.0%)
2025-09-14 19:23:43 - [INFO] -    Bright edges (>200): 0/512 (0.0%)
2025-09-14 19:23:43 - [INFO] - 📊 Overall statistics:
2025-09-14 19:23:43 - [INFO] -    Image mean: 15.6
2025-09-14 19:23:43 - [INFO] -    Dark pixels (<50): 14,902 (91.0%)
2025-09-14 19:23:43 - [INFO] -    Bright pixels (>200): 128 (0.8%)
2025-09-14 19:23:43 - [INFO] -    Mid-range pixels: 1,354 (8.3%)
2025-09-14 19:23:43 - [INFO] - 📈 Histogram analysis:
2025-09-14 19:23:43 - [INFO] -    Found 0 peaks: []
2025-09-14 19:23:43 - [INFO] - 
  DECISION PROCESS:
2025-09-14 19:23:43 - [INFO] - 
📋 DECISION FACTORS:
2025-09-14 19:23:43 - [INFO] -      Dark corners (0.0 < 50) → BLACK (+40)
2025-09-14 19:23:43 - [INFO] -      Dark edges (100.0%) support BLACK (+30)
2025-09-14 19:23:43 - [INFO] -      Dark image (15.6 < 80) supports BLACK (+10)
2025-09-14 19:23:43 - [INFO] - 
  FINAL DECISION:
2025-09-14 19:23:43 - [INFO] -    Background Type: BLACK
2025-09-14 19:23:43 - [INFO] -    Confidence: 80%
2025-09-14 19:23:43 - [INFO] -    Reasoning: 3 factors analyzed
2025-09-14 19:23:43 - [INFO] - 📊 RESULT: {'background_type': 'black', 'confidence': 80, 'background_pixels': 14902, 'object_pixels': 1482, 'background_percentage': 90.95458984375, 'total_pixels': 16384, 'debug_info': {'corner_mean': 0.0, 'edge_mean': 0.0, 'image_mean': 15.63189697265625, 'dark_edge_ratio': 1.0, 'bright_edge_ratio': 0.0, 'decision_factors': ['  Dark corners (0.0 < 50) → BLACK (+40)', '  Dark edges (100.0%) support BLACK (+30)', '  Dark image (15.6 < 80) supports BLACK (+10)']}}
2025-09-14 19:23:43 - [INFO] -   === END BACKGROUND ANALYSIS ===

2025-09-14 19:23:43 - [INFO] - 
  === BACKGROUND ANALYSIS DEBUG ===
2025-09-14 19:23:43 - [INFO] - Frame shape: (128, 128)
2025-09-14 19:23:43 - [INFO] - Frame dtype: uint16
2025-09-14 19:23:43 - [INFO] - Frame range: 0 to 204
2025-09-14 19:23:43 - [INFO] - 🔄 Normalized to uint8: 0 to 255
2025-09-14 19:23:43 - [INFO] - 📐 Image dimensions: 128x128 (16,384 pixels)
2025-09-14 19:23:43 - [INFO] - 🏠 Corner analysis with size: 16x16
2025-09-14 19:23:43 - [INFO] - 🏠 Corner means: [0.0, 0.0, 0.0, 0.0]
2025-09-14 19:23:43 - [INFO] - 🏠 Overall corner mean: 0.0
2025-09-14 19:23:43 - [INFO] - 🔲 Edge analysis:
2025-09-14 19:23:43 - [INFO] -    Edge mean: 0.0
2025-09-14 19:23:43 - [INFO] -    Dark edges (<50): 512/512 (100.0%)
2025-09-14 19:23:43 - [INFO] -    Bright edges (>200): 0/512 (0.0%)
2025-09-14 19:23:43 - [INFO] - 📊 Overall statistics:
2025-09-14 19:23:43 - [INFO] -    Image mean: 15.2
2025-09-14 19:23:43 - [INFO] -    Dark pixels (<50): 14,915 (91.0%)
2025-09-14 19:23:43 - [INFO] -    Bright pixels (>200): 99 (0.6%)
2025-09-14 19:23:43 - [INFO] -    Mid-range pixels: 1,370 (8.4%)
2025-09-14 19:23:43 - [INFO] - 📈 Histogram analysis:
2025-09-14 19:23:43 - [INFO] -    Found 0 peaks: []
2025-09-14 19:23:43 - [INFO] - 
  DECISION PROCESS:
2025-09-14 19:23:43 - [INFO] - 
📋 DECISION FACTORS:
2025-09-14 19:23:43 - [INFO] -      Dark corners (0.0 < 50) → BLACK (+40)
2025-09-14 19:23:43 - [INFO] -      Dark edges (100.0%) support BLACK (+30)
2025-09-14 19:23:43 - [INFO] -      Dark image (15.2 < 80) supports BLACK (+10)
2025-09-14 19:23:43 - [INFO] - 
  FINAL DECISION:
2025-09-14 19:23:43 - [INFO] -    Background Type: BLACK
2025-09-14 19:23:43 - [INFO] -    Confidence: 80%
2025-09-14 19:23:43 - [INFO] -    Reasoning: 3 factors analyzed
2025-09-14 19:23:43 - [INFO] - 📊 RESULT: {'background_type': 'black', 'confidence': 80, 'background_pixels': 14915, 'object_pixels': 1469, 'background_percentage': 91.033935546875, 'total_pixels': 16384, 'debug_info': {'corner_mean': 0.0, 'edge_mean': 0.0, 'image_mean': 15.23956298828125, 'dark_edge_ratio': 1.0, 'bright_edge_ratio': 0.0, 'decision_factors': ['  Dark corners (0.0 < 50) → BLACK (+40)', '  Dark edges (100.0%) support BLACK (+30)', '  Dark image (15.2 < 80) supports BLACK (+10)']}}
2025-09-14 19:23:43 - [INFO] -   === END BACKGROUND ANALYSIS ===

2025-09-14 19:23:43 - [INFO] - 
  === BACKGROUND ANALYSIS DEBUG ===
2025-09-14 19:23:43 - [INFO] - Frame shape: (128, 128)
2025-09-14 19:23:43 - [INFO] - Frame dtype: uint16
2025-09-14 19:23:43 - [INFO] - Frame range: 0 to 202
2025-09-14 19:23:43 - [INFO] - 🔄 Normalized to uint8: 0 to 255
2025-09-14 19:23:43 - [INFO] - 📐 Image dimensions: 128x128 (16,384 pixels)
2025-09-14 19:23:43 - [INFO] - 🏠 Corner analysis with size: 16x16
2025-09-14 19:23:43 - [INFO] - 🏠 Corner means: [0.0, 0.0, 0.0, 0.0]
2025-09-14 19:23:43 - [INFO] - 🏠 Overall corner mean: 0.0
2025-09-14 19:23:43 - [INFO] - 🔲 Edge analysis:
2025-09-14 19:23:43 - [INFO] -    Edge mean: 0.0
2025-09-14 19:23:43 - [INFO] -    Dark edges (<50): 512/512 (100.0%)
2025-09-14 19:23:43 - [INFO] -    Bright edges (>200): 0/512 (0.0%)
2025-09-14 19:23:43 - [INFO] - 📊 Overall statistics:
2025-09-14 19:23:43 - [INFO] -    Image mean: 15.5
2025-09-14 19:23:43 - [INFO] -    Dark pixels (<50): 14,918 (91.1%)
2025-09-14 19:23:43 - [INFO] -    Bright pixels (>200): 107 (0.7%)
2025-09-14 19:23:43 - [INFO] -    Mid-range pixels: 1,359 (8.3%)
2025-09-14 19:23:43 - [INFO] - 📈 Histogram analysis:
2025-09-14 19:23:43 - [INFO] -    Found 0 peaks: []
2025-09-14 19:23:43 - [INFO] - 
  DECISION PROCESS:
2025-09-14 19:23:43 - [INFO] - 
📋 DECISION FACTORS:
2025-09-14 19:23:43 - [INFO] -      Dark corners (0.0 < 50) → BLACK (+40)
2025-09-14 19:23:43 - [INFO] -      Dark edges (100.0%) support BLACK (+30)
2025-09-14 19:23:43 - [INFO] -      Dark image (15.5 < 80) supports BLACK (+10)
2025-09-14 19:23:43 - [INFO] - 
  FINAL DECISION:
2025-09-14 19:23:43 - [INFO] -    Background Type: BLACK
2025-09-14 19:23:43 - [INFO] -    Confidence: 80%
2025-09-14 19:23:43 - [INFO] -    Reasoning: 3 factors analyzed
2025-09-14 19:23:43 - [INFO] - 📊 RESULT: {'background_type': 'black', 'confidence': 80, 'background_pixels': 14918, 'object_pixels': 1466, 'background_percentage': 91.05224609375, 'total_pixels': 16384, 'debug_info': {'corner_mean': 0.0, 'edge_mean': 0.0, 'image_mean': 15.4849853515625, 'dark_edge_ratio': 1.0, 'bright_edge_ratio': 0.0, 'decision_factors': ['  Dark corners (0.0 < 50) → BLACK (+40)', '  Dark edges (100.0%) support BLACK (+30)', '  Dark image (15.5 < 80) supports BLACK (+10)']}}
2025-09-14 19:23:43 - [INFO] -   === END BACKGROUND ANALYSIS ===

2025-09-14 19:23:43 - [INFO] - 
  === BACKGROUND ANALYSIS DEBUG ===
2025-09-14 19:23:43 - [INFO] - Frame shape: (128, 128)
2025-09-14 19:23:43 - [INFO] - Frame dtype: uint16
2025-09-14 19:23:43 - [INFO] - Frame range: 0 to 200
2025-09-14 19:23:43 - [INFO] - 🔄 Normalized to uint8: 0 to 255
2025-09-14 19:23:43 - [INFO] - 📐 Image dimensions: 128x128 (16,384 pixels)
2025-09-14 19:23:43 - [INFO] - 🏠 Corner analysis with size: 16x16
2025-09-14 19:23:43 - [INFO] - 🏠 Corner means: [0.0, 0.0, 0.0, 0.0]
2025-09-14 19:23:43 - [INFO] - 🏠 Overall corner mean: 0.0
2025-09-14 19:23:43 - [INFO] - 🔲 Edge analysis:
2025-09-14 19:23:43 - [INFO] -    Edge mean: 0.0
2025-09-14 19:23:43 - [INFO] -    Dark edges (<50): 512/512 (100.0%)
2025-09-14 19:23:43 - [INFO] -    Bright edges (>200): 0/512 (0.0%)
2025-09-14 19:23:43 - [INFO] - 📊 Overall statistics:
2025-09-14 19:23:43 - [INFO] -    Image mean: 16.0
2025-09-14 19:23:43 - [INFO] -    Dark pixels (<50): 14,884 (90.8%)
2025-09-14 19:23:43 - [INFO] -    Bright pixels (>200): 131 (0.8%)
2025-09-14 19:23:43 - [INFO] -    Mid-range pixels: 1,369 (8.4%)
2025-09-14 19:23:43 - [INFO] - 📈 Histogram analysis:
2025-09-14 19:23:43 - [INFO] -    Found 0 peaks: []
2025-09-14 19:23:43 - [INFO] - 
  DECISION PROCESS:
2025-09-14 19:23:43 - [INFO] - 
📋 DECISION FACTORS:
2025-09-14 19:23:43 - [INFO] -      Dark corners (0.0 < 50) → BLACK (+40)
2025-09-14 19:23:43 - [INFO] -      Dark edges (100.0%) support BLACK (+30)
2025-09-14 19:23:43 - [INFO] -      Dark image (16.0 < 80) supports BLACK (+10)
2025-09-14 19:23:43 - [INFO] - 
  FINAL DECISION:
2025-09-14 19:23:43 - [INFO] -    Background Type: BLACK
2025-09-14 19:23:43 - [INFO] -    Confidence: 80%
2025-09-14 19:23:43 - [INFO] -    Reasoning: 3 factors analyzed
2025-09-14 19:23:43 - [INFO] - 📊 RESULT: {'background_type': 'black', 'confidence': 80, 'background_pixels': 14884, 'object_pixels': 1500, 'background_percentage': 90.8447265625, 'total_pixels': 16384, 'debug_info': {'corner_mean': 0.0, 'edge_mean': 0.0, 'image_mean': 16.02252197265625, 'dark_edge_ratio': 1.0, 'bright_edge_ratio': 0.0, 'decision_factors': ['  Dark corners (0.0 < 50) → BLACK (+40)', '  Dark edges (100.0%) support BLACK (+30)', '  Dark image (16.0 < 80) supports BLACK (+10)']}}
2025-09-14 19:23:43 - [INFO] -   === END BACKGROUND ANALYSIS ===

2025-09-14 19:23:43 - [INFO] - 
  === BACKGROUND ANALYSIS DEBUG ===
2025-09-14 19:23:43 - [INFO] - Frame shape: (128, 128)
2025-09-14 19:23:43 - [INFO] - Frame dtype: uint16
2025-09-14 19:23:43 - [INFO] - Frame range: 0 to 205
2025-09-14 19:23:43 - [INFO] - 🔄 Normalized to uint8: 0 to 255
2025-09-14 19:23:43 - [INFO] - 📐 Image dimensions: 128x128 (16,384 pixels)
2025-09-14 19:23:43 - [INFO] - 🏠 Corner analysis with size: 16x16
2025-09-14 19:23:43 - [INFO] - 🏠 Corner means: [0.0, 0.0, 0.0, 0.0]
2025-09-14 19:23:43 - [INFO] - 🏠 Overall corner mean: 0.0
2025-09-14 19:23:43 - [INFO] - 🔲 Edge analysis:
2025-09-14 19:23:43 - [INFO] -    Edge mean: 0.0
2025-09-14 19:23:43 - [INFO] -    Dark edges (<50): 512/512 (100.0%)
2025-09-14 19:23:43 - [INFO] -    Bright edges (>200): 0/512 (0.0%)
2025-09-14 19:23:43 - [INFO] - 📊 Overall statistics:
2025-09-14 19:23:43 - [INFO] -    Image mean: 16.1
2025-09-14 19:23:43 - [INFO] -    Dark pixels (<50): 14,866 (90.7%)
2025-09-14 19:23:43 - [INFO] -    Bright pixels (>200): 92 (0.6%)
2025-09-14 19:23:43 - [INFO] -    Mid-range pixels: 1,426 (8.7%)
2025-09-14 19:23:43 - [INFO] - 📈 Histogram analysis:
2025-09-14 19:23:43 - [INFO] -    Found 0 peaks: []
2025-09-14 19:23:43 - [INFO] - 
  DECISION PROCESS:
2025-09-14 19:23:43 - [INFO] - 
📋 DECISION FACTORS:
2025-09-14 19:23:43 - [INFO] -      Dark corners (0.0 < 50) → BLACK (+40)
2025-09-14 19:23:43 - [INFO] -      Dark edges (100.0%) support BLACK (+30)
2025-09-14 19:23:43 - [INFO] -      Dark image (16.1 < 80) supports BLACK (+10)
2025-09-14 19:23:43 - [INFO] - 
  FINAL DECISION:
2025-09-14 19:23:43 - [INFO] -    Background Type: BLACK
2025-09-14 19:23:43 - [INFO] -    Confidence: 80%
2025-09-14 19:23:43 - [INFO] -    Reasoning: 3 factors analyzed
2025-09-14 19:23:43 - [INFO] - 📊 RESULT: {'background_type': 'black', 'confidence': 80, 'background_pixels': 14866, 'object_pixels': 1518, 'background_percentage': 90.73486328125, 'total_pixels': 16384, 'debug_info': {'corner_mean': 0.0, 'edge_mean': 0.0, 'image_mean': 16.13427734375, 'dark_edge_ratio': 1.0, 'bright_edge_ratio': 0.0, 'decision_factors': ['  Dark corners (0.0 < 50) → BLACK (+40)', '  Dark edges (100.0%) support BLACK (+30)', '  Dark image (16.1 < 80) supports BLACK (+10)']}}
2025-09-14 19:23:43 - [INFO] -   === END BACKGROUND ANALYSIS ===

2025-09-14 19:23:43 - [INFO] - 
  === BACKGROUND ANALYSIS DEBUG ===
2025-09-14 19:23:43 - [INFO] - Frame shape: (128, 128)
2025-09-14 19:23:43 - [INFO] - Frame dtype: uint16
2025-09-14 19:23:43 - [INFO] - Frame range: 0 to 199
2025-09-14 19:23:43 - [INFO] - 🔄 Normalized to uint8: 0 to 255
2025-09-14 19:23:43 - [INFO] - 📐 Image dimensions: 128x128 (16,384 pixels)
2025-09-14 19:23:43 - [INFO] - 🏠 Corner analysis with size: 16x16
2025-09-14 19:23:43 - [INFO] - 🏠 Corner means: [0.0, 0.0, 0.0, 0.0]
2025-09-14 19:23:43 - [INFO] - 🏠 Overall corner mean: 0.0
2025-09-14 19:23:43 - [INFO] - 🔲 Edge analysis:
2025-09-14 19:23:43 - [INFO] -    Edge mean: 0.0
2025-09-14 19:23:43 - [INFO] -    Dark edges (<50): 512/512 (100.0%)
2025-09-14 19:23:43 - [INFO] -    Bright edges (>200): 0/512 (0.0%)
2025-09-14 19:23:43 - [INFO] - 📊 Overall statistics:
2025-09-14 19:23:43 - [INFO] -    Image mean: 17.2
2025-09-14 19:23:43 - [INFO] -    Dark pixels (<50): 14,796 (90.3%)
2025-09-14 19:23:43 - [INFO] -    Bright pixels (>200): 139 (0.8%)
2025-09-14 19:23:43 - [INFO] -    Mid-range pixels: 1,449 (8.8%)
2025-09-14 19:23:43 - [INFO] - 📈 Histogram analysis:
2025-09-14 19:23:43 - [INFO] -    Found 0 peaks: []
2025-09-14 19:23:43 - [INFO] - 
  DECISION PROCESS:
2025-09-14 19:23:43 - [INFO] - 
📋 DECISION FACTORS:
2025-09-14 19:23:43 - [INFO] -      Dark corners (0.0 < 50) → BLACK (+40)
2025-09-14 19:23:43 - [INFO] -      Dark edges (100.0%) support BLACK (+30)
2025-09-14 19:23:43 - [INFO] -      Dark image (17.2 < 80) supports BLACK (+10)
2025-09-14 19:23:43 - [INFO] - 
  FINAL DECISION:
2025-09-14 19:23:43 - [INFO] -    Background Type: BLACK
2025-09-14 19:23:43 - [INFO] -    Confidence: 80%
2025-09-14 19:23:43 - [INFO] -    Reasoning: 3 factors analyzed
2025-09-14 19:23:43 - [INFO] - 📊 RESULT: {'background_type': 'black', 'confidence': 80, 'background_pixels': 14796, 'object_pixels': 1588, 'background_percentage': 90.3076171875, 'total_pixels': 16384, 'debug_info': {'corner_mean': 0.0, 'edge_mean': 0.0, 'image_mean': 17.20672607421875, 'dark_edge_ratio': 1.0, 'bright_edge_ratio': 0.0, 'decision_factors': ['  Dark corners (0.0 < 50) → BLACK (+40)', '  Dark edges (100.0%) support BLACK (+30)', '  Dark image (17.2 < 80) supports BLACK (+10)']}}
2025-09-14 19:23:43 - [INFO] -   === END BACKGROUND ANALYSIS ===

2025-09-14 19:23:43 - [INFO] - 
  === BACKGROUND ANALYSIS DEBUG ===
2025-09-14 19:23:43 - [INFO] - Frame shape: (128, 128)
2025-09-14 19:23:43 - [INFO] - Frame dtype: uint16
2025-09-14 19:23:43 - [INFO] - Frame range: 0 to 198
2025-09-14 19:23:43 - [INFO] - 🔄 Normalized to uint8: 0 to 255
2025-09-14 19:23:43 - [INFO] - 📐 Image dimensions: 128x128 (16,384 pixels)
2025-09-14 19:23:43 - [INFO] - 🏠 Corner analysis with size: 16x16
2025-09-14 19:23:43 - [INFO] - 🏠 Corner means: [0.0, 0.0, 0.0, 0.0]
2025-09-14 19:23:43 - [INFO] - 🏠 Overall corner mean: 0.0
2025-09-14 19:23:43 - [INFO] - 🔲 Edge analysis:
2025-09-14 19:23:43 - [INFO] -    Edge mean: 0.0
2025-09-14 19:23:43 - [INFO] -    Dark edges (<50): 512/512 (100.0%)
2025-09-14 19:23:43 - [INFO] -    Bright edges (>200): 0/512 (0.0%)
2025-09-14 19:23:43 - [INFO] - 📊 Overall statistics:
2025-09-14 19:23:43 - [INFO] -    Image mean: 18.1
2025-09-14 19:23:43 - [INFO] -    Dark pixels (<50): 14,705 (89.8%)
2025-09-14 19:23:43 - [INFO] -    Bright pixels (>200): 150 (0.9%)
2025-09-14 19:23:43 - [INFO] -    Mid-range pixels: 1,529 (9.3%)
2025-09-14 19:23:43 - [INFO] - 📈 Histogram analysis:
2025-09-14 19:23:43 - [INFO] -    Found 1 peaks: [(10, 650)]
2025-09-14 19:23:43 - [INFO] - 
  DECISION PROCESS:
2025-09-14 19:23:43 - [INFO] - 
📋 DECISION FACTORS:
2025-09-14 19:23:43 - [INFO] -      Dark corners (0.0 < 50) → BLACK (+40)
2025-09-14 19:23:43 - [INFO] -      Dark edges (100.0%) support BLACK (+30)
2025-09-14 19:23:43 - [INFO] -      Dark image (18.1 < 80) supports BLACK (+10)
2025-09-14 19:23:43 - [INFO] - 
  FINAL DECISION:
2025-09-14 19:23:43 - [INFO] -    Background Type: BLACK
2025-09-14 19:23:43 - [INFO] -    Confidence: 80%
2025-09-14 19:23:43 - [INFO] -    Reasoning: 3 factors analyzed
2025-09-14 19:23:43 - [INFO] - 📊 RESULT: {'background_type': 'black', 'confidence': 80, 'background_pixels': 14705, 'object_pixels': 1679, 'background_percentage': 89.752197265625, 'total_pixels': 16384, 'debug_info': {'corner_mean': 0.0, 'edge_mean': 0.0, 'image_mean': 18.07733154296875, 'dark_edge_ratio': 1.0, 'bright_edge_ratio': 0.0, 'decision_factors': ['  Dark corners (0.0 < 50) → BLACK (+40)', '  Dark edges (100.0%) support BLACK (+30)', '  Dark image (18.1 < 80) supports BLACK (+10)']}}
2025-09-14 19:23:43 - [INFO] -   === END BACKGROUND ANALYSIS ===

2025-09-14 19:23:43 - [INFO] - 
  === BACKGROUND ANALYSIS DEBUG ===
2025-09-14 19:23:43 - [INFO] - Frame shape: (128, 128)
2025-09-14 19:23:43 - [INFO] - Frame dtype: uint16
2025-09-14 19:23:43 - [INFO] - Frame range: 0 to 203
2025-09-14 19:23:43 - [INFO] - 🔄 Normalized to uint8: 0 to 255
2025-09-14 19:23:43 - [INFO] - 📐 Image dimensions: 128x128 (16,384 pixels)
2025-09-14 19:23:43 - [INFO] - 🏠 Corner analysis with size: 16x16
2025-09-14 19:23:43 - [INFO] - 🏠 Corner means: [0.0, 0.0, 0.0, 0.0]
2025-09-14 19:23:43 - [INFO] - 🏠 Overall corner mean: 0.0
2025-09-14 19:23:43 - [INFO] - 🔲 Edge analysis:
2025-09-14 19:23:43 - [INFO] -    Edge mean: 0.0
2025-09-14 19:23:43 - [INFO] -    Dark edges (<50): 512/512 (100.0%)
2025-09-14 19:23:43 - [INFO] -    Bright edges (>200): 0/512 (0.0%)
2025-09-14 19:23:43 - [INFO] - 📊 Overall statistics:
2025-09-14 19:23:43 - [INFO] -    Image mean: 18.7
2025-09-14 19:23:43 - [INFO] -    Dark pixels (<50): 14,618 (89.2%)
2025-09-14 19:23:43 - [INFO] -    Bright pixels (>200): 118 (0.7%)
2025-09-14 19:23:43 - [INFO] -    Mid-range pixels: 1,648 (10.1%)
2025-09-14 19:23:43 - [INFO] - 📈 Histogram analysis:
2025-09-14 19:23:43 - [INFO] -    Found 0 peaks: []
2025-09-14 19:23:43 - [INFO] - 
  DECISION PROCESS:
2025-09-14 19:23:43 - [INFO] - 
📋 DECISION FACTORS:
2025-09-14 19:23:43 - [INFO] -      Dark corners (0.0 < 50) → BLACK (+40)
2025-09-14 19:23:43 - [INFO] -      Dark edges (100.0%) support BLACK (+30)
2025-09-14 19:23:43 - [INFO] -      Dark image (18.7 < 80) supports BLACK (+10)
2025-09-14 19:23:43 - [INFO] - 
  FINAL DECISION:
2025-09-14 19:23:43 - [INFO] -    Background Type: BLACK
2025-09-14 19:23:43 - [INFO] -    Confidence: 80%
2025-09-14 19:23:43 - [INFO] -    Reasoning: 3 factors analyzed
2025-09-14 19:23:43 - [INFO] - 📊 RESULT: {'background_type': 'black', 'confidence': 80, 'background_pixels': 14618, 'object_pixels': 1766, 'background_percentage': 89.22119140625, 'total_pixels': 16384, 'debug_info': {'corner_mean': 0.0, 'edge_mean': 0.0, 'image_mean': 18.72845458984375, 'dark_edge_ratio': 1.0, 'bright_edge_ratio': 0.0, 'decision_factors': ['  Dark corners (0.0 < 50) → BLACK (+40)', '  Dark edges (100.0%) support BLACK (+30)', '  Dark image (18.7 < 80) supports BLACK (+10)']}}
2025-09-14 19:23:43 - [INFO] -   === END BACKGROUND ANALYSIS ===

2025-09-14 19:23:43 - [INFO] - 
  === BACKGROUND ANALYSIS DEBUG ===
2025-09-14 19:23:43 - [INFO] - Frame shape: (128, 128)
2025-09-14 19:23:43 - [INFO] - Frame dtype: uint16
2025-09-14 19:23:43 - [INFO] - Frame range: 0 to 204
2025-09-14 19:23:43 - [INFO] - 🔄 Normalized to uint8: 0 to 255
2025-09-14 19:23:43 - [INFO] - 📐 Image dimensions: 128x128 (16,384 pixels)
2025-09-14 19:23:43 - [INFO] - 🏠 Corner analysis with size: 16x16
2025-09-14 19:23:43 - [INFO] - 🏠 Corner means: [0.0, 0.0, 0.0, 0.0]
2025-09-14 19:23:43 - [INFO] - 🏠 Overall corner mean: 0.0
2025-09-14 19:23:43 - [INFO] - 🔲 Edge analysis:
2025-09-14 19:23:43 - [INFO] -    Edge mean: 0.0
2025-09-14 19:23:43 - [INFO] -    Dark edges (<50): 512/512 (100.0%)
2025-09-14 19:23:43 - [INFO] -    Bright edges (>200): 0/512 (0.0%)
2025-09-14 19:23:43 - [INFO] - 📊 Overall statistics:
2025-09-14 19:23:43 - [INFO] -    Image mean: 20.1
2025-09-14 19:23:43 - [INFO] -    Dark pixels (<50): 14,488 (88.4%)
2025-09-14 19:23:43 - [INFO] -    Bright pixels (>200): 126 (0.8%)
2025-09-14 19:23:43 - [INFO] -    Mid-range pixels: 1,770 (10.8%)
2025-09-14 19:23:43 - [INFO] - 📈 Histogram analysis:
2025-09-14 19:23:43 - [INFO] -    Found 0 peaks: []
2025-09-14 19:23:43 - [INFO] - 
  DECISION PROCESS:
2025-09-14 19:23:43 - [INFO] - 
📋 DECISION FACTORS:
2025-09-14 19:23:43 - [INFO] -      Dark corners (0.0 < 50) → BLACK (+40)
2025-09-14 19:23:43 - [INFO] -      Dark edges (100.0%) support BLACK (+30)
2025-09-14 19:23:43 - [INFO] -      Dark image (20.1 < 80) supports BLACK (+10)
2025-09-14 19:23:43 - [INFO] - 
  FINAL DECISION:
2025-09-14 19:23:43 - [INFO] -    Background Type: BLACK
2025-09-14 19:23:43 - [INFO] -    Confidence: 80%
2025-09-14 19:23:43 - [INFO] -    Reasoning: 3 factors analyzed
2025-09-14 19:23:43 - [INFO] - 📊 RESULT: {'background_type': 'black', 'confidence': 80, 'background_pixels': 14488, 'object_pixels': 1896, 'background_percentage': 88.427734375, 'total_pixels': 16384, 'debug_info': {'corner_mean': 0.0, 'edge_mean': 0.0, 'image_mean': 20.060791015625, 'dark_edge_ratio': 1.0, 'bright_edge_ratio': 0.0, 'decision_factors': ['  Dark corners (0.0 < 50) → BLACK (+40)', '  Dark edges (100.0%) support BLACK (+30)', '  Dark image (20.1 < 80) supports BLACK (+10)']}}
2025-09-14 19:23:43 - [INFO] -   === END BACKGROUND ANALYSIS ===

2025-09-14 19:23:43 - [INFO] - 
  === BACKGROUND ANALYSIS DEBUG ===
2025-09-14 19:23:43 - [INFO] - Frame shape: (128, 128)
2025-09-14 19:23:43 - [INFO] - Frame dtype: uint16
2025-09-14 19:23:43 - [INFO] - Frame range: 0 to 198
2025-09-14 19:23:43 - [INFO] - 🔄 Normalized to uint8: 0 to 255
2025-09-14 19:23:43 - [INFO] - 📐 Image dimensions: 128x128 (16,384 pixels)
2025-09-14 19:23:43 - [INFO] - 🏠 Corner analysis with size: 16x16
2025-09-14 19:23:43 - [INFO] - 🏠 Corner means: [0.0, 0.0, 0.0, 0.0]
2025-09-14 19:23:43 - [INFO] - 🏠 Overall corner mean: 0.0
2025-09-14 19:23:43 - [INFO] - 🔲 Edge analysis:
2025-09-14 19:23:43 - [INFO] -    Edge mean: 0.0
2025-09-14 19:23:43 - [INFO] -    Dark edges (<50): 512/512 (100.0%)
2025-09-14 19:23:43 - [INFO] -    Bright edges (>200): 0/512 (0.0%)
2025-09-14 19:23:43 - [INFO] - 📊 Overall statistics:
2025-09-14 19:23:43 - [INFO] -    Image mean: 22.3
2025-09-14 19:23:43 - [INFO] -    Dark pixels (<50): 14,304 (87.3%)
2025-09-14 19:23:43 - [INFO] -    Bright pixels (>200): 191 (1.2%)
2025-09-14 19:23:43 - [INFO] -    Mid-range pixels: 1,889 (11.5%)
2025-09-14 19:23:43 - [INFO] - 📈 Histogram analysis:
2025-09-14 19:23:43 - [INFO] -    Found 0 peaks: []
2025-09-14 19:23:43 - [INFO] - 
  DECISION PROCESS:
2025-09-14 19:23:43 - [INFO] - 
📋 DECISION FACTORS:
2025-09-14 19:23:43 - [INFO] -      Dark corners (0.0 < 50) → BLACK (+40)
2025-09-14 19:23:43 - [INFO] -      Dark edges (100.0%) support BLACK (+30)
2025-09-14 19:23:43 - [INFO] -      Dark image (22.3 < 80) supports BLACK (+10)
2025-09-14 19:23:43 - [INFO] - 
  FINAL DECISION:
2025-09-14 19:23:43 - [INFO] -    Background Type: BLACK
2025-09-14 19:23:43 - [INFO] -    Confidence: 80%
2025-09-14 19:23:43 - [INFO] -    Reasoning: 3 factors analyzed
2025-09-14 19:23:43 - [INFO] - 📊 RESULT: {'background_type': 'black', 'confidence': 80, 'background_pixels': 14304, 'object_pixels': 2080, 'background_percentage': 87.3046875, 'total_pixels': 16384, 'debug_info': {'corner_mean': 0.0, 'edge_mean': 0.0, 'image_mean': 22.3193359375, 'dark_edge_ratio': 1.0, 'bright_edge_ratio': 0.0, 'decision_factors': ['  Dark corners (0.0 < 50) → BLACK (+40)', '  Dark edges (100.0%) support BLACK (+30)', '  Dark image (22.3 < 80) supports BLACK (+10)']}}
2025-09-14 19:23:43 - [INFO] -   === END BACKGROUND ANALYSIS ===

2025-09-14 19:23:43 - [INFO] - 
  === BACKGROUND ANALYSIS DEBUG ===
2025-09-14 19:23:43 - [INFO] - Frame shape: (128, 128)
2025-09-14 19:23:43 - [INFO] - Frame dtype: uint16
2025-09-14 19:23:43 - [INFO] - Frame range: 0 to 192
2025-09-14 19:23:43 - [INFO] - 🔄 Normalized to uint8: 0 to 255
2025-09-14 19:23:43 - [INFO] - 📐 Image dimensions: 128x128 (16,384 pixels)
2025-09-14 19:23:43 - [INFO] - 🏠 Corner analysis with size: 16x16
2025-09-14 19:23:43 - [INFO] - 🏠 Corner means: [0.0, 0.0, 0.0, 0.0]
2025-09-14 19:23:43 - [INFO] - 🏠 Overall corner mean: 0.0
2025-09-14 19:23:43 - [INFO] - 🔲 Edge analysis:
2025-09-14 19:23:43 - [INFO] -    Edge mean: 0.0
2025-09-14 19:23:43 - [INFO] -    Dark edges (<50): 512/512 (100.0%)
2025-09-14 19:23:43 - [INFO] -    Bright edges (>200): 0/512 (0.0%)
2025-09-14 19:23:43 - [INFO] - 📊 Overall statistics:
2025-09-14 19:23:43 - [INFO] -    Image mean: 25.1
2025-09-14 19:23:43 - [INFO] -    Dark pixels (<50): 14,104 (86.1%)
2025-09-14 19:23:43 - [INFO] -    Bright pixels (>200): 663 (4.0%)
2025-09-14 19:23:43 - [INFO] -    Mid-range pixels: 1,617 (9.9%)
2025-09-14 19:23:43 - [INFO] - 📈 Histogram analysis:
2025-09-14 19:23:43 - [INFO] -    Found 0 peaks: []
2025-09-14 19:23:43 - [INFO] - 
  DECISION PROCESS:
2025-09-14 19:23:43 - [INFO] - 
📋 DECISION FACTORS:
2025-09-14 19:23:43 - [INFO] -      Dark corners (0.0 < 50) → BLACK (+40)
2025-09-14 19:23:43 - [INFO] -      Dark edges (100.0%) support BLACK (+30)
2025-09-14 19:23:43 - [INFO] -      Dark image (25.1 < 80) supports BLACK (+10)
2025-09-14 19:23:43 - [INFO] - 
  FINAL DECISION:
2025-09-14 19:23:43 - [INFO] -    Background Type: BLACK
2025-09-14 19:23:43 - [INFO] -    Confidence: 80%
2025-09-14 19:23:43 - [INFO] -    Reasoning: 3 factors analyzed
2025-09-14 19:23:43 - [INFO] - 📊 RESULT: {'background_type': 'black', 'confidence': 80, 'background_pixels': 14104, 'object_pixels': 2280, 'background_percentage': 86.083984375, 'total_pixels': 16384, 'debug_info': {'corner_mean': 0.0, 'edge_mean': 0.0, 'image_mean': 25.077392578125, 'dark_edge_ratio': 1.0, 'bright_edge_ratio': 0.0, 'decision_factors': ['  Dark corners (0.0 < 50) → BLACK (+40)', '  Dark edges (100.0%) support BLACK (+30)', '  Dark image (25.1 < 80) supports BLACK (+10)']}}
2025-09-14 19:23:43 - [INFO] -   === END BACKGROUND ANALYSIS ===

2025-09-14 19:23:43 - [INFO] - 
  === BACKGROUND ANALYSIS DEBUG ===
2025-09-14 19:23:43 - [INFO] - Frame shape: (128, 128)
2025-09-14 19:23:43 - [INFO] - Frame dtype: uint16
2025-09-14 19:23:43 - [INFO] - Frame range: 0 to 189
2025-09-14 19:23:43 - [INFO] - 🔄 Normalized to uint8: 0 to 255
2025-09-14 19:23:43 - [INFO] - 📐 Image dimensions: 128x128 (16,384 pixels)
2025-09-14 19:23:43 - [INFO] - 🏠 Corner analysis with size: 16x16
2025-09-14 19:23:43 - [INFO] - 🏠 Corner means: [0.0, 0.0, 0.0, 0.0]
2025-09-14 19:23:43 - [INFO] - 🏠 Overall corner mean: 0.0
2025-09-14 19:23:43 - [INFO] - 🔲 Edge analysis:
2025-09-14 19:23:43 - [INFO] -    Edge mean: 0.0
2025-09-14 19:23:43 - [INFO] -    Dark edges (<50): 512/512 (100.0%)
2025-09-14 19:23:43 - [INFO] -    Bright edges (>200): 0/512 (0.0%)
2025-09-14 19:23:43 - [INFO] - 📊 Overall statistics:
2025-09-14 19:23:43 - [INFO] -    Image mean: 27.8
2025-09-14 19:23:43 - [INFO] -    Dark pixels (<50): 13,923 (85.0%)
2025-09-14 19:23:43 - [INFO] -    Bright pixels (>200): 956 (5.8%)
2025-09-14 19:23:43 - [INFO] -    Mid-range pixels: 1,505 (9.2%)
2025-09-14 19:23:43 - [INFO] - 📈 Histogram analysis:
2025-09-14 19:23:43 - [INFO] -    Found 0 peaks: []
2025-09-14 19:23:43 - [INFO] - 
  DECISION PROCESS:
2025-09-14 19:23:43 - [INFO] - 
📋 DECISION FACTORS:
2025-09-14 19:23:43 - [INFO] -      Dark corners (0.0 < 50) → BLACK (+40)
2025-09-14 19:23:43 - [INFO] -      Dark edges (100.0%) support BLACK (+30)
2025-09-14 19:23:43 - [INFO] -      Dark image (27.8 < 80) supports BLACK (+10)
2025-09-14 19:23:43 - [INFO] - 
  FINAL DECISION:
2025-09-14 19:23:43 - [INFO] -    Background Type: BLACK
2025-09-14 19:23:43 - [INFO] -    Confidence: 80%
2025-09-14 19:23:43 - [INFO] -    Reasoning: 3 factors analyzed
2025-09-14 19:23:43 - [INFO] - 📊 RESULT: {'background_type': 'black', 'confidence': 80, 'background_pixels': 13923, 'object_pixels': 2461, 'background_percentage': 84.979248046875, 'total_pixels': 16384, 'debug_info': {'corner_mean': 0.0, 'edge_mean': 0.0, 'image_mean': 27.7703857421875, 'dark_edge_ratio': 1.0, 'bright_edge_ratio': 0.0, 'decision_factors': ['  Dark corners (0.0 < 50) → BLACK (+40)', '  Dark edges (100.0%) support BLACK (+30)', '  Dark image (27.8 < 80) supports BLACK (+10)']}}
2025-09-14 19:23:43 - [INFO] -   === END BACKGROUND ANALYSIS ===

2025-09-14 19:23:43 - [INFO] - 
  === BACKGROUND ANALYSIS DEBUG ===
2025-09-14 19:23:43 - [INFO] - Frame shape: (128, 128)
2025-09-14 19:23:43 - [INFO] - Frame dtype: uint16
2025-09-14 19:23:43 - [INFO] - Frame range: 0 to 191
2025-09-14 19:23:43 - [INFO] - 🔄 Normalized to uint8: 0 to 255
2025-09-14 19:23:43 - [INFO] - 📐 Image dimensions: 128x128 (16,384 pixels)
2025-09-14 19:23:43 - [INFO] - 🏠 Corner analysis with size: 16x16
2025-09-14 19:23:43 - [INFO] - 🏠 Corner means: [0.0, 0.0, 0.0, 0.0]
2025-09-14 19:23:43 - [INFO] - 🏠 Overall corner mean: 0.0
2025-09-14 19:23:43 - [INFO] - 🔲 Edge analysis:
2025-09-14 19:23:43 - [INFO] -    Edge mean: 0.0
2025-09-14 19:23:43 - [INFO] -    Dark edges (<50): 512/512 (100.0%)
2025-09-14 19:23:43 - [INFO] -    Bright edges (>200): 0/512 (0.0%)
2025-09-14 19:23:43 - [INFO] - 📊 Overall statistics:
2025-09-14 19:23:43 - [INFO] -    Image mean: 29.6
2025-09-14 19:23:43 - [INFO] -    Dark pixels (<50): 13,763 (84.0%)
2025-09-14 19:23:43 - [INFO] -    Bright pixels (>200): 944 (5.8%)
2025-09-14 19:23:43 - [INFO] -    Mid-range pixels: 1,677 (10.2%)
2025-09-14 19:23:43 - [INFO] - 📈 Histogram analysis:
2025-09-14 19:23:43 - [INFO] -    Found 0 peaks: []
2025-09-14 19:23:43 - [INFO] - 
  DECISION PROCESS:
2025-09-14 19:23:43 - [INFO] - 
📋 DECISION FACTORS:
2025-09-14 19:23:43 - [INFO] -      Dark corners (0.0 < 50) → BLACK (+40)
2025-09-14 19:23:43 - [INFO] -      Dark edges (100.0%) support BLACK (+30)
2025-09-14 19:23:43 - [INFO] -      Dark image (29.6 < 80) supports BLACK (+10)
2025-09-14 19:23:43 - [INFO] - 
  FINAL DECISION:
2025-09-14 19:23:43 - [INFO] -    Background Type: BLACK
2025-09-14 19:23:43 - [INFO] -    Confidence: 80%
2025-09-14 19:23:43 - [INFO] -    Reasoning: 3 factors analyzed
2025-09-14 19:23:43 - [INFO] - 📊 RESULT: {'background_type': 'black', 'confidence': 80, 'background_pixels': 13763, 'object_pixels': 2621, 'background_percentage': 84.002685546875, 'total_pixels': 16384, 'debug_info': {'corner_mean': 0.0, 'edge_mean': 0.0, 'image_mean': 29.61346435546875, 'dark_edge_ratio': 1.0, 'bright_edge_ratio': 0.0, 'decision_factors': ['  Dark corners (0.0 < 50) → BLACK (+40)', '  Dark edges (100.0%) support BLACK (+30)', '  Dark image (29.6 < 80) supports BLACK (+10)']}}
2025-09-14 19:23:43 - [INFO] -   === END BACKGROUND ANALYSIS ===

2025-09-14 19:23:43 - [INFO] - 
  === BACKGROUND ANALYSIS DEBUG ===
2025-09-14 19:23:43 - [INFO] - Frame shape: (128, 128)
2025-09-14 19:23:43 - [INFO] - Frame dtype: uint16
2025-09-14 19:23:43 - [INFO] - Frame range: 0 to 196
2025-09-14 19:23:43 - [INFO] - 🔄 Normalized to uint8: 0 to 255
2025-09-14 19:23:43 - [INFO] - 📐 Image dimensions: 128x128 (16,384 pixels)
2025-09-14 19:23:43 - [INFO] - 🏠 Corner analysis with size: 16x16
2025-09-14 19:23:43 - [INFO] - 🏠 Corner means: [0.0, 0.0, 0.0, 0.0]
2025-09-14 19:23:43 - [INFO] - 🏠 Overall corner mean: 0.0
2025-09-14 19:23:43 - [INFO] - 🔲 Edge analysis:
2025-09-14 19:23:43 - [INFO] -    Edge mean: 0.0
2025-09-14 19:23:43 - [INFO] -    Dark edges (<50): 512/512 (100.0%)
2025-09-14 19:23:43 - [INFO] -    Bright edges (>200): 0/512 (0.0%)
2025-09-14 19:23:43 - [INFO] - 📊 Overall statistics:
2025-09-14 19:23:43 - [INFO] -    Image mean: 30.6
2025-09-14 19:23:43 - [INFO] -    Dark pixels (<50): 13,648 (83.3%)
2025-09-14 19:23:43 - [INFO] -    Bright pixels (>200): 638 (3.9%)
2025-09-14 19:23:43 - [INFO] -    Mid-range pixels: 2,098 (12.8%)
2025-09-14 19:23:43 - [INFO] - 📈 Histogram analysis:
2025-09-14 19:23:43 - [INFO] -    Found 0 peaks: []
2025-09-14 19:23:43 - [INFO] - 
  DECISION PROCESS:
2025-09-14 19:23:43 - [INFO] - 
📋 DECISION FACTORS:
2025-09-14 19:23:43 - [INFO] -      Dark corners (0.0 < 50) → BLACK (+40)
2025-09-14 19:23:43 - [INFO] -      Dark edges (100.0%) support BLACK (+30)
2025-09-14 19:23:43 - [INFO] -      Dark image (30.6 < 80) supports BLACK (+10)
2025-09-14 19:23:43 - [INFO] - 
  FINAL DECISION:
2025-09-14 19:23:43 - [INFO] -    Background Type: BLACK
2025-09-14 19:23:43 - [INFO] -    Confidence: 80%
2025-09-14 19:23:43 - [INFO] -    Reasoning: 3 factors analyzed
2025-09-14 19:23:43 - [INFO] - 📊 RESULT: {'background_type': 'black', 'confidence': 80, 'background_pixels': 13648, 'object_pixels': 2736, 'background_percentage': 83.30078125, 'total_pixels': 16384, 'debug_info': {'corner_mean': 0.0, 'edge_mean': 0.0, 'image_mean': 30.64630126953125, 'dark_edge_ratio': 1.0, 'bright_edge_ratio': 0.0, 'decision_factors': ['  Dark corners (0.0 < 50) → BLACK (+40)', '  Dark edges (100.0%) support BLACK (+30)', '  Dark image (30.6 < 80) supports BLACK (+10)']}}
2025-09-14 19:23:43 - [INFO] -   === END BACKGROUND ANALYSIS ===

2025-09-14 19:23:43 - [INFO] - 
  === BACKGROUND ANALYSIS DEBUG ===
2025-09-14 19:23:43 - [INFO] - Frame shape: (128, 128)
2025-09-14 19:23:43 - [INFO] - Frame dtype: uint16
2025-09-14 19:23:43 - [INFO] - Frame range: 0 to 188
2025-09-14 19:23:43 - [INFO] - 🔄 Normalized to uint8: 0 to 255
2025-09-14 19:23:43 - [INFO] - 📐 Image dimensions: 128x128 (16,384 pixels)
2025-09-14 19:23:43 - [INFO] - 🏠 Corner analysis with size: 16x16
2025-09-14 19:23:43 - [INFO] - 🏠 Corner means: [0.0, 0.0, 0.0, 0.0]
2025-09-14 19:23:43 - [INFO] - 🏠 Overall corner mean: 0.0
2025-09-14 19:23:43 - [INFO] - 🔲 Edge analysis:
2025-09-14 19:23:43 - [INFO] -    Edge mean: 0.0
2025-09-14 19:23:43 - [INFO] -    Dark edges (<50): 512/512 (100.0%)
2025-09-14 19:23:43 - [INFO] -    Bright edges (>200): 0/512 (0.0%)
2025-09-14 19:23:43 - [INFO] - 📊 Overall statistics:
2025-09-14 19:23:43 - [INFO] -    Image mean: 33.5
2025-09-14 19:23:43 - [INFO] -    Dark pixels (<50): 13,437 (82.0%)
2025-09-14 19:23:43 - [INFO] -    Bright pixels (>200): 1,429 (8.7%)
2025-09-14 19:23:43 - [INFO] -    Mid-range pixels: 1,518 (9.3%)
2025-09-14 19:23:43 - [INFO] - 📈 Histogram analysis:
2025-09-14 19:23:43 - [INFO] -    Found 0 peaks: []
2025-09-14 19:23:43 - [INFO] - 
  DECISION PROCESS:
2025-09-14 19:23:43 - [INFO] - 
📋 DECISION FACTORS:
2025-09-14 19:23:43 - [INFO] -      Dark corners (0.0 < 50) → BLACK (+40)
2025-09-14 19:23:43 - [INFO] -      Dark edges (100.0%) support BLACK (+30)
2025-09-14 19:23:43 - [INFO] -      Dark image (33.5 < 80) supports BLACK (+10)
2025-09-14 19:23:43 - [INFO] - 
  FINAL DECISION:
2025-09-14 19:23:43 - [INFO] -    Background Type: BLACK
2025-09-14 19:23:43 - [INFO] -    Confidence: 80%
2025-09-14 19:23:43 - [INFO] -    Reasoning: 3 factors analyzed
2025-09-14 19:23:43 - [INFO] - 📊 RESULT: {'background_type': 'black', 'confidence': 80, 'background_pixels': 13437, 'object_pixels': 2947, 'background_percentage': 82.012939453125, 'total_pixels': 16384, 'debug_info': {'corner_mean': 0.0, 'edge_mean': 0.0, 'image_mean': 33.46417236328125, 'dark_edge_ratio': 1.0, 'bright_edge_ratio': 0.0, 'decision_factors': ['  Dark corners (0.0 < 50) → BLACK (+40)', '  Dark edges (100.0%) support BLACK (+30)', '  Dark image (33.5 < 80) supports BLACK (+10)']}}
2025-09-14 19:23:43 - [INFO] -   === END BACKGROUND ANALYSIS ===

2025-09-14 19:23:43 - [INFO] - 
  === BACKGROUND ANALYSIS DEBUG ===
2025-09-14 19:23:43 - [INFO] - Frame shape: (128, 128)
2025-09-14 19:23:43 - [INFO] - Frame dtype: uint16
2025-09-14 19:23:43 - [INFO] - Frame range: 0 to 191
2025-09-14 19:23:43 - [INFO] - 🔄 Normalized to uint8: 0 to 255
2025-09-14 19:23:43 - [INFO] - 📐 Image dimensions: 128x128 (16,384 pixels)
2025-09-14 19:23:43 - [INFO] - 🏠 Corner analysis with size: 16x16
2025-09-14 19:23:43 - [INFO] - 🏠 Corner means: [0.0, 0.0, 0.0, 0.0]
2025-09-14 19:23:43 - [INFO] - 🏠 Overall corner mean: 0.0
2025-09-14 19:23:43 - [INFO] - 🔲 Edge analysis:
2025-09-14 19:23:43 - [INFO] -    Edge mean: 0.0
2025-09-14 19:23:43 - [INFO] -    Dark edges (<50): 512/512 (100.0%)
2025-09-14 19:23:43 - [INFO] -    Bright edges (>200): 0/512 (0.0%)
2025-09-14 19:23:43 - [INFO] - 📊 Overall statistics:
2025-09-14 19:23:43 - [INFO] -    Image mean: 34.1
2025-09-14 19:23:43 - [INFO] -    Dark pixels (<50): 13,364 (81.6%)
2025-09-14 19:23:43 - [INFO] -    Bright pixels (>200): 1,339 (8.2%)
2025-09-14 19:23:43 - [INFO] -    Mid-range pixels: 1,681 (10.3%)
2025-09-14 19:23:43 - [INFO] - 📈 Histogram analysis:
2025-09-14 19:23:43 - [INFO] -    Found 0 peaks: []
2025-09-14 19:23:43 - [INFO] - 
  DECISION PROCESS:
2025-09-14 19:23:43 - [INFO] - 
📋 DECISION FACTORS:
2025-09-14 19:23:43 - [INFO] -      Dark corners (0.0 < 50) → BLACK (+40)
2025-09-14 19:23:43 - [INFO] -      Dark edges (100.0%) support BLACK (+30)
2025-09-14 19:23:43 - [INFO] -      Dark image (34.1 < 80) supports BLACK (+10)
2025-09-14 19:23:43 - [INFO] - 
  FINAL DECISION:
2025-09-14 19:23:43 - [INFO] -    Background Type: BLACK
2025-09-14 19:23:43 - [INFO] -    Confidence: 80%
2025-09-14 19:23:43 - [INFO] -    Reasoning: 3 factors analyzed
2025-09-14 19:23:43 - [INFO] - 📊 RESULT: {'background_type': 'black', 'confidence': 80, 'background_pixels': 13364, 'object_pixels': 3020, 'background_percentage': 81.5673828125, 'total_pixels': 16384, 'debug_info': {'corner_mean': 0.0, 'edge_mean': 0.0, 'image_mean': 34.10595703125, 'dark_edge_ratio': 1.0, 'bright_edge_ratio': 0.0, 'decision_factors': ['  Dark corners (0.0 < 50) → BLACK (+40)', '  Dark edges (100.0%) support BLACK (+30)', '  Dark image (34.1 < 80) supports BLACK (+10)']}}
2025-09-14 19:23:43 - [INFO] -   === END BACKGROUND ANALYSIS ===

2025-09-14 19:23:43 - [INFO] - 
  === BACKGROUND ANALYSIS DEBUG ===
2025-09-14 19:23:43 - [INFO] - Frame shape: (128, 128)
2025-09-14 19:23:43 - [INFO] - Frame dtype: uint16
2025-09-14 19:23:43 - [INFO] - Frame range: 0 to 195
2025-09-14 19:23:43 - [INFO] - 🔄 Normalized to uint8: 0 to 255
2025-09-14 19:23:43 - [INFO] - 📐 Image dimensions: 128x128 (16,384 pixels)
2025-09-14 19:23:43 - [INFO] - 🏠 Corner analysis with size: 16x16
2025-09-14 19:23:43 - [INFO] - 🏠 Corner means: [0.0, 0.0, 0.0, 0.0]
2025-09-14 19:23:43 - [INFO] - 🏠 Overall corner mean: 0.0
2025-09-14 19:23:43 - [INFO] - 🔲 Edge analysis:
2025-09-14 19:23:43 - [INFO] -    Edge mean: 0.0
2025-09-14 19:23:43 - [INFO] -    Dark edges (<50): 512/512 (100.0%)
2025-09-14 19:23:43 - [INFO] -    Bright edges (>200): 0/512 (0.0%)
2025-09-14 19:23:43 - [INFO] - 📊 Overall statistics:
2025-09-14 19:23:43 - [INFO] -    Image mean: 34.4
2025-09-14 19:23:43 - [INFO] -    Dark pixels (<50): 13,320 (81.3%)
2025-09-14 19:23:43 - [INFO] -    Bright pixels (>200): 1,177 (7.2%)
2025-09-14 19:23:43 - [INFO] -    Mid-range pixels: 1,887 (11.5%)
2025-09-14 19:23:43 - [INFO] - 📈 Histogram analysis:
2025-09-14 19:23:43 - [INFO] -    Found 0 peaks: []
2025-09-14 19:23:43 - [INFO] - 
  DECISION PROCESS:
2025-09-14 19:23:43 - [INFO] - 
📋 DECISION FACTORS:
2025-09-14 19:23:43 - [INFO] -      Dark corners (0.0 < 50) → BLACK (+40)
2025-09-14 19:23:43 - [INFO] -      Dark edges (100.0%) support BLACK (+30)
2025-09-14 19:23:43 - [INFO] -      Dark image (34.4 < 80) supports BLACK (+10)
2025-09-14 19:23:43 - [INFO] - 
  FINAL DECISION:
2025-09-14 19:23:43 - [INFO] -    Background Type: BLACK
2025-09-14 19:23:43 - [INFO] -    Confidence: 80%
2025-09-14 19:23:43 - [INFO] -    Reasoning: 3 factors analyzed
2025-09-14 19:23:43 - [INFO] - 📊 RESULT: {'background_type': 'black', 'confidence': 80, 'background_pixels': 13320, 'object_pixels': 3064, 'background_percentage': 81.298828125, 'total_pixels': 16384, 'debug_info': {'corner_mean': 0.0, 'edge_mean': 0.0, 'image_mean': 34.44976806640625, 'dark_edge_ratio': 1.0, 'bright_edge_ratio': 0.0, 'decision_factors': ['  Dark corners (0.0 < 50) → BLACK (+40)', '  Dark edges (100.0%) support BLACK (+30)', '  Dark image (34.4 < 80) supports BLACK (+10)']}}
2025-09-14 19:23:43 - [INFO] -   === END BACKGROUND ANALYSIS ===

2025-09-14 19:23:43 - [INFO] - 
  === BACKGROUND ANALYSIS DEBUG ===
2025-09-14 19:23:43 - [INFO] - Frame shape: (128, 128)
2025-09-14 19:23:43 - [INFO] - Frame dtype: uint16
2025-09-14 19:23:43 - [INFO] - Frame range: 0 to 199
2025-09-14 19:23:43 - [INFO] - 🔄 Normalized to uint8: 0 to 255
2025-09-14 19:23:43 - [INFO] - 📐 Image dimensions: 128x128 (16,384 pixels)
2025-09-14 19:23:43 - [INFO] - 🏠 Corner analysis with size: 16x16
2025-09-14 19:23:43 - [INFO] - 🏠 Corner means: [0.0, 0.0, 0.0, 0.0]
2025-09-14 19:23:43 - [INFO] - 🏠 Overall corner mean: 0.0
2025-09-14 19:23:43 - [INFO] - 🔲 Edge analysis:
2025-09-14 19:23:43 - [INFO] -    Edge mean: 0.0
2025-09-14 19:23:43 - [INFO] -    Dark edges (<50): 512/512 (100.0%)
2025-09-14 19:23:43 - [INFO] -    Bright edges (>200): 0/512 (0.0%)
2025-09-14 19:23:43 - [INFO] - 📊 Overall statistics:
2025-09-14 19:23:43 - [INFO] -    Image mean: 34.6
2025-09-14 19:23:43 - [INFO] -    Dark pixels (<50): 13,266 (81.0%)
2025-09-14 19:23:43 - [INFO] -    Bright pixels (>200): 976 (6.0%)
2025-09-14 19:23:43 - [INFO] -    Mid-range pixels: 2,142 (13.1%)
2025-09-14 19:23:43 - [INFO] - 📈 Histogram analysis:
2025-09-14 19:23:43 - [INFO] -    Found 0 peaks: []
2025-09-14 19:23:43 - [INFO] - 
  DECISION PROCESS:
2025-09-14 19:23:43 - [INFO] - 
📋 DECISION FACTORS:
2025-09-14 19:23:43 - [INFO] -      Dark corners (0.0 < 50) → BLACK (+40)
2025-09-14 19:23:43 - [INFO] -      Dark edges (100.0%) support BLACK (+30)
2025-09-14 19:23:43 - [INFO] -      Dark image (34.6 < 80) supports BLACK (+10)
2025-09-14 19:23:43 - [INFO] - 
  FINAL DECISION:
2025-09-14 19:23:43 - [INFO] -    Background Type: BLACK
2025-09-14 19:23:43 - [INFO] -    Confidence: 80%
2025-09-14 19:23:43 - [INFO] -    Reasoning: 3 factors analyzed
2025-09-14 19:23:43 - [INFO] - 📊 RESULT: {'background_type': 'black', 'confidence': 80, 'background_pixels': 13266, 'object_pixels': 3118, 'background_percentage': 80.96923828125, 'total_pixels': 16384, 'debug_info': {'corner_mean': 0.0, 'edge_mean': 0.0, 'image_mean': 34.59283447265625, 'dark_edge_ratio': 1.0, 'bright_edge_ratio': 0.0, 'decision_factors': ['  Dark corners (0.0 < 50) → BLACK (+40)', '  Dark edges (100.0%) support BLACK (+30)', '  Dark image (34.6 < 80) supports BLACK (+10)']}}
2025-09-14 19:23:43 - [INFO] -   === END BACKGROUND ANALYSIS ===

2025-09-14 19:23:43 - [INFO] - 
  === BACKGROUND ANALYSIS DEBUG ===
2025-09-14 19:23:43 - [INFO] - Frame shape: (128, 128)
2025-09-14 19:23:43 - [INFO] - Frame dtype: uint16
2025-09-14 19:23:43 - [INFO] - Frame range: 0 to 198
2025-09-14 19:23:43 - [INFO] - 🔄 Normalized to uint8: 0 to 255
2025-09-14 19:23:43 - [INFO] - 📐 Image dimensions: 128x128 (16,384 pixels)
2025-09-14 19:23:43 - [INFO] - 🏠 Corner analysis with size: 16x16
2025-09-14 19:23:43 - [INFO] - 🏠 Corner means: [0.0, 0.0, 0.0, 0.0]
2025-09-14 19:23:43 - [INFO] - 🏠 Overall corner mean: 0.0
2025-09-14 19:23:43 - [INFO] - 🔲 Edge analysis:
2025-09-14 19:23:43 - [INFO] -    Edge mean: 0.0
2025-09-14 19:23:43 - [INFO] -    Dark edges (<50): 512/512 (100.0%)
2025-09-14 19:23:43 - [INFO] -    Bright edges (>200): 0/512 (0.0%)
2025-09-14 19:23:43 - [INFO] - 📊 Overall statistics:
2025-09-14 19:23:43 - [INFO] -    Image mean: 35.4
2025-09-14 19:23:43 - [INFO] -    Dark pixels (<50): 13,163 (80.3%)
2025-09-14 19:23:43 - [INFO] -    Bright pixels (>200): 944 (5.8%)
2025-09-14 19:23:43 - [INFO] -    Mid-range pixels: 2,277 (13.9%)
2025-09-14 19:23:43 - [INFO] - 📈 Histogram analysis:
2025-09-14 19:23:43 - [INFO] -    Found 0 peaks: []
2025-09-14 19:23:43 - [INFO] - 
  DECISION PROCESS:
2025-09-14 19:23:43 - [INFO] - 
📋 DECISION FACTORS:
2025-09-14 19:23:43 - [INFO] -      Dark corners (0.0 < 50) → BLACK (+40)
2025-09-14 19:23:43 - [INFO] -      Dark edges (100.0%) support BLACK (+30)
2025-09-14 19:23:43 - [INFO] -      Dark image (35.4 < 80) supports BLACK (+10)
2025-09-14 19:23:43 - [INFO] - 
  FINAL DECISION:
2025-09-14 19:23:43 - [INFO] -    Background Type: BLACK
2025-09-14 19:23:43 - [INFO] -    Confidence: 80%
2025-09-14 19:23:43 - [INFO] -    Reasoning: 3 factors analyzed
2025-09-14 19:23:43 - [INFO] - 📊 RESULT: {'background_type': 'black', 'confidence': 80, 'background_pixels': 13163, 'object_pixels': 3221, 'background_percentage': 80.340576171875, 'total_pixels': 16384, 'debug_info': {'corner_mean': 0.0, 'edge_mean': 0.0, 'image_mean': 35.36883544921875, 'dark_edge_ratio': 1.0, 'bright_edge_ratio': 0.0, 'decision_factors': ['  Dark corners (0.0 < 50) → BLACK (+40)', '  Dark edges (100.0%) support BLACK (+30)', '  Dark image (35.4 < 80) supports BLACK (+10)']}}
2025-09-14 19:23:43 - [INFO] -   === END BACKGROUND ANALYSIS ===

2025-09-14 19:23:43 - [INFO] - 
  === BACKGROUND ANALYSIS DEBUG ===
2025-09-14 19:23:43 - [INFO] - Frame shape: (128, 128)
2025-09-14 19:23:43 - [INFO] - Frame dtype: uint16
2025-09-14 19:23:43 - [INFO] - Frame range: 0 to 200
2025-09-14 19:23:43 - [INFO] - 🔄 Normalized to uint8: 0 to 255
2025-09-14 19:23:43 - [INFO] - 📐 Image dimensions: 128x128 (16,384 pixels)
2025-09-14 19:23:43 - [INFO] - 🏠 Corner analysis with size: 16x16
2025-09-14 19:23:43 - [INFO] - 🏠 Corner means: [0.0, 0.0, 0.0, 0.0]
2025-09-14 19:23:43 - [INFO] - 🏠 Overall corner mean: 0.0
2025-09-14 19:23:43 - [INFO] - 🔲 Edge analysis:
2025-09-14 19:23:43 - [INFO] -    Edge mean: 0.0
2025-09-14 19:23:43 - [INFO] -    Dark edges (<50): 512/512 (100.0%)
2025-09-14 19:23:43 - [INFO] -    Bright edges (>200): 0/512 (0.0%)
2025-09-14 19:23:43 - [INFO] - 📊 Overall statistics:
2025-09-14 19:23:43 - [INFO] -    Image mean: 35.4
2025-09-14 19:23:43 - [INFO] -    Dark pixels (<50): 13,162 (80.3%)
2025-09-14 19:23:43 - [INFO] -    Bright pixels (>200): 771 (4.7%)
2025-09-14 19:23:43 - [INFO] -    Mid-range pixels: 2,451 (15.0%)
2025-09-14 19:23:43 - [INFO] - 📈 Histogram analysis:
2025-09-14 19:23:43 - [INFO] -    Found 0 peaks: []
2025-09-14 19:23:43 - [INFO] - 
  DECISION PROCESS:
2025-09-14 19:23:43 - [INFO] - 
📋 DECISION FACTORS:
2025-09-14 19:23:43 - [INFO] -      Dark corners (0.0 < 50) → BLACK (+40)
2025-09-14 19:23:43 - [INFO] -      Dark edges (100.0%) support BLACK (+30)
2025-09-14 19:23:43 - [INFO] -      Dark image (35.4 < 80) supports BLACK (+10)
2025-09-14 19:23:43 - [INFO] - 
  FINAL DECISION:
2025-09-14 19:23:43 - [INFO] -    Background Type: BLACK
2025-09-14 19:23:43 - [INFO] -    Confidence: 80%
2025-09-14 19:23:43 - [INFO] -    Reasoning: 3 factors analyzed
2025-09-14 19:23:43 - [INFO] - 📊 RESULT: {'background_type': 'black', 'confidence': 80, 'background_pixels': 13162, 'object_pixels': 3222, 'background_percentage': 80.33447265625, 'total_pixels': 16384, 'debug_info': {'corner_mean': 0.0, 'edge_mean': 0.0, 'image_mean': 35.4395751953125, 'dark_edge_ratio': 1.0, 'bright_edge_ratio': 0.0, 'decision_factors': ['  Dark corners (0.0 < 50) → BLACK (+40)', '  Dark edges (100.0%) support BLACK (+30)', '  Dark image (35.4 < 80) supports BLACK (+10)']}}
2025-09-14 19:23:43 - [INFO] -   === END BACKGROUND ANALYSIS ===

2025-09-14 19:23:43 - [INFO] - 
  === BACKGROUND ANALYSIS DEBUG ===
2025-09-14 19:23:43 - [INFO] - Frame shape: (128, 128)
2025-09-14 19:23:43 - [INFO] - Frame dtype: uint16
2025-09-14 19:23:43 - [INFO] - Frame range: 0 to 197
2025-09-14 19:23:43 - [INFO] - 🔄 Normalized to uint8: 0 to 255
2025-09-14 19:23:43 - [INFO] - 📐 Image dimensions: 128x128 (16,384 pixels)
2025-09-14 19:23:43 - [INFO] - 🏠 Corner analysis with size: 16x16
2025-09-14 19:23:43 - [INFO] - 🏠 Corner means: [0.0, 0.0, 0.0, 0.0]
2025-09-14 19:23:43 - [INFO] - 🏠 Overall corner mean: 0.0
2025-09-14 19:23:43 - [INFO] - 🔲 Edge analysis:
2025-09-14 19:23:43 - [INFO] -    Edge mean: 0.0
2025-09-14 19:23:43 - [INFO] -    Dark edges (<50): 512/512 (100.0%)
2025-09-14 19:23:43 - [INFO] -    Bright edges (>200): 0/512 (0.0%)
2025-09-14 19:23:43 - [INFO] - 📊 Overall statistics:
2025-09-14 19:23:43 - [INFO] -    Image mean: 36.6
2025-09-14 19:23:43 - [INFO] -    Dark pixels (<50): 13,045 (79.6%)
2025-09-14 19:23:43 - [INFO] -    Bright pixels (>200): 879 (5.4%)
2025-09-14 19:23:43 - [INFO] -    Mid-range pixels: 2,460 (15.0%)
2025-09-14 19:23:43 - [INFO] - 📈 Histogram analysis:
2025-09-14 19:23:43 - [INFO] -    Found 0 peaks: []
2025-09-14 19:23:43 - [INFO] - 
  DECISION PROCESS:
2025-09-14 19:23:43 - [INFO] - 
📋 DECISION FACTORS:
2025-09-14 19:23:43 - [INFO] -      Dark corners (0.0 < 50) → BLACK (+40)
2025-09-14 19:23:43 - [INFO] -      Dark edges (100.0%) support BLACK (+30)
2025-09-14 19:23:43 - [INFO] -      Dark image (36.6 < 80) supports BLACK (+10)
2025-09-14 19:23:43 - [INFO] - 
  FINAL DECISION:
2025-09-14 19:23:43 - [INFO] -    Background Type: BLACK
2025-09-14 19:23:43 - [INFO] -    Confidence: 80%
2025-09-14 19:23:43 - [INFO] -    Reasoning: 3 factors analyzed
2025-09-14 19:23:43 - [INFO] - 📊 RESULT: {'background_type': 'black', 'confidence': 80, 'background_pixels': 13045, 'object_pixels': 3339, 'background_percentage': 79.620361328125, 'total_pixels': 16384, 'debug_info': {'corner_mean': 0.0, 'edge_mean': 0.0, 'image_mean': 36.5614013671875, 'dark_edge_ratio': 1.0, 'bright_edge_ratio': 0.0, 'decision_factors': ['  Dark corners (0.0 < 50) → BLACK (+40)', '  Dark edges (100.0%) support BLACK (+30)', '  Dark image (36.6 < 80) supports BLACK (+10)']}}
2025-09-14 19:23:43 - [INFO] -   === END BACKGROUND ANALYSIS ===

2025-09-14 19:23:43 - [INFO] - 
  === BACKGROUND ANALYSIS DEBUG ===
2025-09-14 19:23:43 - [INFO] - Frame shape: (128, 128)
2025-09-14 19:23:43 - [INFO] - Frame dtype: uint16
2025-09-14 19:23:43 - [INFO] - Frame range: 0 to 190
2025-09-14 19:23:43 - [INFO] - 🔄 Normalized to uint8: 0 to 255
2025-09-14 19:23:43 - [INFO] - 📐 Image dimensions: 128x128 (16,384 pixels)
2025-09-14 19:23:43 - [INFO] - 🏠 Corner analysis with size: 16x16
2025-09-14 19:23:43 - [INFO] - 🏠 Corner means: [0.0, 0.0, 0.0, 0.0]
2025-09-14 19:23:43 - [INFO] - 🏠 Overall corner mean: 0.0
2025-09-14 19:23:43 - [INFO] - 🔲 Edge analysis:
2025-09-14 19:23:43 - [INFO] -    Edge mean: 0.0
2025-09-14 19:23:43 - [INFO] -    Dark edges (<50): 512/512 (100.0%)
2025-09-14 19:23:43 - [INFO] -    Bright edges (>200): 0/512 (0.0%)
2025-09-14 19:23:43 - [INFO] - 📊 Overall statistics:
2025-09-14 19:23:43 - [INFO] -    Image mean: 38.5
2025-09-14 19:23:43 - [INFO] -    Dark pixels (<50): 12,962 (79.1%)
2025-09-14 19:23:43 - [INFO] -    Bright pixels (>200): 1,447 (8.8%)
2025-09-14 19:23:43 - [INFO] -    Mid-range pixels: 1,975 (12.1%)
2025-09-14 19:23:43 - [INFO] - 📈 Histogram analysis:
2025-09-14 19:23:43 - [INFO] -    Found 0 peaks: []
2025-09-14 19:23:43 - [INFO] - 
  DECISION PROCESS:
2025-09-14 19:23:43 - [INFO] - 
📋 DECISION FACTORS:
2025-09-14 19:23:43 - [INFO] -      Dark corners (0.0 < 50) → BLACK (+40)
2025-09-14 19:23:43 - [INFO] -      Dark edges (100.0%) support BLACK (+30)
2025-09-14 19:23:43 - [INFO] -      Dark image (38.5 < 80) supports BLACK (+10)
2025-09-14 19:23:43 - [INFO] - 
  FINAL DECISION:
2025-09-14 19:23:43 - [INFO] -    Background Type: BLACK
2025-09-14 19:23:43 - [INFO] -    Confidence: 80%
2025-09-14 19:23:43 - [INFO] -    Reasoning: 3 factors analyzed
2025-09-14 19:23:43 - [INFO] - 📊 RESULT: {'background_type': 'black', 'confidence': 80, 'background_pixels': 12962, 'object_pixels': 3422, 'background_percentage': 79.11376953125, 'total_pixels': 16384, 'debug_info': {'corner_mean': 0.0, 'edge_mean': 0.0, 'image_mean': 38.45074462890625, 'dark_edge_ratio': 1.0, 'bright_edge_ratio': 0.0, 'decision_factors': ['  Dark corners (0.0 < 50) → BLACK (+40)', '  Dark edges (100.0%) support BLACK (+30)', '  Dark image (38.5 < 80) supports BLACK (+10)']}}
2025-09-14 19:23:43 - [INFO] -   === END BACKGROUND ANALYSIS ===

2025-09-14 19:23:43 - [INFO] - 
  === BACKGROUND ANALYSIS DEBUG ===
2025-09-14 19:23:43 - [INFO] - Frame shape: (128, 128)
2025-09-14 19:23:43 - [INFO] - Frame dtype: uint16
2025-09-14 19:23:43 - [INFO] - Frame range: 0 to 189
2025-09-14 19:23:43 - [INFO] - 🔄 Normalized to uint8: 0 to 255
2025-09-14 19:23:43 - [INFO] - 📐 Image dimensions: 128x128 (16,384 pixels)
2025-09-14 19:23:43 - [INFO] - 🏠 Corner analysis with size: 16x16
2025-09-14 19:23:43 - [INFO] - 🏠 Corner means: [0.0, 0.0, 0.0, 0.0]
2025-09-14 19:23:43 - [INFO] - 🏠 Overall corner mean: 0.0
2025-09-14 19:23:43 - [INFO] - 🔲 Edge analysis:
2025-09-14 19:23:43 - [INFO] -    Edge mean: 0.0
2025-09-14 19:23:43 - [INFO] -    Dark edges (<50): 512/512 (100.0%)
2025-09-14 19:23:43 - [INFO] -    Bright edges (>200): 0/512 (0.0%)
2025-09-14 19:23:43 - [INFO] - 📊 Overall statistics:
2025-09-14 19:23:43 - [INFO] -    Image mean: 38.9
2025-09-14 19:23:43 - [INFO] -    Dark pixels (<50): 12,915 (78.8%)
2025-09-14 19:23:43 - [INFO] -    Bright pixels (>200): 1,525 (9.3%)
2025-09-14 19:23:43 - [INFO] -    Mid-range pixels: 1,944 (11.9%)
2025-09-14 19:23:43 - [INFO] - 📈 Histogram analysis:
2025-09-14 19:23:43 - [INFO] -    Found 0 peaks: []
2025-09-14 19:23:43 - [INFO] - 
  DECISION PROCESS:
2025-09-14 19:23:43 - [INFO] - 
📋 DECISION FACTORS:
2025-09-14 19:23:43 - [INFO] -      Dark corners (0.0 < 50) → BLACK (+40)
2025-09-14 19:23:43 - [INFO] -      Dark edges (100.0%) support BLACK (+30)
2025-09-14 19:23:43 - [INFO] -      Dark image (38.9 < 80) supports BLACK (+10)
2025-09-14 19:23:43 - [INFO] - 
  FINAL DECISION:
2025-09-14 19:23:43 - [INFO] -    Background Type: BLACK
2025-09-14 19:23:43 - [INFO] -    Confidence: 80%
2025-09-14 19:23:43 - [INFO] -    Reasoning: 3 factors analyzed
2025-09-14 19:23:43 - [INFO] - 📊 RESULT: {'background_type': 'black', 'confidence': 80, 'background_pixels': 12915, 'object_pixels': 3469, 'background_percentage': 78.826904296875, 'total_pixels': 16384, 'debug_info': {'corner_mean': 0.0, 'edge_mean': 0.0, 'image_mean': 38.87042236328125, 'dark_edge_ratio': 1.0, 'bright_edge_ratio': 0.0, 'decision_factors': ['  Dark corners (0.0 < 50) → BLACK (+40)', '  Dark edges (100.0%) support BLACK (+30)', '  Dark image (38.9 < 80) supports BLACK (+10)']}}
2025-09-14 19:23:43 - [INFO] -   === END BACKGROUND ANALYSIS ===

2025-09-14 19:23:43 - [INFO] - 
  === BACKGROUND ANALYSIS DEBUG ===
2025-09-14 19:23:43 - [INFO] - Frame shape: (128, 128)
2025-09-14 19:23:43 - [INFO] - Frame dtype: uint16
2025-09-14 19:23:43 - [INFO] - Frame range: 0 to 191
2025-09-14 19:23:43 - [INFO] - 🔄 Normalized to uint8: 0 to 255
2025-09-14 19:23:43 - [INFO] - 📐 Image dimensions: 128x128 (16,384 pixels)
2025-09-14 19:23:43 - [INFO] - 🏠 Corner analysis with size: 16x16
2025-09-14 19:23:43 - [INFO] - 🏠 Corner means: [0.0, 0.0, 0.0, 0.0]
2025-09-14 19:23:43 - [INFO] - 🏠 Overall corner mean: 0.0
2025-09-14 19:23:43 - [INFO] - 🔲 Edge analysis:
2025-09-14 19:23:43 - [INFO] -    Edge mean: 0.0
2025-09-14 19:23:43 - [INFO] -    Dark edges (<50): 512/512 (100.0%)
2025-09-14 19:23:43 - [INFO] -    Bright edges (>200): 0/512 (0.0%)
2025-09-14 19:23:43 - [INFO] - 📊 Overall statistics:
2025-09-14 19:23:43 - [INFO] -    Image mean: 38.7
2025-09-14 19:23:43 - [INFO] -    Dark pixels (<50): 12,876 (78.6%)
2025-09-14 19:23:43 - [INFO] -    Bright pixels (>200): 1,342 (8.2%)
2025-09-14 19:23:43 - [INFO] -    Mid-range pixels: 2,166 (13.2%)
2025-09-14 19:23:43 - [INFO] - 📈 Histogram analysis:
2025-09-14 19:23:43 - [INFO] -    Found 1 peaks: [(204, 619)]
2025-09-14 19:23:43 - [INFO] - 
  DECISION PROCESS:
2025-09-14 19:23:43 - [INFO] - 
📋 DECISION FACTORS:
2025-09-14 19:23:43 - [INFO] -      Dark corners (0.0 < 50) → BLACK (+40)
2025-09-14 19:23:43 - [INFO] -      Dark edges (100.0%) support BLACK (+30)
2025-09-14 19:23:43 - [INFO] -      Dark image (38.7 < 80) supports BLACK (+10)
2025-09-14 19:23:43 - [INFO] - 
  FINAL DECISION:
2025-09-14 19:23:43 - [INFO] -    Background Type: BLACK
2025-09-14 19:23:43 - [INFO] -    Confidence: 80%
2025-09-14 19:23:43 - [INFO] -    Reasoning: 3 factors analyzed
2025-09-14 19:23:43 - [INFO] - 📊 RESULT: {'background_type': 'black', 'confidence': 80, 'background_pixels': 12876, 'object_pixels': 3508, 'background_percentage': 78.5888671875, 'total_pixels': 16384, 'debug_info': {'corner_mean': 0.0, 'edge_mean': 0.0, 'image_mean': 38.6517333984375, 'dark_edge_ratio': 1.0, 'bright_edge_ratio': 0.0, 'decision_factors': ['  Dark corners (0.0 < 50) → BLACK (+40)', '  Dark edges (100.0%) support BLACK (+30)', '  Dark image (38.7 < 80) supports BLACK (+10)']}}
2025-09-14 19:23:43 - [INFO] -   === END BACKGROUND ANALYSIS ===

2025-09-14 19:23:43 - [INFO] - 
  === BACKGROUND ANALYSIS DEBUG ===
2025-09-14 19:23:43 - [INFO] - Frame shape: (128, 128)
2025-09-14 19:23:43 - [INFO] - Frame dtype: uint16
2025-09-14 19:23:43 - [INFO] - Frame range: 0 to 192
2025-09-14 19:23:43 - [INFO] - 🔄 Normalized to uint8: 0 to 255
2025-09-14 19:23:43 - [INFO] - 📐 Image dimensions: 128x128 (16,384 pixels)
2025-09-14 19:23:43 - [INFO] - 🏠 Corner analysis with size: 16x16
2025-09-14 19:23:43 - [INFO] - 🏠 Corner means: [0.0, 0.0, 0.0, 0.0]
2025-09-14 19:23:43 - [INFO] - 🏠 Overall corner mean: 0.0
2025-09-14 19:23:43 - [INFO] - 🔲 Edge analysis:
2025-09-14 19:23:43 - [INFO] -    Edge mean: 0.0
2025-09-14 19:23:43 - [INFO] -    Dark edges (<50): 512/512 (100.0%)
2025-09-14 19:23:43 - [INFO] -    Bright edges (>200): 0/512 (0.0%)
2025-09-14 19:23:43 - [INFO] - 📊 Overall statistics:
2025-09-14 19:23:43 - [INFO] -    Image mean: 38.8
2025-09-14 19:23:43 - [INFO] -    Dark pixels (<50): 12,827 (78.3%)
2025-09-14 19:23:43 - [INFO] -    Bright pixels (>200): 1,286 (7.8%)
2025-09-14 19:23:43 - [INFO] -    Mid-range pixels: 2,271 (13.9%)
2025-09-14 19:23:43 - [INFO] - 📈 Histogram analysis:
2025-09-14 19:23:43 - [INFO] -    Found 1 peaks: [(204, 593)]
2025-09-14 19:23:43 - [INFO] - 
  DECISION PROCESS:
2025-09-14 19:23:43 - [INFO] - 
📋 DECISION FACTORS:
2025-09-14 19:23:43 - [INFO] -      Dark corners (0.0 < 50) → BLACK (+40)
2025-09-14 19:23:43 - [INFO] -      Dark edges (100.0%) support BLACK (+30)
2025-09-14 19:23:43 - [INFO] -      Dark image (38.8 < 80) supports BLACK (+10)
2025-09-14 19:23:43 - [INFO] - 
  FINAL DECISION:
2025-09-14 19:23:43 - [INFO] -    Background Type: BLACK
2025-09-14 19:23:43 - [INFO] -    Confidence: 80%
2025-09-14 19:23:43 - [INFO] -    Reasoning: 3 factors analyzed
2025-09-14 19:23:43 - [INFO] - 📊 RESULT: {'background_type': 'black', 'confidence': 80, 'background_pixels': 12827, 'object_pixels': 3557, 'background_percentage': 78.289794921875, 'total_pixels': 16384, 'debug_info': {'corner_mean': 0.0, 'edge_mean': 0.0, 'image_mean': 38.77301025390625, 'dark_edge_ratio': 1.0, 'bright_edge_ratio': 0.0, 'decision_factors': ['  Dark corners (0.0 < 50) → BLACK (+40)', '  Dark edges (100.0%) support BLACK (+30)', '  Dark image (38.8 < 80) supports BLACK (+10)']}}
2025-09-14 19:23:43 - [INFO] -   === END BACKGROUND ANALYSIS ===

2025-09-14 19:23:43 - [INFO] - 
  === BACKGROUND ANALYSIS DEBUG ===
2025-09-14 19:23:43 - [INFO] - Frame shape: (128, 128)
2025-09-14 19:23:43 - [INFO] - Frame dtype: uint16
2025-09-14 19:23:43 - [INFO] - Frame range: 0 to 191
2025-09-14 19:23:43 - [INFO] - 🔄 Normalized to uint8: 0 to 255
2025-09-14 19:23:43 - [INFO] - 📐 Image dimensions: 128x128 (16,384 pixels)
2025-09-14 19:23:43 - [INFO] - 🏠 Corner analysis with size: 16x16
2025-09-14 19:23:43 - [INFO] - 🏠 Corner means: [0.0, 0.0, 0.0, 0.0]
2025-09-14 19:23:43 - [INFO] - 🏠 Overall corner mean: 0.0
2025-09-14 19:23:43 - [INFO] - 🔲 Edge analysis:
2025-09-14 19:23:43 - [INFO] -    Edge mean: 0.0
2025-09-14 19:23:43 - [INFO] -    Dark edges (<50): 512/512 (100.0%)
2025-09-14 19:23:43 - [INFO] -    Bright edges (>200): 0/512 (0.0%)
2025-09-14 19:23:43 - [INFO] - 📊 Overall statistics:
2025-09-14 19:23:43 - [INFO] -    Image mean: 39.5
2025-09-14 19:23:43 - [INFO] -    Dark pixels (<50): 12,733 (77.7%)
2025-09-14 19:23:43 - [INFO] -    Bright pixels (>200): 1,438 (8.8%)
2025-09-14 19:23:43 - [INFO] -    Mid-range pixels: 2,213 (13.5%)
2025-09-14 19:23:43 - [INFO] - 📈 Histogram analysis:
2025-09-14 19:23:43 - [INFO] -    Found 1 peaks: [(204, 761)]
2025-09-14 19:23:43 - [INFO] - 
  DECISION PROCESS:
2025-09-14 19:23:43 - [INFO] - 
📋 DECISION FACTORS:
2025-09-14 19:23:43 - [INFO] -      Dark corners (0.0 < 50) → BLACK (+40)
2025-09-14 19:23:43 - [INFO] -      Dark edges (100.0%) support BLACK (+30)
2025-09-14 19:23:43 - [INFO] -      Dark image (39.5 < 80) supports BLACK (+10)
2025-09-14 19:23:43 - [INFO] - 
  FINAL DECISION:
2025-09-14 19:23:43 - [INFO] -    Background Type: BLACK
2025-09-14 19:23:43 - [INFO] -    Confidence: 80%
2025-09-14 19:23:43 - [INFO] -    Reasoning: 3 factors analyzed
2025-09-14 19:23:43 - [INFO] - 📊 RESULT: {'background_type': 'black', 'confidence': 80, 'background_pixels': 12733, 'object_pixels': 3651, 'background_percentage': 77.716064453125, 'total_pixels': 16384, 'debug_info': {'corner_mean': 0.0, 'edge_mean': 0.0, 'image_mean': 39.52935791015625, 'dark_edge_ratio': 1.0, 'bright_edge_ratio': 0.0, 'decision_factors': ['  Dark corners (0.0 < 50) → BLACK (+40)', '  Dark edges (100.0%) support BLACK (+30)', '  Dark image (39.5 < 80) supports BLACK (+10)']}}
2025-09-14 19:23:43 - [INFO] -   === END BACKGROUND ANALYSIS ===

2025-09-14 19:23:43 - [INFO] - 
  === BACKGROUND ANALYSIS DEBUG ===
2025-09-14 19:23:43 - [INFO] - Frame shape: (128, 128)
2025-09-14 19:23:43 - [INFO] - Frame dtype: uint16
2025-09-14 19:23:43 - [INFO] - Frame range: 0 to 187
2025-09-14 19:23:43 - [INFO] - 🔄 Normalized to uint8: 0 to 255
2025-09-14 19:23:43 - [INFO] - 📐 Image dimensions: 128x128 (16,384 pixels)
2025-09-14 19:23:43 - [INFO] - 🏠 Corner analysis with size: 16x16
2025-09-14 19:23:43 - [INFO] - 🏠 Corner means: [0.0, 0.0, 0.0, 0.0]
2025-09-14 19:23:43 - [INFO] - 🏠 Overall corner mean: 0.0
2025-09-14 19:23:43 - [INFO] - 🔲 Edge analysis:
2025-09-14 19:23:43 - [INFO] -    Edge mean: 0.0
2025-09-14 19:23:43 - [INFO] -    Dark edges (<50): 512/512 (100.0%)
2025-09-14 19:23:43 - [INFO] -    Bright edges (>200): 0/512 (0.0%)
2025-09-14 19:23:43 - [INFO] - 📊 Overall statistics:
2025-09-14 19:23:43 - [INFO] -    Image mean: 41.0
2025-09-14 19:23:43 - [INFO] -    Dark pixels (<50): 12,583 (76.8%)
2025-09-14 19:23:43 - [INFO] -    Bright pixels (>200): 1,676 (10.2%)
2025-09-14 19:23:43 - [INFO] -    Mid-range pixels: 2,125 (13.0%)
2025-09-14 19:23:43 - [INFO] - 📈 Histogram analysis:
2025-09-14 19:23:43 - [INFO] -    Found 1 peaks: [(209, 592)]
2025-09-14 19:23:43 - [INFO] - 
  DECISION PROCESS:
2025-09-14 19:23:43 - [INFO] - 
📋 DECISION FACTORS:
2025-09-14 19:23:43 - [INFO] -      Dark corners (0.0 < 50) → BLACK (+40)
2025-09-14 19:23:43 - [INFO] -      Dark edges (100.0%) support BLACK (+30)
2025-09-14 19:23:43 - [INFO] -      Dark image (41.0 < 80) supports BLACK (+10)
2025-09-14 19:23:43 - [INFO] - 
  FINAL DECISION:
2025-09-14 19:23:43 - [INFO] -    Background Type: BLACK
2025-09-14 19:23:43 - [INFO] -    Confidence: 80%
2025-09-14 19:23:43 - [INFO] -    Reasoning: 3 factors analyzed
2025-09-14 19:23:43 - [INFO] - 📊 RESULT: {'background_type': 'black', 'confidence': 80, 'background_pixels': 12583, 'object_pixels': 3801, 'background_percentage': 76.800537109375, 'total_pixels': 16384, 'debug_info': {'corner_mean': 0.0, 'edge_mean': 0.0, 'image_mean': 40.97528076171875, 'dark_edge_ratio': 1.0, 'bright_edge_ratio': 0.0, 'decision_factors': ['  Dark corners (0.0 < 50) → BLACK (+40)', '  Dark edges (100.0%) support BLACK (+30)', '  Dark image (41.0 < 80) supports BLACK (+10)']}}
2025-09-14 19:23:43 - [INFO] -   === END BACKGROUND ANALYSIS ===

2025-09-14 19:23:43 - [INFO] - 
  === BACKGROUND ANALYSIS DEBUG ===
2025-09-14 19:23:43 - [INFO] - Frame shape: (128, 128)
2025-09-14 19:23:43 - [INFO] - Frame dtype: uint16
2025-09-14 19:23:43 - [INFO] - Frame range: 0 to 187
2025-09-14 19:23:43 - [INFO] - 🔄 Normalized to uint8: 0 to 255
2025-09-14 19:23:43 - [INFO] - 📐 Image dimensions: 128x128 (16,384 pixels)
2025-09-14 19:23:43 - [INFO] - 🏠 Corner analysis with size: 16x16
2025-09-14 19:23:43 - [INFO] - 🏠 Corner means: [0.0, 0.0, 0.0, 0.0]
2025-09-14 19:23:43 - [INFO] - 🏠 Overall corner mean: 0.0
2025-09-14 19:23:43 - [INFO] - 🔲 Edge analysis:
2025-09-14 19:23:43 - [INFO] -    Edge mean: 0.0
2025-09-14 19:23:43 - [INFO] -    Dark edges (<50): 512/512 (100.0%)
2025-09-14 19:23:43 - [INFO] -    Bright edges (>200): 0/512 (0.0%)
2025-09-14 19:23:43 - [INFO] - 📊 Overall statistics:
2025-09-14 19:23:43 - [INFO] -    Image mean: 41.7
2025-09-14 19:23:43 - [INFO] -    Dark pixels (<50): 12,433 (75.9%)
2025-09-14 19:23:43 - [INFO] -    Bright pixels (>200): 1,675 (10.2%)
2025-09-14 19:23:43 - [INFO] -    Mid-range pixels: 2,276 (13.9%)
2025-09-14 19:23:43 - [INFO] - 📈 Histogram analysis:
2025-09-14 19:23:43 - [INFO] -    Found 1 peaks: [(209, 567)]
2025-09-14 19:23:43 - [INFO] - 
  DECISION PROCESS:
2025-09-14 19:23:43 - [INFO] - 
📋 DECISION FACTORS:
2025-09-14 19:23:43 - [INFO] -      Dark corners (0.0 < 50) → BLACK (+40)
2025-09-14 19:23:43 - [INFO] -      Dark edges (100.0%) support BLACK (+30)
2025-09-14 19:23:43 - [INFO] -      Dark image (41.7 < 80) supports BLACK (+10)
2025-09-14 19:23:43 - [INFO] - 
  FINAL DECISION:
2025-09-14 19:23:43 - [INFO] -    Background Type: BLACK
2025-09-14 19:23:43 - [INFO] -    Confidence: 80%
2025-09-14 19:23:43 - [INFO] -    Reasoning: 3 factors analyzed
2025-09-14 19:23:43 - [INFO] - 📊 RESULT: {'background_type': 'black', 'confidence': 80, 'background_pixels': 12433, 'object_pixels': 3951, 'background_percentage': 75.885009765625, 'total_pixels': 16384, 'debug_info': {'corner_mean': 0.0, 'edge_mean': 0.0, 'image_mean': 41.6505126953125, 'dark_edge_ratio': 1.0, 'bright_edge_ratio': 0.0, 'decision_factors': ['  Dark corners (0.0 < 50) → BLACK (+40)', '  Dark edges (100.0%) support BLACK (+30)', '  Dark image (41.7 < 80) supports BLACK (+10)']}}
2025-09-14 19:23:43 - [INFO] -   === END BACKGROUND ANALYSIS ===

2025-09-14 19:23:43 - [INFO] - 
  === BACKGROUND ANALYSIS DEBUG ===
2025-09-14 19:23:43 - [INFO] - Frame shape: (128, 128)
2025-09-14 19:23:43 - [INFO] - Frame dtype: uint16
2025-09-14 19:23:43 - [INFO] - Frame range: 0 to 186
2025-09-14 19:23:43 - [INFO] - 🔄 Normalized to uint8: 0 to 255
2025-09-14 19:23:43 - [INFO] - 📐 Image dimensions: 128x128 (16,384 pixels)
2025-09-14 19:23:43 - [INFO] - 🏠 Corner analysis with size: 16x16
2025-09-14 19:23:43 - [INFO] - 🏠 Corner means: [0.0, 0.0, 0.0, 0.0]
2025-09-14 19:23:43 - [INFO] - 🏠 Overall corner mean: 0.0
2025-09-14 19:23:43 - [INFO] - 🔲 Edge analysis:
2025-09-14 19:23:43 - [INFO] -    Edge mean: 0.0
2025-09-14 19:23:43 - [INFO] -    Dark edges (<50): 512/512 (100.0%)
2025-09-14 19:23:43 - [INFO] -    Bright edges (>200): 0/512 (0.0%)
2025-09-14 19:23:43 - [INFO] - 📊 Overall statistics:
2025-09-14 19:23:43 - [INFO] -    Image mean: 42.6
2025-09-14 19:23:43 - [INFO] -    Dark pixels (<50): 12,342 (75.3%)
2025-09-14 19:23:43 - [INFO] -    Bright pixels (>200): 1,693 (10.3%)
2025-09-14 19:23:43 - [INFO] -    Mid-range pixels: 2,349 (14.3%)
2025-09-14 19:23:43 - [INFO] - 📈 Histogram analysis:
2025-09-14 19:23:43 - [INFO] -    Found 1 peaks: [(204, 589)]
2025-09-14 19:23:43 - [INFO] - 
  DECISION PROCESS:
2025-09-14 19:23:43 - [INFO] - 
📋 DECISION FACTORS:
2025-09-14 19:23:43 - [INFO] -      Dark corners (0.0 < 50) → BLACK (+40)
2025-09-14 19:23:43 - [INFO] -      Dark edges (100.0%) support BLACK (+30)
2025-09-14 19:23:43 - [INFO] -      Dark image (42.6 < 80) supports BLACK (+10)
2025-09-14 19:23:43 - [INFO] - 
  FINAL DECISION:
2025-09-14 19:23:43 - [INFO] -    Background Type: BLACK
2025-09-14 19:23:43 - [INFO] -    Confidence: 80%
2025-09-14 19:23:43 - [INFO] -    Reasoning: 3 factors analyzed
2025-09-14 19:23:43 - [INFO] - 📊 RESULT: {'background_type': 'black', 'confidence': 80, 'background_pixels': 12342, 'object_pixels': 4042, 'background_percentage': 75.32958984375, 'total_pixels': 16384, 'debug_info': {'corner_mean': 0.0, 'edge_mean': 0.0, 'image_mean': 42.56884765625, 'dark_edge_ratio': 1.0, 'bright_edge_ratio': 0.0, 'decision_factors': ['  Dark corners (0.0 < 50) → BLACK (+40)', '  Dark edges (100.0%) support BLACK (+30)', '  Dark image (42.6 < 80) supports BLACK (+10)']}}
2025-09-14 19:23:43 - [INFO] -   === END BACKGROUND ANALYSIS ===

2025-09-14 19:23:43 - [INFO] - 
  === BACKGROUND ANALYSIS DEBUG ===
2025-09-14 19:23:43 - [INFO] - Frame shape: (128, 128)
2025-09-14 19:23:43 - [INFO] - Frame dtype: uint16
2025-09-14 19:23:43 - [INFO] - Frame range: 0 to 186
2025-09-14 19:23:43 - [INFO] - 🔄 Normalized to uint8: 0 to 255
2025-09-14 19:23:43 - [INFO] - 📐 Image dimensions: 128x128 (16,384 pixels)
2025-09-14 19:23:43 - [INFO] - 🏠 Corner analysis with size: 16x16
2025-09-14 19:23:43 - [INFO] - 🏠 Corner means: [0.0, 0.0, 0.0, 0.0]
2025-09-14 19:23:43 - [INFO] - 🏠 Overall corner mean: 0.0
2025-09-14 19:23:43 - [INFO] - 🔲 Edge analysis:
2025-09-14 19:23:43 - [INFO] -    Edge mean: 0.0
2025-09-14 19:23:43 - [INFO] -    Dark edges (<50): 512/512 (100.0%)
2025-09-14 19:23:43 - [INFO] -    Bright edges (>200): 0/512 (0.0%)
2025-09-14 19:23:43 - [INFO] - 📊 Overall statistics:
2025-09-14 19:23:43 - [INFO] -    Image mean: 43.3
2025-09-14 19:23:43 - [INFO] -    Dark pixels (<50): 12,217 (74.6%)
2025-09-14 19:23:43 - [INFO] -    Bright pixels (>200): 1,645 (10.0%)
2025-09-14 19:23:43 - [INFO] -    Mid-range pixels: 2,522 (15.4%)
2025-09-14 19:23:43 - [INFO] - 📈 Histogram analysis:
2025-09-14 19:23:43 - [INFO] -    Found 1 peaks: [(204, 573)]
2025-09-14 19:23:43 - [INFO] - 
  DECISION PROCESS:
2025-09-14 19:23:43 - [INFO] - 
📋 DECISION FACTORS:
2025-09-14 19:23:43 - [INFO] -      Dark corners (0.0 < 50) → BLACK (+40)
2025-09-14 19:23:43 - [INFO] -      Dark edges (100.0%) support BLACK (+30)
2025-09-14 19:23:43 - [INFO] -      Dark image (43.3 < 80) supports BLACK (+10)
2025-09-14 19:23:43 - [INFO] - 
  FINAL DECISION:
2025-09-14 19:23:43 - [INFO] -    Background Type: BLACK
2025-09-14 19:23:43 - [INFO] -    Confidence: 80%
2025-09-14 19:23:43 - [INFO] -    Reasoning: 3 factors analyzed
2025-09-14 19:23:43 - [INFO] - 📊 RESULT: {'background_type': 'black', 'confidence': 80, 'background_pixels': 12217, 'object_pixels': 4167, 'background_percentage': 74.566650390625, 'total_pixels': 16384, 'debug_info': {'corner_mean': 0.0, 'edge_mean': 0.0, 'image_mean': 43.34002685546875, 'dark_edge_ratio': 1.0, 'bright_edge_ratio': 0.0, 'decision_factors': ['  Dark corners (0.0 < 50) → BLACK (+40)', '  Dark edges (100.0%) support BLACK (+30)', '  Dark image (43.3 < 80) supports BLACK (+10)']}}
2025-09-14 19:23:43 - [INFO] -   === END BACKGROUND ANALYSIS ===

2025-09-14 19:23:43 - [INFO] - 
  === BACKGROUND ANALYSIS DEBUG ===
2025-09-14 19:23:43 - [INFO] - Frame shape: (128, 128)
2025-09-14 19:23:43 - [INFO] - Frame dtype: uint16
2025-09-14 19:23:43 - [INFO] - Frame range: 0 to 185
2025-09-14 19:23:43 - [INFO] - 🔄 Normalized to uint8: 0 to 255
2025-09-14 19:23:43 - [INFO] - 📐 Image dimensions: 128x128 (16,384 pixels)
2025-09-14 19:23:43 - [INFO] - 🏠 Corner analysis with size: 16x16
2025-09-14 19:23:43 - [INFO] - 🏠 Corner means: [0.0, 0.0, 0.0, 0.0]
2025-09-14 19:23:43 - [INFO] - 🏠 Overall corner mean: 0.0
2025-09-14 19:23:43 - [INFO] - 🔲 Edge analysis:
2025-09-14 19:23:43 - [INFO] -    Edge mean: 0.0
2025-09-14 19:23:43 - [INFO] -    Dark edges (<50): 512/512 (100.0%)
2025-09-14 19:23:43 - [INFO] -    Bright edges (>200): 0/512 (0.0%)
2025-09-14 19:23:43 - [INFO] - 📊 Overall statistics:
2025-09-14 19:23:43 - [INFO] -    Image mean: 44.3
2025-09-14 19:23:43 - [INFO] -    Dark pixels (<50): 12,149 (74.2%)
2025-09-14 19:23:43 - [INFO] -    Bright pixels (>200): 1,711 (10.4%)
2025-09-14 19:23:43 - [INFO] -    Mid-range pixels: 2,524 (15.4%)
2025-09-14 19:23:43 - [INFO] - 📈 Histogram analysis:
2025-09-14 19:23:43 - [INFO] -    Found 1 peaks: [(209, 569)]
2025-09-14 19:23:43 - [INFO] - 
  DECISION PROCESS:
2025-09-14 19:23:43 - [INFO] - 
📋 DECISION FACTORS:
2025-09-14 19:23:43 - [INFO] -      Dark corners (0.0 < 50) → BLACK (+40)
2025-09-14 19:23:43 - [INFO] -      Dark edges (100.0%) support BLACK (+30)
2025-09-14 19:23:43 - [INFO] -      Dark image (44.3 < 80) supports BLACK (+10)
2025-09-14 19:23:43 - [INFO] - 
  FINAL DECISION:
2025-09-14 19:23:43 - [INFO] -    Background Type: BLACK
2025-09-14 19:23:43 - [INFO] -    Confidence: 80%
2025-09-14 19:23:43 - [INFO] -    Reasoning: 3 factors analyzed
2025-09-14 19:23:43 - [INFO] - 📊 RESULT: {'background_type': 'black', 'confidence': 80, 'background_pixels': 12149, 'object_pixels': 4235, 'background_percentage': 74.151611328125, 'total_pixels': 16384, 'debug_info': {'corner_mean': 0.0, 'edge_mean': 0.0, 'image_mean': 44.30047607421875, 'dark_edge_ratio': 1.0, 'bright_edge_ratio': 0.0, 'decision_factors': ['  Dark corners (0.0 < 50) → BLACK (+40)', '  Dark edges (100.0%) support BLACK (+30)', '  Dark image (44.3 < 80) supports BLACK (+10)']}}
2025-09-14 19:23:43 - [INFO] -   === END BACKGROUND ANALYSIS ===

2025-09-14 19:23:43 - [INFO] - 
  === BACKGROUND ANALYSIS DEBUG ===
2025-09-14 19:23:43 - [INFO] - Frame shape: (128, 128)
2025-09-14 19:23:43 - [INFO] - Frame dtype: uint16
2025-09-14 19:23:43 - [INFO] - Frame range: 0 to 185
2025-09-14 19:23:43 - [INFO] - 🔄 Normalized to uint8: 0 to 255
2025-09-14 19:23:43 - [INFO] - 📐 Image dimensions: 128x128 (16,384 pixels)
2025-09-14 19:23:43 - [INFO] - 🏠 Corner analysis with size: 16x16
2025-09-14 19:23:43 - [INFO] - 🏠 Corner means: [0.0, 0.0, 0.0, 0.0]
2025-09-14 19:23:43 - [INFO] - 🏠 Overall corner mean: 0.0
2025-09-14 19:23:43 - [INFO] - 🔲 Edge analysis:
2025-09-14 19:23:43 - [INFO] -    Edge mean: 0.0
2025-09-14 19:23:43 - [INFO] -    Dark edges (<50): 512/512 (100.0%)
2025-09-14 19:23:43 - [INFO] -    Bright edges (>200): 0/512 (0.0%)
2025-09-14 19:23:43 - [INFO] - 📊 Overall statistics:
2025-09-14 19:23:43 - [INFO] -    Image mean: 44.9
2025-09-14 19:23:43 - [INFO] -    Dark pixels (<50): 12,102 (73.9%)
2025-09-14 19:23:43 - [INFO] -    Bright pixels (>200): 1,696 (10.4%)
2025-09-14 19:23:43 - [INFO] -    Mid-range pixels: 2,586 (15.8%)
2025-09-14 19:23:43 - [INFO] - 📈 Histogram analysis:
2025-09-14 19:23:43 - [INFO] -    Found 1 peaks: [(209, 592)]
2025-09-14 19:23:43 - [INFO] - 
  DECISION PROCESS:
2025-09-14 19:23:43 - [INFO] - 
📋 DECISION FACTORS:
2025-09-14 19:23:43 - [INFO] -      Dark corners (0.0 < 50) → BLACK (+40)
2025-09-14 19:23:43 - [INFO] -      Dark edges (100.0%) support BLACK (+30)
2025-09-14 19:23:43 - [INFO] -      Dark image (44.9 < 80) supports BLACK (+10)
2025-09-14 19:23:43 - [INFO] - 
  FINAL DECISION:
2025-09-14 19:23:43 - [INFO] -    Background Type: BLACK
2025-09-14 19:23:43 - [INFO] -    Confidence: 80%
2025-09-14 19:23:43 - [INFO] -    Reasoning: 3 factors analyzed
2025-09-14 19:23:43 - [INFO] - 📊 RESULT: {'background_type': 'black', 'confidence': 80, 'background_pixels': 12102, 'object_pixels': 4282, 'background_percentage': 73.86474609375, 'total_pixels': 16384, 'debug_info': {'corner_mean': 0.0, 'edge_mean': 0.0, 'image_mean': 44.88494873046875, 'dark_edge_ratio': 1.0, 'bright_edge_ratio': 0.0, 'decision_factors': ['  Dark corners (0.0 < 50) → BLACK (+40)', '  Dark edges (100.0%) support BLACK (+30)', '  Dark image (44.9 < 80) supports BLACK (+10)']}}
2025-09-14 19:23:43 - [INFO] -   === END BACKGROUND ANALYSIS ===

2025-09-14 19:23:43 - [INFO] - 
  === BACKGROUND ANALYSIS DEBUG ===
2025-09-14 19:23:43 - [INFO] - Frame shape: (128, 128)
2025-09-14 19:23:43 - [INFO] - Frame dtype: uint16
2025-09-14 19:23:43 - [INFO] - Frame range: 0 to 184
2025-09-14 19:23:43 - [INFO] - 🔄 Normalized to uint8: 0 to 255
2025-09-14 19:23:43 - [INFO] - 📐 Image dimensions: 128x128 (16,384 pixels)
2025-09-14 19:23:43 - [INFO] - 🏠 Corner analysis with size: 16x16
2025-09-14 19:23:43 - [INFO] - 🏠 Corner means: [0.0, 0.0, 0.0, 0.0]
2025-09-14 19:23:43 - [INFO] - 🏠 Overall corner mean: 0.0
2025-09-14 19:23:43 - [INFO] - 🔲 Edge analysis:
2025-09-14 19:23:43 - [INFO] -    Edge mean: 0.0
2025-09-14 19:23:43 - [INFO] -    Dark edges (<50): 512/512 (100.0%)
2025-09-14 19:23:43 - [INFO] -    Bright edges (>200): 0/512 (0.0%)
2025-09-14 19:23:43 - [INFO] - 📊 Overall statistics:
2025-09-14 19:23:43 - [INFO] -    Image mean: 45.5
2025-09-14 19:23:43 - [INFO] -    Dark pixels (<50): 12,081 (73.7%)
2025-09-14 19:23:43 - [INFO] -    Bright pixels (>200): 1,683 (10.3%)
2025-09-14 19:23:43 - [INFO] -    Mid-range pixels: 2,620 (16.0%)
2025-09-14 19:23:43 - [INFO] - 📈 Histogram analysis:
2025-09-14 19:23:43 - [INFO] -    Found 1 peaks: [(209, 681)]
2025-09-14 19:23:43 - [INFO] - 
  DECISION PROCESS:
2025-09-14 19:23:43 - [INFO] - 
📋 DECISION FACTORS:
2025-09-14 19:23:43 - [INFO] -      Dark corners (0.0 < 50) → BLACK (+40)
2025-09-14 19:23:43 - [INFO] -      Dark edges (100.0%) support BLACK (+30)
2025-09-14 19:23:43 - [INFO] -      Dark image (45.5 < 80) supports BLACK (+10)
2025-09-14 19:23:43 - [INFO] - 
  FINAL DECISION:
2025-09-14 19:23:43 - [INFO] -    Background Type: BLACK
2025-09-14 19:23:43 - [INFO] -    Confidence: 80%
2025-09-14 19:23:43 - [INFO] -    Reasoning: 3 factors analyzed
2025-09-14 19:23:43 - [INFO] - 📊 RESULT: {'background_type': 'black', 'confidence': 80, 'background_pixels': 12081, 'object_pixels': 4303, 'background_percentage': 73.736572265625, 'total_pixels': 16384, 'debug_info': {'corner_mean': 0.0, 'edge_mean': 0.0, 'image_mean': 45.466796875, 'dark_edge_ratio': 1.0, 'bright_edge_ratio': 0.0, 'decision_factors': ['  Dark corners (0.0 < 50) → BLACK (+40)', '  Dark edges (100.0%) support BLACK (+30)', '  Dark image (45.5 < 80) supports BLACK (+10)']}}
2025-09-14 19:23:43 - [INFO] -   === END BACKGROUND ANALYSIS ===

2025-09-14 19:23:43 - [INFO] - 
  === BACKGROUND ANALYSIS DEBUG ===
2025-09-14 19:23:43 - [INFO] - Frame shape: (128, 128)
2025-09-14 19:23:43 - [INFO] - Frame dtype: uint16
2025-09-14 19:23:43 - [INFO] - Frame range: 0 to 184
2025-09-14 19:23:43 - [INFO] - 🔄 Normalized to uint8: 0 to 255
2025-09-14 19:23:43 - [INFO] - 📐 Image dimensions: 128x128 (16,384 pixels)
2025-09-14 19:23:43 - [INFO] - 🏠 Corner analysis with size: 16x16
2025-09-14 19:23:43 - [INFO] - 🏠 Corner means: [0.0, 0.0, 0.0, 0.0]
2025-09-14 19:23:43 - [INFO] - 🏠 Overall corner mean: 0.0
2025-09-14 19:23:43 - [INFO] - 🔲 Edge analysis:
2025-09-14 19:23:43 - [INFO] -    Edge mean: 0.0
2025-09-14 19:23:43 - [INFO] -    Dark edges (<50): 512/512 (100.0%)
2025-09-14 19:23:43 - [INFO] -    Bright edges (>200): 0/512 (0.0%)
2025-09-14 19:23:43 - [INFO] - 📊 Overall statistics:
2025-09-14 19:23:43 - [INFO] -    Image mean: 45.5
2025-09-14 19:23:43 - [INFO] -    Dark pixels (<50): 12,061 (73.6%)
2025-09-14 19:23:43 - [INFO] -    Bright pixels (>200): 1,656 (10.1%)
2025-09-14 19:23:43 - [INFO] -    Mid-range pixels: 2,667 (16.3%)
2025-09-14 19:23:43 - [INFO] - 📈 Histogram analysis:
2025-09-14 19:23:43 - [INFO] -    Found 1 peaks: [(209, 689)]
2025-09-14 19:23:43 - [INFO] - 
  DECISION PROCESS:
2025-09-14 19:23:43 - [INFO] - 
📋 DECISION FACTORS:
2025-09-14 19:23:43 - [INFO] -      Dark corners (0.0 < 50) → BLACK (+40)
2025-09-14 19:23:43 - [INFO] -      Dark edges (100.0%) support BLACK (+30)
2025-09-14 19:23:43 - [INFO] -      Dark image (45.5 < 80) supports BLACK (+10)
2025-09-14 19:23:43 - [INFO] - 
  FINAL DECISION:
2025-09-14 19:23:43 - [INFO] -    Background Type: BLACK
2025-09-14 19:23:43 - [INFO] -    Confidence: 80%
2025-09-14 19:23:43 - [INFO] -    Reasoning: 3 factors analyzed
2025-09-14 19:23:43 - [INFO] - 📊 RESULT: {'background_type': 'black', 'confidence': 80, 'background_pixels': 12061, 'object_pixels': 4323, 'background_percentage': 73.614501953125, 'total_pixels': 16384, 'debug_info': {'corner_mean': 0.0, 'edge_mean': 0.0, 'image_mean': 45.50823974609375, 'dark_edge_ratio': 1.0, 'bright_edge_ratio': 0.0, 'decision_factors': ['  Dark corners (0.0 < 50) → BLACK (+40)', '  Dark edges (100.0%) support BLACK (+30)', '  Dark image (45.5 < 80) supports BLACK (+10)']}}
2025-09-14 19:23:43 - [INFO] -   === END BACKGROUND ANALYSIS ===

2025-09-14 19:23:43 - [INFO] - 
  === BACKGROUND ANALYSIS DEBUG ===
2025-09-14 19:23:43 - [INFO] - Frame shape: (128, 128)
2025-09-14 19:23:43 - [INFO] - Frame dtype: uint16
2025-09-14 19:23:43 - [INFO] - Frame range: 0 to 183
2025-09-14 19:23:43 - [INFO] - 🔄 Normalized to uint8: 0 to 255
2025-09-14 19:23:43 - [INFO] - 📐 Image dimensions: 128x128 (16,384 pixels)
2025-09-14 19:23:43 - [INFO] - 🏠 Corner analysis with size: 16x16
2025-09-14 19:23:43 - [INFO] - 🏠 Corner means: [0.0, 0.0, 0.0, 0.0]
2025-09-14 19:23:43 - [INFO] - 🏠 Overall corner mean: 0.0
2025-09-14 19:23:43 - [INFO] - 🔲 Edge analysis:
2025-09-14 19:23:43 - [INFO] -    Edge mean: 0.0
2025-09-14 19:23:43 - [INFO] -    Dark edges (<50): 512/512 (100.0%)
2025-09-14 19:23:43 - [INFO] -    Bright edges (>200): 0/512 (0.0%)
2025-09-14 19:23:43 - [INFO] - 📊 Overall statistics:
2025-09-14 19:23:43 - [INFO] -    Image mean: 45.7
2025-09-14 19:23:43 - [INFO] -    Dark pixels (<50): 12,074 (73.7%)
2025-09-14 19:23:43 - [INFO] -    Bright pixels (>200): 1,711 (10.4%)
2025-09-14 19:23:43 - [INFO] -    Mid-range pixels: 2,599 (15.9%)
2025-09-14 19:23:43 - [INFO] - 📈 Histogram analysis:
2025-09-14 19:23:43 - [INFO] -    Found 1 peaks: [(209, 637)]
2025-09-14 19:23:43 - [INFO] - 
  DECISION PROCESS:
2025-09-14 19:23:43 - [INFO] - 
📋 DECISION FACTORS:
2025-09-14 19:23:43 - [INFO] -      Dark corners (0.0 < 50) → BLACK (+40)
2025-09-14 19:23:43 - [INFO] -      Dark edges (100.0%) support BLACK (+30)
2025-09-14 19:23:43 - [INFO] -      Dark image (45.7 < 80) supports BLACK (+10)
2025-09-14 19:23:43 - [INFO] - 
  FINAL DECISION:
2025-09-14 19:23:43 - [INFO] -    Background Type: BLACK
2025-09-14 19:23:43 - [INFO] -    Confidence: 80%
2025-09-14 19:23:43 - [INFO] -    Reasoning: 3 factors analyzed
2025-09-14 19:23:43 - [INFO] - 📊 RESULT: {'background_type': 'black', 'confidence': 80, 'background_pixels': 12074, 'object_pixels': 4310, 'background_percentage': 73.69384765625, 'total_pixels': 16384, 'debug_info': {'corner_mean': 0.0, 'edge_mean': 0.0, 'image_mean': 45.73590087890625, 'dark_edge_ratio': 1.0, 'bright_edge_ratio': 0.0, 'decision_factors': ['  Dark corners (0.0 < 50) → BLACK (+40)', '  Dark edges (100.0%) support BLACK (+30)', '  Dark image (45.7 < 80) supports BLACK (+10)']}}
2025-09-14 19:23:43 - [INFO] -   === END BACKGROUND ANALYSIS ===

2025-09-14 19:23:43 - [INFO] - 
  === BACKGROUND ANALYSIS DEBUG ===
2025-09-14 19:23:43 - [INFO] - Frame shape: (128, 128)
2025-09-14 19:23:43 - [INFO] - Frame dtype: uint16
2025-09-14 19:23:43 - [INFO] - Frame range: 0 to 186
2025-09-14 19:23:43 - [INFO] - 🔄 Normalized to uint8: 0 to 255
2025-09-14 19:23:43 - [INFO] - 📐 Image dimensions: 128x128 (16,384 pixels)
2025-09-14 19:23:43 - [INFO] - 🏠 Corner analysis with size: 16x16
2025-09-14 19:23:43 - [INFO] - 🏠 Corner means: [0.0, 0.0, 0.0, 0.0]
2025-09-14 19:23:43 - [INFO] - 🏠 Overall corner mean: 0.0
2025-09-14 19:23:43 - [INFO] - 🔲 Edge analysis:
2025-09-14 19:23:43 - [INFO] -    Edge mean: 0.0
2025-09-14 19:23:43 - [INFO] -    Dark edges (<50): 512/512 (100.0%)
2025-09-14 19:23:43 - [INFO] -    Bright edges (>200): 0/512 (0.0%)
2025-09-14 19:23:43 - [INFO] - 📊 Overall statistics:
2025-09-14 19:23:43 - [INFO] -    Image mean: 45.2
2025-09-14 19:23:43 - [INFO] -    Dark pixels (<50): 12,161 (74.2%)
2025-09-14 19:23:43 - [INFO] -    Bright pixels (>200): 1,547 (9.4%)
2025-09-14 19:23:43 - [INFO] -    Mid-range pixels: 2,676 (16.3%)
2025-09-14 19:23:43 - [INFO] - 📈 Histogram analysis:
2025-09-14 19:23:43 - [INFO] -    Found 1 peaks: [(204, 590)]
2025-09-14 19:23:43 - [INFO] - 
  DECISION PROCESS:
2025-09-14 19:23:43 - [INFO] - 
📋 DECISION FACTORS:
2025-09-14 19:23:43 - [INFO] -      Dark corners (0.0 < 50) → BLACK (+40)
2025-09-14 19:23:43 - [INFO] -      Dark edges (100.0%) support BLACK (+30)
2025-09-14 19:23:43 - [INFO] -      Dark image (45.2 < 80) supports BLACK (+10)
2025-09-14 19:23:43 - [INFO] - 
  FINAL DECISION:
2025-09-14 19:23:43 - [INFO] -    Background Type: BLACK
2025-09-14 19:23:43 - [INFO] -    Confidence: 80%
2025-09-14 19:23:43 - [INFO] -    Reasoning: 3 factors analyzed
2025-09-14 19:23:43 - [INFO] - 📊 RESULT: {'background_type': 'black', 'confidence': 80, 'background_pixels': 12161, 'object_pixels': 4223, 'background_percentage': 74.224853515625, 'total_pixels': 16384, 'debug_info': {'corner_mean': 0.0, 'edge_mean': 0.0, 'image_mean': 45.1800537109375, 'dark_edge_ratio': 1.0, 'bright_edge_ratio': 0.0, 'decision_factors': ['  Dark corners (0.0 < 50) → BLACK (+40)', '  Dark edges (100.0%) support BLACK (+30)', '  Dark image (45.2 < 80) supports BLACK (+10)']}}
2025-09-14 19:23:43 - [INFO] -   === END BACKGROUND ANALYSIS ===

2025-09-14 19:23:43 - [INFO] - 
  === BACKGROUND ANALYSIS DEBUG ===
2025-09-14 19:23:43 - [INFO] - Frame shape: (128, 128)
2025-09-14 19:23:43 - [INFO] - Frame dtype: uint16
2025-09-14 19:23:43 - [INFO] - Frame range: 0 to 186
2025-09-14 19:23:43 - [INFO] - 🔄 Normalized to uint8: 0 to 255
2025-09-14 19:23:43 - [INFO] - 📐 Image dimensions: 128x128 (16,384 pixels)
2025-09-14 19:23:43 - [INFO] - 🏠 Corner analysis with size: 16x16
2025-09-14 19:23:43 - [INFO] - 🏠 Corner means: [0.0, 0.0, 0.0, 0.0]
2025-09-14 19:23:43 - [INFO] - 🏠 Overall corner mean: 0.0
2025-09-14 19:23:43 - [INFO] - 🔲 Edge analysis:
2025-09-14 19:23:43 - [INFO] -    Edge mean: 0.0
2025-09-14 19:23:43 - [INFO] -    Dark edges (<50): 512/512 (100.0%)
2025-09-14 19:23:43 - [INFO] -    Bright edges (>200): 0/512 (0.0%)
2025-09-14 19:23:43 - [INFO] - 📊 Overall statistics:
2025-09-14 19:23:43 - [INFO] -    Image mean: 45.4
2025-09-14 19:23:43 - [INFO] -    Dark pixels (<50): 12,159 (74.2%)
2025-09-14 19:23:43 - [INFO] -    Bright pixels (>200): 1,513 (9.2%)
2025-09-14 19:23:43 - [INFO] -    Mid-range pixels: 2,712 (16.6%)
2025-09-14 19:23:43 - [INFO] - 📈 Histogram analysis:
2025-09-14 19:23:43 - [INFO] -    Found 1 peaks: [(204, 565)]
2025-09-14 19:23:43 - [INFO] - 
  DECISION PROCESS:
2025-09-14 19:23:43 - [INFO] - 
📋 DECISION FACTORS:
2025-09-14 19:23:43 - [INFO] -      Dark corners (0.0 < 50) → BLACK (+40)
2025-09-14 19:23:43 - [INFO] -      Dark edges (100.0%) support BLACK (+30)
2025-09-14 19:23:43 - [INFO] -      Dark image (45.4 < 80) supports BLACK (+10)
2025-09-14 19:23:43 - [INFO] - 
  FINAL DECISION:
2025-09-14 19:23:43 - [INFO] -    Background Type: BLACK
2025-09-14 19:23:43 - [INFO] -    Confidence: 80%
2025-09-14 19:23:43 - [INFO] -    Reasoning: 3 factors analyzed
2025-09-14 19:23:43 - [INFO] - 📊 RESULT: {'background_type': 'black', 'confidence': 80, 'background_pixels': 12159, 'object_pixels': 4225, 'background_percentage': 74.212646484375, 'total_pixels': 16384, 'debug_info': {'corner_mean': 0.0, 'edge_mean': 0.0, 'image_mean': 45.412109375, 'dark_edge_ratio': 1.0, 'bright_edge_ratio': 0.0, 'decision_factors': ['  Dark corners (0.0 < 50) → BLACK (+40)', '  Dark edges (100.0%) support BLACK (+30)', '  Dark image (45.4 < 80) supports BLACK (+10)']}}
2025-09-14 19:23:43 - [INFO] -   === END BACKGROUND ANALYSIS ===

2025-09-14 19:23:43 - [INFO] - 
  === BACKGROUND ANALYSIS DEBUG ===
2025-09-14 19:23:43 - [INFO] - Frame shape: (128, 128)
2025-09-14 19:23:43 - [INFO] - Frame dtype: uint16
2025-09-14 19:23:43 - [INFO] - Frame range: 0 to 185
2025-09-14 19:23:43 - [INFO] - 🔄 Normalized to uint8: 0 to 255
2025-09-14 19:23:43 - [INFO] - 📐 Image dimensions: 128x128 (16,384 pixels)
2025-09-14 19:23:43 - [INFO] - 🏠 Corner analysis with size: 16x16
2025-09-14 19:23:43 - [INFO] - 🏠 Corner means: [0.0, 0.0, 0.0, 0.0]
2025-09-14 19:23:43 - [INFO] - 🏠 Overall corner mean: 0.0
2025-09-14 19:23:43 - [INFO] - 🔲 Edge analysis:
2025-09-14 19:23:43 - [INFO] -    Edge mean: 0.0
2025-09-14 19:23:43 - [INFO] -    Dark edges (<50): 512/512 (100.0%)
2025-09-14 19:23:43 - [INFO] -    Bright edges (>200): 0/512 (0.0%)
2025-09-14 19:23:43 - [INFO] - 📊 Overall statistics:
2025-09-14 19:23:43 - [INFO] -    Image mean: 45.8
2025-09-14 19:23:43 - [INFO] -    Dark pixels (<50): 12,154 (74.2%)
2025-09-14 19:23:43 - [INFO] -    Bright pixels (>200): 1,516 (9.3%)
2025-09-14 19:23:43 - [INFO] -    Mid-range pixels: 2,714 (16.6%)
2025-09-14 19:23:43 - [INFO] - 📈 Histogram analysis:
2025-09-14 19:23:43 - [INFO] -    Found 0 peaks: []
2025-09-14 19:23:43 - [INFO] - 
  DECISION PROCESS:
2025-09-14 19:23:43 - [INFO] - 
📋 DECISION FACTORS:
2025-09-14 19:23:43 - [INFO] -      Dark corners (0.0 < 50) → BLACK (+40)
2025-09-14 19:23:43 - [INFO] -      Dark edges (100.0%) support BLACK (+30)
2025-09-14 19:23:43 - [INFO] -      Dark image (45.8 < 80) supports BLACK (+10)
2025-09-14 19:23:43 - [INFO] - 
  FINAL DECISION:
2025-09-14 19:23:43 - [INFO] -    Background Type: BLACK
2025-09-14 19:23:43 - [INFO] -    Confidence: 80%
2025-09-14 19:23:43 - [INFO] -    Reasoning: 3 factors analyzed
2025-09-14 19:23:43 - [INFO] - 📊 RESULT: {'background_type': 'black', 'confidence': 80, 'background_pixels': 12154, 'object_pixels': 4230, 'background_percentage': 74.18212890625, 'total_pixels': 16384, 'debug_info': {'corner_mean': 0.0, 'edge_mean': 0.0, 'image_mean': 45.7626953125, 'dark_edge_ratio': 1.0, 'bright_edge_ratio': 0.0, 'decision_factors': ['  Dark corners (0.0 < 50) → BLACK (+40)', '  Dark edges (100.0%) support BLACK (+30)', '  Dark image (45.8 < 80) supports BLACK (+10)']}}
2025-09-14 19:23:43 - [INFO] -   === END BACKGROUND ANALYSIS ===

2025-09-14 19:23:43 - [INFO] - 
  === BACKGROUND ANALYSIS DEBUG ===
2025-09-14 19:23:43 - [INFO] - Frame shape: (128, 128)
2025-09-14 19:23:43 - [INFO] - Frame dtype: uint16
2025-09-14 19:23:43 - [INFO] - Frame range: 0 to 186
2025-09-14 19:23:43 - [INFO] - 🔄 Normalized to uint8: 0 to 255
2025-09-14 19:23:43 - [INFO] - 📐 Image dimensions: 128x128 (16,384 pixels)
2025-09-14 19:23:43 - [INFO] - 🏠 Corner analysis with size: 16x16
2025-09-14 19:23:43 - [INFO] - 🏠 Corner means: [0.0, 0.0, 0.0, 0.0]
2025-09-14 19:23:43 - [INFO] - 🏠 Overall corner mean: 0.0
2025-09-14 19:23:43 - [INFO] - 🔲 Edge analysis:
2025-09-14 19:23:43 - [INFO] -    Edge mean: 0.0
2025-09-14 19:23:43 - [INFO] -    Dark edges (<50): 512/512 (100.0%)
2025-09-14 19:23:43 - [INFO] -    Bright edges (>200): 0/512 (0.0%)
2025-09-14 19:23:43 - [INFO] - 📊 Overall statistics:
2025-09-14 19:23:43 - [INFO] -    Image mean: 45.6
2025-09-14 19:23:43 - [INFO] -    Dark pixels (<50): 12,072 (73.7%)
2025-09-14 19:23:43 - [INFO] -    Bright pixels (>200): 1,402 (8.6%)
2025-09-14 19:23:43 - [INFO] -    Mid-range pixels: 2,910 (17.8%)
2025-09-14 19:23:43 - [INFO] - 📈 Histogram analysis:
2025-09-14 19:23:43 - [INFO] -    Found 0 peaks: []
2025-09-14 19:23:43 - [INFO] - 
  DECISION PROCESS:
2025-09-14 19:23:43 - [INFO] - 
📋 DECISION FACTORS:
2025-09-14 19:23:43 - [INFO] -      Dark corners (0.0 < 50) → BLACK (+40)
2025-09-14 19:23:43 - [INFO] -      Dark edges (100.0%) support BLACK (+30)
2025-09-14 19:23:43 - [INFO] -      Dark image (45.6 < 80) supports BLACK (+10)
2025-09-14 19:23:43 - [INFO] - 
  FINAL DECISION:
2025-09-14 19:23:43 - [INFO] -    Background Type: BLACK
2025-09-14 19:23:43 - [INFO] -    Confidence: 80%
2025-09-14 19:23:43 - [INFO] -    Reasoning: 3 factors analyzed
2025-09-14 19:23:43 - [INFO] - 📊 RESULT: {'background_type': 'black', 'confidence': 80, 'background_pixels': 12072, 'object_pixels': 4312, 'background_percentage': 73.681640625, 'total_pixels': 16384, 'debug_info': {'corner_mean': 0.0, 'edge_mean': 0.0, 'image_mean': 45.636474609375, 'dark_edge_ratio': 1.0, 'bright_edge_ratio': 0.0, 'decision_factors': ['  Dark corners (0.0 < 50) → BLACK (+40)', '  Dark edges (100.0%) support BLACK (+30)', '  Dark image (45.6 < 80) supports BLACK (+10)']}}
2025-09-14 19:23:43 - [INFO] -   === END BACKGROUND ANALYSIS ===

2025-09-14 19:23:43 - [INFO] - 
  === BACKGROUND ANALYSIS DEBUG ===
2025-09-14 19:23:43 - [INFO] - Frame shape: (128, 128)
2025-09-14 19:23:43 - [INFO] - Frame dtype: uint16
2025-09-14 19:23:43 - [INFO] - Frame range: 0 to 186
2025-09-14 19:23:43 - [INFO] - 🔄 Normalized to uint8: 0 to 255
2025-09-14 19:23:43 - [INFO] - 📐 Image dimensions: 128x128 (16,384 pixels)
2025-09-14 19:23:43 - [INFO] - 🏠 Corner analysis with size: 16x16
2025-09-14 19:23:43 - [INFO] - 🏠 Corner means: [0.0, 0.0, 0.0, 0.0]
2025-09-14 19:23:43 - [INFO] - 🏠 Overall corner mean: 0.0
2025-09-14 19:23:43 - [INFO] - 🔲 Edge analysis:
2025-09-14 19:23:43 - [INFO] -    Edge mean: 0.0
2025-09-14 19:23:43 - [INFO] -    Dark edges (<50): 512/512 (100.0%)
2025-09-14 19:23:43 - [INFO] -    Bright edges (>200): 0/512 (0.0%)
2025-09-14 19:23:43 - [INFO] - 📊 Overall statistics:
2025-09-14 19:23:43 - [INFO] -    Image mean: 46.0
2025-09-14 19:23:43 - [INFO] -    Dark pixels (<50): 12,001 (73.2%)
2025-09-14 19:23:43 - [INFO] -    Bright pixels (>200): 1,363 (8.3%)
2025-09-14 19:23:43 - [INFO] -    Mid-range pixels: 3,020 (18.4%)
2025-09-14 19:23:43 - [INFO] - 📈 Histogram analysis:
2025-09-14 19:23:43 - [INFO] -    Found 0 peaks: []
2025-09-14 19:23:43 - [INFO] - 
  DECISION PROCESS:
2025-09-14 19:23:43 - [INFO] - 
📋 DECISION FACTORS:
2025-09-14 19:23:43 - [INFO] -      Dark corners (0.0 < 50) → BLACK (+40)
2025-09-14 19:23:43 - [INFO] -      Dark edges (100.0%) support BLACK (+30)
2025-09-14 19:23:43 - [INFO] -      Dark image (46.0 < 80) supports BLACK (+10)
2025-09-14 19:23:43 - [INFO] - 
  FINAL DECISION:
2025-09-14 19:23:43 - [INFO] -    Background Type: BLACK
2025-09-14 19:23:43 - [INFO] -    Confidence: 80%
2025-09-14 19:23:43 - [INFO] -    Reasoning: 3 factors analyzed
2025-09-14 19:23:43 - [INFO] - 📊 RESULT: {'background_type': 'black', 'confidence': 80, 'background_pixels': 12001, 'object_pixels': 4383, 'background_percentage': 73.248291015625, 'total_pixels': 16384, 'debug_info': {'corner_mean': 0.0, 'edge_mean': 0.0, 'image_mean': 45.98388671875, 'dark_edge_ratio': 1.0, 'bright_edge_ratio': 0.0, 'decision_factors': ['  Dark corners (0.0 < 50) → BLACK (+40)', '  Dark edges (100.0%) support BLACK (+30)', '  Dark image (46.0 < 80) supports BLACK (+10)']}}
2025-09-14 19:23:43 - [INFO] -   === END BACKGROUND ANALYSIS ===

2025-09-14 19:23:43 - [INFO] - 
  === BACKGROUND ANALYSIS DEBUG ===
2025-09-14 19:23:43 - [INFO] - Frame shape: (128, 128)
2025-09-14 19:23:43 - [INFO] - Frame dtype: uint16
2025-09-14 19:23:43 - [INFO] - Frame range: 0 to 188
2025-09-14 19:23:43 - [INFO] - 🔄 Normalized to uint8: 0 to 255
2025-09-14 19:23:43 - [INFO] - 📐 Image dimensions: 128x128 (16,384 pixels)
2025-09-14 19:23:43 - [INFO] - 🏠 Corner analysis with size: 16x16
2025-09-14 19:23:43 - [INFO] - 🏠 Corner means: [0.0, 0.0, 0.0, 0.0]
2025-09-14 19:23:43 - [INFO] - 🏠 Overall corner mean: 0.0
2025-09-14 19:23:43 - [INFO] - 🔲 Edge analysis:
2025-09-14 19:23:43 - [INFO] -    Edge mean: 0.0
2025-09-14 19:23:43 - [INFO] -    Dark edges (<50): 512/512 (100.0%)
2025-09-14 19:23:43 - [INFO] -    Bright edges (>200): 0/512 (0.0%)
2025-09-14 19:23:43 - [INFO] - 📊 Overall statistics:
2025-09-14 19:23:43 - [INFO] -    Image mean: 45.9
2025-09-14 19:23:43 - [INFO] -    Dark pixels (<50): 11,948 (72.9%)
2025-09-14 19:23:43 - [INFO] -    Bright pixels (>200): 1,214 (7.4%)
2025-09-14 19:23:43 - [INFO] -    Mid-range pixels: 3,222 (19.7%)
2025-09-14 19:23:43 - [INFO] - 📈 Histogram analysis:
2025-09-14 19:23:43 - [INFO] -    Found 0 peaks: []
2025-09-14 19:23:43 - [INFO] - 
  DECISION PROCESS:
2025-09-14 19:23:43 - [INFO] - 
📋 DECISION FACTORS:
2025-09-14 19:23:43 - [INFO] -      Dark corners (0.0 < 50) → BLACK (+40)
2025-09-14 19:23:43 - [INFO] -      Dark edges (100.0%) support BLACK (+30)
2025-09-14 19:23:43 - [INFO] -      Dark image (45.9 < 80) supports BLACK (+10)
2025-09-14 19:23:43 - [INFO] - 
  FINAL DECISION:
2025-09-14 19:23:43 - [INFO] -    Background Type: BLACK
2025-09-14 19:23:43 - [INFO] -    Confidence: 80%
2025-09-14 19:23:43 - [INFO] -    Reasoning: 3 factors analyzed
2025-09-14 19:23:43 - [INFO] - 📊 RESULT: {'background_type': 'black', 'confidence': 80, 'background_pixels': 11948, 'object_pixels': 4436, 'background_percentage': 72.9248046875, 'total_pixels': 16384, 'debug_info': {'corner_mean': 0.0, 'edge_mean': 0.0, 'image_mean': 45.92059326171875, 'dark_edge_ratio': 1.0, 'bright_edge_ratio': 0.0, 'decision_factors': ['  Dark corners (0.0 < 50) → BLACK (+40)', '  Dark edges (100.0%) support BLACK (+30)', '  Dark image (45.9 < 80) supports BLACK (+10)']}}
2025-09-14 19:23:43 - [INFO] -   === END BACKGROUND ANALYSIS ===

2025-09-14 19:23:43 - [INFO] - 
  === BACKGROUND ANALYSIS DEBUG ===
2025-09-14 19:23:43 - [INFO] - Frame shape: (128, 128)
2025-09-14 19:23:43 - [INFO] - Frame dtype: uint16
2025-09-14 19:23:43 - [INFO] - Frame range: 0 to 189
2025-09-14 19:23:43 - [INFO] - 🔄 Normalized to uint8: 0 to 255
2025-09-14 19:23:43 - [INFO] - 📐 Image dimensions: 128x128 (16,384 pixels)
2025-09-14 19:23:43 - [INFO] - 🏠 Corner analysis with size: 16x16
2025-09-14 19:23:43 - [INFO] - 🏠 Corner means: [0.0, 0.0, 0.0, 0.0]
2025-09-14 19:23:43 - [INFO] - 🏠 Overall corner mean: 0.0
2025-09-14 19:23:43 - [INFO] - 🔲 Edge analysis:
2025-09-14 19:23:43 - [INFO] -    Edge mean: 0.0
2025-09-14 19:23:43 - [INFO] -    Dark edges (<50): 512/512 (100.0%)
2025-09-14 19:23:43 - [INFO] -    Bright edges (>200): 0/512 (0.0%)
2025-09-14 19:23:43 - [INFO] - 📊 Overall statistics:
2025-09-14 19:23:43 - [INFO] -    Image mean: 46.2
2025-09-14 19:23:43 - [INFO] -    Dark pixels (<50): 11,920 (72.8%)
2025-09-14 19:23:43 - [INFO] -    Bright pixels (>200): 1,275 (7.8%)
2025-09-14 19:23:43 - [INFO] -    Mid-range pixels: 3,189 (19.5%)
2025-09-14 19:23:43 - [INFO] - 📈 Histogram analysis:
2025-09-14 19:23:43 - [INFO] -    Found 1 peaks: [(204, 576)]
2025-09-14 19:23:43 - [INFO] - 
  DECISION PROCESS:
2025-09-14 19:23:43 - [INFO] - 
📋 DECISION FACTORS:
2025-09-14 19:23:43 - [INFO] -      Dark corners (0.0 < 50) → BLACK (+40)
2025-09-14 19:23:43 - [INFO] -      Dark edges (100.0%) support BLACK (+30)
2025-09-14 19:23:43 - [INFO] -      Dark image (46.2 < 80) supports BLACK (+10)
2025-09-14 19:23:43 - [INFO] - 
  FINAL DECISION:
2025-09-14 19:23:43 - [INFO] -    Background Type: BLACK
2025-09-14 19:23:43 - [INFO] -    Confidence: 80%
2025-09-14 19:23:43 - [INFO] -    Reasoning: 3 factors analyzed
2025-09-14 19:23:43 - [INFO] - 📊 RESULT: {'background_type': 'black', 'confidence': 80, 'background_pixels': 11920, 'object_pixels': 4464, 'background_percentage': 72.75390625, 'total_pixels': 16384, 'debug_info': {'corner_mean': 0.0, 'edge_mean': 0.0, 'image_mean': 46.179443359375, 'dark_edge_ratio': 1.0, 'bright_edge_ratio': 0.0, 'decision_factors': ['  Dark corners (0.0 < 50) → BLACK (+40)', '  Dark edges (100.0%) support BLACK (+30)', '  Dark image (46.2 < 80) supports BLACK (+10)']}}
2025-09-14 19:23:43 - [INFO] -   === END BACKGROUND ANALYSIS ===

2025-09-14 19:23:43 - [INFO] - 
  === BACKGROUND ANALYSIS DEBUG ===
2025-09-14 19:23:43 - [INFO] - Frame shape: (128, 128)
2025-09-14 19:23:43 - [INFO] - Frame dtype: uint16
2025-09-14 19:23:43 - [INFO] - Frame range: 0 to 190
2025-09-14 19:23:43 - [INFO] - 🔄 Normalized to uint8: 0 to 255
2025-09-14 19:23:43 - [INFO] - 📐 Image dimensions: 128x128 (16,384 pixels)
2025-09-14 19:23:43 - [INFO] - 🏠 Corner analysis with size: 16x16
2025-09-14 19:23:43 - [INFO] - 🏠 Corner means: [0.0, 0.0, 0.0, 0.0]
2025-09-14 19:23:43 - [INFO] - 🏠 Overall corner mean: 0.0
2025-09-14 19:23:43 - [INFO] - 🔲 Edge analysis:
2025-09-14 19:23:43 - [INFO] -    Edge mean: 0.0
2025-09-14 19:23:43 - [INFO] -    Dark edges (<50): 512/512 (100.0%)
2025-09-14 19:23:43 - [INFO] -    Bright edges (>200): 0/512 (0.0%)
2025-09-14 19:23:43 - [INFO] - 📊 Overall statistics:
2025-09-14 19:23:43 - [INFO] -    Image mean: 46.4
2025-09-14 19:23:43 - [INFO] -    Dark pixels (<50): 11,825 (72.2%)
2025-09-14 19:23:43 - [INFO] -    Bright pixels (>200): 1,230 (7.5%)
2025-09-14 19:23:43 - [INFO] -    Mid-range pixels: 3,329 (20.3%)
2025-09-14 19:23:43 - [INFO] - 📈 Histogram analysis:
2025-09-14 19:23:43 - [INFO] -    Found 1 peaks: [(204, 675)]
2025-09-14 19:23:43 - [INFO] - 
  DECISION PROCESS:
2025-09-14 19:23:43 - [INFO] - 
📋 DECISION FACTORS:
2025-09-14 19:23:43 - [INFO] -      Dark corners (0.0 < 50) → BLACK (+40)
2025-09-14 19:23:43 - [INFO] -      Dark edges (100.0%) support BLACK (+30)
2025-09-14 19:23:43 - [INFO] -      Dark image (46.4 < 80) supports BLACK (+10)
2025-09-14 19:23:43 - [INFO] - 
  FINAL DECISION:
2025-09-14 19:23:43 - [INFO] -    Background Type: BLACK
2025-09-14 19:23:43 - [INFO] -    Confidence: 80%
2025-09-14 19:23:43 - [INFO] -    Reasoning: 3 factors analyzed
2025-09-14 19:23:43 - [INFO] - 📊 RESULT: {'background_type': 'black', 'confidence': 80, 'background_pixels': 11825, 'object_pixels': 4559, 'background_percentage': 72.174072265625, 'total_pixels': 16384, 'debug_info': {'corner_mean': 0.0, 'edge_mean': 0.0, 'image_mean': 46.44146728515625, 'dark_edge_ratio': 1.0, 'bright_edge_ratio': 0.0, 'decision_factors': ['  Dark corners (0.0 < 50) → BLACK (+40)', '  Dark edges (100.0%) support BLACK (+30)', '  Dark image (46.4 < 80) supports BLACK (+10)']}}
2025-09-14 19:23:43 - [INFO] -   === END BACKGROUND ANALYSIS ===

2025-09-14 19:23:43 - [INFO] - 
  === BACKGROUND ANALYSIS DEBUG ===
2025-09-14 19:23:43 - [INFO] - Frame shape: (128, 128)
2025-09-14 19:23:43 - [INFO] - Frame dtype: uint16
2025-09-14 19:23:43 - [INFO] - Frame range: 0 to 190
2025-09-14 19:23:43 - [INFO] - 🔄 Normalized to uint8: 0 to 255
2025-09-14 19:23:43 - [INFO] - 📐 Image dimensions: 128x128 (16,384 pixels)
2025-09-14 19:23:43 - [INFO] - 🏠 Corner analysis with size: 16x16
2025-09-14 19:23:43 - [INFO] - 🏠 Corner means: [0.0, 0.0, 0.0, 0.0]
2025-09-14 19:23:43 - [INFO] - 🏠 Overall corner mean: 0.0
2025-09-14 19:23:43 - [INFO] - 🔲 Edge analysis:
2025-09-14 19:23:43 - [INFO] -    Edge mean: 0.0
2025-09-14 19:23:43 - [INFO] -    Dark edges (<50): 512/512 (100.0%)
2025-09-14 19:23:43 - [INFO] -    Bright edges (>200): 0/512 (0.0%)
2025-09-14 19:23:43 - [INFO] - 📊 Overall statistics:
2025-09-14 19:23:43 - [INFO] -    Image mean: 46.8
2025-09-14 19:23:43 - [INFO] -    Dark pixels (<50): 11,760 (71.8%)
2025-09-14 19:23:43 - [INFO] -    Bright pixels (>200): 1,250 (7.6%)
2025-09-14 19:23:43 - [INFO] -    Mid-range pixels: 3,374 (20.6%)
2025-09-14 19:23:43 - [INFO] - 📈 Histogram analysis:
2025-09-14 19:23:43 - [INFO] -    Found 1 peaks: [(204, 662)]
2025-09-14 19:23:43 - [INFO] - 
  DECISION PROCESS:
2025-09-14 19:23:43 - [INFO] - 
📋 DECISION FACTORS:
2025-09-14 19:23:43 - [INFO] -      Dark corners (0.0 < 50) → BLACK (+40)
2025-09-14 19:23:43 - [INFO] -      Dark edges (100.0%) support BLACK (+30)
2025-09-14 19:23:43 - [INFO] -      Dark image (46.8 < 80) supports BLACK (+10)
2025-09-14 19:23:43 - [INFO] - 
  FINAL DECISION:
2025-09-14 19:23:43 - [INFO] -    Background Type: BLACK
2025-09-14 19:23:43 - [INFO] -    Confidence: 80%
2025-09-14 19:23:43 - [INFO] -    Reasoning: 3 factors analyzed
2025-09-14 19:23:43 - [INFO] - 📊 RESULT: {'background_type': 'black', 'confidence': 80, 'background_pixels': 11760, 'object_pixels': 4624, 'background_percentage': 71.77734375, 'total_pixels': 16384, 'debug_info': {'corner_mean': 0.0, 'edge_mean': 0.0, 'image_mean': 46.822509765625, 'dark_edge_ratio': 1.0, 'bright_edge_ratio': 0.0, 'decision_factors': ['  Dark corners (0.0 < 50) → BLACK (+40)', '  Dark edges (100.0%) support BLACK (+30)', '  Dark image (46.8 < 80) supports BLACK (+10)']}}
2025-09-14 19:23:43 - [INFO] -   === END BACKGROUND ANALYSIS ===

2025-09-14 19:23:43 - [INFO] - 
  === BACKGROUND ANALYSIS DEBUG ===
2025-09-14 19:23:43 - [INFO] - Frame shape: (128, 128)
2025-09-14 19:23:43 - [INFO] - Frame dtype: uint16
2025-09-14 19:23:43 - [INFO] - Frame range: 0 to 189
2025-09-14 19:23:43 - [INFO] - 🔄 Normalized to uint8: 0 to 255
2025-09-14 19:23:43 - [INFO] - 📐 Image dimensions: 128x128 (16,384 pixels)
2025-09-14 19:23:43 - [INFO] - 🏠 Corner analysis with size: 16x16
2025-09-14 19:23:43 - [INFO] - 🏠 Corner means: [0.0, 0.0, 0.0, 0.0]
2025-09-14 19:23:43 - [INFO] - 🏠 Overall corner mean: 0.0
2025-09-14 19:23:43 - [INFO] - 🔲 Edge analysis:
2025-09-14 19:23:43 - [INFO] -    Edge mean: 0.0
2025-09-14 19:23:43 - [INFO] -    Dark edges (<50): 512/512 (100.0%)
2025-09-14 19:23:43 - [INFO] -    Bright edges (>200): 0/512 (0.0%)
2025-09-14 19:23:43 - [INFO] - 📊 Overall statistics:
2025-09-14 19:23:43 - [INFO] -    Image mean: 47.3
2025-09-14 19:23:43 - [INFO] -    Dark pixels (<50): 11,720 (71.5%)
2025-09-14 19:23:43 - [INFO] -    Bright pixels (>200): 1,348 (8.2%)
2025-09-14 19:23:43 - [INFO] -    Mid-range pixels: 3,316 (20.2%)
2025-09-14 19:23:43 - [INFO] - 📈 Histogram analysis:
2025-09-14 19:23:43 - [INFO] -    Found 1 peaks: [(204, 687)]
2025-09-14 19:23:43 - [INFO] - 
  DECISION PROCESS:
2025-09-14 19:23:43 - [INFO] - 
📋 DECISION FACTORS:
2025-09-14 19:23:43 - [INFO] -      Dark corners (0.0 < 50) → BLACK (+40)
2025-09-14 19:23:43 - [INFO] -      Dark edges (100.0%) support BLACK (+30)
2025-09-14 19:23:43 - [INFO] -      Dark image (47.3 < 80) supports BLACK (+10)
2025-09-14 19:23:43 - [INFO] - 
  FINAL DECISION:
2025-09-14 19:23:43 - [INFO] -    Background Type: BLACK
2025-09-14 19:23:43 - [INFO] -    Confidence: 80%
2025-09-14 19:23:43 - [INFO] -    Reasoning: 3 factors analyzed
2025-09-14 19:23:43 - [INFO] - 📊 RESULT: {'background_type': 'black', 'confidence': 80, 'background_pixels': 11720, 'object_pixels': 4664, 'background_percentage': 71.533203125, 'total_pixels': 16384, 'debug_info': {'corner_mean': 0.0, 'edge_mean': 0.0, 'image_mean': 47.32257080078125, 'dark_edge_ratio': 1.0, 'bright_edge_ratio': 0.0, 'decision_factors': ['  Dark corners (0.0 < 50) → BLACK (+40)', '  Dark edges (100.0%) support BLACK (+30)', '  Dark image (47.3 < 80) supports BLACK (+10)']}}
2025-09-14 19:23:43 - [INFO] -   === END BACKGROUND ANALYSIS ===

2025-09-14 19:23:43 - [INFO] - 
  === BACKGROUND ANALYSIS DEBUG ===
2025-09-14 19:23:43 - [INFO] - Frame shape: (128, 128)
2025-09-14 19:23:43 - [INFO] - Frame dtype: uint16
2025-09-14 19:23:43 - [INFO] - Frame range: 0 to 189
2025-09-14 19:23:43 - [INFO] - 🔄 Normalized to uint8: 0 to 255
2025-09-14 19:23:43 - [INFO] - 📐 Image dimensions: 128x128 (16,384 pixels)
2025-09-14 19:23:43 - [INFO] - 🏠 Corner analysis with size: 16x16
2025-09-14 19:23:43 - [INFO] - 🏠 Corner means: [0.0, 0.0, 0.0, 0.0]
2025-09-14 19:23:43 - [INFO] - 🏠 Overall corner mean: 0.0
2025-09-14 19:23:43 - [INFO] - 🔲 Edge analysis:
2025-09-14 19:23:43 - [INFO] -    Edge mean: 0.0
2025-09-14 19:23:43 - [INFO] -    Dark edges (<50): 512/512 (100.0%)
2025-09-14 19:23:43 - [INFO] -    Bright edges (>200): 0/512 (0.0%)
2025-09-14 19:23:43 - [INFO] - 📊 Overall statistics:
2025-09-14 19:23:43 - [INFO] -    Image mean: 47.5
2025-09-14 19:23:43 - [INFO] -    Dark pixels (<50): 11,714 (71.5%)
2025-09-14 19:23:43 - [INFO] -    Bright pixels (>200): 1,367 (8.3%)
2025-09-14 19:23:43 - [INFO] -    Mid-range pixels: 3,303 (20.2%)
2025-09-14 19:23:43 - [INFO] - 📈 Histogram analysis:
2025-09-14 19:23:43 - [INFO] -    Found 1 peaks: [(204, 740)]
2025-09-14 19:23:43 - [INFO] - 
  DECISION PROCESS:
2025-09-14 19:23:43 - [INFO] - 
📋 DECISION FACTORS:
2025-09-14 19:23:43 - [INFO] -      Dark corners (0.0 < 50) → BLACK (+40)
2025-09-14 19:23:43 - [INFO] -      Dark edges (100.0%) support BLACK (+30)
2025-09-14 19:23:43 - [INFO] -      Dark image (47.5 < 80) supports BLACK (+10)
2025-09-14 19:23:43 - [INFO] - 
  FINAL DECISION:
2025-09-14 19:23:43 - [INFO] -    Background Type: BLACK
2025-09-14 19:23:43 - [INFO] -    Confidence: 80%
2025-09-14 19:23:43 - [INFO] -    Reasoning: 3 factors analyzed
2025-09-14 19:23:43 - [INFO] - 📊 RESULT: {'background_type': 'black', 'confidence': 80, 'background_pixels': 11714, 'object_pixels': 4670, 'background_percentage': 71.49658203125, 'total_pixels': 16384, 'debug_info': {'corner_mean': 0.0, 'edge_mean': 0.0, 'image_mean': 47.5125732421875, 'dark_edge_ratio': 1.0, 'bright_edge_ratio': 0.0, 'decision_factors': ['  Dark corners (0.0 < 50) → BLACK (+40)', '  Dark edges (100.0%) support BLACK (+30)', '  Dark image (47.5 < 80) supports BLACK (+10)']}}
2025-09-14 19:23:43 - [INFO] -   === END BACKGROUND ANALYSIS ===

2025-09-14 19:23:43 - [INFO] - 
  === BACKGROUND ANALYSIS DEBUG ===
2025-09-14 19:23:43 - [INFO] - Frame shape: (128, 128)
2025-09-14 19:23:43 - [INFO] - Frame dtype: uint16
2025-09-14 19:23:43 - [INFO] - Frame range: 0 to 188
2025-09-14 19:23:43 - [INFO] - 🔄 Normalized to uint8: 0 to 255
2025-09-14 19:23:43 - [INFO] - 📐 Image dimensions: 128x128 (16,384 pixels)
2025-09-14 19:23:43 - [INFO] - 🏠 Corner analysis with size: 16x16
2025-09-14 19:23:43 - [INFO] - 🏠 Corner means: [0.0, 0.0, 0.0, 0.0]
2025-09-14 19:23:43 - [INFO] - 🏠 Overall corner mean: 0.0
2025-09-14 19:23:43 - [INFO] - 🔲 Edge analysis:
2025-09-14 19:23:43 - [INFO] -    Edge mean: 0.0
2025-09-14 19:23:43 - [INFO] -    Dark edges (<50): 512/512 (100.0%)
2025-09-14 19:23:43 - [INFO] -    Bright edges (>200): 0/512 (0.0%)
2025-09-14 19:23:43 - [INFO] - 📊 Overall statistics:
2025-09-14 19:23:43 - [INFO] -    Image mean: 48.0
2025-09-14 19:23:43 - [INFO] -    Dark pixels (<50): 11,707 (71.5%)
2025-09-14 19:23:43 - [INFO] -    Bright pixels (>200): 1,367 (8.3%)
2025-09-14 19:23:43 - [INFO] -    Mid-range pixels: 3,310 (20.2%)
2025-09-14 19:23:43 - [INFO] - 📈 Histogram analysis:
2025-09-14 19:23:43 - [INFO] -    Found 1 peaks: [(204, 720)]
2025-09-14 19:23:43 - [INFO] - 
  DECISION PROCESS:
2025-09-14 19:23:43 - [INFO] - 
📋 DECISION FACTORS:
2025-09-14 19:23:43 - [INFO] -      Dark corners (0.0 < 50) → BLACK (+40)
2025-09-14 19:23:43 - [INFO] -      Dark edges (100.0%) support BLACK (+30)
2025-09-14 19:23:43 - [INFO] -      Dark image (48.0 < 80) supports BLACK (+10)
2025-09-14 19:23:43 - [INFO] - 
  FINAL DECISION:
2025-09-14 19:23:43 - [INFO] -    Background Type: BLACK
2025-09-14 19:23:43 - [INFO] -    Confidence: 80%
2025-09-14 19:23:43 - [INFO] -    Reasoning: 3 factors analyzed
2025-09-14 19:23:43 - [INFO] - 📊 RESULT: {'background_type': 'black', 'confidence': 80, 'background_pixels': 11707, 'object_pixels': 4677, 'background_percentage': 71.453857421875, 'total_pixels': 16384, 'debug_info': {'corner_mean': 0.0, 'edge_mean': 0.0, 'image_mean': 47.95269775390625, 'dark_edge_ratio': 1.0, 'bright_edge_ratio': 0.0, 'decision_factors': ['  Dark corners (0.0 < 50) → BLACK (+40)', '  Dark edges (100.0%) support BLACK (+30)', '  Dark image (48.0 < 80) supports BLACK (+10)']}}
2025-09-14 19:23:43 - [INFO] -   === END BACKGROUND ANALYSIS ===

2025-09-14 19:23:43 - [INFO] - 
  === BACKGROUND ANALYSIS DEBUG ===
2025-09-14 19:23:43 - [INFO] - Frame shape: (128, 128)
2025-09-14 19:23:43 - [INFO] - Frame dtype: uint16
2025-09-14 19:23:43 - [INFO] - Frame range: 0 to 188
2025-09-14 19:23:43 - [INFO] - 🔄 Normalized to uint8: 0 to 255
2025-09-14 19:23:43 - [INFO] - 📐 Image dimensions: 128x128 (16,384 pixels)
2025-09-14 19:23:43 - [INFO] - 🏠 Corner analysis with size: 16x16
2025-09-14 19:23:43 - [INFO] - 🏠 Corner means: [0.0, 0.0, 0.0, 0.0]
2025-09-14 19:23:43 - [INFO] - 🏠 Overall corner mean: 0.0
2025-09-14 19:23:43 - [INFO] - 🔲 Edge analysis:
2025-09-14 19:23:43 - [INFO] -    Edge mean: 0.0
2025-09-14 19:23:43 - [INFO] -    Dark edges (<50): 512/512 (100.0%)
2025-09-14 19:23:43 - [INFO] -    Bright edges (>200): 0/512 (0.0%)
2025-09-14 19:23:43 - [INFO] - 📊 Overall statistics:
2025-09-14 19:23:43 - [INFO] -    Image mean: 48.1
2025-09-14 19:23:43 - [INFO] -    Dark pixels (<50): 11,693 (71.4%)
2025-09-14 19:23:43 - [INFO] -    Bright pixels (>200): 1,359 (8.3%)
2025-09-14 19:23:43 - [INFO] -    Mid-range pixels: 3,332 (20.3%)
2025-09-14 19:23:43 - [INFO] - 📈 Histogram analysis:
2025-09-14 19:23:43 - [INFO] -    Found 2 peaks: [(183, 531), (204, 601)]
2025-09-14 19:23:43 - [INFO] - 
  DECISION PROCESS:
2025-09-14 19:23:43 - [INFO] - 
📋 DECISION FACTORS:
2025-09-14 19:23:43 - [INFO] -      Dark corners (0.0 < 50) → BLACK (+40)
2025-09-14 19:23:43 - [INFO] -      Dark edges (100.0%) support BLACK (+30)
2025-09-14 19:23:43 - [INFO] -      Dark image (48.1 < 80) supports BLACK (+10)
2025-09-14 19:23:43 - [INFO] - 
  FINAL DECISION:
2025-09-14 19:23:43 - [INFO] -    Background Type: BLACK
2025-09-14 19:23:43 - [INFO] -    Confidence: 80%
2025-09-14 19:23:43 - [INFO] -    Reasoning: 3 factors analyzed
2025-09-14 19:23:43 - [INFO] - 📊 RESULT: {'background_type': 'black', 'confidence': 80, 'background_pixels': 11693, 'object_pixels': 4691, 'background_percentage': 71.368408203125, 'total_pixels': 16384, 'debug_info': {'corner_mean': 0.0, 'edge_mean': 0.0, 'image_mean': 48.14923095703125, 'dark_edge_ratio': 1.0, 'bright_edge_ratio': 0.0, 'decision_factors': ['  Dark corners (0.0 < 50) → BLACK (+40)', '  Dark edges (100.0%) support BLACK (+30)', '  Dark image (48.1 < 80) supports BLACK (+10)']}}
2025-09-14 19:23:43 - [INFO] -   === END BACKGROUND ANALYSIS ===

2025-09-14 19:23:43 - [INFO] - 
  === BACKGROUND ANALYSIS DEBUG ===
2025-09-14 19:23:43 - [INFO] - Frame shape: (128, 128)
2025-09-14 19:23:43 - [INFO] - Frame dtype: uint16
2025-09-14 19:23:43 - [INFO] - Frame range: 0 to 190
2025-09-14 19:23:43 - [INFO] - 🔄 Normalized to uint8: 0 to 255
2025-09-14 19:23:43 - [INFO] - 📐 Image dimensions: 128x128 (16,384 pixels)
2025-09-14 19:23:43 - [INFO] - 🏠 Corner analysis with size: 16x16
2025-09-14 19:23:43 - [INFO] - 🏠 Corner means: [0.0, 0.0, 0.0, 0.0]
2025-09-14 19:23:43 - [INFO] - 🏠 Overall corner mean: 0.0
2025-09-14 19:23:43 - [INFO] - 🔲 Edge analysis:
2025-09-14 19:23:43 - [INFO] -    Edge mean: 0.0
2025-09-14 19:23:43 - [INFO] -    Dark edges (<50): 512/512 (100.0%)
2025-09-14 19:23:43 - [INFO] -    Bright edges (>200): 0/512 (0.0%)
2025-09-14 19:23:43 - [INFO] - 📊 Overall statistics:
2025-09-14 19:23:43 - [INFO] -    Image mean: 47.8
2025-09-14 19:23:43 - [INFO] -    Dark pixels (<50): 11,679 (71.3%)
2025-09-14 19:23:43 - [INFO] -    Bright pixels (>200): 1,275 (7.8%)
2025-09-14 19:23:43 - [INFO] -    Mid-range pixels: 3,430 (20.9%)
2025-09-14 19:23:43 - [INFO] - 📈 Histogram analysis:
2025-09-14 19:23:43 - [INFO] -    Found 2 peaks: [(178, 558), (204, 745)]
2025-09-14 19:23:43 - [INFO] - 
  DECISION PROCESS:
2025-09-14 19:23:43 - [INFO] - 
📋 DECISION FACTORS:
2025-09-14 19:23:43 - [INFO] -      Dark corners (0.0 < 50) → BLACK (+40)
2025-09-14 19:23:43 - [INFO] -      Dark edges (100.0%) support BLACK (+30)
2025-09-14 19:23:43 - [INFO] -      Dark image (47.8 < 80) supports BLACK (+10)
2025-09-14 19:23:43 - [INFO] - 
  FINAL DECISION:
2025-09-14 19:23:43 - [INFO] -    Background Type: BLACK
2025-09-14 19:23:43 - [INFO] -    Confidence: 80%
2025-09-14 19:23:43 - [INFO] -    Reasoning: 3 factors analyzed
2025-09-14 19:23:43 - [INFO] - 📊 RESULT: {'background_type': 'black', 'confidence': 80, 'background_pixels': 11679, 'object_pixels': 4705, 'background_percentage': 71.282958984375, 'total_pixels': 16384, 'debug_info': {'corner_mean': 0.0, 'edge_mean': 0.0, 'image_mean': 47.83026123046875, 'dark_edge_ratio': 1.0, 'bright_edge_ratio': 0.0, 'decision_factors': ['  Dark corners (0.0 < 50) → BLACK (+40)', '  Dark edges (100.0%) support BLACK (+30)', '  Dark image (47.8 < 80) supports BLACK (+10)']}}
2025-09-14 19:23:43 - [INFO] -   === END BACKGROUND ANALYSIS ===

2025-09-14 19:23:43 - [INFO] - 
  === BACKGROUND ANALYSIS DEBUG ===
2025-09-14 19:23:43 - [INFO] - Frame shape: (128, 128)
2025-09-14 19:23:43 - [INFO] - Frame dtype: uint16
2025-09-14 19:23:43 - [INFO] - Frame range: 0 to 190
2025-09-14 19:23:43 - [INFO] - 🔄 Normalized to uint8: 0 to 255
2025-09-14 19:23:43 - [INFO] - 📐 Image dimensions: 128x128 (16,384 pixels)
2025-09-14 19:23:43 - [INFO] - 🏠 Corner analysis with size: 16x16
2025-09-14 19:23:43 - [INFO] - 🏠 Corner means: [0.0, 0.0, 0.0, 0.0]
2025-09-14 19:23:43 - [INFO] - 🏠 Overall corner mean: 0.0
2025-09-14 19:23:43 - [INFO] - 🔲 Edge analysis:
2025-09-14 19:23:43 - [INFO] -    Edge mean: 0.0
2025-09-14 19:23:43 - [INFO] -    Dark edges (<50): 512/512 (100.0%)
2025-09-14 19:23:43 - [INFO] -    Bright edges (>200): 0/512 (0.0%)
2025-09-14 19:23:43 - [INFO] - 📊 Overall statistics:
2025-09-14 19:23:43 - [INFO] -    Image mean: 48.3
2025-09-14 19:23:43 - [INFO] -    Dark pixels (<50): 11,608 (70.8%)
2025-09-14 19:23:43 - [INFO] -    Bright pixels (>200): 1,242 (7.6%)
2025-09-14 19:23:43 - [INFO] -    Mid-range pixels: 3,534 (21.6%)
2025-09-14 19:23:43 - [INFO] - 📈 Histogram analysis:
2025-09-14 19:23:43 - [INFO] -    Found 2 peaks: [(178, 586), (204, 723)]
2025-09-14 19:23:43 - [INFO] - 
  DECISION PROCESS:
2025-09-14 19:23:43 - [INFO] - 
📋 DECISION FACTORS:
2025-09-14 19:23:43 - [INFO] -      Dark corners (0.0 < 50) → BLACK (+40)
2025-09-14 19:23:43 - [INFO] -      Dark edges (100.0%) support BLACK (+30)
2025-09-14 19:23:43 - [INFO] -      Dark image (48.3 < 80) supports BLACK (+10)
2025-09-14 19:23:43 - [INFO] - 
  FINAL DECISION:
2025-09-14 19:23:43 - [INFO] -    Background Type: BLACK
2025-09-14 19:23:43 - [INFO] -    Confidence: 80%
2025-09-14 19:23:43 - [INFO] -    Reasoning: 3 factors analyzed
2025-09-14 19:23:43 - [INFO] - 📊 RESULT: {'background_type': 'black', 'confidence': 80, 'background_pixels': 11608, 'object_pixels': 4776, 'background_percentage': 70.849609375, 'total_pixels': 16384, 'debug_info': {'corner_mean': 0.0, 'edge_mean': 0.0, 'image_mean': 48.26318359375, 'dark_edge_ratio': 1.0, 'bright_edge_ratio': 0.0, 'decision_factors': ['  Dark corners (0.0 < 50) → BLACK (+40)', '  Dark edges (100.0%) support BLACK (+30)', '  Dark image (48.3 < 80) supports BLACK (+10)']}}
2025-09-14 19:23:43 - [INFO] -   === END BACKGROUND ANALYSIS ===

2025-09-14 19:23:43 - [INFO] - 
  === BACKGROUND ANALYSIS DEBUG ===
2025-09-14 19:23:43 - [INFO] - Frame shape: (128, 128)
2025-09-14 19:23:43 - [INFO] - Frame dtype: uint16
2025-09-14 19:23:43 - [INFO] - Frame range: 0 to 193
2025-09-14 19:23:43 - [INFO] - 🔄 Normalized to uint8: 0 to 255
2025-09-14 19:23:43 - [INFO] - 📐 Image dimensions: 128x128 (16,384 pixels)
2025-09-14 19:23:43 - [INFO] - 🏠 Corner analysis with size: 16x16
2025-09-14 19:23:43 - [INFO] - 🏠 Corner means: [0.0, 0.0, 0.0, 0.0]
2025-09-14 19:23:43 - [INFO] - 🏠 Overall corner mean: 0.0
2025-09-14 19:23:43 - [INFO] - 🔲 Edge analysis:
2025-09-14 19:23:43 - [INFO] -    Edge mean: 0.0
2025-09-14 19:23:43 - [INFO] -    Dark edges (<50): 512/512 (100.0%)
2025-09-14 19:23:43 - [INFO] -    Bright edges (>200): 0/512 (0.0%)
2025-09-14 19:23:43 - [INFO] - 📊 Overall statistics:
2025-09-14 19:23:43 - [INFO] -    Image mean: 48.4
2025-09-14 19:23:43 - [INFO] -    Dark pixels (<50): 11,541 (70.4%)
2025-09-14 19:23:43 - [INFO] -    Bright pixels (>200): 954 (5.8%)
2025-09-14 19:23:43 - [INFO] -    Mid-range pixels: 3,889 (23.7%)
2025-09-14 19:23:43 - [INFO] - 📈 Histogram analysis:
2025-09-14 19:23:43 - [INFO] -    Found 1 peaks: [(198, 648)]
2025-09-14 19:23:43 - [INFO] - 
  DECISION PROCESS:
2025-09-14 19:23:43 - [INFO] - 
📋 DECISION FACTORS:
2025-09-14 19:23:43 - [INFO] -      Dark corners (0.0 < 50) → BLACK (+40)
2025-09-14 19:23:43 - [INFO] -      Dark edges (100.0%) support BLACK (+30)
2025-09-14 19:23:43 - [INFO] -      Dark image (48.4 < 80) supports BLACK (+10)
2025-09-14 19:23:43 - [INFO] - 
  FINAL DECISION:
2025-09-14 19:23:43 - [INFO] -    Background Type: BLACK
2025-09-14 19:23:43 - [INFO] -    Confidence: 80%
2025-09-14 19:23:43 - [INFO] -    Reasoning: 3 factors analyzed
2025-09-14 19:23:43 - [INFO] - 📊 RESULT: {'background_type': 'black', 'confidence': 80, 'background_pixels': 11541, 'object_pixels': 4843, 'background_percentage': 70.440673828125, 'total_pixels': 16384, 'debug_info': {'corner_mean': 0.0, 'edge_mean': 0.0, 'image_mean': 48.41558837890625, 'dark_edge_ratio': 1.0, 'bright_edge_ratio': 0.0, 'decision_factors': ['  Dark corners (0.0 < 50) → BLACK (+40)', '  Dark edges (100.0%) support BLACK (+30)', '  Dark image (48.4 < 80) supports BLACK (+10)']}}
2025-09-14 19:23:43 - [INFO] -   === END BACKGROUND ANALYSIS ===

2025-09-14 19:23:43 - [INFO] - 
  === BACKGROUND ANALYSIS DEBUG ===
2025-09-14 19:23:43 - [INFO] - Frame shape: (128, 128)
2025-09-14 19:23:43 - [INFO] - Frame dtype: uint16
2025-09-14 19:23:43 - [INFO] - Frame range: 0 to 192
2025-09-14 19:23:43 - [INFO] - 🔄 Normalized to uint8: 0 to 255
2025-09-14 19:23:43 - [INFO] - 📐 Image dimensions: 128x128 (16,384 pixels)
2025-09-14 19:23:43 - [INFO] - 🏠 Corner analysis with size: 16x16
2025-09-14 19:23:43 - [INFO] - 🏠 Corner means: [0.0, 0.0, 0.0, 0.0]
2025-09-14 19:23:43 - [INFO] - 🏠 Overall corner mean: 0.0
2025-09-14 19:23:43 - [INFO] - 🔲 Edge analysis:
2025-09-14 19:23:43 - [INFO] -    Edge mean: 0.0
2025-09-14 19:23:43 - [INFO] -    Dark edges (<50): 512/512 (100.0%)
2025-09-14 19:23:43 - [INFO] -    Bright edges (>200): 0/512 (0.0%)
2025-09-14 19:23:43 - [INFO] - 📊 Overall statistics:
2025-09-14 19:23:43 - [INFO] -    Image mean: 49.8
2025-09-14 19:23:43 - [INFO] -    Dark pixels (<50): 11,497 (70.2%)
2025-09-14 19:23:43 - [INFO] -    Bright pixels (>200): 1,116 (6.8%)
2025-09-14 19:23:43 - [INFO] -    Mid-range pixels: 3,771 (23.0%)
2025-09-14 19:23:43 - [INFO] - 📈 Histogram analysis:
2025-09-14 19:23:43 - [INFO] -    Found 2 peaks: [(178, 670), (204, 590)]
2025-09-14 19:23:43 - [INFO] - 
  DECISION PROCESS:
2025-09-14 19:23:43 - [INFO] - 
📋 DECISION FACTORS:
2025-09-14 19:23:43 - [INFO] -      Dark corners (0.0 < 50) → BLACK (+40)
2025-09-14 19:23:43 - [INFO] -      Dark edges (100.0%) support BLACK (+30)
2025-09-14 19:23:43 - [INFO] -      Dark image (49.8 < 80) supports BLACK (+10)
2025-09-14 19:23:43 - [INFO] - 
  FINAL DECISION:
2025-09-14 19:23:43 - [INFO] -    Background Type: BLACK
2025-09-14 19:23:43 - [INFO] -    Confidence: 80%
2025-09-14 19:23:43 - [INFO] -    Reasoning: 3 factors analyzed
2025-09-14 19:23:43 - [INFO] - 📊 RESULT: {'background_type': 'black', 'confidence': 80, 'background_pixels': 11497, 'object_pixels': 4887, 'background_percentage': 70.172119140625, 'total_pixels': 16384, 'debug_info': {'corner_mean': 0.0, 'edge_mean': 0.0, 'image_mean': 49.83245849609375, 'dark_edge_ratio': 1.0, 'bright_edge_ratio': 0.0, 'decision_factors': ['  Dark corners (0.0 < 50) → BLACK (+40)', '  Dark edges (100.0%) support BLACK (+30)', '  Dark image (49.8 < 80) supports BLACK (+10)']}}
2025-09-14 19:23:43 - [INFO] -   === END BACKGROUND ANALYSIS ===

2025-09-14 19:23:43 - [INFO] - 
  === BACKGROUND ANALYSIS DEBUG ===
2025-09-14 19:23:43 - [INFO] - Frame shape: (128, 128)
2025-09-14 19:23:43 - [INFO] - Frame dtype: uint16
2025-09-14 19:23:43 - [INFO] - Frame range: 0 to 192
2025-09-14 19:23:43 - [INFO] - 🔄 Normalized to uint8: 0 to 255
2025-09-14 19:23:43 - [INFO] - 📐 Image dimensions: 128x128 (16,384 pixels)
2025-09-14 19:23:43 - [INFO] - 🏠 Corner analysis with size: 16x16
2025-09-14 19:23:43 - [INFO] - 🏠 Corner means: [0.0, 0.0, 0.0, 0.0]
2025-09-14 19:23:43 - [INFO] - 🏠 Overall corner mean: 0.0
2025-09-14 19:23:43 - [INFO] - 🔲 Edge analysis:
2025-09-14 19:23:43 - [INFO] -    Edge mean: 0.0
2025-09-14 19:23:43 - [INFO] -    Dark edges (<50): 512/512 (100.0%)
2025-09-14 19:23:43 - [INFO] -    Bright edges (>200): 0/512 (0.0%)
2025-09-14 19:23:43 - [INFO] - 📊 Overall statistics:
2025-09-14 19:23:43 - [INFO] -    Image mean: 50.9
2025-09-14 19:23:43 - [INFO] -    Dark pixels (<50): 11,497 (70.2%)
2025-09-14 19:23:43 - [INFO] -    Bright pixels (>200): 1,213 (7.4%)
2025-09-14 19:23:43 - [INFO] -    Mid-range pixels: 3,674 (22.4%)
2025-09-14 19:23:43 - [INFO] - 📈 Histogram analysis:
2025-09-14 19:23:43 - [INFO] -    Found 2 peaks: [(178, 694), (204, 644)]
2025-09-14 19:23:43 - [INFO] - 
  DECISION PROCESS:
2025-09-14 19:23:43 - [INFO] - 
📋 DECISION FACTORS:
2025-09-14 19:23:43 - [INFO] -      Dark corners (0.0 < 50) → BLACK (+40)
2025-09-14 19:23:43 - [INFO] -      Dark edges (100.0%) support BLACK (+30)
2025-09-14 19:23:43 - [INFO] -      Dark image (50.9 < 80) supports BLACK (+10)
2025-09-14 19:23:43 - [INFO] - 
  FINAL DECISION:
2025-09-14 19:23:43 - [INFO] -    Background Type: BLACK
2025-09-14 19:23:43 - [INFO] -    Confidence: 80%
2025-09-14 19:23:43 - [INFO] -    Reasoning: 3 factors analyzed
2025-09-14 19:23:43 - [INFO] - 📊 RESULT: {'background_type': 'black', 'confidence': 80, 'background_pixels': 11497, 'object_pixels': 4887, 'background_percentage': 70.172119140625, 'total_pixels': 16384, 'debug_info': {'corner_mean': 0.0, 'edge_mean': 0.0, 'image_mean': 50.87005615234375, 'dark_edge_ratio': 1.0, 'bright_edge_ratio': 0.0, 'decision_factors': ['  Dark corners (0.0 < 50) → BLACK (+40)', '  Dark edges (100.0%) support BLACK (+30)', '  Dark image (50.9 < 80) supports BLACK (+10)']}}
2025-09-14 19:23:43 - [INFO] -   === END BACKGROUND ANALYSIS ===

2025-09-14 19:23:43 - [INFO] - 
  === BACKGROUND ANALYSIS DEBUG ===
2025-09-14 19:23:43 - [INFO] - Frame shape: (128, 128)
2025-09-14 19:23:43 - [INFO] - Frame dtype: uint16
2025-09-14 19:23:43 - [INFO] - Frame range: 0 to 192
2025-09-14 19:23:43 - [INFO] - 🔄 Normalized to uint8: 0 to 255
2025-09-14 19:23:43 - [INFO] - 📐 Image dimensions: 128x128 (16,384 pixels)
2025-09-14 19:23:43 - [INFO] - 🏠 Corner analysis with size: 16x16
2025-09-14 19:23:43 - [INFO] - 🏠 Corner means: [0.0, 0.0, 0.0, 0.0]
2025-09-14 19:23:43 - [INFO] - 🏠 Overall corner mean: 0.0
2025-09-14 19:23:43 - [INFO] - 🔲 Edge analysis:
2025-09-14 19:23:43 - [INFO] -    Edge mean: 0.0
2025-09-14 19:23:43 - [INFO] -    Dark edges (<50): 512/512 (100.0%)
2025-09-14 19:23:43 - [INFO] -    Bright edges (>200): 0/512 (0.0%)
2025-09-14 19:23:43 - [INFO] - 📊 Overall statistics:
2025-09-14 19:23:43 - [INFO] -    Image mean: 51.7
2025-09-14 19:23:43 - [INFO] -    Dark pixels (<50): 11,501 (70.2%)
2025-09-14 19:23:43 - [INFO] -    Bright pixels (>200): 1,251 (7.6%)
2025-09-14 19:23:43 - [INFO] -    Mid-range pixels: 3,632 (22.2%)
2025-09-14 19:23:43 - [INFO] - 📈 Histogram analysis:
2025-09-14 19:23:43 - [INFO] -    Found 2 peaks: [(178, 653), (204, 644)]
2025-09-14 19:23:43 - [INFO] - 
  DECISION PROCESS:
2025-09-14 19:23:43 - [INFO] - 
📋 DECISION FACTORS:
2025-09-14 19:23:43 - [INFO] -      Dark corners (0.0 < 50) → BLACK (+40)
2025-09-14 19:23:43 - [INFO] -      Dark edges (100.0%) support BLACK (+30)
2025-09-14 19:23:43 - [INFO] -      Dark image (51.7 < 80) supports BLACK (+10)
2025-09-14 19:23:43 - [INFO] - 
  FINAL DECISION:
2025-09-14 19:23:43 - [INFO] -    Background Type: BLACK
2025-09-14 19:23:43 - [INFO] -    Confidence: 80%
2025-09-14 19:23:43 - [INFO] -    Reasoning: 3 factors analyzed
2025-09-14 19:23:43 - [INFO] - 📊 RESULT: {'background_type': 'black', 'confidence': 80, 'background_pixels': 11501, 'object_pixels': 4883, 'background_percentage': 70.196533203125, 'total_pixels': 16384, 'debug_info': {'corner_mean': 0.0, 'edge_mean': 0.0, 'image_mean': 51.6680908203125, 'dark_edge_ratio': 1.0, 'bright_edge_ratio': 0.0, 'decision_factors': ['  Dark corners (0.0 < 50) → BLACK (+40)', '  Dark edges (100.0%) support BLACK (+30)', '  Dark image (51.7 < 80) supports BLACK (+10)']}}
2025-09-14 19:23:43 - [INFO] -   === END BACKGROUND ANALYSIS ===

2025-09-14 19:23:43 - [INFO] - 
  === BACKGROUND ANALYSIS DEBUG ===
2025-09-14 19:23:43 - [INFO] - Frame shape: (128, 128)
2025-09-14 19:23:43 - [INFO] - Frame dtype: uint16
2025-09-14 19:23:43 - [INFO] - Frame range: 0 to 195
2025-09-14 19:23:43 - [INFO] - 🔄 Normalized to uint8: 0 to 255
2025-09-14 19:23:43 - [INFO] - 📐 Image dimensions: 128x128 (16,384 pixels)
2025-09-14 19:23:43 - [INFO] - 🏠 Corner analysis with size: 16x16
2025-09-14 19:23:43 - [INFO] - 🏠 Corner means: [0.0, 0.0, 0.0, 0.0]
2025-09-14 19:23:43 - [INFO] - 🏠 Overall corner mean: 0.0
2025-09-14 19:23:43 - [INFO] - 🔲 Edge analysis:
2025-09-14 19:23:43 - [INFO] -    Edge mean: 0.0
2025-09-14 19:23:43 - [INFO] -    Dark edges (<50): 512/512 (100.0%)
2025-09-14 19:23:43 - [INFO] -    Bright edges (>200): 0/512 (0.0%)
2025-09-14 19:23:43 - [INFO] - 📊 Overall statistics:
2025-09-14 19:23:43 - [INFO] -    Image mean: 51.4
2025-09-14 19:23:43 - [INFO] -    Dark pixels (<50): 11,531 (70.4%)
2025-09-14 19:23:43 - [INFO] -    Bright pixels (>200): 1,045 (6.4%)
2025-09-14 19:23:43 - [INFO] -    Mid-range pixels: 3,808 (23.2%)
2025-09-14 19:23:43 - [INFO] - 📈 Histogram analysis:
2025-09-14 19:23:43 - [INFO] -    Found 0 peaks: []
2025-09-14 19:23:43 - [INFO] - 
  DECISION PROCESS:
2025-09-14 19:23:43 - [INFO] - 
📋 DECISION FACTORS:
2025-09-14 19:23:43 - [INFO] -      Dark corners (0.0 < 50) → BLACK (+40)
2025-09-14 19:23:43 - [INFO] -      Dark edges (100.0%) support BLACK (+30)
2025-09-14 19:23:43 - [INFO] -      Dark image (51.4 < 80) supports BLACK (+10)
2025-09-14 19:23:43 - [INFO] - 
  FINAL DECISION:
2025-09-14 19:23:43 - [INFO] -    Background Type: BLACK
2025-09-14 19:23:43 - [INFO] -    Confidence: 80%
2025-09-14 19:23:43 - [INFO] -    Reasoning: 3 factors analyzed
2025-09-14 19:23:43 - [INFO] - 📊 RESULT: {'background_type': 'black', 'confidence': 80, 'background_pixels': 11531, 'object_pixels': 4853, 'background_percentage': 70.379638671875, 'total_pixels': 16384, 'debug_info': {'corner_mean': 0.0, 'edge_mean': 0.0, 'image_mean': 51.36968994140625, 'dark_edge_ratio': 1.0, 'bright_edge_ratio': 0.0, 'decision_factors': ['  Dark corners (0.0 < 50) → BLACK (+40)', '  Dark edges (100.0%) support BLACK (+30)', '  Dark image (51.4 < 80) supports BLACK (+10)']}}
2025-09-14 19:23:43 - [INFO] -   === END BACKGROUND ANALYSIS ===

2025-09-14 19:23:43 - [INFO] - 
  === BACKGROUND ANALYSIS DEBUG ===
2025-09-14 19:23:43 - [INFO] - Frame shape: (128, 128)
2025-09-14 19:23:43 - [INFO] - Frame dtype: uint16
2025-09-14 19:23:43 - [INFO] - Frame range: 0 to 194
2025-09-14 19:23:43 - [INFO] - 🔄 Normalized to uint8: 0 to 255
2025-09-14 19:23:43 - [INFO] - 📐 Image dimensions: 128x128 (16,384 pixels)
2025-09-14 19:23:43 - [INFO] - 🏠 Corner analysis with size: 16x16
2025-09-14 19:23:43 - [INFO] - 🏠 Corner means: [0.0, 0.0, 0.0, 0.0]
2025-09-14 19:23:43 - [INFO] - 🏠 Overall corner mean: 0.0
2025-09-14 19:23:43 - [INFO] - 🔲 Edge analysis:
2025-09-14 19:23:43 - [INFO] -    Edge mean: 0.0
2025-09-14 19:23:43 - [INFO] -    Dark edges (<50): 512/512 (100.0%)
2025-09-14 19:23:43 - [INFO] -    Bright edges (>200): 0/512 (0.0%)
2025-09-14 19:23:43 - [INFO] - 📊 Overall statistics:
2025-09-14 19:23:43 - [INFO] -    Image mean: 51.9
2025-09-14 19:23:43 - [INFO] -    Dark pixels (<50): 11,542 (70.4%)
2025-09-14 19:23:43 - [INFO] -    Bright pixels (>200): 1,283 (7.8%)
2025-09-14 19:23:43 - [INFO] -    Mid-range pixels: 3,559 (21.7%)
2025-09-14 19:23:43 - [INFO] - 📈 Histogram analysis:
2025-09-14 19:23:43 - [INFO] -    Found 1 peaks: [(198, 632)]
2025-09-14 19:23:43 - [INFO] - 
  DECISION PROCESS:
2025-09-14 19:23:43 - [INFO] - 
📋 DECISION FACTORS:
2025-09-14 19:23:43 - [INFO] -      Dark corners (0.0 < 50) → BLACK (+40)
2025-09-14 19:23:43 - [INFO] -      Dark edges (100.0%) support BLACK (+30)
2025-09-14 19:23:43 - [INFO] -      Dark image (51.9 < 80) supports BLACK (+10)
2025-09-14 19:23:43 - [INFO] - 
  FINAL DECISION:
2025-09-14 19:23:43 - [INFO] -    Background Type: BLACK
2025-09-14 19:23:43 - [INFO] -    Confidence: 80%
2025-09-14 19:23:43 - [INFO] -    Reasoning: 3 factors analyzed
2025-09-14 19:23:43 - [INFO] - 📊 RESULT: {'background_type': 'black', 'confidence': 80, 'background_pixels': 11542, 'object_pixels': 4842, 'background_percentage': 70.44677734375, 'total_pixels': 16384, 'debug_info': {'corner_mean': 0.0, 'edge_mean': 0.0, 'image_mean': 51.9462890625, 'dark_edge_ratio': 1.0, 'bright_edge_ratio': 0.0, 'decision_factors': ['  Dark corners (0.0 < 50) → BLACK (+40)', '  Dark edges (100.0%) support BLACK (+30)', '  Dark image (51.9 < 80) supports BLACK (+10)']}}
2025-09-14 19:23:43 - [INFO] -   === END BACKGROUND ANALYSIS ===

2025-09-14 19:23:43 - [INFO] - 
  === BACKGROUND ANALYSIS DEBUG ===
2025-09-14 19:23:43 - [INFO] - Frame shape: (128, 128)
2025-09-14 19:23:43 - [INFO] - Frame dtype: uint16
2025-09-14 19:23:43 - [INFO] - Frame range: 0 to 193
2025-09-14 19:23:43 - [INFO] - 🔄 Normalized to uint8: 0 to 255
2025-09-14 19:23:43 - [INFO] - 📐 Image dimensions: 128x128 (16,384 pixels)
2025-09-14 19:23:43 - [INFO] - 🏠 Corner analysis with size: 16x16
2025-09-14 19:23:43 - [INFO] - 🏠 Corner means: [0.0, 0.0, 0.0, 0.0]
2025-09-14 19:23:43 - [INFO] - 🏠 Overall corner mean: 0.0
2025-09-14 19:23:43 - [INFO] - 🔲 Edge analysis:
2025-09-14 19:23:43 - [INFO] -    Edge mean: 0.0
2025-09-14 19:23:43 - [INFO] -    Dark edges (<50): 512/512 (100.0%)
2025-09-14 19:23:43 - [INFO] -    Bright edges (>200): 0/512 (0.0%)
2025-09-14 19:23:43 - [INFO] - 📊 Overall statistics:
2025-09-14 19:23:43 - [INFO] -    Image mean: 52.6
2025-09-14 19:23:43 - [INFO] -    Dark pixels (<50): 11,541 (70.4%)
2025-09-14 19:23:43 - [INFO] -    Bright pixels (>200): 1,405 (8.6%)
2025-09-14 19:23:43 - [INFO] -    Mid-range pixels: 3,438 (21.0%)
2025-09-14 19:23:43 - [INFO] - 📈 Histogram analysis:
2025-09-14 19:23:43 - [INFO] -    Found 2 peaks: [(178, 572), (204, 716)]
2025-09-14 19:23:43 - [INFO] - 
  DECISION PROCESS:
2025-09-14 19:23:44 - [INFO] - 
📋 DECISION FACTORS:
2025-09-14 19:23:44 - [INFO] -      Dark corners (0.0 < 50) → BLACK (+40)
2025-09-14 19:23:44 - [INFO] -      Dark edges (100.0%) support BLACK (+30)
2025-09-14 19:23:44 - [INFO] -      Dark image (52.6 < 80) supports BLACK (+10)
2025-09-14 19:23:44 - [INFO] - 
  FINAL DECISION:
2025-09-14 19:23:44 - [INFO] -    Background Type: BLACK
2025-09-14 19:23:44 - [INFO] -    Confidence: 80%
2025-09-14 19:23:44 - [INFO] -    Reasoning: 3 factors analyzed
2025-09-14 19:23:44 - [INFO] - 📊 RESULT: {'background_type': 'black', 'confidence': 80, 'background_pixels': 11541, 'object_pixels': 4843, 'background_percentage': 70.440673828125, 'total_pixels': 16384, 'debug_info': {'corner_mean': 0.0, 'edge_mean': 0.0, 'image_mean': 52.5899658203125, 'dark_edge_ratio': 1.0, 'bright_edge_ratio': 0.0, 'decision_factors': ['  Dark corners (0.0 < 50) → BLACK (+40)', '  Dark edges (100.0%) support BLACK (+30)', '  Dark image (52.6 < 80) supports BLACK (+10)']}}
2025-09-14 19:23:44 - [INFO] -   === END BACKGROUND ANALYSIS ===

2025-09-14 19:23:44 - [INFO] - 
  === BACKGROUND ANALYSIS DEBUG ===
2025-09-14 19:23:44 - [INFO] - Frame shape: (128, 128)
2025-09-14 19:23:44 - [INFO] - Frame dtype: uint16
2025-09-14 19:23:44 - [INFO] - Frame range: 0 to 194
2025-09-14 19:23:44 - [INFO] - 🔄 Normalized to uint8: 0 to 255
2025-09-14 19:23:44 - [INFO] - 📐 Image dimensions: 128x128 (16,384 pixels)
2025-09-14 19:23:44 - [INFO] - 🏠 Corner analysis with size: 16x16
2025-09-14 19:23:44 - [INFO] - 🏠 Corner means: [0.0, 0.0, 0.0, 0.0]
2025-09-14 19:23:44 - [INFO] - 🏠 Overall corner mean: 0.0
2025-09-14 19:23:44 - [INFO] - 🔲 Edge analysis:
2025-09-14 19:23:44 - [INFO] -    Edge mean: 0.0
2025-09-14 19:23:44 - [INFO] -    Dark edges (<50): 512/512 (100.0%)
2025-09-14 19:23:44 - [INFO] -    Bright edges (>200): 0/512 (0.0%)
2025-09-14 19:23:44 - [INFO] - 📊 Overall statistics:
2025-09-14 19:23:44 - [INFO] -    Image mean: 52.6
2025-09-14 19:23:44 - [INFO] -    Dark pixels (<50): 11,578 (70.7%)
2025-09-14 19:23:44 - [INFO] -    Bright pixels (>200): 1,599 (9.8%)
2025-09-14 19:23:44 - [INFO] -    Mid-range pixels: 3,207 (19.6%)
2025-09-14 19:23:44 - [INFO] - 📈 Histogram analysis:
2025-09-14 19:23:44 - [INFO] -    Found 1 peaks: [(198, 921)]
2025-09-14 19:23:44 - [INFO] - 
  DECISION PROCESS:
2025-09-14 19:23:44 - [INFO] - 
📋 DECISION FACTORS:
2025-09-14 19:23:44 - [INFO] -      Dark corners (0.0 < 50) → BLACK (+40)
2025-09-14 19:23:44 - [INFO] -      Dark edges (100.0%) support BLACK (+30)
2025-09-14 19:23:44 - [INFO] -      Dark image (52.6 < 80) supports BLACK (+10)
2025-09-14 19:23:44 - [INFO] - 
  FINAL DECISION:
2025-09-14 19:23:44 - [INFO] -    Background Type: BLACK
2025-09-14 19:23:44 - [INFO] -    Confidence: 80%
2025-09-14 19:23:44 - [INFO] -    Reasoning: 3 factors analyzed
2025-09-14 19:23:44 - [INFO] - 📊 RESULT: {'background_type': 'black', 'confidence': 80, 'background_pixels': 11578, 'object_pixels': 4806, 'background_percentage': 70.66650390625, 'total_pixels': 16384, 'debug_info': {'corner_mean': 0.0, 'edge_mean': 0.0, 'image_mean': 52.5709228515625, 'dark_edge_ratio': 1.0, 'bright_edge_ratio': 0.0, 'decision_factors': ['  Dark corners (0.0 < 50) → BLACK (+40)', '  Dark edges (100.0%) support BLACK (+30)', '  Dark image (52.6 < 80) supports BLACK (+10)']}}
2025-09-14 19:23:44 - [INFO] -   === END BACKGROUND ANALYSIS ===

2025-09-14 19:23:44 - [INFO] - 
  === BACKGROUND ANALYSIS DEBUG ===
2025-09-14 19:23:44 - [INFO] - Frame shape: (128, 128)
2025-09-14 19:23:44 - [INFO] - Frame dtype: uint16
2025-09-14 19:23:44 - [INFO] - Frame range: 0 to 194
2025-09-14 19:23:44 - [INFO] - 🔄 Normalized to uint8: 0 to 255
2025-09-14 19:23:44 - [INFO] - 📐 Image dimensions: 128x128 (16,384 pixels)
2025-09-14 19:23:44 - [INFO] - 🏠 Corner analysis with size: 16x16
2025-09-14 19:23:44 - [INFO] - 🏠 Corner means: [0.0, 0.0, 0.0, 0.0]
2025-09-14 19:23:44 - [INFO] - 🏠 Overall corner mean: 0.0
2025-09-14 19:23:44 - [INFO] - 🔲 Edge analysis:
2025-09-14 19:23:44 - [INFO] -    Edge mean: 0.0
2025-09-14 19:23:44 - [INFO] -    Dark edges (<50): 512/512 (100.0%)
2025-09-14 19:23:44 - [INFO] -    Bright edges (>200): 0/512 (0.0%)
2025-09-14 19:23:44 - [INFO] - 📊 Overall statistics:
2025-09-14 19:23:44 - [INFO] -    Image mean: 52.7
2025-09-14 19:23:44 - [INFO] -    Dark pixels (<50): 11,596 (70.8%)
2025-09-14 19:23:44 - [INFO] -    Bright pixels (>200): 1,747 (10.7%)
2025-09-14 19:23:44 - [INFO] -    Mid-range pixels: 3,041 (18.6%)
2025-09-14 19:23:44 - [INFO] - 📈 Histogram analysis:
2025-09-14 19:23:44 - [INFO] -    Found 1 peaks: [(198, 956)]
2025-09-14 19:23:44 - [INFO] - 
  DECISION PROCESS:
2025-09-14 19:23:44 - [INFO] - 
📋 DECISION FACTORS:
2025-09-14 19:23:44 - [INFO] -      Dark corners (0.0 < 50) → BLACK (+40)
2025-09-14 19:23:44 - [INFO] -      Dark edges (100.0%) support BLACK (+30)
2025-09-14 19:23:44 - [INFO] -      Dark image (52.7 < 80) supports BLACK (+10)
2025-09-14 19:23:44 - [INFO] - 
  FINAL DECISION:
2025-09-14 19:23:44 - [INFO] -    Background Type: BLACK
2025-09-14 19:23:44 - [INFO] -    Confidence: 80%
2025-09-14 19:23:44 - [INFO] -    Reasoning: 3 factors analyzed
2025-09-14 19:23:44 - [INFO] - 📊 RESULT: {'background_type': 'black', 'confidence': 80, 'background_pixels': 11596, 'object_pixels': 4788, 'background_percentage': 70.7763671875, 'total_pixels': 16384, 'debug_info': {'corner_mean': 0.0, 'edge_mean': 0.0, 'image_mean': 52.727294921875, 'dark_edge_ratio': 1.0, 'bright_edge_ratio': 0.0, 'decision_factors': ['  Dark corners (0.0 < 50) → BLACK (+40)', '  Dark edges (100.0%) support BLACK (+30)', '  Dark image (52.7 < 80) supports BLACK (+10)']}}
2025-09-14 19:23:44 - [INFO] -   === END BACKGROUND ANALYSIS ===

2025-09-14 19:23:44 - [INFO] - 
  === BACKGROUND ANALYSIS DEBUG ===
2025-09-14 19:23:44 - [INFO] - Frame shape: (128, 128)
2025-09-14 19:23:44 - [INFO] - Frame dtype: uint16
2025-09-14 19:23:44 - [INFO] - Frame range: 0 to 194
2025-09-14 19:23:44 - [INFO] - 🔄 Normalized to uint8: 0 to 255
2025-09-14 19:23:44 - [INFO] - 📐 Image dimensions: 128x128 (16,384 pixels)
2025-09-14 19:23:44 - [INFO] - 🏠 Corner analysis with size: 16x16
2025-09-14 19:23:44 - [INFO] - 🏠 Corner means: [0.0, 0.0, 0.0, 0.0]
2025-09-14 19:23:44 - [INFO] - 🏠 Overall corner mean: 0.0
2025-09-14 19:23:44 - [INFO] - 🔲 Edge analysis:
2025-09-14 19:23:44 - [INFO] -    Edge mean: 0.0
2025-09-14 19:23:44 - [INFO] -    Dark edges (<50): 512/512 (100.0%)
2025-09-14 19:23:44 - [INFO] -    Bright edges (>200): 0/512 (0.0%)
2025-09-14 19:23:44 - [INFO] - 📊 Overall statistics:
2025-09-14 19:23:44 - [INFO] -    Image mean: 52.8
2025-09-14 19:23:44 - [INFO] -    Dark pixels (<50): 11,588 (70.7%)
2025-09-14 19:23:44 - [INFO] -    Bright pixels (>200): 1,829 (11.2%)
2025-09-14 19:23:44 - [INFO] -    Mid-range pixels: 2,967 (18.1%)
2025-09-14 19:23:44 - [INFO] - 📈 Histogram analysis:
2025-09-14 19:23:44 - [INFO] -    Found 1 peaks: [(198, 927)]
2025-09-14 19:23:44 - [INFO] - 
  DECISION PROCESS:
2025-09-14 19:23:44 - [INFO] - 
📋 DECISION FACTORS:
2025-09-14 19:23:44 - [INFO] -      Dark corners (0.0 < 50) → BLACK (+40)
2025-09-14 19:23:44 - [INFO] -      Dark edges (100.0%) support BLACK (+30)
2025-09-14 19:23:44 - [INFO] -      Dark image (52.8 < 80) supports BLACK (+10)
2025-09-14 19:23:44 - [INFO] - 
  FINAL DECISION:
2025-09-14 19:23:44 - [INFO] -    Background Type: BLACK
2025-09-14 19:23:44 - [INFO] -    Confidence: 80%
2025-09-14 19:23:44 - [INFO] -    Reasoning: 3 factors analyzed
2025-09-14 19:23:44 - [INFO] - 📊 RESULT: {'background_type': 'black', 'confidence': 80, 'background_pixels': 11588, 'object_pixels': 4796, 'background_percentage': 70.7275390625, 'total_pixels': 16384, 'debug_info': {'corner_mean': 0.0, 'edge_mean': 0.0, 'image_mean': 52.80322265625, 'dark_edge_ratio': 1.0, 'bright_edge_ratio': 0.0, 'decision_factors': ['  Dark corners (0.0 < 50) → BLACK (+40)', '  Dark edges (100.0%) support BLACK (+30)', '  Dark image (52.8 < 80) supports BLACK (+10)']}}
2025-09-14 19:23:44 - [INFO] -   === END BACKGROUND ANALYSIS ===

2025-09-14 19:23:44 - [INFO] - 
  === BACKGROUND ANALYSIS DEBUG ===
2025-09-14 19:23:44 - [INFO] - Frame shape: (128, 128)
2025-09-14 19:23:44 - [INFO] - Frame dtype: uint16
2025-09-14 19:23:44 - [INFO] - Frame range: 0 to 193
2025-09-14 19:23:44 - [INFO] - 🔄 Normalized to uint8: 0 to 255
2025-09-14 19:23:44 - [INFO] - 📐 Image dimensions: 128x128 (16,384 pixels)
2025-09-14 19:23:44 - [INFO] - 🏠 Corner analysis with size: 16x16
2025-09-14 19:23:44 - [INFO] - 🏠 Corner means: [0.0, 0.0, 0.0, 0.0]
2025-09-14 19:23:44 - [INFO] - 🏠 Overall corner mean: 0.0
2025-09-14 19:23:44 - [INFO] - 🔲 Edge analysis:
2025-09-14 19:23:44 - [INFO] -    Edge mean: 0.0
2025-09-14 19:23:44 - [INFO] -    Dark edges (<50): 512/512 (100.0%)
2025-09-14 19:23:44 - [INFO] -    Bright edges (>200): 0/512 (0.0%)
2025-09-14 19:23:44 - [INFO] - 📊 Overall statistics:
2025-09-14 19:23:44 - [INFO] -    Image mean: 53.1
2025-09-14 19:23:44 - [INFO] -    Dark pixels (<50): 11,579 (70.7%)
2025-09-14 19:23:44 - [INFO] -    Bright pixels (>200): 1,866 (11.4%)
2025-09-14 19:23:44 - [INFO] -    Mid-range pixels: 2,939 (17.9%)
2025-09-14 19:23:44 - [INFO] - 📈 Histogram analysis:
2025-09-14 19:23:44 - [INFO] -    Found 1 peaks: [(204, 1105)]
2025-09-14 19:23:44 - [INFO] - 
  DECISION PROCESS:
2025-09-14 19:23:44 - [INFO] - 
📋 DECISION FACTORS:
2025-09-14 19:23:44 - [INFO] -      Dark corners (0.0 < 50) → BLACK (+40)
2025-09-14 19:23:44 - [INFO] -      Dark edges (100.0%) support BLACK (+30)
2025-09-14 19:23:44 - [INFO] -      Dark image (53.1 < 80) supports BLACK (+10)
2025-09-14 19:23:44 - [INFO] - 
  FINAL DECISION:
2025-09-14 19:23:44 - [INFO] -    Background Type: BLACK
2025-09-14 19:23:44 - [INFO] -    Confidence: 80%
2025-09-14 19:23:44 - [INFO] -    Reasoning: 3 factors analyzed
2025-09-14 19:23:44 - [INFO] - 📊 RESULT: {'background_type': 'black', 'confidence': 80, 'background_pixels': 11579, 'object_pixels': 4805, 'background_percentage': 70.672607421875, 'total_pixels': 16384, 'debug_info': {'corner_mean': 0.0, 'edge_mean': 0.0, 'image_mean': 53.11956787109375, 'dark_edge_ratio': 1.0, 'bright_edge_ratio': 0.0, 'decision_factors': ['  Dark corners (0.0 < 50) → BLACK (+40)', '  Dark edges (100.0%) support BLACK (+30)', '  Dark image (53.1 < 80) supports BLACK (+10)']}}
2025-09-14 19:23:44 - [INFO] -   === END BACKGROUND ANALYSIS ===

2025-09-14 19:23:44 - [INFO] - 
  === BACKGROUND ANALYSIS DEBUG ===
2025-09-14 19:23:44 - [INFO] - Frame shape: (128, 128)
2025-09-14 19:23:44 - [INFO] - Frame dtype: uint16
2025-09-14 19:23:44 - [INFO] - Frame range: 0 to 192
2025-09-14 19:23:44 - [INFO] - 🔄 Normalized to uint8: 0 to 255
2025-09-14 19:23:44 - [INFO] - 📐 Image dimensions: 128x128 (16,384 pixels)
2025-09-14 19:23:44 - [INFO] - 🏠 Corner analysis with size: 16x16
2025-09-14 19:23:44 - [INFO] - 🏠 Corner means: [0.0, 0.0, 0.0, 0.0]
2025-09-14 19:23:44 - [INFO] - 🏠 Overall corner mean: 0.0
2025-09-14 19:23:44 - [INFO] - 🔲 Edge analysis:
2025-09-14 19:23:44 - [INFO] -    Edge mean: 0.0
2025-09-14 19:23:44 - [INFO] -    Dark edges (<50): 512/512 (100.0%)
2025-09-14 19:23:44 - [INFO] -    Bright edges (>200): 0/512 (0.0%)
2025-09-14 19:23:44 - [INFO] - 📊 Overall statistics:
2025-09-14 19:23:44 - [INFO] -    Image mean: 53.5
2025-09-14 19:23:44 - [INFO] -    Dark pixels (<50): 11,580 (70.7%)
2025-09-14 19:23:44 - [INFO] -    Bright pixels (>200): 1,961 (12.0%)
2025-09-14 19:23:44 - [INFO] -    Mid-range pixels: 2,843 (17.4%)
2025-09-14 19:23:44 - [INFO] - 📈 Histogram analysis:
2025-09-14 19:23:44 - [INFO] -    Found 1 peaks: [(204, 1365)]
2025-09-14 19:23:44 - [INFO] - 
  DECISION PROCESS:
2025-09-14 19:23:44 - [INFO] - 
📋 DECISION FACTORS:
2025-09-14 19:23:44 - [INFO] -      Dark corners (0.0 < 50) → BLACK (+40)
2025-09-14 19:23:44 - [INFO] -      Dark edges (100.0%) support BLACK (+30)
2025-09-14 19:23:44 - [INFO] -      Dark image (53.5 < 80) supports BLACK (+10)
2025-09-14 19:23:44 - [INFO] - 
  FINAL DECISION:
2025-09-14 19:23:44 - [INFO] -    Background Type: BLACK
2025-09-14 19:23:44 - [INFO] -    Confidence: 80%
2025-09-14 19:23:44 - [INFO] -    Reasoning: 3 factors analyzed
2025-09-14 19:23:44 - [INFO] - 📊 RESULT: {'background_type': 'black', 'confidence': 80, 'background_pixels': 11580, 'object_pixels': 4804, 'background_percentage': 70.6787109375, 'total_pixels': 16384, 'debug_info': {'corner_mean': 0.0, 'edge_mean': 0.0, 'image_mean': 53.5009765625, 'dark_edge_ratio': 1.0, 'bright_edge_ratio': 0.0, 'decision_factors': ['  Dark corners (0.0 < 50) → BLACK (+40)', '  Dark edges (100.0%) support BLACK (+30)', '  Dark image (53.5 < 80) supports BLACK (+10)']}}
2025-09-14 19:23:44 - [INFO] -   === END BACKGROUND ANALYSIS ===

2025-09-14 19:23:44 - [INFO] - 
  === BACKGROUND ANALYSIS DEBUG ===
2025-09-14 19:23:44 - [INFO] - Frame shape: (128, 128)
2025-09-14 19:23:44 - [INFO] - Frame dtype: uint16
2025-09-14 19:23:44 - [INFO] - Frame range: 0 to 191
2025-09-14 19:23:44 - [INFO] - 🔄 Normalized to uint8: 0 to 255
2025-09-14 19:23:44 - [INFO] - 📐 Image dimensions: 128x128 (16,384 pixels)
2025-09-14 19:23:44 - [INFO] - 🏠 Corner analysis with size: 16x16
2025-09-14 19:23:44 - [INFO] - 🏠 Corner means: [0.0, 0.0, 0.0, 0.0]
2025-09-14 19:23:44 - [INFO] - 🏠 Overall corner mean: 0.0
2025-09-14 19:23:44 - [INFO] - 🔲 Edge analysis:
2025-09-14 19:23:44 - [INFO] -    Edge mean: 0.0
2025-09-14 19:23:44 - [INFO] -    Dark edges (<50): 512/512 (100.0%)
2025-09-14 19:23:44 - [INFO] -    Bright edges (>200): 0/512 (0.0%)
2025-09-14 19:23:44 - [INFO] - 📊 Overall statistics:
2025-09-14 19:23:44 - [INFO] -    Image mean: 53.9
2025-09-14 19:23:44 - [INFO] -    Dark pixels (<50): 11,583 (70.7%)
2025-09-14 19:23:44 - [INFO] -    Bright pixels (>200): 1,998 (12.2%)
2025-09-14 19:23:44 - [INFO] -    Mid-range pixels: 2,803 (17.1%)
2025-09-14 19:23:44 - [INFO] - 📈 Histogram analysis:
2025-09-14 19:23:44 - [INFO] -    Found 1 peaks: [(204, 1412)]
2025-09-14 19:23:44 - [INFO] - 
  DECISION PROCESS:
2025-09-14 19:23:44 - [INFO] - 
📋 DECISION FACTORS:
2025-09-14 19:23:44 - [INFO] -      Dark corners (0.0 < 50) → BLACK (+40)
2025-09-14 19:23:44 - [INFO] -      Dark edges (100.0%) support BLACK (+30)
2025-09-14 19:23:44 - [INFO] -      Dark image (53.9 < 80) supports BLACK (+10)
2025-09-14 19:23:44 - [INFO] - 
  FINAL DECISION:
2025-09-14 19:23:44 - [INFO] -    Background Type: BLACK
2025-09-14 19:23:44 - [INFO] -    Confidence: 80%
2025-09-14 19:23:44 - [INFO] -    Reasoning: 3 factors analyzed
2025-09-14 19:23:44 - [INFO] - 📊 RESULT: {'background_type': 'black', 'confidence': 80, 'background_pixels': 11583, 'object_pixels': 4801, 'background_percentage': 70.697021484375, 'total_pixels': 16384, 'debug_info': {'corner_mean': 0.0, 'edge_mean': 0.0, 'image_mean': 53.85040283203125, 'dark_edge_ratio': 1.0, 'bright_edge_ratio': 0.0, 'decision_factors': ['  Dark corners (0.0 < 50) → BLACK (+40)', '  Dark edges (100.0%) support BLACK (+30)', '  Dark image (53.9 < 80) supports BLACK (+10)']}}
2025-09-14 19:23:44 - [INFO] -   === END BACKGROUND ANALYSIS ===

2025-09-14 19:23:44 - [INFO] - 
  === BACKGROUND ANALYSIS DEBUG ===
2025-09-14 19:23:44 - [INFO] - Frame shape: (128, 128)
2025-09-14 19:23:44 - [INFO] - Frame dtype: uint16
2025-09-14 19:23:44 - [INFO] - Frame range: 0 to 192
2025-09-14 19:23:44 - [INFO] - 🔄 Normalized to uint8: 0 to 255
2025-09-14 19:23:44 - [INFO] - 📐 Image dimensions: 128x128 (16,384 pixels)
2025-09-14 19:23:44 - [INFO] - 🏠 Corner analysis with size: 16x16
2025-09-14 19:23:44 - [INFO] - 🏠 Corner means: [0.0, 0.0, 0.0, 0.0]
2025-09-14 19:23:44 - [INFO] - 🏠 Overall corner mean: 0.0
2025-09-14 19:23:44 - [INFO] - 🔲 Edge analysis:
2025-09-14 19:23:44 - [INFO] -    Edge mean: 0.0
2025-09-14 19:23:44 - [INFO] -    Dark edges (<50): 512/512 (100.0%)
2025-09-14 19:23:44 - [INFO] -    Bright edges (>200): 0/512 (0.0%)
2025-09-14 19:23:44 - [INFO] - 📊 Overall statistics:
2025-09-14 19:23:44 - [INFO] -    Image mean: 53.4
2025-09-14 19:23:44 - [INFO] -    Dark pixels (<50): 11,592 (70.8%)
2025-09-14 19:23:44 - [INFO] -    Bright pixels (>200): 1,827 (11.2%)
2025-09-14 19:23:44 - [INFO] -    Mid-range pixels: 2,965 (18.1%)
2025-09-14 19:23:44 - [INFO] - 📈 Histogram analysis:
2025-09-14 19:23:44 - [INFO] -    Found 1 peaks: [(204, 1297)]
2025-09-14 19:23:44 - [INFO] - 
  DECISION PROCESS:
2025-09-14 19:23:44 - [INFO] - 
📋 DECISION FACTORS:
2025-09-14 19:23:44 - [INFO] -      Dark corners (0.0 < 50) → BLACK (+40)
2025-09-14 19:23:44 - [INFO] -      Dark edges (100.0%) support BLACK (+30)
2025-09-14 19:23:44 - [INFO] -      Dark image (53.4 < 80) supports BLACK (+10)
2025-09-14 19:23:44 - [INFO] - 
  FINAL DECISION:
2025-09-14 19:23:44 - [INFO] -    Background Type: BLACK
2025-09-14 19:23:44 - [INFO] -    Confidence: 80%
2025-09-14 19:23:44 - [INFO] -    Reasoning: 3 factors analyzed
2025-09-14 19:23:44 - [INFO] - 📊 RESULT: {'background_type': 'black', 'confidence': 80, 'background_pixels': 11592, 'object_pixels': 4792, 'background_percentage': 70.751953125, 'total_pixels': 16384, 'debug_info': {'corner_mean': 0.0, 'edge_mean': 0.0, 'image_mean': 53.38427734375, 'dark_edge_ratio': 1.0, 'bright_edge_ratio': 0.0, 'decision_factors': ['  Dark corners (0.0 < 50) → BLACK (+40)', '  Dark edges (100.0%) support BLACK (+30)', '  Dark image (53.4 < 80) supports BLACK (+10)']}}
2025-09-14 19:23:44 - [INFO] -   === END BACKGROUND ANALYSIS ===

2025-09-14 19:23:44 - [INFO] - 
  === BACKGROUND ANALYSIS DEBUG ===
2025-09-14 19:23:44 - [INFO] - Frame shape: (128, 128)
2025-09-14 19:23:44 - [INFO] - Frame dtype: uint16
2025-09-14 19:23:44 - [INFO] - Frame range: 0 to 193
2025-09-14 19:23:44 - [INFO] - 🔄 Normalized to uint8: 0 to 255
2025-09-14 19:23:44 - [INFO] - 📐 Image dimensions: 128x128 (16,384 pixels)
2025-09-14 19:23:44 - [INFO] - 🏠 Corner analysis with size: 16x16
2025-09-14 19:23:44 - [INFO] - 🏠 Corner means: [0.0, 0.0, 0.0, 0.0]
2025-09-14 19:23:44 - [INFO] - 🏠 Overall corner mean: 0.0
2025-09-14 19:23:44 - [INFO] - 🔲 Edge analysis:
2025-09-14 19:23:44 - [INFO] -    Edge mean: 0.0
2025-09-14 19:23:44 - [INFO] -    Dark edges (<50): 512/512 (100.0%)
2025-09-14 19:23:44 - [INFO] -    Bright edges (>200): 0/512 (0.0%)
2025-09-14 19:23:44 - [INFO] - 📊 Overall statistics:
2025-09-14 19:23:44 - [INFO] -    Image mean: 52.8
2025-09-14 19:23:44 - [INFO] -    Dark pixels (<50): 11,596 (70.8%)
2025-09-14 19:23:44 - [INFO] -    Bright pixels (>200): 1,667 (10.2%)
2025-09-14 19:23:44 - [INFO] -    Mid-range pixels: 3,121 (19.0%)
2025-09-14 19:23:44 - [INFO] - 📈 Histogram analysis:
2025-09-14 19:23:44 - [INFO] -    Found 2 peaks: [(178, 576), (204, 1069)]
2025-09-14 19:23:44 - [INFO] - 
  DECISION PROCESS:
2025-09-14 19:23:44 - [INFO] - 
📋 DECISION FACTORS:
2025-09-14 19:23:44 - [INFO] -      Dark corners (0.0 < 50) → BLACK (+40)
2025-09-14 19:23:44 - [INFO] -      Dark edges (100.0%) support BLACK (+30)
2025-09-14 19:23:44 - [INFO] -      Dark image (52.8 < 80) supports BLACK (+10)
2025-09-14 19:23:44 - [INFO] - 
  FINAL DECISION:
2025-09-14 19:23:44 - [INFO] -    Background Type: BLACK
2025-09-14 19:23:44 - [INFO] -    Confidence: 80%
2025-09-14 19:23:44 - [INFO] -    Reasoning: 3 factors analyzed
2025-09-14 19:23:44 - [INFO] - 📊 RESULT: {'background_type': 'black', 'confidence': 80, 'background_pixels': 11596, 'object_pixels': 4788, 'background_percentage': 70.7763671875, 'total_pixels': 16384, 'debug_info': {'corner_mean': 0.0, 'edge_mean': 0.0, 'image_mean': 52.776611328125, 'dark_edge_ratio': 1.0, 'bright_edge_ratio': 0.0, 'decision_factors': ['  Dark corners (0.0 < 50) → BLACK (+40)', '  Dark edges (100.0%) support BLACK (+30)', '  Dark image (52.8 < 80) supports BLACK (+10)']}}
2025-09-14 19:23:44 - [INFO] -   === END BACKGROUND ANALYSIS ===

2025-09-14 19:23:44 - [INFO] - 
  === BACKGROUND ANALYSIS DEBUG ===
2025-09-14 19:23:44 - [INFO] - Frame shape: (128, 128)
2025-09-14 19:23:44 - [INFO] - Frame dtype: uint16
2025-09-14 19:23:44 - [INFO] - Frame range: 0 to 192
2025-09-14 19:23:44 - [INFO] - 🔄 Normalized to uint8: 0 to 255
2025-09-14 19:23:44 - [INFO] - 📐 Image dimensions: 128x128 (16,384 pixels)
2025-09-14 19:23:44 - [INFO] - 🏠 Corner analysis with size: 16x16
2025-09-14 19:23:44 - [INFO] - 🏠 Corner means: [0.0, 0.0, 0.0, 0.0]
2025-09-14 19:23:44 - [INFO] - 🏠 Overall corner mean: 0.0
2025-09-14 19:23:44 - [INFO] - 🔲 Edge analysis:
2025-09-14 19:23:44 - [INFO] -    Edge mean: 0.0
2025-09-14 19:23:44 - [INFO] -    Dark edges (<50): 512/512 (100.0%)
2025-09-14 19:23:44 - [INFO] -    Bright edges (>200): 0/512 (0.0%)
2025-09-14 19:23:44 - [INFO] - 📊 Overall statistics:
2025-09-14 19:23:44 - [INFO] -    Image mean: 52.8
2025-09-14 19:23:44 - [INFO] -    Dark pixels (<50): 11,597 (70.8%)
2025-09-14 19:23:44 - [INFO] -    Bright pixels (>200): 1,707 (10.4%)
2025-09-14 19:23:44 - [INFO] -    Mid-range pixels: 3,080 (18.8%)
2025-09-14 19:23:44 - [INFO] - 📈 Histogram analysis:
2025-09-14 19:23:44 - [INFO] -    Found 2 peaks: [(178, 556), (204, 1155)]
2025-09-14 19:23:44 - [INFO] - 
  DECISION PROCESS:
2025-09-14 19:23:44 - [INFO] - 
📋 DECISION FACTORS:
2025-09-14 19:23:44 - [INFO] -      Dark corners (0.0 < 50) → BLACK (+40)
2025-09-14 19:23:44 - [INFO] -      Dark edges (100.0%) support BLACK (+30)
2025-09-14 19:23:44 - [INFO] -      Dark image (52.8 < 80) supports BLACK (+10)
2025-09-14 19:23:44 - [INFO] - 
  FINAL DECISION:
2025-09-14 19:23:44 - [INFO] -    Background Type: BLACK
2025-09-14 19:23:44 - [INFO] -    Confidence: 80%
2025-09-14 19:23:44 - [INFO] -    Reasoning: 3 factors analyzed
2025-09-14 19:23:44 - [INFO] - 📊 RESULT: {'background_type': 'black', 'confidence': 80, 'background_pixels': 11597, 'object_pixels': 4787, 'background_percentage': 70.782470703125, 'total_pixels': 16384, 'debug_info': {'corner_mean': 0.0, 'edge_mean': 0.0, 'image_mean': 52.81280517578125, 'dark_edge_ratio': 1.0, 'bright_edge_ratio': 0.0, 'decision_factors': ['  Dark corners (0.0 < 50) → BLACK (+40)', '  Dark edges (100.0%) support BLACK (+30)', '  Dark image (52.8 < 80) supports BLACK (+10)']}}
2025-09-14 19:23:44 - [INFO] -   === END BACKGROUND ANALYSIS ===

2025-09-14 19:23:44 - [INFO] - 
  === BACKGROUND ANALYSIS DEBUG ===
2025-09-14 19:23:44 - [INFO] - Frame shape: (128, 128)
2025-09-14 19:23:44 - [INFO] - Frame dtype: uint16
2025-09-14 19:23:44 - [INFO] - Frame range: 0 to 190
2025-09-14 19:23:44 - [INFO] - 🔄 Normalized to uint8: 0 to 255
2025-09-14 19:23:44 - [INFO] - 📐 Image dimensions: 128x128 (16,384 pixels)
2025-09-14 19:23:44 - [INFO] - 🏠 Corner analysis with size: 16x16
2025-09-14 19:23:44 - [INFO] - 🏠 Corner means: [0.0, 0.0, 0.0, 0.0]
2025-09-14 19:23:44 - [INFO] - 🏠 Overall corner mean: 0.0
2025-09-14 19:23:44 - [INFO] - 🔲 Edge analysis:
2025-09-14 19:23:44 - [INFO] -    Edge mean: 0.0
2025-09-14 19:23:44 - [INFO] -    Dark edges (<50): 512/512 (100.0%)
2025-09-14 19:23:44 - [INFO] -    Bright edges (>200): 0/512 (0.0%)
2025-09-14 19:23:44 - [INFO] - 📊 Overall statistics:
2025-09-14 19:23:44 - [INFO] -    Image mean: 53.3
2025-09-14 19:23:44 - [INFO] -    Dark pixels (<50): 11,594 (70.8%)
2025-09-14 19:23:44 - [INFO] -    Bright pixels (>200): 1,865 (11.4%)
2025-09-14 19:23:44 - [INFO] -    Mid-range pixels: 2,925 (17.9%)
2025-09-14 19:23:44 - [INFO] - 📈 Histogram analysis:
2025-09-14 19:23:44 - [INFO] -    Found 1 peaks: [(204, 1286)]
2025-09-14 19:23:44 - [INFO] - 
  DECISION PROCESS:
2025-09-14 19:23:44 - [INFO] - 
📋 DECISION FACTORS:
2025-09-14 19:23:44 - [INFO] -      Dark corners (0.0 < 50) → BLACK (+40)
2025-09-14 19:23:44 - [INFO] -      Dark edges (100.0%) support BLACK (+30)
2025-09-14 19:23:44 - [INFO] -      Dark image (53.3 < 80) supports BLACK (+10)
2025-09-14 19:23:44 - [INFO] - 
  FINAL DECISION:
2025-09-14 19:23:44 - [INFO] -    Background Type: BLACK
2025-09-14 19:23:44 - [INFO] -    Confidence: 80%
2025-09-14 19:23:44 - [INFO] -    Reasoning: 3 factors analyzed
2025-09-14 19:23:44 - [INFO] - 📊 RESULT: {'background_type': 'black', 'confidence': 80, 'background_pixels': 11594, 'object_pixels': 4790, 'background_percentage': 70.76416015625, 'total_pixels': 16384, 'debug_info': {'corner_mean': 0.0, 'edge_mean': 0.0, 'image_mean': 53.29754638671875, 'dark_edge_ratio': 1.0, 'bright_edge_ratio': 0.0, 'decision_factors': ['  Dark corners (0.0 < 50) → BLACK (+40)', '  Dark edges (100.0%) support BLACK (+30)', '  Dark image (53.3 < 80) supports BLACK (+10)']}}
2025-09-14 19:23:44 - [INFO] -   === END BACKGROUND ANALYSIS ===

2025-09-14 19:23:44 - [INFO] - 
  === BACKGROUND ANALYSIS DEBUG ===
2025-09-14 19:23:44 - [INFO] - Frame shape: (128, 128)
2025-09-14 19:23:44 - [INFO] - Frame dtype: uint16
2025-09-14 19:23:44 - [INFO] - Frame range: 0 to 189
2025-09-14 19:23:44 - [INFO] - 🔄 Normalized to uint8: 0 to 255
2025-09-14 19:23:44 - [INFO] - 📐 Image dimensions: 128x128 (16,384 pixels)
2025-09-14 19:23:44 - [INFO] - 🏠 Corner analysis with size: 16x16
2025-09-14 19:23:44 - [INFO] - 🏠 Corner means: [0.0, 0.0, 0.0, 0.0]
2025-09-14 19:23:44 - [INFO] - 🏠 Overall corner mean: 0.0
2025-09-14 19:23:44 - [INFO] - 🔲 Edge analysis:
2025-09-14 19:23:44 - [INFO] -    Edge mean: 0.0
2025-09-14 19:23:44 - [INFO] -    Dark edges (<50): 512/512 (100.0%)
2025-09-14 19:23:44 - [INFO] -    Bright edges (>200): 0/512 (0.0%)
2025-09-14 19:23:44 - [INFO] - 📊 Overall statistics:
2025-09-14 19:23:44 - [INFO] -    Image mean: 53.6
2025-09-14 19:23:44 - [INFO] -    Dark pixels (<50): 11,596 (70.8%)
2025-09-14 19:23:44 - [INFO] -    Bright pixels (>200): 1,901 (11.6%)
2025-09-14 19:23:44 - [INFO] -    Mid-range pixels: 2,887 (17.6%)
2025-09-14 19:23:44 - [INFO] - 📈 Histogram analysis:
2025-09-14 19:23:44 - [INFO] -    Found 2 peaks: [(183, 588), (204, 753)]
2025-09-14 19:23:44 - [INFO] - 
  DECISION PROCESS:
2025-09-14 19:23:44 - [INFO] - 
📋 DECISION FACTORS:
2025-09-14 19:23:44 - [INFO] -      Dark corners (0.0 < 50) → BLACK (+40)
2025-09-14 19:23:44 - [INFO] -      Dark edges (100.0%) support BLACK (+30)
2025-09-14 19:23:44 - [INFO] -      Dark image (53.6 < 80) supports BLACK (+10)
2025-09-14 19:23:44 - [INFO] - 
  FINAL DECISION:
2025-09-14 19:23:44 - [INFO] -    Background Type: BLACK
2025-09-14 19:23:44 - [INFO] -    Confidence: 80%
2025-09-14 19:23:44 - [INFO] -    Reasoning: 3 factors analyzed
2025-09-14 19:23:44 - [INFO] - 📊 RESULT: {'background_type': 'black', 'confidence': 80, 'background_pixels': 11596, 'object_pixels': 4788, 'background_percentage': 70.7763671875, 'total_pixels': 16384, 'debug_info': {'corner_mean': 0.0, 'edge_mean': 0.0, 'image_mean': 53.5728759765625, 'dark_edge_ratio': 1.0, 'bright_edge_ratio': 0.0, 'decision_factors': ['  Dark corners (0.0 < 50) → BLACK (+40)', '  Dark edges (100.0%) support BLACK (+30)', '  Dark image (53.6 < 80) supports BLACK (+10)']}}
2025-09-14 19:23:44 - [INFO] -   === END BACKGROUND ANALYSIS ===

2025-09-14 19:23:44 - [INFO] - 
  === BACKGROUND ANALYSIS DEBUG ===
2025-09-14 19:23:44 - [INFO] - Frame shape: (128, 128)
2025-09-14 19:23:44 - [INFO] - Frame dtype: uint16
2025-09-14 19:23:44 - [INFO] - Frame range: 0 to 189
2025-09-14 19:23:44 - [INFO] - 🔄 Normalized to uint8: 0 to 255
2025-09-14 19:23:44 - [INFO] - 📐 Image dimensions: 128x128 (16,384 pixels)
2025-09-14 19:23:44 - [INFO] - 🏠 Corner analysis with size: 16x16
2025-09-14 19:23:44 - [INFO] - 🏠 Corner means: [0.0, 0.0, 0.0, 0.0]
2025-09-14 19:23:44 - [INFO] - 🏠 Overall corner mean: 0.0
2025-09-14 19:23:44 - [INFO] - 🔲 Edge analysis:
2025-09-14 19:23:44 - [INFO] -    Edge mean: 0.0
2025-09-14 19:23:44 - [INFO] -    Dark edges (<50): 512/512 (100.0%)
2025-09-14 19:23:44 - [INFO] -    Bright edges (>200): 0/512 (0.0%)
2025-09-14 19:23:44 - [INFO] - 📊 Overall statistics:
2025-09-14 19:23:44 - [INFO] -    Image mean: 53.7
2025-09-14 19:23:44 - [INFO] -    Dark pixels (<50): 11,597 (70.8%)
2025-09-14 19:23:44 - [INFO] -    Bright pixels (>200): 1,886 (11.5%)
2025-09-14 19:23:44 - [INFO] -    Mid-range pixels: 2,901 (17.7%)
2025-09-14 19:23:44 - [INFO] - 📈 Histogram analysis:
2025-09-14 19:23:44 - [INFO] -    Found 2 peaks: [(183, 599), (204, 777)]
2025-09-14 19:23:44 - [INFO] - 
  DECISION PROCESS:
2025-09-14 19:23:44 - [INFO] - 
📋 DECISION FACTORS:
2025-09-14 19:23:44 - [INFO] -      Dark corners (0.0 < 50) → BLACK (+40)
2025-09-14 19:23:44 - [INFO] -      Dark edges (100.0%) support BLACK (+30)
2025-09-14 19:23:44 - [INFO] -      Dark image (53.7 < 80) supports BLACK (+10)
2025-09-14 19:23:44 - [INFO] - 
  FINAL DECISION:
2025-09-14 19:23:44 - [INFO] -    Background Type: BLACK
2025-09-14 19:23:44 - [INFO] -    Confidence: 80%
2025-09-14 19:23:44 - [INFO] -    Reasoning: 3 factors analyzed
2025-09-14 19:23:44 - [INFO] - 📊 RESULT: {'background_type': 'black', 'confidence': 80, 'background_pixels': 11597, 'object_pixels': 4787, 'background_percentage': 70.782470703125, 'total_pixels': 16384, 'debug_info': {'corner_mean': 0.0, 'edge_mean': 0.0, 'image_mean': 53.7266845703125, 'dark_edge_ratio': 1.0, 'bright_edge_ratio': 0.0, 'decision_factors': ['  Dark corners (0.0 < 50) → BLACK (+40)', '  Dark edges (100.0%) support BLACK (+30)', '  Dark image (53.7 < 80) supports BLACK (+10)']}}
2025-09-14 19:23:44 - [INFO] -   === END BACKGROUND ANALYSIS ===

2025-09-14 19:23:44 - [INFO] - 
  === BACKGROUND ANALYSIS DEBUG ===
2025-09-14 19:23:44 - [INFO] - Frame shape: (128, 128)
2025-09-14 19:23:44 - [INFO] - Frame dtype: uint16
2025-09-14 19:23:44 - [INFO] - Frame range: 0 to 187
2025-09-14 19:23:44 - [INFO] - 🔄 Normalized to uint8: 0 to 255
2025-09-14 19:23:44 - [INFO] - 📐 Image dimensions: 128x128 (16,384 pixels)
2025-09-14 19:23:44 - [INFO] - 🏠 Corner analysis with size: 16x16
2025-09-14 19:23:44 - [INFO] - 🏠 Corner means: [0.0, 0.0, 0.0, 0.0]
2025-09-14 19:23:44 - [INFO] - 🏠 Overall corner mean: 0.0
2025-09-14 19:23:44 - [INFO] - 🔲 Edge analysis:
2025-09-14 19:23:44 - [INFO] -    Edge mean: 0.0
2025-09-14 19:23:44 - [INFO] -    Dark edges (<50): 512/512 (100.0%)
2025-09-14 19:23:44 - [INFO] -    Bright edges (>200): 0/512 (0.0%)
2025-09-14 19:23:44 - [INFO] - 📊 Overall statistics:
2025-09-14 19:23:44 - [INFO] -    Image mean: 54.5
2025-09-14 19:23:44 - [INFO] -    Dark pixels (<50): 11,555 (70.5%)
2025-09-14 19:23:44 - [INFO] -    Bright pixels (>200): 2,008 (12.3%)
2025-09-14 19:23:44 - [INFO] -    Mid-range pixels: 2,821 (17.2%)
2025-09-14 19:23:44 - [INFO] - 📈 Histogram analysis:
2025-09-14 19:23:44 - [INFO] -    Found 2 peaks: [(183, 544), (209, 870)]
2025-09-14 19:23:44 - [INFO] - 
  DECISION PROCESS:
2025-09-14 19:23:44 - [INFO] - 
📋 DECISION FACTORS:
2025-09-14 19:23:44 - [INFO] -      Dark corners (0.0 < 50) → BLACK (+40)
2025-09-14 19:23:44 - [INFO] -      Dark edges (100.0%) support BLACK (+30)
2025-09-14 19:23:44 - [INFO] -      Dark image (54.5 < 80) supports BLACK (+10)
2025-09-14 19:23:44 - [INFO] - 
  FINAL DECISION:
2025-09-14 19:23:44 - [INFO] -    Background Type: BLACK
2025-09-14 19:23:44 - [INFO] -    Confidence: 80%
2025-09-14 19:23:44 - [INFO] -    Reasoning: 3 factors analyzed
2025-09-14 19:23:44 - [INFO] - 📊 RESULT: {'background_type': 'black', 'confidence': 80, 'background_pixels': 11555, 'object_pixels': 4829, 'background_percentage': 70.526123046875, 'total_pixels': 16384, 'debug_info': {'corner_mean': 0.0, 'edge_mean': 0.0, 'image_mean': 54.49920654296875, 'dark_edge_ratio': 1.0, 'bright_edge_ratio': 0.0, 'decision_factors': ['  Dark corners (0.0 < 50) → BLACK (+40)', '  Dark edges (100.0%) support BLACK (+30)', '  Dark image (54.5 < 80) supports BLACK (+10)']}}
2025-09-14 19:23:44 - [INFO] -   === END BACKGROUND ANALYSIS ===

2025-09-14 19:23:44 - [INFO] - 
  === BACKGROUND ANALYSIS DEBUG ===
2025-09-14 19:23:44 - [INFO] - Frame shape: (128, 128)
2025-09-14 19:23:44 - [INFO] - Frame dtype: uint16
2025-09-14 19:23:44 - [INFO] - Frame range: 0 to 186
2025-09-14 19:23:44 - [INFO] - 🔄 Normalized to uint8: 0 to 255
2025-09-14 19:23:44 - [INFO] - 📐 Image dimensions: 128x128 (16,384 pixels)
2025-09-14 19:23:44 - [INFO] - 🏠 Corner analysis with size: 16x16
2025-09-14 19:23:44 - [INFO] - 🏠 Corner means: [0.0, 0.0, 0.0, 0.0]
2025-09-14 19:23:44 - [INFO] - 🏠 Overall corner mean: 0.0
2025-09-14 19:23:44 - [INFO] - 🔲 Edge analysis:
2025-09-14 19:23:44 - [INFO] -    Edge mean: 0.0
2025-09-14 19:23:44 - [INFO] -    Dark edges (<50): 512/512 (100.0%)
2025-09-14 19:23:44 - [INFO] -    Bright edges (>200): 0/512 (0.0%)
2025-09-14 19:23:44 - [INFO] - 📊 Overall statistics:
2025-09-14 19:23:44 - [INFO] -    Image mean: 54.9
2025-09-14 19:23:44 - [INFO] -    Dark pixels (<50): 11,529 (70.4%)
2025-09-14 19:23:44 - [INFO] -    Bright pixels (>200): 2,071 (12.6%)
2025-09-14 19:23:44 - [INFO] -    Mid-range pixels: 2,784 (17.0%)
2025-09-14 19:23:44 - [INFO] - 📈 Histogram analysis:
2025-09-14 19:23:44 - [INFO] -    Found 2 peaks: [(188, 565), (209, 817)]
2025-09-14 19:23:44 - [INFO] - 
  DECISION PROCESS:
2025-09-14 19:23:44 - [INFO] - 
📋 DECISION FACTORS:
2025-09-14 19:23:44 - [INFO] -      Dark corners (0.0 < 50) → BLACK (+40)
2025-09-14 19:23:44 - [INFO] -      Dark edges (100.0%) support BLACK (+30)
2025-09-14 19:23:44 - [INFO] -      Dark image (54.9 < 80) supports BLACK (+10)
2025-09-14 19:23:44 - [INFO] - 
  FINAL DECISION:
2025-09-14 19:23:44 - [INFO] -    Background Type: BLACK
2025-09-14 19:23:44 - [INFO] -    Confidence: 80%
2025-09-14 19:23:44 - [INFO] -    Reasoning: 3 factors analyzed
2025-09-14 19:23:44 - [INFO] - 📊 RESULT: {'background_type': 'black', 'confidence': 80, 'background_pixels': 11529, 'object_pixels': 4855, 'background_percentage': 70.367431640625, 'total_pixels': 16384, 'debug_info': {'corner_mean': 0.0, 'edge_mean': 0.0, 'image_mean': 54.9427490234375, 'dark_edge_ratio': 1.0, 'bright_edge_ratio': 0.0, 'decision_factors': ['  Dark corners (0.0 < 50) → BLACK (+40)', '  Dark edges (100.0%) support BLACK (+30)', '  Dark image (54.9 < 80) supports BLACK (+10)']}}
2025-09-14 19:23:44 - [INFO] -   === END BACKGROUND ANALYSIS ===

2025-09-14 19:23:44 - [INFO] - 
  === BACKGROUND ANALYSIS DEBUG ===
2025-09-14 19:23:44 - [INFO] - Frame shape: (128, 128)
2025-09-14 19:23:44 - [INFO] - Frame dtype: uint16
2025-09-14 19:23:44 - [INFO] - Frame range: 0 to 186
2025-09-14 19:23:44 - [INFO] - 🔄 Normalized to uint8: 0 to 255
2025-09-14 19:23:44 - [INFO] - 📐 Image dimensions: 128x128 (16,384 pixels)
2025-09-14 19:23:44 - [INFO] - 🏠 Corner analysis with size: 16x16
2025-09-14 19:23:44 - [INFO] - 🏠 Corner means: [0.0, 0.0, 0.0, 0.0]
2025-09-14 19:23:44 - [INFO] - 🏠 Overall corner mean: 0.0
2025-09-14 19:23:44 - [INFO] - 🔲 Edge analysis:
2025-09-14 19:23:44 - [INFO] -    Edge mean: 0.0
2025-09-14 19:23:44 - [INFO] -    Dark edges (<50): 512/512 (100.0%)
2025-09-14 19:23:44 - [INFO] -    Bright edges (>200): 0/512 (0.0%)
2025-09-14 19:23:44 - [INFO] - 📊 Overall statistics:
2025-09-14 19:23:44 - [INFO] -    Image mean: 55.1
2025-09-14 19:23:44 - [INFO] -    Dark pixels (<50): 11,510 (70.3%)
2025-09-14 19:23:44 - [INFO] -    Bright pixels (>200): 2,087 (12.7%)
2025-09-14 19:23:44 - [INFO] -    Mid-range pixels: 2,787 (17.0%)
2025-09-14 19:23:44 - [INFO] - 📈 Histogram analysis:
2025-09-14 19:23:44 - [INFO] -    Found 2 peaks: [(188, 599), (209, 777)]
2025-09-14 19:23:44 - [INFO] - 
  DECISION PROCESS:
2025-09-14 19:23:44 - [INFO] - 
📋 DECISION FACTORS:
2025-09-14 19:23:44 - [INFO] -      Dark corners (0.0 < 50) → BLACK (+40)
2025-09-14 19:23:44 - [INFO] -      Dark edges (100.0%) support BLACK (+30)
2025-09-14 19:23:44 - [INFO] -      Dark image (55.1 < 80) supports BLACK (+10)
2025-09-14 19:23:44 - [INFO] - 
  FINAL DECISION:
2025-09-14 19:23:44 - [INFO] -    Background Type: BLACK
2025-09-14 19:23:44 - [INFO] -    Confidence: 80%
2025-09-14 19:23:44 - [INFO] -    Reasoning: 3 factors analyzed
2025-09-14 19:23:44 - [INFO] - 📊 RESULT: {'background_type': 'black', 'confidence': 80, 'background_pixels': 11510, 'object_pixels': 4874, 'background_percentage': 70.25146484375, 'total_pixels': 16384, 'debug_info': {'corner_mean': 0.0, 'edge_mean': 0.0, 'image_mean': 55.12091064453125, 'dark_edge_ratio': 1.0, 'bright_edge_ratio': 0.0, 'decision_factors': ['  Dark corners (0.0 < 50) → BLACK (+40)', '  Dark edges (100.0%) support BLACK (+30)', '  Dark image (55.1 < 80) supports BLACK (+10)']}}
2025-09-14 19:23:44 - [INFO] -   === END BACKGROUND ANALYSIS ===

2025-09-14 19:23:44 - [INFO] - 
  === BACKGROUND ANALYSIS DEBUG ===
2025-09-14 19:23:44 - [INFO] - Frame shape: (128, 128)
2025-09-14 19:23:44 - [INFO] - Frame dtype: uint16
2025-09-14 19:23:44 - [INFO] - Frame range: 0 to 191
2025-09-14 19:23:44 - [INFO] - 🔄 Normalized to uint8: 0 to 255
2025-09-14 19:23:44 - [INFO] - 📐 Image dimensions: 128x128 (16,384 pixels)
2025-09-14 19:23:44 - [INFO] - 🏠 Corner analysis with size: 16x16
2025-09-14 19:23:44 - [INFO] - 🏠 Corner means: [0.0, 0.0, 0.0, 0.0]
2025-09-14 19:23:44 - [INFO] - 🏠 Overall corner mean: 0.0
2025-09-14 19:23:44 - [INFO] - 🔲 Edge analysis:
2025-09-14 19:23:44 - [INFO] -    Edge mean: 0.0
2025-09-14 19:23:44 - [INFO] -    Dark edges (<50): 512/512 (100.0%)
2025-09-14 19:23:44 - [INFO] -    Bright edges (>200): 0/512 (0.0%)
2025-09-14 19:23:44 - [INFO] - 📊 Overall statistics:
2025-09-14 19:23:44 - [INFO] -    Image mean: 53.9
2025-09-14 19:23:44 - [INFO] -    Dark pixels (<50): 11,504 (70.2%)
2025-09-14 19:23:44 - [INFO] -    Bright pixels (>200): 1,496 (9.1%)
2025-09-14 19:23:44 - [INFO] -    Mid-range pixels: 3,384 (20.7%)
2025-09-14 19:23:44 - [INFO] - 📈 Histogram analysis:
2025-09-14 19:23:44 - [INFO] -    Found 2 peaks: [(183, 588), (204, 913)]
2025-09-14 19:23:44 - [INFO] - 
  DECISION PROCESS:
2025-09-14 19:23:44 - [INFO] - 
📋 DECISION FACTORS:
2025-09-14 19:23:44 - [INFO] -      Dark corners (0.0 < 50) → BLACK (+40)
2025-09-14 19:23:44 - [INFO] -      Dark edges (100.0%) support BLACK (+30)
2025-09-14 19:23:44 - [INFO] -      Dark image (53.9 < 80) supports BLACK (+10)
2025-09-14 19:23:44 - [INFO] - 
  FINAL DECISION:
2025-09-14 19:23:44 - [INFO] -    Background Type: BLACK
2025-09-14 19:23:44 - [INFO] -    Confidence: 80%
2025-09-14 19:23:44 - [INFO] -    Reasoning: 3 factors analyzed
2025-09-14 19:23:44 - [INFO] - 📊 RESULT: {'background_type': 'black', 'confidence': 80, 'background_pixels': 11504, 'object_pixels': 4880, 'background_percentage': 70.21484375, 'total_pixels': 16384, 'debug_info': {'corner_mean': 0.0, 'edge_mean': 0.0, 'image_mean': 53.87200927734375, 'dark_edge_ratio': 1.0, 'bright_edge_ratio': 0.0, 'decision_factors': ['  Dark corners (0.0 < 50) → BLACK (+40)', '  Dark edges (100.0%) support BLACK (+30)', '  Dark image (53.9 < 80) supports BLACK (+10)']}}
2025-09-14 19:23:44 - [INFO] -   === END BACKGROUND ANALYSIS ===

2025-09-14 19:23:44 - [INFO] - 
  === BACKGROUND ANALYSIS DEBUG ===
2025-09-14 19:23:44 - [INFO] - Frame shape: (128, 128)
2025-09-14 19:23:44 - [INFO] - Frame dtype: uint16
2025-09-14 19:23:44 - [INFO] - Frame range: 0 to 186
2025-09-14 19:23:44 - [INFO] - 🔄 Normalized to uint8: 0 to 255
2025-09-14 19:23:44 - [INFO] - 📐 Image dimensions: 128x128 (16,384 pixels)
2025-09-14 19:23:44 - [INFO] - 🏠 Corner analysis with size: 16x16
2025-09-14 19:23:44 - [INFO] - 🏠 Corner means: [0.0, 0.0, 0.0, 0.0]
2025-09-14 19:23:44 - [INFO] - 🏠 Overall corner mean: 0.0
2025-09-14 19:23:44 - [INFO] - 🔲 Edge analysis:
2025-09-14 19:23:44 - [INFO] -    Edge mean: 0.0
2025-09-14 19:23:44 - [INFO] -    Dark edges (<50): 512/512 (100.0%)
2025-09-14 19:23:44 - [INFO] -    Bright edges (>200): 0/512 (0.0%)
2025-09-14 19:23:44 - [INFO] - 📊 Overall statistics:
2025-09-14 19:23:44 - [INFO] -    Image mean: 55.6
2025-09-14 19:23:44 - [INFO] -    Dark pixels (<50): 11,466 (70.0%)
2025-09-14 19:23:44 - [INFO] -    Bright pixels (>200): 1,964 (12.0%)
2025-09-14 19:23:44 - [INFO] -    Mid-range pixels: 2,954 (18.0%)
2025-09-14 19:23:44 - [INFO] - 📈 Histogram analysis:
2025-09-14 19:23:44 - [INFO] -    Found 2 peaks: [(188, 627), (204, 810)]
2025-09-14 19:23:44 - [INFO] - 
  DECISION PROCESS:
2025-09-14 19:23:44 - [INFO] - 
📋 DECISION FACTORS:
2025-09-14 19:23:44 - [INFO] -      Dark corners (0.0 < 50) → BLACK (+40)
2025-09-14 19:23:44 - [INFO] -      Dark edges (100.0%) support BLACK (+30)
2025-09-14 19:23:44 - [INFO] -      Dark image (55.6 < 80) supports BLACK (+10)
2025-09-14 19:23:44 - [INFO] - 
  FINAL DECISION:
2025-09-14 19:23:44 - [INFO] -    Background Type: BLACK
2025-09-14 19:23:44 - [INFO] -    Confidence: 80%
2025-09-14 19:23:44 - [INFO] -    Reasoning: 3 factors analyzed
2025-09-14 19:23:44 - [INFO] - 📊 RESULT: {'background_type': 'black', 'confidence': 80, 'background_pixels': 11466, 'object_pixels': 4918, 'background_percentage': 69.98291015625, 'total_pixels': 16384, 'debug_info': {'corner_mean': 0.0, 'edge_mean': 0.0, 'image_mean': 55.55828857421875, 'dark_edge_ratio': 1.0, 'bright_edge_ratio': 0.0, 'decision_factors': ['  Dark corners (0.0 < 50) → BLACK (+40)', '  Dark edges (100.0%) support BLACK (+30)', '  Dark image (55.6 < 80) supports BLACK (+10)']}}
2025-09-14 19:23:44 - [INFO] -   === END BACKGROUND ANALYSIS ===

2025-09-14 19:23:44 - [INFO] - 
  === BACKGROUND ANALYSIS DEBUG ===
2025-09-14 19:23:44 - [INFO] - Frame shape: (128, 128)
2025-09-14 19:23:44 - [INFO] - Frame dtype: uint16
2025-09-14 19:23:44 - [INFO] - Frame range: 0 to 187
2025-09-14 19:23:44 - [INFO] - 🔄 Normalized to uint8: 0 to 255
2025-09-14 19:23:44 - [INFO] - 📐 Image dimensions: 128x128 (16,384 pixels)
2025-09-14 19:23:44 - [INFO] - 🏠 Corner analysis with size: 16x16
2025-09-14 19:23:44 - [INFO] - 🏠 Corner means: [0.0, 0.0, 0.0, 0.0]
2025-09-14 19:23:44 - [INFO] - 🏠 Overall corner mean: 0.0
2025-09-14 19:23:44 - [INFO] - 🔲 Edge analysis:
2025-09-14 19:23:44 - [INFO] -    Edge mean: 0.0
2025-09-14 19:23:44 - [INFO] -    Dark edges (<50): 512/512 (100.0%)
2025-09-14 19:23:44 - [INFO] -    Bright edges (>200): 0/512 (0.0%)
2025-09-14 19:23:44 - [INFO] - 📊 Overall statistics:
2025-09-14 19:23:44 - [INFO] -    Image mean: 55.5
2025-09-14 19:23:44 - [INFO] -    Dark pixels (<50): 11,436 (69.8%)
2025-09-14 19:23:44 - [INFO] -    Bright pixels (>200): 1,836 (11.2%)
2025-09-14 19:23:44 - [INFO] -    Mid-range pixels: 3,112 (19.0%)
2025-09-14 19:23:44 - [INFO] - 📈 Histogram analysis:
2025-09-14 19:23:44 - [INFO] -    Found 2 peaks: [(183, 670), (204, 696)]
2025-09-14 19:23:44 - [INFO] - 
  DECISION PROCESS:
2025-09-14 19:23:44 - [INFO] - 
📋 DECISION FACTORS:
2025-09-14 19:23:44 - [INFO] -      Dark corners (0.0 < 50) → BLACK (+40)
2025-09-14 19:23:44 - [INFO] -      Dark edges (100.0%) support BLACK (+30)
2025-09-14 19:23:44 - [INFO] -      Dark image (55.5 < 80) supports BLACK (+10)
2025-09-14 19:23:44 - [INFO] - 
  FINAL DECISION:
2025-09-14 19:23:44 - [INFO] -    Background Type: BLACK
2025-09-14 19:23:44 - [INFO] -    Confidence: 80%
2025-09-14 19:23:44 - [INFO] -    Reasoning: 3 factors analyzed
2025-09-14 19:23:44 - [INFO] - 📊 RESULT: {'background_type': 'black', 'confidence': 80, 'background_pixels': 11436, 'object_pixels': 4948, 'background_percentage': 69.7998046875, 'total_pixels': 16384, 'debug_info': {'corner_mean': 0.0, 'edge_mean': 0.0, 'image_mean': 55.5404052734375, 'dark_edge_ratio': 1.0, 'bright_edge_ratio': 0.0, 'decision_factors': ['  Dark corners (0.0 < 50) → BLACK (+40)', '  Dark edges (100.0%) support BLACK (+30)', '  Dark image (55.5 < 80) supports BLACK (+10)']}}
2025-09-14 19:23:44 - [INFO] -   === END BACKGROUND ANALYSIS ===

2025-09-14 19:23:44 - [INFO] - 
  === BACKGROUND ANALYSIS DEBUG ===
2025-09-14 19:23:44 - [INFO] - Frame shape: (128, 128)
2025-09-14 19:23:44 - [INFO] - Frame dtype: uint16
2025-09-14 19:23:44 - [INFO] - Frame range: 0 to 188
2025-09-14 19:23:44 - [INFO] - 🔄 Normalized to uint8: 0 to 255
2025-09-14 19:23:44 - [INFO] - 📐 Image dimensions: 128x128 (16,384 pixels)
2025-09-14 19:23:44 - [INFO] - 🏠 Corner analysis with size: 16x16
2025-09-14 19:23:44 - [INFO] - 🏠 Corner means: [0.0, 0.0, 0.0, 0.0]
2025-09-14 19:23:44 - [INFO] - 🏠 Overall corner mean: 0.0
2025-09-14 19:23:44 - [INFO] - 🔲 Edge analysis:
2025-09-14 19:23:44 - [INFO] -    Edge mean: 0.0
2025-09-14 19:23:44 - [INFO] -    Dark edges (<50): 512/512 (100.0%)
2025-09-14 19:23:44 - [INFO] -    Bright edges (>200): 0/512 (0.0%)
2025-09-14 19:23:44 - [INFO] - 📊 Overall statistics:
2025-09-14 19:23:44 - [INFO] -    Image mean: 55.5
2025-09-14 19:23:44 - [INFO] -    Dark pixels (<50): 11,412 (69.7%)
2025-09-14 19:23:44 - [INFO] -    Bright pixels (>200): 1,638 (10.0%)
2025-09-14 19:23:44 - [INFO] -    Mid-range pixels: 3,334 (20.3%)
2025-09-14 19:23:44 - [INFO] - 📈 Histogram analysis:
2025-09-14 19:23:44 - [INFO] -    Found 2 peaks: [(183, 735), (204, 738)]
2025-09-14 19:23:44 - [INFO] - 
  DECISION PROCESS:
2025-09-14 19:23:44 - [INFO] - 
📋 DECISION FACTORS:
2025-09-14 19:23:44 - [INFO] -      Dark corners (0.0 < 50) → BLACK (+40)
2025-09-14 19:23:44 - [INFO] -      Dark edges (100.0%) support BLACK (+30)
2025-09-14 19:23:44 - [INFO] -      Dark image (55.5 < 80) supports BLACK (+10)
2025-09-14 19:23:44 - [INFO] - 
  FINAL DECISION:
2025-09-14 19:23:44 - [INFO] -    Background Type: BLACK
2025-09-14 19:23:44 - [INFO] -    Confidence: 80%
2025-09-14 19:23:44 - [INFO] -    Reasoning: 3 factors analyzed
2025-09-14 19:23:44 - [INFO] - 📊 RESULT: {'background_type': 'black', 'confidence': 80, 'background_pixels': 11412, 'object_pixels': 4972, 'background_percentage': 69.6533203125, 'total_pixels': 16384, 'debug_info': {'corner_mean': 0.0, 'edge_mean': 0.0, 'image_mean': 55.456787109375, 'dark_edge_ratio': 1.0, 'bright_edge_ratio': 0.0, 'decision_factors': ['  Dark corners (0.0 < 50) → BLACK (+40)', '  Dark edges (100.0%) support BLACK (+30)', '  Dark image (55.5 < 80) supports BLACK (+10)']}}
2025-09-14 19:23:44 - [INFO] -   === END BACKGROUND ANALYSIS ===

2025-09-14 19:23:44 - [INFO] - 
  === BACKGROUND ANALYSIS DEBUG ===
2025-09-14 19:23:44 - [INFO] - Frame shape: (128, 128)
2025-09-14 19:23:44 - [INFO] - Frame dtype: uint16
2025-09-14 19:23:44 - [INFO] - Frame range: 0 to 186
2025-09-14 19:23:44 - [INFO] - 🔄 Normalized to uint8: 0 to 255
2025-09-14 19:23:44 - [INFO] - 📐 Image dimensions: 128x128 (16,384 pixels)
2025-09-14 19:23:44 - [INFO] - 🏠 Corner analysis with size: 16x16
2025-09-14 19:23:44 - [INFO] - 🏠 Corner means: [0.0, 0.0, 0.0, 0.0]
2025-09-14 19:23:44 - [INFO] - 🏠 Overall corner mean: 0.0
2025-09-14 19:23:44 - [INFO] - 🔲 Edge analysis:
2025-09-14 19:23:44 - [INFO] -    Edge mean: 0.0
2025-09-14 19:23:44 - [INFO] -    Dark edges (<50): 512/512 (100.0%)
2025-09-14 19:23:44 - [INFO] -    Bright edges (>200): 0/512 (0.0%)
2025-09-14 19:23:44 - [INFO] - 📊 Overall statistics:
2025-09-14 19:23:44 - [INFO] -    Image mean: 56.3
2025-09-14 19:23:44 - [INFO] -    Dark pixels (<50): 11,388 (69.5%)
2025-09-14 19:23:44 - [INFO] -    Bright pixels (>200): 1,816 (11.1%)
2025-09-14 19:23:44 - [INFO] -    Mid-range pixels: 3,180 (19.4%)
2025-09-14 19:23:44 - [INFO] - 📈 Histogram analysis:
2025-09-14 19:23:44 - [INFO] -    Found 2 peaks: [(188, 726), (204, 792)]
2025-09-14 19:23:44 - [INFO] - 
  DECISION PROCESS:
2025-09-14 19:23:44 - [INFO] - 
📋 DECISION FACTORS:
2025-09-14 19:23:44 - [INFO] -      Dark corners (0.0 < 50) → BLACK (+40)
2025-09-14 19:23:44 - [INFO] -      Dark edges (100.0%) support BLACK (+30)
2025-09-14 19:23:44 - [INFO] -      Dark image (56.3 < 80) supports BLACK (+10)
2025-09-14 19:23:44 - [INFO] - 
  FINAL DECISION:
2025-09-14 19:23:44 - [INFO] -    Background Type: BLACK
2025-09-14 19:23:44 - [INFO] -    Confidence: 80%
2025-09-14 19:23:44 - [INFO] -    Reasoning: 3 factors analyzed
2025-09-14 19:23:44 - [INFO] - 📊 RESULT: {'background_type': 'black', 'confidence': 80, 'background_pixels': 11388, 'object_pixels': 4996, 'background_percentage': 69.5068359375, 'total_pixels': 16384, 'debug_info': {'corner_mean': 0.0, 'edge_mean': 0.0, 'image_mean': 56.25189208984375, 'dark_edge_ratio': 1.0, 'bright_edge_ratio': 0.0, 'decision_factors': ['  Dark corners (0.0 < 50) → BLACK (+40)', '  Dark edges (100.0%) support BLACK (+30)', '  Dark image (56.3 < 80) supports BLACK (+10)']}}
2025-09-14 19:23:44 - [INFO] -   === END BACKGROUND ANALYSIS ===

2025-09-14 19:23:44 - [INFO] - 
  === BACKGROUND ANALYSIS DEBUG ===
2025-09-14 19:23:44 - [INFO] - Frame shape: (128, 128)
2025-09-14 19:23:44 - [INFO] - Frame dtype: uint16
2025-09-14 19:23:44 - [INFO] - Frame range: 0 to 182
2025-09-14 19:23:44 - [INFO] - 🔄 Normalized to uint8: 0 to 255
2025-09-14 19:23:44 - [INFO] - 📐 Image dimensions: 128x128 (16,384 pixels)
2025-09-14 19:23:44 - [INFO] - 🏠 Corner analysis with size: 16x16
2025-09-14 19:23:44 - [INFO] - 🏠 Corner means: [0.0, 0.0, 0.0, 0.0]
2025-09-14 19:23:44 - [INFO] - 🏠 Overall corner mean: 0.0
2025-09-14 19:23:44 - [INFO] - 🔲 Edge analysis:
2025-09-14 19:23:44 - [INFO] -    Edge mean: 0.0
2025-09-14 19:23:44 - [INFO] -    Dark edges (<50): 512/512 (100.0%)
2025-09-14 19:23:44 - [INFO] -    Bright edges (>200): 0/512 (0.0%)
2025-09-14 19:23:44 - [INFO] - 📊 Overall statistics:
2025-09-14 19:23:44 - [INFO] -    Image mean: 57.6
2025-09-14 19:23:44 - [INFO] -    Dark pixels (<50): 11,343 (69.2%)
2025-09-14 19:23:44 - [INFO] -    Bright pixels (>200): 2,158 (13.2%)
2025-09-14 19:23:44 - [INFO] -    Mid-range pixels: 2,883 (17.6%)
2025-09-14 19:23:44 - [INFO] - 📈 Histogram analysis:
2025-09-14 19:23:44 - [INFO] -    Found 2 peaks: [(188, 795), (209, 627)]
2025-09-14 19:23:44 - [INFO] - 
  DECISION PROCESS:
2025-09-14 19:23:44 - [INFO] - 
📋 DECISION FACTORS:
2025-09-14 19:23:44 - [INFO] -      Dark corners (0.0 < 50) → BLACK (+40)
2025-09-14 19:23:44 - [INFO] -      Dark edges (100.0%) support BLACK (+30)
2025-09-14 19:23:44 - [INFO] -      Dark image (57.6 < 80) supports BLACK (+10)
2025-09-14 19:23:44 - [INFO] - 
  FINAL DECISION:
2025-09-14 19:23:44 - [INFO] -    Background Type: BLACK
2025-09-14 19:23:44 - [INFO] -    Confidence: 80%
2025-09-14 19:23:44 - [INFO] -    Reasoning: 3 factors analyzed
2025-09-14 19:23:44 - [INFO] - 📊 RESULT: {'background_type': 'black', 'confidence': 80, 'background_pixels': 11343, 'object_pixels': 5041, 'background_percentage': 69.232177734375, 'total_pixels': 16384, 'debug_info': {'corner_mean': 0.0, 'edge_mean': 0.0, 'image_mean': 57.6285400390625, 'dark_edge_ratio': 1.0, 'bright_edge_ratio': 0.0, 'decision_factors': ['  Dark corners (0.0 < 50) → BLACK (+40)', '  Dark edges (100.0%) support BLACK (+30)', '  Dark image (57.6 < 80) supports BLACK (+10)']}}
2025-09-14 19:23:44 - [INFO] -   === END BACKGROUND ANALYSIS ===

2025-09-14 19:23:44 - [INFO] - 
  === BACKGROUND ANALYSIS DEBUG ===
2025-09-14 19:23:44 - [INFO] - Frame shape: (128, 128)
2025-09-14 19:23:44 - [INFO] - Frame dtype: uint16
2025-09-14 19:23:44 - [INFO] - Frame range: 0 to 185
2025-09-14 19:23:44 - [INFO] - 🔄 Normalized to uint8: 0 to 255
2025-09-14 19:23:44 - [INFO] - 📐 Image dimensions: 128x128 (16,384 pixels)
2025-09-14 19:23:44 - [INFO] - 🏠 Corner analysis with size: 16x16
2025-09-14 19:23:44 - [INFO] - 🏠 Corner means: [0.0, 0.0, 0.0, 0.0]
2025-09-14 19:23:44 - [INFO] - 🏠 Overall corner mean: 0.0
2025-09-14 19:23:44 - [INFO] - 🔲 Edge analysis:
2025-09-14 19:23:44 - [INFO] -    Edge mean: 0.0
2025-09-14 19:23:44 - [INFO] -    Dark edges (<50): 512/512 (100.0%)
2025-09-14 19:23:44 - [INFO] -    Bright edges (>200): 0/512 (0.0%)
2025-09-14 19:23:44 - [INFO] - 📊 Overall statistics:
2025-09-14 19:23:44 - [INFO] -    Image mean: 56.8
2025-09-14 19:23:44 - [INFO] -    Dark pixels (<50): 11,356 (69.3%)
2025-09-14 19:23:44 - [INFO] -    Bright pixels (>200): 1,794 (10.9%)
2025-09-14 19:23:44 - [INFO] -    Mid-range pixels: 3,234 (19.7%)
2025-09-14 19:23:44 - [INFO] - 📈 Histogram analysis:
2025-09-14 19:23:44 - [INFO] -    Found 3 peaks: [(183, 693), (193, 652), (204, 689)]
2025-09-14 19:23:44 - [INFO] - 
  DECISION PROCESS:
2025-09-14 19:23:44 - [INFO] - 
📋 DECISION FACTORS:
2025-09-14 19:23:44 - [INFO] -      Dark corners (0.0 < 50) → BLACK (+40)
2025-09-14 19:23:44 - [INFO] -      Dark edges (100.0%) support BLACK (+30)
2025-09-14 19:23:44 - [INFO] -      Dark image (56.8 < 80) supports BLACK (+10)
2025-09-14 19:23:44 - [INFO] - 
  FINAL DECISION:
2025-09-14 19:23:44 - [INFO] -    Background Type: BLACK
2025-09-14 19:23:44 - [INFO] -    Confidence: 80%
2025-09-14 19:23:44 - [INFO] -    Reasoning: 3 factors analyzed
2025-09-14 19:23:44 - [INFO] - 📊 RESULT: {'background_type': 'black', 'confidence': 80, 'background_pixels': 11356, 'object_pixels': 5028, 'background_percentage': 69.3115234375, 'total_pixels': 16384, 'debug_info': {'corner_mean': 0.0, 'edge_mean': 0.0, 'image_mean': 56.82757568359375, 'dark_edge_ratio': 1.0, 'bright_edge_ratio': 0.0, 'decision_factors': ['  Dark corners (0.0 < 50) → BLACK (+40)', '  Dark edges (100.0%) support BLACK (+30)', '  Dark image (56.8 < 80) supports BLACK (+10)']}}
2025-09-14 19:23:44 - [INFO] -   === END BACKGROUND ANALYSIS ===

2025-09-14 19:23:44 - [INFO] - 
  === BACKGROUND ANALYSIS DEBUG ===
2025-09-14 19:23:44 - [INFO] - Frame shape: (128, 128)
2025-09-14 19:23:44 - [INFO] - Frame dtype: uint16
2025-09-14 19:23:44 - [INFO] - Frame range: 0 to 191
2025-09-14 19:23:44 - [INFO] - 🔄 Normalized to uint8: 0 to 255
2025-09-14 19:23:44 - [INFO] - 📐 Image dimensions: 128x128 (16,384 pixels)
2025-09-14 19:23:44 - [INFO] - 🏠 Corner analysis with size: 16x16
2025-09-14 19:23:44 - [INFO] - 🏠 Corner means: [0.0, 0.0, 0.0, 0.0]
2025-09-14 19:23:44 - [INFO] - 🏠 Overall corner mean: 0.0
2025-09-14 19:23:44 - [INFO] - 🔲 Edge analysis:
2025-09-14 19:23:44 - [INFO] -    Edge mean: 0.0
2025-09-14 19:23:44 - [INFO] -    Dark edges (<50): 512/512 (100.0%)
2025-09-14 19:23:44 - [INFO] -    Bright edges (>200): 0/512 (0.0%)
2025-09-14 19:23:44 - [INFO] - 📊 Overall statistics:
2025-09-14 19:23:44 - [INFO] -    Image mean: 55.1
2025-09-14 19:23:44 - [INFO] -    Dark pixels (<50): 11,372 (69.4%)
2025-09-14 19:23:44 - [INFO] -    Bright pixels (>200): 1,043 (6.4%)
2025-09-14 19:23:44 - [INFO] -    Mid-range pixels: 3,969 (24.2%)
2025-09-14 19:23:44 - [INFO] - 📈 Histogram analysis:
2025-09-14 19:23:44 - [INFO] -    Found 2 peaks: [(183, 773), (204, 576)]
2025-09-14 19:23:44 - [INFO] - 
  DECISION PROCESS:
2025-09-14 19:23:44 - [INFO] - 
📋 DECISION FACTORS:
2025-09-14 19:23:44 - [INFO] -      Dark corners (0.0 < 50) → BLACK (+40)
2025-09-14 19:23:44 - [INFO] -      Dark edges (100.0%) support BLACK (+30)
2025-09-14 19:23:44 - [INFO] -      Dark image (55.1 < 80) supports BLACK (+10)
2025-09-14 19:23:44 - [INFO] - 
  FINAL DECISION:
2025-09-14 19:23:44 - [INFO] -    Background Type: BLACK
2025-09-14 19:23:44 - [INFO] -    Confidence: 80%
2025-09-14 19:23:44 - [INFO] -    Reasoning: 3 factors analyzed
2025-09-14 19:23:44 - [INFO] - 📊 RESULT: {'background_type': 'black', 'confidence': 80, 'background_pixels': 11372, 'object_pixels': 5012, 'background_percentage': 69.4091796875, 'total_pixels': 16384, 'debug_info': {'corner_mean': 0.0, 'edge_mean': 0.0, 'image_mean': 55.0614013671875, 'dark_edge_ratio': 1.0, 'bright_edge_ratio': 0.0, 'decision_factors': ['  Dark corners (0.0 < 50) → BLACK (+40)', '  Dark edges (100.0%) support BLACK (+30)', '  Dark image (55.1 < 80) supports BLACK (+10)']}}
2025-09-14 19:23:44 - [INFO] -   === END BACKGROUND ANALYSIS ===

2025-09-14 19:23:44 - [INFO] - 
  === BACKGROUND ANALYSIS DEBUG ===
2025-09-14 19:23:44 - [INFO] - Frame shape: (128, 128)
2025-09-14 19:23:44 - [INFO] - Frame dtype: uint16
2025-09-14 19:23:44 - [INFO] - Frame range: 0 to 0
2025-09-14 19:23:44 - [INFO] - 🔄 Normalized to uint8: 0 to 0
2025-09-14 19:23:44 - [INFO] - 📐 Image dimensions: 128x128 (16,384 pixels)
2025-09-14 19:23:44 - [INFO] - 🏠 Corner analysis with size: 16x16
2025-09-14 19:23:44 - [INFO] - 🏠 Corner means: [0.0, 0.0, 0.0, 0.0]
2025-09-14 19:23:44 - [INFO] - 🏠 Overall corner mean: 0.0
2025-09-14 19:23:44 - [INFO] - 🔲 Edge analysis:
2025-09-14 19:23:44 - [INFO] -    Edge mean: 0.0
2025-09-14 19:23:44 - [INFO] -    Dark edges (<50): 512/512 (100.0%)
2025-09-14 19:23:44 - [INFO] -    Bright edges (>200): 0/512 (0.0%)
2025-09-14 19:23:44 - [INFO] - 📊 Overall statistics:
2025-09-14 19:23:44 - [INFO] -    Image mean: 0.0
2025-09-14 19:23:44 - [INFO] -    Dark pixels (<50): 16,384 (100.0%)
2025-09-14 19:23:44 - [INFO] -    Bright pixels (>200): 0 (0.0%)
2025-09-14 19:23:44 - [INFO] -    Mid-range pixels: 0 (0.0%)
2025-09-14 19:23:44 - [INFO] - 📈 Histogram analysis:
2025-09-14 19:23:44 - [INFO] -    Found 0 peaks: []
2025-09-14 19:23:44 - [INFO] - 
  DECISION PROCESS:
2025-09-14 19:23:44 - [INFO] - 
📋 DECISION FACTORS:
2025-09-14 19:23:44 - [INFO] -      Dark corners (0.0 < 50) → BLACK (+40)
2025-09-14 19:23:44 - [INFO] -      Dark edges (100.0%) support BLACK (+30)
2025-09-14 19:23:44 - [INFO] -      Dark image (0.0 < 80) supports BLACK (+10)
2025-09-14 19:23:44 - [INFO] - 
  FINAL DECISION:
2025-09-14 19:23:44 - [INFO] -    Background Type: BLACK
2025-09-14 19:23:44 - [INFO] -    Confidence: 80%
2025-09-14 19:23:44 - [INFO] -    Reasoning: 3 factors analyzed
2025-09-14 19:23:44 - [INFO] - 📊 RESULT: {'background_type': 'black', 'confidence': 80, 'background_pixels': 16384, 'object_pixels': 0, 'background_percentage': 100.0, 'total_pixels': 16384, 'debug_info': {'corner_mean': 0.0, 'edge_mean': 0.0, 'image_mean': 0.0, 'dark_edge_ratio': 1.0, 'bright_edge_ratio': 0.0, 'decision_factors': ['  Dark corners (0.0 < 50) → BLACK (+40)', '  Dark edges (100.0%) support BLACK (+30)', '  Dark image (0.0 < 80) supports BLACK (+10)']}}
2025-09-14 19:23:44 - [INFO] -   === END BACKGROUND ANALYSIS ===

2025-09-14 19:23:44 - [INFO] - 
  === BACKGROUND ANALYSIS DEBUG ===
2025-09-14 19:23:44 - [INFO] - Frame shape: (128, 128)
2025-09-14 19:23:44 - [INFO] - Frame dtype: uint16
2025-09-14 19:23:44 - [INFO] - Frame range: 0 to 0
2025-09-14 19:23:44 - [INFO] - 🔄 Normalized to uint8: 0 to 0
2025-09-14 19:23:44 - [INFO] - 📐 Image dimensions: 128x128 (16,384 pixels)
2025-09-14 19:23:44 - [INFO] - 🏠 Corner analysis with size: 16x16
2025-09-14 19:23:44 - [INFO] - 🏠 Corner means: [0.0, 0.0, 0.0, 0.0]
2025-09-14 19:23:44 - [INFO] - 🏠 Overall corner mean: 0.0
2025-09-14 19:23:44 - [INFO] - 🔲 Edge analysis:
2025-09-14 19:23:44 - [INFO] -    Edge mean: 0.0
2025-09-14 19:23:44 - [INFO] -    Dark edges (<50): 512/512 (100.0%)
2025-09-14 19:23:44 - [INFO] -    Bright edges (>200): 0/512 (0.0%)
2025-09-14 19:23:44 - [INFO] - 📊 Overall statistics:
2025-09-14 19:23:44 - [INFO] -    Image mean: 0.0
2025-09-14 19:23:44 - [INFO] -    Dark pixels (<50): 16,384 (100.0%)
2025-09-14 19:23:44 - [INFO] -    Bright pixels (>200): 0 (0.0%)
2025-09-14 19:23:44 - [INFO] -    Mid-range pixels: 0 (0.0%)
2025-09-14 19:23:44 - [INFO] - 📈 Histogram analysis:
2025-09-14 19:23:44 - [INFO] -    Found 0 peaks: []
2025-09-14 19:23:44 - [INFO] - 
  DECISION PROCESS:
2025-09-14 19:23:44 - [INFO] - 
📋 DECISION FACTORS:
2025-09-14 19:23:44 - [INFO] -      Dark corners (0.0 < 50) → BLACK (+40)
2025-09-14 19:23:44 - [INFO] -      Dark edges (100.0%) support BLACK (+30)
2025-09-14 19:23:44 - [INFO] -      Dark image (0.0 < 80) supports BLACK (+10)
2025-09-14 19:23:44 - [INFO] - 
  FINAL DECISION:
2025-09-14 19:23:44 - [INFO] -    Background Type: BLACK
2025-09-14 19:23:44 - [INFO] -    Confidence: 80%
2025-09-14 19:23:44 - [INFO] -    Reasoning: 3 factors analyzed
2025-09-14 19:23:44 - [INFO] - 📊 RESULT: {'background_type': 'black', 'confidence': 80, 'background_pixels': 16384, 'object_pixels': 0, 'background_percentage': 100.0, 'total_pixels': 16384, 'debug_info': {'corner_mean': 0.0, 'edge_mean': 0.0, 'image_mean': 0.0, 'dark_edge_ratio': 1.0, 'bright_edge_ratio': 0.0, 'decision_factors': ['  Dark corners (0.0 < 50) → BLACK (+40)', '  Dark edges (100.0%) support BLACK (+30)', '  Dark image (0.0 < 80) supports BLACK (+10)']}}
2025-09-14 19:23:44 - [INFO] -   === END BACKGROUND ANALYSIS ===

2025-09-14 19:23:44 - [INFO] - 
  === BACKGROUND ANALYSIS DEBUG ===
2025-09-14 19:23:44 - [INFO] - Frame shape: (128, 128)
2025-09-14 19:23:44 - [INFO] - Frame dtype: uint16
2025-09-14 19:23:44 - [INFO] - Frame range: 0 to 0
2025-09-14 19:23:44 - [INFO] - 🔄 Normalized to uint8: 0 to 0
2025-09-14 19:23:44 - [INFO] - 📐 Image dimensions: 128x128 (16,384 pixels)
2025-09-14 19:23:44 - [INFO] - 🏠 Corner analysis with size: 16x16
2025-09-14 19:23:44 - [INFO] - 🏠 Corner means: [0.0, 0.0, 0.0, 0.0]
2025-09-14 19:23:44 - [INFO] - 🏠 Overall corner mean: 0.0
2025-09-14 19:23:44 - [INFO] - 🔲 Edge analysis:
2025-09-14 19:23:44 - [INFO] -    Edge mean: 0.0
2025-09-14 19:23:44 - [INFO] -    Dark edges (<50): 512/512 (100.0%)
2025-09-14 19:23:44 - [INFO] -    Bright edges (>200): 0/512 (0.0%)
2025-09-14 19:23:44 - [INFO] - 📊 Overall statistics:
2025-09-14 19:23:44 - [INFO] -    Image mean: 0.0
2025-09-14 19:23:44 - [INFO] -    Dark pixels (<50): 16,384 (100.0%)
2025-09-14 19:23:44 - [INFO] -    Bright pixels (>200): 0 (0.0%)
2025-09-14 19:23:44 - [INFO] -    Mid-range pixels: 0 (0.0%)
2025-09-14 19:23:44 - [INFO] - 📈 Histogram analysis:
2025-09-14 19:23:44 - [INFO] -    Found 0 peaks: []
2025-09-14 19:23:44 - [INFO] - 
  DECISION PROCESS:
2025-09-14 19:23:44 - [INFO] - 
📋 DECISION FACTORS:
2025-09-14 19:23:44 - [INFO] -      Dark corners (0.0 < 50) → BLACK (+40)
2025-09-14 19:23:44 - [INFO] -      Dark edges (100.0%) support BLACK (+30)
2025-09-14 19:23:44 - [INFO] -      Dark image (0.0 < 80) supports BLACK (+10)
2025-09-14 19:23:44 - [INFO] - 
  FINAL DECISION:
2025-09-14 19:23:44 - [INFO] -    Background Type: BLACK
2025-09-14 19:23:44 - [INFO] -    Confidence: 80%
2025-09-14 19:23:44 - [INFO] -    Reasoning: 3 factors analyzed
2025-09-14 19:23:44 - [INFO] - 📊 RESULT: {'background_type': 'black', 'confidence': 80, 'background_pixels': 16384, 'object_pixels': 0, 'background_percentage': 100.0, 'total_pixels': 16384, 'debug_info': {'corner_mean': 0.0, 'edge_mean': 0.0, 'image_mean': 0.0, 'dark_edge_ratio': 1.0, 'bright_edge_ratio': 0.0, 'decision_factors': ['  Dark corners (0.0 < 50) → BLACK (+40)', '  Dark edges (100.0%) support BLACK (+30)', '  Dark image (0.0 < 80) supports BLACK (+10)']}}
2025-09-14 19:23:44 - [INFO] -   === END BACKGROUND ANALYSIS ===

2025-09-14 19:23:44 - [INFO] - 
  === BACKGROUND ANALYSIS DEBUG ===
2025-09-14 19:23:44 - [INFO] - Frame shape: (128, 128)
2025-09-14 19:23:44 - [INFO] - Frame dtype: uint16
2025-09-14 19:23:44 - [INFO] - Frame range: 0 to 0
2025-09-14 19:23:44 - [INFO] - 🔄 Normalized to uint8: 0 to 0
2025-09-14 19:23:44 - [INFO] - 📐 Image dimensions: 128x128 (16,384 pixels)
2025-09-14 19:23:44 - [INFO] - 🏠 Corner analysis with size: 16x16
2025-09-14 19:23:44 - [INFO] - 🏠 Corner means: [0.0, 0.0, 0.0, 0.0]
2025-09-14 19:23:44 - [INFO] - 🏠 Overall corner mean: 0.0
2025-09-14 19:23:44 - [INFO] - 🔲 Edge analysis:
2025-09-14 19:23:44 - [INFO] -    Edge mean: 0.0
2025-09-14 19:23:44 - [INFO] -    Dark edges (<50): 512/512 (100.0%)
2025-09-14 19:23:44 - [INFO] -    Bright edges (>200): 0/512 (0.0%)
2025-09-14 19:23:44 - [INFO] - 📊 Overall statistics:
2025-09-14 19:23:44 - [INFO] -    Image mean: 0.0
2025-09-14 19:23:44 - [INFO] -    Dark pixels (<50): 16,384 (100.0%)
2025-09-14 19:23:44 - [INFO] -    Bright pixels (>200): 0 (0.0%)
2025-09-14 19:23:44 - [INFO] -    Mid-range pixels: 0 (0.0%)
2025-09-14 19:23:44 - [INFO] - 📈 Histogram analysis:
2025-09-14 19:23:44 - [INFO] -    Found 0 peaks: []
2025-09-14 19:23:44 - [INFO] - 
  DECISION PROCESS:
2025-09-14 19:23:44 - [INFO] - 
📋 DECISION FACTORS:
2025-09-14 19:23:44 - [INFO] -      Dark corners (0.0 < 50) → BLACK (+40)
2025-09-14 19:23:44 - [INFO] -      Dark edges (100.0%) support BLACK (+30)
2025-09-14 19:23:44 - [INFO] -      Dark image (0.0 < 80) supports BLACK (+10)
2025-09-14 19:23:44 - [INFO] - 
  FINAL DECISION:
2025-09-14 19:23:44 - [INFO] -    Background Type: BLACK
2025-09-14 19:23:44 - [INFO] -    Confidence: 80%
2025-09-14 19:23:44 - [INFO] -    Reasoning: 3 factors analyzed
2025-09-14 19:23:44 - [INFO] - 📊 RESULT: {'background_type': 'black', 'confidence': 80, 'background_pixels': 16384, 'object_pixels': 0, 'background_percentage': 100.0, 'total_pixels': 16384, 'debug_info': {'corner_mean': 0.0, 'edge_mean': 0.0, 'image_mean': 0.0, 'dark_edge_ratio': 1.0, 'bright_edge_ratio': 0.0, 'decision_factors': ['  Dark corners (0.0 < 50) → BLACK (+40)', '  Dark edges (100.0%) support BLACK (+30)', '  Dark image (0.0 < 80) supports BLACK (+10)']}}
2025-09-14 19:23:44 - [INFO] -   === END BACKGROUND ANALYSIS ===

2025-09-14 19:23:44 - [INFO] - 
  === BACKGROUND ANALYSIS DEBUG ===
2025-09-14 19:23:44 - [INFO] - Frame shape: (128, 128)
2025-09-14 19:23:44 - [INFO] - Frame dtype: uint16
2025-09-14 19:23:44 - [INFO] - Frame range: 0 to 0
2025-09-14 19:23:44 - [INFO] - 🔄 Normalized to uint8: 0 to 0
2025-09-14 19:23:44 - [INFO] - 📐 Image dimensions: 128x128 (16,384 pixels)
2025-09-14 19:23:44 - [INFO] - 🏠 Corner analysis with size: 16x16
2025-09-14 19:23:44 - [INFO] - 🏠 Corner means: [0.0, 0.0, 0.0, 0.0]
2025-09-14 19:23:44 - [INFO] - 🏠 Overall corner mean: 0.0
2025-09-14 19:23:44 - [INFO] - 🔲 Edge analysis:
2025-09-14 19:23:44 - [INFO] -    Edge mean: 0.0
2025-09-14 19:23:44 - [INFO] -    Dark edges (<50): 512/512 (100.0%)
2025-09-14 19:23:44 - [INFO] -    Bright edges (>200): 0/512 (0.0%)
2025-09-14 19:23:44 - [INFO] - 📊 Overall statistics:
2025-09-14 19:23:44 - [INFO] -    Image mean: 0.0
2025-09-14 19:23:44 - [INFO] -    Dark pixels (<50): 16,384 (100.0%)
2025-09-14 19:23:44 - [INFO] -    Bright pixels (>200): 0 (0.0%)
2025-09-14 19:23:44 - [INFO] -    Mid-range pixels: 0 (0.0%)
2025-09-14 19:23:44 - [INFO] - 📈 Histogram analysis:
2025-09-14 19:23:44 - [INFO] -    Found 0 peaks: []
2025-09-14 19:23:44 - [INFO] - 
  DECISION PROCESS:
2025-09-14 19:23:44 - [INFO] - 
📋 DECISION FACTORS:
2025-09-14 19:23:44 - [INFO] -      Dark corners (0.0 < 50) → BLACK (+40)
2025-09-14 19:23:44 - [INFO] -      Dark edges (100.0%) support BLACK (+30)
2025-09-14 19:23:44 - [INFO] -      Dark image (0.0 < 80) supports BLACK (+10)
2025-09-14 19:23:44 - [INFO] - 
  FINAL DECISION:
2025-09-14 19:23:44 - [INFO] -    Background Type: BLACK
2025-09-14 19:23:44 - [INFO] -    Confidence: 80%
2025-09-14 19:23:44 - [INFO] -    Reasoning: 3 factors analyzed
2025-09-14 19:23:44 - [INFO] - 📊 RESULT: {'background_type': 'black', 'confidence': 80, 'background_pixels': 16384, 'object_pixels': 0, 'background_percentage': 100.0, 'total_pixels': 16384, 'debug_info': {'corner_mean': 0.0, 'edge_mean': 0.0, 'image_mean': 0.0, 'dark_edge_ratio': 1.0, 'bright_edge_ratio': 0.0, 'decision_factors': ['  Dark corners (0.0 < 50) → BLACK (+40)', '  Dark edges (100.0%) support BLACK (+30)', '  Dark image (0.0 < 80) supports BLACK (+10)']}}
2025-09-14 19:23:44 - [INFO] -   === END BACKGROUND ANALYSIS ===

2025-09-14 19:23:44 - [INFO] - 
  === BACKGROUND ANALYSIS DEBUG ===
2025-09-14 19:23:44 - [INFO] - Frame shape: (128, 128)
2025-09-14 19:23:44 - [INFO] - Frame dtype: uint16
2025-09-14 19:23:44 - [INFO] - Frame range: 0 to 0
2025-09-14 19:23:44 - [INFO] - 🔄 Normalized to uint8: 0 to 0
2025-09-14 19:23:44 - [INFO] - 📐 Image dimensions: 128x128 (16,384 pixels)
2025-09-14 19:23:44 - [INFO] - 🏠 Corner analysis with size: 16x16
2025-09-14 19:23:44 - [INFO] - 🏠 Corner means: [0.0, 0.0, 0.0, 0.0]
2025-09-14 19:23:44 - [INFO] - 🏠 Overall corner mean: 0.0
2025-09-14 19:23:44 - [INFO] - 🔲 Edge analysis:
2025-09-14 19:23:44 - [INFO] -    Edge mean: 0.0
2025-09-14 19:23:44 - [INFO] -    Dark edges (<50): 512/512 (100.0%)
2025-09-14 19:23:44 - [INFO] -    Bright edges (>200): 0/512 (0.0%)
2025-09-14 19:23:44 - [INFO] - 📊 Overall statistics:
2025-09-14 19:23:44 - [INFO] -    Image mean: 0.0
2025-09-14 19:23:44 - [INFO] -    Dark pixels (<50): 16,384 (100.0%)
2025-09-14 19:23:44 - [INFO] -    Bright pixels (>200): 0 (0.0%)
2025-09-14 19:23:44 - [INFO] -    Mid-range pixels: 0 (0.0%)
2025-09-14 19:23:44 - [INFO] - 📈 Histogram analysis:
2025-09-14 19:23:44 - [INFO] -    Found 0 peaks: []
2025-09-14 19:23:44 - [INFO] - 
  DECISION PROCESS:
2025-09-14 19:23:44 - [INFO] - 
📋 DECISION FACTORS:
2025-09-14 19:23:44 - [INFO] -      Dark corners (0.0 < 50) → BLACK (+40)
2025-09-14 19:23:44 - [INFO] -      Dark edges (100.0%) support BLACK (+30)
2025-09-14 19:23:44 - [INFO] -      Dark image (0.0 < 80) supports BLACK (+10)
2025-09-14 19:23:44 - [INFO] - 
  FINAL DECISION:
2025-09-14 19:23:44 - [INFO] -    Background Type: BLACK
2025-09-14 19:23:44 - [INFO] -    Confidence: 80%
2025-09-14 19:23:44 - [INFO] -    Reasoning: 3 factors analyzed
2025-09-14 19:23:44 - [INFO] - 📊 RESULT: {'background_type': 'black', 'confidence': 80, 'background_pixels': 16384, 'object_pixels': 0, 'background_percentage': 100.0, 'total_pixels': 16384, 'debug_info': {'corner_mean': 0.0, 'edge_mean': 0.0, 'image_mean': 0.0, 'dark_edge_ratio': 1.0, 'bright_edge_ratio': 0.0, 'decision_factors': ['  Dark corners (0.0 < 50) → BLACK (+40)', '  Dark edges (100.0%) support BLACK (+30)', '  Dark image (0.0 < 80) supports BLACK (+10)']}}
2025-09-14 19:23:44 - [INFO] -   === END BACKGROUND ANALYSIS ===

2025-09-14 19:23:44 - [INFO] - 
  === BACKGROUND ANALYSIS DEBUG ===
2025-09-14 19:23:44 - [INFO] - Frame shape: (128, 128)
2025-09-14 19:23:44 - [INFO] - Frame dtype: uint16
2025-09-14 19:23:44 - [INFO] - Frame range: 0 to 0
2025-09-14 19:23:44 - [INFO] - 🔄 Normalized to uint8: 0 to 0
2025-09-14 19:23:44 - [INFO] - 📐 Image dimensions: 128x128 (16,384 pixels)
2025-09-14 19:23:44 - [INFO] - 🏠 Corner analysis with size: 16x16
2025-09-14 19:23:44 - [INFO] - 🏠 Corner means: [0.0, 0.0, 0.0, 0.0]
2025-09-14 19:23:44 - [INFO] - 🏠 Overall corner mean: 0.0
2025-09-14 19:23:44 - [INFO] - 🔲 Edge analysis:
2025-09-14 19:23:44 - [INFO] -    Edge mean: 0.0
2025-09-14 19:23:44 - [INFO] -    Dark edges (<50): 512/512 (100.0%)
2025-09-14 19:23:44 - [INFO] -    Bright edges (>200): 0/512 (0.0%)
2025-09-14 19:23:44 - [INFO] - 📊 Overall statistics:
2025-09-14 19:23:44 - [INFO] -    Image mean: 0.0
2025-09-14 19:23:44 - [INFO] -    Dark pixels (<50): 16,384 (100.0%)
2025-09-14 19:23:44 - [INFO] -    Bright pixels (>200): 0 (0.0%)
2025-09-14 19:23:44 - [INFO] -    Mid-range pixels: 0 (0.0%)
2025-09-14 19:23:44 - [INFO] - 📈 Histogram analysis:
2025-09-14 19:23:44 - [INFO] -    Found 0 peaks: []
2025-09-14 19:23:44 - [INFO] - 
  DECISION PROCESS:
2025-09-14 19:23:44 - [INFO] - 
📋 DECISION FACTORS:
2025-09-14 19:23:44 - [INFO] -      Dark corners (0.0 < 50) → BLACK (+40)
2025-09-14 19:23:44 - [INFO] -      Dark edges (100.0%) support BLACK (+30)
2025-09-14 19:23:44 - [INFO] -      Dark image (0.0 < 80) supports BLACK (+10)
2025-09-14 19:23:44 - [INFO] - 
  FINAL DECISION:
2025-09-14 19:23:44 - [INFO] -    Background Type: BLACK
2025-09-14 19:23:44 - [INFO] -    Confidence: 80%
2025-09-14 19:23:44 - [INFO] -    Reasoning: 3 factors analyzed
2025-09-14 19:23:44 - [INFO] - 📊 RESULT: {'background_type': 'black', 'confidence': 80, 'background_pixels': 16384, 'object_pixels': 0, 'background_percentage': 100.0, 'total_pixels': 16384, 'debug_info': {'corner_mean': 0.0, 'edge_mean': 0.0, 'image_mean': 0.0, 'dark_edge_ratio': 1.0, 'bright_edge_ratio': 0.0, 'decision_factors': ['  Dark corners (0.0 < 50) → BLACK (+40)', '  Dark edges (100.0%) support BLACK (+30)', '  Dark image (0.0 < 80) supports BLACK (+10)']}}
2025-09-14 19:23:44 - [INFO] -   === END BACKGROUND ANALYSIS ===

2025-09-14 19:23:44 - [INFO] - 
  === BACKGROUND ANALYSIS DEBUG ===
2025-09-14 19:23:44 - [INFO] - Frame shape: (128, 128)
2025-09-14 19:23:44 - [INFO] - Frame dtype: uint16
2025-09-14 19:23:44 - [INFO] - Frame range: 0 to 0
2025-09-14 19:23:44 - [INFO] - 🔄 Normalized to uint8: 0 to 0
2025-09-14 19:23:44 - [INFO] - 📐 Image dimensions: 128x128 (16,384 pixels)
2025-09-14 19:23:44 - [INFO] - 🏠 Corner analysis with size: 16x16
2025-09-14 19:23:44 - [INFO] - 🏠 Corner means: [0.0, 0.0, 0.0, 0.0]
2025-09-14 19:23:44 - [INFO] - 🏠 Overall corner mean: 0.0
2025-09-14 19:23:44 - [INFO] - 🔲 Edge analysis:
2025-09-14 19:23:44 - [INFO] -    Edge mean: 0.0
2025-09-14 19:23:44 - [INFO] -    Dark edges (<50): 512/512 (100.0%)
2025-09-14 19:23:44 - [INFO] -    Bright edges (>200): 0/512 (0.0%)
2025-09-14 19:23:44 - [INFO] - 📊 Overall statistics:
2025-09-14 19:23:44 - [INFO] -    Image mean: 0.0
2025-09-14 19:23:44 - [INFO] -    Dark pixels (<50): 16,384 (100.0%)
2025-09-14 19:23:44 - [INFO] -    Bright pixels (>200): 0 (0.0%)
2025-09-14 19:23:44 - [INFO] -    Mid-range pixels: 0 (0.0%)
2025-09-14 19:23:44 - [INFO] - 📈 Histogram analysis:
2025-09-14 19:23:44 - [INFO] -    Found 0 peaks: []
2025-09-14 19:23:44 - [INFO] - 
  DECISION PROCESS:
2025-09-14 19:23:44 - [INFO] - 
📋 DECISION FACTORS:
2025-09-14 19:23:44 - [INFO] -      Dark corners (0.0 < 50) → BLACK (+40)
2025-09-14 19:23:44 - [INFO] -      Dark edges (100.0%) support BLACK (+30)
2025-09-14 19:23:44 - [INFO] -      Dark image (0.0 < 80) supports BLACK (+10)
2025-09-14 19:23:44 - [INFO] - 
  FINAL DECISION:
2025-09-14 19:23:44 - [INFO] -    Background Type: BLACK
2025-09-14 19:23:44 - [INFO] -    Confidence: 80%
2025-09-14 19:23:44 - [INFO] -    Reasoning: 3 factors analyzed
2025-09-14 19:23:44 - [INFO] - 📊 RESULT: {'background_type': 'black', 'confidence': 80, 'background_pixels': 16384, 'object_pixels': 0, 'background_percentage': 100.0, 'total_pixels': 16384, 'debug_info': {'corner_mean': 0.0, 'edge_mean': 0.0, 'image_mean': 0.0, 'dark_edge_ratio': 1.0, 'bright_edge_ratio': 0.0, 'decision_factors': ['  Dark corners (0.0 < 50) → BLACK (+40)', '  Dark edges (100.0%) support BLACK (+30)', '  Dark image (0.0 < 80) supports BLACK (+10)']}}
2025-09-14 19:23:44 - [INFO] -   === END BACKGROUND ANALYSIS ===

2025-09-14 19:23:44 - [INFO] - 
  === BACKGROUND ANALYSIS DEBUG ===
2025-09-14 19:23:44 - [INFO] - Frame shape: (128, 128)
2025-09-14 19:23:44 - [INFO] - Frame dtype: uint16
2025-09-14 19:23:44 - [INFO] - Frame range: 0 to 0
2025-09-14 19:23:44 - [INFO] - 🔄 Normalized to uint8: 0 to 0
2025-09-14 19:23:44 - [INFO] - 📐 Image dimensions: 128x128 (16,384 pixels)
2025-09-14 19:23:44 - [INFO] - 🏠 Corner analysis with size: 16x16
2025-09-14 19:23:44 - [INFO] - 🏠 Corner means: [0.0, 0.0, 0.0, 0.0]
2025-09-14 19:23:44 - [INFO] - 🏠 Overall corner mean: 0.0
2025-09-14 19:23:44 - [INFO] - 🔲 Edge analysis:
2025-09-14 19:23:44 - [INFO] -    Edge mean: 0.0
2025-09-14 19:23:44 - [INFO] -    Dark edges (<50): 512/512 (100.0%)
2025-09-14 19:23:44 - [INFO] -    Bright edges (>200): 0/512 (0.0%)
2025-09-14 19:23:44 - [INFO] - 📊 Overall statistics:
2025-09-14 19:23:44 - [INFO] -    Image mean: 0.0
2025-09-14 19:23:44 - [INFO] -    Dark pixels (<50): 16,384 (100.0%)
2025-09-14 19:23:44 - [INFO] -    Bright pixels (>200): 0 (0.0%)
2025-09-14 19:23:44 - [INFO] -    Mid-range pixels: 0 (0.0%)
2025-09-14 19:23:44 - [INFO] - 📈 Histogram analysis:
2025-09-14 19:23:44 - [INFO] -    Found 0 peaks: []
2025-09-14 19:23:44 - [INFO] - 
  DECISION PROCESS:
2025-09-14 19:23:44 - [INFO] - 
📋 DECISION FACTORS:
2025-09-14 19:23:44 - [INFO] -      Dark corners (0.0 < 50) → BLACK (+40)
2025-09-14 19:23:44 - [INFO] -      Dark edges (100.0%) support BLACK (+30)
2025-09-14 19:23:44 - [INFO] -      Dark image (0.0 < 80) supports BLACK (+10)
2025-09-14 19:23:44 - [INFO] - 
  FINAL DECISION:
2025-09-14 19:23:44 - [INFO] -    Background Type: BLACK
2025-09-14 19:23:44 - [INFO] -    Confidence: 80%
2025-09-14 19:23:44 - [INFO] -    Reasoning: 3 factors analyzed
2025-09-14 19:23:44 - [INFO] - 📊 RESULT: {'background_type': 'black', 'confidence': 80, 'background_pixels': 16384, 'object_pixels': 0, 'background_percentage': 100.0, 'total_pixels': 16384, 'debug_info': {'corner_mean': 0.0, 'edge_mean': 0.0, 'image_mean': 0.0, 'dark_edge_ratio': 1.0, 'bright_edge_ratio': 0.0, 'decision_factors': ['  Dark corners (0.0 < 50) → BLACK (+40)', '  Dark edges (100.0%) support BLACK (+30)', '  Dark image (0.0 < 80) supports BLACK (+10)']}}
2025-09-14 19:23:44 - [INFO] -   === END BACKGROUND ANALYSIS ===

2025-09-14 19:23:44 - [INFO] - 
  === BACKGROUND ANALYSIS DEBUG ===
2025-09-14 19:23:44 - [INFO] - Frame shape: (128, 128)
2025-09-14 19:23:44 - [INFO] - Frame dtype: uint16
2025-09-14 19:23:44 - [INFO] - Frame range: 0 to 0
2025-09-14 19:23:44 - [INFO] - 🔄 Normalized to uint8: 0 to 0
2025-09-14 19:23:44 - [INFO] - 📐 Image dimensions: 128x128 (16,384 pixels)
2025-09-14 19:23:44 - [INFO] - 🏠 Corner analysis with size: 16x16
2025-09-14 19:23:44 - [INFO] - 🏠 Corner means: [0.0, 0.0, 0.0, 0.0]
2025-09-14 19:23:44 - [INFO] - 🏠 Overall corner mean: 0.0
2025-09-14 19:23:44 - [INFO] - 🔲 Edge analysis:
2025-09-14 19:23:44 - [INFO] -    Edge mean: 0.0
2025-09-14 19:23:44 - [INFO] -    Dark edges (<50): 512/512 (100.0%)
2025-09-14 19:23:44 - [INFO] -    Bright edges (>200): 0/512 (0.0%)
2025-09-14 19:23:44 - [INFO] - 📊 Overall statistics:
2025-09-14 19:23:44 - [INFO] -    Image mean: 0.0
2025-09-14 19:23:44 - [INFO] -    Dark pixels (<50): 16,384 (100.0%)
2025-09-14 19:23:44 - [INFO] -    Bright pixels (>200): 0 (0.0%)
2025-09-14 19:23:44 - [INFO] -    Mid-range pixels: 0 (0.0%)
2025-09-14 19:23:44 - [INFO] - 📈 Histogram analysis:
2025-09-14 19:23:44 - [INFO] -    Found 0 peaks: []
2025-09-14 19:23:44 - [INFO] - 
  DECISION PROCESS:
2025-09-14 19:23:44 - [INFO] - 
📋 DECISION FACTORS:
2025-09-14 19:23:44 - [INFO] -      Dark corners (0.0 < 50) → BLACK (+40)
2025-09-14 19:23:44 - [INFO] -      Dark edges (100.0%) support BLACK (+30)
2025-09-14 19:23:44 - [INFO] -      Dark image (0.0 < 80) supports BLACK (+10)
2025-09-14 19:23:44 - [INFO] - 
  FINAL DECISION:
2025-09-14 19:23:44 - [INFO] -    Background Type: BLACK
2025-09-14 19:23:44 - [INFO] -    Confidence: 80%
2025-09-14 19:23:44 - [INFO] -    Reasoning: 3 factors analyzed
2025-09-14 19:23:44 - [INFO] - 📊 RESULT: {'background_type': 'black', 'confidence': 80, 'background_pixels': 16384, 'object_pixels': 0, 'background_percentage': 100.0, 'total_pixels': 16384, 'debug_info': {'corner_mean': 0.0, 'edge_mean': 0.0, 'image_mean': 0.0, 'dark_edge_ratio': 1.0, 'bright_edge_ratio': 0.0, 'decision_factors': ['  Dark corners (0.0 < 50) → BLACK (+40)', '  Dark edges (100.0%) support BLACK (+30)', '  Dark image (0.0 < 80) supports BLACK (+10)']}}
2025-09-14 19:23:44 - [INFO] -   === END BACKGROUND ANALYSIS ===

2025-09-14 19:23:44 - [INFO] - 
  === BACKGROUND ANALYSIS DEBUG ===
2025-09-14 19:23:44 - [INFO] - Frame shape: (128, 128)
2025-09-14 19:23:44 - [INFO] - Frame dtype: uint16
2025-09-14 19:23:44 - [INFO] - Frame range: 0 to 0
2025-09-14 19:23:44 - [INFO] - 🔄 Normalized to uint8: 0 to 0
2025-09-14 19:23:44 - [INFO] - 📐 Image dimensions: 128x128 (16,384 pixels)
2025-09-14 19:23:44 - [INFO] - 🏠 Corner analysis with size: 16x16
2025-09-14 19:23:44 - [INFO] - 🏠 Corner means: [0.0, 0.0, 0.0, 0.0]
2025-09-14 19:23:44 - [INFO] - 🏠 Overall corner mean: 0.0
2025-09-14 19:23:44 - [INFO] - 🔲 Edge analysis:
2025-09-14 19:23:44 - [INFO] -    Edge mean: 0.0
2025-09-14 19:23:44 - [INFO] -    Dark edges (<50): 512/512 (100.0%)
2025-09-14 19:23:44 - [INFO] -    Bright edges (>200): 0/512 (0.0%)
2025-09-14 19:23:44 - [INFO] - 📊 Overall statistics:
2025-09-14 19:23:44 - [INFO] -    Image mean: 0.0
2025-09-14 19:23:44 - [INFO] -    Dark pixels (<50): 16,384 (100.0%)
2025-09-14 19:23:44 - [INFO] -    Bright pixels (>200): 0 (0.0%)
2025-09-14 19:23:44 - [INFO] -    Mid-range pixels: 0 (0.0%)
2025-09-14 19:23:44 - [INFO] - 📈 Histogram analysis:
2025-09-14 19:23:44 - [INFO] -    Found 0 peaks: []
2025-09-14 19:23:44 - [INFO] - 
  DECISION PROCESS:
2025-09-14 19:23:44 - [INFO] - 
📋 DECISION FACTORS:
2025-09-14 19:23:44 - [INFO] -      Dark corners (0.0 < 50) → BLACK (+40)
2025-09-14 19:23:44 - [INFO] -      Dark edges (100.0%) support BLACK (+30)
2025-09-14 19:23:44 - [INFO] -      Dark image (0.0 < 80) supports BLACK (+10)
2025-09-14 19:23:44 - [INFO] - 
  FINAL DECISION:
2025-09-14 19:23:44 - [INFO] -    Background Type: BLACK
2025-09-14 19:23:44 - [INFO] -    Confidence: 80%
2025-09-14 19:23:44 - [INFO] -    Reasoning: 3 factors analyzed
2025-09-14 19:23:44 - [INFO] - 📊 RESULT: {'background_type': 'black', 'confidence': 80, 'background_pixels': 16384, 'object_pixels': 0, 'background_percentage': 100.0, 'total_pixels': 16384, 'debug_info': {'corner_mean': 0.0, 'edge_mean': 0.0, 'image_mean': 0.0, 'dark_edge_ratio': 1.0, 'bright_edge_ratio': 0.0, 'decision_factors': ['  Dark corners (0.0 < 50) → BLACK (+40)', '  Dark edges (100.0%) support BLACK (+30)', '  Dark image (0.0 < 80) supports BLACK (+10)']}}
2025-09-14 19:23:44 - [INFO] -   === END BACKGROUND ANALYSIS ===

2025-09-14 19:23:44 - [INFO] - 
  === BACKGROUND ANALYSIS DEBUG ===
2025-09-14 19:23:44 - [INFO] - Frame shape: (128, 128)
2025-09-14 19:23:44 - [INFO] - Frame dtype: uint16
2025-09-14 19:23:44 - [INFO] - Frame range: 0 to 0
2025-09-14 19:23:44 - [INFO] - 🔄 Normalized to uint8: 0 to 0
2025-09-14 19:23:44 - [INFO] - 📐 Image dimensions: 128x128 (16,384 pixels)
2025-09-14 19:23:44 - [INFO] - 🏠 Corner analysis with size: 16x16
2025-09-14 19:23:44 - [INFO] - 🏠 Corner means: [0.0, 0.0, 0.0, 0.0]
2025-09-14 19:23:44 - [INFO] - 🏠 Overall corner mean: 0.0
2025-09-14 19:23:44 - [INFO] - 🔲 Edge analysis:
2025-09-14 19:23:44 - [INFO] -    Edge mean: 0.0
2025-09-14 19:23:44 - [INFO] -    Dark edges (<50): 512/512 (100.0%)
2025-09-14 19:23:44 - [INFO] -    Bright edges (>200): 0/512 (0.0%)
2025-09-14 19:23:44 - [INFO] - 📊 Overall statistics:
2025-09-14 19:23:44 - [INFO] -    Image mean: 0.0
2025-09-14 19:23:44 - [INFO] -    Dark pixels (<50): 16,384 (100.0%)
2025-09-14 19:23:44 - [INFO] -    Bright pixels (>200): 0 (0.0%)
2025-09-14 19:23:44 - [INFO] -    Mid-range pixels: 0 (0.0%)
2025-09-14 19:23:44 - [INFO] - 📈 Histogram analysis:
2025-09-14 19:23:44 - [INFO] -    Found 0 peaks: []
2025-09-14 19:23:44 - [INFO] - 
  DECISION PROCESS:
2025-09-14 19:23:44 - [INFO] - 
📋 DECISION FACTORS:
2025-09-14 19:23:44 - [INFO] -      Dark corners (0.0 < 50) → BLACK (+40)
2025-09-14 19:23:44 - [INFO] -      Dark edges (100.0%) support BLACK (+30)
2025-09-14 19:23:44 - [INFO] -      Dark image (0.0 < 80) supports BLACK (+10)
2025-09-14 19:23:44 - [INFO] - 
  FINAL DECISION:
2025-09-14 19:23:44 - [INFO] -    Background Type: BLACK
2025-09-14 19:23:44 - [INFO] -    Confidence: 80%
2025-09-14 19:23:44 - [INFO] -    Reasoning: 3 factors analyzed
2025-09-14 19:23:44 - [INFO] - 📊 RESULT: {'background_type': 'black', 'confidence': 80, 'background_pixels': 16384, 'object_pixels': 0, 'background_percentage': 100.0, 'total_pixels': 16384, 'debug_info': {'corner_mean': 0.0, 'edge_mean': 0.0, 'image_mean': 0.0, 'dark_edge_ratio': 1.0, 'bright_edge_ratio': 0.0, 'decision_factors': ['  Dark corners (0.0 < 50) → BLACK (+40)', '  Dark edges (100.0%) support BLACK (+30)', '  Dark image (0.0 < 80) supports BLACK (+10)']}}
2025-09-14 19:23:44 - [INFO] -   === END BACKGROUND ANALYSIS ===

2025-09-14 19:23:44 - [INFO] - 
  === BACKGROUND ANALYSIS DEBUG ===
2025-09-14 19:23:44 - [INFO] - Frame shape: (128, 128)
2025-09-14 19:23:44 - [INFO] - Frame dtype: uint16
2025-09-14 19:23:44 - [INFO] - Frame range: 0 to 0
2025-09-14 19:23:44 - [INFO] - 🔄 Normalized to uint8: 0 to 0
2025-09-14 19:23:44 - [INFO] - 📐 Image dimensions: 128x128 (16,384 pixels)
2025-09-14 19:23:44 - [INFO] - 🏠 Corner analysis with size: 16x16
2025-09-14 19:23:44 - [INFO] - 🏠 Corner means: [0.0, 0.0, 0.0, 0.0]
2025-09-14 19:23:44 - [INFO] - 🏠 Overall corner mean: 0.0
2025-09-14 19:23:44 - [INFO] - 🔲 Edge analysis:
2025-09-14 19:23:44 - [INFO] -    Edge mean: 0.0
2025-09-14 19:23:44 - [INFO] -    Dark edges (<50): 512/512 (100.0%)
2025-09-14 19:23:44 - [INFO] -    Bright edges (>200): 0/512 (0.0%)
2025-09-14 19:23:44 - [INFO] - 📊 Overall statistics:
2025-09-14 19:23:44 - [INFO] -    Image mean: 0.0
2025-09-14 19:23:44 - [INFO] -    Dark pixels (<50): 16,384 (100.0%)
2025-09-14 19:23:44 - [INFO] -    Bright pixels (>200): 0 (0.0%)
2025-09-14 19:23:44 - [INFO] -    Mid-range pixels: 0 (0.0%)
2025-09-14 19:23:44 - [INFO] - 📈 Histogram analysis:
2025-09-14 19:23:44 - [INFO] -    Found 0 peaks: []
2025-09-14 19:23:44 - [INFO] - 
  DECISION PROCESS:
2025-09-14 19:23:44 - [INFO] - 
📋 DECISION FACTORS:
2025-09-14 19:23:44 - [INFO] -      Dark corners (0.0 < 50) → BLACK (+40)
2025-09-14 19:23:44 - [INFO] -      Dark edges (100.0%) support BLACK (+30)
2025-09-14 19:23:44 - [INFO] -      Dark image (0.0 < 80) supports BLACK (+10)
2025-09-14 19:23:44 - [INFO] - 
  FINAL DECISION:
2025-09-14 19:23:44 - [INFO] -    Background Type: BLACK
2025-09-14 19:23:44 - [INFO] -    Confidence: 80%
2025-09-14 19:23:44 - [INFO] -    Reasoning: 3 factors analyzed
2025-09-14 19:23:44 - [INFO] - 📊 RESULT: {'background_type': 'black', 'confidence': 80, 'background_pixels': 16384, 'object_pixels': 0, 'background_percentage': 100.0, 'total_pixels': 16384, 'debug_info': {'corner_mean': 0.0, 'edge_mean': 0.0, 'image_mean': 0.0, 'dark_edge_ratio': 1.0, 'bright_edge_ratio': 0.0, 'decision_factors': ['  Dark corners (0.0 < 50) → BLACK (+40)', '  Dark edges (100.0%) support BLACK (+30)', '  Dark image (0.0 < 80) supports BLACK (+10)']}}
2025-09-14 19:23:44 - [INFO] -   === END BACKGROUND ANALYSIS ===

2025-09-14 19:23:44 - [INFO] - 
  === BACKGROUND ANALYSIS DEBUG ===
2025-09-14 19:23:44 - [INFO] - Frame shape: (128, 128)
2025-09-14 19:23:44 - [INFO] - Frame dtype: uint16
2025-09-14 19:23:44 - [INFO] - Frame range: 0 to 0
2025-09-14 19:23:44 - [INFO] - 🔄 Normalized to uint8: 0 to 0
2025-09-14 19:23:44 - [INFO] - 📐 Image dimensions: 128x128 (16,384 pixels)
2025-09-14 19:23:44 - [INFO] - 🏠 Corner analysis with size: 16x16
2025-09-14 19:23:44 - [INFO] - 🏠 Corner means: [0.0, 0.0, 0.0, 0.0]
2025-09-14 19:23:44 - [INFO] - 🏠 Overall corner mean: 0.0
2025-09-14 19:23:44 - [INFO] - 🔲 Edge analysis:
2025-09-14 19:23:44 - [INFO] -    Edge mean: 0.0
2025-09-14 19:23:44 - [INFO] -    Dark edges (<50): 512/512 (100.0%)
2025-09-14 19:23:44 - [INFO] -    Bright edges (>200): 0/512 (0.0%)
2025-09-14 19:23:44 - [INFO] - 📊 Overall statistics:
2025-09-14 19:23:44 - [INFO] -    Image mean: 0.0
2025-09-14 19:23:44 - [INFO] -    Dark pixels (<50): 16,384 (100.0%)
2025-09-14 19:23:44 - [INFO] -    Bright pixels (>200): 0 (0.0%)
2025-09-14 19:23:44 - [INFO] -    Mid-range pixels: 0 (0.0%)
2025-09-14 19:23:44 - [INFO] - 📈 Histogram analysis:
2025-09-14 19:23:44 - [INFO] -    Found 0 peaks: []
2025-09-14 19:23:44 - [INFO] - 
  DECISION PROCESS:
2025-09-14 19:23:44 - [INFO] - 
📋 DECISION FACTORS:
2025-09-14 19:23:44 - [INFO] -      Dark corners (0.0 < 50) → BLACK (+40)
2025-09-14 19:23:44 - [INFO] -      Dark edges (100.0%) support BLACK (+30)
2025-09-14 19:23:44 - [INFO] -      Dark image (0.0 < 80) supports BLACK (+10)
2025-09-14 19:23:44 - [INFO] - 
  FINAL DECISION:
2025-09-14 19:23:44 - [INFO] -    Background Type: BLACK
2025-09-14 19:23:44 - [INFO] -    Confidence: 80%
2025-09-14 19:23:44 - [INFO] -    Reasoning: 3 factors analyzed
2025-09-14 19:23:44 - [INFO] - 📊 RESULT: {'background_type': 'black', 'confidence': 80, 'background_pixels': 16384, 'object_pixels': 0, 'background_percentage': 100.0, 'total_pixels': 16384, 'debug_info': {'corner_mean': 0.0, 'edge_mean': 0.0, 'image_mean': 0.0, 'dark_edge_ratio': 1.0, 'bright_edge_ratio': 0.0, 'decision_factors': ['  Dark corners (0.0 < 50) → BLACK (+40)', '  Dark edges (100.0%) support BLACK (+30)', '  Dark image (0.0 < 80) supports BLACK (+10)']}}
2025-09-14 19:23:44 - [INFO] -   === END BACKGROUND ANALYSIS ===

2025-09-14 19:23:44 - [INFO] - 
  === BACKGROUND ANALYSIS DEBUG ===
2025-09-14 19:23:44 - [INFO] - Frame shape: (128, 128)
2025-09-14 19:23:44 - [INFO] - Frame dtype: uint16
2025-09-14 19:23:44 - [INFO] - Frame range: 0 to 0
2025-09-14 19:23:44 - [INFO] - 🔄 Normalized to uint8: 0 to 0
2025-09-14 19:23:44 - [INFO] - 📐 Image dimensions: 128x128 (16,384 pixels)
2025-09-14 19:23:44 - [INFO] - 🏠 Corner analysis with size: 16x16
2025-09-14 19:23:44 - [INFO] - 🏠 Corner means: [0.0, 0.0, 0.0, 0.0]
2025-09-14 19:23:44 - [INFO] - 🏠 Overall corner mean: 0.0
2025-09-14 19:23:44 - [INFO] - 🔲 Edge analysis:
2025-09-14 19:23:44 - [INFO] -    Edge mean: 0.0
2025-09-14 19:23:44 - [INFO] -    Dark edges (<50): 512/512 (100.0%)
2025-09-14 19:23:44 - [INFO] -    Bright edges (>200): 0/512 (0.0%)
2025-09-14 19:23:44 - [INFO] - 📊 Overall statistics:
2025-09-14 19:23:44 - [INFO] -    Image mean: 0.0
2025-09-14 19:23:44 - [INFO] -    Dark pixels (<50): 16,384 (100.0%)
2025-09-14 19:23:44 - [INFO] -    Bright pixels (>200): 0 (0.0%)
2025-09-14 19:23:44 - [INFO] -    Mid-range pixels: 0 (0.0%)
2025-09-14 19:23:44 - [INFO] - 📈 Histogram analysis:
2025-09-14 19:23:44 - [INFO] -    Found 0 peaks: []
2025-09-14 19:23:44 - [INFO] - 
  DECISION PROCESS:
2025-09-14 19:23:44 - [INFO] - 
📋 DECISION FACTORS:
2025-09-14 19:23:44 - [INFO] -      Dark corners (0.0 < 50) → BLACK (+40)
2025-09-14 19:23:44 - [INFO] -      Dark edges (100.0%) support BLACK (+30)
2025-09-14 19:23:44 - [INFO] -      Dark image (0.0 < 80) supports BLACK (+10)
2025-09-14 19:23:44 - [INFO] - 
  FINAL DECISION:
2025-09-14 19:23:44 - [INFO] -    Background Type: BLACK
2025-09-14 19:23:44 - [INFO] -    Confidence: 80%
2025-09-14 19:23:44 - [INFO] -    Reasoning: 3 factors analyzed
2025-09-14 19:23:44 - [INFO] - 📊 RESULT: {'background_type': 'black', 'confidence': 80, 'background_pixels': 16384, 'object_pixels': 0, 'background_percentage': 100.0, 'total_pixels': 16384, 'debug_info': {'corner_mean': 0.0, 'edge_mean': 0.0, 'image_mean': 0.0, 'dark_edge_ratio': 1.0, 'bright_edge_ratio': 0.0, 'decision_factors': ['  Dark corners (0.0 < 50) → BLACK (+40)', '  Dark edges (100.0%) support BLACK (+30)', '  Dark image (0.0 < 80) supports BLACK (+10)']}}
2025-09-14 19:23:44 - [INFO] -   === END BACKGROUND ANALYSIS ===

2025-09-14 19:23:44 - [INFO] - 
  === BACKGROUND ANALYSIS DEBUG ===
2025-09-14 19:23:44 - [INFO] - Frame shape: (128, 128)
2025-09-14 19:23:44 - [INFO] - Frame dtype: uint16
2025-09-14 19:23:44 - [INFO] - Frame range: 0 to 0
2025-09-14 19:23:44 - [INFO] - 🔄 Normalized to uint8: 0 to 0
2025-09-14 19:23:44 - [INFO] - 📐 Image dimensions: 128x128 (16,384 pixels)
2025-09-14 19:23:44 - [INFO] - 🏠 Corner analysis with size: 16x16
2025-09-14 19:23:44 - [INFO] - 🏠 Corner means: [0.0, 0.0, 0.0, 0.0]
2025-09-14 19:23:44 - [INFO] - 🏠 Overall corner mean: 0.0
2025-09-14 19:23:44 - [INFO] - 🔲 Edge analysis:
2025-09-14 19:23:44 - [INFO] -    Edge mean: 0.0
2025-09-14 19:23:44 - [INFO] -    Dark edges (<50): 512/512 (100.0%)
2025-09-14 19:23:44 - [INFO] -    Bright edges (>200): 0/512 (0.0%)
2025-09-14 19:23:44 - [INFO] - 📊 Overall statistics:
2025-09-14 19:23:44 - [INFO] -    Image mean: 0.0
2025-09-14 19:23:44 - [INFO] -    Dark pixels (<50): 16,384 (100.0%)
2025-09-14 19:23:44 - [INFO] -    Bright pixels (>200): 0 (0.0%)
2025-09-14 19:23:44 - [INFO] -    Mid-range pixels: 0 (0.0%)
2025-09-14 19:23:44 - [INFO] - 📈 Histogram analysis:
2025-09-14 19:23:44 - [INFO] -    Found 0 peaks: []
2025-09-14 19:23:44 - [INFO] - 
  DECISION PROCESS:
2025-09-14 19:23:44 - [INFO] - 
📋 DECISION FACTORS:
2025-09-14 19:23:44 - [INFO] -      Dark corners (0.0 < 50) → BLACK (+40)
2025-09-14 19:23:44 - [INFO] -      Dark edges (100.0%) support BLACK (+30)
2025-09-14 19:23:44 - [INFO] -      Dark image (0.0 < 80) supports BLACK (+10)
2025-09-14 19:23:44 - [INFO] - 
  FINAL DECISION:
2025-09-14 19:23:44 - [INFO] -    Background Type: BLACK
2025-09-14 19:23:44 - [INFO] -    Confidence: 80%
2025-09-14 19:23:44 - [INFO] -    Reasoning: 3 factors analyzed
2025-09-14 19:23:44 - [INFO] - 📊 RESULT: {'background_type': 'black', 'confidence': 80, 'background_pixels': 16384, 'object_pixels': 0, 'background_percentage': 100.0, 'total_pixels': 16384, 'debug_info': {'corner_mean': 0.0, 'edge_mean': 0.0, 'image_mean': 0.0, 'dark_edge_ratio': 1.0, 'bright_edge_ratio': 0.0, 'decision_factors': ['  Dark corners (0.0 < 50) → BLACK (+40)', '  Dark edges (100.0%) support BLACK (+30)', '  Dark image (0.0 < 80) supports BLACK (+10)']}}
2025-09-14 19:23:44 - [INFO] -   === END BACKGROUND ANALYSIS ===

2025-09-14 19:23:44 - [INFO] - 
  === BACKGROUND ANALYSIS DEBUG ===
2025-09-14 19:23:44 - [INFO] - Frame shape: (128, 128)
2025-09-14 19:23:44 - [INFO] - Frame dtype: uint16
2025-09-14 19:23:44 - [INFO] - Frame range: 0 to 0
2025-09-14 19:23:44 - [INFO] - 🔄 Normalized to uint8: 0 to 0
2025-09-14 19:23:44 - [INFO] - 📐 Image dimensions: 128x128 (16,384 pixels)
2025-09-14 19:23:44 - [INFO] - 🏠 Corner analysis with size: 16x16
2025-09-14 19:23:44 - [INFO] - 🏠 Corner means: [0.0, 0.0, 0.0, 0.0]
2025-09-14 19:23:44 - [INFO] - 🏠 Overall corner mean: 0.0
2025-09-14 19:23:44 - [INFO] - 🔲 Edge analysis:
2025-09-14 19:23:44 - [INFO] -    Edge mean: 0.0
2025-09-14 19:23:44 - [INFO] -    Dark edges (<50): 512/512 (100.0%)
2025-09-14 19:23:44 - [INFO] -    Bright edges (>200): 0/512 (0.0%)
2025-09-14 19:23:44 - [INFO] - 📊 Overall statistics:
2025-09-14 19:23:44 - [INFO] -    Image mean: 0.0
2025-09-14 19:23:44 - [INFO] -    Dark pixels (<50): 16,384 (100.0%)
2025-09-14 19:23:44 - [INFO] -    Bright pixels (>200): 0 (0.0%)
2025-09-14 19:23:44 - [INFO] -    Mid-range pixels: 0 (0.0%)
2025-09-14 19:23:44 - [INFO] - 📈 Histogram analysis:
2025-09-14 19:23:44 - [INFO] -    Found 0 peaks: []
2025-09-14 19:23:44 - [INFO] - 
  DECISION PROCESS:
2025-09-14 19:23:44 - [INFO] - 
📋 DECISION FACTORS:
2025-09-14 19:23:44 - [INFO] -      Dark corners (0.0 < 50) → BLACK (+40)
2025-09-14 19:23:44 - [INFO] -      Dark edges (100.0%) support BLACK (+30)
2025-09-14 19:23:44 - [INFO] -      Dark image (0.0 < 80) supports BLACK (+10)
2025-09-14 19:23:44 - [INFO] - 
  FINAL DECISION:
2025-09-14 19:23:44 - [INFO] -    Background Type: BLACK
2025-09-14 19:23:44 - [INFO] -    Confidence: 80%
2025-09-14 19:23:44 - [INFO] -    Reasoning: 3 factors analyzed
2025-09-14 19:23:44 - [INFO] - 📊 RESULT: {'background_type': 'black', 'confidence': 80, 'background_pixels': 16384, 'object_pixels': 0, 'background_percentage': 100.0, 'total_pixels': 16384, 'debug_info': {'corner_mean': 0.0, 'edge_mean': 0.0, 'image_mean': 0.0, 'dark_edge_ratio': 1.0, 'bright_edge_ratio': 0.0, 'decision_factors': ['  Dark corners (0.0 < 50) → BLACK (+40)', '  Dark edges (100.0%) support BLACK (+30)', '  Dark image (0.0 < 80) supports BLACK (+10)']}}
2025-09-14 19:23:44 - [INFO] -   === END BACKGROUND ANALYSIS ===

2025-09-14 19:23:44 - [INFO] - 
  === BACKGROUND ANALYSIS DEBUG ===
2025-09-14 19:23:44 - [INFO] - Frame shape: (128, 128)
2025-09-14 19:23:44 - [INFO] - Frame dtype: uint16
2025-09-14 19:23:44 - [INFO] - Frame range: 0 to 0
2025-09-14 19:23:44 - [INFO] - 🔄 Normalized to uint8: 0 to 0
2025-09-14 19:23:44 - [INFO] - 📐 Image dimensions: 128x128 (16,384 pixels)
2025-09-14 19:23:44 - [INFO] - 🏠 Corner analysis with size: 16x16
2025-09-14 19:23:44 - [INFO] - 🏠 Corner means: [0.0, 0.0, 0.0, 0.0]
2025-09-14 19:23:44 - [INFO] - 🏠 Overall corner mean: 0.0
2025-09-14 19:23:44 - [INFO] - 🔲 Edge analysis:
2025-09-14 19:23:44 - [INFO] -    Edge mean: 0.0
2025-09-14 19:23:44 - [INFO] -    Dark edges (<50): 512/512 (100.0%)
2025-09-14 19:23:44 - [INFO] -    Bright edges (>200): 0/512 (0.0%)
2025-09-14 19:23:44 - [INFO] - 📊 Overall statistics:
2025-09-14 19:23:44 - [INFO] -    Image mean: 0.0
2025-09-14 19:23:44 - [INFO] -    Dark pixels (<50): 16,384 (100.0%)
2025-09-14 19:23:44 - [INFO] -    Bright pixels (>200): 0 (0.0%)
2025-09-14 19:23:44 - [INFO] -    Mid-range pixels: 0 (0.0%)
2025-09-14 19:23:44 - [INFO] - 📈 Histogram analysis:
2025-09-14 19:23:44 - [INFO] -    Found 0 peaks: []
2025-09-14 19:23:44 - [INFO] - 
  DECISION PROCESS:
2025-09-14 19:23:44 - [INFO] - 
📋 DECISION FACTORS:
2025-09-14 19:23:44 - [INFO] -      Dark corners (0.0 < 50) → BLACK (+40)
2025-09-14 19:23:44 - [INFO] -      Dark edges (100.0%) support BLACK (+30)
2025-09-14 19:23:44 - [INFO] -      Dark image (0.0 < 80) supports BLACK (+10)
2025-09-14 19:23:44 - [INFO] - 
  FINAL DECISION:
2025-09-14 19:23:44 - [INFO] -    Background Type: BLACK
2025-09-14 19:23:44 - [INFO] -    Confidence: 80%
2025-09-14 19:23:44 - [INFO] -    Reasoning: 3 factors analyzed
2025-09-14 19:23:44 - [INFO] - 📊 RESULT: {'background_type': 'black', 'confidence': 80, 'background_pixels': 16384, 'object_pixels': 0, 'background_percentage': 100.0, 'total_pixels': 16384, 'debug_info': {'corner_mean': 0.0, 'edge_mean': 0.0, 'image_mean': 0.0, 'dark_edge_ratio': 1.0, 'bright_edge_ratio': 0.0, 'decision_factors': ['  Dark corners (0.0 < 50) → BLACK (+40)', '  Dark edges (100.0%) support BLACK (+30)', '  Dark image (0.0 < 80) supports BLACK (+10)']}}
2025-09-14 19:23:44 - [INFO] -   === END BACKGROUND ANALYSIS ===

2025-09-14 19:28:02 - [INFO] -   DEBUG: Dialog finished, cleaning up...
2025-09-14 19:28:02 - [INFO] -   DEBUG: View dialog result: 0
2025-09-14 19:28:02 - [INFO] -  View configuration cancelled
2025-09-14 19:28:04 - [INFO] - [DEBUG] Application exited with code: 0
2025-09-14 19:28:04 - [INFO] - Aplikasi terminated normally
