2025-09-14 20:22:12 - [INFO] - Logger berhasil dikonfigurasi. Memulai aplikasi...
2025-09-14 20:22:12 - [INFO] - Running in development mode
2025-09-14 20:22:12 - [INFO] - [DEBUG] Starting TELPLASTINA...
2025-09-14 20:22:12 - [INFO] - [UI] Application icon loaded: assets\icon.ico
2025-09-14 20:22:12 - [INFO] - [UI] Poppins font applied
2025-09-14 20:22:12 - [INFO] - [DEBUG] TELPLASTINA application created and configured
2025-09-14 20:22:12 - [INFO] - [DEBUG] Starting session with 100ms delay...
2025-09-14 20:22:12 - [INFO] - [DEBUG] === Starting new session ===
2025-09-14 20:22:12 - [INFO] - [DEBUG] Development mode - creating dialog immediately
2025-09-14 20:22:12 - [INFO] - [DEBUG] Creating doctor selection dialog (attempt 1/3)...
2025-09-14 20:22:13 - [INFO] - [PATHS] Found YOLO model at: C:\hotspot\hotspot-analyzer\models\hotspot_detection\models\model_detection_hs_yolov8.pt
2025-09-14 20:22:13 - [INFO] - [DEBUG] Dialog class imported successfully
2025-09-14 20:22:13 - [INFO] - [DEBUG] Dialog instance created successfully
2025-09-14 20:22:13 - [INFO] - [DEBUG] Dialog window properties set
2025-09-14 20:22:13 - [INFO] - [DEBUG] Showing dialog to user...
2025-09-14 20:22:13 - [INFO] - [DEBUG] Dialog shown successfully
2025-09-14 20:22:13 - [INFO] - [DEBUG] Waiting for user input...
2025-09-14 20:22:17 - [INFO] - [SESSION] Created session: ATL_Planar_20250914_202217
2025-09-14 20:22:17 - [INFO] - [SESSION] Created: ATL_Planar_20250914_202217
2025-09-14 20:22:17 - [INFO] - [DEBUG] Dialog execution completed with result: 1
2025-09-14 20:22:17 - [INFO] - [DEBUG] Quick close detected: False
2025-09-14 20:22:17 - [INFO] - [DEBUG] Session selected - Code: ATL, Modality: Planar
2025-09-14 20:22:17 - [INFO] - [DEBUG] Data directory confirmed: data
2025-09-14 20:22:17 - [INFO] - [DEBUG] Starting PLANAR session with code: ATL
2025-09-14 20:22:17 - [INFO] - [DEBUG] Creating main window for session: ATL
2025-09-14 20:22:21 - [INFO] - [YOLO] Module loaded - model will be loaded on-demand
2025-09-14 20:22:21 - [INFO] - [DEBUG] session_code in MainWindow = ATL
2025-09-14 20:22:21 - [INFO] - [DEBUG] Timeline keyboard shortcuts enabled: Ctrl+/- for zoom, Ctrl+0 for reset
2025-09-14 20:22:21 - [INFO] - [DEBUG] Connecting invert checkbox...
2025-09-14 20:22:21 - [INFO] - [DEBUG] Testing checkbox connection...
2025-09-14 20:22:21 - [INFO] - [DEBUG] Timeline widget exists: True
2025-09-14 20:22:21 - [INFO] - [DEBUG] Timeline widget type: <class 'features.spect_viewer.gui.scan_timeline.ScanTimelineWidget'>
2025-09-14 20:22:21 - [INFO] - [DEBUG] Invert checkbox created and connected
2025-09-14 20:22:21 - [INFO] - [MainWindow]   Global keyboard shortcuts setup complete
2025-09-14 20:22:21 - [INFO] - [MainWindow] Syncing view 'Anterior' across all components
2025-09-14 20:22:21 - [INFO] - [DEBUG] set_active_view called with 'Anterior', but is now ignored.
2025-09-14 20:22:21 - [INFO] - [MainWindow]   View sync completed
2025-09-14 20:22:21 - [INFO] - [MainWindow]   Complete integration initialization finished
2025-09-14 20:22:21 - [INFO] - [DEBUG] Starting folder scan for session: ATL
2025-09-14 20:22:21 - [INFO] - Ditemukan 37 file DICOM di 'C:\hotspot\hotspot-analyzer\data\PLANAR'
2025-09-14 20:22:22 - [INFO] - Ditemukan 3 session, 29 pasien (total 37 file DICOM).
2025-09-14 20:22:22 - [INFO] -     ALL: 2 pasien, 2 file
2025-09-14 20:22:22 - [INFO] -     ATL: 6 pasien, 10 file
2025-09-14 20:22:22 - [INFO] -     NBL: 21 pasien, 25 file
2025-09-14 20:22:22 - [INFO] - [DEBUG] Found 3 total sessions: ['ALL', 'ATL', 'NBL']
2025-09-14 20:22:22 - [INFO] - [DEBUG] Filtered to session ATL: 6 patients
2025-09-14 20:22:22 - [INFO] - [DEBUG] Added 6 patients to combo box for session ATL
2025-09-14 20:22:22 - [INFO] - [DEBUG] display_timeline called with 0 scan(s), focusing on index = -1
2025-09-14 20:22:22 - [INFO] - [DEBUG] Rebuilding timeline for active scan index: -1
2025-09-14 20:22:22 - [INFO] - [BSI SIDE PANEL] Clearing data...
2025-09-14 20:22:22 - [INFO] - [DEBUG] Folder scan completed
2025-09-14 20:22:22 - [INFO] - [DEBUG] Main window created successfully for session: ATL
2025-09-14 20:22:22 - [INFO] - [DEBUG] Main window created successfully
2025-09-14 20:22:22 - [INFO] - [DEBUG] Logout signal connected
2025-09-14 20:22:22 - [INFO] - [DEBUG] Main window displayed
2025-09-14 20:22:22 - [INFO] - [DEBUG] Active windows count: 1
2025-09-14 20:22:22 - [INFO] - [TEST] Testing invert connection...
2025-09-14 20:22:22 - [INFO] - [TEST] Timeline widget exists: True
2025-09-14 20:22:22 - [INFO] - [TEST] Checkbox exists: True
2025-09-14 20:22:22 - [INFO] - [TEST] Current checkbox state: False
2025-09-14 20:22:22 - [INFO] - [DEBUG] === INVERT CHECKBOX CHANGED ===
2025-09-14 20:22:22 - [INFO] - [DEBUG] Checkbox state: 2, isChecked(): True
2025-09-14 20:22:22 - [INFO] - [DEBUG] Invert flag changed: False -> True
2025-09-14 20:22:22 - [INFO] - [DEBUG] Calling timeline_widget.set_invert_original(True)
2025-09-14 20:22:22 - [INFO] - [DEBUG] set_invert_original called: True (current: False)
2025-09-14 20:22:22 - [INFO] - [CACHE CLEAR] Cleared 0 layer cache entries
2025-09-14 20:22:22 - [INFO] - [CACHE CLEAR] Cleared zoom cache (0 labels)
2025-09-14 20:22:22 - [INFO] - [DEBUG] Cleared layer cache due to invert change
2025-09-14 20:22:22 - [INFO] - [DEBUG] No scans loaded, rebuild skipped
2025-09-14 20:22:22 - [INFO] - [DEBUG]   Timeline invert method called successfully
2025-09-14 20:22:22 - [INFO] - [TEST] Toggled checkbox to: True
2025-09-14 20:22:25 - [INFO] - [DEBUG] item activated → ID: 5001 (ATL) @ index 5
2025-09-14 20:22:25 - [INFO] - [DEBUG] item activated → ID: 5001 (ATL)
2025-09-14 20:22:25 - [INFO] - 
  [DEBUG SELECT GANTENG] ===================
2025-09-14 20:22:25 - [INFO] -   [DEBUG SELECT] Patient selected: ID: 5001 (ATL)
2025-09-14 20:22:25 - [INFO] -   [DEBUG SELECT] Parsed - Patient: 5001, Session: ATL
2025-09-14 20:22:25 - [INFO] -   [DEBUG SELECT] Patient path from paths.py: C:\hotspot\hotspot-analyzer\data\PLANAR\ATL\5001
2025-09-14 20:22:25 - [INFO] -   [DEBUG SELECT] Patient path exists: True
2025-09-14 20:22:25 - [INFO] -   [DEBUG SELECT] Patient path contents:
2025-09-14 20:22:25 - [INFO] -   [DEBUG SELECT]   - 20250115 (DIR)
2025-09-14 20:22:25 - [INFO] -   [DEBUG SELECT]   - 20250214 (DIR)
2025-09-14 20:22:25 - [INFO] -   [DEBUG SELECT]   - 20250316 (DIR)
2025-09-14 20:22:25 - [INFO] -   [DEBUG SELECT]   - 20250415 (DIR)
2025-09-14 20:22:25 - [INFO] -   [DEBUG SELECT]   - 20250515 (DIR)
2025-09-14 20:22:25 - [INFO] - 
  [DEBUG PATHS GANTENG] ===================
2025-09-14 20:22:25 - [INFO] -   [DEBUG PATHS] Patient folder: C:\hotspot\hotspot-analyzer\data\PLANAR\ATL\5001
2025-09-14 20:22:25 - [INFO] -   [DEBUG PATHS] Patient ID: 5001
2025-09-14 20:22:25 - [INFO] -   [DEBUG PATHS] Folder exists: True
2025-09-14 20:22:25 - [INFO] -   [DEBUG PATHS] Folder structure:
2025-09-14 20:22:25 - [INFO] -   [DEBUG PATHS]   DIR:  20250115/
2025-09-14 20:22:25 - [INFO] -   [DEBUG PATHS]     Study date folder contents:
2025-09-14 20:22:25 - [INFO] -   [DEBUG PATHS]       DIR:  20250822/
2025-09-14 20:22:25 - [INFO] -   [DEBUG PATHS]       FILE: 5001_1.dcm (1049756 bytes)
2025-09-14 20:22:25 - [INFO] -   [DEBUG PATHS]       FILE: ant_hotspot_classification.json (55824 bytes)
2025-09-14 20:22:25 - [INFO] -   [DEBUG PATHS]       FILE: ant_hotspot_classification.png (1184 bytes)
2025-09-14 20:22:25 - [INFO] -   [DEBUG PATHS]       FILE: ant_hotspot_classification.xml (1374 bytes)
2025-09-14 20:22:25 - [INFO] -   [DEBUG PATHS]       FILE: ant_hotspot_otsu_colored.png (1257 bytes)
2025-09-14 20:22:25 - [INFO] -   [DEBUG PATHS]       FILE: ant_hotspot_otsu_colored_blend.png (124272 bytes)
2025-09-14 20:22:25 - [INFO] -   [DEBUG PATHS]       FILE: ant_hotspot_otsu_grayscale.png (646 bytes)
2025-09-14 20:22:25 - [INFO] -   [DEBUG PATHS]       FILE: ant_hotspot_yolo.xml (1304 bytes)
2025-09-14 20:22:25 - [INFO] -   [DEBUG PATHS]       FILE: ant_mask.png (3422 bytes)
2025-09-14 20:22:25 - [INFO] -   [DEBUG PATHS]       FILE: ant_original.png (83485 bytes)
2025-09-14 20:22:25 - [INFO] -   [DEBUG PATHS]       FILE: ant_segm.png (6410 bytes)
2025-09-14 20:22:25 - [INFO] -   [DEBUG PATHS]       FILE: bsi_quantification_ant.json (4451 bytes)
2025-09-14 20:22:25 - [INFO] -   [DEBUG PATHS]       FILE: bsi_quantification_post.json (3802 bytes)
2025-09-14 20:22:25 - [INFO] -   [DEBUG PATHS]       FILE: post_hotspot_classification.json (206464 bytes)
2025-09-14 20:22:25 - [INFO] -   [DEBUG PATHS]       FILE: post_hotspot_classification.png (1374 bytes)
2025-09-14 20:22:25 - [INFO] -   [DEBUG PATHS]       FILE: post_hotspot_classification.xml (2319 bytes)
2025-09-14 20:22:25 - [INFO] -   [DEBUG PATHS]       FILE: post_hotspot_otsu_colored.png (1468 bytes)
2025-09-14 20:22:25 - [INFO] -   [DEBUG PATHS]       FILE: post_hotspot_otsu_colored_blend.png (125024 bytes)
2025-09-14 20:22:25 - [INFO] -   [DEBUG PATHS]       FILE: post_hotspot_otsu_grayscale.png (854 bytes)
2025-09-14 20:22:25 - [INFO] -   [DEBUG PATHS]       FILE: post_hotspot_yolo.xml (1936 bytes)
2025-09-14 20:22:25 - [INFO] -   [DEBUG PATHS]       FILE: post_mask.png (3368 bytes)
2025-09-14 20:22:25 - [INFO] -   [DEBUG PATHS]       FILE: post_original.png (84361 bytes)
2025-09-14 20:22:25 - [INFO] -   [DEBUG PATHS]       FILE: post_segm.png (6075 bytes)
2025-09-14 20:22:25 - [INFO] -   [DEBUG PATHS]   DIR:  20250214/
2025-09-14 20:22:25 - [INFO] -   [DEBUG PATHS]     Study date folder contents:
2025-09-14 20:22:25 - [INFO] -   [DEBUG PATHS]       FILE: 5001_2.dcm (1049756 bytes)
2025-09-14 20:22:25 - [INFO] -   [DEBUG PATHS]       FILE: ant_hotspot_classification.json (313062 bytes)
2025-09-14 20:22:25 - [INFO] -   [DEBUG PATHS]       FILE: ant_hotspot_classification.png (2102 bytes)
2025-09-14 20:22:25 - [INFO] -   [DEBUG PATHS]       FILE: ant_hotspot_classification.xml (7020 bytes)
2025-09-14 20:22:25 - [INFO] -   [DEBUG PATHS]       FILE: ant_hotspot_otsu_colored.png (2166 bytes)
2025-09-14 20:22:25 - [INFO] -   [DEBUG PATHS]       FILE: ant_hotspot_otsu_colored_blend.png (98294 bytes)
2025-09-14 20:22:25 - [INFO] -   [DEBUG PATHS]       FILE: ant_hotspot_otsu_grayscale.png (1396 bytes)
2025-09-14 20:22:25 - [INFO] -   [DEBUG PATHS]       FILE: ant_hotspot_yolo.xml (5120 bytes)
2025-09-14 20:22:25 - [INFO] -   [DEBUG PATHS]       FILE: ant_mask.png (3456 bytes)
2025-09-14 20:22:25 - [INFO] -   [DEBUG PATHS]       FILE: ant_original.png (64390 bytes)
2025-09-14 20:22:25 - [INFO] -   [DEBUG PATHS]       FILE: ant_segm.png (6408 bytes)
2025-09-14 20:22:25 - [INFO] -   [DEBUG PATHS]       FILE: bsi_quantification_ant.json (3814 bytes)
2025-09-14 20:22:25 - [INFO] -   [DEBUG PATHS]       FILE: bsi_quantification_post.json (3810 bytes)
2025-09-14 20:22:25 - [INFO] -   [DEBUG PATHS]       FILE: post_hotspot_classification.json (353809 bytes)
2025-09-14 20:22:25 - [INFO] -   [DEBUG PATHS]       FILE: post_hotspot_classification.png (2502 bytes)
2025-09-14 20:22:25 - [INFO] -   [DEBUG PATHS]       FILE: post_hotspot_classification.xml (8436 bytes)
2025-09-14 20:22:25 - [INFO] -   [DEBUG PATHS]       FILE: post_hotspot_otsu_colored.png (2610 bytes)
2025-09-14 20:22:25 - [INFO] -   [DEBUG PATHS]       FILE: post_hotspot_otsu_colored_blend.png (105101 bytes)
2025-09-14 20:22:25 - [INFO] -   [DEBUG PATHS]       FILE: post_hotspot_otsu_grayscale.png (1766 bytes)
2025-09-14 20:22:25 - [INFO] -   [DEBUG PATHS]       FILE: post_hotspot_yolo.xml (6395 bytes)
2025-09-14 20:22:25 - [INFO] -   [DEBUG PATHS]       FILE: post_mask.png (3463 bytes)
2025-09-14 20:22:25 - [INFO] -   [DEBUG PATHS]       FILE: post_original.png (66472 bytes)
2025-09-14 20:22:25 - [INFO] -   [DEBUG PATHS]       FILE: post_segm.png (6168 bytes)
2025-09-14 20:22:25 - [INFO] -   [DEBUG PATHS]   DIR:  20250316/
2025-09-14 20:22:25 - [INFO] -   [DEBUG PATHS]     Study date folder contents:
2025-09-14 20:22:25 - [INFO] -   [DEBUG PATHS]       FILE: 5001_3.dcm (1049756 bytes)
2025-09-14 20:22:25 - [INFO] -   [DEBUG PATHS]       FILE: ant_hotspot_classification.json (436866 bytes)
2025-09-14 20:22:25 - [INFO] -   [DEBUG PATHS]       FILE: ant_hotspot_classification.png (2340 bytes)
2025-09-14 20:22:25 - [INFO] -   [DEBUG PATHS]       FILE: ant_hotspot_classification.xml (8439 bytes)
2025-09-14 20:22:25 - [INFO] -   [DEBUG PATHS]       FILE: ant_hotspot_otsu_colored.png (2335 bytes)
2025-09-14 20:22:25 - [INFO] -   [DEBUG PATHS]       FILE: ant_hotspot_otsu_colored_blend.png (101769 bytes)
2025-09-14 20:22:25 - [INFO] -   [DEBUG PATHS]       FILE: ant_hotspot_otsu_grayscale.png (1572 bytes)
2025-09-14 20:22:25 - [INFO] -   [DEBUG PATHS]       FILE: ant_hotspot_yolo.xml (5751 bytes)
2025-09-14 20:22:25 - [INFO] -   [DEBUG PATHS]       FILE: ant_mask.png (3372 bytes)
2025-09-14 20:22:25 - [INFO] -   [DEBUG PATHS]       FILE: ant_original.png (64961 bytes)
2025-09-14 20:22:25 - [INFO] -   [DEBUG PATHS]       FILE: ant_segm.png (6335 bytes)
2025-09-14 20:22:25 - [INFO] -   [DEBUG PATHS]       FILE: bsi_quantification_ant.json (3811 bytes)
2025-09-14 20:22:25 - [INFO] -   [DEBUG PATHS]       FILE: bsi_quantification_post.json (3793 bytes)
2025-09-14 20:22:25 - [INFO] -   [DEBUG PATHS]       FILE: post_hotspot_classification.json (809959 bytes)
2025-09-14 20:22:25 - [INFO] -   [DEBUG PATHS]       FILE: post_hotspot_classification.png (2716 bytes)
2025-09-14 20:22:25 - [INFO] -   [DEBUG PATHS]       FILE: post_hotspot_classification.xml (9405 bytes)
2025-09-14 20:22:25 - [INFO] -   [DEBUG PATHS]       FILE: post_hotspot_otsu_colored.png (2852 bytes)
2025-09-14 20:22:25 - [INFO] -   [DEBUG PATHS]       FILE: post_hotspot_otsu_colored_blend.png (92027 bytes)
2025-09-14 20:22:25 - [INFO] -   [DEBUG PATHS]       FILE: post_hotspot_otsu_grayscale.png (2024 bytes)
2025-09-14 20:22:25 - [INFO] -   [DEBUG PATHS]       FILE: post_hotspot_yolo.xml (6720 bytes)
2025-09-14 20:22:25 - [INFO] -   [DEBUG PATHS]       FILE: post_mask.png (3442 bytes)
2025-09-14 20:22:25 - [INFO] -   [DEBUG PATHS]       FILE: post_original.png (61581 bytes)
2025-09-14 20:22:25 - [INFO] -   [DEBUG PATHS]       FILE: post_segm.png (6228 bytes)
2025-09-14 20:22:25 - [INFO] -   [DEBUG PATHS]   DIR:  20250415/
2025-09-14 20:22:25 - [INFO] -   [DEBUG PATHS]     Study date folder contents:
2025-09-14 20:22:25 - [INFO] -   [DEBUG PATHS]       FILE: 5001_4.dcm (1049756 bytes)
2025-09-14 20:22:25 - [INFO] -   [DEBUG PATHS]       FILE: ant_hotspot_classification.json (34462 bytes)
2025-09-14 20:22:25 - [INFO] -   [DEBUG PATHS]       FILE: ant_hotspot_classification.png (1146 bytes)
2025-09-14 20:22:25 - [INFO] -   [DEBUG PATHS]       FILE: ant_hotspot_classification.xml (1835 bytes)
2025-09-14 20:22:25 - [INFO] -   [DEBUG PATHS]       FILE: ant_hotspot_otsu_colored.png (1403 bytes)
2025-09-14 20:22:25 - [INFO] -   [DEBUG PATHS]       FILE: ant_hotspot_otsu_colored_blend.png (105051 bytes)
2025-09-14 20:22:25 - [INFO] -   [DEBUG PATHS]       FILE: ant_hotspot_otsu_grayscale.png (773 bytes)
2025-09-14 20:22:25 - [INFO] -   [DEBUG PATHS]       FILE: ant_hotspot_yolo.xml (1936 bytes)
2025-09-14 20:22:25 - [INFO] -   [DEBUG PATHS]       FILE: ant_mask.png (3347 bytes)
2025-09-14 20:22:25 - [INFO] -   [DEBUG PATHS]       FILE: ant_original.png (70707 bytes)
2025-09-14 20:22:25 - [INFO] -   [DEBUG PATHS]       FILE: ant_segm.png (6299 bytes)
2025-09-14 20:22:25 - [INFO] -   [DEBUG PATHS]       FILE: bsi_quantification_ant.json (3724 bytes)
2025-09-14 20:22:25 - [INFO] -   [DEBUG PATHS]       FILE: bsi_quantification_post.json (3683 bytes)
2025-09-14 20:22:25 - [INFO] -   [DEBUG PATHS]       FILE: post_hotspot_classification.json (50108 bytes)
2025-09-14 20:22:25 - [INFO] -   [DEBUG PATHS]       FILE: post_hotspot_classification.png (1079 bytes)
2025-09-14 20:22:25 - [INFO] -   [DEBUG PATHS]       FILE: post_hotspot_classification.xml (905 bytes)
2025-09-14 20:22:25 - [INFO] -   [DEBUG PATHS]       FILE: post_hotspot_otsu_colored.png (1184 bytes)
2025-09-14 20:22:25 - [INFO] -   [DEBUG PATHS]       FILE: post_hotspot_otsu_colored_blend.png (115794 bytes)
2025-09-14 20:22:25 - [INFO] -   [DEBUG PATHS]       FILE: post_hotspot_otsu_grayscale.png (616 bytes)
2025-09-14 20:22:25 - [INFO] -   [DEBUG PATHS]       FILE: post_hotspot_yolo.xml (984 bytes)
2025-09-14 20:22:25 - [INFO] -   [DEBUG PATHS]       FILE: post_mask.png (3211 bytes)
2025-09-14 20:22:25 - [INFO] -   [DEBUG PATHS]       FILE: post_original.png (74888 bytes)
2025-09-14 20:22:25 - [INFO] -   [DEBUG PATHS]       FILE: post_segm.png (5784 bytes)
2025-09-14 20:22:25 - [INFO] -   [DEBUG PATHS]   DIR:  20250515/
2025-09-14 20:22:25 - [INFO] -   [DEBUG PATHS]     Study date folder contents:
2025-09-14 20:22:25 - [INFO] -   [DEBUG PATHS]       FILE: 5001_5.dcm (1049756 bytes)
2025-09-14 20:22:25 - [INFO] -   [DEBUG PATHS]       FILE: ant_hotspot_classification.json (45440 bytes)
2025-09-14 20:22:25 - [INFO] -   [DEBUG PATHS]       FILE: ant_hotspot_classification.png (1066 bytes)
2025-09-14 20:22:25 - [INFO] -   [DEBUG PATHS]       FILE: ant_hotspot_classification.xml (1369 bytes)
2025-09-14 20:22:25 - [INFO] -   [DEBUG PATHS]       FILE: ant_hotspot_otsu_colored.png (1233 bytes)
2025-09-14 20:22:25 - [INFO] -   [DEBUG PATHS]       FILE: ant_hotspot_otsu_colored_blend.png (107184 bytes)
2025-09-14 20:22:25 - [INFO] -   [DEBUG PATHS]       FILE: ant_hotspot_otsu_grayscale.png (655 bytes)
2025-09-14 20:22:25 - [INFO] -   [DEBUG PATHS]       FILE: ant_hotspot_yolo.xml (1937 bytes)
2025-09-14 20:22:25 - [INFO] -   [DEBUG PATHS]       FILE: ant_mask.png (3474 bytes)
2025-09-14 20:22:25 - [INFO] -   [DEBUG PATHS]       FILE: ant_original.png (70372 bytes)
2025-09-14 20:22:25 - [INFO] -   [DEBUG PATHS]       FILE: ant_segm.png (6584 bytes)
2025-09-14 20:22:25 - [INFO] -   [DEBUG PATHS]       FILE: bsi_quantification_ant.json (3674 bytes)
2025-09-14 20:22:25 - [INFO] -   [DEBUG PATHS]       FILE: bsi_quantification_post.json (3702 bytes)
2025-09-14 20:22:25 - [INFO] -   [DEBUG PATHS]       FILE: post_hotspot_classification.json (69882 bytes)
2025-09-14 20:22:25 - [INFO] -   [DEBUG PATHS]       FILE: post_hotspot_classification.png (1258 bytes)
2025-09-14 20:22:25 - [INFO] -   [DEBUG PATHS]       FILE: post_hotspot_classification.xml (2800 bytes)
2025-09-14 20:22:25 - [INFO] -   [DEBUG PATHS]       FILE: post_hotspot_otsu_colored.png (1256 bytes)
2025-09-14 20:22:25 - [INFO] -   [DEBUG PATHS]       FILE: post_hotspot_otsu_colored_blend.png (106448 bytes)
2025-09-14 20:22:25 - [INFO] -   [DEBUG PATHS]       FILE: post_hotspot_otsu_grayscale.png (643 bytes)
2025-09-14 20:22:25 - [INFO] -   [DEBUG PATHS]       FILE: post_hotspot_yolo.xml (1943 bytes)
2025-09-14 20:22:25 - [INFO] -   [DEBUG PATHS]       FILE: post_mask.png (3412 bytes)
2025-09-14 20:22:25 - [INFO] -   [DEBUG PATHS]       FILE: post_original.png (71532 bytes)
2025-09-14 20:22:25 - [INFO] -   [DEBUG PATHS]       FILE: post_segm.png (6202 bytes)
2025-09-14 20:22:25 - [INFO] -   [DEBUG QUANT FILES] Getting quantification files for: C:\hotspot\hotspot-analyzer\data\PLANAR\ATL\5001
2025-09-14 20:22:25 - [INFO] -   [DEBUG QUANT FILES] Using latest study_date folder: C:\hotspot\hotspot-analyzer\data\PLANAR\ATL\5001\20250515
2025-09-14 20:22:25 - [INFO] -   [DEBUG QUANT FILES] Generated paths:
2025-09-14 20:22:25 - [INFO] -   [DEBUG QUANT FILES]   bsi_json_ant: C:\hotspot\hotspot-analyzer\data\PLANAR\ATL\5001\20250515\bsi_quantification_ant.json (exists: True)
2025-09-14 20:22:25 - [INFO] -   [DEBUG QUANT FILES]   bsi_json_post: C:\hotspot\hotspot-analyzer\data\PLANAR\ATL\5001\20250515\bsi_quantification_post.json (exists: True)
2025-09-14 20:22:25 - [INFO] -   [DEBUG PATHS] New quantification paths:
2025-09-14 20:22:25 - [INFO] -   [DEBUG PATHS]   bsi_json_ant: C:\hotspot\hotspot-analyzer\data\PLANAR\ATL\5001\20250515\bsi_quantification_ant.json (exists: True, size: 3674 bytes)
2025-09-14 20:22:25 - [INFO] -   [DEBUG PATHS]     Content preview: {
  "patient_info": {
    "patient_id": "5001",
    "study_date": "20250515",
    "filename_stem": "...
2025-09-14 20:22:25 - [INFO] -   [DEBUG PATHS]   bsi_json_post: C:\hotspot\hotspot-analyzer\data\PLANAR\ATL\5001\20250515\bsi_quantification_post.json (exists: True, size: 3702 bytes)
2025-09-14 20:22:25 - [INFO] -   [DEBUG PATHS]     Content preview: {
  "patient_info": {
    "patient_id": "5001",
    "study_date": "20250515",
    "filename_stem": "...
2025-09-14 20:22:25 - [INFO] -   [DEBUG PATHS] Old pattern search:
2025-09-14 20:22:25 - [INFO] -   [DEBUG PATHS]   Old anterior: []
2025-09-14 20:22:25 - [INFO] -   [DEBUG PATHS]   Old posterior: []
2025-09-14 20:22:25 - [INFO] -   [DEBUG SELECT] Found DICOM files: 5
2025-09-14 20:22:25 - [INFO] -   [DEBUG SELECT]   DICOM: C:\hotspot\hotspot-analyzer\data\PLANAR\ATL\5001\20250115\5001_1.dcm
2025-09-14 20:22:25 - [INFO] -   [DEBUG SELECT]   DICOM folder: C:\hotspot\hotspot-analyzer\data\PLANAR\ATL\5001\20250115
2025-09-14 20:22:25 - [INFO] -   [DEBUG QUANT FILES] Getting quantification files for: C:\hotspot\hotspot-analyzer\data\PLANAR\ATL\5001\20250115
2025-09-14 20:22:25 - [INFO] -   [DEBUG QUANT FILES] Detected study_date folder: C:\hotspot\hotspot-analyzer\data\PLANAR\ATL\5001\20250115
2025-09-14 20:22:25 - [INFO] -   [DEBUG QUANT FILES] Generated paths:
2025-09-14 20:22:25 - [INFO] -   [DEBUG QUANT FILES]   bsi_json_ant: C:\hotspot\hotspot-analyzer\data\PLANAR\ATL\5001\20250115\bsi_quantification_ant.json (exists: True)
2025-09-14 20:22:25 - [INFO] -   [DEBUG QUANT FILES]   bsi_json_post: C:\hotspot\hotspot-analyzer\data\PLANAR\ATL\5001\20250115\bsi_quantification_post.json (exists: True)
2025-09-14 20:22:25 - [INFO] -   [DEBUG SELECT]   BSI files near DICOM:
2025-09-14 20:22:25 - [INFO] -   [DEBUG SELECT]     Anterior: True
2025-09-14 20:22:25 - [INFO] -   [DEBUG SELECT]     Posterior: True
2025-09-14 20:22:25 - [INFO] -   [DEBUG SELECT]   DICOM: C:\hotspot\hotspot-analyzer\data\PLANAR\ATL\5001\20250214\5001_2.dcm
2025-09-14 20:22:25 - [INFO] -   [DEBUG SELECT]   DICOM folder: C:\hotspot\hotspot-analyzer\data\PLANAR\ATL\5001\20250214
2025-09-14 20:22:25 - [INFO] -   [DEBUG QUANT FILES] Getting quantification files for: C:\hotspot\hotspot-analyzer\data\PLANAR\ATL\5001\20250214
2025-09-14 20:22:25 - [INFO] -   [DEBUG QUANT FILES] Detected study_date folder: C:\hotspot\hotspot-analyzer\data\PLANAR\ATL\5001\20250214
2025-09-14 20:22:25 - [INFO] -   [DEBUG QUANT FILES] Generated paths:
2025-09-14 20:22:25 - [INFO] -   [DEBUG QUANT FILES]   bsi_json_ant: C:\hotspot\hotspot-analyzer\data\PLANAR\ATL\5001\20250214\bsi_quantification_ant.json (exists: True)
2025-09-14 20:22:25 - [INFO] -   [DEBUG QUANT FILES]   bsi_json_post: C:\hotspot\hotspot-analyzer\data\PLANAR\ATL\5001\20250214\bsi_quantification_post.json (exists: True)
2025-09-14 20:22:25 - [INFO] -   [DEBUG SELECT]   BSI files near DICOM:
2025-09-14 20:22:25 - [INFO] -   [DEBUG SELECT]     Anterior: True
2025-09-14 20:22:25 - [INFO] -   [DEBUG SELECT]     Posterior: True
2025-09-14 20:22:25 - [INFO] -   [DEBUG SELECT]   DICOM: C:\hotspot\hotspot-analyzer\data\PLANAR\ATL\5001\20250316\5001_3.dcm
2025-09-14 20:22:25 - [INFO] -   [DEBUG SELECT]   DICOM folder: C:\hotspot\hotspot-analyzer\data\PLANAR\ATL\5001\20250316
2025-09-14 20:22:25 - [INFO] -   [DEBUG QUANT FILES] Getting quantification files for: C:\hotspot\hotspot-analyzer\data\PLANAR\ATL\5001\20250316
2025-09-14 20:22:25 - [INFO] -   [DEBUG QUANT FILES] Detected study_date folder: C:\hotspot\hotspot-analyzer\data\PLANAR\ATL\5001\20250316
2025-09-14 20:22:25 - [INFO] -   [DEBUG QUANT FILES] Generated paths:
2025-09-14 20:22:25 - [INFO] -   [DEBUG QUANT FILES]   bsi_json_ant: C:\hotspot\hotspot-analyzer\data\PLANAR\ATL\5001\20250316\bsi_quantification_ant.json (exists: True)
2025-09-14 20:22:25 - [INFO] -   [DEBUG QUANT FILES]   bsi_json_post: C:\hotspot\hotspot-analyzer\data\PLANAR\ATL\5001\20250316\bsi_quantification_post.json (exists: True)
2025-09-14 20:22:25 - [INFO] -   [DEBUG SELECT]   BSI files near DICOM:
2025-09-14 20:22:25 - [INFO] -   [DEBUG SELECT]     Anterior: True
2025-09-14 20:22:25 - [INFO] -   [DEBUG SELECT]     Posterior: True
2025-09-14 20:22:25 - [INFO] -   [DEBUG SELECT]   DICOM: C:\hotspot\hotspot-analyzer\data\PLANAR\ATL\5001\20250415\5001_4.dcm
2025-09-14 20:22:25 - [INFO] -   [DEBUG SELECT]   DICOM folder: C:\hotspot\hotspot-analyzer\data\PLANAR\ATL\5001\20250415
2025-09-14 20:22:25 - [INFO] -   [DEBUG QUANT FILES] Getting quantification files for: C:\hotspot\hotspot-analyzer\data\PLANAR\ATL\5001\20250415
2025-09-14 20:22:25 - [INFO] -   [DEBUG QUANT FILES] Detected study_date folder: C:\hotspot\hotspot-analyzer\data\PLANAR\ATL\5001\20250415
2025-09-14 20:22:25 - [INFO] -   [DEBUG QUANT FILES] Generated paths:
2025-09-14 20:22:25 - [INFO] -   [DEBUG QUANT FILES]   bsi_json_ant: C:\hotspot\hotspot-analyzer\data\PLANAR\ATL\5001\20250415\bsi_quantification_ant.json (exists: True)
2025-09-14 20:22:25 - [INFO] -   [DEBUG QUANT FILES]   bsi_json_post: C:\hotspot\hotspot-analyzer\data\PLANAR\ATL\5001\20250415\bsi_quantification_post.json (exists: True)
2025-09-14 20:22:25 - [INFO] -   [DEBUG SELECT]   BSI files near DICOM:
2025-09-14 20:22:25 - [INFO] -   [DEBUG SELECT]     Anterior: True
2025-09-14 20:22:25 - [INFO] -   [DEBUG SELECT]     Posterior: True
2025-09-14 20:22:25 - [INFO] -   [DEBUG SELECT]   DICOM: C:\hotspot\hotspot-analyzer\data\PLANAR\ATL\5001\20250515\5001_5.dcm
2025-09-14 20:22:25 - [INFO] -   [DEBUG SELECT]   DICOM folder: C:\hotspot\hotspot-analyzer\data\PLANAR\ATL\5001\20250515
2025-09-14 20:22:25 - [INFO] -   [DEBUG QUANT FILES] Getting quantification files for: C:\hotspot\hotspot-analyzer\data\PLANAR\ATL\5001\20250515
2025-09-14 20:22:25 - [INFO] -   [DEBUG QUANT FILES] Detected study_date folder: C:\hotspot\hotspot-analyzer\data\PLANAR\ATL\5001\20250515
2025-09-14 20:22:25 - [INFO] -   [DEBUG QUANT FILES] Generated paths:
2025-09-14 20:22:25 - [INFO] -   [DEBUG QUANT FILES]   bsi_json_ant: C:\hotspot\hotspot-analyzer\data\PLANAR\ATL\5001\20250515\bsi_quantification_ant.json (exists: True)
2025-09-14 20:22:25 - [INFO] -   [DEBUG QUANT FILES]   bsi_json_post: C:\hotspot\hotspot-analyzer\data\PLANAR\ATL\5001\20250515\bsi_quantification_post.json (exists: True)
2025-09-14 20:22:25 - [INFO] -   [DEBUG SELECT]   BSI files near DICOM:
2025-09-14 20:22:25 - [INFO] -   [DEBUG SELECT]     Anterior: True
2025-09-14 20:22:25 - [INFO] -   [DEBUG SELECT]     Posterior: True
2025-09-14 20:22:25 - [INFO] - [DEBUG] Loading patient: 5001 from session: ATL
2025-09-14 20:22:25 - [INFO] - [CACHE DEBUG] Cache key: 5001_ATL
2025-09-14 20:22:25 - [INFO] - [CACHE DEBUG] Existing cache keys: []
2025-09-14 20:22:25 - [INFO] - [DEBUG] Loading scans for 5001_ATL from disk...
2025-09-14 20:22:25 - [INFO] - [DEBUG] Found 5 DICOM files for patient 5001
2025-09-14 20:22:25 - [INFO] - [DEBUG] Enriched scan data for: 5001_1.dcm
2025-09-14 20:22:25 - [INFO] - [DEBUG] Enriched scan data for: 5001_2.dcm
2025-09-14 20:22:25 - [INFO] - [DEBUG] Enriched scan data for: 5001_3.dcm
2025-09-14 20:22:25 - [INFO] - [DEBUG] Enriched scan data for: 5001_4.dcm
2025-09-14 20:22:25 - [INFO] - [DEBUG] Enriched scan data for: 5001_5.dcm
2025-09-14 20:22:25 - [INFO] - [DEBUG] Scan files for 5001_20250115:
2025-09-14 20:22:25 - [INFO] - [DEBUG] Available files: None
2025-09-14 20:22:25 - [INFO] - [DEBUG] Available PNG files for 5001_20250115: None
2025-09-14 20:22:25 - [INFO] - [DEBUG] Scan files for 5001_20250214:
2025-09-14 20:22:25 - [INFO] - [DEBUG] Available files: None
2025-09-14 20:22:25 - [INFO] - [DEBUG] Available PNG files for 5001_20250214: None
2025-09-14 20:22:25 - [INFO] - [DEBUG] Scan files for 5001_20250316:
2025-09-14 20:22:25 - [INFO] - [DEBUG] Available files: None
2025-09-14 20:22:25 - [INFO] - [DEBUG] Available PNG files for 5001_20250316: None
2025-09-14 20:22:25 - [INFO] - [DEBUG] Scan files for 5001_20250415:
2025-09-14 20:22:25 - [INFO] - [DEBUG] Available files: None
2025-09-14 20:22:25 - [INFO] - [DEBUG] Available PNG files for 5001_20250415: None
2025-09-14 20:22:25 - [INFO] - [DEBUG] Scan files for 5001_20250515:
2025-09-14 20:22:25 - [INFO] - [DEBUG] Available files: None
2025-09-14 20:22:25 - [INFO] - [DEBUG] Available PNG files for 5001_20250515: None
2025-09-14 20:22:25 - [INFO] - [DEBUG] Saving 5 scans to cache for 5001_ATL
2025-09-14 20:22:25 - [INFO] - [DEBUG] Layers changed to: []
2025-09-14 20:22:25 - [INFO] - [SMART UPDATE] Change type: none
2025-09-14 20:22:25 - [INFO] - [DEBUG] Timeline active layers set to: []
2025-09-14 20:22:25 - [INFO] - [SMART UPDATE] No changes detected, skipping update
2025-09-14 20:22:25 - [INFO] - [EDIT BUTTONS] Has scan: False, Has seg data: False, Can edit hotspot: False
2025-09-14 20:22:25 - [INFO] - [EDIT BUTTONS] Seg button enabled: False, Hotspot button enabled: False
2025-09-14 20:22:25 - [INFO] - [SMART UPDATE] Change type: none
2025-09-14 20:22:25 - [INFO] - [DEBUG] Timeline active layers set to: []
2025-09-14 20:22:25 - [INFO] - [SMART UPDATE] No changes detected, skipping update
2025-09-14 20:22:25 - [INFO] - [DEBUG] Set Image opacity to 1.00
2025-09-14 20:22:25 - [INFO] - [SMART UPDATE] Change type: none
2025-09-14 20:22:25 - [INFO] - [SMART UPDATE] Using full rebuild for opacity change
2025-09-14 20:22:25 - [INFO] - [DEBUG] Rebuilding timeline for active scan index: -1
2025-09-14 20:22:25 - [INFO] - [SMART UPDATE] State updated - Type: rebuild
2025-09-14 20:22:25 - [INFO] - [DEBUG] Set Segmentation opacity to 0.35
2025-09-14 20:22:25 - [INFO] - [SMART UPDATE] Change type: none
2025-09-14 20:22:25 - [INFO] - [SMART UPDATE] Using full rebuild for opacity change
2025-09-14 20:22:25 - [INFO] - [DEBUG] Rebuilding timeline for active scan index: -1
2025-09-14 20:22:25 - [INFO] - [SMART UPDATE] State updated - Type: rebuild
2025-09-14 20:22:25 - [INFO] - [DEBUG] Set Hotspot opacity to 0.50
2025-09-14 20:22:25 - [INFO] - [SMART UPDATE] Change type: none
2025-09-14 20:22:25 - [INFO] - [SMART UPDATE] Using full rebuild for opacity change
2025-09-14 20:22:25 - [INFO] - [DEBUG] Rebuilding timeline for active scan index: -1
2025-09-14 20:22:25 - [INFO] - [SMART UPDATE] State updated - Type: rebuild
2025-09-14 20:22:25 - [INFO] - [DEBUG] Set HotspotBBox opacity to 1.00
2025-09-14 20:22:25 - [INFO] - [SMART UPDATE] Change type: none
2025-09-14 20:22:25 - [INFO] - [SMART UPDATE] Using full rebuild for opacity change
2025-09-14 20:22:25 - [INFO] - [DEBUG] Rebuilding timeline for active scan index: -1
2025-09-14 20:22:25 - [INFO] - [SMART UPDATE] State updated - Type: rebuild
2025-09-14 20:22:25 - [INFO] - [DEBUG] Setting default layers: 'Image' checkbox should now be ON.
2025-09-14 20:22:25 - [INFO] - [DEBUG] Active layers: ['Image']
2025-09-14 20:22:25 - [INFO] - [DEBUG] Layers changed to: ['Image']
2025-09-14 20:22:25 - [INFO] - [SMART UPDATE] Change type: layers
2025-09-14 20:22:25 - [INFO] - [SMART UPDATE] Layers added: ['Image']
2025-09-14 20:22:25 - [INFO] - [DEBUG] Timeline active layers set to: ['Image']
2025-09-14 20:22:25 - [INFO] - [SMART UPDATE] Full rebuild required for change type: layers
2025-09-14 20:22:25 - [INFO] - [DEBUG] Rebuilding timeline for active scan index: -1
2025-09-14 20:22:25 - [INFO] - [SMART UPDATE] State updated - Type: layers
2025-09-14 20:22:25 - [INFO] - [EDIT BUTTONS] Has scan: False, Has seg data: False, Can edit hotspot: False
2025-09-14 20:22:25 - [INFO] - [EDIT BUTTONS] Seg button enabled: False, Hotspot button enabled: False
2025-09-14 20:22:25 - [INFO] - [DEBUG] All data loaded. Total scans: 5
2025-09-14 20:22:25 - [INFO] - [DEBUG] Layers changed to: []
2025-09-14 20:22:25 - [INFO] - [SMART UPDATE] Change type: layers
2025-09-14 20:22:25 - [INFO] - [SMART UPDATE] Layers removed: ['Image']
2025-09-14 20:22:25 - [INFO] - [DEBUG] Timeline active layers set to: []
2025-09-14 20:22:25 - [INFO] - [SMART UPDATE] Full rebuild required for change type: layers
2025-09-14 20:22:25 - [INFO] - [DEBUG] Rebuilding timeline for active scan index: -1
2025-09-14 20:22:25 - [INFO] - [SMART UPDATE] State updated - Type: layers
2025-09-14 20:22:25 - [INFO] - [EDIT BUTTONS] Has scan: False, Has seg data: False, Can edit hotspot: False
2025-09-14 20:22:25 - [INFO] - [EDIT BUTTONS] Seg button enabled: False, Hotspot button enabled: False
2025-09-14 20:22:25 - [INFO] - [SMART UPDATE] Change type: none
2025-09-14 20:22:25 - [INFO] - [DEBUG] Timeline active layers set to: []
2025-09-14 20:22:25 - [INFO] - [SMART UPDATE] No changes detected, skipping update
2025-09-14 20:22:25 - [INFO] - [DEBUG] Set Image opacity to 1.00
2025-09-14 20:22:25 - [INFO] - [SMART UPDATE] Change type: none
2025-09-14 20:22:25 - [INFO] - [SMART UPDATE] Using full rebuild for opacity change
2025-09-14 20:22:25 - [INFO] - [DEBUG] Rebuilding timeline for active scan index: -1
2025-09-14 20:22:25 - [INFO] - [SMART UPDATE] State updated - Type: rebuild
2025-09-14 20:22:25 - [INFO] - [DEBUG] Set Segmentation opacity to 0.35
2025-09-14 20:22:25 - [INFO] - [SMART UPDATE] Change type: none
2025-09-14 20:22:25 - [INFO] - [SMART UPDATE] Using full rebuild for opacity change
2025-09-14 20:22:25 - [INFO] - [DEBUG] Rebuilding timeline for active scan index: -1
2025-09-14 20:22:25 - [INFO] - [SMART UPDATE] State updated - Type: rebuild
2025-09-14 20:22:25 - [INFO] - [DEBUG] Set Hotspot opacity to 0.50
2025-09-14 20:22:25 - [INFO] - [SMART UPDATE] Change type: none
2025-09-14 20:22:25 - [INFO] - [SMART UPDATE] Using full rebuild for opacity change
2025-09-14 20:22:25 - [INFO] - [DEBUG] Rebuilding timeline for active scan index: -1
2025-09-14 20:22:25 - [INFO] - [SMART UPDATE] State updated - Type: rebuild
2025-09-14 20:22:25 - [INFO] - [DEBUG] Set HotspotBBox opacity to 1.00
2025-09-14 20:22:25 - [INFO] - [SMART UPDATE] Change type: none
2025-09-14 20:22:25 - [INFO] - [SMART UPDATE] Using full rebuild for opacity change
2025-09-14 20:22:25 - [INFO] - [DEBUG] Rebuilding timeline for active scan index: -1
2025-09-14 20:22:25 - [INFO] - [SMART UPDATE] State updated - Type: rebuild
2025-09-14 20:22:25 - [INFO] - [DEBUG] Setting default layers: 'Image' checkbox should now be ON.
2025-09-14 20:22:25 - [INFO] - [DEBUG] Active layers: ['Image']
2025-09-14 20:22:25 - [INFO] - [DEBUG] Layers changed to: ['Image']
2025-09-14 20:22:25 - [INFO] - [SMART UPDATE] Change type: layers
2025-09-14 20:22:25 - [INFO] - [SMART UPDATE] Layers added: ['Image']
2025-09-14 20:22:25 - [INFO] - [DEBUG] Timeline active layers set to: ['Image']
2025-09-14 20:22:25 - [INFO] - [SMART UPDATE] Full rebuild required for change type: layers
2025-09-14 20:22:25 - [INFO] - [DEBUG] Rebuilding timeline for active scan index: -1
2025-09-14 20:22:25 - [INFO] - [SMART UPDATE] State updated - Type: layers
2025-09-14 20:22:25 - [INFO] - [EDIT BUTTONS] Has scan: False, Has seg data: False, Can edit hotspot: False
2025-09-14 20:22:25 - [INFO] - [EDIT BUTTONS] Seg button enabled: False, Hotspot button enabled: False
2025-09-14 20:22:25 - [INFO] - [SMART UPDATE] Change type: none
2025-09-14 20:22:25 - [INFO] - [DEBUG] Timeline active layers set to: ['Image']
2025-09-14 20:22:25 - [INFO] - [SMART UPDATE] No changes detected, skipping update
2025-09-14 20:22:25 - [INFO] - [DEBUG] Set Image opacity to 1.00
2025-09-14 20:22:25 - [INFO] - [SMART UPDATE] Change type: none
2025-09-14 20:22:25 - [INFO] - [SMART UPDATE] Using full rebuild for opacity change
2025-09-14 20:22:25 - [INFO] - [DEBUG] Rebuilding timeline for active scan index: -1
2025-09-14 20:22:25 - [INFO] - [SMART UPDATE] State updated - Type: rebuild
2025-09-14 20:22:25 - [INFO] - [DEBUG] Set Segmentation opacity to 0.40
2025-09-14 20:22:25 - [INFO] - [SMART UPDATE] Change type: none
2025-09-14 20:22:25 - [INFO] - [SMART UPDATE] Using full rebuild for opacity change
2025-09-14 20:22:25 - [INFO] - [DEBUG] Rebuilding timeline for active scan index: -1
2025-09-14 20:22:25 - [INFO] - [SMART UPDATE] State updated - Type: rebuild
2025-09-14 20:22:25 - [INFO] - [DEBUG] Set Hotspot opacity to 0.50
2025-09-14 20:22:25 - [INFO] - [SMART UPDATE] Change type: none
2025-09-14 20:22:25 - [INFO] - [SMART UPDATE] Using full rebuild for opacity change
2025-09-14 20:22:25 - [INFO] - [DEBUG] Rebuilding timeline for active scan index: -1
2025-09-14 20:22:25 - [INFO] - [SMART UPDATE] State updated - Type: rebuild
2025-09-14 20:22:25 - [INFO] - [DEBUG] Set HotspotBBox opacity to 1.00
2025-09-14 20:22:25 - [INFO] - [SMART UPDATE] Change type: none
2025-09-14 20:22:25 - [INFO] - [SMART UPDATE] Using full rebuild for opacity change
2025-09-14 20:22:25 - [INFO] - [DEBUG] Rebuilding timeline for active scan index: -1
2025-09-14 20:22:25 - [INFO] - [SMART UPDATE] State updated - Type: rebuild
2025-09-14 20:22:25 - [INFO] - [MainWindow] Updating timeline with 5 scans
2025-09-14 20:22:25 - [INFO] - [BSI META INTEGRATION] Updating scan meta with BSI data
2025-09-14 20:22:25 - [INFO] - [BSI META INTEGRATION] Session code: ATL
2025-09-14 20:22:25 - [INFO] - [BSI META INTEGRATION] Scan path: C:\hotspot\hotspot-analyzer\data\PLANAR\ATL\5001\20250115\5001_1.dcm
2025-09-14 20:22:25 - [INFO] - [BSI EXTRACT INFO] Extracting from path: C:\hotspot\hotspot-analyzer\data\PLANAR\ATL\5001\20250115\5001_1.dcm
2025-09-14 20:22:25 - [INFO] - [BSI EXTRACT INFO] Extracted study_date from DICOM: 20250115
2025-09-14 20:22:25 - [INFO] - [BSI EXTRACT INFO] Extracted patient_id from study_date structure: 5001
2025-09-14 20:22:25 - [INFO] - [BSI EXTRACT INFO] Final result - Patient: 5001, Study: 20250115
2025-09-14 20:22:25 - [INFO] - [BSI META INTEGRATION] Extracted - Patient: 5001, Study: 20250115
2025-09-14 20:22:25 - [INFO] -   [DEBUG QUANT FILES] Getting quantification files for: C:\hotspot\hotspot-analyzer\data\PLANAR\ATL\5001\20250115
2025-09-14 20:22:25 - [INFO] -   [DEBUG QUANT FILES] Detected study_date folder: C:\hotspot\hotspot-analyzer\data\PLANAR\ATL\5001\20250115
2025-09-14 20:22:25 - [INFO] -   [DEBUG QUANT FILES] Generated paths:
2025-09-14 20:22:25 - [INFO] -   [DEBUG QUANT FILES]   bsi_json_ant: C:\hotspot\hotspot-analyzer\data\PLANAR\ATL\5001\20250115\bsi_quantification_ant.json (exists: True)
2025-09-14 20:22:25 - [INFO] -   [DEBUG QUANT FILES]   bsi_json_post: C:\hotspot\hotspot-analyzer\data\PLANAR\ATL\5001\20250115\bsi_quantification_post.json (exists: True)
2025-09-14 20:22:25 - [INFO] - [BSI META INTEGRATION] Found BSI files in study_date folder: C:\hotspot\hotspot-analyzer\data\PLANAR\ATL\5001\20250115
2025-09-14 20:22:25 - [INFO] - [BSI META INTEGRATION] Using patient folder: C:\hotspot\hotspot-analyzer\data\PLANAR\ATL\5001\20250115
2025-09-14 20:22:25 - [INFO] -   [DEBUG BSI] Detected study_date folder, using parent: C:\hotspot\hotspot-analyzer\data\PLANAR\ATL\5001
2025-09-14 20:22:25 - [INFO] -   [DEBUG BSI] Found study_date folder: 20250115
2025-09-14 20:22:25 - [INFO] -   [DEBUG BSI] Found study_date folder: 20250214
2025-09-14 20:22:25 - [INFO] -   [DEBUG BSI] Found study_date folder: 20250316
2025-09-14 20:22:25 - [INFO] -   [DEBUG BSI] Found study_date folder: 20250415
2025-09-14 20:22:25 - [INFO] -   [DEBUG BSI] Found study_date folder: 20250515
2025-09-14 20:22:25 - [INFO] -   [DEBUG BSI]     - 20250115 (DIR)
2025-09-14 20:22:25 - [INFO] -   [DEBUG BSI]     - 20250214 (DIR)
2025-09-14 20:22:25 - [INFO] -   [DEBUG BSI]     - 20250316 (DIR)
2025-09-14 20:22:25 - [INFO] -   [DEBUG BSI]     - 20250415 (DIR)
2025-09-14 20:22:25 - [INFO] -   [DEBUG BSI]     - 20250515 (DIR)
2025-09-14 20:22:25 - [INFO] -   [DEBUG BSI]     - 20250822 (DIR)
2025-09-14 20:22:25 - [INFO] -   [DEBUG BSI]     - 5001_1.dcm (FILE)
2025-09-14 20:22:25 - [INFO] -   [DEBUG BSI]     - ant_hotspot_classification.json (FILE)
2025-09-14 20:22:25 - [INFO] -   [DEBUG BSI]     - ant_hotspot_classification.png (FILE)
2025-09-14 20:22:25 - [INFO] -   [DEBUG BSI]     - ant_hotspot_classification.xml (FILE)
2025-09-14 20:22:25 - [INFO] -   [DEBUG BSI]     - ant_hotspot_otsu_colored.png (FILE)
2025-09-14 20:22:25 - [INFO] -   [DEBUG BSI]     - ant_hotspot_otsu_colored_blend.png (FILE)
2025-09-14 20:22:25 - [INFO] -   [DEBUG BSI]     - ant_hotspot_otsu_grayscale.png (FILE)
2025-09-14 20:22:25 - [INFO] -   [DEBUG BSI]     - ant_hotspot_yolo.xml (FILE)
2025-09-14 20:22:25 - [INFO] -   [DEBUG BSI]     - ant_mask.png (FILE)
2025-09-14 20:22:25 - [INFO] -   [DEBUG BSI]     - ant_original.png (FILE)
2025-09-14 20:22:25 - [INFO] -   [DEBUG BSI]     - ant_segm.png (FILE)
2025-09-14 20:22:25 - [INFO] -   [DEBUG BSI]     - bsi_quantification_ant.json (FILE)
2025-09-14 20:22:25 - [INFO] -   [DEBUG BSI]     - bsi_quantification_post.json (FILE)
2025-09-14 20:22:25 - [INFO] -   [DEBUG BSI]     - post_hotspot_classification.json (FILE)
2025-09-14 20:22:25 - [INFO] -   [DEBUG BSI]     - post_hotspot_classification.png (FILE)
2025-09-14 20:22:25 - [INFO] -   [DEBUG BSI]     - post_hotspot_classification.xml (FILE)
2025-09-14 20:22:25 - [INFO] -   [DEBUG BSI]     - post_hotspot_otsu_colored.png (FILE)
2025-09-14 20:22:25 - [INFO] -   [DEBUG BSI]     - post_hotspot_otsu_colored_blend.png (FILE)
2025-09-14 20:22:25 - [INFO] -   [DEBUG BSI]     - post_hotspot_otsu_grayscale.png (FILE)
2025-09-14 20:22:25 - [INFO] -   [DEBUG BSI]     - post_hotspot_yolo.xml (FILE)
2025-09-14 20:22:25 - [INFO] -   [DEBUG BSI]     - post_mask.png (FILE)
2025-09-14 20:22:25 - [INFO] -   [DEBUG BSI]     - post_original.png (FILE)
2025-09-14 20:22:25 - [INFO] -   [DEBUG BSI]     - post_segm.png (FILE)
2025-09-14 20:22:25 - [INFO] -   [DEBUG BSI]     - 5001_2.dcm (FILE)
2025-09-14 20:22:25 - [INFO] -   [DEBUG BSI]     - ant_hotspot_classification.json (FILE)
2025-09-14 20:22:25 - [INFO] -   [DEBUG BSI]     - ant_hotspot_classification.png (FILE)
2025-09-14 20:22:25 - [INFO] -   [DEBUG BSI]     - ant_hotspot_classification.xml (FILE)
2025-09-14 20:22:25 - [INFO] -   [DEBUG BSI]     - ant_hotspot_otsu_colored.png (FILE)
2025-09-14 20:22:25 - [INFO] -   [DEBUG BSI]     - ant_hotspot_otsu_colored_blend.png (FILE)
2025-09-14 20:22:25 - [INFO] -   [DEBUG BSI]     - ant_hotspot_otsu_grayscale.png (FILE)
2025-09-14 20:22:25 - [INFO] -   [DEBUG BSI]     - ant_hotspot_yolo.xml (FILE)
2025-09-14 20:22:25 - [INFO] -   [DEBUG BSI]     - ant_mask.png (FILE)
2025-09-14 20:22:25 - [INFO] -   [DEBUG BSI]     - ant_original.png (FILE)
2025-09-14 20:22:25 - [INFO] -   [DEBUG BSI]     - ant_segm.png (FILE)
2025-09-14 20:22:25 - [INFO] -   [DEBUG BSI]     - bsi_quantification_ant.json (FILE)
2025-09-14 20:22:25 - [INFO] -   [DEBUG BSI]     - bsi_quantification_post.json (FILE)
2025-09-14 20:22:25 - [INFO] -   [DEBUG BSI]     - post_hotspot_classification.json (FILE)
2025-09-14 20:22:25 - [INFO] -   [DEBUG BSI]     - post_hotspot_classification.png (FILE)
2025-09-14 20:22:25 - [INFO] -   [DEBUG BSI]     - post_hotspot_classification.xml (FILE)
2025-09-14 20:22:25 - [INFO] -   [DEBUG BSI]     - post_hotspot_otsu_colored.png (FILE)
2025-09-14 20:22:25 - [INFO] -   [DEBUG BSI]     - post_hotspot_otsu_colored_blend.png (FILE)
2025-09-14 20:22:25 - [INFO] -   [DEBUG BSI]     - post_hotspot_otsu_grayscale.png (FILE)
2025-09-14 20:22:25 - [INFO] -   [DEBUG BSI]     - post_hotspot_yolo.xml (FILE)
2025-09-14 20:22:25 - [INFO] -   [DEBUG BSI]     - post_mask.png (FILE)
2025-09-14 20:22:25 - [INFO] -   [DEBUG BSI]     - post_original.png (FILE)
2025-09-14 20:22:25 - [INFO] -   [DEBUG BSI]     - post_segm.png (FILE)
2025-09-14 20:22:25 - [INFO] -   [DEBUG BSI]     - 5001_3.dcm (FILE)
2025-09-14 20:22:25 - [INFO] -   [DEBUG BSI]     - ant_hotspot_classification.json (FILE)
2025-09-14 20:22:25 - [INFO] -   [DEBUG BSI]     - ant_hotspot_classification.png (FILE)
2025-09-14 20:22:25 - [INFO] -   [DEBUG BSI]     - ant_hotspot_classification.xml (FILE)
2025-09-14 20:22:25 - [INFO] -   [DEBUG BSI]     - ant_hotspot_otsu_colored.png (FILE)
2025-09-14 20:22:25 - [INFO] -   [DEBUG BSI]     - ant_hotspot_otsu_colored_blend.png (FILE)
2025-09-14 20:22:25 - [INFO] -   [DEBUG BSI]     - ant_hotspot_otsu_grayscale.png (FILE)
2025-09-14 20:22:25 - [INFO] -   [DEBUG BSI]     - ant_hotspot_yolo.xml (FILE)
2025-09-14 20:22:25 - [INFO] -   [DEBUG BSI]     - ant_mask.png (FILE)
2025-09-14 20:22:25 - [INFO] -   [DEBUG BSI]     - ant_original.png (FILE)
2025-09-14 20:22:25 - [INFO] -   [DEBUG BSI]     - ant_segm.png (FILE)
2025-09-14 20:22:25 - [INFO] -   [DEBUG BSI]     - bsi_quantification_ant.json (FILE)
2025-09-14 20:22:25 - [INFO] -   [DEBUG BSI]     - bsi_quantification_post.json (FILE)
2025-09-14 20:22:25 - [INFO] -   [DEBUG BSI]     - post_hotspot_classification.json (FILE)
2025-09-14 20:22:25 - [INFO] -   [DEBUG BSI]     - post_hotspot_classification.png (FILE)
2025-09-14 20:22:25 - [INFO] -   [DEBUG BSI]     - post_hotspot_classification.xml (FILE)
2025-09-14 20:22:25 - [INFO] -   [DEBUG BSI]     - post_hotspot_otsu_colored.png (FILE)
2025-09-14 20:22:25 - [INFO] -   [DEBUG BSI]     - post_hotspot_otsu_colored_blend.png (FILE)
2025-09-14 20:22:25 - [INFO] -   [DEBUG BSI]     - post_hotspot_otsu_grayscale.png (FILE)
2025-09-14 20:22:25 - [INFO] -   [DEBUG BSI]     - post_hotspot_yolo.xml (FILE)
2025-09-14 20:22:25 - [INFO] -   [DEBUG BSI]     - post_mask.png (FILE)
2025-09-14 20:22:25 - [INFO] -   [DEBUG BSI]     - post_original.png (FILE)
2025-09-14 20:22:25 - [INFO] -   [DEBUG BSI]     - post_segm.png (FILE)
2025-09-14 20:22:25 - [INFO] -   [DEBUG BSI]     - 5001_4.dcm (FILE)
2025-09-14 20:22:25 - [INFO] -   [DEBUG BSI]     - ant_hotspot_classification.json (FILE)
2025-09-14 20:22:25 - [INFO] -   [DEBUG BSI]     - ant_hotspot_classification.png (FILE)
2025-09-14 20:22:25 - [INFO] -   [DEBUG BSI]     - ant_hotspot_classification.xml (FILE)
2025-09-14 20:22:25 - [INFO] -   [DEBUG BSI]     - ant_hotspot_otsu_colored.png (FILE)
2025-09-14 20:22:25 - [INFO] -   [DEBUG BSI]     - ant_hotspot_otsu_colored_blend.png (FILE)
2025-09-14 20:22:25 - [INFO] -   [DEBUG BSI]     - ant_hotspot_otsu_grayscale.png (FILE)
2025-09-14 20:22:25 - [INFO] -   [DEBUG BSI]     - ant_hotspot_yolo.xml (FILE)
2025-09-14 20:22:25 - [INFO] -   [DEBUG BSI]     - ant_mask.png (FILE)
2025-09-14 20:22:25 - [INFO] -   [DEBUG BSI]     - ant_original.png (FILE)
2025-09-14 20:22:25 - [INFO] -   [DEBUG BSI]     - ant_segm.png (FILE)
2025-09-14 20:22:25 - [INFO] -   [DEBUG BSI]     - bsi_quantification_ant.json (FILE)
2025-09-14 20:22:25 - [INFO] -   [DEBUG BSI]     - bsi_quantification_post.json (FILE)
2025-09-14 20:22:25 - [INFO] -   [DEBUG BSI]     - post_hotspot_classification.json (FILE)
2025-09-14 20:22:25 - [INFO] -   [DEBUG BSI]     - post_hotspot_classification.png (FILE)
2025-09-14 20:22:25 - [INFO] -   [DEBUG BSI]     - post_hotspot_classification.xml (FILE)
2025-09-14 20:22:25 - [INFO] -   [DEBUG BSI]     - post_hotspot_otsu_colored.png (FILE)
2025-09-14 20:22:25 - [INFO] -   [DEBUG BSI]     - post_hotspot_otsu_colored_blend.png (FILE)
2025-09-14 20:22:25 - [INFO] -   [DEBUG BSI]     - post_hotspot_otsu_grayscale.png (FILE)
2025-09-14 20:22:25 - [INFO] -   [DEBUG BSI]     - post_hotspot_yolo.xml (FILE)
2025-09-14 20:22:25 - [INFO] -   [DEBUG BSI]     - post_mask.png (FILE)
2025-09-14 20:22:25 - [INFO] -   [DEBUG BSI]     - post_original.png (FILE)
2025-09-14 20:22:25 - [INFO] -   [DEBUG BSI]     - post_segm.png (FILE)
2025-09-14 20:22:25 - [INFO] -   [DEBUG BSI]     - 5001_5.dcm (FILE)
2025-09-14 20:22:25 - [INFO] -   [DEBUG BSI]     - ant_hotspot_classification.json (FILE)
2025-09-14 20:22:25 - [INFO] -   [DEBUG BSI]     - ant_hotspot_classification.png (FILE)
2025-09-14 20:22:25 - [INFO] -   [DEBUG BSI]     - ant_hotspot_classification.xml (FILE)
2025-09-14 20:22:25 - [INFO] -   [DEBUG BSI]     - ant_hotspot_otsu_colored.png (FILE)
2025-09-14 20:22:25 - [INFO] -   [DEBUG BSI]     - ant_hotspot_otsu_colored_blend.png (FILE)
2025-09-14 20:22:25 - [INFO] -   [DEBUG BSI]     - ant_hotspot_otsu_grayscale.png (FILE)
2025-09-14 20:22:25 - [INFO] -   [DEBUG BSI]     - ant_hotspot_yolo.xml (FILE)
2025-09-14 20:22:25 - [INFO] -   [DEBUG BSI]     - ant_mask.png (FILE)
2025-09-14 20:22:25 - [INFO] -   [DEBUG BSI]     - ant_original.png (FILE)
2025-09-14 20:22:25 - [INFO] -   [DEBUG BSI]     - ant_segm.png (FILE)
2025-09-14 20:22:25 - [INFO] -   [DEBUG BSI]     - bsi_quantification_ant.json (FILE)
2025-09-14 20:22:25 - [INFO] -   [DEBUG BSI]     - bsi_quantification_post.json (FILE)
2025-09-14 20:22:25 - [INFO] -   [DEBUG BSI]     - post_hotspot_classification.json (FILE)
2025-09-14 20:22:25 - [INFO] -   [DEBUG BSI]     - post_hotspot_classification.png (FILE)
2025-09-14 20:22:25 - [INFO] -   [DEBUG BSI]     - post_hotspot_classification.xml (FILE)
2025-09-14 20:22:25 - [INFO] -   [DEBUG BSI]     - post_hotspot_otsu_colored.png (FILE)
2025-09-14 20:22:25 - [INFO] -   [DEBUG BSI]     - post_hotspot_otsu_colored_blend.png (FILE)
2025-09-14 20:22:25 - [INFO] -   [DEBUG BSI]     - post_hotspot_otsu_grayscale.png (FILE)
2025-09-14 20:22:25 - [INFO] -   [DEBUG BSI]     - post_hotspot_yolo.xml (FILE)
2025-09-14 20:22:25 - [INFO] -   [DEBUG BSI]     - post_mask.png (FILE)
2025-09-14 20:22:25 - [INFO] -   [DEBUG BSI]     - post_original.png (FILE)
2025-09-14 20:22:25 - [INFO] -   [DEBUG BSI]     - post_segm.png (FILE)
2025-09-14 20:22:25 - [INFO] -   [DEBUG BSI]     - 20250115 (DIR)
2025-09-14 20:22:25 - [INFO] -   [DEBUG BSI]     - 20250214 (DIR)
2025-09-14 20:22:25 - [INFO] -   [DEBUG BSI]     - 20250316 (DIR)
2025-09-14 20:22:25 - [INFO] -   [DEBUG BSI]     - 20250415 (DIR)
2025-09-14 20:22:25 - [INFO] -   [DEBUG BSI]     - 20250515 (DIR)
2025-09-14 20:22:25 - [INFO] - [BSI META INTEGRATION] No BSI scores found for study_date: 20250115
2025-09-14 20:22:25 - [INFO] - [BSI META INTEGRATION] Updating scan meta with BSI data
2025-09-14 20:22:25 - [INFO] - [BSI META INTEGRATION] Session code: ATL
2025-09-14 20:22:25 - [INFO] - [BSI META INTEGRATION] Scan path: C:\hotspot\hotspot-analyzer\data\PLANAR\ATL\5001\20250214\5001_2.dcm
2025-09-14 20:22:25 - [INFO] - [BSI EXTRACT INFO] Extracting from path: C:\hotspot\hotspot-analyzer\data\PLANAR\ATL\5001\20250214\5001_2.dcm
2025-09-14 20:22:25 - [INFO] - [BSI EXTRACT INFO] Extracted study_date from DICOM: 20250214
2025-09-14 20:22:25 - [INFO] - [BSI EXTRACT INFO] Extracted patient_id from study_date structure: 5001
2025-09-14 20:22:25 - [INFO] - [BSI EXTRACT INFO] Final result - Patient: 5001, Study: 20250214
2025-09-14 20:22:25 - [INFO] - [BSI META INTEGRATION] Extracted - Patient: 5001, Study: 20250214
2025-09-14 20:22:25 - [INFO] -   [DEBUG QUANT FILES] Getting quantification files for: C:\hotspot\hotspot-analyzer\data\PLANAR\ATL\5001\20250214
2025-09-14 20:22:25 - [INFO] -   [DEBUG QUANT FILES] Detected study_date folder: C:\hotspot\hotspot-analyzer\data\PLANAR\ATL\5001\20250214
2025-09-14 20:22:25 - [INFO] -   [DEBUG QUANT FILES] Generated paths:
2025-09-14 20:22:25 - [INFO] -   [DEBUG QUANT FILES]   bsi_json_ant: C:\hotspot\hotspot-analyzer\data\PLANAR\ATL\5001\20250214\bsi_quantification_ant.json (exists: True)
2025-09-14 20:22:25 - [INFO] -   [DEBUG QUANT FILES]   bsi_json_post: C:\hotspot\hotspot-analyzer\data\PLANAR\ATL\5001\20250214\bsi_quantification_post.json (exists: True)
2025-09-14 20:22:25 - [INFO] - [BSI META INTEGRATION] Found BSI files in study_date folder: C:\hotspot\hotspot-analyzer\data\PLANAR\ATL\5001\20250214
2025-09-14 20:22:25 - [INFO] - [BSI META INTEGRATION] Using patient folder: C:\hotspot\hotspot-analyzer\data\PLANAR\ATL\5001\20250214
2025-09-14 20:22:25 - [INFO] -   [DEBUG BSI] Detected study_date folder, using parent: C:\hotspot\hotspot-analyzer\data\PLANAR\ATL\5001
2025-09-14 20:22:25 - [INFO] -   [DEBUG BSI] Found study_date folder: 20250115
2025-09-14 20:22:25 - [INFO] -   [DEBUG BSI] Found study_date folder: 20250214
2025-09-14 20:22:25 - [INFO] -   [DEBUG BSI] Found study_date folder: 20250316
2025-09-14 20:22:25 - [INFO] -   [DEBUG BSI] Found study_date folder: 20250415
2025-09-14 20:22:25 - [INFO] -   [DEBUG BSI] Found study_date folder: 20250515
2025-09-14 20:22:25 - [INFO] -   [DEBUG BSI]     - 20250115 (DIR)
2025-09-14 20:22:25 - [INFO] -   [DEBUG BSI]     - 20250214 (DIR)
2025-09-14 20:22:25 - [INFO] -   [DEBUG BSI]     - 20250316 (DIR)
2025-09-14 20:22:25 - [INFO] -   [DEBUG BSI]     - 20250415 (DIR)
2025-09-14 20:22:25 - [INFO] -   [DEBUG BSI]     - 20250515 (DIR)
2025-09-14 20:22:25 - [INFO] -   [DEBUG BSI]     - 20250822 (DIR)
2025-09-14 20:22:25 - [INFO] -   [DEBUG BSI]     - 5001_1.dcm (FILE)
2025-09-14 20:22:25 - [INFO] -   [DEBUG BSI]     - ant_hotspot_classification.json (FILE)
2025-09-14 20:22:25 - [INFO] -   [DEBUG BSI]     - ant_hotspot_classification.png (FILE)
2025-09-14 20:22:25 - [INFO] -   [DEBUG BSI]     - ant_hotspot_classification.xml (FILE)
2025-09-14 20:22:25 - [INFO] -   [DEBUG BSI]     - ant_hotspot_otsu_colored.png (FILE)
2025-09-14 20:22:25 - [INFO] -   [DEBUG BSI]     - ant_hotspot_otsu_colored_blend.png (FILE)
2025-09-14 20:22:25 - [INFO] -   [DEBUG BSI]     - ant_hotspot_otsu_grayscale.png (FILE)
2025-09-14 20:22:25 - [INFO] -   [DEBUG BSI]     - ant_hotspot_yolo.xml (FILE)
2025-09-14 20:22:25 - [INFO] -   [DEBUG BSI]     - ant_mask.png (FILE)
2025-09-14 20:22:25 - [INFO] -   [DEBUG BSI]     - ant_original.png (FILE)
2025-09-14 20:22:25 - [INFO] -   [DEBUG BSI]     - ant_segm.png (FILE)
2025-09-14 20:22:25 - [INFO] -   [DEBUG BSI]     - bsi_quantification_ant.json (FILE)
2025-09-14 20:22:25 - [INFO] -   [DEBUG BSI]     - bsi_quantification_post.json (FILE)
2025-09-14 20:22:25 - [INFO] -   [DEBUG BSI]     - post_hotspot_classification.json (FILE)
2025-09-14 20:22:25 - [INFO] -   [DEBUG BSI]     - post_hotspot_classification.png (FILE)
2025-09-14 20:22:25 - [INFO] -   [DEBUG BSI]     - post_hotspot_classification.xml (FILE)
2025-09-14 20:22:25 - [INFO] -   [DEBUG BSI]     - post_hotspot_otsu_colored.png (FILE)
2025-09-14 20:22:25 - [INFO] -   [DEBUG BSI]     - post_hotspot_otsu_colored_blend.png (FILE)
2025-09-14 20:22:25 - [INFO] -   [DEBUG BSI]     - post_hotspot_otsu_grayscale.png (FILE)
2025-09-14 20:22:25 - [INFO] -   [DEBUG BSI]     - post_hotspot_yolo.xml (FILE)
2025-09-14 20:22:25 - [INFO] -   [DEBUG BSI]     - post_mask.png (FILE)
2025-09-14 20:22:25 - [INFO] -   [DEBUG BSI]     - post_original.png (FILE)
2025-09-14 20:22:25 - [INFO] -   [DEBUG BSI]     - post_segm.png (FILE)
2025-09-14 20:22:25 - [INFO] -   [DEBUG BSI]     - 5001_2.dcm (FILE)
2025-09-14 20:22:25 - [INFO] -   [DEBUG BSI]     - ant_hotspot_classification.json (FILE)
2025-09-14 20:22:25 - [INFO] -   [DEBUG BSI]     - ant_hotspot_classification.png (FILE)
2025-09-14 20:22:25 - [INFO] -   [DEBUG BSI]     - ant_hotspot_classification.xml (FILE)
2025-09-14 20:22:25 - [INFO] -   [DEBUG BSI]     - ant_hotspot_otsu_colored.png (FILE)
2025-09-14 20:22:25 - [INFO] -   [DEBUG BSI]     - ant_hotspot_otsu_colored_blend.png (FILE)
2025-09-14 20:22:25 - [INFO] -   [DEBUG BSI]     - ant_hotspot_otsu_grayscale.png (FILE)
2025-09-14 20:22:25 - [INFO] -   [DEBUG BSI]     - ant_hotspot_yolo.xml (FILE)
2025-09-14 20:22:25 - [INFO] -   [DEBUG BSI]     - ant_mask.png (FILE)
2025-09-14 20:22:25 - [INFO] -   [DEBUG BSI]     - ant_original.png (FILE)
2025-09-14 20:22:25 - [INFO] -   [DEBUG BSI]     - ant_segm.png (FILE)
2025-09-14 20:22:25 - [INFO] -   [DEBUG BSI]     - bsi_quantification_ant.json (FILE)
2025-09-14 20:22:25 - [INFO] -   [DEBUG BSI]     - bsi_quantification_post.json (FILE)
2025-09-14 20:22:25 - [INFO] -   [DEBUG BSI]     - post_hotspot_classification.json (FILE)
2025-09-14 20:22:25 - [INFO] -   [DEBUG BSI]     - post_hotspot_classification.png (FILE)
2025-09-14 20:22:25 - [INFO] -   [DEBUG BSI]     - post_hotspot_classification.xml (FILE)
2025-09-14 20:22:25 - [INFO] -   [DEBUG BSI]     - post_hotspot_otsu_colored.png (FILE)
2025-09-14 20:22:25 - [INFO] -   [DEBUG BSI]     - post_hotspot_otsu_colored_blend.png (FILE)
2025-09-14 20:22:25 - [INFO] -   [DEBUG BSI]     - post_hotspot_otsu_grayscale.png (FILE)
2025-09-14 20:22:25 - [INFO] -   [DEBUG BSI]     - post_hotspot_yolo.xml (FILE)
2025-09-14 20:22:25 - [INFO] -   [DEBUG BSI]     - post_mask.png (FILE)
2025-09-14 20:22:25 - [INFO] -   [DEBUG BSI]     - post_original.png (FILE)
2025-09-14 20:22:25 - [INFO] -   [DEBUG BSI]     - post_segm.png (FILE)
2025-09-14 20:22:25 - [INFO] -   [DEBUG BSI]     - 5001_3.dcm (FILE)
2025-09-14 20:22:25 - [INFO] -   [DEBUG BSI]     - ant_hotspot_classification.json (FILE)
2025-09-14 20:22:25 - [INFO] -   [DEBUG BSI]     - ant_hotspot_classification.png (FILE)
2025-09-14 20:22:25 - [INFO] -   [DEBUG BSI]     - ant_hotspot_classification.xml (FILE)
2025-09-14 20:22:25 - [INFO] -   [DEBUG BSI]     - ant_hotspot_otsu_colored.png (FILE)
2025-09-14 20:22:25 - [INFO] -   [DEBUG BSI]     - ant_hotspot_otsu_colored_blend.png (FILE)
2025-09-14 20:22:25 - [INFO] -   [DEBUG BSI]     - ant_hotspot_otsu_grayscale.png (FILE)
2025-09-14 20:22:25 - [INFO] -   [DEBUG BSI]     - ant_hotspot_yolo.xml (FILE)
2025-09-14 20:22:25 - [INFO] -   [DEBUG BSI]     - ant_mask.png (FILE)
2025-09-14 20:22:25 - [INFO] -   [DEBUG BSI]     - ant_original.png (FILE)
2025-09-14 20:22:25 - [INFO] -   [DEBUG BSI]     - ant_segm.png (FILE)
2025-09-14 20:22:25 - [INFO] -   [DEBUG BSI]     - bsi_quantification_ant.json (FILE)
2025-09-14 20:22:25 - [INFO] -   [DEBUG BSI]     - bsi_quantification_post.json (FILE)
2025-09-14 20:22:25 - [INFO] -   [DEBUG BSI]     - post_hotspot_classification.json (FILE)
2025-09-14 20:22:25 - [INFO] -   [DEBUG BSI]     - post_hotspot_classification.png (FILE)
2025-09-14 20:22:25 - [INFO] -   [DEBUG BSI]     - post_hotspot_classification.xml (FILE)
2025-09-14 20:22:25 - [INFO] -   [DEBUG BSI]     - post_hotspot_otsu_colored.png (FILE)
2025-09-14 20:22:25 - [INFO] -   [DEBUG BSI]     - post_hotspot_otsu_colored_blend.png (FILE)
2025-09-14 20:22:25 - [INFO] -   [DEBUG BSI]     - post_hotspot_otsu_grayscale.png (FILE)
2025-09-14 20:22:25 - [INFO] -   [DEBUG BSI]     - post_hotspot_yolo.xml (FILE)
2025-09-14 20:22:25 - [INFO] -   [DEBUG BSI]     - post_mask.png (FILE)
2025-09-14 20:22:25 - [INFO] -   [DEBUG BSI]     - post_original.png (FILE)
2025-09-14 20:22:25 - [INFO] -   [DEBUG BSI]     - post_segm.png (FILE)
2025-09-14 20:22:25 - [INFO] -   [DEBUG BSI]     - 5001_4.dcm (FILE)
2025-09-14 20:22:25 - [INFO] -   [DEBUG BSI]     - ant_hotspot_classification.json (FILE)
2025-09-14 20:22:25 - [INFO] -   [DEBUG BSI]     - ant_hotspot_classification.png (FILE)
2025-09-14 20:22:25 - [INFO] -   [DEBUG BSI]     - ant_hotspot_classification.xml (FILE)
2025-09-14 20:22:25 - [INFO] -   [DEBUG BSI]     - ant_hotspot_otsu_colored.png (FILE)
2025-09-14 20:22:25 - [INFO] -   [DEBUG BSI]     - ant_hotspot_otsu_colored_blend.png (FILE)
2025-09-14 20:22:25 - [INFO] -   [DEBUG BSI]     - ant_hotspot_otsu_grayscale.png (FILE)
2025-09-14 20:22:25 - [INFO] -   [DEBUG BSI]     - ant_hotspot_yolo.xml (FILE)
2025-09-14 20:22:25 - [INFO] -   [DEBUG BSI]     - ant_mask.png (FILE)
2025-09-14 20:22:25 - [INFO] -   [DEBUG BSI]     - ant_original.png (FILE)
2025-09-14 20:22:25 - [INFO] -   [DEBUG BSI]     - ant_segm.png (FILE)
2025-09-14 20:22:25 - [INFO] -   [DEBUG BSI]     - bsi_quantification_ant.json (FILE)
2025-09-14 20:22:25 - [INFO] -   [DEBUG BSI]     - bsi_quantification_post.json (FILE)
2025-09-14 20:22:25 - [INFO] -   [DEBUG BSI]     - post_hotspot_classification.json (FILE)
2025-09-14 20:22:25 - [INFO] -   [DEBUG BSI]     - post_hotspot_classification.png (FILE)
2025-09-14 20:22:25 - [INFO] -   [DEBUG BSI]     - post_hotspot_classification.xml (FILE)
2025-09-14 20:22:25 - [INFO] -   [DEBUG BSI]     - post_hotspot_otsu_colored.png (FILE)
2025-09-14 20:22:25 - [INFO] -   [DEBUG BSI]     - post_hotspot_otsu_colored_blend.png (FILE)
2025-09-14 20:22:25 - [INFO] -   [DEBUG BSI]     - post_hotspot_otsu_grayscale.png (FILE)
2025-09-14 20:22:25 - [INFO] -   [DEBUG BSI]     - post_hotspot_yolo.xml (FILE)
2025-09-14 20:22:25 - [INFO] -   [DEBUG BSI]     - post_mask.png (FILE)
2025-09-14 20:22:25 - [INFO] -   [DEBUG BSI]     - post_original.png (FILE)
2025-09-14 20:22:25 - [INFO] -   [DEBUG BSI]     - post_segm.png (FILE)
2025-09-14 20:22:25 - [INFO] -   [DEBUG BSI]     - 5001_5.dcm (FILE)
2025-09-14 20:22:25 - [INFO] -   [DEBUG BSI]     - ant_hotspot_classification.json (FILE)
2025-09-14 20:22:25 - [INFO] -   [DEBUG BSI]     - ant_hotspot_classification.png (FILE)
2025-09-14 20:22:25 - [INFO] -   [DEBUG BSI]     - ant_hotspot_classification.xml (FILE)
2025-09-14 20:22:25 - [INFO] -   [DEBUG BSI]     - ant_hotspot_otsu_colored.png (FILE)
2025-09-14 20:22:25 - [INFO] -   [DEBUG BSI]     - ant_hotspot_otsu_colored_blend.png (FILE)
2025-09-14 20:22:25 - [INFO] -   [DEBUG BSI]     - ant_hotspot_otsu_grayscale.png (FILE)
2025-09-14 20:22:25 - [INFO] -   [DEBUG BSI]     - ant_hotspot_yolo.xml (FILE)
2025-09-14 20:22:25 - [INFO] -   [DEBUG BSI]     - ant_mask.png (FILE)
2025-09-14 20:22:25 - [INFO] -   [DEBUG BSI]     - ant_original.png (FILE)
2025-09-14 20:22:25 - [INFO] -   [DEBUG BSI]     - ant_segm.png (FILE)
2025-09-14 20:22:25 - [INFO] -   [DEBUG BSI]     - bsi_quantification_ant.json (FILE)
2025-09-14 20:22:25 - [INFO] -   [DEBUG BSI]     - bsi_quantification_post.json (FILE)
2025-09-14 20:22:25 - [INFO] -   [DEBUG BSI]     - post_hotspot_classification.json (FILE)
2025-09-14 20:22:25 - [INFO] -   [DEBUG BSI]     - post_hotspot_classification.png (FILE)
2025-09-14 20:22:25 - [INFO] -   [DEBUG BSI]     - post_hotspot_classification.xml (FILE)
2025-09-14 20:22:25 - [INFO] -   [DEBUG BSI]     - post_hotspot_otsu_colored.png (FILE)
2025-09-14 20:22:25 - [INFO] -   [DEBUG BSI]     - post_hotspot_otsu_colored_blend.png (FILE)
2025-09-14 20:22:25 - [INFO] -   [DEBUG BSI]     - post_hotspot_otsu_grayscale.png (FILE)
2025-09-14 20:22:25 - [INFO] -   [DEBUG BSI]     - post_hotspot_yolo.xml (FILE)
2025-09-14 20:22:25 - [INFO] -   [DEBUG BSI]     - post_mask.png (FILE)
2025-09-14 20:22:25 - [INFO] -   [DEBUG BSI]     - post_original.png (FILE)
2025-09-14 20:22:25 - [INFO] -   [DEBUG BSI]     - post_segm.png (FILE)
2025-09-14 20:22:25 - [INFO] -   [DEBUG BSI]     - 20250115 (DIR)
2025-09-14 20:22:25 - [INFO] -   [DEBUG BSI]     - 20250214 (DIR)
2025-09-14 20:22:25 - [INFO] -   [DEBUG BSI]     - 20250316 (DIR)
2025-09-14 20:22:25 - [INFO] -   [DEBUG BSI]     - 20250415 (DIR)
2025-09-14 20:22:25 - [INFO] -   [DEBUG BSI]     - 20250515 (DIR)
2025-09-14 20:22:25 - [INFO] - [BSI META INTEGRATION] Found BSI data: {'study_date': '20250214', 'anterior_bsi': 1.051394673420531, 'posterior_bsi': 1.0889740386026672, 'combined_bsi': 1.0701843560115991, 'bsi_score': 1.0701843560115991, 'file_source': 'bsi_quantification_ant.json + bsi_quantification_post.json', 'processing_mode': 'dual_view', 'is_v2': True, 'source_location': 'Study date folder'}
2025-09-14 20:22:25 - [INFO] - [BSI META INTEGRATION]   Updated meta with BSI data:
2025-09-14 20:22:25 - [INFO] - [BSI META INTEGRATION]   Anterior BSI: 1.051394673420531
2025-09-14 20:22:25 - [INFO] - [BSI META INTEGRATION]   Posterior BSI: 1.0889740386026672
2025-09-14 20:22:25 - [INFO] - [BSI META INTEGRATION]   Processing mode: dual_view
2025-09-14 20:22:25 - [INFO] - [BSI META INTEGRATION] Updating scan meta with BSI data
2025-09-14 20:22:25 - [INFO] - [BSI META INTEGRATION] Session code: ATL
2025-09-14 20:22:25 - [INFO] - [BSI META INTEGRATION] Scan path: C:\hotspot\hotspot-analyzer\data\PLANAR\ATL\5001\20250316\5001_3.dcm
2025-09-14 20:22:25 - [INFO] - [BSI EXTRACT INFO] Extracting from path: C:\hotspot\hotspot-analyzer\data\PLANAR\ATL\5001\20250316\5001_3.dcm
2025-09-14 20:22:25 - [INFO] - [BSI EXTRACT INFO] Extracted study_date from DICOM: 20250316
2025-09-14 20:22:25 - [INFO] - [BSI EXTRACT INFO] Extracted patient_id from study_date structure: 5001
2025-09-14 20:22:25 - [INFO] - [BSI EXTRACT INFO] Final result - Patient: 5001, Study: 20250316
2025-09-14 20:22:25 - [INFO] - [BSI META INTEGRATION] Extracted - Patient: 5001, Study: 20250316
2025-09-14 20:22:25 - [INFO] -   [DEBUG QUANT FILES] Getting quantification files for: C:\hotspot\hotspot-analyzer\data\PLANAR\ATL\5001\20250316
2025-09-14 20:22:25 - [INFO] -   [DEBUG QUANT FILES] Detected study_date folder: C:\hotspot\hotspot-analyzer\data\PLANAR\ATL\5001\20250316
2025-09-14 20:22:25 - [INFO] -   [DEBUG QUANT FILES] Generated paths:
2025-09-14 20:22:25 - [INFO] -   [DEBUG QUANT FILES]   bsi_json_ant: C:\hotspot\hotspot-analyzer\data\PLANAR\ATL\5001\20250316\bsi_quantification_ant.json (exists: True)
2025-09-14 20:22:26 - [INFO] -   [DEBUG QUANT FILES]   bsi_json_post: C:\hotspot\hotspot-analyzer\data\PLANAR\ATL\5001\20250316\bsi_quantification_post.json (exists: True)
2025-09-14 20:22:26 - [INFO] - [BSI META INTEGRATION] Found BSI files in study_date folder: C:\hotspot\hotspot-analyzer\data\PLANAR\ATL\5001\20250316
2025-09-14 20:22:26 - [INFO] - [BSI META INTEGRATION] Using patient folder: C:\hotspot\hotspot-analyzer\data\PLANAR\ATL\5001\20250316
2025-09-14 20:22:26 - [INFO] -   [DEBUG BSI] Detected study_date folder, using parent: C:\hotspot\hotspot-analyzer\data\PLANAR\ATL\5001
2025-09-14 20:22:26 - [INFO] -   [DEBUG BSI] Found study_date folder: 20250115
2025-09-14 20:22:26 - [INFO] -   [DEBUG BSI] Found study_date folder: 20250214
2025-09-14 20:22:26 - [INFO] -   [DEBUG BSI] Found study_date folder: 20250316
2025-09-14 20:22:26 - [INFO] -   [DEBUG BSI] Found study_date folder: 20250415
2025-09-14 20:22:26 - [INFO] -   [DEBUG BSI] Found study_date folder: 20250515
2025-09-14 20:22:26 - [INFO] -   [DEBUG BSI]     - 20250115 (DIR)
2025-09-14 20:22:26 - [INFO] -   [DEBUG BSI]     - 20250214 (DIR)
2025-09-14 20:22:26 - [INFO] -   [DEBUG BSI]     - 20250316 (DIR)
2025-09-14 20:22:26 - [INFO] -   [DEBUG BSI]     - 20250415 (DIR)
2025-09-14 20:22:26 - [INFO] -   [DEBUG BSI]     - 20250515 (DIR)
2025-09-14 20:22:26 - [INFO] -   [DEBUG BSI]     - 20250822 (DIR)
2025-09-14 20:22:26 - [INFO] -   [DEBUG BSI]     - 5001_1.dcm (FILE)
2025-09-14 20:22:26 - [INFO] -   [DEBUG BSI]     - ant_hotspot_classification.json (FILE)
2025-09-14 20:22:26 - [INFO] -   [DEBUG BSI]     - ant_hotspot_classification.png (FILE)
2025-09-14 20:22:26 - [INFO] -   [DEBUG BSI]     - ant_hotspot_classification.xml (FILE)
2025-09-14 20:22:26 - [INFO] -   [DEBUG BSI]     - ant_hotspot_otsu_colored.png (FILE)
2025-09-14 20:22:26 - [INFO] -   [DEBUG BSI]     - ant_hotspot_otsu_colored_blend.png (FILE)
2025-09-14 20:22:26 - [INFO] -   [DEBUG BSI]     - ant_hotspot_otsu_grayscale.png (FILE)
2025-09-14 20:22:26 - [INFO] -   [DEBUG BSI]     - ant_hotspot_yolo.xml (FILE)
2025-09-14 20:22:26 - [INFO] -   [DEBUG BSI]     - ant_mask.png (FILE)
2025-09-14 20:22:26 - [INFO] -   [DEBUG BSI]     - ant_original.png (FILE)
2025-09-14 20:22:26 - [INFO] -   [DEBUG BSI]     - ant_segm.png (FILE)
2025-09-14 20:22:26 - [INFO] -   [DEBUG BSI]     - bsi_quantification_ant.json (FILE)
2025-09-14 20:22:26 - [INFO] -   [DEBUG BSI]     - bsi_quantification_post.json (FILE)
2025-09-14 20:22:26 - [INFO] -   [DEBUG BSI]     - post_hotspot_classification.json (FILE)
2025-09-14 20:22:26 - [INFO] -   [DEBUG BSI]     - post_hotspot_classification.png (FILE)
2025-09-14 20:22:26 - [INFO] -   [DEBUG BSI]     - post_hotspot_classification.xml (FILE)
2025-09-14 20:22:26 - [INFO] -   [DEBUG BSI]     - post_hotspot_otsu_colored.png (FILE)
2025-09-14 20:22:26 - [INFO] -   [DEBUG BSI]     - post_hotspot_otsu_colored_blend.png (FILE)
2025-09-14 20:22:26 - [INFO] -   [DEBUG BSI]     - post_hotspot_otsu_grayscale.png (FILE)
2025-09-14 20:22:26 - [INFO] -   [DEBUG BSI]     - post_hotspot_yolo.xml (FILE)
2025-09-14 20:22:26 - [INFO] -   [DEBUG BSI]     - post_mask.png (FILE)
2025-09-14 20:22:26 - [INFO] -   [DEBUG BSI]     - post_original.png (FILE)
2025-09-14 20:22:26 - [INFO] -   [DEBUG BSI]     - post_segm.png (FILE)
2025-09-14 20:22:26 - [INFO] -   [DEBUG BSI]     - 5001_2.dcm (FILE)
2025-09-14 20:22:26 - [INFO] -   [DEBUG BSI]     - ant_hotspot_classification.json (FILE)
2025-09-14 20:22:26 - [INFO] -   [DEBUG BSI]     - ant_hotspot_classification.png (FILE)
2025-09-14 20:22:26 - [INFO] -   [DEBUG BSI]     - ant_hotspot_classification.xml (FILE)
2025-09-14 20:22:26 - [INFO] -   [DEBUG BSI]     - ant_hotspot_otsu_colored.png (FILE)
2025-09-14 20:22:26 - [INFO] -   [DEBUG BSI]     - ant_hotspot_otsu_colored_blend.png (FILE)
2025-09-14 20:22:26 - [INFO] -   [DEBUG BSI]     - ant_hotspot_otsu_grayscale.png (FILE)
2025-09-14 20:22:26 - [INFO] -   [DEBUG BSI]     - ant_hotspot_yolo.xml (FILE)
2025-09-14 20:22:26 - [INFO] -   [DEBUG BSI]     - ant_mask.png (FILE)
2025-09-14 20:22:26 - [INFO] -   [DEBUG BSI]     - ant_original.png (FILE)
2025-09-14 20:22:26 - [INFO] -   [DEBUG BSI]     - ant_segm.png (FILE)
2025-09-14 20:22:26 - [INFO] -   [DEBUG BSI]     - bsi_quantification_ant.json (FILE)
2025-09-14 20:22:26 - [INFO] -   [DEBUG BSI]     - bsi_quantification_post.json (FILE)
2025-09-14 20:22:26 - [INFO] -   [DEBUG BSI]     - post_hotspot_classification.json (FILE)
2025-09-14 20:22:26 - [INFO] -   [DEBUG BSI]     - post_hotspot_classification.png (FILE)
2025-09-14 20:22:26 - [INFO] -   [DEBUG BSI]     - post_hotspot_classification.xml (FILE)
2025-09-14 20:22:26 - [INFO] -   [DEBUG BSI]     - post_hotspot_otsu_colored.png (FILE)
2025-09-14 20:22:26 - [INFO] -   [DEBUG BSI]     - post_hotspot_otsu_colored_blend.png (FILE)
2025-09-14 20:22:26 - [INFO] -   [DEBUG BSI]     - post_hotspot_otsu_grayscale.png (FILE)
2025-09-14 20:22:26 - [INFO] -   [DEBUG BSI]     - post_hotspot_yolo.xml (FILE)
2025-09-14 20:22:26 - [INFO] -   [DEBUG BSI]     - post_mask.png (FILE)
2025-09-14 20:22:26 - [INFO] -   [DEBUG BSI]     - post_original.png (FILE)
2025-09-14 20:22:26 - [INFO] -   [DEBUG BSI]     - post_segm.png (FILE)
2025-09-14 20:22:26 - [INFO] -   [DEBUG BSI]     - 5001_3.dcm (FILE)
2025-09-14 20:22:26 - [INFO] -   [DEBUG BSI]     - ant_hotspot_classification.json (FILE)
2025-09-14 20:22:26 - [INFO] -   [DEBUG BSI]     - ant_hotspot_classification.png (FILE)
2025-09-14 20:22:26 - [INFO] -   [DEBUG BSI]     - ant_hotspot_classification.xml (FILE)
2025-09-14 20:22:26 - [INFO] -   [DEBUG BSI]     - ant_hotspot_otsu_colored.png (FILE)
2025-09-14 20:22:26 - [INFO] -   [DEBUG BSI]     - ant_hotspot_otsu_colored_blend.png (FILE)
2025-09-14 20:22:26 - [INFO] -   [DEBUG BSI]     - ant_hotspot_otsu_grayscale.png (FILE)
2025-09-14 20:22:26 - [INFO] -   [DEBUG BSI]     - ant_hotspot_yolo.xml (FILE)
2025-09-14 20:22:26 - [INFO] -   [DEBUG BSI]     - ant_mask.png (FILE)
2025-09-14 20:22:26 - [INFO] -   [DEBUG BSI]     - ant_original.png (FILE)
2025-09-14 20:22:26 - [INFO] -   [DEBUG BSI]     - ant_segm.png (FILE)
2025-09-14 20:22:26 - [INFO] -   [DEBUG BSI]     - bsi_quantification_ant.json (FILE)
2025-09-14 20:22:26 - [INFO] -   [DEBUG BSI]     - bsi_quantification_post.json (FILE)
2025-09-14 20:22:26 - [INFO] -   [DEBUG BSI]     - post_hotspot_classification.json (FILE)
2025-09-14 20:22:26 - [INFO] -   [DEBUG BSI]     - post_hotspot_classification.png (FILE)
2025-09-14 20:22:26 - [INFO] -   [DEBUG BSI]     - post_hotspot_classification.xml (FILE)
2025-09-14 20:22:26 - [INFO] -   [DEBUG BSI]     - post_hotspot_otsu_colored.png (FILE)
2025-09-14 20:22:26 - [INFO] -   [DEBUG BSI]     - post_hotspot_otsu_colored_blend.png (FILE)
2025-09-14 20:22:26 - [INFO] -   [DEBUG BSI]     - post_hotspot_otsu_grayscale.png (FILE)
2025-09-14 20:22:26 - [INFO] -   [DEBUG BSI]     - post_hotspot_yolo.xml (FILE)
2025-09-14 20:22:26 - [INFO] -   [DEBUG BSI]     - post_mask.png (FILE)
2025-09-14 20:22:26 - [INFO] -   [DEBUG BSI]     - post_original.png (FILE)
2025-09-14 20:22:26 - [INFO] -   [DEBUG BSI]     - post_segm.png (FILE)
2025-09-14 20:22:26 - [INFO] -   [DEBUG BSI]     - 5001_4.dcm (FILE)
2025-09-14 20:22:26 - [INFO] -   [DEBUG BSI]     - ant_hotspot_classification.json (FILE)
2025-09-14 20:22:26 - [INFO] -   [DEBUG BSI]     - ant_hotspot_classification.png (FILE)
2025-09-14 20:22:26 - [INFO] -   [DEBUG BSI]     - ant_hotspot_classification.xml (FILE)
2025-09-14 20:22:26 - [INFO] -   [DEBUG BSI]     - ant_hotspot_otsu_colored.png (FILE)
2025-09-14 20:22:26 - [INFO] -   [DEBUG BSI]     - ant_hotspot_otsu_colored_blend.png (FILE)
2025-09-14 20:22:26 - [INFO] -   [DEBUG BSI]     - ant_hotspot_otsu_grayscale.png (FILE)
2025-09-14 20:22:26 - [INFO] -   [DEBUG BSI]     - ant_hotspot_yolo.xml (FILE)
2025-09-14 20:22:26 - [INFO] -   [DEBUG BSI]     - ant_mask.png (FILE)
2025-09-14 20:22:26 - [INFO] -   [DEBUG BSI]     - ant_original.png (FILE)
2025-09-14 20:22:26 - [INFO] -   [DEBUG BSI]     - ant_segm.png (FILE)
2025-09-14 20:22:26 - [INFO] -   [DEBUG BSI]     - bsi_quantification_ant.json (FILE)
2025-09-14 20:22:26 - [INFO] -   [DEBUG BSI]     - bsi_quantification_post.json (FILE)
2025-09-14 20:22:26 - [INFO] -   [DEBUG BSI]     - post_hotspot_classification.json (FILE)
2025-09-14 20:22:26 - [INFO] -   [DEBUG BSI]     - post_hotspot_classification.png (FILE)
2025-09-14 20:22:26 - [INFO] -   [DEBUG BSI]     - post_hotspot_classification.xml (FILE)
2025-09-14 20:22:26 - [INFO] -   [DEBUG BSI]     - post_hotspot_otsu_colored.png (FILE)
2025-09-14 20:22:26 - [INFO] -   [DEBUG BSI]     - post_hotspot_otsu_colored_blend.png (FILE)
2025-09-14 20:22:26 - [INFO] -   [DEBUG BSI]     - post_hotspot_otsu_grayscale.png (FILE)
2025-09-14 20:22:26 - [INFO] -   [DEBUG BSI]     - post_hotspot_yolo.xml (FILE)
2025-09-14 20:22:26 - [INFO] -   [DEBUG BSI]     - post_mask.png (FILE)
2025-09-14 20:22:26 - [INFO] -   [DEBUG BSI]     - post_original.png (FILE)
2025-09-14 20:22:26 - [INFO] -   [DEBUG BSI]     - post_segm.png (FILE)
2025-09-14 20:22:26 - [INFO] -   [DEBUG BSI]     - 5001_5.dcm (FILE)
2025-09-14 20:22:26 - [INFO] -   [DEBUG BSI]     - ant_hotspot_classification.json (FILE)
2025-09-14 20:22:26 - [INFO] -   [DEBUG BSI]     - ant_hotspot_classification.png (FILE)
2025-09-14 20:22:26 - [INFO] -   [DEBUG BSI]     - ant_hotspot_classification.xml (FILE)
2025-09-14 20:22:26 - [INFO] -   [DEBUG BSI]     - ant_hotspot_otsu_colored.png (FILE)
2025-09-14 20:22:26 - [INFO] -   [DEBUG BSI]     - ant_hotspot_otsu_colored_blend.png (FILE)
2025-09-14 20:22:26 - [INFO] -   [DEBUG BSI]     - ant_hotspot_otsu_grayscale.png (FILE)
2025-09-14 20:22:26 - [INFO] -   [DEBUG BSI]     - ant_hotspot_yolo.xml (FILE)
2025-09-14 20:22:26 - [INFO] -   [DEBUG BSI]     - ant_mask.png (FILE)
2025-09-14 20:22:26 - [INFO] -   [DEBUG BSI]     - ant_original.png (FILE)
2025-09-14 20:22:26 - [INFO] -   [DEBUG BSI]     - ant_segm.png (FILE)
2025-09-14 20:22:26 - [INFO] -   [DEBUG BSI]     - bsi_quantification_ant.json (FILE)
2025-09-14 20:22:26 - [INFO] -   [DEBUG BSI]     - bsi_quantification_post.json (FILE)
2025-09-14 20:22:26 - [INFO] -   [DEBUG BSI]     - post_hotspot_classification.json (FILE)
2025-09-14 20:22:26 - [INFO] -   [DEBUG BSI]     - post_hotspot_classification.png (FILE)
2025-09-14 20:22:26 - [INFO] -   [DEBUG BSI]     - post_hotspot_classification.xml (FILE)
2025-09-14 20:22:26 - [INFO] -   [DEBUG BSI]     - post_hotspot_otsu_colored.png (FILE)
2025-09-14 20:22:26 - [INFO] -   [DEBUG BSI]     - post_hotspot_otsu_colored_blend.png (FILE)
2025-09-14 20:22:26 - [INFO] -   [DEBUG BSI]     - post_hotspot_otsu_grayscale.png (FILE)
2025-09-14 20:22:26 - [INFO] -   [DEBUG BSI]     - post_hotspot_yolo.xml (FILE)
2025-09-14 20:22:26 - [INFO] -   [DEBUG BSI]     - post_mask.png (FILE)
2025-09-14 20:22:26 - [INFO] -   [DEBUG BSI]     - post_original.png (FILE)
2025-09-14 20:22:26 - [INFO] -   [DEBUG BSI]     - post_segm.png (FILE)
2025-09-14 20:22:26 - [INFO] -   [DEBUG BSI]     - 20250115 (DIR)
2025-09-14 20:22:26 - [INFO] -   [DEBUG BSI]     - 20250214 (DIR)
2025-09-14 20:22:26 - [INFO] -   [DEBUG BSI]     - 20250316 (DIR)
2025-09-14 20:22:26 - [INFO] -   [DEBUG BSI]     - 20250415 (DIR)
2025-09-14 20:22:26 - [INFO] -   [DEBUG BSI]     - 20250515 (DIR)
2025-09-14 20:22:26 - [INFO] - [BSI META INTEGRATION] Found BSI data: {'study_date': '20250316', 'anterior_bsi': 1.5613486797522866, 'posterior_bsi': 2.2665429527557532, 'combined_bsi': 1.91394581625402, 'bsi_score': 1.91394581625402, 'file_source': 'bsi_quantification_ant.json + bsi_quantification_post.json', 'processing_mode': 'dual_view', 'is_v2': True, 'source_location': 'Study date folder'}
2025-09-14 20:22:26 - [INFO] - [BSI META INTEGRATION]   Updated meta with BSI data:
2025-09-14 20:22:26 - [INFO] - [BSI META INTEGRATION]   Anterior BSI: 1.5613486797522866
2025-09-14 20:22:26 - [INFO] - [BSI META INTEGRATION]   Posterior BSI: 2.2665429527557532
2025-09-14 20:22:26 - [INFO] - [BSI META INTEGRATION]   Processing mode: dual_view
2025-09-14 20:22:26 - [INFO] - [BSI META INTEGRATION] Updating scan meta with BSI data
2025-09-14 20:22:26 - [INFO] - [BSI META INTEGRATION] Session code: ATL
2025-09-14 20:22:26 - [INFO] - [BSI META INTEGRATION] Scan path: C:\hotspot\hotspot-analyzer\data\PLANAR\ATL\5001\20250415\5001_4.dcm
2025-09-14 20:22:26 - [INFO] - [BSI EXTRACT INFO] Extracting from path: C:\hotspot\hotspot-analyzer\data\PLANAR\ATL\5001\20250415\5001_4.dcm
2025-09-14 20:22:26 - [INFO] - [BSI EXTRACT INFO] Extracted study_date from DICOM: 20250415
2025-09-14 20:22:26 - [INFO] - [BSI EXTRACT INFO] Extracted patient_id from study_date structure: 5001
2025-09-14 20:22:26 - [INFO] - [BSI EXTRACT INFO] Final result - Patient: 5001, Study: 20250415
2025-09-14 20:22:26 - [INFO] - [BSI META INTEGRATION] Extracted - Patient: 5001, Study: 20250415
2025-09-14 20:22:26 - [INFO] -   [DEBUG QUANT FILES] Getting quantification files for: C:\hotspot\hotspot-analyzer\data\PLANAR\ATL\5001\20250415
2025-09-14 20:22:26 - [INFO] -   [DEBUG QUANT FILES] Detected study_date folder: C:\hotspot\hotspot-analyzer\data\PLANAR\ATL\5001\20250415
2025-09-14 20:22:26 - [INFO] -   [DEBUG QUANT FILES] Generated paths:
2025-09-14 20:22:26 - [INFO] -   [DEBUG QUANT FILES]   bsi_json_ant: C:\hotspot\hotspot-analyzer\data\PLANAR\ATL\5001\20250415\bsi_quantification_ant.json (exists: True)
2025-09-14 20:22:26 - [INFO] -   [DEBUG QUANT FILES]   bsi_json_post: C:\hotspot\hotspot-analyzer\data\PLANAR\ATL\5001\20250415\bsi_quantification_post.json (exists: True)
2025-09-14 20:22:26 - [INFO] - [BSI META INTEGRATION] Found BSI files in study_date folder: C:\hotspot\hotspot-analyzer\data\PLANAR\ATL\5001\20250415
2025-09-14 20:22:26 - [INFO] - [BSI META INTEGRATION] Using patient folder: C:\hotspot\hotspot-analyzer\data\PLANAR\ATL\5001\20250415
2025-09-14 20:22:26 - [INFO] -   [DEBUG BSI] Detected study_date folder, using parent: C:\hotspot\hotspot-analyzer\data\PLANAR\ATL\5001
2025-09-14 20:22:26 - [INFO] -   [DEBUG BSI] Found study_date folder: 20250115
2025-09-14 20:22:26 - [INFO] -   [DEBUG BSI] Found study_date folder: 20250214
2025-09-14 20:22:26 - [INFO] -   [DEBUG BSI] Found study_date folder: 20250316
2025-09-14 20:22:26 - [INFO] -   [DEBUG BSI] Found study_date folder: 20250415
2025-09-14 20:22:26 - [INFO] -   [DEBUG BSI] Found study_date folder: 20250515
2025-09-14 20:22:26 - [INFO] -   [DEBUG BSI]     - 20250115 (DIR)
2025-09-14 20:22:26 - [INFO] -   [DEBUG BSI]     - 20250214 (DIR)
2025-09-14 20:22:26 - [INFO] -   [DEBUG BSI]     - 20250316 (DIR)
2025-09-14 20:22:26 - [INFO] -   [DEBUG BSI]     - 20250415 (DIR)
2025-09-14 20:22:26 - [INFO] -   [DEBUG BSI]     - 20250515 (DIR)
2025-09-14 20:22:26 - [INFO] -   [DEBUG BSI]     - 20250822 (DIR)
2025-09-14 20:22:26 - [INFO] -   [DEBUG BSI]     - 5001_1.dcm (FILE)
2025-09-14 20:22:26 - [INFO] -   [DEBUG BSI]     - ant_hotspot_classification.json (FILE)
2025-09-14 20:22:26 - [INFO] -   [DEBUG BSI]     - ant_hotspot_classification.png (FILE)
2025-09-14 20:22:26 - [INFO] -   [DEBUG BSI]     - ant_hotspot_classification.xml (FILE)
2025-09-14 20:22:26 - [INFO] -   [DEBUG BSI]     - ant_hotspot_otsu_colored.png (FILE)
2025-09-14 20:22:26 - [INFO] -   [DEBUG BSI]     - ant_hotspot_otsu_colored_blend.png (FILE)
2025-09-14 20:22:26 - [INFO] -   [DEBUG BSI]     - ant_hotspot_otsu_grayscale.png (FILE)
2025-09-14 20:22:26 - [INFO] -   [DEBUG BSI]     - ant_hotspot_yolo.xml (FILE)
2025-09-14 20:22:26 - [INFO] -   [DEBUG BSI]     - ant_mask.png (FILE)
2025-09-14 20:22:26 - [INFO] -   [DEBUG BSI]     - ant_original.png (FILE)
2025-09-14 20:22:26 - [INFO] -   [DEBUG BSI]     - ant_segm.png (FILE)
2025-09-14 20:22:26 - [INFO] -   [DEBUG BSI]     - bsi_quantification_ant.json (FILE)
2025-09-14 20:22:26 - [INFO] -   [DEBUG BSI]     - bsi_quantification_post.json (FILE)
2025-09-14 20:22:26 - [INFO] -   [DEBUG BSI]     - post_hotspot_classification.json (FILE)
2025-09-14 20:22:26 - [INFO] -   [DEBUG BSI]     - post_hotspot_classification.png (FILE)
2025-09-14 20:22:26 - [INFO] -   [DEBUG BSI]     - post_hotspot_classification.xml (FILE)
2025-09-14 20:22:26 - [INFO] -   [DEBUG BSI]     - post_hotspot_otsu_colored.png (FILE)
2025-09-14 20:22:26 - [INFO] -   [DEBUG BSI]     - post_hotspot_otsu_colored_blend.png (FILE)
2025-09-14 20:22:26 - [INFO] -   [DEBUG BSI]     - post_hotspot_otsu_grayscale.png (FILE)
2025-09-14 20:22:26 - [INFO] -   [DEBUG BSI]     - post_hotspot_yolo.xml (FILE)
2025-09-14 20:22:26 - [INFO] -   [DEBUG BSI]     - post_mask.png (FILE)
2025-09-14 20:22:26 - [INFO] -   [DEBUG BSI]     - post_original.png (FILE)
2025-09-14 20:22:26 - [INFO] -   [DEBUG BSI]     - post_segm.png (FILE)
2025-09-14 20:22:26 - [INFO] -   [DEBUG BSI]     - 5001_2.dcm (FILE)
2025-09-14 20:22:26 - [INFO] -   [DEBUG BSI]     - ant_hotspot_classification.json (FILE)
2025-09-14 20:22:26 - [INFO] -   [DEBUG BSI]     - ant_hotspot_classification.png (FILE)
2025-09-14 20:22:26 - [INFO] -   [DEBUG BSI]     - ant_hotspot_classification.xml (FILE)
2025-09-14 20:22:26 - [INFO] -   [DEBUG BSI]     - ant_hotspot_otsu_colored.png (FILE)
2025-09-14 20:22:26 - [INFO] -   [DEBUG BSI]     - ant_hotspot_otsu_colored_blend.png (FILE)
2025-09-14 20:22:26 - [INFO] -   [DEBUG BSI]     - ant_hotspot_otsu_grayscale.png (FILE)
2025-09-14 20:22:26 - [INFO] -   [DEBUG BSI]     - ant_hotspot_yolo.xml (FILE)
2025-09-14 20:22:26 - [INFO] -   [DEBUG BSI]     - ant_mask.png (FILE)
2025-09-14 20:22:26 - [INFO] -   [DEBUG BSI]     - ant_original.png (FILE)
2025-09-14 20:22:26 - [INFO] -   [DEBUG BSI]     - ant_segm.png (FILE)
2025-09-14 20:22:26 - [INFO] -   [DEBUG BSI]     - bsi_quantification_ant.json (FILE)
2025-09-14 20:22:26 - [INFO] -   [DEBUG BSI]     - bsi_quantification_post.json (FILE)
2025-09-14 20:22:26 - [INFO] -   [DEBUG BSI]     - post_hotspot_classification.json (FILE)
2025-09-14 20:22:26 - [INFO] -   [DEBUG BSI]     - post_hotspot_classification.png (FILE)
2025-09-14 20:22:26 - [INFO] -   [DEBUG BSI]     - post_hotspot_classification.xml (FILE)
2025-09-14 20:22:26 - [INFO] -   [DEBUG BSI]     - post_hotspot_otsu_colored.png (FILE)
2025-09-14 20:22:26 - [INFO] -   [DEBUG BSI]     - post_hotspot_otsu_colored_blend.png (FILE)
2025-09-14 20:22:26 - [INFO] -   [DEBUG BSI]     - post_hotspot_otsu_grayscale.png (FILE)
2025-09-14 20:22:26 - [INFO] -   [DEBUG BSI]     - post_hotspot_yolo.xml (FILE)
2025-09-14 20:22:26 - [INFO] -   [DEBUG BSI]     - post_mask.png (FILE)
2025-09-14 20:22:26 - [INFO] -   [DEBUG BSI]     - post_original.png (FILE)
2025-09-14 20:22:26 - [INFO] -   [DEBUG BSI]     - post_segm.png (FILE)
2025-09-14 20:22:26 - [INFO] -   [DEBUG BSI]     - 5001_3.dcm (FILE)
2025-09-14 20:22:26 - [INFO] -   [DEBUG BSI]     - ant_hotspot_classification.json (FILE)
2025-09-14 20:22:26 - [INFO] -   [DEBUG BSI]     - ant_hotspot_classification.png (FILE)
2025-09-14 20:22:26 - [INFO] -   [DEBUG BSI]     - ant_hotspot_classification.xml (FILE)
2025-09-14 20:22:26 - [INFO] -   [DEBUG BSI]     - ant_hotspot_otsu_colored.png (FILE)
2025-09-14 20:22:26 - [INFO] -   [DEBUG BSI]     - ant_hotspot_otsu_colored_blend.png (FILE)
2025-09-14 20:22:26 - [INFO] -   [DEBUG BSI]     - ant_hotspot_otsu_grayscale.png (FILE)
2025-09-14 20:22:26 - [INFO] -   [DEBUG BSI]     - ant_hotspot_yolo.xml (FILE)
2025-09-14 20:22:26 - [INFO] -   [DEBUG BSI]     - ant_mask.png (FILE)
2025-09-14 20:22:26 - [INFO] -   [DEBUG BSI]     - ant_original.png (FILE)
2025-09-14 20:22:26 - [INFO] -   [DEBUG BSI]     - ant_segm.png (FILE)
2025-09-14 20:22:26 - [INFO] -   [DEBUG BSI]     - bsi_quantification_ant.json (FILE)
2025-09-14 20:22:26 - [INFO] -   [DEBUG BSI]     - bsi_quantification_post.json (FILE)
2025-09-14 20:22:26 - [INFO] -   [DEBUG BSI]     - post_hotspot_classification.json (FILE)
2025-09-14 20:22:26 - [INFO] -   [DEBUG BSI]     - post_hotspot_classification.png (FILE)
2025-09-14 20:22:26 - [INFO] -   [DEBUG BSI]     - post_hotspot_classification.xml (FILE)
2025-09-14 20:22:26 - [INFO] -   [DEBUG BSI]     - post_hotspot_otsu_colored.png (FILE)
2025-09-14 20:22:26 - [INFO] -   [DEBUG BSI]     - post_hotspot_otsu_colored_blend.png (FILE)
2025-09-14 20:22:26 - [INFO] -   [DEBUG BSI]     - post_hotspot_otsu_grayscale.png (FILE)
2025-09-14 20:22:26 - [INFO] -   [DEBUG BSI]     - post_hotspot_yolo.xml (FILE)
2025-09-14 20:22:26 - [INFO] -   [DEBUG BSI]     - post_mask.png (FILE)
2025-09-14 20:22:26 - [INFO] -   [DEBUG BSI]     - post_original.png (FILE)
2025-09-14 20:22:26 - [INFO] -   [DEBUG BSI]     - post_segm.png (FILE)
2025-09-14 20:22:26 - [INFO] -   [DEBUG BSI]     - 5001_4.dcm (FILE)
2025-09-14 20:22:26 - [INFO] -   [DEBUG BSI]     - ant_hotspot_classification.json (FILE)
2025-09-14 20:22:26 - [INFO] -   [DEBUG BSI]     - ant_hotspot_classification.png (FILE)
2025-09-14 20:22:26 - [INFO] -   [DEBUG BSI]     - ant_hotspot_classification.xml (FILE)
2025-09-14 20:22:26 - [INFO] -   [DEBUG BSI]     - ant_hotspot_otsu_colored.png (FILE)
2025-09-14 20:22:26 - [INFO] -   [DEBUG BSI]     - ant_hotspot_otsu_colored_blend.png (FILE)
2025-09-14 20:22:26 - [INFO] -   [DEBUG BSI]     - ant_hotspot_otsu_grayscale.png (FILE)
2025-09-14 20:22:26 - [INFO] -   [DEBUG BSI]     - ant_hotspot_yolo.xml (FILE)
2025-09-14 20:22:26 - [INFO] -   [DEBUG BSI]     - ant_mask.png (FILE)
2025-09-14 20:22:26 - [INFO] -   [DEBUG BSI]     - ant_original.png (FILE)
2025-09-14 20:22:26 - [INFO] -   [DEBUG BSI]     - ant_segm.png (FILE)
2025-09-14 20:22:26 - [INFO] -   [DEBUG BSI]     - bsi_quantification_ant.json (FILE)
2025-09-14 20:22:26 - [INFO] -   [DEBUG BSI]     - bsi_quantification_post.json (FILE)
2025-09-14 20:22:26 - [INFO] -   [DEBUG BSI]     - post_hotspot_classification.json (FILE)
2025-09-14 20:22:26 - [INFO] -   [DEBUG BSI]     - post_hotspot_classification.png (FILE)
2025-09-14 20:22:26 - [INFO] -   [DEBUG BSI]     - post_hotspot_classification.xml (FILE)
2025-09-14 20:22:26 - [INFO] -   [DEBUG BSI]     - post_hotspot_otsu_colored.png (FILE)
2025-09-14 20:22:26 - [INFO] -   [DEBUG BSI]     - post_hotspot_otsu_colored_blend.png (FILE)
2025-09-14 20:22:26 - [INFO] -   [DEBUG BSI]     - post_hotspot_otsu_grayscale.png (FILE)
2025-09-14 20:22:26 - [INFO] -   [DEBUG BSI]     - post_hotspot_yolo.xml (FILE)
2025-09-14 20:22:26 - [INFO] -   [DEBUG BSI]     - post_mask.png (FILE)
2025-09-14 20:22:26 - [INFO] -   [DEBUG BSI]     - post_original.png (FILE)
2025-09-14 20:22:26 - [INFO] -   [DEBUG BSI]     - post_segm.png (FILE)
2025-09-14 20:22:26 - [INFO] -   [DEBUG BSI]     - 5001_5.dcm (FILE)
2025-09-14 20:22:26 - [INFO] -   [DEBUG BSI]     - ant_hotspot_classification.json (FILE)
2025-09-14 20:22:26 - [INFO] -   [DEBUG BSI]     - ant_hotspot_classification.png (FILE)
2025-09-14 20:22:26 - [INFO] -   [DEBUG BSI]     - ant_hotspot_classification.xml (FILE)
2025-09-14 20:22:26 - [INFO] -   [DEBUG BSI]     - ant_hotspot_otsu_colored.png (FILE)
2025-09-14 20:22:26 - [INFO] -   [DEBUG BSI]     - ant_hotspot_otsu_colored_blend.png (FILE)
2025-09-14 20:22:26 - [INFO] -   [DEBUG BSI]     - ant_hotspot_otsu_grayscale.png (FILE)
2025-09-14 20:22:26 - [INFO] -   [DEBUG BSI]     - ant_hotspot_yolo.xml (FILE)
2025-09-14 20:22:26 - [INFO] -   [DEBUG BSI]     - ant_mask.png (FILE)
2025-09-14 20:22:26 - [INFO] -   [DEBUG BSI]     - ant_original.png (FILE)
2025-09-14 20:22:26 - [INFO] -   [DEBUG BSI]     - ant_segm.png (FILE)
2025-09-14 20:22:26 - [INFO] -   [DEBUG BSI]     - bsi_quantification_ant.json (FILE)
2025-09-14 20:22:26 - [INFO] -   [DEBUG BSI]     - bsi_quantification_post.json (FILE)
2025-09-14 20:22:26 - [INFO] -   [DEBUG BSI]     - post_hotspot_classification.json (FILE)
2025-09-14 20:22:26 - [INFO] -   [DEBUG BSI]     - post_hotspot_classification.png (FILE)
2025-09-14 20:22:26 - [INFO] -   [DEBUG BSI]     - post_hotspot_classification.xml (FILE)
2025-09-14 20:22:26 - [INFO] -   [DEBUG BSI]     - post_hotspot_otsu_colored.png (FILE)
2025-09-14 20:22:26 - [INFO] -   [DEBUG BSI]     - post_hotspot_otsu_colored_blend.png (FILE)
2025-09-14 20:22:26 - [INFO] -   [DEBUG BSI]     - post_hotspot_otsu_grayscale.png (FILE)
2025-09-14 20:22:26 - [INFO] -   [DEBUG BSI]     - post_hotspot_yolo.xml (FILE)
2025-09-14 20:22:26 - [INFO] -   [DEBUG BSI]     - post_mask.png (FILE)
2025-09-14 20:22:26 - [INFO] -   [DEBUG BSI]     - post_original.png (FILE)
2025-09-14 20:22:26 - [INFO] -   [DEBUG BSI]     - post_segm.png (FILE)
2025-09-14 20:22:26 - [INFO] -   [DEBUG BSI]     - 20250115 (DIR)
2025-09-14 20:22:26 - [INFO] -   [DEBUG BSI]     - 20250214 (DIR)
2025-09-14 20:22:26 - [INFO] -   [DEBUG BSI]     - 20250316 (DIR)
2025-09-14 20:22:26 - [INFO] -   [DEBUG BSI]     - 20250415 (DIR)
2025-09-14 20:22:26 - [INFO] -   [DEBUG BSI]     - 20250515 (DIR)
2025-09-14 20:22:26 - [INFO] - [BSI META INTEGRATION] Found BSI data: {'study_date': '20250415', 'anterior_bsi': 0.2115329349333735, 'posterior_bsi': 0.27307796205567236, 'combined_bsi': 0.24230544849452293, 'bsi_score': 0.24230544849452293, 'file_source': 'bsi_quantification_ant.json + bsi_quantification_post.json', 'processing_mode': 'dual_view', 'is_v2': True, 'source_location': 'Study date folder'}
2025-09-14 20:22:26 - [INFO] - [BSI META INTEGRATION]   Updated meta with BSI data:
2025-09-14 20:22:26 - [INFO] - [BSI META INTEGRATION]   Anterior BSI: 0.2115329349333735
2025-09-14 20:22:26 - [INFO] - [BSI META INTEGRATION]   Posterior BSI: 0.27307796205567236
2025-09-14 20:22:26 - [INFO] - [BSI META INTEGRATION]   Processing mode: dual_view
2025-09-14 20:22:26 - [INFO] - [BSI META INTEGRATION] Updating scan meta with BSI data
2025-09-14 20:22:26 - [INFO] - [BSI META INTEGRATION] Session code: ATL
2025-09-14 20:22:26 - [INFO] - [BSI META INTEGRATION] Scan path: C:\hotspot\hotspot-analyzer\data\PLANAR\ATL\5001\20250515\5001_5.dcm
2025-09-14 20:22:26 - [INFO] - [BSI EXTRACT INFO] Extracting from path: C:\hotspot\hotspot-analyzer\data\PLANAR\ATL\5001\20250515\5001_5.dcm
2025-09-14 20:22:26 - [INFO] - [BSI EXTRACT INFO] Extracted study_date from DICOM: 20250515
2025-09-14 20:22:26 - [INFO] - [BSI EXTRACT INFO] Extracted patient_id from study_date structure: 5001
2025-09-14 20:22:26 - [INFO] - [BSI EXTRACT INFO] Final result - Patient: 5001, Study: 20250515
2025-09-14 20:22:26 - [INFO] - [BSI META INTEGRATION] Extracted - Patient: 5001, Study: 20250515
2025-09-14 20:22:26 - [INFO] -   [DEBUG QUANT FILES] Getting quantification files for: C:\hotspot\hotspot-analyzer\data\PLANAR\ATL\5001\20250515
2025-09-14 20:22:26 - [INFO] -   [DEBUG QUANT FILES] Detected study_date folder: C:\hotspot\hotspot-analyzer\data\PLANAR\ATL\5001\20250515
2025-09-14 20:22:26 - [INFO] -   [DEBUG QUANT FILES] Generated paths:
2025-09-14 20:22:26 - [INFO] -   [DEBUG QUANT FILES]   bsi_json_ant: C:\hotspot\hotspot-analyzer\data\PLANAR\ATL\5001\20250515\bsi_quantification_ant.json (exists: True)
2025-09-14 20:22:26 - [INFO] -   [DEBUG QUANT FILES]   bsi_json_post: C:\hotspot\hotspot-analyzer\data\PLANAR\ATL\5001\20250515\bsi_quantification_post.json (exists: True)
2025-09-14 20:22:26 - [INFO] - [BSI META INTEGRATION] Found BSI files in study_date folder: C:\hotspot\hotspot-analyzer\data\PLANAR\ATL\5001\20250515
2025-09-14 20:22:26 - [INFO] - [BSI META INTEGRATION] Using patient folder: C:\hotspot\hotspot-analyzer\data\PLANAR\ATL\5001\20250515
2025-09-14 20:22:26 - [INFO] -   [DEBUG BSI] Detected study_date folder, using parent: C:\hotspot\hotspot-analyzer\data\PLANAR\ATL\5001
2025-09-14 20:22:26 - [INFO] -   [DEBUG BSI] Found study_date folder: 20250115
2025-09-14 20:22:26 - [INFO] -   [DEBUG BSI] Found study_date folder: 20250214
2025-09-14 20:22:26 - [INFO] -   [DEBUG BSI] Found study_date folder: 20250316
2025-09-14 20:22:26 - [INFO] -   [DEBUG BSI] Found study_date folder: 20250415
2025-09-14 20:22:26 - [INFO] -   [DEBUG BSI] Found study_date folder: 20250515
2025-09-14 20:22:26 - [INFO] -   [DEBUG BSI]     - 20250115 (DIR)
2025-09-14 20:22:26 - [INFO] -   [DEBUG BSI]     - 20250214 (DIR)
2025-09-14 20:22:26 - [INFO] -   [DEBUG BSI]     - 20250316 (DIR)
2025-09-14 20:22:26 - [INFO] -   [DEBUG BSI]     - 20250415 (DIR)
2025-09-14 20:22:26 - [INFO] -   [DEBUG BSI]     - 20250515 (DIR)
2025-09-14 20:22:26 - [INFO] -   [DEBUG BSI]     - 20250822 (DIR)
2025-09-14 20:22:26 - [INFO] -   [DEBUG BSI]     - 5001_1.dcm (FILE)
2025-09-14 20:22:26 - [INFO] -   [DEBUG BSI]     - ant_hotspot_classification.json (FILE)
2025-09-14 20:22:26 - [INFO] -   [DEBUG BSI]     - ant_hotspot_classification.png (FILE)
2025-09-14 20:22:26 - [INFO] -   [DEBUG BSI]     - ant_hotspot_classification.xml (FILE)
2025-09-14 20:22:26 - [INFO] -   [DEBUG BSI]     - ant_hotspot_otsu_colored.png (FILE)
2025-09-14 20:22:26 - [INFO] -   [DEBUG BSI]     - ant_hotspot_otsu_colored_blend.png (FILE)
2025-09-14 20:22:26 - [INFO] -   [DEBUG BSI]     - ant_hotspot_otsu_grayscale.png (FILE)
2025-09-14 20:22:26 - [INFO] -   [DEBUG BSI]     - ant_hotspot_yolo.xml (FILE)
2025-09-14 20:22:26 - [INFO] -   [DEBUG BSI]     - ant_mask.png (FILE)
2025-09-14 20:22:26 - [INFO] -   [DEBUG BSI]     - ant_original.png (FILE)
2025-09-14 20:22:26 - [INFO] -   [DEBUG BSI]     - ant_segm.png (FILE)
2025-09-14 20:22:26 - [INFO] -   [DEBUG BSI]     - bsi_quantification_ant.json (FILE)
2025-09-14 20:22:26 - [INFO] -   [DEBUG BSI]     - bsi_quantification_post.json (FILE)
2025-09-14 20:22:26 - [INFO] -   [DEBUG BSI]     - post_hotspot_classification.json (FILE)
2025-09-14 20:22:26 - [INFO] -   [DEBUG BSI]     - post_hotspot_classification.png (FILE)
2025-09-14 20:22:26 - [INFO] -   [DEBUG BSI]     - post_hotspot_classification.xml (FILE)
2025-09-14 20:22:26 - [INFO] -   [DEBUG BSI]     - post_hotspot_otsu_colored.png (FILE)
2025-09-14 20:22:26 - [INFO] -   [DEBUG BSI]     - post_hotspot_otsu_colored_blend.png (FILE)
2025-09-14 20:22:26 - [INFO] -   [DEBUG BSI]     - post_hotspot_otsu_grayscale.png (FILE)
2025-09-14 20:22:26 - [INFO] -   [DEBUG BSI]     - post_hotspot_yolo.xml (FILE)
2025-09-14 20:22:26 - [INFO] -   [DEBUG BSI]     - post_mask.png (FILE)
2025-09-14 20:22:26 - [INFO] -   [DEBUG BSI]     - post_original.png (FILE)
2025-09-14 20:22:26 - [INFO] -   [DEBUG BSI]     - post_segm.png (FILE)
2025-09-14 20:22:26 - [INFO] -   [DEBUG BSI]     - 5001_2.dcm (FILE)
2025-09-14 20:22:26 - [INFO] -   [DEBUG BSI]     - ant_hotspot_classification.json (FILE)
2025-09-14 20:22:26 - [INFO] -   [DEBUG BSI]     - ant_hotspot_classification.png (FILE)
2025-09-14 20:22:26 - [INFO] -   [DEBUG BSI]     - ant_hotspot_classification.xml (FILE)
2025-09-14 20:22:26 - [INFO] -   [DEBUG BSI]     - ant_hotspot_otsu_colored.png (FILE)
2025-09-14 20:22:26 - [INFO] -   [DEBUG BSI]     - ant_hotspot_otsu_colored_blend.png (FILE)
2025-09-14 20:22:26 - [INFO] -   [DEBUG BSI]     - ant_hotspot_otsu_grayscale.png (FILE)
2025-09-14 20:22:26 - [INFO] -   [DEBUG BSI]     - ant_hotspot_yolo.xml (FILE)
2025-09-14 20:22:26 - [INFO] -   [DEBUG BSI]     - ant_mask.png (FILE)
2025-09-14 20:22:26 - [INFO] -   [DEBUG BSI]     - ant_original.png (FILE)
2025-09-14 20:22:26 - [INFO] -   [DEBUG BSI]     - ant_segm.png (FILE)
2025-09-14 20:22:26 - [INFO] -   [DEBUG BSI]     - bsi_quantification_ant.json (FILE)
2025-09-14 20:22:26 - [INFO] -   [DEBUG BSI]     - bsi_quantification_post.json (FILE)
2025-09-14 20:22:26 - [INFO] -   [DEBUG BSI]     - post_hotspot_classification.json (FILE)
2025-09-14 20:22:26 - [INFO] -   [DEBUG BSI]     - post_hotspot_classification.png (FILE)
2025-09-14 20:22:26 - [INFO] -   [DEBUG BSI]     - post_hotspot_classification.xml (FILE)
2025-09-14 20:22:26 - [INFO] -   [DEBUG BSI]     - post_hotspot_otsu_colored.png (FILE)
2025-09-14 20:22:26 - [INFO] -   [DEBUG BSI]     - post_hotspot_otsu_colored_blend.png (FILE)
2025-09-14 20:22:26 - [INFO] -   [DEBUG BSI]     - post_hotspot_otsu_grayscale.png (FILE)
2025-09-14 20:22:26 - [INFO] -   [DEBUG BSI]     - post_hotspot_yolo.xml (FILE)
2025-09-14 20:22:26 - [INFO] -   [DEBUG BSI]     - post_mask.png (FILE)
2025-09-14 20:22:26 - [INFO] -   [DEBUG BSI]     - post_original.png (FILE)
2025-09-14 20:22:26 - [INFO] -   [DEBUG BSI]     - post_segm.png (FILE)
2025-09-14 20:22:26 - [INFO] -   [DEBUG BSI]     - 5001_3.dcm (FILE)
2025-09-14 20:22:26 - [INFO] -   [DEBUG BSI]     - ant_hotspot_classification.json (FILE)
2025-09-14 20:22:26 - [INFO] -   [DEBUG BSI]     - ant_hotspot_classification.png (FILE)
2025-09-14 20:22:26 - [INFO] -   [DEBUG BSI]     - ant_hotspot_classification.xml (FILE)
2025-09-14 20:22:26 - [INFO] -   [DEBUG BSI]     - ant_hotspot_otsu_colored.png (FILE)
2025-09-14 20:22:26 - [INFO] -   [DEBUG BSI]     - ant_hotspot_otsu_colored_blend.png (FILE)
2025-09-14 20:22:26 - [INFO] -   [DEBUG BSI]     - ant_hotspot_otsu_grayscale.png (FILE)
2025-09-14 20:22:26 - [INFO] -   [DEBUG BSI]     - ant_hotspot_yolo.xml (FILE)
2025-09-14 20:22:26 - [INFO] -   [DEBUG BSI]     - ant_mask.png (FILE)
2025-09-14 20:22:26 - [INFO] -   [DEBUG BSI]     - ant_original.png (FILE)
2025-09-14 20:22:26 - [INFO] -   [DEBUG BSI]     - ant_segm.png (FILE)
2025-09-14 20:22:26 - [INFO] -   [DEBUG BSI]     - bsi_quantification_ant.json (FILE)
2025-09-14 20:22:26 - [INFO] -   [DEBUG BSI]     - bsi_quantification_post.json (FILE)
2025-09-14 20:22:26 - [INFO] -   [DEBUG BSI]     - post_hotspot_classification.json (FILE)
2025-09-14 20:22:26 - [INFO] -   [DEBUG BSI]     - post_hotspot_classification.png (FILE)
2025-09-14 20:22:26 - [INFO] -   [DEBUG BSI]     - post_hotspot_classification.xml (FILE)
2025-09-14 20:22:26 - [INFO] -   [DEBUG BSI]     - post_hotspot_otsu_colored.png (FILE)
2025-09-14 20:22:26 - [INFO] -   [DEBUG BSI]     - post_hotspot_otsu_colored_blend.png (FILE)
2025-09-14 20:22:26 - [INFO] -   [DEBUG BSI]     - post_hotspot_otsu_grayscale.png (FILE)
2025-09-14 20:22:26 - [INFO] -   [DEBUG BSI]     - post_hotspot_yolo.xml (FILE)
2025-09-14 20:22:26 - [INFO] -   [DEBUG BSI]     - post_mask.png (FILE)
2025-09-14 20:22:26 - [INFO] -   [DEBUG BSI]     - post_original.png (FILE)
2025-09-14 20:22:26 - [INFO] -   [DEBUG BSI]     - post_segm.png (FILE)
2025-09-14 20:22:26 - [INFO] -   [DEBUG BSI]     - 5001_4.dcm (FILE)
2025-09-14 20:22:26 - [INFO] -   [DEBUG BSI]     - ant_hotspot_classification.json (FILE)
2025-09-14 20:22:26 - [INFO] -   [DEBUG BSI]     - ant_hotspot_classification.png (FILE)
2025-09-14 20:22:26 - [INFO] -   [DEBUG BSI]     - ant_hotspot_classification.xml (FILE)
2025-09-14 20:22:26 - [INFO] -   [DEBUG BSI]     - ant_hotspot_otsu_colored.png (FILE)
2025-09-14 20:22:26 - [INFO] -   [DEBUG BSI]     - ant_hotspot_otsu_colored_blend.png (FILE)
2025-09-14 20:22:26 - [INFO] -   [DEBUG BSI]     - ant_hotspot_otsu_grayscale.png (FILE)
2025-09-14 20:22:26 - [INFO] -   [DEBUG BSI]     - ant_hotspot_yolo.xml (FILE)
2025-09-14 20:22:26 - [INFO] -   [DEBUG BSI]     - ant_mask.png (FILE)
2025-09-14 20:22:26 - [INFO] -   [DEBUG BSI]     - ant_original.png (FILE)
2025-09-14 20:22:26 - [INFO] -   [DEBUG BSI]     - ant_segm.png (FILE)
2025-09-14 20:22:26 - [INFO] -   [DEBUG BSI]     - bsi_quantification_ant.json (FILE)
2025-09-14 20:22:26 - [INFO] -   [DEBUG BSI]     - bsi_quantification_post.json (FILE)
2025-09-14 20:22:26 - [INFO] -   [DEBUG BSI]     - post_hotspot_classification.json (FILE)
2025-09-14 20:22:26 - [INFO] -   [DEBUG BSI]     - post_hotspot_classification.png (FILE)
2025-09-14 20:22:26 - [INFO] -   [DEBUG BSI]     - post_hotspot_classification.xml (FILE)
2025-09-14 20:22:26 - [INFO] -   [DEBUG BSI]     - post_hotspot_otsu_colored.png (FILE)
2025-09-14 20:22:26 - [INFO] -   [DEBUG BSI]     - post_hotspot_otsu_colored_blend.png (FILE)
2025-09-14 20:22:26 - [INFO] -   [DEBUG BSI]     - post_hotspot_otsu_grayscale.png (FILE)
2025-09-14 20:22:26 - [INFO] -   [DEBUG BSI]     - post_hotspot_yolo.xml (FILE)
2025-09-14 20:22:26 - [INFO] -   [DEBUG BSI]     - post_mask.png (FILE)
2025-09-14 20:22:26 - [INFO] -   [DEBUG BSI]     - post_original.png (FILE)
2025-09-14 20:22:26 - [INFO] -   [DEBUG BSI]     - post_segm.png (FILE)
2025-09-14 20:22:26 - [INFO] -   [DEBUG BSI]     - 5001_5.dcm (FILE)
2025-09-14 20:22:26 - [INFO] -   [DEBUG BSI]     - ant_hotspot_classification.json (FILE)
2025-09-14 20:22:26 - [INFO] -   [DEBUG BSI]     - ant_hotspot_classification.png (FILE)
2025-09-14 20:22:26 - [INFO] -   [DEBUG BSI]     - ant_hotspot_classification.xml (FILE)
2025-09-14 20:22:26 - [INFO] -   [DEBUG BSI]     - ant_hotspot_otsu_colored.png (FILE)
2025-09-14 20:22:26 - [INFO] -   [DEBUG BSI]     - ant_hotspot_otsu_colored_blend.png (FILE)
2025-09-14 20:22:26 - [INFO] -   [DEBUG BSI]     - ant_hotspot_otsu_grayscale.png (FILE)
2025-09-14 20:22:26 - [INFO] -   [DEBUG BSI]     - ant_hotspot_yolo.xml (FILE)
2025-09-14 20:22:26 - [INFO] -   [DEBUG BSI]     - ant_mask.png (FILE)
2025-09-14 20:22:26 - [INFO] -   [DEBUG BSI]     - ant_original.png (FILE)
2025-09-14 20:22:26 - [INFO] -   [DEBUG BSI]     - ant_segm.png (FILE)
2025-09-14 20:22:26 - [INFO] -   [DEBUG BSI]     - bsi_quantification_ant.json (FILE)
2025-09-14 20:22:26 - [INFO] -   [DEBUG BSI]     - bsi_quantification_post.json (FILE)
2025-09-14 20:22:26 - [INFO] -   [DEBUG BSI]     - post_hotspot_classification.json (FILE)
2025-09-14 20:22:26 - [INFO] -   [DEBUG BSI]     - post_hotspot_classification.png (FILE)
2025-09-14 20:22:26 - [INFO] -   [DEBUG BSI]     - post_hotspot_classification.xml (FILE)
2025-09-14 20:22:26 - [INFO] -   [DEBUG BSI]     - post_hotspot_otsu_colored.png (FILE)
2025-09-14 20:22:26 - [INFO] -   [DEBUG BSI]     - post_hotspot_otsu_colored_blend.png (FILE)
2025-09-14 20:22:26 - [INFO] -   [DEBUG BSI]     - post_hotspot_otsu_grayscale.png (FILE)
2025-09-14 20:22:26 - [INFO] -   [DEBUG BSI]     - post_hotspot_yolo.xml (FILE)
2025-09-14 20:22:26 - [INFO] -   [DEBUG BSI]     - post_mask.png (FILE)
2025-09-14 20:22:26 - [INFO] -   [DEBUG BSI]     - post_original.png (FILE)
2025-09-14 20:22:26 - [INFO] -   [DEBUG BSI]     - post_segm.png (FILE)
2025-09-14 20:22:26 - [INFO] -   [DEBUG BSI]     - 20250115 (DIR)
2025-09-14 20:22:26 - [INFO] -   [DEBUG BSI]     - 20250214 (DIR)
2025-09-14 20:22:26 - [INFO] -   [DEBUG BSI]     - 20250316 (DIR)
2025-09-14 20:22:26 - [INFO] -   [DEBUG BSI]     - 20250415 (DIR)
2025-09-14 20:22:26 - [INFO] -   [DEBUG BSI]     - 20250515 (DIR)
2025-09-14 20:22:26 - [INFO] - [BSI META INTEGRATION] Found BSI data: {'study_date': '20250515', 'anterior_bsi': 0.24586549062844543, 'posterior_bsi': 0.1817145124791749, 'combined_bsi': 0.21379000155381017, 'bsi_score': 0.21379000155381017, 'file_source': 'bsi_quantification_ant.json + bsi_quantification_post.json', 'processing_mode': 'dual_view', 'is_v2': True, 'source_location': 'Study date folder'}
2025-09-14 20:22:26 - [INFO] - [BSI META INTEGRATION]   Updated meta with BSI data:
2025-09-14 20:22:26 - [INFO] - [BSI META INTEGRATION]   Anterior BSI: 0.24586549062844543
2025-09-14 20:22:26 - [INFO] - [BSI META INTEGRATION]   Posterior BSI: 0.1817145124791749
2025-09-14 20:22:26 - [INFO] - [BSI META INTEGRATION]   Processing mode: dual_view
2025-09-14 20:22:26 - [INFO] - [MainWindow]   BSI integration completed for 5 scans
2025-09-14 20:22:26 - [INFO] - [MainWindow DEBUG] First scan meta keys: ['patient_id', 'patient_name', 'patient_birth_date', 'patient_sex', 'patient_weight', 'patient_size', 'patient_age', 'study_date', 'series_date', 'study_time', 'modality', 'series_description', 'study_instance_uid', 'series_instance_uid', 'has_bsi']
2025-09-14 20:22:26 - [INFO] - [MainWindow DEBUG] has_bsi: False
2025-09-14 20:22:26 - [INFO] - [DEBUG] display_timeline called with 5 scan(s), focusing on index = 0
2025-09-14 20:22:26 - [INFO] - [BSI META INTEGRATION] Updating scan meta with BSI data
2025-09-14 20:22:26 - [INFO] - [BSI META INTEGRATION] Session code: ATL
2025-09-14 20:22:26 - [INFO] - [BSI META INTEGRATION] Scan path: C:\hotspot\hotspot-analyzer\data\PLANAR\ATL\5001\20250115\5001_1.dcm
2025-09-14 20:22:26 - [INFO] - [BSI EXTRACT INFO] Extracting from path: C:\hotspot\hotspot-analyzer\data\PLANAR\ATL\5001\20250115\5001_1.dcm
2025-09-14 20:22:26 - [INFO] - [BSI EXTRACT INFO] Extracted study_date from DICOM: 20250115
2025-09-14 20:22:26 - [INFO] - [BSI EXTRACT INFO] Extracted patient_id from study_date structure: 5001
2025-09-14 20:22:26 - [INFO] - [BSI EXTRACT INFO] Final result - Patient: 5001, Study: 20250115
2025-09-14 20:22:26 - [INFO] - [BSI META INTEGRATION] Extracted - Patient: 5001, Study: 20250115
2025-09-14 20:22:26 - [INFO] -   [DEBUG QUANT FILES] Getting quantification files for: C:\hotspot\hotspot-analyzer\data\PLANAR\ATL\5001\20250115
2025-09-14 20:22:26 - [INFO] -   [DEBUG QUANT FILES] Detected study_date folder: C:\hotspot\hotspot-analyzer\data\PLANAR\ATL\5001\20250115
2025-09-14 20:22:26 - [INFO] -   [DEBUG QUANT FILES] Generated paths:
2025-09-14 20:22:26 - [INFO] -   [DEBUG QUANT FILES]   bsi_json_ant: C:\hotspot\hotspot-analyzer\data\PLANAR\ATL\5001\20250115\bsi_quantification_ant.json (exists: True)
2025-09-14 20:22:26 - [INFO] -   [DEBUG QUANT FILES]   bsi_json_post: C:\hotspot\hotspot-analyzer\data\PLANAR\ATL\5001\20250115\bsi_quantification_post.json (exists: True)
2025-09-14 20:22:26 - [INFO] - [BSI META INTEGRATION] Found BSI files in study_date folder: C:\hotspot\hotspot-analyzer\data\PLANAR\ATL\5001\20250115
2025-09-14 20:22:26 - [INFO] - [BSI META INTEGRATION] Using patient folder: C:\hotspot\hotspot-analyzer\data\PLANAR\ATL\5001\20250115
2025-09-14 20:22:26 - [INFO] -   [DEBUG BSI] Detected study_date folder, using parent: C:\hotspot\hotspot-analyzer\data\PLANAR\ATL\5001
2025-09-14 20:22:26 - [INFO] -   [DEBUG BSI] Found study_date folder: 20250115
2025-09-14 20:22:26 - [INFO] -   [DEBUG BSI] Found study_date folder: 20250214
2025-09-14 20:22:26 - [INFO] -   [DEBUG BSI] Found study_date folder: 20250316
2025-09-14 20:22:26 - [INFO] -   [DEBUG BSI] Found study_date folder: 20250415
2025-09-14 20:22:26 - [INFO] -   [DEBUG BSI] Found study_date folder: 20250515
2025-09-14 20:22:26 - [INFO] -   [DEBUG BSI]     - 20250115 (DIR)
2025-09-14 20:22:26 - [INFO] -   [DEBUG BSI]     - 20250214 (DIR)
2025-09-14 20:22:26 - [INFO] -   [DEBUG BSI]     - 20250316 (DIR)
2025-09-14 20:22:26 - [INFO] -   [DEBUG BSI]     - 20250415 (DIR)
2025-09-14 20:22:26 - [INFO] -   [DEBUG BSI]     - 20250515 (DIR)
2025-09-14 20:22:26 - [INFO] -   [DEBUG BSI]     - 20250822 (DIR)
2025-09-14 20:22:26 - [INFO] -   [DEBUG BSI]     - 5001_1.dcm (FILE)
2025-09-14 20:22:26 - [INFO] -   [DEBUG BSI]     - ant_hotspot_classification.json (FILE)
2025-09-14 20:22:26 - [INFO] -   [DEBUG BSI]     - ant_hotspot_classification.png (FILE)
2025-09-14 20:22:26 - [INFO] -   [DEBUG BSI]     - ant_hotspot_classification.xml (FILE)
2025-09-14 20:22:26 - [INFO] -   [DEBUG BSI]     - ant_hotspot_otsu_colored.png (FILE)
2025-09-14 20:22:26 - [INFO] -   [DEBUG BSI]     - ant_hotspot_otsu_colored_blend.png (FILE)
2025-09-14 20:22:26 - [INFO] -   [DEBUG BSI]     - ant_hotspot_otsu_grayscale.png (FILE)
2025-09-14 20:22:26 - [INFO] -   [DEBUG BSI]     - ant_hotspot_yolo.xml (FILE)
2025-09-14 20:22:26 - [INFO] -   [DEBUG BSI]     - ant_mask.png (FILE)
2025-09-14 20:22:26 - [INFO] -   [DEBUG BSI]     - ant_original.png (FILE)
2025-09-14 20:22:26 - [INFO] -   [DEBUG BSI]     - ant_segm.png (FILE)
2025-09-14 20:22:26 - [INFO] -   [DEBUG BSI]     - bsi_quantification_ant.json (FILE)
2025-09-14 20:22:26 - [INFO] -   [DEBUG BSI]     - bsi_quantification_post.json (FILE)
2025-09-14 20:22:26 - [INFO] -   [DEBUG BSI]     - post_hotspot_classification.json (FILE)
2025-09-14 20:22:26 - [INFO] -   [DEBUG BSI]     - post_hotspot_classification.png (FILE)
2025-09-14 20:22:26 - [INFO] -   [DEBUG BSI]     - post_hotspot_classification.xml (FILE)
2025-09-14 20:22:26 - [INFO] -   [DEBUG BSI]     - post_hotspot_otsu_colored.png (FILE)
2025-09-14 20:22:26 - [INFO] -   [DEBUG BSI]     - post_hotspot_otsu_colored_blend.png (FILE)
2025-09-14 20:22:26 - [INFO] -   [DEBUG BSI]     - post_hotspot_otsu_grayscale.png (FILE)
2025-09-14 20:22:26 - [INFO] -   [DEBUG BSI]     - post_hotspot_yolo.xml (FILE)
2025-09-14 20:22:26 - [INFO] -   [DEBUG BSI]     - post_mask.png (FILE)
2025-09-14 20:22:26 - [INFO] -   [DEBUG BSI]     - post_original.png (FILE)
2025-09-14 20:22:26 - [INFO] -   [DEBUG BSI]     - post_segm.png (FILE)
2025-09-14 20:22:26 - [INFO] -   [DEBUG BSI]     - 5001_2.dcm (FILE)
2025-09-14 20:22:26 - [INFO] -   [DEBUG BSI]     - ant_hotspot_classification.json (FILE)
2025-09-14 20:22:26 - [INFO] -   [DEBUG BSI]     - ant_hotspot_classification.png (FILE)
2025-09-14 20:22:26 - [INFO] -   [DEBUG BSI]     - ant_hotspot_classification.xml (FILE)
2025-09-14 20:22:26 - [INFO] -   [DEBUG BSI]     - ant_hotspot_otsu_colored.png (FILE)
2025-09-14 20:22:26 - [INFO] -   [DEBUG BSI]     - ant_hotspot_otsu_colored_blend.png (FILE)
2025-09-14 20:22:26 - [INFO] -   [DEBUG BSI]     - ant_hotspot_otsu_grayscale.png (FILE)
2025-09-14 20:22:26 - [INFO] -   [DEBUG BSI]     - ant_hotspot_yolo.xml (FILE)
2025-09-14 20:22:26 - [INFO] -   [DEBUG BSI]     - ant_mask.png (FILE)
2025-09-14 20:22:26 - [INFO] -   [DEBUG BSI]     - ant_original.png (FILE)
2025-09-14 20:22:26 - [INFO] -   [DEBUG BSI]     - ant_segm.png (FILE)
2025-09-14 20:22:26 - [INFO] -   [DEBUG BSI]     - bsi_quantification_ant.json (FILE)
2025-09-14 20:22:26 - [INFO] -   [DEBUG BSI]     - bsi_quantification_post.json (FILE)
2025-09-14 20:22:26 - [INFO] -   [DEBUG BSI]     - post_hotspot_classification.json (FILE)
2025-09-14 20:22:26 - [INFO] -   [DEBUG BSI]     - post_hotspot_classification.png (FILE)
2025-09-14 20:22:26 - [INFO] -   [DEBUG BSI]     - post_hotspot_classification.xml (FILE)
2025-09-14 20:22:26 - [INFO] -   [DEBUG BSI]     - post_hotspot_otsu_colored.png (FILE)
2025-09-14 20:22:26 - [INFO] -   [DEBUG BSI]     - post_hotspot_otsu_colored_blend.png (FILE)
2025-09-14 20:22:26 - [INFO] -   [DEBUG BSI]     - post_hotspot_otsu_grayscale.png (FILE)
2025-09-14 20:22:26 - [INFO] -   [DEBUG BSI]     - post_hotspot_yolo.xml (FILE)
2025-09-14 20:22:26 - [INFO] -   [DEBUG BSI]     - post_mask.png (FILE)
2025-09-14 20:22:26 - [INFO] -   [DEBUG BSI]     - post_original.png (FILE)
2025-09-14 20:22:26 - [INFO] -   [DEBUG BSI]     - post_segm.png (FILE)
2025-09-14 20:22:26 - [INFO] -   [DEBUG BSI]     - 5001_3.dcm (FILE)
2025-09-14 20:22:26 - [INFO] -   [DEBUG BSI]     - ant_hotspot_classification.json (FILE)
2025-09-14 20:22:26 - [INFO] -   [DEBUG BSI]     - ant_hotspot_classification.png (FILE)
2025-09-14 20:22:26 - [INFO] -   [DEBUG BSI]     - ant_hotspot_classification.xml (FILE)
2025-09-14 20:22:26 - [INFO] -   [DEBUG BSI]     - ant_hotspot_otsu_colored.png (FILE)
2025-09-14 20:22:26 - [INFO] -   [DEBUG BSI]     - ant_hotspot_otsu_colored_blend.png (FILE)
2025-09-14 20:22:26 - [INFO] -   [DEBUG BSI]     - ant_hotspot_otsu_grayscale.png (FILE)
2025-09-14 20:22:26 - [INFO] -   [DEBUG BSI]     - ant_hotspot_yolo.xml (FILE)
2025-09-14 20:22:26 - [INFO] -   [DEBUG BSI]     - ant_mask.png (FILE)
2025-09-14 20:22:26 - [INFO] -   [DEBUG BSI]     - ant_original.png (FILE)
2025-09-14 20:22:26 - [INFO] -   [DEBUG BSI]     - ant_segm.png (FILE)
2025-09-14 20:22:26 - [INFO] -   [DEBUG BSI]     - bsi_quantification_ant.json (FILE)
2025-09-14 20:22:26 - [INFO] -   [DEBUG BSI]     - bsi_quantification_post.json (FILE)
2025-09-14 20:22:26 - [INFO] -   [DEBUG BSI]     - post_hotspot_classification.json (FILE)
2025-09-14 20:22:26 - [INFO] -   [DEBUG BSI]     - post_hotspot_classification.png (FILE)
2025-09-14 20:22:26 - [INFO] -   [DEBUG BSI]     - post_hotspot_classification.xml (FILE)
2025-09-14 20:22:26 - [INFO] -   [DEBUG BSI]     - post_hotspot_otsu_colored.png (FILE)
2025-09-14 20:22:26 - [INFO] -   [DEBUG BSI]     - post_hotspot_otsu_colored_blend.png (FILE)
2025-09-14 20:22:26 - [INFO] -   [DEBUG BSI]     - post_hotspot_otsu_grayscale.png (FILE)
2025-09-14 20:22:26 - [INFO] -   [DEBUG BSI]     - post_hotspot_yolo.xml (FILE)
2025-09-14 20:22:26 - [INFO] -   [DEBUG BSI]     - post_mask.png (FILE)
2025-09-14 20:22:26 - [INFO] -   [DEBUG BSI]     - post_original.png (FILE)
2025-09-14 20:22:26 - [INFO] -   [DEBUG BSI]     - post_segm.png (FILE)
2025-09-14 20:22:26 - [INFO] -   [DEBUG BSI]     - 5001_4.dcm (FILE)
2025-09-14 20:22:26 - [INFO] -   [DEBUG BSI]     - ant_hotspot_classification.json (FILE)
2025-09-14 20:22:26 - [INFO] -   [DEBUG BSI]     - ant_hotspot_classification.png (FILE)
2025-09-14 20:22:26 - [INFO] -   [DEBUG BSI]     - ant_hotspot_classification.xml (FILE)
2025-09-14 20:22:26 - [INFO] -   [DEBUG BSI]     - ant_hotspot_otsu_colored.png (FILE)
2025-09-14 20:22:26 - [INFO] -   [DEBUG BSI]     - ant_hotspot_otsu_colored_blend.png (FILE)
2025-09-14 20:22:26 - [INFO] -   [DEBUG BSI]     - ant_hotspot_otsu_grayscale.png (FILE)
2025-09-14 20:22:26 - [INFO] -   [DEBUG BSI]     - ant_hotspot_yolo.xml (FILE)
2025-09-14 20:22:26 - [INFO] -   [DEBUG BSI]     - ant_mask.png (FILE)
2025-09-14 20:22:26 - [INFO] -   [DEBUG BSI]     - ant_original.png (FILE)
2025-09-14 20:22:26 - [INFO] -   [DEBUG BSI]     - ant_segm.png (FILE)
2025-09-14 20:22:26 - [INFO] -   [DEBUG BSI]     - bsi_quantification_ant.json (FILE)
2025-09-14 20:22:26 - [INFO] -   [DEBUG BSI]     - bsi_quantification_post.json (FILE)
2025-09-14 20:22:26 - [INFO] -   [DEBUG BSI]     - post_hotspot_classification.json (FILE)
2025-09-14 20:22:26 - [INFO] -   [DEBUG BSI]     - post_hotspot_classification.png (FILE)
2025-09-14 20:22:26 - [INFO] -   [DEBUG BSI]     - post_hotspot_classification.xml (FILE)
2025-09-14 20:22:26 - [INFO] -   [DEBUG BSI]     - post_hotspot_otsu_colored.png (FILE)
2025-09-14 20:22:26 - [INFO] -   [DEBUG BSI]     - post_hotspot_otsu_colored_blend.png (FILE)
2025-09-14 20:22:26 - [INFO] -   [DEBUG BSI]     - post_hotspot_otsu_grayscale.png (FILE)
2025-09-14 20:22:26 - [INFO] -   [DEBUG BSI]     - post_hotspot_yolo.xml (FILE)
2025-09-14 20:22:26 - [INFO] -   [DEBUG BSI]     - post_mask.png (FILE)
2025-09-14 20:22:26 - [INFO] -   [DEBUG BSI]     - post_original.png (FILE)
2025-09-14 20:22:26 - [INFO] -   [DEBUG BSI]     - post_segm.png (FILE)
2025-09-14 20:22:26 - [INFO] -   [DEBUG BSI]     - 5001_5.dcm (FILE)
2025-09-14 20:22:26 - [INFO] -   [DEBUG BSI]     - ant_hotspot_classification.json (FILE)
2025-09-14 20:22:26 - [INFO] -   [DEBUG BSI]     - ant_hotspot_classification.png (FILE)
2025-09-14 20:22:26 - [INFO] -   [DEBUG BSI]     - ant_hotspot_classification.xml (FILE)
2025-09-14 20:22:26 - [INFO] -   [DEBUG BSI]     - ant_hotspot_otsu_colored.png (FILE)
2025-09-14 20:22:26 - [INFO] -   [DEBUG BSI]     - ant_hotspot_otsu_colored_blend.png (FILE)
2025-09-14 20:22:26 - [INFO] -   [DEBUG BSI]     - ant_hotspot_otsu_grayscale.png (FILE)
2025-09-14 20:22:26 - [INFO] -   [DEBUG BSI]     - ant_hotspot_yolo.xml (FILE)
2025-09-14 20:22:26 - [INFO] -   [DEBUG BSI]     - ant_mask.png (FILE)
2025-09-14 20:22:26 - [INFO] -   [DEBUG BSI]     - ant_original.png (FILE)
2025-09-14 20:22:26 - [INFO] -   [DEBUG BSI]     - ant_segm.png (FILE)
2025-09-14 20:22:26 - [INFO] -   [DEBUG BSI]     - bsi_quantification_ant.json (FILE)
2025-09-14 20:22:26 - [INFO] -   [DEBUG BSI]     - bsi_quantification_post.json (FILE)
2025-09-14 20:22:26 - [INFO] -   [DEBUG BSI]     - post_hotspot_classification.json (FILE)
2025-09-14 20:22:26 - [INFO] -   [DEBUG BSI]     - post_hotspot_classification.png (FILE)
2025-09-14 20:22:26 - [INFO] -   [DEBUG BSI]     - post_hotspot_classification.xml (FILE)
2025-09-14 20:22:26 - [INFO] -   [DEBUG BSI]     - post_hotspot_otsu_colored.png (FILE)
2025-09-14 20:22:26 - [INFO] -   [DEBUG BSI]     - post_hotspot_otsu_colored_blend.png (FILE)
2025-09-14 20:22:26 - [INFO] -   [DEBUG BSI]     - post_hotspot_otsu_grayscale.png (FILE)
2025-09-14 20:22:26 - [INFO] -   [DEBUG BSI]     - post_hotspot_yolo.xml (FILE)
2025-09-14 20:22:26 - [INFO] -   [DEBUG BSI]     - post_mask.png (FILE)
2025-09-14 20:22:26 - [INFO] -   [DEBUG BSI]     - post_original.png (FILE)
2025-09-14 20:22:26 - [INFO] -   [DEBUG BSI]     - post_segm.png (FILE)
2025-09-14 20:22:26 - [INFO] -   [DEBUG BSI]     - 20250115 (DIR)
2025-09-14 20:22:26 - [INFO] -   [DEBUG BSI]     - 20250214 (DIR)
2025-09-14 20:22:26 - [INFO] -   [DEBUG BSI]     - 20250316 (DIR)
2025-09-14 20:22:26 - [INFO] -   [DEBUG BSI]     - 20250415 (DIR)
2025-09-14 20:22:26 - [INFO] -   [DEBUG BSI]     - 20250515 (DIR)
2025-09-14 20:22:26 - [INFO] - [BSI META INTEGRATION] No BSI scores found for study_date: 20250115
2025-09-14 20:22:26 - [INFO] - [BSI META INTEGRATION] Updating scan meta with BSI data
2025-09-14 20:22:26 - [INFO] - [BSI META INTEGRATION] Session code: ATL
2025-09-14 20:22:26 - [INFO] - [BSI META INTEGRATION] Scan path: C:\hotspot\hotspot-analyzer\data\PLANAR\ATL\5001\20250214\5001_2.dcm
2025-09-14 20:22:26 - [INFO] - [BSI EXTRACT INFO] Extracting from path: C:\hotspot\hotspot-analyzer\data\PLANAR\ATL\5001\20250214\5001_2.dcm
2025-09-14 20:22:26 - [INFO] - [BSI EXTRACT INFO] Extracted study_date from DICOM: 20250214
2025-09-14 20:22:26 - [INFO] - [BSI EXTRACT INFO] Extracted patient_id from study_date structure: 5001
2025-09-14 20:22:26 - [INFO] - [BSI EXTRACT INFO] Final result - Patient: 5001, Study: 20250214
2025-09-14 20:22:26 - [INFO] - [BSI META INTEGRATION] Extracted - Patient: 5001, Study: 20250214
2025-09-14 20:22:26 - [INFO] -   [DEBUG QUANT FILES] Getting quantification files for: C:\hotspot\hotspot-analyzer\data\PLANAR\ATL\5001\20250214
2025-09-14 20:22:26 - [INFO] -   [DEBUG QUANT FILES] Detected study_date folder: C:\hotspot\hotspot-analyzer\data\PLANAR\ATL\5001\20250214
2025-09-14 20:22:26 - [INFO] -   [DEBUG QUANT FILES] Generated paths:
2025-09-14 20:22:26 - [INFO] -   [DEBUG QUANT FILES]   bsi_json_ant: C:\hotspot\hotspot-analyzer\data\PLANAR\ATL\5001\20250214\bsi_quantification_ant.json (exists: True)
2025-09-14 20:22:26 - [INFO] -   [DEBUG QUANT FILES]   bsi_json_post: C:\hotspot\hotspot-analyzer\data\PLANAR\ATL\5001\20250214\bsi_quantification_post.json (exists: True)
2025-09-14 20:22:26 - [INFO] - [BSI META INTEGRATION] Found BSI files in study_date folder: C:\hotspot\hotspot-analyzer\data\PLANAR\ATL\5001\20250214
2025-09-14 20:22:26 - [INFO] - [BSI META INTEGRATION] Using patient folder: C:\hotspot\hotspot-analyzer\data\PLANAR\ATL\5001\20250214
2025-09-14 20:22:26 - [INFO] -   [DEBUG BSI] Detected study_date folder, using parent: C:\hotspot\hotspot-analyzer\data\PLANAR\ATL\5001
2025-09-14 20:22:26 - [INFO] -   [DEBUG BSI] Found study_date folder: 20250115
2025-09-14 20:22:26 - [INFO] -   [DEBUG BSI] Found study_date folder: 20250214
2025-09-14 20:22:26 - [INFO] -   [DEBUG BSI] Found study_date folder: 20250316
2025-09-14 20:22:26 - [INFO] -   [DEBUG BSI] Found study_date folder: 20250415
2025-09-14 20:22:26 - [INFO] -   [DEBUG BSI] Found study_date folder: 20250515
2025-09-14 20:22:26 - [INFO] -   [DEBUG BSI]     - 20250115 (DIR)
2025-09-14 20:22:26 - [INFO] -   [DEBUG BSI]     - 20250214 (DIR)
2025-09-14 20:22:26 - [INFO] -   [DEBUG BSI]     - 20250316 (DIR)
2025-09-14 20:22:26 - [INFO] -   [DEBUG BSI]     - 20250415 (DIR)
2025-09-14 20:22:26 - [INFO] -   [DEBUG BSI]     - 20250515 (DIR)
2025-09-14 20:22:26 - [INFO] -   [DEBUG BSI]     - 20250822 (DIR)
2025-09-14 20:22:26 - [INFO] -   [DEBUG BSI]     - 5001_1.dcm (FILE)
2025-09-14 20:22:26 - [INFO] -   [DEBUG BSI]     - ant_hotspot_classification.json (FILE)
2025-09-14 20:22:26 - [INFO] -   [DEBUG BSI]     - ant_hotspot_classification.png (FILE)
2025-09-14 20:22:26 - [INFO] -   [DEBUG BSI]     - ant_hotspot_classification.xml (FILE)
2025-09-14 20:22:26 - [INFO] -   [DEBUG BSI]     - ant_hotspot_otsu_colored.png (FILE)
2025-09-14 20:22:26 - [INFO] -   [DEBUG BSI]     - ant_hotspot_otsu_colored_blend.png (FILE)
2025-09-14 20:22:26 - [INFO] -   [DEBUG BSI]     - ant_hotspot_otsu_grayscale.png (FILE)
2025-09-14 20:22:26 - [INFO] -   [DEBUG BSI]     - ant_hotspot_yolo.xml (FILE)
2025-09-14 20:22:26 - [INFO] -   [DEBUG BSI]     - ant_mask.png (FILE)
2025-09-14 20:22:26 - [INFO] -   [DEBUG BSI]     - ant_original.png (FILE)
2025-09-14 20:22:26 - [INFO] -   [DEBUG BSI]     - ant_segm.png (FILE)
2025-09-14 20:22:26 - [INFO] -   [DEBUG BSI]     - bsi_quantification_ant.json (FILE)
2025-09-14 20:22:26 - [INFO] -   [DEBUG BSI]     - bsi_quantification_post.json (FILE)
2025-09-14 20:22:26 - [INFO] -   [DEBUG BSI]     - post_hotspot_classification.json (FILE)
2025-09-14 20:22:26 - [INFO] -   [DEBUG BSI]     - post_hotspot_classification.png (FILE)
2025-09-14 20:22:26 - [INFO] -   [DEBUG BSI]     - post_hotspot_classification.xml (FILE)
2025-09-14 20:22:26 - [INFO] -   [DEBUG BSI]     - post_hotspot_otsu_colored.png (FILE)
2025-09-14 20:22:26 - [INFO] -   [DEBUG BSI]     - post_hotspot_otsu_colored_blend.png (FILE)
2025-09-14 20:22:26 - [INFO] -   [DEBUG BSI]     - post_hotspot_otsu_grayscale.png (FILE)
2025-09-14 20:22:26 - [INFO] -   [DEBUG BSI]     - post_hotspot_yolo.xml (FILE)
2025-09-14 20:22:26 - [INFO] -   [DEBUG BSI]     - post_mask.png (FILE)
2025-09-14 20:22:26 - [INFO] -   [DEBUG BSI]     - post_original.png (FILE)
2025-09-14 20:22:26 - [INFO] -   [DEBUG BSI]     - post_segm.png (FILE)
2025-09-14 20:22:26 - [INFO] -   [DEBUG BSI]     - 5001_2.dcm (FILE)
2025-09-14 20:22:26 - [INFO] -   [DEBUG BSI]     - ant_hotspot_classification.json (FILE)
2025-09-14 20:22:26 - [INFO] -   [DEBUG BSI]     - ant_hotspot_classification.png (FILE)
2025-09-14 20:22:26 - [INFO] -   [DEBUG BSI]     - ant_hotspot_classification.xml (FILE)
2025-09-14 20:22:26 - [INFO] -   [DEBUG BSI]     - ant_hotspot_otsu_colored.png (FILE)
2025-09-14 20:22:26 - [INFO] -   [DEBUG BSI]     - ant_hotspot_otsu_colored_blend.png (FILE)
2025-09-14 20:22:26 - [INFO] -   [DEBUG BSI]     - ant_hotspot_otsu_grayscale.png (FILE)
2025-09-14 20:22:26 - [INFO] -   [DEBUG BSI]     - ant_hotspot_yolo.xml (FILE)
2025-09-14 20:22:26 - [INFO] -   [DEBUG BSI]     - ant_mask.png (FILE)
2025-09-14 20:22:26 - [INFO] -   [DEBUG BSI]     - ant_original.png (FILE)
2025-09-14 20:22:26 - [INFO] -   [DEBUG BSI]     - ant_segm.png (FILE)
2025-09-14 20:22:26 - [INFO] -   [DEBUG BSI]     - bsi_quantification_ant.json (FILE)
2025-09-14 20:22:26 - [INFO] -   [DEBUG BSI]     - bsi_quantification_post.json (FILE)
2025-09-14 20:22:26 - [INFO] -   [DEBUG BSI]     - post_hotspot_classification.json (FILE)
2025-09-14 20:22:26 - [INFO] -   [DEBUG BSI]     - post_hotspot_classification.png (FILE)
2025-09-14 20:22:26 - [INFO] -   [DEBUG BSI]     - post_hotspot_classification.xml (FILE)
2025-09-14 20:22:26 - [INFO] -   [DEBUG BSI]     - post_hotspot_otsu_colored.png (FILE)
2025-09-14 20:22:26 - [INFO] -   [DEBUG BSI]     - post_hotspot_otsu_colored_blend.png (FILE)
2025-09-14 20:22:26 - [INFO] -   [DEBUG BSI]     - post_hotspot_otsu_grayscale.png (FILE)
2025-09-14 20:22:26 - [INFO] -   [DEBUG BSI]     - post_hotspot_yolo.xml (FILE)
2025-09-14 20:22:26 - [INFO] -   [DEBUG BSI]     - post_mask.png (FILE)
2025-09-14 20:22:26 - [INFO] -   [DEBUG BSI]     - post_original.png (FILE)
2025-09-14 20:22:26 - [INFO] -   [DEBUG BSI]     - post_segm.png (FILE)
2025-09-14 20:22:26 - [INFO] -   [DEBUG BSI]     - 5001_3.dcm (FILE)
2025-09-14 20:22:26 - [INFO] -   [DEBUG BSI]     - ant_hotspot_classification.json (FILE)
2025-09-14 20:22:26 - [INFO] -   [DEBUG BSI]     - ant_hotspot_classification.png (FILE)
2025-09-14 20:22:26 - [INFO] -   [DEBUG BSI]     - ant_hotspot_classification.xml (FILE)
2025-09-14 20:22:26 - [INFO] -   [DEBUG BSI]     - ant_hotspot_otsu_colored.png (FILE)
2025-09-14 20:22:26 - [INFO] -   [DEBUG BSI]     - ant_hotspot_otsu_colored_blend.png (FILE)
2025-09-14 20:22:26 - [INFO] -   [DEBUG BSI]     - ant_hotspot_otsu_grayscale.png (FILE)
2025-09-14 20:22:26 - [INFO] -   [DEBUG BSI]     - ant_hotspot_yolo.xml (FILE)
2025-09-14 20:22:26 - [INFO] -   [DEBUG BSI]     - ant_mask.png (FILE)
2025-09-14 20:22:26 - [INFO] -   [DEBUG BSI]     - ant_original.png (FILE)
2025-09-14 20:22:26 - [INFO] -   [DEBUG BSI]     - ant_segm.png (FILE)
2025-09-14 20:22:26 - [INFO] -   [DEBUG BSI]     - bsi_quantification_ant.json (FILE)
2025-09-14 20:22:26 - [INFO] -   [DEBUG BSI]     - bsi_quantification_post.json (FILE)
2025-09-14 20:22:26 - [INFO] -   [DEBUG BSI]     - post_hotspot_classification.json (FILE)
2025-09-14 20:22:26 - [INFO] -   [DEBUG BSI]     - post_hotspot_classification.png (FILE)
2025-09-14 20:22:26 - [INFO] -   [DEBUG BSI]     - post_hotspot_classification.xml (FILE)
2025-09-14 20:22:26 - [INFO] -   [DEBUG BSI]     - post_hotspot_otsu_colored.png (FILE)
2025-09-14 20:22:26 - [INFO] -   [DEBUG BSI]     - post_hotspot_otsu_colored_blend.png (FILE)
2025-09-14 20:22:26 - [INFO] -   [DEBUG BSI]     - post_hotspot_otsu_grayscale.png (FILE)
2025-09-14 20:22:26 - [INFO] -   [DEBUG BSI]     - post_hotspot_yolo.xml (FILE)
2025-09-14 20:22:26 - [INFO] -   [DEBUG BSI]     - post_mask.png (FILE)
2025-09-14 20:22:26 - [INFO] -   [DEBUG BSI]     - post_original.png (FILE)
2025-09-14 20:22:26 - [INFO] -   [DEBUG BSI]     - post_segm.png (FILE)
2025-09-14 20:22:26 - [INFO] -   [DEBUG BSI]     - 5001_4.dcm (FILE)
2025-09-14 20:22:26 - [INFO] -   [DEBUG BSI]     - ant_hotspot_classification.json (FILE)
2025-09-14 20:22:26 - [INFO] -   [DEBUG BSI]     - ant_hotspot_classification.png (FILE)
2025-09-14 20:22:26 - [INFO] -   [DEBUG BSI]     - ant_hotspot_classification.xml (FILE)
2025-09-14 20:22:26 - [INFO] -   [DEBUG BSI]     - ant_hotspot_otsu_colored.png (FILE)
2025-09-14 20:22:26 - [INFO] -   [DEBUG BSI]     - ant_hotspot_otsu_colored_blend.png (FILE)
2025-09-14 20:22:26 - [INFO] -   [DEBUG BSI]     - ant_hotspot_otsu_grayscale.png (FILE)
2025-09-14 20:22:26 - [INFO] -   [DEBUG BSI]     - ant_hotspot_yolo.xml (FILE)
2025-09-14 20:22:26 - [INFO] -   [DEBUG BSI]     - ant_mask.png (FILE)
2025-09-14 20:22:26 - [INFO] -   [DEBUG BSI]     - ant_original.png (FILE)
2025-09-14 20:22:26 - [INFO] -   [DEBUG BSI]     - ant_segm.png (FILE)
2025-09-14 20:22:26 - [INFO] -   [DEBUG BSI]     - bsi_quantification_ant.json (FILE)
2025-09-14 20:22:26 - [INFO] -   [DEBUG BSI]     - bsi_quantification_post.json (FILE)
2025-09-14 20:22:26 - [INFO] -   [DEBUG BSI]     - post_hotspot_classification.json (FILE)
2025-09-14 20:22:26 - [INFO] -   [DEBUG BSI]     - post_hotspot_classification.png (FILE)
2025-09-14 20:22:26 - [INFO] -   [DEBUG BSI]     - post_hotspot_classification.xml (FILE)
2025-09-14 20:22:26 - [INFO] -   [DEBUG BSI]     - post_hotspot_otsu_colored.png (FILE)
2025-09-14 20:22:26 - [INFO] -   [DEBUG BSI]     - post_hotspot_otsu_colored_blend.png (FILE)
2025-09-14 20:22:26 - [INFO] -   [DEBUG BSI]     - post_hotspot_otsu_grayscale.png (FILE)
2025-09-14 20:22:26 - [INFO] -   [DEBUG BSI]     - post_hotspot_yolo.xml (FILE)
2025-09-14 20:22:26 - [INFO] -   [DEBUG BSI]     - post_mask.png (FILE)
2025-09-14 20:22:26 - [INFO] -   [DEBUG BSI]     - post_original.png (FILE)
2025-09-14 20:22:26 - [INFO] -   [DEBUG BSI]     - post_segm.png (FILE)
2025-09-14 20:22:26 - [INFO] -   [DEBUG BSI]     - 5001_5.dcm (FILE)
2025-09-14 20:22:26 - [INFO] -   [DEBUG BSI]     - ant_hotspot_classification.json (FILE)
2025-09-14 20:22:26 - [INFO] -   [DEBUG BSI]     - ant_hotspot_classification.png (FILE)
2025-09-14 20:22:26 - [INFO] -   [DEBUG BSI]     - ant_hotspot_classification.xml (FILE)
2025-09-14 20:22:26 - [INFO] -   [DEBUG BSI]     - ant_hotspot_otsu_colored.png (FILE)
2025-09-14 20:22:26 - [INFO] -   [DEBUG BSI]     - ant_hotspot_otsu_colored_blend.png (FILE)
2025-09-14 20:22:26 - [INFO] -   [DEBUG BSI]     - ant_hotspot_otsu_grayscale.png (FILE)
2025-09-14 20:22:26 - [INFO] -   [DEBUG BSI]     - ant_hotspot_yolo.xml (FILE)
2025-09-14 20:22:26 - [INFO] -   [DEBUG BSI]     - ant_mask.png (FILE)
2025-09-14 20:22:26 - [INFO] -   [DEBUG BSI]     - ant_original.png (FILE)
2025-09-14 20:22:26 - [INFO] -   [DEBUG BSI]     - ant_segm.png (FILE)
2025-09-14 20:22:26 - [INFO] -   [DEBUG BSI]     - bsi_quantification_ant.json (FILE)
2025-09-14 20:22:26 - [INFO] -   [DEBUG BSI]     - bsi_quantification_post.json (FILE)
2025-09-14 20:22:26 - [INFO] -   [DEBUG BSI]     - post_hotspot_classification.json (FILE)
2025-09-14 20:22:26 - [INFO] -   [DEBUG BSI]     - post_hotspot_classification.png (FILE)
2025-09-14 20:22:26 - [INFO] -   [DEBUG BSI]     - post_hotspot_classification.xml (FILE)
2025-09-14 20:22:26 - [INFO] -   [DEBUG BSI]     - post_hotspot_otsu_colored.png (FILE)
2025-09-14 20:22:26 - [INFO] -   [DEBUG BSI]     - post_hotspot_otsu_colored_blend.png (FILE)
2025-09-14 20:22:26 - [INFO] -   [DEBUG BSI]     - post_hotspot_otsu_grayscale.png (FILE)
2025-09-14 20:22:26 - [INFO] -   [DEBUG BSI]     - post_hotspot_yolo.xml (FILE)
2025-09-14 20:22:26 - [INFO] -   [DEBUG BSI]     - post_mask.png (FILE)
2025-09-14 20:22:26 - [INFO] -   [DEBUG BSI]     - post_original.png (FILE)
2025-09-14 20:22:26 - [INFO] -   [DEBUG BSI]     - post_segm.png (FILE)
2025-09-14 20:22:26 - [INFO] -   [DEBUG BSI]     - 20250115 (DIR)
2025-09-14 20:22:26 - [INFO] -   [DEBUG BSI]     - 20250214 (DIR)
2025-09-14 20:22:26 - [INFO] -   [DEBUG BSI]     - 20250316 (DIR)
2025-09-14 20:22:26 - [INFO] -   [DEBUG BSI]     - 20250415 (DIR)
2025-09-14 20:22:26 - [INFO] -   [DEBUG BSI]     - 20250515 (DIR)
2025-09-14 20:22:26 - [INFO] - [BSI META INTEGRATION] Found BSI data: {'study_date': '20250214', 'anterior_bsi': 1.051394673420531, 'posterior_bsi': 1.0889740386026672, 'combined_bsi': 1.0701843560115991, 'bsi_score': 1.0701843560115991, 'file_source': 'bsi_quantification_ant.json + bsi_quantification_post.json', 'processing_mode': 'dual_view', 'is_v2': True, 'source_location': 'Study date folder'}
2025-09-14 20:22:26 - [INFO] - [BSI META INTEGRATION]   Updated meta with BSI data:
2025-09-14 20:22:26 - [INFO] - [BSI META INTEGRATION]   Anterior BSI: 1.051394673420531
2025-09-14 20:22:26 - [INFO] - [BSI META INTEGRATION]   Posterior BSI: 1.0889740386026672
2025-09-14 20:22:26 - [INFO] - [BSI META INTEGRATION]   Processing mode: dual_view
2025-09-14 20:22:26 - [INFO] - [BSI META INTEGRATION] Updating scan meta with BSI data
2025-09-14 20:22:26 - [INFO] - [BSI META INTEGRATION] Session code: ATL
2025-09-14 20:22:26 - [INFO] - [BSI META INTEGRATION] Scan path: C:\hotspot\hotspot-analyzer\data\PLANAR\ATL\5001\20250316\5001_3.dcm
2025-09-14 20:22:26 - [INFO] - [BSI EXTRACT INFO] Extracting from path: C:\hotspot\hotspot-analyzer\data\PLANAR\ATL\5001\20250316\5001_3.dcm
2025-09-14 20:22:26 - [INFO] - [BSI EXTRACT INFO] Extracted study_date from DICOM: 20250316
2025-09-14 20:22:26 - [INFO] - [BSI EXTRACT INFO] Extracted patient_id from study_date structure: 5001
2025-09-14 20:22:26 - [INFO] - [BSI EXTRACT INFO] Final result - Patient: 5001, Study: 20250316
2025-09-14 20:22:26 - [INFO] - [BSI META INTEGRATION] Extracted - Patient: 5001, Study: 20250316
2025-09-14 20:22:26 - [INFO] -   [DEBUG QUANT FILES] Getting quantification files for: C:\hotspot\hotspot-analyzer\data\PLANAR\ATL\5001\20250316
2025-09-14 20:22:26 - [INFO] -   [DEBUG QUANT FILES] Detected study_date folder: C:\hotspot\hotspot-analyzer\data\PLANAR\ATL\5001\20250316
2025-09-14 20:22:26 - [INFO] -   [DEBUG QUANT FILES] Generated paths:
2025-09-14 20:22:26 - [INFO] -   [DEBUG QUANT FILES]   bsi_json_ant: C:\hotspot\hotspot-analyzer\data\PLANAR\ATL\5001\20250316\bsi_quantification_ant.json (exists: True)
2025-09-14 20:22:26 - [INFO] -   [DEBUG QUANT FILES]   bsi_json_post: C:\hotspot\hotspot-analyzer\data\PLANAR\ATL\5001\20250316\bsi_quantification_post.json (exists: True)
2025-09-14 20:22:26 - [INFO] - [BSI META INTEGRATION] Found BSI files in study_date folder: C:\hotspot\hotspot-analyzer\data\PLANAR\ATL\5001\20250316
2025-09-14 20:22:26 - [INFO] - [BSI META INTEGRATION] Using patient folder: C:\hotspot\hotspot-analyzer\data\PLANAR\ATL\5001\20250316
2025-09-14 20:22:26 - [INFO] -   [DEBUG BSI] Detected study_date folder, using parent: C:\hotspot\hotspot-analyzer\data\PLANAR\ATL\5001
2025-09-14 20:22:26 - [INFO] -   [DEBUG BSI] Found study_date folder: 20250115
2025-09-14 20:22:26 - [INFO] -   [DEBUG BSI] Found study_date folder: 20250214
2025-09-14 20:22:26 - [INFO] -   [DEBUG BSI] Found study_date folder: 20250316
2025-09-14 20:22:26 - [INFO] -   [DEBUG BSI] Found study_date folder: 20250415
2025-09-14 20:22:26 - [INFO] -   [DEBUG BSI] Found study_date folder: 20250515
2025-09-14 20:22:26 - [INFO] -   [DEBUG BSI]     - 20250115 (DIR)
2025-09-14 20:22:26 - [INFO] -   [DEBUG BSI]     - 20250214 (DIR)
2025-09-14 20:22:26 - [INFO] -   [DEBUG BSI]     - 20250316 (DIR)
2025-09-14 20:22:26 - [INFO] -   [DEBUG BSI]     - 20250415 (DIR)
2025-09-14 20:22:26 - [INFO] -   [DEBUG BSI]     - 20250515 (DIR)
2025-09-14 20:22:26 - [INFO] -   [DEBUG BSI]     - 20250822 (DIR)
2025-09-14 20:22:26 - [INFO] -   [DEBUG BSI]     - 5001_1.dcm (FILE)
2025-09-14 20:22:26 - [INFO] -   [DEBUG BSI]     - ant_hotspot_classification.json (FILE)
2025-09-14 20:22:26 - [INFO] -   [DEBUG BSI]     - ant_hotspot_classification.png (FILE)
2025-09-14 20:22:26 - [INFO] -   [DEBUG BSI]     - ant_hotspot_classification.xml (FILE)
2025-09-14 20:22:26 - [INFO] -   [DEBUG BSI]     - ant_hotspot_otsu_colored.png (FILE)
2025-09-14 20:22:26 - [INFO] -   [DEBUG BSI]     - ant_hotspot_otsu_colored_blend.png (FILE)
2025-09-14 20:22:26 - [INFO] -   [DEBUG BSI]     - ant_hotspot_otsu_grayscale.png (FILE)
2025-09-14 20:22:26 - [INFO] -   [DEBUG BSI]     - ant_hotspot_yolo.xml (FILE)
2025-09-14 20:22:26 - [INFO] -   [DEBUG BSI]     - ant_mask.png (FILE)
2025-09-14 20:22:26 - [INFO] -   [DEBUG BSI]     - ant_original.png (FILE)
2025-09-14 20:22:26 - [INFO] -   [DEBUG BSI]     - ant_segm.png (FILE)
2025-09-14 20:22:26 - [INFO] -   [DEBUG BSI]     - bsi_quantification_ant.json (FILE)
2025-09-14 20:22:26 - [INFO] -   [DEBUG BSI]     - bsi_quantification_post.json (FILE)
2025-09-14 20:22:26 - [INFO] -   [DEBUG BSI]     - post_hotspot_classification.json (FILE)
2025-09-14 20:22:26 - [INFO] -   [DEBUG BSI]     - post_hotspot_classification.png (FILE)
2025-09-14 20:22:26 - [INFO] -   [DEBUG BSI]     - post_hotspot_classification.xml (FILE)
2025-09-14 20:22:26 - [INFO] -   [DEBUG BSI]     - post_hotspot_otsu_colored.png (FILE)
2025-09-14 20:22:26 - [INFO] -   [DEBUG BSI]     - post_hotspot_otsu_colored_blend.png (FILE)
2025-09-14 20:22:26 - [INFO] -   [DEBUG BSI]     - post_hotspot_otsu_grayscale.png (FILE)
2025-09-14 20:22:26 - [INFO] -   [DEBUG BSI]     - post_hotspot_yolo.xml (FILE)
2025-09-14 20:22:26 - [INFO] -   [DEBUG BSI]     - post_mask.png (FILE)
2025-09-14 20:22:26 - [INFO] -   [DEBUG BSI]     - post_original.png (FILE)
2025-09-14 20:22:26 - [INFO] -   [DEBUG BSI]     - post_segm.png (FILE)
2025-09-14 20:22:26 - [INFO] -   [DEBUG BSI]     - 5001_2.dcm (FILE)
2025-09-14 20:22:26 - [INFO] -   [DEBUG BSI]     - ant_hotspot_classification.json (FILE)
2025-09-14 20:22:26 - [INFO] -   [DEBUG BSI]     - ant_hotspot_classification.png (FILE)
2025-09-14 20:22:26 - [INFO] -   [DEBUG BSI]     - ant_hotspot_classification.xml (FILE)
2025-09-14 20:22:26 - [INFO] -   [DEBUG BSI]     - ant_hotspot_otsu_colored.png (FILE)
2025-09-14 20:22:26 - [INFO] -   [DEBUG BSI]     - ant_hotspot_otsu_colored_blend.png (FILE)
2025-09-14 20:22:26 - [INFO] -   [DEBUG BSI]     - ant_hotspot_otsu_grayscale.png (FILE)
2025-09-14 20:22:26 - [INFO] -   [DEBUG BSI]     - ant_hotspot_yolo.xml (FILE)
2025-09-14 20:22:26 - [INFO] -   [DEBUG BSI]     - ant_mask.png (FILE)
2025-09-14 20:22:26 - [INFO] -   [DEBUG BSI]     - ant_original.png (FILE)
2025-09-14 20:22:26 - [INFO] -   [DEBUG BSI]     - ant_segm.png (FILE)
2025-09-14 20:22:26 - [INFO] -   [DEBUG BSI]     - bsi_quantification_ant.json (FILE)
2025-09-14 20:22:26 - [INFO] -   [DEBUG BSI]     - bsi_quantification_post.json (FILE)
2025-09-14 20:22:26 - [INFO] -   [DEBUG BSI]     - post_hotspot_classification.json (FILE)
2025-09-14 20:22:26 - [INFO] -   [DEBUG BSI]     - post_hotspot_classification.png (FILE)
2025-09-14 20:22:26 - [INFO] -   [DEBUG BSI]     - post_hotspot_classification.xml (FILE)
2025-09-14 20:22:26 - [INFO] -   [DEBUG BSI]     - post_hotspot_otsu_colored.png (FILE)
2025-09-14 20:22:26 - [INFO] -   [DEBUG BSI]     - post_hotspot_otsu_colored_blend.png (FILE)
2025-09-14 20:22:26 - [INFO] -   [DEBUG BSI]     - post_hotspot_otsu_grayscale.png (FILE)
2025-09-14 20:22:26 - [INFO] -   [DEBUG BSI]     - post_hotspot_yolo.xml (FILE)
2025-09-14 20:22:26 - [INFO] -   [DEBUG BSI]     - post_mask.png (FILE)
2025-09-14 20:22:26 - [INFO] -   [DEBUG BSI]     - post_original.png (FILE)
2025-09-14 20:22:26 - [INFO] -   [DEBUG BSI]     - post_segm.png (FILE)
2025-09-14 20:22:26 - [INFO] -   [DEBUG BSI]     - 5001_3.dcm (FILE)
2025-09-14 20:22:26 - [INFO] -   [DEBUG BSI]     - ant_hotspot_classification.json (FILE)
2025-09-14 20:22:26 - [INFO] -   [DEBUG BSI]     - ant_hotspot_classification.png (FILE)
2025-09-14 20:22:26 - [INFO] -   [DEBUG BSI]     - ant_hotspot_classification.xml (FILE)
2025-09-14 20:22:26 - [INFO] -   [DEBUG BSI]     - ant_hotspot_otsu_colored.png (FILE)
2025-09-14 20:22:26 - [INFO] -   [DEBUG BSI]     - ant_hotspot_otsu_colored_blend.png (FILE)
2025-09-14 20:22:26 - [INFO] -   [DEBUG BSI]     - ant_hotspot_otsu_grayscale.png (FILE)
2025-09-14 20:22:26 - [INFO] -   [DEBUG BSI]     - ant_hotspot_yolo.xml (FILE)
2025-09-14 20:22:26 - [INFO] -   [DEBUG BSI]     - ant_mask.png (FILE)
2025-09-14 20:22:26 - [INFO] -   [DEBUG BSI]     - ant_original.png (FILE)
2025-09-14 20:22:26 - [INFO] -   [DEBUG BSI]     - ant_segm.png (FILE)
2025-09-14 20:22:26 - [INFO] -   [DEBUG BSI]     - bsi_quantification_ant.json (FILE)
2025-09-14 20:22:26 - [INFO] -   [DEBUG BSI]     - bsi_quantification_post.json (FILE)
2025-09-14 20:22:26 - [INFO] -   [DEBUG BSI]     - post_hotspot_classification.json (FILE)
2025-09-14 20:22:26 - [INFO] -   [DEBUG BSI]     - post_hotspot_classification.png (FILE)
2025-09-14 20:22:26 - [INFO] -   [DEBUG BSI]     - post_hotspot_classification.xml (FILE)
2025-09-14 20:22:26 - [INFO] -   [DEBUG BSI]     - post_hotspot_otsu_colored.png (FILE)
2025-09-14 20:22:26 - [INFO] -   [DEBUG BSI]     - post_hotspot_otsu_colored_blend.png (FILE)
2025-09-14 20:22:26 - [INFO] -   [DEBUG BSI]     - post_hotspot_otsu_grayscale.png (FILE)
2025-09-14 20:22:26 - [INFO] -   [DEBUG BSI]     - post_hotspot_yolo.xml (FILE)
2025-09-14 20:22:26 - [INFO] -   [DEBUG BSI]     - post_mask.png (FILE)
2025-09-14 20:22:26 - [INFO] -   [DEBUG BSI]     - post_original.png (FILE)
2025-09-14 20:22:26 - [INFO] -   [DEBUG BSI]     - post_segm.png (FILE)
2025-09-14 20:22:26 - [INFO] -   [DEBUG BSI]     - 5001_4.dcm (FILE)
2025-09-14 20:22:26 - [INFO] -   [DEBUG BSI]     - ant_hotspot_classification.json (FILE)
2025-09-14 20:22:26 - [INFO] -   [DEBUG BSI]     - ant_hotspot_classification.png (FILE)
2025-09-14 20:22:26 - [INFO] -   [DEBUG BSI]     - ant_hotspot_classification.xml (FILE)
2025-09-14 20:22:26 - [INFO] -   [DEBUG BSI]     - ant_hotspot_otsu_colored.png (FILE)
2025-09-14 20:22:26 - [INFO] -   [DEBUG BSI]     - ant_hotspot_otsu_colored_blend.png (FILE)
2025-09-14 20:22:26 - [INFO] -   [DEBUG BSI]     - ant_hotspot_otsu_grayscale.png (FILE)
2025-09-14 20:22:26 - [INFO] -   [DEBUG BSI]     - ant_hotspot_yolo.xml (FILE)
2025-09-14 20:22:26 - [INFO] -   [DEBUG BSI]     - ant_mask.png (FILE)
2025-09-14 20:22:26 - [INFO] -   [DEBUG BSI]     - ant_original.png (FILE)
2025-09-14 20:22:26 - [INFO] -   [DEBUG BSI]     - ant_segm.png (FILE)
2025-09-14 20:22:26 - [INFO] -   [DEBUG BSI]     - bsi_quantification_ant.json (FILE)
2025-09-14 20:22:26 - [INFO] -   [DEBUG BSI]     - bsi_quantification_post.json (FILE)
2025-09-14 20:22:26 - [INFO] -   [DEBUG BSI]     - post_hotspot_classification.json (FILE)
2025-09-14 20:22:26 - [INFO] -   [DEBUG BSI]     - post_hotspot_classification.png (FILE)
2025-09-14 20:22:26 - [INFO] -   [DEBUG BSI]     - post_hotspot_classification.xml (FILE)
2025-09-14 20:22:26 - [INFO] -   [DEBUG BSI]     - post_hotspot_otsu_colored.png (FILE)
2025-09-14 20:22:26 - [INFO] -   [DEBUG BSI]     - post_hotspot_otsu_colored_blend.png (FILE)
2025-09-14 20:22:26 - [INFO] -   [DEBUG BSI]     - post_hotspot_otsu_grayscale.png (FILE)
2025-09-14 20:22:26 - [INFO] -   [DEBUG BSI]     - post_hotspot_yolo.xml (FILE)
2025-09-14 20:22:26 - [INFO] -   [DEBUG BSI]     - post_mask.png (FILE)
2025-09-14 20:22:26 - [INFO] -   [DEBUG BSI]     - post_original.png (FILE)
2025-09-14 20:22:26 - [INFO] -   [DEBUG BSI]     - post_segm.png (FILE)
2025-09-14 20:22:26 - [INFO] -   [DEBUG BSI]     - 5001_5.dcm (FILE)
2025-09-14 20:22:26 - [INFO] -   [DEBUG BSI]     - ant_hotspot_classification.json (FILE)
2025-09-14 20:22:26 - [INFO] -   [DEBUG BSI]     - ant_hotspot_classification.png (FILE)
2025-09-14 20:22:26 - [INFO] -   [DEBUG BSI]     - ant_hotspot_classification.xml (FILE)
2025-09-14 20:22:26 - [INFO] -   [DEBUG BSI]     - ant_hotspot_otsu_colored.png (FILE)
2025-09-14 20:22:26 - [INFO] -   [DEBUG BSI]     - ant_hotspot_otsu_colored_blend.png (FILE)
2025-09-14 20:22:26 - [INFO] -   [DEBUG BSI]     - ant_hotspot_otsu_grayscale.png (FILE)
2025-09-14 20:22:26 - [INFO] -   [DEBUG BSI]     - ant_hotspot_yolo.xml (FILE)
2025-09-14 20:22:26 - [INFO] -   [DEBUG BSI]     - ant_mask.png (FILE)
2025-09-14 20:22:26 - [INFO] -   [DEBUG BSI]     - ant_original.png (FILE)
2025-09-14 20:22:26 - [INFO] -   [DEBUG BSI]     - ant_segm.png (FILE)
2025-09-14 20:22:26 - [INFO] -   [DEBUG BSI]     - bsi_quantification_ant.json (FILE)
2025-09-14 20:22:26 - [INFO] -   [DEBUG BSI]     - bsi_quantification_post.json (FILE)
2025-09-14 20:22:26 - [INFO] -   [DEBUG BSI]     - post_hotspot_classification.json (FILE)
2025-09-14 20:22:26 - [INFO] -   [DEBUG BSI]     - post_hotspot_classification.png (FILE)
2025-09-14 20:22:26 - [INFO] -   [DEBUG BSI]     - post_hotspot_classification.xml (FILE)
2025-09-14 20:22:26 - [INFO] -   [DEBUG BSI]     - post_hotspot_otsu_colored.png (FILE)
2025-09-14 20:22:26 - [INFO] -   [DEBUG BSI]     - post_hotspot_otsu_colored_blend.png (FILE)
2025-09-14 20:22:26 - [INFO] -   [DEBUG BSI]     - post_hotspot_otsu_grayscale.png (FILE)
2025-09-14 20:22:26 - [INFO] -   [DEBUG BSI]     - post_hotspot_yolo.xml (FILE)
2025-09-14 20:22:26 - [INFO] -   [DEBUG BSI]     - post_mask.png (FILE)
2025-09-14 20:22:26 - [INFO] -   [DEBUG BSI]     - post_original.png (FILE)
2025-09-14 20:22:26 - [INFO] -   [DEBUG BSI]     - post_segm.png (FILE)
2025-09-14 20:22:26 - [INFO] -   [DEBUG BSI]     - 20250115 (DIR)
2025-09-14 20:22:26 - [INFO] -   [DEBUG BSI]     - 20250214 (DIR)
2025-09-14 20:22:26 - [INFO] -   [DEBUG BSI]     - 20250316 (DIR)
2025-09-14 20:22:26 - [INFO] -   [DEBUG BSI]     - 20250415 (DIR)
2025-09-14 20:22:26 - [INFO] -   [DEBUG BSI]     - 20250515 (DIR)
2025-09-14 20:22:26 - [INFO] - [BSI META INTEGRATION] Found BSI data: {'study_date': '20250316', 'anterior_bsi': 1.5613486797522866, 'posterior_bsi': 2.2665429527557532, 'combined_bsi': 1.91394581625402, 'bsi_score': 1.91394581625402, 'file_source': 'bsi_quantification_ant.json + bsi_quantification_post.json', 'processing_mode': 'dual_view', 'is_v2': True, 'source_location': 'Study date folder'}
2025-09-14 20:22:26 - [INFO] - [BSI META INTEGRATION]   Updated meta with BSI data:
2025-09-14 20:22:26 - [INFO] - [BSI META INTEGRATION]   Anterior BSI: 1.5613486797522866
2025-09-14 20:22:26 - [INFO] - [BSI META INTEGRATION]   Posterior BSI: 2.2665429527557532
2025-09-14 20:22:26 - [INFO] - [BSI META INTEGRATION]   Processing mode: dual_view
2025-09-14 20:22:26 - [INFO] - [BSI META INTEGRATION] Updating scan meta with BSI data
2025-09-14 20:22:26 - [INFO] - [BSI META INTEGRATION] Session code: ATL
2025-09-14 20:22:26 - [INFO] - [BSI META INTEGRATION] Scan path: C:\hotspot\hotspot-analyzer\data\PLANAR\ATL\5001\20250415\5001_4.dcm
2025-09-14 20:22:26 - [INFO] - [BSI EXTRACT INFO] Extracting from path: C:\hotspot\hotspot-analyzer\data\PLANAR\ATL\5001\20250415\5001_4.dcm
2025-09-14 20:22:26 - [INFO] - [BSI EXTRACT INFO] Extracted study_date from DICOM: 20250415
2025-09-14 20:22:26 - [INFO] - [BSI EXTRACT INFO] Extracted patient_id from study_date structure: 5001
2025-09-14 20:22:26 - [INFO] - [BSI EXTRACT INFO] Final result - Patient: 5001, Study: 20250415
2025-09-14 20:22:26 - [INFO] - [BSI META INTEGRATION] Extracted - Patient: 5001, Study: 20250415
2025-09-14 20:22:26 - [INFO] -   [DEBUG QUANT FILES] Getting quantification files for: C:\hotspot\hotspot-analyzer\data\PLANAR\ATL\5001\20250415
2025-09-14 20:22:26 - [INFO] -   [DEBUG QUANT FILES] Detected study_date folder: C:\hotspot\hotspot-analyzer\data\PLANAR\ATL\5001\20250415
2025-09-14 20:22:26 - [INFO] -   [DEBUG QUANT FILES] Generated paths:
2025-09-14 20:22:26 - [INFO] -   [DEBUG QUANT FILES]   bsi_json_ant: C:\hotspot\hotspot-analyzer\data\PLANAR\ATL\5001\20250415\bsi_quantification_ant.json (exists: True)
2025-09-14 20:22:26 - [INFO] -   [DEBUG QUANT FILES]   bsi_json_post: C:\hotspot\hotspot-analyzer\data\PLANAR\ATL\5001\20250415\bsi_quantification_post.json (exists: True)
2025-09-14 20:22:26 - [INFO] - [BSI META INTEGRATION] Found BSI files in study_date folder: C:\hotspot\hotspot-analyzer\data\PLANAR\ATL\5001\20250415
2025-09-14 20:22:26 - [INFO] - [BSI META INTEGRATION] Using patient folder: C:\hotspot\hotspot-analyzer\data\PLANAR\ATL\5001\20250415
2025-09-14 20:22:26 - [INFO] -   [DEBUG BSI] Detected study_date folder, using parent: C:\hotspot\hotspot-analyzer\data\PLANAR\ATL\5001
2025-09-14 20:22:26 - [INFO] -   [DEBUG BSI] Found study_date folder: 20250115
2025-09-14 20:22:26 - [INFO] -   [DEBUG BSI] Found study_date folder: 20250214
2025-09-14 20:22:26 - [INFO] -   [DEBUG BSI] Found study_date folder: 20250316
2025-09-14 20:22:26 - [INFO] -   [DEBUG BSI] Found study_date folder: 20250415
2025-09-14 20:22:26 - [INFO] -   [DEBUG BSI] Found study_date folder: 20250515
2025-09-14 20:22:26 - [INFO] -   [DEBUG BSI]     - 20250115 (DIR)
2025-09-14 20:22:26 - [INFO] -   [DEBUG BSI]     - 20250214 (DIR)
2025-09-14 20:22:26 - [INFO] -   [DEBUG BSI]     - 20250316 (DIR)
2025-09-14 20:22:26 - [INFO] -   [DEBUG BSI]     - 20250415 (DIR)
2025-09-14 20:22:26 - [INFO] -   [DEBUG BSI]     - 20250515 (DIR)
2025-09-14 20:22:26 - [INFO] -   [DEBUG BSI]     - 20250822 (DIR)
2025-09-14 20:22:26 - [INFO] -   [DEBUG BSI]     - 5001_1.dcm (FILE)
2025-09-14 20:22:26 - [INFO] -   [DEBUG BSI]     - ant_hotspot_classification.json (FILE)
2025-09-14 20:22:26 - [INFO] -   [DEBUG BSI]     - ant_hotspot_classification.png (FILE)
2025-09-14 20:22:26 - [INFO] -   [DEBUG BSI]     - ant_hotspot_classification.xml (FILE)
2025-09-14 20:22:26 - [INFO] -   [DEBUG BSI]     - ant_hotspot_otsu_colored.png (FILE)
2025-09-14 20:22:26 - [INFO] -   [DEBUG BSI]     - ant_hotspot_otsu_colored_blend.png (FILE)
2025-09-14 20:22:26 - [INFO] -   [DEBUG BSI]     - ant_hotspot_otsu_grayscale.png (FILE)
2025-09-14 20:22:26 - [INFO] -   [DEBUG BSI]     - ant_hotspot_yolo.xml (FILE)
2025-09-14 20:22:26 - [INFO] -   [DEBUG BSI]     - ant_mask.png (FILE)
2025-09-14 20:22:26 - [INFO] -   [DEBUG BSI]     - ant_original.png (FILE)
2025-09-14 20:22:26 - [INFO] -   [DEBUG BSI]     - ant_segm.png (FILE)
2025-09-14 20:22:26 - [INFO] -   [DEBUG BSI]     - bsi_quantification_ant.json (FILE)
2025-09-14 20:22:26 - [INFO] -   [DEBUG BSI]     - bsi_quantification_post.json (FILE)
2025-09-14 20:22:26 - [INFO] -   [DEBUG BSI]     - post_hotspot_classification.json (FILE)
2025-09-14 20:22:26 - [INFO] -   [DEBUG BSI]     - post_hotspot_classification.png (FILE)
2025-09-14 20:22:26 - [INFO] -   [DEBUG BSI]     - post_hotspot_classification.xml (FILE)
2025-09-14 20:22:26 - [INFO] -   [DEBUG BSI]     - post_hotspot_otsu_colored.png (FILE)
2025-09-14 20:22:26 - [INFO] -   [DEBUG BSI]     - post_hotspot_otsu_colored_blend.png (FILE)
2025-09-14 20:22:26 - [INFO] -   [DEBUG BSI]     - post_hotspot_otsu_grayscale.png (FILE)
2025-09-14 20:22:26 - [INFO] -   [DEBUG BSI]     - post_hotspot_yolo.xml (FILE)
2025-09-14 20:22:26 - [INFO] -   [DEBUG BSI]     - post_mask.png (FILE)
2025-09-14 20:22:26 - [INFO] -   [DEBUG BSI]     - post_original.png (FILE)
2025-09-14 20:22:26 - [INFO] -   [DEBUG BSI]     - post_segm.png (FILE)
2025-09-14 20:22:26 - [INFO] -   [DEBUG BSI]     - 5001_2.dcm (FILE)
2025-09-14 20:22:26 - [INFO] -   [DEBUG BSI]     - ant_hotspot_classification.json (FILE)
2025-09-14 20:22:26 - [INFO] -   [DEBUG BSI]     - ant_hotspot_classification.png (FILE)
2025-09-14 20:22:26 - [INFO] -   [DEBUG BSI]     - ant_hotspot_classification.xml (FILE)
2025-09-14 20:22:26 - [INFO] -   [DEBUG BSI]     - ant_hotspot_otsu_colored.png (FILE)
2025-09-14 20:22:26 - [INFO] -   [DEBUG BSI]     - ant_hotspot_otsu_colored_blend.png (FILE)
2025-09-14 20:22:26 - [INFO] -   [DEBUG BSI]     - ant_hotspot_otsu_grayscale.png (FILE)
2025-09-14 20:22:26 - [INFO] -   [DEBUG BSI]     - ant_hotspot_yolo.xml (FILE)
2025-09-14 20:22:26 - [INFO] -   [DEBUG BSI]     - ant_mask.png (FILE)
2025-09-14 20:22:26 - [INFO] -   [DEBUG BSI]     - ant_original.png (FILE)
2025-09-14 20:22:26 - [INFO] -   [DEBUG BSI]     - ant_segm.png (FILE)
2025-09-14 20:22:26 - [INFO] -   [DEBUG BSI]     - bsi_quantification_ant.json (FILE)
2025-09-14 20:22:26 - [INFO] -   [DEBUG BSI]     - bsi_quantification_post.json (FILE)
2025-09-14 20:22:26 - [INFO] -   [DEBUG BSI]     - post_hotspot_classification.json (FILE)
2025-09-14 20:22:26 - [INFO] -   [DEBUG BSI]     - post_hotspot_classification.png (FILE)
2025-09-14 20:22:26 - [INFO] -   [DEBUG BSI]     - post_hotspot_classification.xml (FILE)
2025-09-14 20:22:26 - [INFO] -   [DEBUG BSI]     - post_hotspot_otsu_colored.png (FILE)
2025-09-14 20:22:26 - [INFO] -   [DEBUG BSI]     - post_hotspot_otsu_colored_blend.png (FILE)
2025-09-14 20:22:26 - [INFO] -   [DEBUG BSI]     - post_hotspot_otsu_grayscale.png (FILE)
2025-09-14 20:22:26 - [INFO] -   [DEBUG BSI]     - post_hotspot_yolo.xml (FILE)
2025-09-14 20:22:26 - [INFO] -   [DEBUG BSI]     - post_mask.png (FILE)
2025-09-14 20:22:26 - [INFO] -   [DEBUG BSI]     - post_original.png (FILE)
2025-09-14 20:22:26 - [INFO] -   [DEBUG BSI]     - post_segm.png (FILE)
2025-09-14 20:22:26 - [INFO] -   [DEBUG BSI]     - 5001_3.dcm (FILE)
2025-09-14 20:22:26 - [INFO] -   [DEBUG BSI]     - ant_hotspot_classification.json (FILE)
2025-09-14 20:22:26 - [INFO] -   [DEBUG BSI]     - ant_hotspot_classification.png (FILE)
2025-09-14 20:22:26 - [INFO] -   [DEBUG BSI]     - ant_hotspot_classification.xml (FILE)
2025-09-14 20:22:26 - [INFO] -   [DEBUG BSI]     - ant_hotspot_otsu_colored.png (FILE)
2025-09-14 20:22:26 - [INFO] -   [DEBUG BSI]     - ant_hotspot_otsu_colored_blend.png (FILE)
2025-09-14 20:22:26 - [INFO] -   [DEBUG BSI]     - ant_hotspot_otsu_grayscale.png (FILE)
2025-09-14 20:22:26 - [INFO] -   [DEBUG BSI]     - ant_hotspot_yolo.xml (FILE)
2025-09-14 20:22:26 - [INFO] -   [DEBUG BSI]     - ant_mask.png (FILE)
2025-09-14 20:22:26 - [INFO] -   [DEBUG BSI]     - ant_original.png (FILE)
2025-09-14 20:22:26 - [INFO] -   [DEBUG BSI]     - ant_segm.png (FILE)
2025-09-14 20:22:26 - [INFO] -   [DEBUG BSI]     - bsi_quantification_ant.json (FILE)
2025-09-14 20:22:26 - [INFO] -   [DEBUG BSI]     - bsi_quantification_post.json (FILE)
2025-09-14 20:22:26 - [INFO] -   [DEBUG BSI]     - post_hotspot_classification.json (FILE)
2025-09-14 20:22:26 - [INFO] -   [DEBUG BSI]     - post_hotspot_classification.png (FILE)
2025-09-14 20:22:26 - [INFO] -   [DEBUG BSI]     - post_hotspot_classification.xml (FILE)
2025-09-14 20:22:26 - [INFO] -   [DEBUG BSI]     - post_hotspot_otsu_colored.png (FILE)
2025-09-14 20:22:26 - [INFO] -   [DEBUG BSI]     - post_hotspot_otsu_colored_blend.png (FILE)
2025-09-14 20:22:26 - [INFO] -   [DEBUG BSI]     - post_hotspot_otsu_grayscale.png (FILE)
2025-09-14 20:22:26 - [INFO] -   [DEBUG BSI]     - post_hotspot_yolo.xml (FILE)
2025-09-14 20:22:26 - [INFO] -   [DEBUG BSI]     - post_mask.png (FILE)
2025-09-14 20:22:26 - [INFO] -   [DEBUG BSI]     - post_original.png (FILE)
2025-09-14 20:22:26 - [INFO] -   [DEBUG BSI]     - post_segm.png (FILE)
2025-09-14 20:22:26 - [INFO] -   [DEBUG BSI]     - 5001_4.dcm (FILE)
2025-09-14 20:22:26 - [INFO] -   [DEBUG BSI]     - ant_hotspot_classification.json (FILE)
2025-09-14 20:22:26 - [INFO] -   [DEBUG BSI]     - ant_hotspot_classification.png (FILE)
2025-09-14 20:22:26 - [INFO] -   [DEBUG BSI]     - ant_hotspot_classification.xml (FILE)
2025-09-14 20:22:26 - [INFO] -   [DEBUG BSI]     - ant_hotspot_otsu_colored.png (FILE)
2025-09-14 20:22:26 - [INFO] -   [DEBUG BSI]     - ant_hotspot_otsu_colored_blend.png (FILE)
2025-09-14 20:22:26 - [INFO] -   [DEBUG BSI]     - ant_hotspot_otsu_grayscale.png (FILE)
2025-09-14 20:22:26 - [INFO] -   [DEBUG BSI]     - ant_hotspot_yolo.xml (FILE)
2025-09-14 20:22:26 - [INFO] -   [DEBUG BSI]     - ant_mask.png (FILE)
2025-09-14 20:22:26 - [INFO] -   [DEBUG BSI]     - ant_original.png (FILE)
2025-09-14 20:22:26 - [INFO] -   [DEBUG BSI]     - ant_segm.png (FILE)
2025-09-14 20:22:26 - [INFO] -   [DEBUG BSI]     - bsi_quantification_ant.json (FILE)
2025-09-14 20:22:26 - [INFO] -   [DEBUG BSI]     - bsi_quantification_post.json (FILE)
2025-09-14 20:22:26 - [INFO] -   [DEBUG BSI]     - post_hotspot_classification.json (FILE)
2025-09-14 20:22:26 - [INFO] -   [DEBUG BSI]     - post_hotspot_classification.png (FILE)
2025-09-14 20:22:26 - [INFO] -   [DEBUG BSI]     - post_hotspot_classification.xml (FILE)
2025-09-14 20:22:26 - [INFO] -   [DEBUG BSI]     - post_hotspot_otsu_colored.png (FILE)
2025-09-14 20:22:26 - [INFO] -   [DEBUG BSI]     - post_hotspot_otsu_colored_blend.png (FILE)
2025-09-14 20:22:26 - [INFO] -   [DEBUG BSI]     - post_hotspot_otsu_grayscale.png (FILE)
2025-09-14 20:22:26 - [INFO] -   [DEBUG BSI]     - post_hotspot_yolo.xml (FILE)
2025-09-14 20:22:26 - [INFO] -   [DEBUG BSI]     - post_mask.png (FILE)
2025-09-14 20:22:26 - [INFO] -   [DEBUG BSI]     - post_original.png (FILE)
2025-09-14 20:22:26 - [INFO] -   [DEBUG BSI]     - post_segm.png (FILE)
2025-09-14 20:22:26 - [INFO] -   [DEBUG BSI]     - 5001_5.dcm (FILE)
2025-09-14 20:22:26 - [INFO] -   [DEBUG BSI]     - ant_hotspot_classification.json (FILE)
2025-09-14 20:22:26 - [INFO] -   [DEBUG BSI]     - ant_hotspot_classification.png (FILE)
2025-09-14 20:22:26 - [INFO] -   [DEBUG BSI]     - ant_hotspot_classification.xml (FILE)
2025-09-14 20:22:26 - [INFO] -   [DEBUG BSI]     - ant_hotspot_otsu_colored.png (FILE)
2025-09-14 20:22:26 - [INFO] -   [DEBUG BSI]     - ant_hotspot_otsu_colored_blend.png (FILE)
2025-09-14 20:22:26 - [INFO] -   [DEBUG BSI]     - ant_hotspot_otsu_grayscale.png (FILE)
2025-09-14 20:22:26 - [INFO] -   [DEBUG BSI]     - ant_hotspot_yolo.xml (FILE)
2025-09-14 20:22:26 - [INFO] -   [DEBUG BSI]     - ant_mask.png (FILE)
2025-09-14 20:22:26 - [INFO] -   [DEBUG BSI]     - ant_original.png (FILE)
2025-09-14 20:22:26 - [INFO] -   [DEBUG BSI]     - ant_segm.png (FILE)
2025-09-14 20:22:26 - [INFO] -   [DEBUG BSI]     - bsi_quantification_ant.json (FILE)
2025-09-14 20:22:26 - [INFO] -   [DEBUG BSI]     - bsi_quantification_post.json (FILE)
2025-09-14 20:22:26 - [INFO] -   [DEBUG BSI]     - post_hotspot_classification.json (FILE)
2025-09-14 20:22:26 - [INFO] -   [DEBUG BSI]     - post_hotspot_classification.png (FILE)
2025-09-14 20:22:26 - [INFO] -   [DEBUG BSI]     - post_hotspot_classification.xml (FILE)
2025-09-14 20:22:26 - [INFO] -   [DEBUG BSI]     - post_hotspot_otsu_colored.png (FILE)
2025-09-14 20:22:26 - [INFO] -   [DEBUG BSI]     - post_hotspot_otsu_colored_blend.png (FILE)
2025-09-14 20:22:26 - [INFO] -   [DEBUG BSI]     - post_hotspot_otsu_grayscale.png (FILE)
2025-09-14 20:22:26 - [INFO] -   [DEBUG BSI]     - post_hotspot_yolo.xml (FILE)
2025-09-14 20:22:26 - [INFO] -   [DEBUG BSI]     - post_mask.png (FILE)
2025-09-14 20:22:26 - [INFO] -   [DEBUG BSI]     - post_original.png (FILE)
2025-09-14 20:22:26 - [INFO] -   [DEBUG BSI]     - post_segm.png (FILE)
2025-09-14 20:22:26 - [INFO] -   [DEBUG BSI]     - 20250115 (DIR)
2025-09-14 20:22:26 - [INFO] -   [DEBUG BSI]     - 20250214 (DIR)
2025-09-14 20:22:26 - [INFO] -   [DEBUG BSI]     - 20250316 (DIR)
2025-09-14 20:22:26 - [INFO] -   [DEBUG BSI]     - 20250415 (DIR)
2025-09-14 20:22:26 - [INFO] -   [DEBUG BSI]     - 20250515 (DIR)
2025-09-14 20:22:26 - [INFO] - [BSI META INTEGRATION] Found BSI data: {'study_date': '20250415', 'anterior_bsi': 0.2115329349333735, 'posterior_bsi': 0.27307796205567236, 'combined_bsi': 0.24230544849452293, 'bsi_score': 0.24230544849452293, 'file_source': 'bsi_quantification_ant.json + bsi_quantification_post.json', 'processing_mode': 'dual_view', 'is_v2': True, 'source_location': 'Study date folder'}
2025-09-14 20:22:26 - [INFO] - [BSI META INTEGRATION]   Updated meta with BSI data:
2025-09-14 20:22:26 - [INFO] - [BSI META INTEGRATION]   Anterior BSI: 0.2115329349333735
2025-09-14 20:22:26 - [INFO] - [BSI META INTEGRATION]   Posterior BSI: 0.27307796205567236
2025-09-14 20:22:26 - [INFO] - [BSI META INTEGRATION]   Processing mode: dual_view
2025-09-14 20:22:26 - [INFO] - [BSI META INTEGRATION] Updating scan meta with BSI data
2025-09-14 20:22:26 - [INFO] - [BSI META INTEGRATION] Session code: ATL
2025-09-14 20:22:26 - [INFO] - [BSI META INTEGRATION] Scan path: C:\hotspot\hotspot-analyzer\data\PLANAR\ATL\5001\20250515\5001_5.dcm
2025-09-14 20:22:26 - [INFO] - [BSI EXTRACT INFO] Extracting from path: C:\hotspot\hotspot-analyzer\data\PLANAR\ATL\5001\20250515\5001_5.dcm
2025-09-14 20:22:26 - [INFO] - [BSI EXTRACT INFO] Extracted study_date from DICOM: 20250515
2025-09-14 20:22:26 - [INFO] - [BSI EXTRACT INFO] Extracted patient_id from study_date structure: 5001
2025-09-14 20:22:26 - [INFO] - [BSI EXTRACT INFO] Final result - Patient: 5001, Study: 20250515
2025-09-14 20:22:26 - [INFO] - [BSI META INTEGRATION] Extracted - Patient: 5001, Study: 20250515
2025-09-14 20:22:26 - [INFO] -   [DEBUG QUANT FILES] Getting quantification files for: C:\hotspot\hotspot-analyzer\data\PLANAR\ATL\5001\20250515
2025-09-14 20:22:26 - [INFO] -   [DEBUG QUANT FILES] Detected study_date folder: C:\hotspot\hotspot-analyzer\data\PLANAR\ATL\5001\20250515
2025-09-14 20:22:26 - [INFO] -   [DEBUG QUANT FILES] Generated paths:
2025-09-14 20:22:26 - [INFO] -   [DEBUG QUANT FILES]   bsi_json_ant: C:\hotspot\hotspot-analyzer\data\PLANAR\ATL\5001\20250515\bsi_quantification_ant.json (exists: True)
2025-09-14 20:22:26 - [INFO] -   [DEBUG QUANT FILES]   bsi_json_post: C:\hotspot\hotspot-analyzer\data\PLANAR\ATL\5001\20250515\bsi_quantification_post.json (exists: True)
2025-09-14 20:22:26 - [INFO] - [BSI META INTEGRATION] Found BSI files in study_date folder: C:\hotspot\hotspot-analyzer\data\PLANAR\ATL\5001\20250515
2025-09-14 20:22:26 - [INFO] - [BSI META INTEGRATION] Using patient folder: C:\hotspot\hotspot-analyzer\data\PLANAR\ATL\5001\20250515
2025-09-14 20:22:26 - [INFO] -   [DEBUG BSI] Detected study_date folder, using parent: C:\hotspot\hotspot-analyzer\data\PLANAR\ATL\5001
2025-09-14 20:22:26 - [INFO] -   [DEBUG BSI] Found study_date folder: 20250115
2025-09-14 20:22:26 - [INFO] -   [DEBUG BSI] Found study_date folder: 20250214
2025-09-14 20:22:26 - [INFO] -   [DEBUG BSI] Found study_date folder: 20250316
2025-09-14 20:22:26 - [INFO] -   [DEBUG BSI] Found study_date folder: 20250415
2025-09-14 20:22:26 - [INFO] -   [DEBUG BSI] Found study_date folder: 20250515
2025-09-14 20:22:26 - [INFO] -   [DEBUG BSI]     - 20250115 (DIR)
2025-09-14 20:22:26 - [INFO] -   [DEBUG BSI]     - 20250214 (DIR)
2025-09-14 20:22:26 - [INFO] -   [DEBUG BSI]     - 20250316 (DIR)
2025-09-14 20:22:26 - [INFO] -   [DEBUG BSI]     - 20250415 (DIR)
2025-09-14 20:22:26 - [INFO] -   [DEBUG BSI]     - 20250515 (DIR)
2025-09-14 20:22:26 - [INFO] -   [DEBUG BSI]     - 20250822 (DIR)
2025-09-14 20:22:26 - [INFO] -   [DEBUG BSI]     - 5001_1.dcm (FILE)
2025-09-14 20:22:26 - [INFO] -   [DEBUG BSI]     - ant_hotspot_classification.json (FILE)
2025-09-14 20:22:26 - [INFO] -   [DEBUG BSI]     - ant_hotspot_classification.png (FILE)
2025-09-14 20:22:26 - [INFO] -   [DEBUG BSI]     - ant_hotspot_classification.xml (FILE)
2025-09-14 20:22:26 - [INFO] -   [DEBUG BSI]     - ant_hotspot_otsu_colored.png (FILE)
2025-09-14 20:22:26 - [INFO] -   [DEBUG BSI]     - ant_hotspot_otsu_colored_blend.png (FILE)
2025-09-14 20:22:26 - [INFO] -   [DEBUG BSI]     - ant_hotspot_otsu_grayscale.png (FILE)
2025-09-14 20:22:26 - [INFO] -   [DEBUG BSI]     - ant_hotspot_yolo.xml (FILE)
2025-09-14 20:22:26 - [INFO] -   [DEBUG BSI]     - ant_mask.png (FILE)
2025-09-14 20:22:26 - [INFO] -   [DEBUG BSI]     - ant_original.png (FILE)
2025-09-14 20:22:26 - [INFO] -   [DEBUG BSI]     - ant_segm.png (FILE)
2025-09-14 20:22:26 - [INFO] -   [DEBUG BSI]     - bsi_quantification_ant.json (FILE)
2025-09-14 20:22:26 - [INFO] -   [DEBUG BSI]     - bsi_quantification_post.json (FILE)
2025-09-14 20:22:26 - [INFO] -   [DEBUG BSI]     - post_hotspot_classification.json (FILE)
2025-09-14 20:22:26 - [INFO] -   [DEBUG BSI]     - post_hotspot_classification.png (FILE)
2025-09-14 20:22:26 - [INFO] -   [DEBUG BSI]     - post_hotspot_classification.xml (FILE)
2025-09-14 20:22:26 - [INFO] -   [DEBUG BSI]     - post_hotspot_otsu_colored.png (FILE)
2025-09-14 20:22:26 - [INFO] -   [DEBUG BSI]     - post_hotspot_otsu_colored_blend.png (FILE)
2025-09-14 20:22:26 - [INFO] -   [DEBUG BSI]     - post_hotspot_otsu_grayscale.png (FILE)
2025-09-14 20:22:26 - [INFO] -   [DEBUG BSI]     - post_hotspot_yolo.xml (FILE)
2025-09-14 20:22:26 - [INFO] -   [DEBUG BSI]     - post_mask.png (FILE)
2025-09-14 20:22:26 - [INFO] -   [DEBUG BSI]     - post_original.png (FILE)
2025-09-14 20:22:26 - [INFO] -   [DEBUG BSI]     - post_segm.png (FILE)
2025-09-14 20:22:26 - [INFO] -   [DEBUG BSI]     - 5001_2.dcm (FILE)
2025-09-14 20:22:26 - [INFO] -   [DEBUG BSI]     - ant_hotspot_classification.json (FILE)
2025-09-14 20:22:26 - [INFO] -   [DEBUG BSI]     - ant_hotspot_classification.png (FILE)
2025-09-14 20:22:26 - [INFO] -   [DEBUG BSI]     - ant_hotspot_classification.xml (FILE)
2025-09-14 20:22:26 - [INFO] -   [DEBUG BSI]     - ant_hotspot_otsu_colored.png (FILE)
2025-09-14 20:22:26 - [INFO] -   [DEBUG BSI]     - ant_hotspot_otsu_colored_blend.png (FILE)
2025-09-14 20:22:26 - [INFO] -   [DEBUG BSI]     - ant_hotspot_otsu_grayscale.png (FILE)
2025-09-14 20:22:26 - [INFO] -   [DEBUG BSI]     - ant_hotspot_yolo.xml (FILE)
2025-09-14 20:22:26 - [INFO] -   [DEBUG BSI]     - ant_mask.png (FILE)
2025-09-14 20:22:26 - [INFO] -   [DEBUG BSI]     - ant_original.png (FILE)
2025-09-14 20:22:26 - [INFO] -   [DEBUG BSI]     - ant_segm.png (FILE)
2025-09-14 20:22:26 - [INFO] -   [DEBUG BSI]     - bsi_quantification_ant.json (FILE)
2025-09-14 20:22:26 - [INFO] -   [DEBUG BSI]     - bsi_quantification_post.json (FILE)
2025-09-14 20:22:26 - [INFO] -   [DEBUG BSI]     - post_hotspot_classification.json (FILE)
2025-09-14 20:22:26 - [INFO] -   [DEBUG BSI]     - post_hotspot_classification.png (FILE)
2025-09-14 20:22:26 - [INFO] -   [DEBUG BSI]     - post_hotspot_classification.xml (FILE)
2025-09-14 20:22:26 - [INFO] -   [DEBUG BSI]     - post_hotspot_otsu_colored.png (FILE)
2025-09-14 20:22:26 - [INFO] -   [DEBUG BSI]     - post_hotspot_otsu_colored_blend.png (FILE)
2025-09-14 20:22:26 - [INFO] -   [DEBUG BSI]     - post_hotspot_otsu_grayscale.png (FILE)
2025-09-14 20:22:27 - [INFO] -   [DEBUG BSI]     - post_hotspot_yolo.xml (FILE)
2025-09-14 20:22:27 - [INFO] -   [DEBUG BSI]     - post_mask.png (FILE)
2025-09-14 20:22:27 - [INFO] -   [DEBUG BSI]     - post_original.png (FILE)
2025-09-14 20:22:27 - [INFO] -   [DEBUG BSI]     - post_segm.png (FILE)
2025-09-14 20:22:27 - [INFO] -   [DEBUG BSI]     - 5001_3.dcm (FILE)
2025-09-14 20:22:27 - [INFO] -   [DEBUG BSI]     - ant_hotspot_classification.json (FILE)
2025-09-14 20:22:27 - [INFO] -   [DEBUG BSI]     - ant_hotspot_classification.png (FILE)
2025-09-14 20:22:27 - [INFO] -   [DEBUG BSI]     - ant_hotspot_classification.xml (FILE)
2025-09-14 20:22:27 - [INFO] -   [DEBUG BSI]     - ant_hotspot_otsu_colored.png (FILE)
2025-09-14 20:22:27 - [INFO] -   [DEBUG BSI]     - ant_hotspot_otsu_colored_blend.png (FILE)
2025-09-14 20:22:27 - [INFO] -   [DEBUG BSI]     - ant_hotspot_otsu_grayscale.png (FILE)
2025-09-14 20:22:27 - [INFO] -   [DEBUG BSI]     - ant_hotspot_yolo.xml (FILE)
2025-09-14 20:22:27 - [INFO] -   [DEBUG BSI]     - ant_mask.png (FILE)
2025-09-14 20:22:27 - [INFO] -   [DEBUG BSI]     - ant_original.png (FILE)
2025-09-14 20:22:27 - [INFO] -   [DEBUG BSI]     - ant_segm.png (FILE)
2025-09-14 20:22:27 - [INFO] -   [DEBUG BSI]     - bsi_quantification_ant.json (FILE)
2025-09-14 20:22:27 - [INFO] -   [DEBUG BSI]     - bsi_quantification_post.json (FILE)
2025-09-14 20:22:27 - [INFO] -   [DEBUG BSI]     - post_hotspot_classification.json (FILE)
2025-09-14 20:22:27 - [INFO] -   [DEBUG BSI]     - post_hotspot_classification.png (FILE)
2025-09-14 20:22:27 - [INFO] -   [DEBUG BSI]     - post_hotspot_classification.xml (FILE)
2025-09-14 20:22:27 - [INFO] -   [DEBUG BSI]     - post_hotspot_otsu_colored.png (FILE)
2025-09-14 20:22:27 - [INFO] -   [DEBUG BSI]     - post_hotspot_otsu_colored_blend.png (FILE)
2025-09-14 20:22:27 - [INFO] -   [DEBUG BSI]     - post_hotspot_otsu_grayscale.png (FILE)
2025-09-14 20:22:27 - [INFO] -   [DEBUG BSI]     - post_hotspot_yolo.xml (FILE)
2025-09-14 20:22:27 - [INFO] -   [DEBUG BSI]     - post_mask.png (FILE)
2025-09-14 20:22:27 - [INFO] -   [DEBUG BSI]     - post_original.png (FILE)
2025-09-14 20:22:27 - [INFO] -   [DEBUG BSI]     - post_segm.png (FILE)
2025-09-14 20:22:27 - [INFO] -   [DEBUG BSI]     - 5001_4.dcm (FILE)
2025-09-14 20:22:27 - [INFO] -   [DEBUG BSI]     - ant_hotspot_classification.json (FILE)
2025-09-14 20:22:27 - [INFO] -   [DEBUG BSI]     - ant_hotspot_classification.png (FILE)
2025-09-14 20:22:27 - [INFO] -   [DEBUG BSI]     - ant_hotspot_classification.xml (FILE)
2025-09-14 20:22:27 - [INFO] -   [DEBUG BSI]     - ant_hotspot_otsu_colored.png (FILE)
2025-09-14 20:22:27 - [INFO] -   [DEBUG BSI]     - ant_hotspot_otsu_colored_blend.png (FILE)
2025-09-14 20:22:27 - [INFO] -   [DEBUG BSI]     - ant_hotspot_otsu_grayscale.png (FILE)
2025-09-14 20:22:27 - [INFO] -   [DEBUG BSI]     - ant_hotspot_yolo.xml (FILE)
2025-09-14 20:22:27 - [INFO] -   [DEBUG BSI]     - ant_mask.png (FILE)
2025-09-14 20:22:27 - [INFO] -   [DEBUG BSI]     - ant_original.png (FILE)
2025-09-14 20:22:27 - [INFO] -   [DEBUG BSI]     - ant_segm.png (FILE)
2025-09-14 20:22:27 - [INFO] -   [DEBUG BSI]     - bsi_quantification_ant.json (FILE)
2025-09-14 20:22:27 - [INFO] -   [DEBUG BSI]     - bsi_quantification_post.json (FILE)
2025-09-14 20:22:27 - [INFO] -   [DEBUG BSI]     - post_hotspot_classification.json (FILE)
2025-09-14 20:22:27 - [INFO] -   [DEBUG BSI]     - post_hotspot_classification.png (FILE)
2025-09-14 20:22:27 - [INFO] -   [DEBUG BSI]     - post_hotspot_classification.xml (FILE)
2025-09-14 20:22:27 - [INFO] -   [DEBUG BSI]     - post_hotspot_otsu_colored.png (FILE)
2025-09-14 20:22:27 - [INFO] -   [DEBUG BSI]     - post_hotspot_otsu_colored_blend.png (FILE)
2025-09-14 20:22:27 - [INFO] -   [DEBUG BSI]     - post_hotspot_otsu_grayscale.png (FILE)
2025-09-14 20:22:27 - [INFO] -   [DEBUG BSI]     - post_hotspot_yolo.xml (FILE)
2025-09-14 20:22:27 - [INFO] -   [DEBUG BSI]     - post_mask.png (FILE)
2025-09-14 20:22:27 - [INFO] -   [DEBUG BSI]     - post_original.png (FILE)
2025-09-14 20:22:27 - [INFO] -   [DEBUG BSI]     - post_segm.png (FILE)
2025-09-14 20:22:27 - [INFO] -   [DEBUG BSI]     - 5001_5.dcm (FILE)
2025-09-14 20:22:27 - [INFO] -   [DEBUG BSI]     - ant_hotspot_classification.json (FILE)
2025-09-14 20:22:27 - [INFO] -   [DEBUG BSI]     - ant_hotspot_classification.png (FILE)
2025-09-14 20:22:27 - [INFO] -   [DEBUG BSI]     - ant_hotspot_classification.xml (FILE)
2025-09-14 20:22:27 - [INFO] -   [DEBUG BSI]     - ant_hotspot_otsu_colored.png (FILE)
2025-09-14 20:22:27 - [INFO] -   [DEBUG BSI]     - ant_hotspot_otsu_colored_blend.png (FILE)
2025-09-14 20:22:27 - [INFO] -   [DEBUG BSI]     - ant_hotspot_otsu_grayscale.png (FILE)
2025-09-14 20:22:27 - [INFO] -   [DEBUG BSI]     - ant_hotspot_yolo.xml (FILE)
2025-09-14 20:22:27 - [INFO] -   [DEBUG BSI]     - ant_mask.png (FILE)
2025-09-14 20:22:27 - [INFO] -   [DEBUG BSI]     - ant_original.png (FILE)
2025-09-14 20:22:27 - [INFO] -   [DEBUG BSI]     - ant_segm.png (FILE)
2025-09-14 20:22:27 - [INFO] -   [DEBUG BSI]     - bsi_quantification_ant.json (FILE)
2025-09-14 20:22:27 - [INFO] -   [DEBUG BSI]     - bsi_quantification_post.json (FILE)
2025-09-14 20:22:27 - [INFO] -   [DEBUG BSI]     - post_hotspot_classification.json (FILE)
2025-09-14 20:22:27 - [INFO] -   [DEBUG BSI]     - post_hotspot_classification.png (FILE)
2025-09-14 20:22:27 - [INFO] -   [DEBUG BSI]     - post_hotspot_classification.xml (FILE)
2025-09-14 20:22:27 - [INFO] -   [DEBUG BSI]     - post_hotspot_otsu_colored.png (FILE)
2025-09-14 20:22:27 - [INFO] -   [DEBUG BSI]     - post_hotspot_otsu_colored_blend.png (FILE)
2025-09-14 20:22:27 - [INFO] -   [DEBUG BSI]     - post_hotspot_otsu_grayscale.png (FILE)
2025-09-14 20:22:27 - [INFO] -   [DEBUG BSI]     - post_hotspot_yolo.xml (FILE)
2025-09-14 20:22:27 - [INFO] -   [DEBUG BSI]     - post_mask.png (FILE)
2025-09-14 20:22:27 - [INFO] -   [DEBUG BSI]     - post_original.png (FILE)
2025-09-14 20:22:27 - [INFO] -   [DEBUG BSI]     - post_segm.png (FILE)
2025-09-14 20:22:27 - [INFO] -   [DEBUG BSI]     - 20250115 (DIR)
2025-09-14 20:22:27 - [INFO] -   [DEBUG BSI]     - 20250214 (DIR)
2025-09-14 20:22:27 - [INFO] -   [DEBUG BSI]     - 20250316 (DIR)
2025-09-14 20:22:27 - [INFO] -   [DEBUG BSI]     - 20250415 (DIR)
2025-09-14 20:22:27 - [INFO] -   [DEBUG BSI]     - 20250515 (DIR)
2025-09-14 20:22:27 - [INFO] - [BSI META INTEGRATION] Found BSI data: {'study_date': '20250515', 'anterior_bsi': 0.24586549062844543, 'posterior_bsi': 0.1817145124791749, 'combined_bsi': 0.21379000155381017, 'bsi_score': 0.21379000155381017, 'file_source': 'bsi_quantification_ant.json + bsi_quantification_post.json', 'processing_mode': 'dual_view', 'is_v2': True, 'source_location': 'Study date folder'}
2025-09-14 20:22:27 - [INFO] - [BSI META INTEGRATION]   Updated meta with BSI data:
2025-09-14 20:22:27 - [INFO] - [BSI META INTEGRATION]   Anterior BSI: 0.24586549062844543
2025-09-14 20:22:27 - [INFO] - [BSI META INTEGRATION]   Posterior BSI: 0.1817145124791749
2025-09-14 20:22:27 - [INFO] - [BSI META INTEGRATION]   Processing mode: dual_view
2025-09-14 20:22:27 - [INFO] - [DEBUG] Rebuilding timeline for active scan index: 0
2025-09-14 20:22:27 - [INFO] - [DEBUG] Creating CLASSIFICATION card 0 for view: Anterior
2025-09-14 20:22:27 - [INFO] - [DEBUG] Active layers selected: ['Image']
2025-09-14 20:22:27 - [INFO] - [DEBUG] DICOM path: C:\hotspot\hotspot-analyzer\data\PLANAR\ATL\5001\20250115\5001_1.dcm
2025-09-14 20:22:27 - [INFO] - [DEBUG] Current view: Anterior
2025-09-14 20:22:27 - [INFO] - [CACHE DEBUG] use_cache=False
2025-09-14 20:22:27 - [INFO] - [CACHE DEBUG] has_adjustments=False (B=0.00, C=1.00)
2025-09-14 20:22:27 - [INFO] - [CACHE DEBUG] has_overrides=False (override_b=None, override_c=None)
2025-09-14 20:22:27 - [INFO] - [CACHE DEBUG] invert_original=True
2025-09-14 20:22:27 - [INFO] - [CACHE SKIP] Skipping cache due to adjustments/overrides/invert
2025-09-14 20:22:27 - [INFO] - [DEBUG] Path extraction: session=ATL, patient=5001, study_date=20250115
2025-09-14 20:22:27 - [INFO] - [DEBUG] Extracted patient info - ID: 5001, Session: ATL
2025-09-14 20:22:27 - [INFO] - [DEBUG] Original path: C:\hotspot\hotspot-analyzer\data\PLANAR\ATL\5001\20250115\5001_1.dcm
2025-09-14 20:22:27 - [INFO] - [DEBUG] Study date: 20250115
2025-09-14 20:22:27 - [INFO] - [DEBUG] Patient ID: 5001
2025-09-14 20:22:27 - [INFO] - [DEBUG] Session code: ATL
2025-09-14 20:22:27 - [INFO] - [DEBUG] Study date folder: C:\hotspot\hotspot-analyzer\data\PLANAR\ATL\5001\20250115
2025-09-14 20:22:27 - [INFO] - [DEBUG] Loading original image for Anterior
2025-09-14 20:22:27 - [INFO] - [DEBUG] Looking for original PNG in study_date dir: C:\hotspot\hotspot-analyzer\data\PLANAR\ATL\5001\20250115\ant_original.png
2025-09-14 20:22:27 - [DEBUG] - STREAM b'IHDR' 16 13
2025-09-14 20:22:27 - [DEBUG] - STREAM b'IDAT' 41 65536
2025-09-14 20:22:27 - [INFO] - [DEBUG] Loaded original PNG from study_date dir: (256, 1024)
2025-09-14 20:22:27 - [INFO] - [DEBUG] Original image loaded: (256, 1024)
2025-09-14 20:22:27 - [INFO] - [DEBUG] Applying invert to original image
2025-09-14 20:22:27 - [INFO] - [DEBUG] simple_invert_pil_image: Processing L image, size = (256, 1024)
2025-09-14 20:22:27 - [INFO] - [DEBUG] simple_invert_image: input shape = (1024, 256), dtype = uint8
2025-09-14 20:22:27 - [INFO] - [DEBUG] Simple inversion completed: [0-255] -> [0-255]
2025-09-14 20:22:27 - [INFO] - [DEBUG] simple_invert_pil_image: completed
2025-09-14 20:22:27 - [INFO] - [DEBUG] Using STORED B/C values: B=0.00, C=1.00
2025-09-14 20:22:27 - [INFO] - [DEBUG]   Image layer loaded and processed
2025-09-14 20:22:27 - [INFO] - [DEBUG] Loading segmentation layer for Anterior
2025-09-14 20:22:27 - [INFO] - [DEBUG] Looking for segmentation (NEWEST): C:\hotspot\hotspot-analyzer\data\PLANAR\ATL\5001\20250115\ant_segm.png
2025-09-14 20:22:27 - [DEBUG] - STREAM b'IHDR' 16 13
2025-09-14 20:22:27 - [DEBUG] - STREAM b'IDAT' 41 6353
2025-09-14 20:22:27 - [INFO] - [DEBUG]   Loaded segmentation with transparency: C:\hotspot\hotspot-analyzer\data\PLANAR\ATL\5001\20250115\ant_segm.png
2025-09-14 20:22:27 - [INFO] - [DEBUG] Segmentation type: ORIGINAL
2025-09-14 20:22:27 - [INFO] - [DEBUG] Loading hotspot layer for Anterior
2025-09-14 20:22:27 - [INFO] - [DEBUG] Looking for hotspot classification (NEWEST): C:\hotspot\hotspot-analyzer\data\PLANAR\ATL\5001\20250115\20250822\ant_hotspot_classification_204035.png
2025-09-14 20:22:27 - [DEBUG] - STREAM b'IHDR' 16 13
2025-09-14 20:22:27 - [DEBUG] - STREAM b'IDAT' 41 1180
2025-09-14 20:22:27 - [INFO] - [DEBUG]   Loaded hotspot layer: C:\hotspot\hotspot-analyzer\data\PLANAR\ATL\5001\20250115\20250822\ant_hotspot_classification_204035.png
2025-09-14 20:22:27 - [INFO] - [DEBUG] Hotspot type: EDITED
2025-09-14 20:22:27 - [INFO] - [DEBUG] Loading bbox layer for Anterior
2025-09-14 20:22:27 - [INFO] - [DEBUG] Looking for classification XML (NEWEST): C:\hotspot\hotspot-analyzer\data\PLANAR\ATL\5001\20250115\20250822\ant_hotspot_classification_204035.xml
2025-09-14 20:22:27 - [INFO] - [DEBUG] Loading CLASSIFICATION XML for bbox: C:\hotspot\hotspot-analyzer\data\PLANAR\ATL\5001\20250115\20250822\ant_hotspot_classification_204035.xml
2025-09-14 20:22:27 - [INFO] - [DEBUG] Drew CLASSIFICATION Abnormal bbox: (194,150) -> (214,171)
2025-09-14 20:22:27 - [INFO] - [DEBUG] Drew CLASSIFICATION Abnormal bbox: (68,444) -> (76,459)
2025-09-14 20:22:27 - [INFO] - [DEBUG] Drew CLASSIFICATION Abnormal bbox: (156,480) -> (188,511)
2025-09-14 20:22:27 - [INFO] - [DEBUG]   Created CLASSIFICATION bbox visualization with 3 boxes
2025-09-14 20:22:27 - [INFO] - [DEBUG]   Loaded bbox layer: C:\hotspot\hotspot-analyzer\data\PLANAR\ATL\5001\20250115\20250822\ant_hotspot_classification_204035.xml
2025-09-14 20:22:27 - [INFO] - [DEBUG] BBox XML type: EDITED
2025-09-14 20:22:27 - [INFO] - [CACHE STORE] Not caching due to adjustments/overrides/invert
2025-09-14 20:22:27 - [INFO] - [DEBUG]   Loaded 4 layers for Anterior: ['Image', 'Segmentation', 'Hotspot', 'HotspotBBox']
2025-09-14 20:22:27 - [INFO] - [DEBUG] Available CLASSIFICATION layers in files: ['Image', 'Segmentation', 'Hotspot', 'HotspotBBox']
2025-09-14 20:22:27 - [INFO] - [DEBUG]   Added CLASSIFICATION Image to card 0 (opacity: 1.00)
2025-09-14 20:22:27 - [INFO] - [DEBUG]   CLASSIFICATION card 0 composite created with layers: ['Image']
2025-09-14 20:22:27 - [INFO] - [DEBUG] Creating CLASSIFICATION card 0 for view: Posterior
2025-09-14 20:22:27 - [INFO] - [DEBUG] Active layers selected: ['Image']
2025-09-14 20:22:27 - [INFO] - [DEBUG] DICOM path: C:\hotspot\hotspot-analyzer\data\PLANAR\ATL\5001\20250115\5001_1.dcm
2025-09-14 20:22:27 - [INFO] - [DEBUG] Current view: Posterior
2025-09-14 20:22:27 - [INFO] - [CACHE DEBUG] use_cache=False
2025-09-14 20:22:27 - [INFO] - [CACHE DEBUG] has_adjustments=False (B=0.00, C=1.00)
2025-09-14 20:22:27 - [INFO] - [CACHE DEBUG] has_overrides=False (override_b=None, override_c=None)
2025-09-14 20:22:27 - [INFO] - [CACHE DEBUG] invert_original=True
2025-09-14 20:22:27 - [INFO] - [CACHE SKIP] Skipping cache due to adjustments/overrides/invert
2025-09-14 20:22:27 - [INFO] - [DEBUG] Path extraction: session=ATL, patient=5001, study_date=20250115
2025-09-14 20:22:27 - [INFO] - [DEBUG] Extracted patient info - ID: 5001, Session: ATL
2025-09-14 20:22:27 - [INFO] - [DEBUG] Original path: C:\hotspot\hotspot-analyzer\data\PLANAR\ATL\5001\20250115\5001_1.dcm
2025-09-14 20:22:27 - [INFO] - [DEBUG] Study date: 20250115
2025-09-14 20:22:27 - [INFO] - [DEBUG] Patient ID: 5001
2025-09-14 20:22:27 - [INFO] - [DEBUG] Session code: ATL
2025-09-14 20:22:27 - [INFO] - [DEBUG] Study date folder: C:\hotspot\hotspot-analyzer\data\PLANAR\ATL\5001\20250115
2025-09-14 20:22:27 - [INFO] - [DEBUG] Loading original image for Posterior
2025-09-14 20:22:27 - [INFO] - [DEBUG] Looking for original PNG in study_date dir: C:\hotspot\hotspot-analyzer\data\PLANAR\ATL\5001\20250115\post_original.png
2025-09-14 20:22:27 - [DEBUG] - STREAM b'IHDR' 16 13
2025-09-14 20:22:27 - [DEBUG] - STREAM b'IDAT' 41 65536
2025-09-14 20:22:27 - [INFO] - [DEBUG] Loaded original PNG from study_date dir: (256, 1024)
2025-09-14 20:22:27 - [INFO] - [DEBUG] Original image loaded: (256, 1024)
2025-09-14 20:22:27 - [INFO] - [DEBUG] Applying invert to original image
2025-09-14 20:22:27 - [INFO] - [DEBUG] simple_invert_pil_image: Processing L image, size = (256, 1024)
2025-09-14 20:22:27 - [INFO] - [DEBUG] simple_invert_image: input shape = (1024, 256), dtype = uint8
2025-09-14 20:22:27 - [INFO] - [DEBUG] Simple inversion completed: [0-255] -> [0-255]
2025-09-14 20:22:27 - [INFO] - [DEBUG] simple_invert_pil_image: completed
2025-09-14 20:22:27 - [INFO] - [DEBUG] Using STORED B/C values: B=0.00, C=1.00
2025-09-14 20:22:27 - [INFO] - [DEBUG]   Image layer loaded and processed
2025-09-14 20:22:27 - [INFO] - [DEBUG] Loading segmentation layer for Posterior
2025-09-14 20:22:27 - [INFO] - [DEBUG] Looking for segmentation (NEWEST): C:\hotspot\hotspot-analyzer\data\PLANAR\ATL\5001\20250115\post_segm.png
2025-09-14 20:22:27 - [DEBUG] - STREAM b'IHDR' 16 13
2025-09-14 20:22:27 - [DEBUG] - STREAM b'IDAT' 41 6018
2025-09-14 20:22:27 - [INFO] - [DEBUG]   Loaded segmentation with transparency: C:\hotspot\hotspot-analyzer\data\PLANAR\ATL\5001\20250115\post_segm.png
2025-09-14 20:22:27 - [INFO] - [DEBUG] Segmentation type: ORIGINAL
2025-09-14 20:22:27 - [INFO] - [DEBUG] Loading hotspot layer for Posterior
2025-09-14 20:22:27 - [INFO] - [DEBUG] Looking for hotspot classification (NEWEST): C:\hotspot\hotspot-analyzer\data\PLANAR\ATL\5001\20250115\post_hotspot_classification.png
2025-09-14 20:22:27 - [DEBUG] - STREAM b'IHDR' 16 13
2025-09-14 20:22:27 - [DEBUG] - STREAM b'IDAT' 41 1317
2025-09-14 20:22:27 - [INFO] - [DEBUG]   Loaded hotspot layer: C:\hotspot\hotspot-analyzer\data\PLANAR\ATL\5001\20250115\post_hotspot_classification.png
2025-09-14 20:22:27 - [INFO] - [DEBUG] Hotspot type: ORIGINAL
2025-09-14 20:22:27 - [INFO] - [DEBUG] Loading bbox layer for Posterior
2025-09-14 20:22:27 - [INFO] - [DEBUG] Looking for classification XML (NEWEST): C:\hotspot\hotspot-analyzer\data\PLANAR\ATL\5001\20250115\post_hotspot_classification.xml
2025-09-14 20:22:27 - [INFO] - [DEBUG] Loading CLASSIFICATION XML for bbox: C:\hotspot\hotspot-analyzer\data\PLANAR\ATL\5001\20250115\post_hotspot_classification.xml
2025-09-14 20:22:27 - [INFO] - [DEBUG] Drew CLASSIFICATION Abnormal bbox: (44,482) -> (95,537)
2025-09-14 20:22:27 - [INFO] - [DEBUG] Drew CLASSIFICATION Abnormal bbox: (111,344) -> (132,365)
2025-09-14 20:22:27 - [INFO] - [DEBUG] Drew CLASSIFICATION Abnormal bbox: (96,51) -> (117,75)
2025-09-14 20:22:27 - [INFO] - [DEBUG] Drew CLASSIFICATION Abnormal bbox: (54,483) -> (91,527)
2025-09-14 20:22:27 - [INFO] - [DEBUG]   Created CLASSIFICATION bbox visualization with 4 boxes
2025-09-14 20:22:27 - [INFO] - [DEBUG]   Loaded bbox layer: C:\hotspot\hotspot-analyzer\data\PLANAR\ATL\5001\20250115\post_hotspot_classification.xml
2025-09-14 20:22:27 - [INFO] - [DEBUG] BBox XML type: ORIGINAL
2025-09-14 20:22:27 - [INFO] - [CACHE STORE] Not caching due to adjustments/overrides/invert
2025-09-14 20:22:27 - [INFO] - [DEBUG]   Loaded 4 layers for Posterior: ['Image', 'Segmentation', 'Hotspot', 'HotspotBBox']
2025-09-14 20:22:27 - [INFO] - [DEBUG] Available CLASSIFICATION layers in files: ['Image', 'Segmentation', 'Hotspot', 'HotspotBBox']
2025-09-14 20:22:27 - [INFO] - [DEBUG]   Added CLASSIFICATION Image to card 0 (opacity: 1.00)
2025-09-14 20:22:27 - [INFO] - [DEBUG]   CLASSIFICATION card 0 composite created with layers: ['Image']
2025-09-14 20:22:27 - [INFO] - [SMART UPDATE] State updated - Type: full
2025-09-14 20:22:27 - [INFO] - [MainWindow]   Timeline updated with BSI integration
2025-09-14 20:22:27 - [INFO] - 
🏠 [DEBUG MAIN GANTENG] ===================
2025-09-14 20:22:27 - [INFO] - 🏠 [DEBUG MAIN] Loading BSI data for selected scan
2025-09-14 20:22:27 - [INFO] - 🏠 [DEBUG MAIN] Session code: ATL
2025-09-14 20:22:27 - [INFO] - 🏠 [DEBUG MAIN] Scan data keys: ['meta', 'frames', 'path', 'workflow_files']
2025-09-14 20:22:27 - [INFO] - 🏠 [DEBUG MAIN] DICOM path: C:\hotspot\hotspot-analyzer\data\PLANAR\ATL\5001\20250115\5001_1.dcm
2025-09-14 20:22:27 - [INFO] - 🏠 [DEBUG MAIN] DICOM exists: True
2025-09-14 20:22:27 - [INFO] - 🏠 [DEBUG MAIN] Initial patient folder: C:\hotspot\hotspot-analyzer\data\PLANAR\ATL\5001\20250115
2025-09-14 20:22:27 - [INFO] - 🏠 [DEBUG MAIN] Initial patient folder exists: True
2025-09-14 20:22:27 - [INFO] - 🏠 [DEBUG MAIN] Initial patient folder name: 20250115
2025-09-14 20:22:27 - [INFO] - 🏠 [DEBUG MAIN] Study date from DICOM: 20250115
2025-09-14 20:22:27 - [INFO] - 🏠 [DEBUG MAIN] Detected study_date folder structure
2025-09-14 20:22:27 - [INFO] - 🏠 [DEBUG MAIN] Corrected patient folder: C:\hotspot\hotspot-analyzer\data\PLANAR\ATL\5001
2025-09-14 20:22:27 - [INFO] - 🏠 [DEBUG MAIN] Corrected patient ID: 5001
2025-09-14 20:22:27 - [INFO] - 🏠 [DEBUG MAIN] Corrected study date: 20250115
2025-09-14 20:22:27 - [INFO] -   [DEBUG QUANT FILES] Getting quantification files for: C:\hotspot\hotspot-analyzer\data\PLANAR\ATL\5001\20250115
2025-09-14 20:22:27 - [INFO] -   [DEBUG QUANT FILES] Detected study_date folder: C:\hotspot\hotspot-analyzer\data\PLANAR\ATL\5001\20250115
2025-09-14 20:22:27 - [INFO] -   [DEBUG QUANT FILES] Generated paths:
2025-09-14 20:22:27 - [INFO] -   [DEBUG QUANT FILES]   bsi_json_ant: C:\hotspot\hotspot-analyzer\data\PLANAR\ATL\5001\20250115\bsi_quantification_ant.json (exists: True)
2025-09-14 20:22:27 - [INFO] -   [DEBUG QUANT FILES]   bsi_json_post: C:\hotspot\hotspot-analyzer\data\PLANAR\ATL\5001\20250115\bsi_quantification_post.json (exists: True)
2025-09-14 20:22:27 - [INFO] - 🏠 [DEBUG MAIN] BSI files in study_date folder:
2025-09-14 20:22:27 - [INFO] - 🏠 [DEBUG MAIN]   Anterior: True
2025-09-14 20:22:27 - [INFO] - 🏠 [DEBUG MAIN]   Posterior: True
2025-09-14 20:22:27 - [INFO] - 🏠 [DEBUG MAIN] Found BSI files in study_date folder, using it
2025-09-14 20:22:27 - [INFO] - [BSI CANVAS] Using patient folder for trend: C:\hotspot\hotspot-analyzer\data\PLANAR\ATL\5001
2025-09-14 20:22:27 - [INFO] -   [DEBUG BSI] Using patient folder directly: C:\hotspot\hotspot-analyzer\data\PLANAR\ATL\5001
2025-09-14 20:22:27 - [INFO] -   [DEBUG BSI] Found study_date folder: 20250115
2025-09-14 20:22:27 - [INFO] -   [DEBUG BSI] Found study_date folder: 20250214
2025-09-14 20:22:27 - [INFO] -   [DEBUG BSI] Found study_date folder: 20250316
2025-09-14 20:22:27 - [INFO] -   [DEBUG BSI] Found study_date folder: 20250415
2025-09-14 20:22:27 - [INFO] -   [DEBUG BSI] Found study_date folder: 20250515
2025-09-14 20:22:27 - [INFO] -   [DEBUG BSI]     - 20250115 (DIR)
2025-09-14 20:22:27 - [INFO] -   [DEBUG BSI]     - 20250214 (DIR)
2025-09-14 20:22:27 - [INFO] -   [DEBUG BSI]     - 20250316 (DIR)
2025-09-14 20:22:27 - [INFO] -   [DEBUG BSI]     - 20250415 (DIR)
2025-09-14 20:22:27 - [INFO] -   [DEBUG BSI]     - 20250515 (DIR)
2025-09-14 20:22:27 - [INFO] -   [DEBUG BSI]     - 20250822 (DIR)
2025-09-14 20:22:27 - [INFO] -   [DEBUG BSI]     - 5001_1.dcm (FILE)
2025-09-14 20:22:27 - [INFO] -   [DEBUG BSI]     - ant_hotspot_classification.json (FILE)
2025-09-14 20:22:27 - [INFO] -   [DEBUG BSI]     - ant_hotspot_classification.png (FILE)
2025-09-14 20:22:27 - [INFO] -   [DEBUG BSI]     - ant_hotspot_classification.xml (FILE)
2025-09-14 20:22:27 - [INFO] -   [DEBUG BSI]     - ant_hotspot_otsu_colored.png (FILE)
2025-09-14 20:22:27 - [INFO] -   [DEBUG BSI]     - ant_hotspot_otsu_colored_blend.png (FILE)
2025-09-14 20:22:27 - [INFO] -   [DEBUG BSI]     - ant_hotspot_otsu_grayscale.png (FILE)
2025-09-14 20:22:27 - [INFO] -   [DEBUG BSI]     - ant_hotspot_yolo.xml (FILE)
2025-09-14 20:22:27 - [INFO] -   [DEBUG BSI]     - ant_mask.png (FILE)
2025-09-14 20:22:27 - [INFO] -   [DEBUG BSI]     - ant_original.png (FILE)
2025-09-14 20:22:27 - [INFO] -   [DEBUG BSI]     - ant_segm.png (FILE)
2025-09-14 20:22:27 - [INFO] -   [DEBUG BSI]     - bsi_quantification_ant.json (FILE)
2025-09-14 20:22:27 - [INFO] -   [DEBUG BSI]     - bsi_quantification_post.json (FILE)
2025-09-14 20:22:27 - [INFO] -   [DEBUG BSI]     - post_hotspot_classification.json (FILE)
2025-09-14 20:22:27 - [INFO] -   [DEBUG BSI]     - post_hotspot_classification.png (FILE)
2025-09-14 20:22:27 - [INFO] -   [DEBUG BSI]     - post_hotspot_classification.xml (FILE)
2025-09-14 20:22:27 - [INFO] -   [DEBUG BSI]     - post_hotspot_otsu_colored.png (FILE)
2025-09-14 20:22:27 - [INFO] -   [DEBUG BSI]     - post_hotspot_otsu_colored_blend.png (FILE)
2025-09-14 20:22:27 - [INFO] -   [DEBUG BSI]     - post_hotspot_otsu_grayscale.png (FILE)
2025-09-14 20:22:27 - [INFO] -   [DEBUG BSI]     - post_hotspot_yolo.xml (FILE)
2025-09-14 20:22:27 - [INFO] -   [DEBUG BSI]     - post_mask.png (FILE)
2025-09-14 20:22:27 - [INFO] -   [DEBUG BSI]     - post_original.png (FILE)
2025-09-14 20:22:27 - [INFO] -   [DEBUG BSI]     - post_segm.png (FILE)
2025-09-14 20:22:27 - [INFO] -   [DEBUG BSI]     - 5001_2.dcm (FILE)
2025-09-14 20:22:27 - [INFO] -   [DEBUG BSI]     - ant_hotspot_classification.json (FILE)
2025-09-14 20:22:27 - [INFO] -   [DEBUG BSI]     - ant_hotspot_classification.png (FILE)
2025-09-14 20:22:27 - [INFO] -   [DEBUG BSI]     - ant_hotspot_classification.xml (FILE)
2025-09-14 20:22:27 - [INFO] -   [DEBUG BSI]     - ant_hotspot_otsu_colored.png (FILE)
2025-09-14 20:22:27 - [INFO] -   [DEBUG BSI]     - ant_hotspot_otsu_colored_blend.png (FILE)
2025-09-14 20:22:27 - [INFO] -   [DEBUG BSI]     - ant_hotspot_otsu_grayscale.png (FILE)
2025-09-14 20:22:27 - [INFO] -   [DEBUG BSI]     - ant_hotspot_yolo.xml (FILE)
2025-09-14 20:22:27 - [INFO] -   [DEBUG BSI]     - ant_mask.png (FILE)
2025-09-14 20:22:27 - [INFO] -   [DEBUG BSI]     - ant_original.png (FILE)
2025-09-14 20:22:27 - [INFO] -   [DEBUG BSI]     - ant_segm.png (FILE)
2025-09-14 20:22:27 - [INFO] -   [DEBUG BSI]     - bsi_quantification_ant.json (FILE)
2025-09-14 20:22:27 - [INFO] -   [DEBUG BSI]     - bsi_quantification_post.json (FILE)
2025-09-14 20:22:27 - [INFO] -   [DEBUG BSI]     - post_hotspot_classification.json (FILE)
2025-09-14 20:22:27 - [INFO] -   [DEBUG BSI]     - post_hotspot_classification.png (FILE)
2025-09-14 20:22:27 - [INFO] -   [DEBUG BSI]     - post_hotspot_classification.xml (FILE)
2025-09-14 20:22:27 - [INFO] -   [DEBUG BSI]     - post_hotspot_otsu_colored.png (FILE)
2025-09-14 20:22:27 - [INFO] -   [DEBUG BSI]     - post_hotspot_otsu_colored_blend.png (FILE)
2025-09-14 20:22:27 - [INFO] -   [DEBUG BSI]     - post_hotspot_otsu_grayscale.png (FILE)
2025-09-14 20:22:27 - [INFO] -   [DEBUG BSI]     - post_hotspot_yolo.xml (FILE)
2025-09-14 20:22:27 - [INFO] -   [DEBUG BSI]     - post_mask.png (FILE)
2025-09-14 20:22:27 - [INFO] -   [DEBUG BSI]     - post_original.png (FILE)
2025-09-14 20:22:27 - [INFO] -   [DEBUG BSI]     - post_segm.png (FILE)
2025-09-14 20:22:27 - [INFO] -   [DEBUG BSI]     - 5001_3.dcm (FILE)
2025-09-14 20:22:27 - [INFO] -   [DEBUG BSI]     - ant_hotspot_classification.json (FILE)
2025-09-14 20:22:27 - [INFO] -   [DEBUG BSI]     - ant_hotspot_classification.png (FILE)
2025-09-14 20:22:27 - [INFO] -   [DEBUG BSI]     - ant_hotspot_classification.xml (FILE)
2025-09-14 20:22:27 - [INFO] -   [DEBUG BSI]     - ant_hotspot_otsu_colored.png (FILE)
2025-09-14 20:22:27 - [INFO] -   [DEBUG BSI]     - ant_hotspot_otsu_colored_blend.png (FILE)
2025-09-14 20:22:27 - [INFO] -   [DEBUG BSI]     - ant_hotspot_otsu_grayscale.png (FILE)
2025-09-14 20:22:27 - [INFO] -   [DEBUG BSI]     - ant_hotspot_yolo.xml (FILE)
2025-09-14 20:22:27 - [INFO] -   [DEBUG BSI]     - ant_mask.png (FILE)
2025-09-14 20:22:27 - [INFO] -   [DEBUG BSI]     - ant_original.png (FILE)
2025-09-14 20:22:27 - [INFO] -   [DEBUG BSI]     - ant_segm.png (FILE)
2025-09-14 20:22:27 - [INFO] -   [DEBUG BSI]     - bsi_quantification_ant.json (FILE)
2025-09-14 20:22:27 - [INFO] -   [DEBUG BSI]     - bsi_quantification_post.json (FILE)
2025-09-14 20:22:27 - [INFO] -   [DEBUG BSI]     - post_hotspot_classification.json (FILE)
2025-09-14 20:22:27 - [INFO] -   [DEBUG BSI]     - post_hotspot_classification.png (FILE)
2025-09-14 20:22:27 - [INFO] -   [DEBUG BSI]     - post_hotspot_classification.xml (FILE)
2025-09-14 20:22:27 - [INFO] -   [DEBUG BSI]     - post_hotspot_otsu_colored.png (FILE)
2025-09-14 20:22:27 - [INFO] -   [DEBUG BSI]     - post_hotspot_otsu_colored_blend.png (FILE)
2025-09-14 20:22:27 - [INFO] -   [DEBUG BSI]     - post_hotspot_otsu_grayscale.png (FILE)
2025-09-14 20:22:27 - [INFO] -   [DEBUG BSI]     - post_hotspot_yolo.xml (FILE)
2025-09-14 20:22:27 - [INFO] -   [DEBUG BSI]     - post_mask.png (FILE)
2025-09-14 20:22:27 - [INFO] -   [DEBUG BSI]     - post_original.png (FILE)
2025-09-14 20:22:27 - [INFO] -   [DEBUG BSI]     - post_segm.png (FILE)
2025-09-14 20:22:27 - [INFO] -   [DEBUG BSI]     - 5001_4.dcm (FILE)
2025-09-14 20:22:27 - [INFO] -   [DEBUG BSI]     - ant_hotspot_classification.json (FILE)
2025-09-14 20:22:27 - [INFO] -   [DEBUG BSI]     - ant_hotspot_classification.png (FILE)
2025-09-14 20:22:27 - [INFO] -   [DEBUG BSI]     - ant_hotspot_classification.xml (FILE)
2025-09-14 20:22:27 - [INFO] -   [DEBUG BSI]     - ant_hotspot_otsu_colored.png (FILE)
2025-09-14 20:22:27 - [INFO] -   [DEBUG BSI]     - ant_hotspot_otsu_colored_blend.png (FILE)
2025-09-14 20:22:27 - [INFO] -   [DEBUG BSI]     - ant_hotspot_otsu_grayscale.png (FILE)
2025-09-14 20:22:27 - [INFO] -   [DEBUG BSI]     - ant_hotspot_yolo.xml (FILE)
2025-09-14 20:22:27 - [INFO] -   [DEBUG BSI]     - ant_mask.png (FILE)
2025-09-14 20:22:27 - [INFO] -   [DEBUG BSI]     - ant_original.png (FILE)
2025-09-14 20:22:27 - [INFO] -   [DEBUG BSI]     - ant_segm.png (FILE)
2025-09-14 20:22:27 - [INFO] -   [DEBUG BSI]     - bsi_quantification_ant.json (FILE)
2025-09-14 20:22:27 - [INFO] -   [DEBUG BSI]     - bsi_quantification_post.json (FILE)
2025-09-14 20:22:27 - [INFO] -   [DEBUG BSI]     - post_hotspot_classification.json (FILE)
2025-09-14 20:22:27 - [INFO] -   [DEBUG BSI]     - post_hotspot_classification.png (FILE)
2025-09-14 20:22:27 - [INFO] -   [DEBUG BSI]     - post_hotspot_classification.xml (FILE)
2025-09-14 20:22:27 - [INFO] -   [DEBUG BSI]     - post_hotspot_otsu_colored.png (FILE)
2025-09-14 20:22:27 - [INFO] -   [DEBUG BSI]     - post_hotspot_otsu_colored_blend.png (FILE)
2025-09-14 20:22:27 - [INFO] -   [DEBUG BSI]     - post_hotspot_otsu_grayscale.png (FILE)
2025-09-14 20:22:27 - [INFO] -   [DEBUG BSI]     - post_hotspot_yolo.xml (FILE)
2025-09-14 20:22:27 - [INFO] -   [DEBUG BSI]     - post_mask.png (FILE)
2025-09-14 20:22:27 - [INFO] -   [DEBUG BSI]     - post_original.png (FILE)
2025-09-14 20:22:27 - [INFO] -   [DEBUG BSI]     - post_segm.png (FILE)
2025-09-14 20:22:27 - [INFO] -   [DEBUG BSI]     - 5001_5.dcm (FILE)
2025-09-14 20:22:27 - [INFO] -   [DEBUG BSI]     - ant_hotspot_classification.json (FILE)
2025-09-14 20:22:27 - [INFO] -   [DEBUG BSI]     - ant_hotspot_classification.png (FILE)
2025-09-14 20:22:27 - [INFO] -   [DEBUG BSI]     - ant_hotspot_classification.xml (FILE)
2025-09-14 20:22:27 - [INFO] -   [DEBUG BSI]     - ant_hotspot_otsu_colored.png (FILE)
2025-09-14 20:22:27 - [INFO] -   [DEBUG BSI]     - ant_hotspot_otsu_colored_blend.png (FILE)
2025-09-14 20:22:27 - [INFO] -   [DEBUG BSI]     - ant_hotspot_otsu_grayscale.png (FILE)
2025-09-14 20:22:27 - [INFO] -   [DEBUG BSI]     - ant_hotspot_yolo.xml (FILE)
2025-09-14 20:22:27 - [INFO] -   [DEBUG BSI]     - ant_mask.png (FILE)
2025-09-14 20:22:27 - [INFO] -   [DEBUG BSI]     - ant_original.png (FILE)
2025-09-14 20:22:27 - [INFO] -   [DEBUG BSI]     - ant_segm.png (FILE)
2025-09-14 20:22:27 - [INFO] -   [DEBUG BSI]     - bsi_quantification_ant.json (FILE)
2025-09-14 20:22:27 - [INFO] -   [DEBUG BSI]     - bsi_quantification_post.json (FILE)
2025-09-14 20:22:27 - [INFO] -   [DEBUG BSI]     - post_hotspot_classification.json (FILE)
2025-09-14 20:22:27 - [INFO] -   [DEBUG BSI]     - post_hotspot_classification.png (FILE)
2025-09-14 20:22:27 - [INFO] -   [DEBUG BSI]     - post_hotspot_classification.xml (FILE)
2025-09-14 20:22:27 - [INFO] -   [DEBUG BSI]     - post_hotspot_otsu_colored.png (FILE)
2025-09-14 20:22:27 - [INFO] -   [DEBUG BSI]     - post_hotspot_otsu_colored_blend.png (FILE)
2025-09-14 20:22:27 - [INFO] -   [DEBUG BSI]     - post_hotspot_otsu_grayscale.png (FILE)
2025-09-14 20:22:27 - [INFO] -   [DEBUG BSI]     - post_hotspot_yolo.xml (FILE)
2025-09-14 20:22:27 - [INFO] -   [DEBUG BSI]     - post_mask.png (FILE)
2025-09-14 20:22:27 - [INFO] -   [DEBUG BSI]     - post_original.png (FILE)
2025-09-14 20:22:27 - [INFO] -   [DEBUG BSI]     - post_segm.png (FILE)
2025-09-14 20:22:27 - [INFO] - [DEBUG BSI CANVAS] Processing date: 20250214, mode: dual_view
2025-09-14 20:22:27 - [INFO] - [DEBUG BSI CANVAS] Added: Ant=1.051394673420531 Post=1.0889740386026672
2025-09-14 20:22:27 - [INFO] - [DEBUG BSI CANVAS] Processing date: 20250316, mode: dual_view
2025-09-14 20:22:27 - [INFO] - [DEBUG BSI CANVAS] Added: Ant=1.5613486797522866 Post=2.2665429527557532
2025-09-14 20:22:27 - [INFO] - [DEBUG BSI CANVAS] Processing date: 20250415, mode: dual_view
2025-09-14 20:22:27 - [INFO] - [DEBUG BSI CANVAS] Added: Ant=0.2115329349333735 Post=0.27307796205567236
2025-09-14 20:22:27 - [INFO] - [DEBUG BSI CANVAS] Processing date: 20250515, mode: dual_view
2025-09-14 20:22:27 - [INFO] - [DEBUG BSI CANVAS] Added: Ant=0.24586549062844543 Post=0.1817145124791749
2025-09-14 20:22:27 - [INFO] -   [DEBUG QUANT FILES] Getting quantification files for: C:\hotspot\hotspot-analyzer\data\PLANAR\ATL\5001\20250115
2025-09-14 20:22:27 - [INFO] -   [DEBUG QUANT FILES] Detected study_date folder: C:\hotspot\hotspot-analyzer\data\PLANAR\ATL\5001\20250115
2025-09-14 20:22:27 - [INFO] -   [DEBUG QUANT FILES] Generated paths:
2025-09-14 20:22:27 - [INFO] -   [DEBUG QUANT FILES]   bsi_json_ant: C:\hotspot\hotspot-analyzer\data\PLANAR\ATL\5001\20250115\bsi_quantification_ant.json (exists: True)
2025-09-14 20:22:27 - [INFO] -   [DEBUG QUANT FILES]   bsi_json_post: C:\hotspot\hotspot-analyzer\data\PLANAR\ATL\5001\20250115\bsi_quantification_post.json (exists: True)
2025-09-14 20:22:27 - [INFO] - 📖 [DEBUG RESULTS]  Failed to load V1.2 quantification results: Expecting property name enclosed in double quotes: line 11 column 1 (char 297)
2025-09-14 20:22:27 - [INFO] - 🏠 [DEBUG MAIN] BSI panel load result: True
2025-09-14 20:22:27 - [INFO] - [DEBUG] Path extraction: session=ATL, patient=5001, study_date=20250115
2025-09-14 20:22:27 - [INFO] - [DEBUG] Extracted patient info - ID: 5001, Session: ATL
2025-09-14 20:22:27 - [INFO] - [DEBUG] Original path: C:\hotspot\hotspot-analyzer\data\PLANAR\ATL\5001\20250115\5001_1.dcm
2025-09-14 20:22:27 - [INFO] - [EDIT BUTTONS] Has scan: True, Has seg data: True, Can edit hotspot: True
2025-09-14 20:22:27 - [INFO] - [EDIT BUTTONS] Seg button enabled: True, Hotspot button enabled: True
2025-09-14 20:23:00 - [INFO] - [DEBUG] Scan button 2 clicked
2025-09-14 20:23:00 - [INFO] - [SMART UPDATE] Change type: none
2025-09-14 20:23:00 - [INFO] - [DEBUG] Timeline active layers set to: ['Image']
2025-09-14 20:23:00 - [INFO] - [SMART UPDATE] No changes detected, skipping update
2025-09-14 20:23:00 - [INFO] - [DEBUG] Set Image opacity to 1.00
2025-09-14 20:23:00 - [INFO] - [SMART UPDATE] Change type: none
2025-09-14 20:23:00 - [INFO] - [SMART UPDATE] Using full rebuild for opacity change
2025-09-14 20:23:00 - [INFO] - [DEBUG] Rebuilding timeline for active scan index: 0
2025-09-14 20:23:00 - [INFO] - [DEBUG] Creating CLASSIFICATION card 0 for view: Anterior
2025-09-14 20:23:00 - [INFO] - [DEBUG] Active layers selected: ['Image']
2025-09-14 20:23:00 - [INFO] - [DEBUG] DICOM path: C:\hotspot\hotspot-analyzer\data\PLANAR\ATL\5001\20250115\5001_1.dcm
2025-09-14 20:23:00 - [INFO] - [DEBUG] Current view: Anterior
2025-09-14 20:23:00 - [INFO] - [CACHE DEBUG] use_cache=False
2025-09-14 20:23:00 - [INFO] - [CACHE DEBUG] has_adjustments=False (B=0.00, C=1.00)
2025-09-14 20:23:00 - [INFO] - [CACHE DEBUG] has_overrides=False (override_b=None, override_c=None)
2025-09-14 20:23:00 - [INFO] - [CACHE DEBUG] invert_original=True
2025-09-14 20:23:00 - [INFO] - [CACHE SKIP] Skipping cache due to adjustments/overrides/invert
2025-09-14 20:23:00 - [INFO] - [DEBUG] Path extraction: session=ATL, patient=5001, study_date=20250115
2025-09-14 20:23:00 - [INFO] - [DEBUG] Extracted patient info - ID: 5001, Session: ATL
2025-09-14 20:23:00 - [INFO] - [DEBUG] Original path: C:\hotspot\hotspot-analyzer\data\PLANAR\ATL\5001\20250115\5001_1.dcm
2025-09-14 20:23:00 - [INFO] - [DEBUG] Study date: 20250115
2025-09-14 20:23:00 - [INFO] - [DEBUG] Patient ID: 5001
2025-09-14 20:23:00 - [INFO] - [DEBUG] Session code: ATL
2025-09-14 20:23:00 - [INFO] - [DEBUG] Study date folder: C:\hotspot\hotspot-analyzer\data\PLANAR\ATL\5001\20250115
2025-09-14 20:23:00 - [INFO] - [DEBUG] Loading original image for Anterior
2025-09-14 20:23:00 - [INFO] - [DEBUG] Looking for original PNG in study_date dir: C:\hotspot\hotspot-analyzer\data\PLANAR\ATL\5001\20250115\ant_original.png
2025-09-14 20:23:00 - [DEBUG] - STREAM b'IHDR' 16 13
2025-09-14 20:23:00 - [DEBUG] - STREAM b'IDAT' 41 65536
2025-09-14 20:23:00 - [INFO] - [DEBUG] Loaded original PNG from study_date dir: (256, 1024)
2025-09-14 20:23:00 - [INFO] - [DEBUG] Original image loaded: (256, 1024)
2025-09-14 20:23:00 - [INFO] - [DEBUG] Applying invert to original image
2025-09-14 20:23:00 - [INFO] - [DEBUG] simple_invert_pil_image: Processing L image, size = (256, 1024)
2025-09-14 20:23:00 - [INFO] - [DEBUG] simple_invert_image: input shape = (1024, 256), dtype = uint8
2025-09-14 20:23:00 - [INFO] - [DEBUG] Simple inversion completed: [0-255] -> [0-255]
2025-09-14 20:23:00 - [INFO] - [DEBUG] simple_invert_pil_image: completed
2025-09-14 20:23:00 - [INFO] - [DEBUG] Using STORED B/C values: B=0.00, C=1.00
2025-09-14 20:23:00 - [INFO] - [DEBUG]   Image layer loaded and processed
2025-09-14 20:23:00 - [INFO] - [DEBUG] Loading segmentation layer for Anterior
2025-09-14 20:23:00 - [INFO] - [DEBUG] Looking for segmentation (NEWEST): C:\hotspot\hotspot-analyzer\data\PLANAR\ATL\5001\20250115\ant_segm.png
2025-09-14 20:23:00 - [DEBUG] - STREAM b'IHDR' 16 13
2025-09-14 20:23:00 - [DEBUG] - STREAM b'IDAT' 41 6353
2025-09-14 20:23:00 - [INFO] - [DEBUG]   Loaded segmentation with transparency: C:\hotspot\hotspot-analyzer\data\PLANAR\ATL\5001\20250115\ant_segm.png
2025-09-14 20:23:00 - [INFO] - [DEBUG] Segmentation type: ORIGINAL
2025-09-14 20:23:00 - [INFO] - [DEBUG] Loading hotspot layer for Anterior
2025-09-14 20:23:00 - [INFO] - [DEBUG] Looking for hotspot classification (NEWEST): C:\hotspot\hotspot-analyzer\data\PLANAR\ATL\5001\20250115\20250822\ant_hotspot_classification_204035.png
2025-09-14 20:23:00 - [DEBUG] - STREAM b'IHDR' 16 13
2025-09-14 20:23:00 - [DEBUG] - STREAM b'IDAT' 41 1180
2025-09-14 20:23:00 - [INFO] - [DEBUG]   Loaded hotspot layer: C:\hotspot\hotspot-analyzer\data\PLANAR\ATL\5001\20250115\20250822\ant_hotspot_classification_204035.png
2025-09-14 20:23:00 - [INFO] - [DEBUG] Hotspot type: EDITED
2025-09-14 20:23:00 - [INFO] - [DEBUG] Loading bbox layer for Anterior
2025-09-14 20:23:00 - [INFO] - [DEBUG] Looking for classification XML (NEWEST): C:\hotspot\hotspot-analyzer\data\PLANAR\ATL\5001\20250115\20250822\ant_hotspot_classification_204035.xml
2025-09-14 20:23:00 - [INFO] - [DEBUG] Loading CLASSIFICATION XML for bbox: C:\hotspot\hotspot-analyzer\data\PLANAR\ATL\5001\20250115\20250822\ant_hotspot_classification_204035.xml
2025-09-14 20:23:00 - [INFO] - [DEBUG] Drew CLASSIFICATION Abnormal bbox: (194,150) -> (214,171)
2025-09-14 20:23:00 - [INFO] - [DEBUG] Drew CLASSIFICATION Abnormal bbox: (68,444) -> (76,459)
2025-09-14 20:23:00 - [INFO] - [DEBUG] Drew CLASSIFICATION Abnormal bbox: (156,480) -> (188,511)
2025-09-14 20:23:00 - [INFO] - [DEBUG]   Created CLASSIFICATION bbox visualization with 3 boxes
2025-09-14 20:23:00 - [INFO] - [DEBUG]   Loaded bbox layer: C:\hotspot\hotspot-analyzer\data\PLANAR\ATL\5001\20250115\20250822\ant_hotspot_classification_204035.xml
2025-09-14 20:23:00 - [INFO] - [DEBUG] BBox XML type: EDITED
2025-09-14 20:23:00 - [INFO] - [CACHE STORE] Not caching due to adjustments/overrides/invert
2025-09-14 20:23:00 - [INFO] - [DEBUG]   Loaded 4 layers for Anterior: ['Image', 'Segmentation', 'Hotspot', 'HotspotBBox']
2025-09-14 20:23:00 - [INFO] - [DEBUG] Available CLASSIFICATION layers in files: ['Image', 'Segmentation', 'Hotspot', 'HotspotBBox']
2025-09-14 20:23:00 - [INFO] - [DEBUG]   Added CLASSIFICATION Image to card 0 (opacity: 1.00)
2025-09-14 20:23:00 - [INFO] - [DEBUG]   CLASSIFICATION card 0 composite created with layers: ['Image']
2025-09-14 20:23:00 - [INFO] - [DEBUG] Creating CLASSIFICATION card 0 for view: Posterior
2025-09-14 20:23:00 - [INFO] - [DEBUG] Active layers selected: ['Image']
2025-09-14 20:23:00 - [INFO] - [DEBUG] DICOM path: C:\hotspot\hotspot-analyzer\data\PLANAR\ATL\5001\20250115\5001_1.dcm
2025-09-14 20:23:00 - [INFO] - [DEBUG] Current view: Posterior
2025-09-14 20:23:00 - [INFO] - [CACHE DEBUG] use_cache=False
2025-09-14 20:23:00 - [INFO] - [CACHE DEBUG] has_adjustments=False (B=0.00, C=1.00)
2025-09-14 20:23:00 - [INFO] - [CACHE DEBUG] has_overrides=False (override_b=None, override_c=None)
2025-09-14 20:23:00 - [INFO] - [CACHE DEBUG] invert_original=True
2025-09-14 20:23:00 - [INFO] - [CACHE SKIP] Skipping cache due to adjustments/overrides/invert
2025-09-14 20:23:00 - [INFO] - [DEBUG] Path extraction: session=ATL, patient=5001, study_date=20250115
2025-09-14 20:23:00 - [INFO] - [DEBUG] Extracted patient info - ID: 5001, Session: ATL
2025-09-14 20:23:00 - [INFO] - [DEBUG] Original path: C:\hotspot\hotspot-analyzer\data\PLANAR\ATL\5001\20250115\5001_1.dcm
2025-09-14 20:23:00 - [INFO] - [DEBUG] Study date: 20250115
2025-09-14 20:23:00 - [INFO] - [DEBUG] Patient ID: 5001
2025-09-14 20:23:00 - [INFO] - [DEBUG] Session code: ATL
2025-09-14 20:23:00 - [INFO] - [DEBUG] Study date folder: C:\hotspot\hotspot-analyzer\data\PLANAR\ATL\5001\20250115
2025-09-14 20:23:00 - [INFO] - [DEBUG] Loading original image for Posterior
2025-09-14 20:23:00 - [INFO] - [DEBUG] Looking for original PNG in study_date dir: C:\hotspot\hotspot-analyzer\data\PLANAR\ATL\5001\20250115\post_original.png
2025-09-14 20:23:00 - [DEBUG] - STREAM b'IHDR' 16 13
2025-09-14 20:23:00 - [DEBUG] - STREAM b'IDAT' 41 65536
2025-09-14 20:23:00 - [INFO] - [DEBUG] Loaded original PNG from study_date dir: (256, 1024)
2025-09-14 20:23:00 - [INFO] - [DEBUG] Original image loaded: (256, 1024)
2025-09-14 20:23:00 - [INFO] - [DEBUG] Applying invert to original image
2025-09-14 20:23:00 - [INFO] - [DEBUG] simple_invert_pil_image: Processing L image, size = (256, 1024)
2025-09-14 20:23:00 - [INFO] - [DEBUG] simple_invert_image: input shape = (1024, 256), dtype = uint8
2025-09-14 20:23:00 - [INFO] - [DEBUG] Simple inversion completed: [0-255] -> [0-255]
2025-09-14 20:23:00 - [INFO] - [DEBUG] simple_invert_pil_image: completed
2025-09-14 20:23:00 - [INFO] - [DEBUG] Using STORED B/C values: B=0.00, C=1.00
2025-09-14 20:23:00 - [INFO] - [DEBUG]   Image layer loaded and processed
2025-09-14 20:23:00 - [INFO] - [DEBUG] Loading segmentation layer for Posterior
2025-09-14 20:23:00 - [INFO] - [DEBUG] Looking for segmentation (NEWEST): C:\hotspot\hotspot-analyzer\data\PLANAR\ATL\5001\20250115\post_segm.png
2025-09-14 20:23:00 - [DEBUG] - STREAM b'IHDR' 16 13
2025-09-14 20:23:00 - [DEBUG] - STREAM b'IDAT' 41 6018
2025-09-14 20:23:00 - [INFO] - [DEBUG]   Loaded segmentation with transparency: C:\hotspot\hotspot-analyzer\data\PLANAR\ATL\5001\20250115\post_segm.png
2025-09-14 20:23:00 - [INFO] - [DEBUG] Segmentation type: ORIGINAL
2025-09-14 20:23:00 - [INFO] - [DEBUG] Loading hotspot layer for Posterior
2025-09-14 20:23:00 - [INFO] - [DEBUG] Looking for hotspot classification (NEWEST): C:\hotspot\hotspot-analyzer\data\PLANAR\ATL\5001\20250115\post_hotspot_classification.png
2025-09-14 20:23:00 - [DEBUG] - STREAM b'IHDR' 16 13
2025-09-14 20:23:00 - [DEBUG] - STREAM b'IDAT' 41 1317
2025-09-14 20:23:00 - [INFO] - [DEBUG]   Loaded hotspot layer: C:\hotspot\hotspot-analyzer\data\PLANAR\ATL\5001\20250115\post_hotspot_classification.png
2025-09-14 20:23:00 - [INFO] - [DEBUG] Hotspot type: ORIGINAL
2025-09-14 20:23:00 - [INFO] - [DEBUG] Loading bbox layer for Posterior
2025-09-14 20:23:00 - [INFO] - [DEBUG] Looking for classification XML (NEWEST): C:\hotspot\hotspot-analyzer\data\PLANAR\ATL\5001\20250115\post_hotspot_classification.xml
2025-09-14 20:23:00 - [INFO] - [DEBUG] Loading CLASSIFICATION XML for bbox: C:\hotspot\hotspot-analyzer\data\PLANAR\ATL\5001\20250115\post_hotspot_classification.xml
2025-09-14 20:23:00 - [INFO] - [DEBUG] Drew CLASSIFICATION Abnormal bbox: (44,482) -> (95,537)
2025-09-14 20:23:00 - [INFO] - [DEBUG] Drew CLASSIFICATION Abnormal bbox: (111,344) -> (132,365)
2025-09-14 20:23:00 - [INFO] - [DEBUG] Drew CLASSIFICATION Abnormal bbox: (96,51) -> (117,75)
2025-09-14 20:23:00 - [INFO] - [DEBUG] Drew CLASSIFICATION Abnormal bbox: (54,483) -> (91,527)
2025-09-14 20:23:00 - [INFO] - [DEBUG]   Created CLASSIFICATION bbox visualization with 4 boxes
2025-09-14 20:23:00 - [INFO] - [DEBUG]   Loaded bbox layer: C:\hotspot\hotspot-analyzer\data\PLANAR\ATL\5001\20250115\post_hotspot_classification.xml
2025-09-14 20:23:00 - [INFO] - [DEBUG] BBox XML type: ORIGINAL
2025-09-14 20:23:00 - [INFO] - [CACHE STORE] Not caching due to adjustments/overrides/invert
2025-09-14 20:23:00 - [INFO] - [DEBUG]   Loaded 4 layers for Posterior: ['Image', 'Segmentation', 'Hotspot', 'HotspotBBox']
2025-09-14 20:23:00 - [INFO] - [DEBUG] Available CLASSIFICATION layers in files: ['Image', 'Segmentation', 'Hotspot', 'HotspotBBox']
2025-09-14 20:23:00 - [INFO] - [DEBUG]   Added CLASSIFICATION Image to card 0 (opacity: 1.00)
2025-09-14 20:23:00 - [INFO] - [DEBUG]   CLASSIFICATION card 0 composite created with layers: ['Image']
2025-09-14 20:23:00 - [INFO] - [SMART UPDATE] State updated - Type: full
2025-09-14 20:23:00 - [INFO] - [SMART UPDATE] State updated - Type: rebuild
2025-09-14 20:23:00 - [INFO] - [DEBUG] Set Segmentation opacity to 0.40
2025-09-14 20:23:00 - [INFO] - [SMART UPDATE] Change type: none
2025-09-14 20:23:00 - [INFO] - [SMART UPDATE] Using full rebuild for opacity change
2025-09-14 20:23:00 - [INFO] - [DEBUG] Rebuilding timeline for active scan index: 0
2025-09-14 20:23:00 - [INFO] - [DEBUG] Creating CLASSIFICATION card 0 for view: Anterior
2025-09-14 20:23:00 - [INFO] - [DEBUG] Active layers selected: ['Image']
2025-09-14 20:23:00 - [INFO] - [DEBUG] DICOM path: C:\hotspot\hotspot-analyzer\data\PLANAR\ATL\5001\20250115\5001_1.dcm
2025-09-14 20:23:00 - [INFO] - [DEBUG] Current view: Anterior
2025-09-14 20:23:00 - [INFO] - [CACHE DEBUG] use_cache=False
2025-09-14 20:23:00 - [INFO] - [CACHE DEBUG] has_adjustments=False (B=0.00, C=1.00)
2025-09-14 20:23:00 - [INFO] - [CACHE DEBUG] has_overrides=False (override_b=None, override_c=None)
2025-09-14 20:23:00 - [INFO] - [CACHE DEBUG] invert_original=True
2025-09-14 20:23:00 - [INFO] - [CACHE SKIP] Skipping cache due to adjustments/overrides/invert
2025-09-14 20:23:00 - [INFO] - [DEBUG] Path extraction: session=ATL, patient=5001, study_date=20250115
2025-09-14 20:23:00 - [INFO] - [DEBUG] Extracted patient info - ID: 5001, Session: ATL
2025-09-14 20:23:00 - [INFO] - [DEBUG] Original path: C:\hotspot\hotspot-analyzer\data\PLANAR\ATL\5001\20250115\5001_1.dcm
2025-09-14 20:23:00 - [INFO] - [DEBUG] Study date: 20250115
2025-09-14 20:23:00 - [INFO] - [DEBUG] Patient ID: 5001
2025-09-14 20:23:00 - [INFO] - [DEBUG] Session code: ATL
2025-09-14 20:23:00 - [INFO] - [DEBUG] Study date folder: C:\hotspot\hotspot-analyzer\data\PLANAR\ATL\5001\20250115
2025-09-14 20:23:00 - [INFO] - [DEBUG] Loading original image for Anterior
2025-09-14 20:23:00 - [INFO] - [DEBUG] Looking for original PNG in study_date dir: C:\hotspot\hotspot-analyzer\data\PLANAR\ATL\5001\20250115\ant_original.png
2025-09-14 20:23:00 - [DEBUG] - STREAM b'IHDR' 16 13
2025-09-14 20:23:00 - [DEBUG] - STREAM b'IDAT' 41 65536
2025-09-14 20:23:00 - [INFO] - [DEBUG] Loaded original PNG from study_date dir: (256, 1024)
2025-09-14 20:23:00 - [INFO] - [DEBUG] Original image loaded: (256, 1024)
2025-09-14 20:23:00 - [INFO] - [DEBUG] Applying invert to original image
2025-09-14 20:23:00 - [INFO] - [DEBUG] simple_invert_pil_image: Processing L image, size = (256, 1024)
2025-09-14 20:23:00 - [INFO] - [DEBUG] simple_invert_image: input shape = (1024, 256), dtype = uint8
2025-09-14 20:23:00 - [INFO] - [DEBUG] Simple inversion completed: [0-255] -> [0-255]
2025-09-14 20:23:00 - [INFO] - [DEBUG] simple_invert_pil_image: completed
2025-09-14 20:23:00 - [INFO] - [DEBUG] Using STORED B/C values: B=0.00, C=1.00
2025-09-14 20:23:00 - [INFO] - [DEBUG]   Image layer loaded and processed
2025-09-14 20:23:00 - [INFO] - [DEBUG] Loading segmentation layer for Anterior
2025-09-14 20:23:00 - [INFO] - [DEBUG] Looking for segmentation (NEWEST): C:\hotspot\hotspot-analyzer\data\PLANAR\ATL\5001\20250115\ant_segm.png
2025-09-14 20:23:00 - [DEBUG] - STREAM b'IHDR' 16 13
2025-09-14 20:23:00 - [DEBUG] - STREAM b'IDAT' 41 6353
2025-09-14 20:23:00 - [INFO] - [DEBUG]   Loaded segmentation with transparency: C:\hotspot\hotspot-analyzer\data\PLANAR\ATL\5001\20250115\ant_segm.png
2025-09-14 20:23:00 - [INFO] - [DEBUG] Segmentation type: ORIGINAL
2025-09-14 20:23:00 - [INFO] - [DEBUG] Loading hotspot layer for Anterior
2025-09-14 20:23:00 - [INFO] - [DEBUG] Looking for hotspot classification (NEWEST): C:\hotspot\hotspot-analyzer\data\PLANAR\ATL\5001\20250115\20250822\ant_hotspot_classification_204035.png
2025-09-14 20:23:00 - [DEBUG] - STREAM b'IHDR' 16 13
2025-09-14 20:23:00 - [DEBUG] - STREAM b'IDAT' 41 1180
2025-09-14 20:23:00 - [INFO] - [DEBUG]   Loaded hotspot layer: C:\hotspot\hotspot-analyzer\data\PLANAR\ATL\5001\20250115\20250822\ant_hotspot_classification_204035.png
2025-09-14 20:23:00 - [INFO] - [DEBUG] Hotspot type: EDITED
2025-09-14 20:23:00 - [INFO] - [DEBUG] Loading bbox layer for Anterior
2025-09-14 20:23:00 - [INFO] - [DEBUG] Looking for classification XML (NEWEST): C:\hotspot\hotspot-analyzer\data\PLANAR\ATL\5001\20250115\20250822\ant_hotspot_classification_204035.xml
2025-09-14 20:23:00 - [INFO] - [DEBUG] Loading CLASSIFICATION XML for bbox: C:\hotspot\hotspot-analyzer\data\PLANAR\ATL\5001\20250115\20250822\ant_hotspot_classification_204035.xml
2025-09-14 20:23:00 - [INFO] - [DEBUG] Drew CLASSIFICATION Abnormal bbox: (194,150) -> (214,171)
2025-09-14 20:23:00 - [INFO] - [DEBUG] Drew CLASSIFICATION Abnormal bbox: (68,444) -> (76,459)
2025-09-14 20:23:00 - [INFO] - [DEBUG] Drew CLASSIFICATION Abnormal bbox: (156,480) -> (188,511)
2025-09-14 20:23:00 - [INFO] - [DEBUG]   Created CLASSIFICATION bbox visualization with 3 boxes
2025-09-14 20:23:00 - [INFO] - [DEBUG]   Loaded bbox layer: C:\hotspot\hotspot-analyzer\data\PLANAR\ATL\5001\20250115\20250822\ant_hotspot_classification_204035.xml
2025-09-14 20:23:00 - [INFO] - [DEBUG] BBox XML type: EDITED
2025-09-14 20:23:00 - [INFO] - [CACHE STORE] Not caching due to adjustments/overrides/invert
2025-09-14 20:23:00 - [INFO] - [DEBUG]   Loaded 4 layers for Anterior: ['Image', 'Segmentation', 'Hotspot', 'HotspotBBox']
2025-09-14 20:23:00 - [INFO] - [DEBUG] Available CLASSIFICATION layers in files: ['Image', 'Segmentation', 'Hotspot', 'HotspotBBox']
2025-09-14 20:23:00 - [INFO] - [DEBUG]   Added CLASSIFICATION Image to card 0 (opacity: 1.00)
2025-09-14 20:23:00 - [INFO] - [DEBUG]   CLASSIFICATION card 0 composite created with layers: ['Image']
2025-09-14 20:23:00 - [INFO] - [DEBUG] Creating CLASSIFICATION card 0 for view: Posterior
2025-09-14 20:23:00 - [INFO] - [DEBUG] Active layers selected: ['Image']
2025-09-14 20:23:00 - [INFO] - [DEBUG] DICOM path: C:\hotspot\hotspot-analyzer\data\PLANAR\ATL\5001\20250115\5001_1.dcm
2025-09-14 20:23:00 - [INFO] - [DEBUG] Current view: Posterior
2025-09-14 20:23:00 - [INFO] - [CACHE DEBUG] use_cache=False
2025-09-14 20:23:00 - [INFO] - [CACHE DEBUG] has_adjustments=False (B=0.00, C=1.00)
2025-09-14 20:23:00 - [INFO] - [CACHE DEBUG] has_overrides=False (override_b=None, override_c=None)
2025-09-14 20:23:00 - [INFO] - [CACHE DEBUG] invert_original=True
2025-09-14 20:23:00 - [INFO] - [CACHE SKIP] Skipping cache due to adjustments/overrides/invert
2025-09-14 20:23:00 - [INFO] - [DEBUG] Path extraction: session=ATL, patient=5001, study_date=20250115
2025-09-14 20:23:00 - [INFO] - [DEBUG] Extracted patient info - ID: 5001, Session: ATL
2025-09-14 20:23:00 - [INFO] - [DEBUG] Original path: C:\hotspot\hotspot-analyzer\data\PLANAR\ATL\5001\20250115\5001_1.dcm
2025-09-14 20:23:00 - [INFO] - [DEBUG] Study date: 20250115
2025-09-14 20:23:00 - [INFO] - [DEBUG] Patient ID: 5001
2025-09-14 20:23:00 - [INFO] - [DEBUG] Session code: ATL
2025-09-14 20:23:00 - [INFO] - [DEBUG] Study date folder: C:\hotspot\hotspot-analyzer\data\PLANAR\ATL\5001\20250115
2025-09-14 20:23:00 - [INFO] - [DEBUG] Loading original image for Posterior
2025-09-14 20:23:00 - [INFO] - [DEBUG] Looking for original PNG in study_date dir: C:\hotspot\hotspot-analyzer\data\PLANAR\ATL\5001\20250115\post_original.png
2025-09-14 20:23:00 - [DEBUG] - STREAM b'IHDR' 16 13
2025-09-14 20:23:00 - [DEBUG] - STREAM b'IDAT' 41 65536
2025-09-14 20:23:00 - [INFO] - [DEBUG] Loaded original PNG from study_date dir: (256, 1024)
2025-09-14 20:23:00 - [INFO] - [DEBUG] Original image loaded: (256, 1024)
2025-09-14 20:23:00 - [INFO] - [DEBUG] Applying invert to original image
2025-09-14 20:23:00 - [INFO] - [DEBUG] simple_invert_pil_image: Processing L image, size = (256, 1024)
2025-09-14 20:23:00 - [INFO] - [DEBUG] simple_invert_image: input shape = (1024, 256), dtype = uint8
2025-09-14 20:23:00 - [INFO] - [DEBUG] Simple inversion completed: [0-255] -> [0-255]
2025-09-14 20:23:00 - [INFO] - [DEBUG] simple_invert_pil_image: completed
2025-09-14 20:23:00 - [INFO] - [DEBUG] Using STORED B/C values: B=0.00, C=1.00
2025-09-14 20:23:00 - [INFO] - [DEBUG]   Image layer loaded and processed
2025-09-14 20:23:00 - [INFO] - [DEBUG] Loading segmentation layer for Posterior
2025-09-14 20:23:00 - [INFO] - [DEBUG] Looking for segmentation (NEWEST): C:\hotspot\hotspot-analyzer\data\PLANAR\ATL\5001\20250115\post_segm.png
2025-09-14 20:23:00 - [DEBUG] - STREAM b'IHDR' 16 13
2025-09-14 20:23:00 - [DEBUG] - STREAM b'IDAT' 41 6018
2025-09-14 20:23:00 - [INFO] - [DEBUG]   Loaded segmentation with transparency: C:\hotspot\hotspot-analyzer\data\PLANAR\ATL\5001\20250115\post_segm.png
2025-09-14 20:23:00 - [INFO] - [DEBUG] Segmentation type: ORIGINAL
2025-09-14 20:23:00 - [INFO] - [DEBUG] Loading hotspot layer for Posterior
2025-09-14 20:23:00 - [INFO] - [DEBUG] Looking for hotspot classification (NEWEST): C:\hotspot\hotspot-analyzer\data\PLANAR\ATL\5001\20250115\post_hotspot_classification.png
2025-09-14 20:23:00 - [DEBUG] - STREAM b'IHDR' 16 13
2025-09-14 20:23:00 - [DEBUG] - STREAM b'IDAT' 41 1317
2025-09-14 20:23:00 - [INFO] - [DEBUG]   Loaded hotspot layer: C:\hotspot\hotspot-analyzer\data\PLANAR\ATL\5001\20250115\post_hotspot_classification.png
2025-09-14 20:23:00 - [INFO] - [DEBUG] Hotspot type: ORIGINAL
2025-09-14 20:23:00 - [INFO] - [DEBUG] Loading bbox layer for Posterior
2025-09-14 20:23:00 - [INFO] - [DEBUG] Looking for classification XML (NEWEST): C:\hotspot\hotspot-analyzer\data\PLANAR\ATL\5001\20250115\post_hotspot_classification.xml
2025-09-14 20:23:00 - [INFO] - [DEBUG] Loading CLASSIFICATION XML for bbox: C:\hotspot\hotspot-analyzer\data\PLANAR\ATL\5001\20250115\post_hotspot_classification.xml
2025-09-14 20:23:00 - [INFO] - [DEBUG] Drew CLASSIFICATION Abnormal bbox: (44,482) -> (95,537)
2025-09-14 20:23:00 - [INFO] - [DEBUG] Drew CLASSIFICATION Abnormal bbox: (111,344) -> (132,365)
2025-09-14 20:23:00 - [INFO] - [DEBUG] Drew CLASSIFICATION Abnormal bbox: (96,51) -> (117,75)
2025-09-14 20:23:00 - [INFO] - [DEBUG] Drew CLASSIFICATION Abnormal bbox: (54,483) -> (91,527)
2025-09-14 20:23:00 - [INFO] - [DEBUG]   Created CLASSIFICATION bbox visualization with 4 boxes
2025-09-14 20:23:00 - [INFO] - [DEBUG]   Loaded bbox layer: C:\hotspot\hotspot-analyzer\data\PLANAR\ATL\5001\20250115\post_hotspot_classification.xml
2025-09-14 20:23:00 - [INFO] - [DEBUG] BBox XML type: ORIGINAL
2025-09-14 20:23:00 - [INFO] - [CACHE STORE] Not caching due to adjustments/overrides/invert
2025-09-14 20:23:00 - [INFO] - [DEBUG]   Loaded 4 layers for Posterior: ['Image', 'Segmentation', 'Hotspot', 'HotspotBBox']
2025-09-14 20:23:00 - [INFO] - [DEBUG] Available CLASSIFICATION layers in files: ['Image', 'Segmentation', 'Hotspot', 'HotspotBBox']
2025-09-14 20:23:00 - [INFO] - [DEBUG]   Added CLASSIFICATION Image to card 0 (opacity: 1.00)
2025-09-14 20:23:00 - [INFO] - [DEBUG]   CLASSIFICATION card 0 composite created with layers: ['Image']
2025-09-14 20:23:00 - [INFO] - [SMART UPDATE] State updated - Type: full
2025-09-14 20:23:00 - [INFO] - [SMART UPDATE] State updated - Type: rebuild
2025-09-14 20:23:00 - [INFO] - [DEBUG] Set Hotspot opacity to 0.50
2025-09-14 20:23:00 - [INFO] - [SMART UPDATE] Change type: none
2025-09-14 20:23:00 - [INFO] - [SMART UPDATE] Using full rebuild for opacity change
2025-09-14 20:23:00 - [INFO] - [DEBUG] Rebuilding timeline for active scan index: 0
2025-09-14 20:23:00 - [INFO] - [DEBUG] Creating CLASSIFICATION card 0 for view: Anterior
2025-09-14 20:23:00 - [INFO] - [DEBUG] Active layers selected: ['Image']
2025-09-14 20:23:00 - [INFO] - [DEBUG] DICOM path: C:\hotspot\hotspot-analyzer\data\PLANAR\ATL\5001\20250115\5001_1.dcm
2025-09-14 20:23:00 - [INFO] - [DEBUG] Current view: Anterior
2025-09-14 20:23:00 - [INFO] - [CACHE DEBUG] use_cache=False
2025-09-14 20:23:00 - [INFO] - [CACHE DEBUG] has_adjustments=False (B=0.00, C=1.00)
2025-09-14 20:23:00 - [INFO] - [CACHE DEBUG] has_overrides=False (override_b=None, override_c=None)
2025-09-14 20:23:00 - [INFO] - [CACHE DEBUG] invert_original=True
2025-09-14 20:23:00 - [INFO] - [CACHE SKIP] Skipping cache due to adjustments/overrides/invert
2025-09-14 20:23:00 - [INFO] - [DEBUG] Path extraction: session=ATL, patient=5001, study_date=20250115
2025-09-14 20:23:00 - [INFO] - [DEBUG] Extracted patient info - ID: 5001, Session: ATL
2025-09-14 20:23:00 - [INFO] - [DEBUG] Original path: C:\hotspot\hotspot-analyzer\data\PLANAR\ATL\5001\20250115\5001_1.dcm
2025-09-14 20:23:00 - [INFO] - [DEBUG] Study date: 20250115
2025-09-14 20:23:00 - [INFO] - [DEBUG] Patient ID: 5001
2025-09-14 20:23:00 - [INFO] - [DEBUG] Session code: ATL
2025-09-14 20:23:00 - [INFO] - [DEBUG] Study date folder: C:\hotspot\hotspot-analyzer\data\PLANAR\ATL\5001\20250115
2025-09-14 20:23:00 - [INFO] - [DEBUG] Loading original image for Anterior
2025-09-14 20:23:00 - [INFO] - [DEBUG] Looking for original PNG in study_date dir: C:\hotspot\hotspot-analyzer\data\PLANAR\ATL\5001\20250115\ant_original.png
2025-09-14 20:23:00 - [DEBUG] - STREAM b'IHDR' 16 13
2025-09-14 20:23:00 - [DEBUG] - STREAM b'IDAT' 41 65536
2025-09-14 20:23:00 - [INFO] - [DEBUG] Loaded original PNG from study_date dir: (256, 1024)
2025-09-14 20:23:00 - [INFO] - [DEBUG] Original image loaded: (256, 1024)
2025-09-14 20:23:00 - [INFO] - [DEBUG] Applying invert to original image
2025-09-14 20:23:00 - [INFO] - [DEBUG] simple_invert_pil_image: Processing L image, size = (256, 1024)
2025-09-14 20:23:00 - [INFO] - [DEBUG] simple_invert_image: input shape = (1024, 256), dtype = uint8
2025-09-14 20:23:00 - [INFO] - [DEBUG] Simple inversion completed: [0-255] -> [0-255]
2025-09-14 20:23:00 - [INFO] - [DEBUG] simple_invert_pil_image: completed
2025-09-14 20:23:00 - [INFO] - [DEBUG] Using STORED B/C values: B=0.00, C=1.00
2025-09-14 20:23:00 - [INFO] - [DEBUG]   Image layer loaded and processed
2025-09-14 20:23:00 - [INFO] - [DEBUG] Loading segmentation layer for Anterior
2025-09-14 20:23:00 - [INFO] - [DEBUG] Looking for segmentation (NEWEST): C:\hotspot\hotspot-analyzer\data\PLANAR\ATL\5001\20250115\ant_segm.png
2025-09-14 20:23:00 - [DEBUG] - STREAM b'IHDR' 16 13
2025-09-14 20:23:00 - [DEBUG] - STREAM b'IDAT' 41 6353
2025-09-14 20:23:00 - [INFO] - [DEBUG]   Loaded segmentation with transparency: C:\hotspot\hotspot-analyzer\data\PLANAR\ATL\5001\20250115\ant_segm.png
2025-09-14 20:23:00 - [INFO] - [DEBUG] Segmentation type: ORIGINAL
2025-09-14 20:23:00 - [INFO] - [DEBUG] Loading hotspot layer for Anterior
2025-09-14 20:23:00 - [INFO] - [DEBUG] Looking for hotspot classification (NEWEST): C:\hotspot\hotspot-analyzer\data\PLANAR\ATL\5001\20250115\20250822\ant_hotspot_classification_204035.png
2025-09-14 20:23:00 - [DEBUG] - STREAM b'IHDR' 16 13
2025-09-14 20:23:00 - [DEBUG] - STREAM b'IDAT' 41 1180
2025-09-14 20:23:00 - [INFO] - [DEBUG]   Loaded hotspot layer: C:\hotspot\hotspot-analyzer\data\PLANAR\ATL\5001\20250115\20250822\ant_hotspot_classification_204035.png
2025-09-14 20:23:00 - [INFO] - [DEBUG] Hotspot type: EDITED
2025-09-14 20:23:00 - [INFO] - [DEBUG] Loading bbox layer for Anterior
2025-09-14 20:23:00 - [INFO] - [DEBUG] Looking for classification XML (NEWEST): C:\hotspot\hotspot-analyzer\data\PLANAR\ATL\5001\20250115\20250822\ant_hotspot_classification_204035.xml
2025-09-14 20:23:00 - [INFO] - [DEBUG] Loading CLASSIFICATION XML for bbox: C:\hotspot\hotspot-analyzer\data\PLANAR\ATL\5001\20250115\20250822\ant_hotspot_classification_204035.xml
2025-09-14 20:23:00 - [INFO] - [DEBUG] Drew CLASSIFICATION Abnormal bbox: (194,150) -> (214,171)
2025-09-14 20:23:00 - [INFO] - [DEBUG] Drew CLASSIFICATION Abnormal bbox: (68,444) -> (76,459)
2025-09-14 20:23:00 - [INFO] - [DEBUG] Drew CLASSIFICATION Abnormal bbox: (156,480) -> (188,511)
2025-09-14 20:23:00 - [INFO] - [DEBUG]   Created CLASSIFICATION bbox visualization with 3 boxes
2025-09-14 20:23:00 - [INFO] - [DEBUG]   Loaded bbox layer: C:\hotspot\hotspot-analyzer\data\PLANAR\ATL\5001\20250115\20250822\ant_hotspot_classification_204035.xml
2025-09-14 20:23:00 - [INFO] - [DEBUG] BBox XML type: EDITED
2025-09-14 20:23:00 - [INFO] - [CACHE STORE] Not caching due to adjustments/overrides/invert
2025-09-14 20:23:00 - [INFO] - [DEBUG]   Loaded 4 layers for Anterior: ['Image', 'Segmentation', 'Hotspot', 'HotspotBBox']
2025-09-14 20:23:00 - [INFO] - [DEBUG] Available CLASSIFICATION layers in files: ['Image', 'Segmentation', 'Hotspot', 'HotspotBBox']
2025-09-14 20:23:00 - [INFO] - [DEBUG]   Added CLASSIFICATION Image to card 0 (opacity: 1.00)
2025-09-14 20:23:00 - [INFO] - [DEBUG]   CLASSIFICATION card 0 composite created with layers: ['Image']
2025-09-14 20:23:00 - [INFO] - [DEBUG] Creating CLASSIFICATION card 0 for view: Posterior
2025-09-14 20:23:00 - [INFO] - [DEBUG] Active layers selected: ['Image']
2025-09-14 20:23:00 - [INFO] - [DEBUG] DICOM path: C:\hotspot\hotspot-analyzer\data\PLANAR\ATL\5001\20250115\5001_1.dcm
2025-09-14 20:23:00 - [INFO] - [DEBUG] Current view: Posterior
2025-09-14 20:23:00 - [INFO] - [CACHE DEBUG] use_cache=False
2025-09-14 20:23:00 - [INFO] - [CACHE DEBUG] has_adjustments=False (B=0.00, C=1.00)
2025-09-14 20:23:00 - [INFO] - [CACHE DEBUG] has_overrides=False (override_b=None, override_c=None)
2025-09-14 20:23:00 - [INFO] - [CACHE DEBUG] invert_original=True
2025-09-14 20:23:00 - [INFO] - [CACHE SKIP] Skipping cache due to adjustments/overrides/invert
2025-09-14 20:23:00 - [INFO] - [DEBUG] Path extraction: session=ATL, patient=5001, study_date=20250115
2025-09-14 20:23:00 - [INFO] - [DEBUG] Extracted patient info - ID: 5001, Session: ATL
2025-09-14 20:23:00 - [INFO] - [DEBUG] Original path: C:\hotspot\hotspot-analyzer\data\PLANAR\ATL\5001\20250115\5001_1.dcm
2025-09-14 20:23:00 - [INFO] - [DEBUG] Study date: 20250115
2025-09-14 20:23:00 - [INFO] - [DEBUG] Patient ID: 5001
2025-09-14 20:23:00 - [INFO] - [DEBUG] Session code: ATL
2025-09-14 20:23:00 - [INFO] - [DEBUG] Study date folder: C:\hotspot\hotspot-analyzer\data\PLANAR\ATL\5001\20250115
2025-09-14 20:23:00 - [INFO] - [DEBUG] Loading original image for Posterior
2025-09-14 20:23:00 - [INFO] - [DEBUG] Looking for original PNG in study_date dir: C:\hotspot\hotspot-analyzer\data\PLANAR\ATL\5001\20250115\post_original.png
2025-09-14 20:23:00 - [DEBUG] - STREAM b'IHDR' 16 13
2025-09-14 20:23:00 - [DEBUG] - STREAM b'IDAT' 41 65536
2025-09-14 20:23:00 - [INFO] - [DEBUG] Loaded original PNG from study_date dir: (256, 1024)
2025-09-14 20:23:00 - [INFO] - [DEBUG] Original image loaded: (256, 1024)
2025-09-14 20:23:00 - [INFO] - [DEBUG] Applying invert to original image
2025-09-14 20:23:00 - [INFO] - [DEBUG] simple_invert_pil_image: Processing L image, size = (256, 1024)
2025-09-14 20:23:00 - [INFO] - [DEBUG] simple_invert_image: input shape = (1024, 256), dtype = uint8
2025-09-14 20:23:00 - [INFO] - [DEBUG] Simple inversion completed: [0-255] -> [0-255]
2025-09-14 20:23:00 - [INFO] - [DEBUG] simple_invert_pil_image: completed
2025-09-14 20:23:00 - [INFO] - [DEBUG] Using STORED B/C values: B=0.00, C=1.00
2025-09-14 20:23:00 - [INFO] - [DEBUG]   Image layer loaded and processed
2025-09-14 20:23:00 - [INFO] - [DEBUG] Loading segmentation layer for Posterior
2025-09-14 20:23:00 - [INFO] - [DEBUG] Looking for segmentation (NEWEST): C:\hotspot\hotspot-analyzer\data\PLANAR\ATL\5001\20250115\post_segm.png
2025-09-14 20:23:00 - [DEBUG] - STREAM b'IHDR' 16 13
2025-09-14 20:23:00 - [DEBUG] - STREAM b'IDAT' 41 6018
2025-09-14 20:23:00 - [INFO] - [DEBUG]   Loaded segmentation with transparency: C:\hotspot\hotspot-analyzer\data\PLANAR\ATL\5001\20250115\post_segm.png
2025-09-14 20:23:00 - [INFO] - [DEBUG] Segmentation type: ORIGINAL
2025-09-14 20:23:00 - [INFO] - [DEBUG] Loading hotspot layer for Posterior
2025-09-14 20:23:00 - [INFO] - [DEBUG] Looking for hotspot classification (NEWEST): C:\hotspot\hotspot-analyzer\data\PLANAR\ATL\5001\20250115\post_hotspot_classification.png
2025-09-14 20:23:00 - [DEBUG] - STREAM b'IHDR' 16 13
2025-09-14 20:23:00 - [DEBUG] - STREAM b'IDAT' 41 1317
2025-09-14 20:23:00 - [INFO] - [DEBUG]   Loaded hotspot layer: C:\hotspot\hotspot-analyzer\data\PLANAR\ATL\5001\20250115\post_hotspot_classification.png
2025-09-14 20:23:00 - [INFO] - [DEBUG] Hotspot type: ORIGINAL
2025-09-14 20:23:00 - [INFO] - [DEBUG] Loading bbox layer for Posterior
2025-09-14 20:23:00 - [INFO] - [DEBUG] Looking for classification XML (NEWEST): C:\hotspot\hotspot-analyzer\data\PLANAR\ATL\5001\20250115\post_hotspot_classification.xml
2025-09-14 20:23:00 - [INFO] - [DEBUG] Loading CLASSIFICATION XML for bbox: C:\hotspot\hotspot-analyzer\data\PLANAR\ATL\5001\20250115\post_hotspot_classification.xml
2025-09-14 20:23:00 - [INFO] - [DEBUG] Drew CLASSIFICATION Abnormal bbox: (44,482) -> (95,537)
2025-09-14 20:23:00 - [INFO] - [DEBUG] Drew CLASSIFICATION Abnormal bbox: (111,344) -> (132,365)
2025-09-14 20:23:00 - [INFO] - [DEBUG] Drew CLASSIFICATION Abnormal bbox: (96,51) -> (117,75)
2025-09-14 20:23:00 - [INFO] - [DEBUG] Drew CLASSIFICATION Abnormal bbox: (54,483) -> (91,527)
2025-09-14 20:23:00 - [INFO] - [DEBUG]   Created CLASSIFICATION bbox visualization with 4 boxes
2025-09-14 20:23:00 - [INFO] - [DEBUG]   Loaded bbox layer: C:\hotspot\hotspot-analyzer\data\PLANAR\ATL\5001\20250115\post_hotspot_classification.xml
2025-09-14 20:23:00 - [INFO] - [DEBUG] BBox XML type: ORIGINAL
2025-09-14 20:23:00 - [INFO] - [CACHE STORE] Not caching due to adjustments/overrides/invert
2025-09-14 20:23:00 - [INFO] - [DEBUG]   Loaded 4 layers for Posterior: ['Image', 'Segmentation', 'Hotspot', 'HotspotBBox']
2025-09-14 20:23:00 - [INFO] - [DEBUG] Available CLASSIFICATION layers in files: ['Image', 'Segmentation', 'Hotspot', 'HotspotBBox']
2025-09-14 20:23:00 - [INFO] - [DEBUG]   Added CLASSIFICATION Image to card 0 (opacity: 1.00)
2025-09-14 20:23:00 - [INFO] - [DEBUG]   CLASSIFICATION card 0 composite created with layers: ['Image']
2025-09-14 20:23:00 - [INFO] - [SMART UPDATE] State updated - Type: full
2025-09-14 20:23:00 - [INFO] - [SMART UPDATE] State updated - Type: rebuild
2025-09-14 20:23:00 - [INFO] - [DEBUG] Set HotspotBBox opacity to 1.00
2025-09-14 20:23:00 - [INFO] - [SMART UPDATE] Change type: none
2025-09-14 20:23:00 - [INFO] - [SMART UPDATE] Using full rebuild for opacity change
2025-09-14 20:23:00 - [INFO] - [DEBUG] Rebuilding timeline for active scan index: 0
2025-09-14 20:23:00 - [INFO] - [DEBUG] Creating CLASSIFICATION card 0 for view: Anterior
2025-09-14 20:23:00 - [INFO] - [DEBUG] Active layers selected: ['Image']
2025-09-14 20:23:00 - [INFO] - [DEBUG] DICOM path: C:\hotspot\hotspot-analyzer\data\PLANAR\ATL\5001\20250115\5001_1.dcm
2025-09-14 20:23:00 - [INFO] - [DEBUG] Current view: Anterior
2025-09-14 20:23:00 - [INFO] - [CACHE DEBUG] use_cache=False
2025-09-14 20:23:00 - [INFO] - [CACHE DEBUG] has_adjustments=False (B=0.00, C=1.00)
2025-09-14 20:23:00 - [INFO] - [CACHE DEBUG] has_overrides=False (override_b=None, override_c=None)
2025-09-14 20:23:00 - [INFO] - [CACHE DEBUG] invert_original=True
2025-09-14 20:23:00 - [INFO] - [CACHE SKIP] Skipping cache due to adjustments/overrides/invert
2025-09-14 20:23:00 - [INFO] - [DEBUG] Path extraction: session=ATL, patient=5001, study_date=20250115
2025-09-14 20:23:00 - [INFO] - [DEBUG] Extracted patient info - ID: 5001, Session: ATL
2025-09-14 20:23:00 - [INFO] - [DEBUG] Original path: C:\hotspot\hotspot-analyzer\data\PLANAR\ATL\5001\20250115\5001_1.dcm
2025-09-14 20:23:00 - [INFO] - [DEBUG] Study date: 20250115
2025-09-14 20:23:00 - [INFO] - [DEBUG] Patient ID: 5001
2025-09-14 20:23:00 - [INFO] - [DEBUG] Session code: ATL
2025-09-14 20:23:00 - [INFO] - [DEBUG] Study date folder: C:\hotspot\hotspot-analyzer\data\PLANAR\ATL\5001\20250115
2025-09-14 20:23:00 - [INFO] - [DEBUG] Loading original image for Anterior
2025-09-14 20:23:00 - [INFO] - [DEBUG] Looking for original PNG in study_date dir: C:\hotspot\hotspot-analyzer\data\PLANAR\ATL\5001\20250115\ant_original.png
2025-09-14 20:23:00 - [DEBUG] - STREAM b'IHDR' 16 13
2025-09-14 20:23:00 - [DEBUG] - STREAM b'IDAT' 41 65536
2025-09-14 20:23:00 - [INFO] - [DEBUG] Loaded original PNG from study_date dir: (256, 1024)
2025-09-14 20:23:00 - [INFO] - [DEBUG] Original image loaded: (256, 1024)
2025-09-14 20:23:00 - [INFO] - [DEBUG] Applying invert to original image
2025-09-14 20:23:00 - [INFO] - [DEBUG] simple_invert_pil_image: Processing L image, size = (256, 1024)
2025-09-14 20:23:00 - [INFO] - [DEBUG] simple_invert_image: input shape = (1024, 256), dtype = uint8
2025-09-14 20:23:00 - [INFO] - [DEBUG] Simple inversion completed: [0-255] -> [0-255]
2025-09-14 20:23:00 - [INFO] - [DEBUG] simple_invert_pil_image: completed
2025-09-14 20:23:00 - [INFO] - [DEBUG] Using STORED B/C values: B=0.00, C=1.00
2025-09-14 20:23:00 - [INFO] - [DEBUG]   Image layer loaded and processed
2025-09-14 20:23:00 - [INFO] - [DEBUG] Loading segmentation layer for Anterior
2025-09-14 20:23:00 - [INFO] - [DEBUG] Looking for segmentation (NEWEST): C:\hotspot\hotspot-analyzer\data\PLANAR\ATL\5001\20250115\ant_segm.png
2025-09-14 20:23:00 - [DEBUG] - STREAM b'IHDR' 16 13
2025-09-14 20:23:00 - [DEBUG] - STREAM b'IDAT' 41 6353
2025-09-14 20:23:00 - [INFO] - [DEBUG]   Loaded segmentation with transparency: C:\hotspot\hotspot-analyzer\data\PLANAR\ATL\5001\20250115\ant_segm.png
2025-09-14 20:23:00 - [INFO] - [DEBUG] Segmentation type: ORIGINAL
2025-09-14 20:23:00 - [INFO] - [DEBUG] Loading hotspot layer for Anterior
2025-09-14 20:23:00 - [INFO] - [DEBUG] Looking for hotspot classification (NEWEST): C:\hotspot\hotspot-analyzer\data\PLANAR\ATL\5001\20250115\20250822\ant_hotspot_classification_204035.png
2025-09-14 20:23:00 - [DEBUG] - STREAM b'IHDR' 16 13
2025-09-14 20:23:00 - [DEBUG] - STREAM b'IDAT' 41 1180
2025-09-14 20:23:00 - [INFO] - [DEBUG]   Loaded hotspot layer: C:\hotspot\hotspot-analyzer\data\PLANAR\ATL\5001\20250115\20250822\ant_hotspot_classification_204035.png
2025-09-14 20:23:00 - [INFO] - [DEBUG] Hotspot type: EDITED
2025-09-14 20:23:00 - [INFO] - [DEBUG] Loading bbox layer for Anterior
2025-09-14 20:23:00 - [INFO] - [DEBUG] Looking for classification XML (NEWEST): C:\hotspot\hotspot-analyzer\data\PLANAR\ATL\5001\20250115\20250822\ant_hotspot_classification_204035.xml
2025-09-14 20:23:00 - [INFO] - [DEBUG] Loading CLASSIFICATION XML for bbox: C:\hotspot\hotspot-analyzer\data\PLANAR\ATL\5001\20250115\20250822\ant_hotspot_classification_204035.xml
2025-09-14 20:23:00 - [INFO] - [DEBUG] Drew CLASSIFICATION Abnormal bbox: (194,150) -> (214,171)
2025-09-14 20:23:00 - [INFO] - [DEBUG] Drew CLASSIFICATION Abnormal bbox: (68,444) -> (76,459)
2025-09-14 20:23:00 - [INFO] - [DEBUG] Drew CLASSIFICATION Abnormal bbox: (156,480) -> (188,511)
2025-09-14 20:23:00 - [INFO] - [DEBUG]   Created CLASSIFICATION bbox visualization with 3 boxes
2025-09-14 20:23:00 - [INFO] - [DEBUG]   Loaded bbox layer: C:\hotspot\hotspot-analyzer\data\PLANAR\ATL\5001\20250115\20250822\ant_hotspot_classification_204035.xml
2025-09-14 20:23:00 - [INFO] - [DEBUG] BBox XML type: EDITED
2025-09-14 20:23:00 - [INFO] - [CACHE STORE] Not caching due to adjustments/overrides/invert
2025-09-14 20:23:00 - [INFO] - [DEBUG]   Loaded 4 layers for Anterior: ['Image', 'Segmentation', 'Hotspot', 'HotspotBBox']
2025-09-14 20:23:00 - [INFO] - [DEBUG] Available CLASSIFICATION layers in files: ['Image', 'Segmentation', 'Hotspot', 'HotspotBBox']
2025-09-14 20:23:00 - [INFO] - [DEBUG]   Added CLASSIFICATION Image to card 0 (opacity: 1.00)
2025-09-14 20:23:00 - [INFO] - [DEBUG]   CLASSIFICATION card 0 composite created with layers: ['Image']
2025-09-14 20:23:00 - [INFO] - [DEBUG] Creating CLASSIFICATION card 0 for view: Posterior
2025-09-14 20:23:00 - [INFO] - [DEBUG] Active layers selected: ['Image']
2025-09-14 20:23:00 - [INFO] - [DEBUG] DICOM path: C:\hotspot\hotspot-analyzer\data\PLANAR\ATL\5001\20250115\5001_1.dcm
2025-09-14 20:23:00 - [INFO] - [DEBUG] Current view: Posterior
2025-09-14 20:23:00 - [INFO] - [CACHE DEBUG] use_cache=False
2025-09-14 20:23:00 - [INFO] - [CACHE DEBUG] has_adjustments=False (B=0.00, C=1.00)
2025-09-14 20:23:00 - [INFO] - [CACHE DEBUG] has_overrides=False (override_b=None, override_c=None)
2025-09-14 20:23:00 - [INFO] - [CACHE DEBUG] invert_original=True
2025-09-14 20:23:00 - [INFO] - [CACHE SKIP] Skipping cache due to adjustments/overrides/invert
2025-09-14 20:23:00 - [INFO] - [DEBUG] Path extraction: session=ATL, patient=5001, study_date=20250115
2025-09-14 20:23:00 - [INFO] - [DEBUG] Extracted patient info - ID: 5001, Session: ATL
2025-09-14 20:23:00 - [INFO] - [DEBUG] Original path: C:\hotspot\hotspot-analyzer\data\PLANAR\ATL\5001\20250115\5001_1.dcm
2025-09-14 20:23:00 - [INFO] - [DEBUG] Study date: 20250115
2025-09-14 20:23:00 - [INFO] - [DEBUG] Patient ID: 5001
2025-09-14 20:23:00 - [INFO] - [DEBUG] Session code: ATL
2025-09-14 20:23:00 - [INFO] - [DEBUG] Study date folder: C:\hotspot\hotspot-analyzer\data\PLANAR\ATL\5001\20250115
2025-09-14 20:23:00 - [INFO] - [DEBUG] Loading original image for Posterior
2025-09-14 20:23:00 - [INFO] - [DEBUG] Looking for original PNG in study_date dir: C:\hotspot\hotspot-analyzer\data\PLANAR\ATL\5001\20250115\post_original.png
2025-09-14 20:23:00 - [DEBUG] - STREAM b'IHDR' 16 13
2025-09-14 20:23:00 - [DEBUG] - STREAM b'IDAT' 41 65536
2025-09-14 20:23:00 - [INFO] - [DEBUG] Loaded original PNG from study_date dir: (256, 1024)
2025-09-14 20:23:00 - [INFO] - [DEBUG] Original image loaded: (256, 1024)
2025-09-14 20:23:00 - [INFO] - [DEBUG] Applying invert to original image
2025-09-14 20:23:00 - [INFO] - [DEBUG] simple_invert_pil_image: Processing L image, size = (256, 1024)
2025-09-14 20:23:00 - [INFO] - [DEBUG] simple_invert_image: input shape = (1024, 256), dtype = uint8
2025-09-14 20:23:00 - [INFO] - [DEBUG] Simple inversion completed: [0-255] -> [0-255]
2025-09-14 20:23:00 - [INFO] - [DEBUG] simple_invert_pil_image: completed
2025-09-14 20:23:00 - [INFO] - [DEBUG] Using STORED B/C values: B=0.00, C=1.00
2025-09-14 20:23:00 - [INFO] - [DEBUG]   Image layer loaded and processed
2025-09-14 20:23:00 - [INFO] - [DEBUG] Loading segmentation layer for Posterior
2025-09-14 20:23:00 - [INFO] - [DEBUG] Looking for segmentation (NEWEST): C:\hotspot\hotspot-analyzer\data\PLANAR\ATL\5001\20250115\post_segm.png
2025-09-14 20:23:00 - [DEBUG] - STREAM b'IHDR' 16 13
2025-09-14 20:23:00 - [DEBUG] - STREAM b'IDAT' 41 6018
2025-09-14 20:23:00 - [INFO] - [DEBUG]   Loaded segmentation with transparency: C:\hotspot\hotspot-analyzer\data\PLANAR\ATL\5001\20250115\post_segm.png
2025-09-14 20:23:00 - [INFO] - [DEBUG] Segmentation type: ORIGINAL
2025-09-14 20:23:00 - [INFO] - [DEBUG] Loading hotspot layer for Posterior
2025-09-14 20:23:00 - [INFO] - [DEBUG] Looking for hotspot classification (NEWEST): C:\hotspot\hotspot-analyzer\data\PLANAR\ATL\5001\20250115\post_hotspot_classification.png
2025-09-14 20:23:00 - [DEBUG] - STREAM b'IHDR' 16 13
2025-09-14 20:23:00 - [DEBUG] - STREAM b'IDAT' 41 1317
2025-09-14 20:23:00 - [INFO] - [DEBUG]   Loaded hotspot layer: C:\hotspot\hotspot-analyzer\data\PLANAR\ATL\5001\20250115\post_hotspot_classification.png
2025-09-14 20:23:00 - [INFO] - [DEBUG] Hotspot type: ORIGINAL
2025-09-14 20:23:00 - [INFO] - [DEBUG] Loading bbox layer for Posterior
2025-09-14 20:23:00 - [INFO] - [DEBUG] Looking for classification XML (NEWEST): C:\hotspot\hotspot-analyzer\data\PLANAR\ATL\5001\20250115\post_hotspot_classification.xml
2025-09-14 20:23:00 - [INFO] - [DEBUG] Loading CLASSIFICATION XML for bbox: C:\hotspot\hotspot-analyzer\data\PLANAR\ATL\5001\20250115\post_hotspot_classification.xml
2025-09-14 20:23:00 - [INFO] - [DEBUG] Drew CLASSIFICATION Abnormal bbox: (44,482) -> (95,537)
2025-09-14 20:23:00 - [INFO] - [DEBUG] Drew CLASSIFICATION Abnormal bbox: (111,344) -> (132,365)
2025-09-14 20:23:00 - [INFO] - [DEBUG] Drew CLASSIFICATION Abnormal bbox: (96,51) -> (117,75)
2025-09-14 20:23:00 - [INFO] - [DEBUG] Drew CLASSIFICATION Abnormal bbox: (54,483) -> (91,527)
2025-09-14 20:23:00 - [INFO] - [DEBUG]   Created CLASSIFICATION bbox visualization with 4 boxes
2025-09-14 20:23:00 - [INFO] - [DEBUG]   Loaded bbox layer: C:\hotspot\hotspot-analyzer\data\PLANAR\ATL\5001\20250115\post_hotspot_classification.xml
2025-09-14 20:23:00 - [INFO] - [DEBUG] BBox XML type: ORIGINAL
2025-09-14 20:23:00 - [INFO] - [CACHE STORE] Not caching due to adjustments/overrides/invert
2025-09-14 20:23:00 - [INFO] - [DEBUG]   Loaded 4 layers for Posterior: ['Image', 'Segmentation', 'Hotspot', 'HotspotBBox']
2025-09-14 20:23:00 - [INFO] - [DEBUG] Available CLASSIFICATION layers in files: ['Image', 'Segmentation', 'Hotspot', 'HotspotBBox']
2025-09-14 20:23:00 - [INFO] - [DEBUG]   Added CLASSIFICATION Image to card 0 (opacity: 1.00)
2025-09-14 20:23:00 - [INFO] - [DEBUG]   CLASSIFICATION card 0 composite created with layers: ['Image']
2025-09-14 20:23:00 - [INFO] - [SMART UPDATE] State updated - Type: full
2025-09-14 20:23:00 - [INFO] - [SMART UPDATE] State updated - Type: rebuild
2025-09-14 20:23:00 - [INFO] - [MainWindow] Updating timeline with 5 scans
2025-09-14 20:23:00 - [INFO] - [BSI META INTEGRATION] Updating scan meta with BSI data
2025-09-14 20:23:00 - [INFO] - [BSI META INTEGRATION] Session code: ATL
2025-09-14 20:23:00 - [INFO] - [BSI META INTEGRATION] Scan path: C:\hotspot\hotspot-analyzer\data\PLANAR\ATL\5001\20250115\5001_1.dcm
2025-09-14 20:23:00 - [INFO] - [BSI EXTRACT INFO] Extracting from path: C:\hotspot\hotspot-analyzer\data\PLANAR\ATL\5001\20250115\5001_1.dcm
2025-09-14 20:23:00 - [INFO] - [BSI EXTRACT INFO] Extracted study_date from DICOM: 20250115
2025-09-14 20:23:00 - [INFO] - [BSI EXTRACT INFO] Extracted patient_id from study_date structure: 5001
2025-09-14 20:23:00 - [INFO] - [BSI EXTRACT INFO] Final result - Patient: 5001, Study: 20250115
2025-09-14 20:23:00 - [INFO] - [BSI META INTEGRATION] Extracted - Patient: 5001, Study: 20250115
2025-09-14 20:23:00 - [INFO] -   [DEBUG QUANT FILES] Getting quantification files for: C:\hotspot\hotspot-analyzer\data\PLANAR\ATL\5001\20250115
2025-09-14 20:23:00 - [INFO] -   [DEBUG QUANT FILES] Detected study_date folder: C:\hotspot\hotspot-analyzer\data\PLANAR\ATL\5001\20250115
2025-09-14 20:23:00 - [INFO] -   [DEBUG QUANT FILES] Generated paths:
2025-09-14 20:23:00 - [INFO] -   [DEBUG QUANT FILES]   bsi_json_ant: C:\hotspot\hotspot-analyzer\data\PLANAR\ATL\5001\20250115\bsi_quantification_ant.json (exists: True)
2025-09-14 20:23:00 - [INFO] -   [DEBUG QUANT FILES]   bsi_json_post: C:\hotspot\hotspot-analyzer\data\PLANAR\ATL\5001\20250115\bsi_quantification_post.json (exists: True)
2025-09-14 20:23:00 - [INFO] - [BSI META INTEGRATION] Found BSI files in study_date folder: C:\hotspot\hotspot-analyzer\data\PLANAR\ATL\5001\20250115
2025-09-14 20:23:00 - [INFO] - [BSI META INTEGRATION] Using patient folder: C:\hotspot\hotspot-analyzer\data\PLANAR\ATL\5001\20250115
2025-09-14 20:23:00 - [INFO] -   [DEBUG BSI] Detected study_date folder, using parent: C:\hotspot\hotspot-analyzer\data\PLANAR\ATL\5001
2025-09-14 20:23:00 - [INFO] -   [DEBUG BSI] Found study_date folder: 20250115
2025-09-14 20:23:00 - [INFO] -   [DEBUG BSI] Found study_date folder: 20250214
2025-09-14 20:23:00 - [INFO] -   [DEBUG BSI] Found study_date folder: 20250316
2025-09-14 20:23:00 - [INFO] -   [DEBUG BSI] Found study_date folder: 20250415
2025-09-14 20:23:00 - [INFO] -   [DEBUG BSI] Found study_date folder: 20250515
2025-09-14 20:23:00 - [INFO] -   [DEBUG BSI]     - 20250115 (DIR)
2025-09-14 20:23:00 - [INFO] -   [DEBUG BSI]     - 20250214 (DIR)
2025-09-14 20:23:00 - [INFO] -   [DEBUG BSI]     - 20250316 (DIR)
2025-09-14 20:23:00 - [INFO] -   [DEBUG BSI]     - 20250415 (DIR)
2025-09-14 20:23:00 - [INFO] -   [DEBUG BSI]     - 20250515 (DIR)
2025-09-14 20:23:00 - [INFO] -   [DEBUG BSI]     - 20250822 (DIR)
2025-09-14 20:23:00 - [INFO] -   [DEBUG BSI]     - 5001_1.dcm (FILE)
2025-09-14 20:23:00 - [INFO] -   [DEBUG BSI]     - ant_hotspot_classification.json (FILE)
2025-09-14 20:23:00 - [INFO] -   [DEBUG BSI]     - ant_hotspot_classification.png (FILE)
2025-09-14 20:23:00 - [INFO] -   [DEBUG BSI]     - ant_hotspot_classification.xml (FILE)
2025-09-14 20:23:00 - [INFO] -   [DEBUG BSI]     - ant_hotspot_otsu_colored.png (FILE)
2025-09-14 20:23:00 - [INFO] -   [DEBUG BSI]     - ant_hotspot_otsu_colored_blend.png (FILE)
2025-09-14 20:23:00 - [INFO] -   [DEBUG BSI]     - ant_hotspot_otsu_grayscale.png (FILE)
2025-09-14 20:23:00 - [INFO] -   [DEBUG BSI]     - ant_hotspot_yolo.xml (FILE)
2025-09-14 20:23:00 - [INFO] -   [DEBUG BSI]     - ant_mask.png (FILE)
2025-09-14 20:23:00 - [INFO] -   [DEBUG BSI]     - ant_original.png (FILE)
2025-09-14 20:23:00 - [INFO] -   [DEBUG BSI]     - ant_segm.png (FILE)
2025-09-14 20:23:00 - [INFO] -   [DEBUG BSI]     - bsi_quantification_ant.json (FILE)
2025-09-14 20:23:00 - [INFO] -   [DEBUG BSI]     - bsi_quantification_post.json (FILE)
2025-09-14 20:23:00 - [INFO] -   [DEBUG BSI]     - post_hotspot_classification.json (FILE)
2025-09-14 20:23:00 - [INFO] -   [DEBUG BSI]     - post_hotspot_classification.png (FILE)
2025-09-14 20:23:00 - [INFO] -   [DEBUG BSI]     - post_hotspot_classification.xml (FILE)
2025-09-14 20:23:00 - [INFO] -   [DEBUG BSI]     - post_hotspot_otsu_colored.png (FILE)
2025-09-14 20:23:00 - [INFO] -   [DEBUG BSI]     - post_hotspot_otsu_colored_blend.png (FILE)
2025-09-14 20:23:00 - [INFO] -   [DEBUG BSI]     - post_hotspot_otsu_grayscale.png (FILE)
2025-09-14 20:23:00 - [INFO] -   [DEBUG BSI]     - post_hotspot_yolo.xml (FILE)
2025-09-14 20:23:00 - [INFO] -   [DEBUG BSI]     - post_mask.png (FILE)
2025-09-14 20:23:00 - [INFO] -   [DEBUG BSI]     - post_original.png (FILE)
2025-09-14 20:23:00 - [INFO] -   [DEBUG BSI]     - post_segm.png (FILE)
2025-09-14 20:23:00 - [INFO] -   [DEBUG BSI]     - 5001_2.dcm (FILE)
2025-09-14 20:23:00 - [INFO] -   [DEBUG BSI]     - ant_hotspot_classification.json (FILE)
2025-09-14 20:23:00 - [INFO] -   [DEBUG BSI]     - ant_hotspot_classification.png (FILE)
2025-09-14 20:23:00 - [INFO] -   [DEBUG BSI]     - ant_hotspot_classification.xml (FILE)
2025-09-14 20:23:00 - [INFO] -   [DEBUG BSI]     - ant_hotspot_otsu_colored.png (FILE)
2025-09-14 20:23:00 - [INFO] -   [DEBUG BSI]     - ant_hotspot_otsu_colored_blend.png (FILE)
2025-09-14 20:23:00 - [INFO] -   [DEBUG BSI]     - ant_hotspot_otsu_grayscale.png (FILE)
2025-09-14 20:23:00 - [INFO] -   [DEBUG BSI]     - ant_hotspot_yolo.xml (FILE)
2025-09-14 20:23:00 - [INFO] -   [DEBUG BSI]     - ant_mask.png (FILE)
2025-09-14 20:23:01 - [INFO] -   [DEBUG BSI]     - ant_original.png (FILE)
2025-09-14 20:23:01 - [INFO] -   [DEBUG BSI]     - ant_segm.png (FILE)
2025-09-14 20:23:01 - [INFO] -   [DEBUG BSI]     - bsi_quantification_ant.json (FILE)
2025-09-14 20:23:01 - [INFO] -   [DEBUG BSI]     - bsi_quantification_post.json (FILE)
2025-09-14 20:23:01 - [INFO] -   [DEBUG BSI]     - post_hotspot_classification.json (FILE)
2025-09-14 20:23:01 - [INFO] -   [DEBUG BSI]     - post_hotspot_classification.png (FILE)
2025-09-14 20:23:01 - [INFO] -   [DEBUG BSI]     - post_hotspot_classification.xml (FILE)
2025-09-14 20:23:01 - [INFO] -   [DEBUG BSI]     - post_hotspot_otsu_colored.png (FILE)
2025-09-14 20:23:01 - [INFO] -   [DEBUG BSI]     - post_hotspot_otsu_colored_blend.png (FILE)
2025-09-14 20:23:01 - [INFO] -   [DEBUG BSI]     - post_hotspot_otsu_grayscale.png (FILE)
2025-09-14 20:23:01 - [INFO] -   [DEBUG BSI]     - post_hotspot_yolo.xml (FILE)
2025-09-14 20:23:01 - [INFO] -   [DEBUG BSI]     - post_mask.png (FILE)
2025-09-14 20:23:01 - [INFO] -   [DEBUG BSI]     - post_original.png (FILE)
2025-09-14 20:23:01 - [INFO] -   [DEBUG BSI]     - post_segm.png (FILE)
2025-09-14 20:23:01 - [INFO] -   [DEBUG BSI]     - 5001_3.dcm (FILE)
2025-09-14 20:23:01 - [INFO] -   [DEBUG BSI]     - ant_hotspot_classification.json (FILE)
2025-09-14 20:23:01 - [INFO] -   [DEBUG BSI]     - ant_hotspot_classification.png (FILE)
2025-09-14 20:23:01 - [INFO] -   [DEBUG BSI]     - ant_hotspot_classification.xml (FILE)
2025-09-14 20:23:01 - [INFO] -   [DEBUG BSI]     - ant_hotspot_otsu_colored.png (FILE)
2025-09-14 20:23:01 - [INFO] -   [DEBUG BSI]     - ant_hotspot_otsu_colored_blend.png (FILE)
2025-09-14 20:23:01 - [INFO] -   [DEBUG BSI]     - ant_hotspot_otsu_grayscale.png (FILE)
2025-09-14 20:23:01 - [INFO] -   [DEBUG BSI]     - ant_hotspot_yolo.xml (FILE)
2025-09-14 20:23:01 - [INFO] -   [DEBUG BSI]     - ant_mask.png (FILE)
2025-09-14 20:23:01 - [INFO] -   [DEBUG BSI]     - ant_original.png (FILE)
2025-09-14 20:23:01 - [INFO] -   [DEBUG BSI]     - ant_segm.png (FILE)
2025-09-14 20:23:01 - [INFO] -   [DEBUG BSI]     - bsi_quantification_ant.json (FILE)
2025-09-14 20:23:01 - [INFO] -   [DEBUG BSI]     - bsi_quantification_post.json (FILE)
2025-09-14 20:23:01 - [INFO] -   [DEBUG BSI]     - post_hotspot_classification.json (FILE)
2025-09-14 20:23:01 - [INFO] -   [DEBUG BSI]     - post_hotspot_classification.png (FILE)
2025-09-14 20:23:01 - [INFO] -   [DEBUG BSI]     - post_hotspot_classification.xml (FILE)
2025-09-14 20:23:01 - [INFO] -   [DEBUG BSI]     - post_hotspot_otsu_colored.png (FILE)
2025-09-14 20:23:01 - [INFO] -   [DEBUG BSI]     - post_hotspot_otsu_colored_blend.png (FILE)
2025-09-14 20:23:01 - [INFO] -   [DEBUG BSI]     - post_hotspot_otsu_grayscale.png (FILE)
2025-09-14 20:23:01 - [INFO] -   [DEBUG BSI]     - post_hotspot_yolo.xml (FILE)
2025-09-14 20:23:01 - [INFO] -   [DEBUG BSI]     - post_mask.png (FILE)
2025-09-14 20:23:01 - [INFO] -   [DEBUG BSI]     - post_original.png (FILE)
2025-09-14 20:23:01 - [INFO] -   [DEBUG BSI]     - post_segm.png (FILE)
2025-09-14 20:23:01 - [INFO] -   [DEBUG BSI]     - 5001_4.dcm (FILE)
2025-09-14 20:23:01 - [INFO] -   [DEBUG BSI]     - ant_hotspot_classification.json (FILE)
2025-09-14 20:23:01 - [INFO] -   [DEBUG BSI]     - ant_hotspot_classification.png (FILE)
2025-09-14 20:23:01 - [INFO] -   [DEBUG BSI]     - ant_hotspot_classification.xml (FILE)
2025-09-14 20:23:01 - [INFO] -   [DEBUG BSI]     - ant_hotspot_otsu_colored.png (FILE)
2025-09-14 20:23:01 - [INFO] -   [DEBUG BSI]     - ant_hotspot_otsu_colored_blend.png (FILE)
2025-09-14 20:23:01 - [INFO] -   [DEBUG BSI]     - ant_hotspot_otsu_grayscale.png (FILE)
2025-09-14 20:23:01 - [INFO] -   [DEBUG BSI]     - ant_hotspot_yolo.xml (FILE)
2025-09-14 20:23:01 - [INFO] -   [DEBUG BSI]     - ant_mask.png (FILE)
2025-09-14 20:23:01 - [INFO] -   [DEBUG BSI]     - ant_original.png (FILE)
2025-09-14 20:23:01 - [INFO] -   [DEBUG BSI]     - ant_segm.png (FILE)
2025-09-14 20:23:01 - [INFO] -   [DEBUG BSI]     - bsi_quantification_ant.json (FILE)
2025-09-14 20:23:01 - [INFO] -   [DEBUG BSI]     - bsi_quantification_post.json (FILE)
2025-09-14 20:23:01 - [INFO] -   [DEBUG BSI]     - post_hotspot_classification.json (FILE)
2025-09-14 20:23:01 - [INFO] -   [DEBUG BSI]     - post_hotspot_classification.png (FILE)
2025-09-14 20:23:01 - [INFO] -   [DEBUG BSI]     - post_hotspot_classification.xml (FILE)
2025-09-14 20:23:01 - [INFO] -   [DEBUG BSI]     - post_hotspot_otsu_colored.png (FILE)
2025-09-14 20:23:01 - [INFO] -   [DEBUG BSI]     - post_hotspot_otsu_colored_blend.png (FILE)
2025-09-14 20:23:01 - [INFO] -   [DEBUG BSI]     - post_hotspot_otsu_grayscale.png (FILE)
2025-09-14 20:23:01 - [INFO] -   [DEBUG BSI]     - post_hotspot_yolo.xml (FILE)
2025-09-14 20:23:01 - [INFO] -   [DEBUG BSI]     - post_mask.png (FILE)
2025-09-14 20:23:01 - [INFO] -   [DEBUG BSI]     - post_original.png (FILE)
2025-09-14 20:23:01 - [INFO] -   [DEBUG BSI]     - post_segm.png (FILE)
2025-09-14 20:23:01 - [INFO] -   [DEBUG BSI]     - 5001_5.dcm (FILE)
2025-09-14 20:23:01 - [INFO] -   [DEBUG BSI]     - ant_hotspot_classification.json (FILE)
2025-09-14 20:23:01 - [INFO] -   [DEBUG BSI]     - ant_hotspot_classification.png (FILE)
2025-09-14 20:23:01 - [INFO] -   [DEBUG BSI]     - ant_hotspot_classification.xml (FILE)
2025-09-14 20:23:01 - [INFO] -   [DEBUG BSI]     - ant_hotspot_otsu_colored.png (FILE)
2025-09-14 20:23:01 - [INFO] -   [DEBUG BSI]     - ant_hotspot_otsu_colored_blend.png (FILE)
2025-09-14 20:23:01 - [INFO] -   [DEBUG BSI]     - ant_hotspot_otsu_grayscale.png (FILE)
2025-09-14 20:23:01 - [INFO] -   [DEBUG BSI]     - ant_hotspot_yolo.xml (FILE)
2025-09-14 20:23:01 - [INFO] -   [DEBUG BSI]     - ant_mask.png (FILE)
2025-09-14 20:23:01 - [INFO] -   [DEBUG BSI]     - ant_original.png (FILE)
2025-09-14 20:23:01 - [INFO] -   [DEBUG BSI]     - ant_segm.png (FILE)
2025-09-14 20:23:01 - [INFO] -   [DEBUG BSI]     - bsi_quantification_ant.json (FILE)
2025-09-14 20:23:01 - [INFO] -   [DEBUG BSI]     - bsi_quantification_post.json (FILE)
2025-09-14 20:23:01 - [INFO] -   [DEBUG BSI]     - post_hotspot_classification.json (FILE)
2025-09-14 20:23:01 - [INFO] -   [DEBUG BSI]     - post_hotspot_classification.png (FILE)
2025-09-14 20:23:01 - [INFO] -   [DEBUG BSI]     - post_hotspot_classification.xml (FILE)
2025-09-14 20:23:01 - [INFO] -   [DEBUG BSI]     - post_hotspot_otsu_colored.png (FILE)
2025-09-14 20:23:01 - [INFO] -   [DEBUG BSI]     - post_hotspot_otsu_colored_blend.png (FILE)
2025-09-14 20:23:01 - [INFO] -   [DEBUG BSI]     - post_hotspot_otsu_grayscale.png (FILE)
2025-09-14 20:23:01 - [INFO] -   [DEBUG BSI]     - post_hotspot_yolo.xml (FILE)
2025-09-14 20:23:01 - [INFO] -   [DEBUG BSI]     - post_mask.png (FILE)
2025-09-14 20:23:01 - [INFO] -   [DEBUG BSI]     - post_original.png (FILE)
2025-09-14 20:23:01 - [INFO] -   [DEBUG BSI]     - post_segm.png (FILE)
2025-09-14 20:23:01 - [INFO] -   [DEBUG BSI]     - 20250115 (DIR)
2025-09-14 20:23:01 - [INFO] -   [DEBUG BSI]     - 20250214 (DIR)
2025-09-14 20:23:01 - [INFO] -   [DEBUG BSI]     - 20250316 (DIR)
2025-09-14 20:23:01 - [INFO] -   [DEBUG BSI]     - 20250415 (DIR)
2025-09-14 20:23:01 - [INFO] -   [DEBUG BSI]     - 20250515 (DIR)
2025-09-14 20:23:01 - [INFO] - [BSI META INTEGRATION] No BSI scores found for study_date: 20250115
2025-09-14 20:23:01 - [INFO] - [BSI META INTEGRATION] Updating scan meta with BSI data
2025-09-14 20:23:01 - [INFO] - [BSI META INTEGRATION] Session code: ATL
2025-09-14 20:23:01 - [INFO] - [BSI META INTEGRATION] Scan path: C:\hotspot\hotspot-analyzer\data\PLANAR\ATL\5001\20250214\5001_2.dcm
2025-09-14 20:23:01 - [INFO] - [BSI EXTRACT INFO] Extracting from path: C:\hotspot\hotspot-analyzer\data\PLANAR\ATL\5001\20250214\5001_2.dcm
2025-09-14 20:23:01 - [INFO] - [BSI EXTRACT INFO] Extracted study_date from DICOM: 20250214
2025-09-14 20:23:01 - [INFO] - [BSI EXTRACT INFO] Extracted patient_id from study_date structure: 5001
2025-09-14 20:23:01 - [INFO] - [BSI EXTRACT INFO] Final result - Patient: 5001, Study: 20250214
2025-09-14 20:23:01 - [INFO] - [BSI META INTEGRATION] Extracted - Patient: 5001, Study: 20250214
2025-09-14 20:23:01 - [INFO] -   [DEBUG QUANT FILES] Getting quantification files for: C:\hotspot\hotspot-analyzer\data\PLANAR\ATL\5001\20250214
2025-09-14 20:23:01 - [INFO] -   [DEBUG QUANT FILES] Detected study_date folder: C:\hotspot\hotspot-analyzer\data\PLANAR\ATL\5001\20250214
2025-09-14 20:23:01 - [INFO] -   [DEBUG QUANT FILES] Generated paths:
2025-09-14 20:23:01 - [INFO] -   [DEBUG QUANT FILES]   bsi_json_ant: C:\hotspot\hotspot-analyzer\data\PLANAR\ATL\5001\20250214\bsi_quantification_ant.json (exists: True)
2025-09-14 20:23:01 - [INFO] -   [DEBUG QUANT FILES]   bsi_json_post: C:\hotspot\hotspot-analyzer\data\PLANAR\ATL\5001\20250214\bsi_quantification_post.json (exists: True)
2025-09-14 20:23:01 - [INFO] - [BSI META INTEGRATION] Found BSI files in study_date folder: C:\hotspot\hotspot-analyzer\data\PLANAR\ATL\5001\20250214
2025-09-14 20:23:01 - [INFO] - [BSI META INTEGRATION] Using patient folder: C:\hotspot\hotspot-analyzer\data\PLANAR\ATL\5001\20250214
2025-09-14 20:23:01 - [INFO] -   [DEBUG BSI] Detected study_date folder, using parent: C:\hotspot\hotspot-analyzer\data\PLANAR\ATL\5001
2025-09-14 20:23:01 - [INFO] -   [DEBUG BSI] Found study_date folder: 20250115
2025-09-14 20:23:01 - [INFO] -   [DEBUG BSI] Found study_date folder: 20250214
2025-09-14 20:23:01 - [INFO] -   [DEBUG BSI] Found study_date folder: 20250316
2025-09-14 20:23:01 - [INFO] -   [DEBUG BSI] Found study_date folder: 20250415
2025-09-14 20:23:01 - [INFO] -   [DEBUG BSI] Found study_date folder: 20250515
2025-09-14 20:23:01 - [INFO] -   [DEBUG BSI]     - 20250115 (DIR)
2025-09-14 20:23:01 - [INFO] -   [DEBUG BSI]     - 20250214 (DIR)
2025-09-14 20:23:01 - [INFO] -   [DEBUG BSI]     - 20250316 (DIR)
2025-09-14 20:23:01 - [INFO] -   [DEBUG BSI]     - 20250415 (DIR)
2025-09-14 20:23:01 - [INFO] -   [DEBUG BSI]     - 20250515 (DIR)
2025-09-14 20:23:01 - [INFO] -   [DEBUG BSI]     - 20250822 (DIR)
2025-09-14 20:23:01 - [INFO] -   [DEBUG BSI]     - 5001_1.dcm (FILE)
2025-09-14 20:23:01 - [INFO] -   [DEBUG BSI]     - ant_hotspot_classification.json (FILE)
2025-09-14 20:23:01 - [INFO] -   [DEBUG BSI]     - ant_hotspot_classification.png (FILE)
2025-09-14 20:23:01 - [INFO] -   [DEBUG BSI]     - ant_hotspot_classification.xml (FILE)
2025-09-14 20:23:01 - [INFO] -   [DEBUG BSI]     - ant_hotspot_otsu_colored.png (FILE)
2025-09-14 20:23:01 - [INFO] -   [DEBUG BSI]     - ant_hotspot_otsu_colored_blend.png (FILE)
2025-09-14 20:23:01 - [INFO] -   [DEBUG BSI]     - ant_hotspot_otsu_grayscale.png (FILE)
2025-09-14 20:23:01 - [INFO] -   [DEBUG BSI]     - ant_hotspot_yolo.xml (FILE)
2025-09-14 20:23:01 - [INFO] -   [DEBUG BSI]     - ant_mask.png (FILE)
2025-09-14 20:23:01 - [INFO] -   [DEBUG BSI]     - ant_original.png (FILE)
2025-09-14 20:23:01 - [INFO] -   [DEBUG BSI]     - ant_segm.png (FILE)
2025-09-14 20:23:01 - [INFO] -   [DEBUG BSI]     - bsi_quantification_ant.json (FILE)
2025-09-14 20:23:01 - [INFO] -   [DEBUG BSI]     - bsi_quantification_post.json (FILE)
2025-09-14 20:23:01 - [INFO] -   [DEBUG BSI]     - post_hotspot_classification.json (FILE)
2025-09-14 20:23:01 - [INFO] -   [DEBUG BSI]     - post_hotspot_classification.png (FILE)
2025-09-14 20:23:01 - [INFO] -   [DEBUG BSI]     - post_hotspot_classification.xml (FILE)
2025-09-14 20:23:01 - [INFO] -   [DEBUG BSI]     - post_hotspot_otsu_colored.png (FILE)
2025-09-14 20:23:01 - [INFO] -   [DEBUG BSI]     - post_hotspot_otsu_colored_blend.png (FILE)
2025-09-14 20:23:01 - [INFO] -   [DEBUG BSI]     - post_hotspot_otsu_grayscale.png (FILE)
2025-09-14 20:23:01 - [INFO] -   [DEBUG BSI]     - post_hotspot_yolo.xml (FILE)
2025-09-14 20:23:01 - [INFO] -   [DEBUG BSI]     - post_mask.png (FILE)
2025-09-14 20:23:01 - [INFO] -   [DEBUG BSI]     - post_original.png (FILE)
2025-09-14 20:23:01 - [INFO] -   [DEBUG BSI]     - post_segm.png (FILE)
2025-09-14 20:23:01 - [INFO] -   [DEBUG BSI]     - 5001_2.dcm (FILE)
2025-09-14 20:23:01 - [INFO] -   [DEBUG BSI]     - ant_hotspot_classification.json (FILE)
2025-09-14 20:23:01 - [INFO] -   [DEBUG BSI]     - ant_hotspot_classification.png (FILE)
2025-09-14 20:23:01 - [INFO] -   [DEBUG BSI]     - ant_hotspot_classification.xml (FILE)
2025-09-14 20:23:01 - [INFO] -   [DEBUG BSI]     - ant_hotspot_otsu_colored.png (FILE)
2025-09-14 20:23:01 - [INFO] -   [DEBUG BSI]     - ant_hotspot_otsu_colored_blend.png (FILE)
2025-09-14 20:23:01 - [INFO] -   [DEBUG BSI]     - ant_hotspot_otsu_grayscale.png (FILE)
2025-09-14 20:23:01 - [INFO] -   [DEBUG BSI]     - ant_hotspot_yolo.xml (FILE)
2025-09-14 20:23:01 - [INFO] -   [DEBUG BSI]     - ant_mask.png (FILE)
2025-09-14 20:23:01 - [INFO] -   [DEBUG BSI]     - ant_original.png (FILE)
2025-09-14 20:23:01 - [INFO] -   [DEBUG BSI]     - ant_segm.png (FILE)
2025-09-14 20:23:01 - [INFO] -   [DEBUG BSI]     - bsi_quantification_ant.json (FILE)
2025-09-14 20:23:01 - [INFO] -   [DEBUG BSI]     - bsi_quantification_post.json (FILE)
2025-09-14 20:23:01 - [INFO] -   [DEBUG BSI]     - post_hotspot_classification.json (FILE)
2025-09-14 20:23:01 - [INFO] -   [DEBUG BSI]     - post_hotspot_classification.png (FILE)
2025-09-14 20:23:01 - [INFO] -   [DEBUG BSI]     - post_hotspot_classification.xml (FILE)
2025-09-14 20:23:01 - [INFO] -   [DEBUG BSI]     - post_hotspot_otsu_colored.png (FILE)
2025-09-14 20:23:01 - [INFO] -   [DEBUG BSI]     - post_hotspot_otsu_colored_blend.png (FILE)
2025-09-14 20:23:01 - [INFO] -   [DEBUG BSI]     - post_hotspot_otsu_grayscale.png (FILE)
2025-09-14 20:23:01 - [INFO] -   [DEBUG BSI]     - post_hotspot_yolo.xml (FILE)
2025-09-14 20:23:01 - [INFO] -   [DEBUG BSI]     - post_mask.png (FILE)
2025-09-14 20:23:01 - [INFO] -   [DEBUG BSI]     - post_original.png (FILE)
2025-09-14 20:23:01 - [INFO] -   [DEBUG BSI]     - post_segm.png (FILE)
2025-09-14 20:23:01 - [INFO] -   [DEBUG BSI]     - 5001_3.dcm (FILE)
2025-09-14 20:23:01 - [INFO] -   [DEBUG BSI]     - ant_hotspot_classification.json (FILE)
2025-09-14 20:23:01 - [INFO] -   [DEBUG BSI]     - ant_hotspot_classification.png (FILE)
2025-09-14 20:23:01 - [INFO] -   [DEBUG BSI]     - ant_hotspot_classification.xml (FILE)
2025-09-14 20:23:01 - [INFO] -   [DEBUG BSI]     - ant_hotspot_otsu_colored.png (FILE)
2025-09-14 20:23:01 - [INFO] -   [DEBUG BSI]     - ant_hotspot_otsu_colored_blend.png (FILE)
2025-09-14 20:23:01 - [INFO] -   [DEBUG BSI]     - ant_hotspot_otsu_grayscale.png (FILE)
2025-09-14 20:23:01 - [INFO] -   [DEBUG BSI]     - ant_hotspot_yolo.xml (FILE)
2025-09-14 20:23:01 - [INFO] -   [DEBUG BSI]     - ant_mask.png (FILE)
2025-09-14 20:23:01 - [INFO] -   [DEBUG BSI]     - ant_original.png (FILE)
2025-09-14 20:23:01 - [INFO] -   [DEBUG BSI]     - ant_segm.png (FILE)
2025-09-14 20:23:01 - [INFO] -   [DEBUG BSI]     - bsi_quantification_ant.json (FILE)
2025-09-14 20:23:01 - [INFO] -   [DEBUG BSI]     - bsi_quantification_post.json (FILE)
2025-09-14 20:23:01 - [INFO] -   [DEBUG BSI]     - post_hotspot_classification.json (FILE)
2025-09-14 20:23:01 - [INFO] -   [DEBUG BSI]     - post_hotspot_classification.png (FILE)
2025-09-14 20:23:01 - [INFO] -   [DEBUG BSI]     - post_hotspot_classification.xml (FILE)
2025-09-14 20:23:01 - [INFO] -   [DEBUG BSI]     - post_hotspot_otsu_colored.png (FILE)
2025-09-14 20:23:01 - [INFO] -   [DEBUG BSI]     - post_hotspot_otsu_colored_blend.png (FILE)
2025-09-14 20:23:01 - [INFO] -   [DEBUG BSI]     - post_hotspot_otsu_grayscale.png (FILE)
2025-09-14 20:23:01 - [INFO] -   [DEBUG BSI]     - post_hotspot_yolo.xml (FILE)
2025-09-14 20:23:01 - [INFO] -   [DEBUG BSI]     - post_mask.png (FILE)
2025-09-14 20:23:01 - [INFO] -   [DEBUG BSI]     - post_original.png (FILE)
2025-09-14 20:23:01 - [INFO] -   [DEBUG BSI]     - post_segm.png (FILE)
2025-09-14 20:23:01 - [INFO] -   [DEBUG BSI]     - 5001_4.dcm (FILE)
2025-09-14 20:23:01 - [INFO] -   [DEBUG BSI]     - ant_hotspot_classification.json (FILE)
2025-09-14 20:23:01 - [INFO] -   [DEBUG BSI]     - ant_hotspot_classification.png (FILE)
2025-09-14 20:23:01 - [INFO] -   [DEBUG BSI]     - ant_hotspot_classification.xml (FILE)
2025-09-14 20:23:01 - [INFO] -   [DEBUG BSI]     - ant_hotspot_otsu_colored.png (FILE)
2025-09-14 20:23:01 - [INFO] -   [DEBUG BSI]     - ant_hotspot_otsu_colored_blend.png (FILE)
2025-09-14 20:23:01 - [INFO] -   [DEBUG BSI]     - ant_hotspot_otsu_grayscale.png (FILE)
2025-09-14 20:23:01 - [INFO] -   [DEBUG BSI]     - ant_hotspot_yolo.xml (FILE)
2025-09-14 20:23:01 - [INFO] -   [DEBUG BSI]     - ant_mask.png (FILE)
2025-09-14 20:23:01 - [INFO] -   [DEBUG BSI]     - ant_original.png (FILE)
2025-09-14 20:23:01 - [INFO] -   [DEBUG BSI]     - ant_segm.png (FILE)
2025-09-14 20:23:01 - [INFO] -   [DEBUG BSI]     - bsi_quantification_ant.json (FILE)
2025-09-14 20:23:01 - [INFO] -   [DEBUG BSI]     - bsi_quantification_post.json (FILE)
2025-09-14 20:23:01 - [INFO] -   [DEBUG BSI]     - post_hotspot_classification.json (FILE)
2025-09-14 20:23:01 - [INFO] -   [DEBUG BSI]     - post_hotspot_classification.png (FILE)
2025-09-14 20:23:01 - [INFO] -   [DEBUG BSI]     - post_hotspot_classification.xml (FILE)
2025-09-14 20:23:01 - [INFO] -   [DEBUG BSI]     - post_hotspot_otsu_colored.png (FILE)
2025-09-14 20:23:01 - [INFO] -   [DEBUG BSI]     - post_hotspot_otsu_colored_blend.png (FILE)
2025-09-14 20:23:01 - [INFO] -   [DEBUG BSI]     - post_hotspot_otsu_grayscale.png (FILE)
2025-09-14 20:23:01 - [INFO] -   [DEBUG BSI]     - post_hotspot_yolo.xml (FILE)
2025-09-14 20:23:01 - [INFO] -   [DEBUG BSI]     - post_mask.png (FILE)
2025-09-14 20:23:01 - [INFO] -   [DEBUG BSI]     - post_original.png (FILE)
2025-09-14 20:23:01 - [INFO] -   [DEBUG BSI]     - post_segm.png (FILE)
2025-09-14 20:23:01 - [INFO] -   [DEBUG BSI]     - 5001_5.dcm (FILE)
2025-09-14 20:23:01 - [INFO] -   [DEBUG BSI]     - ant_hotspot_classification.json (FILE)
2025-09-14 20:23:01 - [INFO] -   [DEBUG BSI]     - ant_hotspot_classification.png (FILE)
2025-09-14 20:23:01 - [INFO] -   [DEBUG BSI]     - ant_hotspot_classification.xml (FILE)
2025-09-14 20:23:01 - [INFO] -   [DEBUG BSI]     - ant_hotspot_otsu_colored.png (FILE)
2025-09-14 20:23:01 - [INFO] -   [DEBUG BSI]     - ant_hotspot_otsu_colored_blend.png (FILE)
2025-09-14 20:23:01 - [INFO] -   [DEBUG BSI]     - ant_hotspot_otsu_grayscale.png (FILE)
2025-09-14 20:23:01 - [INFO] -   [DEBUG BSI]     - ant_hotspot_yolo.xml (FILE)
2025-09-14 20:23:01 - [INFO] -   [DEBUG BSI]     - ant_mask.png (FILE)
2025-09-14 20:23:01 - [INFO] -   [DEBUG BSI]     - ant_original.png (FILE)
2025-09-14 20:23:01 - [INFO] -   [DEBUG BSI]     - ant_segm.png (FILE)
2025-09-14 20:23:01 - [INFO] -   [DEBUG BSI]     - bsi_quantification_ant.json (FILE)
2025-09-14 20:23:01 - [INFO] -   [DEBUG BSI]     - bsi_quantification_post.json (FILE)
2025-09-14 20:23:01 - [INFO] -   [DEBUG BSI]     - post_hotspot_classification.json (FILE)
2025-09-14 20:23:01 - [INFO] -   [DEBUG BSI]     - post_hotspot_classification.png (FILE)
2025-09-14 20:23:01 - [INFO] -   [DEBUG BSI]     - post_hotspot_classification.xml (FILE)
2025-09-14 20:23:01 - [INFO] -   [DEBUG BSI]     - post_hotspot_otsu_colored.png (FILE)
2025-09-14 20:23:01 - [INFO] -   [DEBUG BSI]     - post_hotspot_otsu_colored_blend.png (FILE)
2025-09-14 20:23:01 - [INFO] -   [DEBUG BSI]     - post_hotspot_otsu_grayscale.png (FILE)
2025-09-14 20:23:01 - [INFO] -   [DEBUG BSI]     - post_hotspot_yolo.xml (FILE)
2025-09-14 20:23:01 - [INFO] -   [DEBUG BSI]     - post_mask.png (FILE)
2025-09-14 20:23:01 - [INFO] -   [DEBUG BSI]     - post_original.png (FILE)
2025-09-14 20:23:01 - [INFO] -   [DEBUG BSI]     - post_segm.png (FILE)
2025-09-14 20:23:01 - [INFO] -   [DEBUG BSI]     - 20250115 (DIR)
2025-09-14 20:23:01 - [INFO] -   [DEBUG BSI]     - 20250214 (DIR)
2025-09-14 20:23:01 - [INFO] -   [DEBUG BSI]     - 20250316 (DIR)
2025-09-14 20:23:01 - [INFO] -   [DEBUG BSI]     - 20250415 (DIR)
2025-09-14 20:23:01 - [INFO] -   [DEBUG BSI]     - 20250515 (DIR)
2025-09-14 20:23:01 - [INFO] - [BSI META INTEGRATION] Found BSI data: {'study_date': '20250214', 'anterior_bsi': 1.051394673420531, 'posterior_bsi': 1.0889740386026672, 'combined_bsi': 1.0701843560115991, 'bsi_score': 1.0701843560115991, 'file_source': 'bsi_quantification_ant.json + bsi_quantification_post.json', 'processing_mode': 'dual_view', 'is_v2': True, 'source_location': 'Study date folder'}
2025-09-14 20:23:01 - [INFO] - [BSI META INTEGRATION]   Updated meta with BSI data:
2025-09-14 20:23:01 - [INFO] - [BSI META INTEGRATION]   Anterior BSI: 1.051394673420531
2025-09-14 20:23:01 - [INFO] - [BSI META INTEGRATION]   Posterior BSI: 1.0889740386026672
2025-09-14 20:23:01 - [INFO] - [BSI META INTEGRATION]   Processing mode: dual_view
2025-09-14 20:23:01 - [INFO] - [BSI META INTEGRATION] Updating scan meta with BSI data
2025-09-14 20:23:01 - [INFO] - [BSI META INTEGRATION] Session code: ATL
2025-09-14 20:23:01 - [INFO] - [BSI META INTEGRATION] Scan path: C:\hotspot\hotspot-analyzer\data\PLANAR\ATL\5001\20250316\5001_3.dcm
2025-09-14 20:23:01 - [INFO] - [BSI EXTRACT INFO] Extracting from path: C:\hotspot\hotspot-analyzer\data\PLANAR\ATL\5001\20250316\5001_3.dcm
2025-09-14 20:23:01 - [INFO] - [BSI EXTRACT INFO] Extracted study_date from DICOM: 20250316
2025-09-14 20:23:01 - [INFO] - [BSI EXTRACT INFO] Extracted patient_id from study_date structure: 5001
2025-09-14 20:23:01 - [INFO] - [BSI EXTRACT INFO] Final result - Patient: 5001, Study: 20250316
2025-09-14 20:23:01 - [INFO] - [BSI META INTEGRATION] Extracted - Patient: 5001, Study: 20250316
2025-09-14 20:23:01 - [INFO] -   [DEBUG QUANT FILES] Getting quantification files for: C:\hotspot\hotspot-analyzer\data\PLANAR\ATL\5001\20250316
2025-09-14 20:23:01 - [INFO] -   [DEBUG QUANT FILES] Detected study_date folder: C:\hotspot\hotspot-analyzer\data\PLANAR\ATL\5001\20250316
2025-09-14 20:23:01 - [INFO] -   [DEBUG QUANT FILES] Generated paths:
2025-09-14 20:23:01 - [INFO] -   [DEBUG QUANT FILES]   bsi_json_ant: C:\hotspot\hotspot-analyzer\data\PLANAR\ATL\5001\20250316\bsi_quantification_ant.json (exists: True)
2025-09-14 20:23:01 - [INFO] -   [DEBUG QUANT FILES]   bsi_json_post: C:\hotspot\hotspot-analyzer\data\PLANAR\ATL\5001\20250316\bsi_quantification_post.json (exists: True)
2025-09-14 20:23:01 - [INFO] - [BSI META INTEGRATION] Found BSI files in study_date folder: C:\hotspot\hotspot-analyzer\data\PLANAR\ATL\5001\20250316
2025-09-14 20:23:01 - [INFO] - [BSI META INTEGRATION] Using patient folder: C:\hotspot\hotspot-analyzer\data\PLANAR\ATL\5001\20250316
2025-09-14 20:23:01 - [INFO] -   [DEBUG BSI] Detected study_date folder, using parent: C:\hotspot\hotspot-analyzer\data\PLANAR\ATL\5001
2025-09-14 20:23:01 - [INFO] -   [DEBUG BSI] Found study_date folder: 20250115
2025-09-14 20:23:01 - [INFO] -   [DEBUG BSI] Found study_date folder: 20250214
2025-09-14 20:23:01 - [INFO] -   [DEBUG BSI] Found study_date folder: 20250316
2025-09-14 20:23:01 - [INFO] -   [DEBUG BSI] Found study_date folder: 20250415
2025-09-14 20:23:01 - [INFO] -   [DEBUG BSI] Found study_date folder: 20250515
2025-09-14 20:23:01 - [INFO] -   [DEBUG BSI]     - 20250115 (DIR)
2025-09-14 20:23:01 - [INFO] -   [DEBUG BSI]     - 20250214 (DIR)
2025-09-14 20:23:01 - [INFO] -   [DEBUG BSI]     - 20250316 (DIR)
2025-09-14 20:23:01 - [INFO] -   [DEBUG BSI]     - 20250415 (DIR)
2025-09-14 20:23:01 - [INFO] -   [DEBUG BSI]     - 20250515 (DIR)
2025-09-14 20:23:01 - [INFO] -   [DEBUG BSI]     - 20250822 (DIR)
2025-09-14 20:23:01 - [INFO] -   [DEBUG BSI]     - 5001_1.dcm (FILE)
2025-09-14 20:23:01 - [INFO] -   [DEBUG BSI]     - ant_hotspot_classification.json (FILE)
2025-09-14 20:23:01 - [INFO] -   [DEBUG BSI]     - ant_hotspot_classification.png (FILE)
2025-09-14 20:23:01 - [INFO] -   [DEBUG BSI]     - ant_hotspot_classification.xml (FILE)
2025-09-14 20:23:01 - [INFO] -   [DEBUG BSI]     - ant_hotspot_otsu_colored.png (FILE)
2025-09-14 20:23:01 - [INFO] -   [DEBUG BSI]     - ant_hotspot_otsu_colored_blend.png (FILE)
2025-09-14 20:23:01 - [INFO] -   [DEBUG BSI]     - ant_hotspot_otsu_grayscale.png (FILE)
2025-09-14 20:23:01 - [INFO] -   [DEBUG BSI]     - ant_hotspot_yolo.xml (FILE)
2025-09-14 20:23:01 - [INFO] -   [DEBUG BSI]     - ant_mask.png (FILE)
2025-09-14 20:23:01 - [INFO] -   [DEBUG BSI]     - ant_original.png (FILE)
2025-09-14 20:23:01 - [INFO] -   [DEBUG BSI]     - ant_segm.png (FILE)
2025-09-14 20:23:01 - [INFO] -   [DEBUG BSI]     - bsi_quantification_ant.json (FILE)
2025-09-14 20:23:01 - [INFO] -   [DEBUG BSI]     - bsi_quantification_post.json (FILE)
2025-09-14 20:23:01 - [INFO] -   [DEBUG BSI]     - post_hotspot_classification.json (FILE)
2025-09-14 20:23:01 - [INFO] -   [DEBUG BSI]     - post_hotspot_classification.png (FILE)
2025-09-14 20:23:01 - [INFO] -   [DEBUG BSI]     - post_hotspot_classification.xml (FILE)
2025-09-14 20:23:01 - [INFO] -   [DEBUG BSI]     - post_hotspot_otsu_colored.png (FILE)
2025-09-14 20:23:01 - [INFO] -   [DEBUG BSI]     - post_hotspot_otsu_colored_blend.png (FILE)
2025-09-14 20:23:01 - [INFO] -   [DEBUG BSI]     - post_hotspot_otsu_grayscale.png (FILE)
2025-09-14 20:23:01 - [INFO] -   [DEBUG BSI]     - post_hotspot_yolo.xml (FILE)
2025-09-14 20:23:01 - [INFO] -   [DEBUG BSI]     - post_mask.png (FILE)
2025-09-14 20:23:01 - [INFO] -   [DEBUG BSI]     - post_original.png (FILE)
2025-09-14 20:23:01 - [INFO] -   [DEBUG BSI]     - post_segm.png (FILE)
2025-09-14 20:23:01 - [INFO] -   [DEBUG BSI]     - 5001_2.dcm (FILE)
2025-09-14 20:23:01 - [INFO] -   [DEBUG BSI]     - ant_hotspot_classification.json (FILE)
2025-09-14 20:23:01 - [INFO] -   [DEBUG BSI]     - ant_hotspot_classification.png (FILE)
2025-09-14 20:23:01 - [INFO] -   [DEBUG BSI]     - ant_hotspot_classification.xml (FILE)
2025-09-14 20:23:01 - [INFO] -   [DEBUG BSI]     - ant_hotspot_otsu_colored.png (FILE)
2025-09-14 20:23:01 - [INFO] -   [DEBUG BSI]     - ant_hotspot_otsu_colored_blend.png (FILE)
2025-09-14 20:23:01 - [INFO] -   [DEBUG BSI]     - ant_hotspot_otsu_grayscale.png (FILE)
2025-09-14 20:23:01 - [INFO] -   [DEBUG BSI]     - ant_hotspot_yolo.xml (FILE)
2025-09-14 20:23:01 - [INFO] -   [DEBUG BSI]     - ant_mask.png (FILE)
2025-09-14 20:23:01 - [INFO] -   [DEBUG BSI]     - ant_original.png (FILE)
2025-09-14 20:23:01 - [INFO] -   [DEBUG BSI]     - ant_segm.png (FILE)
2025-09-14 20:23:01 - [INFO] -   [DEBUG BSI]     - bsi_quantification_ant.json (FILE)
2025-09-14 20:23:01 - [INFO] -   [DEBUG BSI]     - bsi_quantification_post.json (FILE)
2025-09-14 20:23:01 - [INFO] -   [DEBUG BSI]     - post_hotspot_classification.json (FILE)
2025-09-14 20:23:01 - [INFO] -   [DEBUG BSI]     - post_hotspot_classification.png (FILE)
2025-09-14 20:23:01 - [INFO] -   [DEBUG BSI]     - post_hotspot_classification.xml (FILE)
2025-09-14 20:23:01 - [INFO] -   [DEBUG BSI]     - post_hotspot_otsu_colored.png (FILE)
2025-09-14 20:23:01 - [INFO] -   [DEBUG BSI]     - post_hotspot_otsu_colored_blend.png (FILE)
2025-09-14 20:23:01 - [INFO] -   [DEBUG BSI]     - post_hotspot_otsu_grayscale.png (FILE)
2025-09-14 20:23:01 - [INFO] -   [DEBUG BSI]     - post_hotspot_yolo.xml (FILE)
2025-09-14 20:23:01 - [INFO] -   [DEBUG BSI]     - post_mask.png (FILE)
2025-09-14 20:23:01 - [INFO] -   [DEBUG BSI]     - post_original.png (FILE)
2025-09-14 20:23:01 - [INFO] -   [DEBUG BSI]     - post_segm.png (FILE)
2025-09-14 20:23:01 - [INFO] -   [DEBUG BSI]     - 5001_3.dcm (FILE)
2025-09-14 20:23:01 - [INFO] -   [DEBUG BSI]     - ant_hotspot_classification.json (FILE)
2025-09-14 20:23:01 - [INFO] -   [DEBUG BSI]     - ant_hotspot_classification.png (FILE)
2025-09-14 20:23:01 - [INFO] -   [DEBUG BSI]     - ant_hotspot_classification.xml (FILE)
2025-09-14 20:23:01 - [INFO] -   [DEBUG BSI]     - ant_hotspot_otsu_colored.png (FILE)
2025-09-14 20:23:01 - [INFO] -   [DEBUG BSI]     - ant_hotspot_otsu_colored_blend.png (FILE)
2025-09-14 20:23:01 - [INFO] -   [DEBUG BSI]     - ant_hotspot_otsu_grayscale.png (FILE)
2025-09-14 20:23:01 - [INFO] -   [DEBUG BSI]     - ant_hotspot_yolo.xml (FILE)
2025-09-14 20:23:01 - [INFO] -   [DEBUG BSI]     - ant_mask.png (FILE)
2025-09-14 20:23:01 - [INFO] -   [DEBUG BSI]     - ant_original.png (FILE)
2025-09-14 20:23:01 - [INFO] -   [DEBUG BSI]     - ant_segm.png (FILE)
2025-09-14 20:23:01 - [INFO] -   [DEBUG BSI]     - bsi_quantification_ant.json (FILE)
2025-09-14 20:23:01 - [INFO] -   [DEBUG BSI]     - bsi_quantification_post.json (FILE)
2025-09-14 20:23:01 - [INFO] -   [DEBUG BSI]     - post_hotspot_classification.json (FILE)
2025-09-14 20:23:01 - [INFO] -   [DEBUG BSI]     - post_hotspot_classification.png (FILE)
2025-09-14 20:23:01 - [INFO] -   [DEBUG BSI]     - post_hotspot_classification.xml (FILE)
2025-09-14 20:23:01 - [INFO] -   [DEBUG BSI]     - post_hotspot_otsu_colored.png (FILE)
2025-09-14 20:23:01 - [INFO] -   [DEBUG BSI]     - post_hotspot_otsu_colored_blend.png (FILE)
2025-09-14 20:23:01 - [INFO] -   [DEBUG BSI]     - post_hotspot_otsu_grayscale.png (FILE)
2025-09-14 20:23:01 - [INFO] -   [DEBUG BSI]     - post_hotspot_yolo.xml (FILE)
2025-09-14 20:23:01 - [INFO] -   [DEBUG BSI]     - post_mask.png (FILE)
2025-09-14 20:23:01 - [INFO] -   [DEBUG BSI]     - post_original.png (FILE)
2025-09-14 20:23:01 - [INFO] -   [DEBUG BSI]     - post_segm.png (FILE)
2025-09-14 20:23:01 - [INFO] -   [DEBUG BSI]     - 5001_4.dcm (FILE)
2025-09-14 20:23:01 - [INFO] -   [DEBUG BSI]     - ant_hotspot_classification.json (FILE)
2025-09-14 20:23:01 - [INFO] -   [DEBUG BSI]     - ant_hotspot_classification.png (FILE)
2025-09-14 20:23:01 - [INFO] -   [DEBUG BSI]     - ant_hotspot_classification.xml (FILE)
2025-09-14 20:23:01 - [INFO] -   [DEBUG BSI]     - ant_hotspot_otsu_colored.png (FILE)
2025-09-14 20:23:01 - [INFO] -   [DEBUG BSI]     - ant_hotspot_otsu_colored_blend.png (FILE)
2025-09-14 20:23:01 - [INFO] -   [DEBUG BSI]     - ant_hotspot_otsu_grayscale.png (FILE)
2025-09-14 20:23:01 - [INFO] -   [DEBUG BSI]     - ant_hotspot_yolo.xml (FILE)
2025-09-14 20:23:01 - [INFO] -   [DEBUG BSI]     - ant_mask.png (FILE)
2025-09-14 20:23:01 - [INFO] -   [DEBUG BSI]     - ant_original.png (FILE)
2025-09-14 20:23:01 - [INFO] -   [DEBUG BSI]     - ant_segm.png (FILE)
2025-09-14 20:23:01 - [INFO] -   [DEBUG BSI]     - bsi_quantification_ant.json (FILE)
2025-09-14 20:23:01 - [INFO] -   [DEBUG BSI]     - bsi_quantification_post.json (FILE)
2025-09-14 20:23:01 - [INFO] -   [DEBUG BSI]     - post_hotspot_classification.json (FILE)
2025-09-14 20:23:01 - [INFO] -   [DEBUG BSI]     - post_hotspot_classification.png (FILE)
2025-09-14 20:23:01 - [INFO] -   [DEBUG BSI]     - post_hotspot_classification.xml (FILE)
2025-09-14 20:23:01 - [INFO] -   [DEBUG BSI]     - post_hotspot_otsu_colored.png (FILE)
2025-09-14 20:23:01 - [INFO] -   [DEBUG BSI]     - post_hotspot_otsu_colored_blend.png (FILE)
2025-09-14 20:23:01 - [INFO] -   [DEBUG BSI]     - post_hotspot_otsu_grayscale.png (FILE)
2025-09-14 20:23:01 - [INFO] -   [DEBUG BSI]     - post_hotspot_yolo.xml (FILE)
2025-09-14 20:23:01 - [INFO] -   [DEBUG BSI]     - post_mask.png (FILE)
2025-09-14 20:23:01 - [INFO] -   [DEBUG BSI]     - post_original.png (FILE)
2025-09-14 20:23:01 - [INFO] -   [DEBUG BSI]     - post_segm.png (FILE)
2025-09-14 20:23:01 - [INFO] -   [DEBUG BSI]     - 5001_5.dcm (FILE)
2025-09-14 20:23:01 - [INFO] -   [DEBUG BSI]     - ant_hotspot_classification.json (FILE)
2025-09-14 20:23:01 - [INFO] -   [DEBUG BSI]     - ant_hotspot_classification.png (FILE)
2025-09-14 20:23:01 - [INFO] -   [DEBUG BSI]     - ant_hotspot_classification.xml (FILE)
2025-09-14 20:23:01 - [INFO] -   [DEBUG BSI]     - ant_hotspot_otsu_colored.png (FILE)
2025-09-14 20:23:01 - [INFO] -   [DEBUG BSI]     - ant_hotspot_otsu_colored_blend.png (FILE)
2025-09-14 20:23:01 - [INFO] -   [DEBUG BSI]     - ant_hotspot_otsu_grayscale.png (FILE)
2025-09-14 20:23:01 - [INFO] -   [DEBUG BSI]     - ant_hotspot_yolo.xml (FILE)
2025-09-14 20:23:01 - [INFO] -   [DEBUG BSI]     - ant_mask.png (FILE)
2025-09-14 20:23:01 - [INFO] -   [DEBUG BSI]     - ant_original.png (FILE)
2025-09-14 20:23:01 - [INFO] -   [DEBUG BSI]     - ant_segm.png (FILE)
2025-09-14 20:23:01 - [INFO] -   [DEBUG BSI]     - bsi_quantification_ant.json (FILE)
2025-09-14 20:23:01 - [INFO] -   [DEBUG BSI]     - bsi_quantification_post.json (FILE)
2025-09-14 20:23:01 - [INFO] -   [DEBUG BSI]     - post_hotspot_classification.json (FILE)
2025-09-14 20:23:01 - [INFO] -   [DEBUG BSI]     - post_hotspot_classification.png (FILE)
2025-09-14 20:23:01 - [INFO] -   [DEBUG BSI]     - post_hotspot_classification.xml (FILE)
2025-09-14 20:23:01 - [INFO] -   [DEBUG BSI]     - post_hotspot_otsu_colored.png (FILE)
2025-09-14 20:23:01 - [INFO] -   [DEBUG BSI]     - post_hotspot_otsu_colored_blend.png (FILE)
2025-09-14 20:23:01 - [INFO] -   [DEBUG BSI]     - post_hotspot_otsu_grayscale.png (FILE)
2025-09-14 20:23:01 - [INFO] -   [DEBUG BSI]     - post_hotspot_yolo.xml (FILE)
2025-09-14 20:23:01 - [INFO] -   [DEBUG BSI]     - post_mask.png (FILE)
2025-09-14 20:23:01 - [INFO] -   [DEBUG BSI]     - post_original.png (FILE)
2025-09-14 20:23:01 - [INFO] -   [DEBUG BSI]     - post_segm.png (FILE)
2025-09-14 20:23:01 - [INFO] -   [DEBUG BSI]     - 20250115 (DIR)
2025-09-14 20:23:01 - [INFO] -   [DEBUG BSI]     - 20250214 (DIR)
2025-09-14 20:23:01 - [INFO] -   [DEBUG BSI]     - 20250316 (DIR)
2025-09-14 20:23:01 - [INFO] -   [DEBUG BSI]     - 20250415 (DIR)
2025-09-14 20:23:01 - [INFO] -   [DEBUG BSI]     - 20250515 (DIR)
2025-09-14 20:23:01 - [INFO] - [BSI META INTEGRATION] Found BSI data: {'study_date': '20250316', 'anterior_bsi': 1.5613486797522866, 'posterior_bsi': 2.2665429527557532, 'combined_bsi': 1.91394581625402, 'bsi_score': 1.91394581625402, 'file_source': 'bsi_quantification_ant.json + bsi_quantification_post.json', 'processing_mode': 'dual_view', 'is_v2': True, 'source_location': 'Study date folder'}
2025-09-14 20:23:01 - [INFO] - [BSI META INTEGRATION]   Updated meta with BSI data:
2025-09-14 20:23:01 - [INFO] - [BSI META INTEGRATION]   Anterior BSI: 1.5613486797522866
2025-09-14 20:23:01 - [INFO] - [BSI META INTEGRATION]   Posterior BSI: 2.2665429527557532
2025-09-14 20:23:01 - [INFO] - [BSI META INTEGRATION]   Processing mode: dual_view
2025-09-14 20:23:01 - [INFO] - [BSI META INTEGRATION] Updating scan meta with BSI data
2025-09-14 20:23:01 - [INFO] - [BSI META INTEGRATION] Session code: ATL
2025-09-14 20:23:01 - [INFO] - [BSI META INTEGRATION] Scan path: C:\hotspot\hotspot-analyzer\data\PLANAR\ATL\5001\20250415\5001_4.dcm
2025-09-14 20:23:01 - [INFO] - [BSI EXTRACT INFO] Extracting from path: C:\hotspot\hotspot-analyzer\data\PLANAR\ATL\5001\20250415\5001_4.dcm
2025-09-14 20:23:01 - [INFO] - [BSI EXTRACT INFO] Extracted study_date from DICOM: 20250415
2025-09-14 20:23:01 - [INFO] - [BSI EXTRACT INFO] Extracted patient_id from study_date structure: 5001
2025-09-14 20:23:01 - [INFO] - [BSI EXTRACT INFO] Final result - Patient: 5001, Study: 20250415
2025-09-14 20:23:01 - [INFO] - [BSI META INTEGRATION] Extracted - Patient: 5001, Study: 20250415
2025-09-14 20:23:01 - [INFO] -   [DEBUG QUANT FILES] Getting quantification files for: C:\hotspot\hotspot-analyzer\data\PLANAR\ATL\5001\20250415
2025-09-14 20:23:01 - [INFO] -   [DEBUG QUANT FILES] Detected study_date folder: C:\hotspot\hotspot-analyzer\data\PLANAR\ATL\5001\20250415
2025-09-14 20:23:01 - [INFO] -   [DEBUG QUANT FILES] Generated paths:
2025-09-14 20:23:01 - [INFO] -   [DEBUG QUANT FILES]   bsi_json_ant: C:\hotspot\hotspot-analyzer\data\PLANAR\ATL\5001\20250415\bsi_quantification_ant.json (exists: True)
2025-09-14 20:23:01 - [INFO] -   [DEBUG QUANT FILES]   bsi_json_post: C:\hotspot\hotspot-analyzer\data\PLANAR\ATL\5001\20250415\bsi_quantification_post.json (exists: True)
2025-09-14 20:23:01 - [INFO] - [BSI META INTEGRATION] Found BSI files in study_date folder: C:\hotspot\hotspot-analyzer\data\PLANAR\ATL\5001\20250415
2025-09-14 20:23:01 - [INFO] - [BSI META INTEGRATION] Using patient folder: C:\hotspot\hotspot-analyzer\data\PLANAR\ATL\5001\20250415
2025-09-14 20:23:01 - [INFO] -   [DEBUG BSI] Detected study_date folder, using parent: C:\hotspot\hotspot-analyzer\data\PLANAR\ATL\5001
2025-09-14 20:23:01 - [INFO] -   [DEBUG BSI] Found study_date folder: 20250115
2025-09-14 20:23:01 - [INFO] -   [DEBUG BSI] Found study_date folder: 20250214
2025-09-14 20:23:01 - [INFO] -   [DEBUG BSI] Found study_date folder: 20250316
2025-09-14 20:23:01 - [INFO] -   [DEBUG BSI] Found study_date folder: 20250415
2025-09-14 20:23:01 - [INFO] -   [DEBUG BSI] Found study_date folder: 20250515
2025-09-14 20:23:01 - [INFO] -   [DEBUG BSI]     - 20250115 (DIR)
2025-09-14 20:23:01 - [INFO] -   [DEBUG BSI]     - 20250214 (DIR)
2025-09-14 20:23:01 - [INFO] -   [DEBUG BSI]     - 20250316 (DIR)
2025-09-14 20:23:01 - [INFO] -   [DEBUG BSI]     - 20250415 (DIR)
2025-09-14 20:23:01 - [INFO] -   [DEBUG BSI]     - 20250515 (DIR)
2025-09-14 20:23:01 - [INFO] -   [DEBUG BSI]     - 20250822 (DIR)
2025-09-14 20:23:01 - [INFO] -   [DEBUG BSI]     - 5001_1.dcm (FILE)
2025-09-14 20:23:01 - [INFO] -   [DEBUG BSI]     - ant_hotspot_classification.json (FILE)
2025-09-14 20:23:01 - [INFO] -   [DEBUG BSI]     - ant_hotspot_classification.png (FILE)
2025-09-14 20:23:01 - [INFO] -   [DEBUG BSI]     - ant_hotspot_classification.xml (FILE)
2025-09-14 20:23:01 - [INFO] -   [DEBUG BSI]     - ant_hotspot_otsu_colored.png (FILE)
2025-09-14 20:23:01 - [INFO] -   [DEBUG BSI]     - ant_hotspot_otsu_colored_blend.png (FILE)
2025-09-14 20:23:01 - [INFO] -   [DEBUG BSI]     - ant_hotspot_otsu_grayscale.png (FILE)
2025-09-14 20:23:01 - [INFO] -   [DEBUG BSI]     - ant_hotspot_yolo.xml (FILE)
2025-09-14 20:23:01 - [INFO] -   [DEBUG BSI]     - ant_mask.png (FILE)
2025-09-14 20:23:01 - [INFO] -   [DEBUG BSI]     - ant_original.png (FILE)
2025-09-14 20:23:01 - [INFO] -   [DEBUG BSI]     - ant_segm.png (FILE)
2025-09-14 20:23:01 - [INFO] -   [DEBUG BSI]     - bsi_quantification_ant.json (FILE)
2025-09-14 20:23:01 - [INFO] -   [DEBUG BSI]     - bsi_quantification_post.json (FILE)
2025-09-14 20:23:01 - [INFO] -   [DEBUG BSI]     - post_hotspot_classification.json (FILE)
2025-09-14 20:23:01 - [INFO] -   [DEBUG BSI]     - post_hotspot_classification.png (FILE)
2025-09-14 20:23:01 - [INFO] -   [DEBUG BSI]     - post_hotspot_classification.xml (FILE)
2025-09-14 20:23:01 - [INFO] -   [DEBUG BSI]     - post_hotspot_otsu_colored.png (FILE)
2025-09-14 20:23:01 - [INFO] -   [DEBUG BSI]     - post_hotspot_otsu_colored_blend.png (FILE)
2025-09-14 20:23:01 - [INFO] -   [DEBUG BSI]     - post_hotspot_otsu_grayscale.png (FILE)
2025-09-14 20:23:01 - [INFO] -   [DEBUG BSI]     - post_hotspot_yolo.xml (FILE)
2025-09-14 20:23:01 - [INFO] -   [DEBUG BSI]     - post_mask.png (FILE)
2025-09-14 20:23:01 - [INFO] -   [DEBUG BSI]     - post_original.png (FILE)
2025-09-14 20:23:01 - [INFO] -   [DEBUG BSI]     - post_segm.png (FILE)
2025-09-14 20:23:01 - [INFO] -   [DEBUG BSI]     - 5001_2.dcm (FILE)
2025-09-14 20:23:01 - [INFO] -   [DEBUG BSI]     - ant_hotspot_classification.json (FILE)
2025-09-14 20:23:01 - [INFO] -   [DEBUG BSI]     - ant_hotspot_classification.png (FILE)
2025-09-14 20:23:01 - [INFO] -   [DEBUG BSI]     - ant_hotspot_classification.xml (FILE)
2025-09-14 20:23:01 - [INFO] -   [DEBUG BSI]     - ant_hotspot_otsu_colored.png (FILE)
2025-09-14 20:23:01 - [INFO] -   [DEBUG BSI]     - ant_hotspot_otsu_colored_blend.png (FILE)
2025-09-14 20:23:01 - [INFO] -   [DEBUG BSI]     - ant_hotspot_otsu_grayscale.png (FILE)
2025-09-14 20:23:01 - [INFO] -   [DEBUG BSI]     - ant_hotspot_yolo.xml (FILE)
2025-09-14 20:23:01 - [INFO] -   [DEBUG BSI]     - ant_mask.png (FILE)
2025-09-14 20:23:01 - [INFO] -   [DEBUG BSI]     - ant_original.png (FILE)
2025-09-14 20:23:01 - [INFO] -   [DEBUG BSI]     - ant_segm.png (FILE)
2025-09-14 20:23:01 - [INFO] -   [DEBUG BSI]     - bsi_quantification_ant.json (FILE)
2025-09-14 20:23:01 - [INFO] -   [DEBUG BSI]     - bsi_quantification_post.json (FILE)
2025-09-14 20:23:01 - [INFO] -   [DEBUG BSI]     - post_hotspot_classification.json (FILE)
2025-09-14 20:23:01 - [INFO] -   [DEBUG BSI]     - post_hotspot_classification.png (FILE)
2025-09-14 20:23:01 - [INFO] -   [DEBUG BSI]     - post_hotspot_classification.xml (FILE)
2025-09-14 20:23:01 - [INFO] -   [DEBUG BSI]     - post_hotspot_otsu_colored.png (FILE)
2025-09-14 20:23:01 - [INFO] -   [DEBUG BSI]     - post_hotspot_otsu_colored_blend.png (FILE)
2025-09-14 20:23:01 - [INFO] -   [DEBUG BSI]     - post_hotspot_otsu_grayscale.png (FILE)
2025-09-14 20:23:01 - [INFO] -   [DEBUG BSI]     - post_hotspot_yolo.xml (FILE)
2025-09-14 20:23:01 - [INFO] -   [DEBUG BSI]     - post_mask.png (FILE)
2025-09-14 20:23:01 - [INFO] -   [DEBUG BSI]     - post_original.png (FILE)
2025-09-14 20:23:01 - [INFO] -   [DEBUG BSI]     - post_segm.png (FILE)
2025-09-14 20:23:01 - [INFO] -   [DEBUG BSI]     - 5001_3.dcm (FILE)
2025-09-14 20:23:01 - [INFO] -   [DEBUG BSI]     - ant_hotspot_classification.json (FILE)
2025-09-14 20:23:01 - [INFO] -   [DEBUG BSI]     - ant_hotspot_classification.png (FILE)
2025-09-14 20:23:01 - [INFO] -   [DEBUG BSI]     - ant_hotspot_classification.xml (FILE)
2025-09-14 20:23:01 - [INFO] -   [DEBUG BSI]     - ant_hotspot_otsu_colored.png (FILE)
2025-09-14 20:23:01 - [INFO] -   [DEBUG BSI]     - ant_hotspot_otsu_colored_blend.png (FILE)
2025-09-14 20:23:01 - [INFO] -   [DEBUG BSI]     - ant_hotspot_otsu_grayscale.png (FILE)
2025-09-14 20:23:01 - [INFO] -   [DEBUG BSI]     - ant_hotspot_yolo.xml (FILE)
2025-09-14 20:23:01 - [INFO] -   [DEBUG BSI]     - ant_mask.png (FILE)
2025-09-14 20:23:01 - [INFO] -   [DEBUG BSI]     - ant_original.png (FILE)
2025-09-14 20:23:01 - [INFO] -   [DEBUG BSI]     - ant_segm.png (FILE)
2025-09-14 20:23:01 - [INFO] -   [DEBUG BSI]     - bsi_quantification_ant.json (FILE)
2025-09-14 20:23:01 - [INFO] -   [DEBUG BSI]     - bsi_quantification_post.json (FILE)
2025-09-14 20:23:01 - [INFO] -   [DEBUG BSI]     - post_hotspot_classification.json (FILE)
2025-09-14 20:23:01 - [INFO] -   [DEBUG BSI]     - post_hotspot_classification.png (FILE)
2025-09-14 20:23:01 - [INFO] -   [DEBUG BSI]     - post_hotspot_classification.xml (FILE)
2025-09-14 20:23:01 - [INFO] -   [DEBUG BSI]     - post_hotspot_otsu_colored.png (FILE)
2025-09-14 20:23:01 - [INFO] -   [DEBUG BSI]     - post_hotspot_otsu_colored_blend.png (FILE)
2025-09-14 20:23:01 - [INFO] -   [DEBUG BSI]     - post_hotspot_otsu_grayscale.png (FILE)
2025-09-14 20:23:01 - [INFO] -   [DEBUG BSI]     - post_hotspot_yolo.xml (FILE)
2025-09-14 20:23:01 - [INFO] -   [DEBUG BSI]     - post_mask.png (FILE)
2025-09-14 20:23:01 - [INFO] -   [DEBUG BSI]     - post_original.png (FILE)
2025-09-14 20:23:01 - [INFO] -   [DEBUG BSI]     - post_segm.png (FILE)
2025-09-14 20:23:01 - [INFO] -   [DEBUG BSI]     - 5001_4.dcm (FILE)
2025-09-14 20:23:01 - [INFO] -   [DEBUG BSI]     - ant_hotspot_classification.json (FILE)
2025-09-14 20:23:01 - [INFO] -   [DEBUG BSI]     - ant_hotspot_classification.png (FILE)
2025-09-14 20:23:01 - [INFO] -   [DEBUG BSI]     - ant_hotspot_classification.xml (FILE)
2025-09-14 20:23:01 - [INFO] -   [DEBUG BSI]     - ant_hotspot_otsu_colored.png (FILE)
2025-09-14 20:23:01 - [INFO] -   [DEBUG BSI]     - ant_hotspot_otsu_colored_blend.png (FILE)
2025-09-14 20:23:01 - [INFO] -   [DEBUG BSI]     - ant_hotspot_otsu_grayscale.png (FILE)
2025-09-14 20:23:01 - [INFO] -   [DEBUG BSI]     - ant_hotspot_yolo.xml (FILE)
2025-09-14 20:23:01 - [INFO] -   [DEBUG BSI]     - ant_mask.png (FILE)
2025-09-14 20:23:01 - [INFO] -   [DEBUG BSI]     - ant_original.png (FILE)
2025-09-14 20:23:01 - [INFO] -   [DEBUG BSI]     - ant_segm.png (FILE)
2025-09-14 20:23:01 - [INFO] -   [DEBUG BSI]     - bsi_quantification_ant.json (FILE)
2025-09-14 20:23:01 - [INFO] -   [DEBUG BSI]     - bsi_quantification_post.json (FILE)
2025-09-14 20:23:01 - [INFO] -   [DEBUG BSI]     - post_hotspot_classification.json (FILE)
2025-09-14 20:23:01 - [INFO] -   [DEBUG BSI]     - post_hotspot_classification.png (FILE)
2025-09-14 20:23:01 - [INFO] -   [DEBUG BSI]     - post_hotspot_classification.xml (FILE)
2025-09-14 20:23:01 - [INFO] -   [DEBUG BSI]     - post_hotspot_otsu_colored.png (FILE)
2025-09-14 20:23:01 - [INFO] -   [DEBUG BSI]     - post_hotspot_otsu_colored_blend.png (FILE)
2025-09-14 20:23:01 - [INFO] -   [DEBUG BSI]     - post_hotspot_otsu_grayscale.png (FILE)
2025-09-14 20:23:01 - [INFO] -   [DEBUG BSI]     - post_hotspot_yolo.xml (FILE)
2025-09-14 20:23:01 - [INFO] -   [DEBUG BSI]     - post_mask.png (FILE)
2025-09-14 20:23:01 - [INFO] -   [DEBUG BSI]     - post_original.png (FILE)
2025-09-14 20:23:01 - [INFO] -   [DEBUG BSI]     - post_segm.png (FILE)
2025-09-14 20:23:01 - [INFO] -   [DEBUG BSI]     - 5001_5.dcm (FILE)
2025-09-14 20:23:01 - [INFO] -   [DEBUG BSI]     - ant_hotspot_classification.json (FILE)
2025-09-14 20:23:01 - [INFO] -   [DEBUG BSI]     - ant_hotspot_classification.png (FILE)
2025-09-14 20:23:01 - [INFO] -   [DEBUG BSI]     - ant_hotspot_classification.xml (FILE)
2025-09-14 20:23:01 - [INFO] -   [DEBUG BSI]     - ant_hotspot_otsu_colored.png (FILE)
2025-09-14 20:23:01 - [INFO] -   [DEBUG BSI]     - ant_hotspot_otsu_colored_blend.png (FILE)
2025-09-14 20:23:01 - [INFO] -   [DEBUG BSI]     - ant_hotspot_otsu_grayscale.png (FILE)
2025-09-14 20:23:01 - [INFO] -   [DEBUG BSI]     - ant_hotspot_yolo.xml (FILE)
2025-09-14 20:23:01 - [INFO] -   [DEBUG BSI]     - ant_mask.png (FILE)
2025-09-14 20:23:01 - [INFO] -   [DEBUG BSI]     - ant_original.png (FILE)
2025-09-14 20:23:01 - [INFO] -   [DEBUG BSI]     - ant_segm.png (FILE)
2025-09-14 20:23:01 - [INFO] -   [DEBUG BSI]     - bsi_quantification_ant.json (FILE)
2025-09-14 20:23:01 - [INFO] -   [DEBUG BSI]     - bsi_quantification_post.json (FILE)
2025-09-14 20:23:01 - [INFO] -   [DEBUG BSI]     - post_hotspot_classification.json (FILE)
2025-09-14 20:23:01 - [INFO] -   [DEBUG BSI]     - post_hotspot_classification.png (FILE)
2025-09-14 20:23:01 - [INFO] -   [DEBUG BSI]     - post_hotspot_classification.xml (FILE)
2025-09-14 20:23:01 - [INFO] -   [DEBUG BSI]     - post_hotspot_otsu_colored.png (FILE)
2025-09-14 20:23:01 - [INFO] -   [DEBUG BSI]     - post_hotspot_otsu_colored_blend.png (FILE)
2025-09-14 20:23:01 - [INFO] -   [DEBUG BSI]     - post_hotspot_otsu_grayscale.png (FILE)
2025-09-14 20:23:01 - [INFO] -   [DEBUG BSI]     - post_hotspot_yolo.xml (FILE)
2025-09-14 20:23:01 - [INFO] -   [DEBUG BSI]     - post_mask.png (FILE)
2025-09-14 20:23:01 - [INFO] -   [DEBUG BSI]     - post_original.png (FILE)
2025-09-14 20:23:01 - [INFO] -   [DEBUG BSI]     - post_segm.png (FILE)
2025-09-14 20:23:01 - [INFO] -   [DEBUG BSI]     - 20250115 (DIR)
2025-09-14 20:23:01 - [INFO] -   [DEBUG BSI]     - 20250214 (DIR)
2025-09-14 20:23:01 - [INFO] -   [DEBUG BSI]     - 20250316 (DIR)
2025-09-14 20:23:01 - [INFO] -   [DEBUG BSI]     - 20250415 (DIR)
2025-09-14 20:23:01 - [INFO] -   [DEBUG BSI]     - 20250515 (DIR)
2025-09-14 20:23:01 - [INFO] - [BSI META INTEGRATION] Found BSI data: {'study_date': '20250415', 'anterior_bsi': 0.2115329349333735, 'posterior_bsi': 0.27307796205567236, 'combined_bsi': 0.24230544849452293, 'bsi_score': 0.24230544849452293, 'file_source': 'bsi_quantification_ant.json + bsi_quantification_post.json', 'processing_mode': 'dual_view', 'is_v2': True, 'source_location': 'Study date folder'}
2025-09-14 20:23:01 - [INFO] - [BSI META INTEGRATION]   Updated meta with BSI data:
2025-09-14 20:23:01 - [INFO] - [BSI META INTEGRATION]   Anterior BSI: 0.2115329349333735
2025-09-14 20:23:01 - [INFO] - [BSI META INTEGRATION]   Posterior BSI: 0.27307796205567236
2025-09-14 20:23:01 - [INFO] - [BSI META INTEGRATION]   Processing mode: dual_view
2025-09-14 20:23:01 - [INFO] - [BSI META INTEGRATION] Updating scan meta with BSI data
2025-09-14 20:23:01 - [INFO] - [BSI META INTEGRATION] Session code: ATL
2025-09-14 20:23:01 - [INFO] - [BSI META INTEGRATION] Scan path: C:\hotspot\hotspot-analyzer\data\PLANAR\ATL\5001\20250515\5001_5.dcm
2025-09-14 20:23:01 - [INFO] - [BSI EXTRACT INFO] Extracting from path: C:\hotspot\hotspot-analyzer\data\PLANAR\ATL\5001\20250515\5001_5.dcm
2025-09-14 20:23:01 - [INFO] - [BSI EXTRACT INFO] Extracted study_date from DICOM: 20250515
2025-09-14 20:23:01 - [INFO] - [BSI EXTRACT INFO] Extracted patient_id from study_date structure: 5001
2025-09-14 20:23:01 - [INFO] - [BSI EXTRACT INFO] Final result - Patient: 5001, Study: 20250515
2025-09-14 20:23:01 - [INFO] - [BSI META INTEGRATION] Extracted - Patient: 5001, Study: 20250515
2025-09-14 20:23:01 - [INFO] -   [DEBUG QUANT FILES] Getting quantification files for: C:\hotspot\hotspot-analyzer\data\PLANAR\ATL\5001\20250515
2025-09-14 20:23:01 - [INFO] -   [DEBUG QUANT FILES] Detected study_date folder: C:\hotspot\hotspot-analyzer\data\PLANAR\ATL\5001\20250515
2025-09-14 20:23:01 - [INFO] -   [DEBUG QUANT FILES] Generated paths:
2025-09-14 20:23:01 - [INFO] -   [DEBUG QUANT FILES]   bsi_json_ant: C:\hotspot\hotspot-analyzer\data\PLANAR\ATL\5001\20250515\bsi_quantification_ant.json (exists: True)
2025-09-14 20:23:01 - [INFO] -   [DEBUG QUANT FILES]   bsi_json_post: C:\hotspot\hotspot-analyzer\data\PLANAR\ATL\5001\20250515\bsi_quantification_post.json (exists: True)
2025-09-14 20:23:01 - [INFO] - [BSI META INTEGRATION] Found BSI files in study_date folder: C:\hotspot\hotspot-analyzer\data\PLANAR\ATL\5001\20250515
2025-09-14 20:23:01 - [INFO] - [BSI META INTEGRATION] Using patient folder: C:\hotspot\hotspot-analyzer\data\PLANAR\ATL\5001\20250515
2025-09-14 20:23:01 - [INFO] -   [DEBUG BSI] Detected study_date folder, using parent: C:\hotspot\hotspot-analyzer\data\PLANAR\ATL\5001
2025-09-14 20:23:01 - [INFO] -   [DEBUG BSI] Found study_date folder: 20250115
2025-09-14 20:23:01 - [INFO] -   [DEBUG BSI] Found study_date folder: 20250214
2025-09-14 20:23:01 - [INFO] -   [DEBUG BSI] Found study_date folder: 20250316
2025-09-14 20:23:01 - [INFO] -   [DEBUG BSI] Found study_date folder: 20250415
2025-09-14 20:23:01 - [INFO] -   [DEBUG BSI] Found study_date folder: 20250515
2025-09-14 20:23:01 - [INFO] -   [DEBUG BSI]     - 20250115 (DIR)
2025-09-14 20:23:01 - [INFO] -   [DEBUG BSI]     - 20250214 (DIR)
2025-09-14 20:23:01 - [INFO] -   [DEBUG BSI]     - 20250316 (DIR)
2025-09-14 20:23:01 - [INFO] -   [DEBUG BSI]     - 20250415 (DIR)
2025-09-14 20:23:01 - [INFO] -   [DEBUG BSI]     - 20250515 (DIR)
2025-09-14 20:23:01 - [INFO] -   [DEBUG BSI]     - 20250822 (DIR)
2025-09-14 20:23:01 - [INFO] -   [DEBUG BSI]     - 5001_1.dcm (FILE)
2025-09-14 20:23:01 - [INFO] -   [DEBUG BSI]     - ant_hotspot_classification.json (FILE)
2025-09-14 20:23:01 - [INFO] -   [DEBUG BSI]     - ant_hotspot_classification.png (FILE)
2025-09-14 20:23:01 - [INFO] -   [DEBUG BSI]     - ant_hotspot_classification.xml (FILE)
2025-09-14 20:23:01 - [INFO] -   [DEBUG BSI]     - ant_hotspot_otsu_colored.png (FILE)
2025-09-14 20:23:01 - [INFO] -   [DEBUG BSI]     - ant_hotspot_otsu_colored_blend.png (FILE)
2025-09-14 20:23:01 - [INFO] -   [DEBUG BSI]     - ant_hotspot_otsu_grayscale.png (FILE)
2025-09-14 20:23:01 - [INFO] -   [DEBUG BSI]     - ant_hotspot_yolo.xml (FILE)
2025-09-14 20:23:01 - [INFO] -   [DEBUG BSI]     - ant_mask.png (FILE)
2025-09-14 20:23:01 - [INFO] -   [DEBUG BSI]     - ant_original.png (FILE)
2025-09-14 20:23:01 - [INFO] -   [DEBUG BSI]     - ant_segm.png (FILE)
2025-09-14 20:23:01 - [INFO] -   [DEBUG BSI]     - bsi_quantification_ant.json (FILE)
2025-09-14 20:23:01 - [INFO] -   [DEBUG BSI]     - bsi_quantification_post.json (FILE)
2025-09-14 20:23:01 - [INFO] -   [DEBUG BSI]     - post_hotspot_classification.json (FILE)
2025-09-14 20:23:01 - [INFO] -   [DEBUG BSI]     - post_hotspot_classification.png (FILE)
2025-09-14 20:23:01 - [INFO] -   [DEBUG BSI]     - post_hotspot_classification.xml (FILE)
2025-09-14 20:23:01 - [INFO] -   [DEBUG BSI]     - post_hotspot_otsu_colored.png (FILE)
2025-09-14 20:23:01 - [INFO] -   [DEBUG BSI]     - post_hotspot_otsu_colored_blend.png (FILE)
2025-09-14 20:23:01 - [INFO] -   [DEBUG BSI]     - post_hotspot_otsu_grayscale.png (FILE)
2025-09-14 20:23:01 - [INFO] -   [DEBUG BSI]     - post_hotspot_yolo.xml (FILE)
2025-09-14 20:23:01 - [INFO] -   [DEBUG BSI]     - post_mask.png (FILE)
2025-09-14 20:23:01 - [INFO] -   [DEBUG BSI]     - post_original.png (FILE)
2025-09-14 20:23:01 - [INFO] -   [DEBUG BSI]     - post_segm.png (FILE)
2025-09-14 20:23:01 - [INFO] -   [DEBUG BSI]     - 5001_2.dcm (FILE)
2025-09-14 20:23:01 - [INFO] -   [DEBUG BSI]     - ant_hotspot_classification.json (FILE)
2025-09-14 20:23:01 - [INFO] -   [DEBUG BSI]     - ant_hotspot_classification.png (FILE)
2025-09-14 20:23:01 - [INFO] -   [DEBUG BSI]     - ant_hotspot_classification.xml (FILE)
2025-09-14 20:23:01 - [INFO] -   [DEBUG BSI]     - ant_hotspot_otsu_colored.png (FILE)
2025-09-14 20:23:01 - [INFO] -   [DEBUG BSI]     - ant_hotspot_otsu_colored_blend.png (FILE)
2025-09-14 20:23:01 - [INFO] -   [DEBUG BSI]     - ant_hotspot_otsu_grayscale.png (FILE)
2025-09-14 20:23:01 - [INFO] -   [DEBUG BSI]     - ant_hotspot_yolo.xml (FILE)
2025-09-14 20:23:01 - [INFO] -   [DEBUG BSI]     - ant_mask.png (FILE)
2025-09-14 20:23:01 - [INFO] -   [DEBUG BSI]     - ant_original.png (FILE)
2025-09-14 20:23:01 - [INFO] -   [DEBUG BSI]     - ant_segm.png (FILE)
2025-09-14 20:23:01 - [INFO] -   [DEBUG BSI]     - bsi_quantification_ant.json (FILE)
2025-09-14 20:23:01 - [INFO] -   [DEBUG BSI]     - bsi_quantification_post.json (FILE)
2025-09-14 20:23:01 - [INFO] -   [DEBUG BSI]     - post_hotspot_classification.json (FILE)
2025-09-14 20:23:01 - [INFO] -   [DEBUG BSI]     - post_hotspot_classification.png (FILE)
2025-09-14 20:23:01 - [INFO] -   [DEBUG BSI]     - post_hotspot_classification.xml (FILE)
2025-09-14 20:23:01 - [INFO] -   [DEBUG BSI]     - post_hotspot_otsu_colored.png (FILE)
2025-09-14 20:23:01 - [INFO] -   [DEBUG BSI]     - post_hotspot_otsu_colored_blend.png (FILE)
2025-09-14 20:23:01 - [INFO] -   [DEBUG BSI]     - post_hotspot_otsu_grayscale.png (FILE)
2025-09-14 20:23:01 - [INFO] -   [DEBUG BSI]     - post_hotspot_yolo.xml (FILE)
2025-09-14 20:23:01 - [INFO] -   [DEBUG BSI]     - post_mask.png (FILE)
2025-09-14 20:23:01 - [INFO] -   [DEBUG BSI]     - post_original.png (FILE)
2025-09-14 20:23:01 - [INFO] -   [DEBUG BSI]     - post_segm.png (FILE)
2025-09-14 20:23:01 - [INFO] -   [DEBUG BSI]     - 5001_3.dcm (FILE)
2025-09-14 20:23:01 - [INFO] -   [DEBUG BSI]     - ant_hotspot_classification.json (FILE)
2025-09-14 20:23:01 - [INFO] -   [DEBUG BSI]     - ant_hotspot_classification.png (FILE)
2025-09-14 20:23:01 - [INFO] -   [DEBUG BSI]     - ant_hotspot_classification.xml (FILE)
2025-09-14 20:23:01 - [INFO] -   [DEBUG BSI]     - ant_hotspot_otsu_colored.png (FILE)
2025-09-14 20:23:01 - [INFO] -   [DEBUG BSI]     - ant_hotspot_otsu_colored_blend.png (FILE)
2025-09-14 20:23:01 - [INFO] -   [DEBUG BSI]     - ant_hotspot_otsu_grayscale.png (FILE)
2025-09-14 20:23:01 - [INFO] -   [DEBUG BSI]     - ant_hotspot_yolo.xml (FILE)
2025-09-14 20:23:01 - [INFO] -   [DEBUG BSI]     - ant_mask.png (FILE)
2025-09-14 20:23:01 - [INFO] -   [DEBUG BSI]     - ant_original.png (FILE)
2025-09-14 20:23:01 - [INFO] -   [DEBUG BSI]     - ant_segm.png (FILE)
2025-09-14 20:23:01 - [INFO] -   [DEBUG BSI]     - bsi_quantification_ant.json (FILE)
2025-09-14 20:23:01 - [INFO] -   [DEBUG BSI]     - bsi_quantification_post.json (FILE)
2025-09-14 20:23:01 - [INFO] -   [DEBUG BSI]     - post_hotspot_classification.json (FILE)
2025-09-14 20:23:01 - [INFO] -   [DEBUG BSI]     - post_hotspot_classification.png (FILE)
2025-09-14 20:23:01 - [INFO] -   [DEBUG BSI]     - post_hotspot_classification.xml (FILE)
2025-09-14 20:23:01 - [INFO] -   [DEBUG BSI]     - post_hotspot_otsu_colored.png (FILE)
2025-09-14 20:23:01 - [INFO] -   [DEBUG BSI]     - post_hotspot_otsu_colored_blend.png (FILE)
2025-09-14 20:23:01 - [INFO] -   [DEBUG BSI]     - post_hotspot_otsu_grayscale.png (FILE)
2025-09-14 20:23:01 - [INFO] -   [DEBUG BSI]     - post_hotspot_yolo.xml (FILE)
2025-09-14 20:23:01 - [INFO] -   [DEBUG BSI]     - post_mask.png (FILE)
2025-09-14 20:23:01 - [INFO] -   [DEBUG BSI]     - post_original.png (FILE)
2025-09-14 20:23:01 - [INFO] -   [DEBUG BSI]     - post_segm.png (FILE)
2025-09-14 20:23:01 - [INFO] -   [DEBUG BSI]     - 5001_4.dcm (FILE)
2025-09-14 20:23:01 - [INFO] -   [DEBUG BSI]     - ant_hotspot_classification.json (FILE)
2025-09-14 20:23:01 - [INFO] -   [DEBUG BSI]     - ant_hotspot_classification.png (FILE)
2025-09-14 20:23:01 - [INFO] -   [DEBUG BSI]     - ant_hotspot_classification.xml (FILE)
2025-09-14 20:23:01 - [INFO] -   [DEBUG BSI]     - ant_hotspot_otsu_colored.png (FILE)
2025-09-14 20:23:01 - [INFO] -   [DEBUG BSI]     - ant_hotspot_otsu_colored_blend.png (FILE)
2025-09-14 20:23:01 - [INFO] -   [DEBUG BSI]     - ant_hotspot_otsu_grayscale.png (FILE)
2025-09-14 20:23:01 - [INFO] -   [DEBUG BSI]     - ant_hotspot_yolo.xml (FILE)
2025-09-14 20:23:01 - [INFO] -   [DEBUG BSI]     - ant_mask.png (FILE)
2025-09-14 20:23:01 - [INFO] -   [DEBUG BSI]     - ant_original.png (FILE)
2025-09-14 20:23:01 - [INFO] -   [DEBUG BSI]     - ant_segm.png (FILE)
2025-09-14 20:23:01 - [INFO] -   [DEBUG BSI]     - bsi_quantification_ant.json (FILE)
2025-09-14 20:23:01 - [INFO] -   [DEBUG BSI]     - bsi_quantification_post.json (FILE)
2025-09-14 20:23:01 - [INFO] -   [DEBUG BSI]     - post_hotspot_classification.json (FILE)
2025-09-14 20:23:01 - [INFO] -   [DEBUG BSI]     - post_hotspot_classification.png (FILE)
2025-09-14 20:23:01 - [INFO] -   [DEBUG BSI]     - post_hotspot_classification.xml (FILE)
2025-09-14 20:23:01 - [INFO] -   [DEBUG BSI]     - post_hotspot_otsu_colored.png (FILE)
2025-09-14 20:23:01 - [INFO] -   [DEBUG BSI]     - post_hotspot_otsu_colored_blend.png (FILE)
2025-09-14 20:23:01 - [INFO] -   [DEBUG BSI]     - post_hotspot_otsu_grayscale.png (FILE)
2025-09-14 20:23:01 - [INFO] -   [DEBUG BSI]     - post_hotspot_yolo.xml (FILE)
2025-09-14 20:23:01 - [INFO] -   [DEBUG BSI]     - post_mask.png (FILE)
2025-09-14 20:23:01 - [INFO] -   [DEBUG BSI]     - post_original.png (FILE)
2025-09-14 20:23:01 - [INFO] -   [DEBUG BSI]     - post_segm.png (FILE)
2025-09-14 20:23:01 - [INFO] -   [DEBUG BSI]     - 5001_5.dcm (FILE)
2025-09-14 20:23:01 - [INFO] -   [DEBUG BSI]     - ant_hotspot_classification.json (FILE)
2025-09-14 20:23:01 - [INFO] -   [DEBUG BSI]     - ant_hotspot_classification.png (FILE)
2025-09-14 20:23:01 - [INFO] -   [DEBUG BSI]     - ant_hotspot_classification.xml (FILE)
2025-09-14 20:23:01 - [INFO] -   [DEBUG BSI]     - ant_hotspot_otsu_colored.png (FILE)
2025-09-14 20:23:01 - [INFO] -   [DEBUG BSI]     - ant_hotspot_otsu_colored_blend.png (FILE)
2025-09-14 20:23:01 - [INFO] -   [DEBUG BSI]     - ant_hotspot_otsu_grayscale.png (FILE)
2025-09-14 20:23:01 - [INFO] -   [DEBUG BSI]     - ant_hotspot_yolo.xml (FILE)
2025-09-14 20:23:01 - [INFO] -   [DEBUG BSI]     - ant_mask.png (FILE)
2025-09-14 20:23:01 - [INFO] -   [DEBUG BSI]     - ant_original.png (FILE)
2025-09-14 20:23:01 - [INFO] -   [DEBUG BSI]     - ant_segm.png (FILE)
2025-09-14 20:23:01 - [INFO] -   [DEBUG BSI]     - bsi_quantification_ant.json (FILE)
2025-09-14 20:23:01 - [INFO] -   [DEBUG BSI]     - bsi_quantification_post.json (FILE)
2025-09-14 20:23:01 - [INFO] -   [DEBUG BSI]     - post_hotspot_classification.json (FILE)
2025-09-14 20:23:01 - [INFO] -   [DEBUG BSI]     - post_hotspot_classification.png (FILE)
2025-09-14 20:23:01 - [INFO] -   [DEBUG BSI]     - post_hotspot_classification.xml (FILE)
2025-09-14 20:23:01 - [INFO] -   [DEBUG BSI]     - post_hotspot_otsu_colored.png (FILE)
2025-09-14 20:23:01 - [INFO] -   [DEBUG BSI]     - post_hotspot_otsu_colored_blend.png (FILE)
2025-09-14 20:23:01 - [INFO] -   [DEBUG BSI]     - post_hotspot_otsu_grayscale.png (FILE)
2025-09-14 20:23:01 - [INFO] -   [DEBUG BSI]     - post_hotspot_yolo.xml (FILE)
2025-09-14 20:23:01 - [INFO] -   [DEBUG BSI]     - post_mask.png (FILE)
2025-09-14 20:23:01 - [INFO] -   [DEBUG BSI]     - post_original.png (FILE)
2025-09-14 20:23:01 - [INFO] -   [DEBUG BSI]     - post_segm.png (FILE)
2025-09-14 20:23:01 - [INFO] -   [DEBUG BSI]     - 20250115 (DIR)
2025-09-14 20:23:01 - [INFO] -   [DEBUG BSI]     - 20250214 (DIR)
2025-09-14 20:23:01 - [INFO] -   [DEBUG BSI]     - 20250316 (DIR)
2025-09-14 20:23:01 - [INFO] -   [DEBUG BSI]     - 20250415 (DIR)
2025-09-14 20:23:01 - [INFO] -   [DEBUG BSI]     - 20250515 (DIR)
2025-09-14 20:23:01 - [INFO] - [BSI META INTEGRATION] Found BSI data: {'study_date': '20250515', 'anterior_bsi': 0.24586549062844543, 'posterior_bsi': 0.1817145124791749, 'combined_bsi': 0.21379000155381017, 'bsi_score': 0.21379000155381017, 'file_source': 'bsi_quantification_ant.json + bsi_quantification_post.json', 'processing_mode': 'dual_view', 'is_v2': True, 'source_location': 'Study date folder'}
2025-09-14 20:23:01 - [INFO] - [BSI META INTEGRATION]   Updated meta with BSI data:
2025-09-14 20:23:01 - [INFO] - [BSI META INTEGRATION]   Anterior BSI: 0.24586549062844543
2025-09-14 20:23:01 - [INFO] - [BSI META INTEGRATION]   Posterior BSI: 0.1817145124791749
2025-09-14 20:23:01 - [INFO] - [BSI META INTEGRATION]   Processing mode: dual_view
2025-09-14 20:23:01 - [INFO] - [MainWindow]   BSI integration completed for 5 scans
2025-09-14 20:23:01 - [INFO] - [MainWindow DEBUG] First scan meta keys: ['patient_id', 'patient_name', 'patient_birth_date', 'patient_sex', 'patient_weight', 'patient_size', 'patient_age', 'study_date', 'series_date', 'study_time', 'modality', 'series_description', 'study_instance_uid', 'series_instance_uid', 'has_bsi']
2025-09-14 20:23:01 - [INFO] - [MainWindow DEBUG] has_bsi: False
2025-09-14 20:23:01 - [INFO] - [DEBUG] display_timeline called with 5 scan(s), focusing on index = 1
2025-09-14 20:23:01 - [INFO] - [BSI META INTEGRATION] Updating scan meta with BSI data
2025-09-14 20:23:01 - [INFO] - [BSI META INTEGRATION] Session code: ATL
2025-09-14 20:23:01 - [INFO] - [BSI META INTEGRATION] Scan path: C:\hotspot\hotspot-analyzer\data\PLANAR\ATL\5001\20250115\5001_1.dcm
2025-09-14 20:23:01 - [INFO] - [BSI EXTRACT INFO] Extracting from path: C:\hotspot\hotspot-analyzer\data\PLANAR\ATL\5001\20250115\5001_1.dcm
2025-09-14 20:23:01 - [INFO] - [BSI EXTRACT INFO] Extracted study_date from DICOM: 20250115
2025-09-14 20:23:01 - [INFO] - [BSI EXTRACT INFO] Extracted patient_id from study_date structure: 5001
2025-09-14 20:23:01 - [INFO] - [BSI EXTRACT INFO] Final result - Patient: 5001, Study: 20250115
2025-09-14 20:23:01 - [INFO] - [BSI META INTEGRATION] Extracted - Patient: 5001, Study: 20250115
2025-09-14 20:23:01 - [INFO] -   [DEBUG QUANT FILES] Getting quantification files for: C:\hotspot\hotspot-analyzer\data\PLANAR\ATL\5001\20250115
2025-09-14 20:23:01 - [INFO] -   [DEBUG QUANT FILES] Detected study_date folder: C:\hotspot\hotspot-analyzer\data\PLANAR\ATL\5001\20250115
2025-09-14 20:23:01 - [INFO] -   [DEBUG QUANT FILES] Generated paths:
2025-09-14 20:23:01 - [INFO] -   [DEBUG QUANT FILES]   bsi_json_ant: C:\hotspot\hotspot-analyzer\data\PLANAR\ATL\5001\20250115\bsi_quantification_ant.json (exists: True)
2025-09-14 20:23:01 - [INFO] -   [DEBUG QUANT FILES]   bsi_json_post: C:\hotspot\hotspot-analyzer\data\PLANAR\ATL\5001\20250115\bsi_quantification_post.json (exists: True)
2025-09-14 20:23:01 - [INFO] - [BSI META INTEGRATION] Found BSI files in study_date folder: C:\hotspot\hotspot-analyzer\data\PLANAR\ATL\5001\20250115
2025-09-14 20:23:01 - [INFO] - [BSI META INTEGRATION] Using patient folder: C:\hotspot\hotspot-analyzer\data\PLANAR\ATL\5001\20250115
2025-09-14 20:23:01 - [INFO] -   [DEBUG BSI] Detected study_date folder, using parent: C:\hotspot\hotspot-analyzer\data\PLANAR\ATL\5001
2025-09-14 20:23:01 - [INFO] -   [DEBUG BSI] Found study_date folder: 20250115
2025-09-14 20:23:01 - [INFO] -   [DEBUG BSI] Found study_date folder: 20250214
2025-09-14 20:23:01 - [INFO] -   [DEBUG BSI] Found study_date folder: 20250316
2025-09-14 20:23:01 - [INFO] -   [DEBUG BSI] Found study_date folder: 20250415
2025-09-14 20:23:01 - [INFO] -   [DEBUG BSI] Found study_date folder: 20250515
2025-09-14 20:23:01 - [INFO] -   [DEBUG BSI]     - 20250115 (DIR)
2025-09-14 20:23:01 - [INFO] -   [DEBUG BSI]     - 20250214 (DIR)
2025-09-14 20:23:01 - [INFO] -   [DEBUG BSI]     - 20250316 (DIR)
2025-09-14 20:23:01 - [INFO] -   [DEBUG BSI]     - 20250415 (DIR)
2025-09-14 20:23:01 - [INFO] -   [DEBUG BSI]     - 20250515 (DIR)
2025-09-14 20:23:01 - [INFO] -   [DEBUG BSI]     - 20250822 (DIR)
2025-09-14 20:23:01 - [INFO] -   [DEBUG BSI]     - 5001_1.dcm (FILE)
2025-09-14 20:23:01 - [INFO] -   [DEBUG BSI]     - ant_hotspot_classification.json (FILE)
2025-09-14 20:23:01 - [INFO] -   [DEBUG BSI]     - ant_hotspot_classification.png (FILE)
2025-09-14 20:23:01 - [INFO] -   [DEBUG BSI]     - ant_hotspot_classification.xml (FILE)
2025-09-14 20:23:01 - [INFO] -   [DEBUG BSI]     - ant_hotspot_otsu_colored.png (FILE)
2025-09-14 20:23:01 - [INFO] -   [DEBUG BSI]     - ant_hotspot_otsu_colored_blend.png (FILE)
2025-09-14 20:23:01 - [INFO] -   [DEBUG BSI]     - ant_hotspot_otsu_grayscale.png (FILE)
2025-09-14 20:23:01 - [INFO] -   [DEBUG BSI]     - ant_hotspot_yolo.xml (FILE)
2025-09-14 20:23:01 - [INFO] -   [DEBUG BSI]     - ant_mask.png (FILE)
2025-09-14 20:23:01 - [INFO] -   [DEBUG BSI]     - ant_original.png (FILE)
2025-09-14 20:23:01 - [INFO] -   [DEBUG BSI]     - ant_segm.png (FILE)
2025-09-14 20:23:01 - [INFO] -   [DEBUG BSI]     - bsi_quantification_ant.json (FILE)
2025-09-14 20:23:01 - [INFO] -   [DEBUG BSI]     - bsi_quantification_post.json (FILE)
2025-09-14 20:23:01 - [INFO] -   [DEBUG BSI]     - post_hotspot_classification.json (FILE)
2025-09-14 20:23:01 - [INFO] -   [DEBUG BSI]     - post_hotspot_classification.png (FILE)
2025-09-14 20:23:01 - [INFO] -   [DEBUG BSI]     - post_hotspot_classification.xml (FILE)
2025-09-14 20:23:01 - [INFO] -   [DEBUG BSI]     - post_hotspot_otsu_colored.png (FILE)
2025-09-14 20:23:01 - [INFO] -   [DEBUG BSI]     - post_hotspot_otsu_colored_blend.png (FILE)
2025-09-14 20:23:01 - [INFO] -   [DEBUG BSI]     - post_hotspot_otsu_grayscale.png (FILE)
2025-09-14 20:23:01 - [INFO] -   [DEBUG BSI]     - post_hotspot_yolo.xml (FILE)
2025-09-14 20:23:01 - [INFO] -   [DEBUG BSI]     - post_mask.png (FILE)
2025-09-14 20:23:01 - [INFO] -   [DEBUG BSI]     - post_original.png (FILE)
2025-09-14 20:23:01 - [INFO] -   [DEBUG BSI]     - post_segm.png (FILE)
2025-09-14 20:23:01 - [INFO] -   [DEBUG BSI]     - 5001_2.dcm (FILE)
2025-09-14 20:23:01 - [INFO] -   [DEBUG BSI]     - ant_hotspot_classification.json (FILE)
2025-09-14 20:23:01 - [INFO] -   [DEBUG BSI]     - ant_hotspot_classification.png (FILE)
2025-09-14 20:23:01 - [INFO] -   [DEBUG BSI]     - ant_hotspot_classification.xml (FILE)
2025-09-14 20:23:01 - [INFO] -   [DEBUG BSI]     - ant_hotspot_otsu_colored.png (FILE)
2025-09-14 20:23:01 - [INFO] -   [DEBUG BSI]     - ant_hotspot_otsu_colored_blend.png (FILE)
2025-09-14 20:23:01 - [INFO] -   [DEBUG BSI]     - ant_hotspot_otsu_grayscale.png (FILE)
2025-09-14 20:23:01 - [INFO] -   [DEBUG BSI]     - ant_hotspot_yolo.xml (FILE)
2025-09-14 20:23:01 - [INFO] -   [DEBUG BSI]     - ant_mask.png (FILE)
2025-09-14 20:23:01 - [INFO] -   [DEBUG BSI]     - ant_original.png (FILE)
2025-09-14 20:23:01 - [INFO] -   [DEBUG BSI]     - ant_segm.png (FILE)
2025-09-14 20:23:01 - [INFO] -   [DEBUG BSI]     - bsi_quantification_ant.json (FILE)
2025-09-14 20:23:01 - [INFO] -   [DEBUG BSI]     - bsi_quantification_post.json (FILE)
2025-09-14 20:23:01 - [INFO] -   [DEBUG BSI]     - post_hotspot_classification.json (FILE)
2025-09-14 20:23:01 - [INFO] -   [DEBUG BSI]     - post_hotspot_classification.png (FILE)
2025-09-14 20:23:01 - [INFO] -   [DEBUG BSI]     - post_hotspot_classification.xml (FILE)
2025-09-14 20:23:01 - [INFO] -   [DEBUG BSI]     - post_hotspot_otsu_colored.png (FILE)
2025-09-14 20:23:01 - [INFO] -   [DEBUG BSI]     - post_hotspot_otsu_colored_blend.png (FILE)
2025-09-14 20:23:01 - [INFO] -   [DEBUG BSI]     - post_hotspot_otsu_grayscale.png (FILE)
2025-09-14 20:23:01 - [INFO] -   [DEBUG BSI]     - post_hotspot_yolo.xml (FILE)
2025-09-14 20:23:01 - [INFO] -   [DEBUG BSI]     - post_mask.png (FILE)
2025-09-14 20:23:01 - [INFO] -   [DEBUG BSI]     - post_original.png (FILE)
2025-09-14 20:23:01 - [INFO] -   [DEBUG BSI]     - post_segm.png (FILE)
2025-09-14 20:23:01 - [INFO] -   [DEBUG BSI]     - 5001_3.dcm (FILE)
2025-09-14 20:23:01 - [INFO] -   [DEBUG BSI]     - ant_hotspot_classification.json (FILE)
2025-09-14 20:23:01 - [INFO] -   [DEBUG BSI]     - ant_hotspot_classification.png (FILE)
2025-09-14 20:23:01 - [INFO] -   [DEBUG BSI]     - ant_hotspot_classification.xml (FILE)
2025-09-14 20:23:01 - [INFO] -   [DEBUG BSI]     - ant_hotspot_otsu_colored.png (FILE)
2025-09-14 20:23:01 - [INFO] -   [DEBUG BSI]     - ant_hotspot_otsu_colored_blend.png (FILE)
2025-09-14 20:23:01 - [INFO] -   [DEBUG BSI]     - ant_hotspot_otsu_grayscale.png (FILE)
2025-09-14 20:23:01 - [INFO] -   [DEBUG BSI]     - ant_hotspot_yolo.xml (FILE)
2025-09-14 20:23:01 - [INFO] -   [DEBUG BSI]     - ant_mask.png (FILE)
2025-09-14 20:23:01 - [INFO] -   [DEBUG BSI]     - ant_original.png (FILE)
2025-09-14 20:23:01 - [INFO] -   [DEBUG BSI]     - ant_segm.png (FILE)
2025-09-14 20:23:01 - [INFO] -   [DEBUG BSI]     - bsi_quantification_ant.json (FILE)
2025-09-14 20:23:01 - [INFO] -   [DEBUG BSI]     - bsi_quantification_post.json (FILE)
2025-09-14 20:23:01 - [INFO] -   [DEBUG BSI]     - post_hotspot_classification.json (FILE)
2025-09-14 20:23:01 - [INFO] -   [DEBUG BSI]     - post_hotspot_classification.png (FILE)
2025-09-14 20:23:01 - [INFO] -   [DEBUG BSI]     - post_hotspot_classification.xml (FILE)
2025-09-14 20:23:01 - [INFO] -   [DEBUG BSI]     - post_hotspot_otsu_colored.png (FILE)
2025-09-14 20:23:01 - [INFO] -   [DEBUG BSI]     - post_hotspot_otsu_colored_blend.png (FILE)
2025-09-14 20:23:01 - [INFO] -   [DEBUG BSI]     - post_hotspot_otsu_grayscale.png (FILE)
2025-09-14 20:23:01 - [INFO] -   [DEBUG BSI]     - post_hotspot_yolo.xml (FILE)
2025-09-14 20:23:01 - [INFO] -   [DEBUG BSI]     - post_mask.png (FILE)
2025-09-14 20:23:01 - [INFO] -   [DEBUG BSI]     - post_original.png (FILE)
2025-09-14 20:23:01 - [INFO] -   [DEBUG BSI]     - post_segm.png (FILE)
2025-09-14 20:23:01 - [INFO] -   [DEBUG BSI]     - 5001_4.dcm (FILE)
2025-09-14 20:23:01 - [INFO] -   [DEBUG BSI]     - ant_hotspot_classification.json (FILE)
2025-09-14 20:23:01 - [INFO] -   [DEBUG BSI]     - ant_hotspot_classification.png (FILE)
2025-09-14 20:23:01 - [INFO] -   [DEBUG BSI]     - ant_hotspot_classification.xml (FILE)
2025-09-14 20:23:01 - [INFO] -   [DEBUG BSI]     - ant_hotspot_otsu_colored.png (FILE)
2025-09-14 20:23:01 - [INFO] -   [DEBUG BSI]     - ant_hotspot_otsu_colored_blend.png (FILE)
2025-09-14 20:23:01 - [INFO] -   [DEBUG BSI]     - ant_hotspot_otsu_grayscale.png (FILE)
2025-09-14 20:23:01 - [INFO] -   [DEBUG BSI]     - ant_hotspot_yolo.xml (FILE)
2025-09-14 20:23:01 - [INFO] -   [DEBUG BSI]     - ant_mask.png (FILE)
2025-09-14 20:23:01 - [INFO] -   [DEBUG BSI]     - ant_original.png (FILE)
2025-09-14 20:23:01 - [INFO] -   [DEBUG BSI]     - ant_segm.png (FILE)
2025-09-14 20:23:01 - [INFO] -   [DEBUG BSI]     - bsi_quantification_ant.json (FILE)
2025-09-14 20:23:01 - [INFO] -   [DEBUG BSI]     - bsi_quantification_post.json (FILE)
2025-09-14 20:23:01 - [INFO] -   [DEBUG BSI]     - post_hotspot_classification.json (FILE)
2025-09-14 20:23:01 - [INFO] -   [DEBUG BSI]     - post_hotspot_classification.png (FILE)
2025-09-14 20:23:01 - [INFO] -   [DEBUG BSI]     - post_hotspot_classification.xml (FILE)
2025-09-14 20:23:01 - [INFO] -   [DEBUG BSI]     - post_hotspot_otsu_colored.png (FILE)
2025-09-14 20:23:01 - [INFO] -   [DEBUG BSI]     - post_hotspot_otsu_colored_blend.png (FILE)
2025-09-14 20:23:01 - [INFO] -   [DEBUG BSI]     - post_hotspot_otsu_grayscale.png (FILE)
2025-09-14 20:23:01 - [INFO] -   [DEBUG BSI]     - post_hotspot_yolo.xml (FILE)
2025-09-14 20:23:01 - [INFO] -   [DEBUG BSI]     - post_mask.png (FILE)
2025-09-14 20:23:01 - [INFO] -   [DEBUG BSI]     - post_original.png (FILE)
2025-09-14 20:23:01 - [INFO] -   [DEBUG BSI]     - post_segm.png (FILE)
2025-09-14 20:23:01 - [INFO] -   [DEBUG BSI]     - 5001_5.dcm (FILE)
2025-09-14 20:23:01 - [INFO] -   [DEBUG BSI]     - ant_hotspot_classification.json (FILE)
2025-09-14 20:23:01 - [INFO] -   [DEBUG BSI]     - ant_hotspot_classification.png (FILE)
2025-09-14 20:23:01 - [INFO] -   [DEBUG BSI]     - ant_hotspot_classification.xml (FILE)
2025-09-14 20:23:01 - [INFO] -   [DEBUG BSI]     - ant_hotspot_otsu_colored.png (FILE)
2025-09-14 20:23:01 - [INFO] -   [DEBUG BSI]     - ant_hotspot_otsu_colored_blend.png (FILE)
2025-09-14 20:23:01 - [INFO] -   [DEBUG BSI]     - ant_hotspot_otsu_grayscale.png (FILE)
2025-09-14 20:23:01 - [INFO] -   [DEBUG BSI]     - ant_hotspot_yolo.xml (FILE)
2025-09-14 20:23:01 - [INFO] -   [DEBUG BSI]     - ant_mask.png (FILE)
2025-09-14 20:23:01 - [INFO] -   [DEBUG BSI]     - ant_original.png (FILE)
2025-09-14 20:23:01 - [INFO] -   [DEBUG BSI]     - ant_segm.png (FILE)
2025-09-14 20:23:01 - [INFO] -   [DEBUG BSI]     - bsi_quantification_ant.json (FILE)
2025-09-14 20:23:01 - [INFO] -   [DEBUG BSI]     - bsi_quantification_post.json (FILE)
2025-09-14 20:23:01 - [INFO] -   [DEBUG BSI]     - post_hotspot_classification.json (FILE)
2025-09-14 20:23:01 - [INFO] -   [DEBUG BSI]     - post_hotspot_classification.png (FILE)
2025-09-14 20:23:01 - [INFO] -   [DEBUG BSI]     - post_hotspot_classification.xml (FILE)
2025-09-14 20:23:01 - [INFO] -   [DEBUG BSI]     - post_hotspot_otsu_colored.png (FILE)
2025-09-14 20:23:01 - [INFO] -   [DEBUG BSI]     - post_hotspot_otsu_colored_blend.png (FILE)
2025-09-14 20:23:01 - [INFO] -   [DEBUG BSI]     - post_hotspot_otsu_grayscale.png (FILE)
2025-09-14 20:23:01 - [INFO] -   [DEBUG BSI]     - post_hotspot_yolo.xml (FILE)
2025-09-14 20:23:01 - [INFO] -   [DEBUG BSI]     - post_mask.png (FILE)
2025-09-14 20:23:01 - [INFO] -   [DEBUG BSI]     - post_original.png (FILE)
2025-09-14 20:23:01 - [INFO] -   [DEBUG BSI]     - post_segm.png (FILE)
2025-09-14 20:23:01 - [INFO] -   [DEBUG BSI]     - 20250115 (DIR)
2025-09-14 20:23:01 - [INFO] -   [DEBUG BSI]     - 20250214 (DIR)
2025-09-14 20:23:01 - [INFO] -   [DEBUG BSI]     - 20250316 (DIR)
2025-09-14 20:23:01 - [INFO] -   [DEBUG BSI]     - 20250415 (DIR)
2025-09-14 20:23:01 - [INFO] -   [DEBUG BSI]     - 20250515 (DIR)
2025-09-14 20:23:01 - [INFO] - [BSI META INTEGRATION] No BSI scores found for study_date: 20250115
2025-09-14 20:23:01 - [INFO] - [BSI META INTEGRATION] Updating scan meta with BSI data
2025-09-14 20:23:01 - [INFO] - [BSI META INTEGRATION] Session code: ATL
2025-09-14 20:23:01 - [INFO] - [BSI META INTEGRATION] Scan path: C:\hotspot\hotspot-analyzer\data\PLANAR\ATL\5001\20250214\5001_2.dcm
2025-09-14 20:23:01 - [INFO] - [BSI EXTRACT INFO] Extracting from path: C:\hotspot\hotspot-analyzer\data\PLANAR\ATL\5001\20250214\5001_2.dcm
2025-09-14 20:23:01 - [INFO] - [BSI EXTRACT INFO] Extracted study_date from DICOM: 20250214
2025-09-14 20:23:01 - [INFO] - [BSI EXTRACT INFO] Extracted patient_id from study_date structure: 5001
2025-09-14 20:23:01 - [INFO] - [BSI EXTRACT INFO] Final result - Patient: 5001, Study: 20250214
2025-09-14 20:23:01 - [INFO] - [BSI META INTEGRATION] Extracted - Patient: 5001, Study: 20250214
2025-09-14 20:23:01 - [INFO] -   [DEBUG QUANT FILES] Getting quantification files for: C:\hotspot\hotspot-analyzer\data\PLANAR\ATL\5001\20250214
2025-09-14 20:23:01 - [INFO] -   [DEBUG QUANT FILES] Detected study_date folder: C:\hotspot\hotspot-analyzer\data\PLANAR\ATL\5001\20250214
2025-09-14 20:23:01 - [INFO] -   [DEBUG QUANT FILES] Generated paths:
2025-09-14 20:23:01 - [INFO] -   [DEBUG QUANT FILES]   bsi_json_ant: C:\hotspot\hotspot-analyzer\data\PLANAR\ATL\5001\20250214\bsi_quantification_ant.json (exists: True)
2025-09-14 20:23:01 - [INFO] -   [DEBUG QUANT FILES]   bsi_json_post: C:\hotspot\hotspot-analyzer\data\PLANAR\ATL\5001\20250214\bsi_quantification_post.json (exists: True)
2025-09-14 20:23:01 - [INFO] - [BSI META INTEGRATION] Found BSI files in study_date folder: C:\hotspot\hotspot-analyzer\data\PLANAR\ATL\5001\20250214
2025-09-14 20:23:01 - [INFO] - [BSI META INTEGRATION] Using patient folder: C:\hotspot\hotspot-analyzer\data\PLANAR\ATL\5001\20250214
2025-09-14 20:23:01 - [INFO] -   [DEBUG BSI] Detected study_date folder, using parent: C:\hotspot\hotspot-analyzer\data\PLANAR\ATL\5001
2025-09-14 20:23:01 - [INFO] -   [DEBUG BSI] Found study_date folder: 20250115
2025-09-14 20:23:01 - [INFO] -   [DEBUG BSI] Found study_date folder: 20250214
2025-09-14 20:23:01 - [INFO] -   [DEBUG BSI] Found study_date folder: 20250316
2025-09-14 20:23:01 - [INFO] -   [DEBUG BSI] Found study_date folder: 20250415
2025-09-14 20:23:01 - [INFO] -   [DEBUG BSI] Found study_date folder: 20250515
2025-09-14 20:23:01 - [INFO] -   [DEBUG BSI]     - 20250115 (DIR)
2025-09-14 20:23:01 - [INFO] -   [DEBUG BSI]     - 20250214 (DIR)
2025-09-14 20:23:01 - [INFO] -   [DEBUG BSI]     - 20250316 (DIR)
2025-09-14 20:23:01 - [INFO] -   [DEBUG BSI]     - 20250415 (DIR)
2025-09-14 20:23:01 - [INFO] -   [DEBUG BSI]     - 20250515 (DIR)
2025-09-14 20:23:01 - [INFO] -   [DEBUG BSI]     - 20250822 (DIR)
2025-09-14 20:23:01 - [INFO] -   [DEBUG BSI]     - 5001_1.dcm (FILE)
2025-09-14 20:23:01 - [INFO] -   [DEBUG BSI]     - ant_hotspot_classification.json (FILE)
2025-09-14 20:23:01 - [INFO] -   [DEBUG BSI]     - ant_hotspot_classification.png (FILE)
2025-09-14 20:23:01 - [INFO] -   [DEBUG BSI]     - ant_hotspot_classification.xml (FILE)
2025-09-14 20:23:01 - [INFO] -   [DEBUG BSI]     - ant_hotspot_otsu_colored.png (FILE)
2025-09-14 20:23:01 - [INFO] -   [DEBUG BSI]     - ant_hotspot_otsu_colored_blend.png (FILE)
2025-09-14 20:23:01 - [INFO] -   [DEBUG BSI]     - ant_hotspot_otsu_grayscale.png (FILE)
2025-09-14 20:23:01 - [INFO] -   [DEBUG BSI]     - ant_hotspot_yolo.xml (FILE)
2025-09-14 20:23:01 - [INFO] -   [DEBUG BSI]     - ant_mask.png (FILE)
2025-09-14 20:23:01 - [INFO] -   [DEBUG BSI]     - ant_original.png (FILE)
2025-09-14 20:23:01 - [INFO] -   [DEBUG BSI]     - ant_segm.png (FILE)
2025-09-14 20:23:01 - [INFO] -   [DEBUG BSI]     - bsi_quantification_ant.json (FILE)
2025-09-14 20:23:01 - [INFO] -   [DEBUG BSI]     - bsi_quantification_post.json (FILE)
2025-09-14 20:23:01 - [INFO] -   [DEBUG BSI]     - post_hotspot_classification.json (FILE)
2025-09-14 20:23:01 - [INFO] -   [DEBUG BSI]     - post_hotspot_classification.png (FILE)
2025-09-14 20:23:01 - [INFO] -   [DEBUG BSI]     - post_hotspot_classification.xml (FILE)
2025-09-14 20:23:01 - [INFO] -   [DEBUG BSI]     - post_hotspot_otsu_colored.png (FILE)
2025-09-14 20:23:01 - [INFO] -   [DEBUG BSI]     - post_hotspot_otsu_colored_blend.png (FILE)
2025-09-14 20:23:01 - [INFO] -   [DEBUG BSI]     - post_hotspot_otsu_grayscale.png (FILE)
2025-09-14 20:23:01 - [INFO] -   [DEBUG BSI]     - post_hotspot_yolo.xml (FILE)
2025-09-14 20:23:01 - [INFO] -   [DEBUG BSI]     - post_mask.png (FILE)
2025-09-14 20:23:01 - [INFO] -   [DEBUG BSI]     - post_original.png (FILE)
2025-09-14 20:23:01 - [INFO] -   [DEBUG BSI]     - post_segm.png (FILE)
2025-09-14 20:23:01 - [INFO] -   [DEBUG BSI]     - 5001_2.dcm (FILE)
2025-09-14 20:23:01 - [INFO] -   [DEBUG BSI]     - ant_hotspot_classification.json (FILE)
2025-09-14 20:23:01 - [INFO] -   [DEBUG BSI]     - ant_hotspot_classification.png (FILE)
2025-09-14 20:23:01 - [INFO] -   [DEBUG BSI]     - ant_hotspot_classification.xml (FILE)
2025-09-14 20:23:01 - [INFO] -   [DEBUG BSI]     - ant_hotspot_otsu_colored.png (FILE)
2025-09-14 20:23:01 - [INFO] -   [DEBUG BSI]     - ant_hotspot_otsu_colored_blend.png (FILE)
2025-09-14 20:23:01 - [INFO] -   [DEBUG BSI]     - ant_hotspot_otsu_grayscale.png (FILE)
2025-09-14 20:23:01 - [INFO] -   [DEBUG BSI]     - ant_hotspot_yolo.xml (FILE)
2025-09-14 20:23:01 - [INFO] -   [DEBUG BSI]     - ant_mask.png (FILE)
2025-09-14 20:23:01 - [INFO] -   [DEBUG BSI]     - ant_original.png (FILE)
2025-09-14 20:23:01 - [INFO] -   [DEBUG BSI]     - ant_segm.png (FILE)
2025-09-14 20:23:01 - [INFO] -   [DEBUG BSI]     - bsi_quantification_ant.json (FILE)
2025-09-14 20:23:01 - [INFO] -   [DEBUG BSI]     - bsi_quantification_post.json (FILE)
2025-09-14 20:23:01 - [INFO] -   [DEBUG BSI]     - post_hotspot_classification.json (FILE)
2025-09-14 20:23:01 - [INFO] -   [DEBUG BSI]     - post_hotspot_classification.png (FILE)
2025-09-14 20:23:01 - [INFO] -   [DEBUG BSI]     - post_hotspot_classification.xml (FILE)
2025-09-14 20:23:01 - [INFO] -   [DEBUG BSI]     - post_hotspot_otsu_colored.png (FILE)
2025-09-14 20:23:01 - [INFO] -   [DEBUG BSI]     - post_hotspot_otsu_colored_blend.png (FILE)
2025-09-14 20:23:01 - [INFO] -   [DEBUG BSI]     - post_hotspot_otsu_grayscale.png (FILE)
2025-09-14 20:23:01 - [INFO] -   [DEBUG BSI]     - post_hotspot_yolo.xml (FILE)
2025-09-14 20:23:01 - [INFO] -   [DEBUG BSI]     - post_mask.png (FILE)
2025-09-14 20:23:01 - [INFO] -   [DEBUG BSI]     - post_original.png (FILE)
2025-09-14 20:23:01 - [INFO] -   [DEBUG BSI]     - post_segm.png (FILE)
2025-09-14 20:23:01 - [INFO] -   [DEBUG BSI]     - 5001_3.dcm (FILE)
2025-09-14 20:23:01 - [INFO] -   [DEBUG BSI]     - ant_hotspot_classification.json (FILE)
2025-09-14 20:23:01 - [INFO] -   [DEBUG BSI]     - ant_hotspot_classification.png (FILE)
2025-09-14 20:23:01 - [INFO] -   [DEBUG BSI]     - ant_hotspot_classification.xml (FILE)
2025-09-14 20:23:01 - [INFO] -   [DEBUG BSI]     - ant_hotspot_otsu_colored.png (FILE)
2025-09-14 20:23:01 - [INFO] -   [DEBUG BSI]     - ant_hotspot_otsu_colored_blend.png (FILE)
2025-09-14 20:23:01 - [INFO] -   [DEBUG BSI]     - ant_hotspot_otsu_grayscale.png (FILE)
2025-09-14 20:23:01 - [INFO] -   [DEBUG BSI]     - ant_hotspot_yolo.xml (FILE)
2025-09-14 20:23:01 - [INFO] -   [DEBUG BSI]     - ant_mask.png (FILE)
2025-09-14 20:23:01 - [INFO] -   [DEBUG BSI]     - ant_original.png (FILE)
2025-09-14 20:23:01 - [INFO] -   [DEBUG BSI]     - ant_segm.png (FILE)
2025-09-14 20:23:01 - [INFO] -   [DEBUG BSI]     - bsi_quantification_ant.json (FILE)
2025-09-14 20:23:01 - [INFO] -   [DEBUG BSI]     - bsi_quantification_post.json (FILE)
2025-09-14 20:23:01 - [INFO] -   [DEBUG BSI]     - post_hotspot_classification.json (FILE)
2025-09-14 20:23:01 - [INFO] -   [DEBUG BSI]     - post_hotspot_classification.png (FILE)
2025-09-14 20:23:01 - [INFO] -   [DEBUG BSI]     - post_hotspot_classification.xml (FILE)
2025-09-14 20:23:01 - [INFO] -   [DEBUG BSI]     - post_hotspot_otsu_colored.png (FILE)
2025-09-14 20:23:01 - [INFO] -   [DEBUG BSI]     - post_hotspot_otsu_colored_blend.png (FILE)
2025-09-14 20:23:01 - [INFO] -   [DEBUG BSI]     - post_hotspot_otsu_grayscale.png (FILE)
2025-09-14 20:23:01 - [INFO] -   [DEBUG BSI]     - post_hotspot_yolo.xml (FILE)
2025-09-14 20:23:01 - [INFO] -   [DEBUG BSI]     - post_mask.png (FILE)
2025-09-14 20:23:01 - [INFO] -   [DEBUG BSI]     - post_original.png (FILE)
2025-09-14 20:23:01 - [INFO] -   [DEBUG BSI]     - post_segm.png (FILE)
2025-09-14 20:23:01 - [INFO] -   [DEBUG BSI]     - 5001_4.dcm (FILE)
2025-09-14 20:23:01 - [INFO] -   [DEBUG BSI]     - ant_hotspot_classification.json (FILE)
2025-09-14 20:23:01 - [INFO] -   [DEBUG BSI]     - ant_hotspot_classification.png (FILE)
2025-09-14 20:23:01 - [INFO] -   [DEBUG BSI]     - ant_hotspot_classification.xml (FILE)
2025-09-14 20:23:01 - [INFO] -   [DEBUG BSI]     - ant_hotspot_otsu_colored.png (FILE)
2025-09-14 20:23:01 - [INFO] -   [DEBUG BSI]     - ant_hotspot_otsu_colored_blend.png (FILE)
2025-09-14 20:23:01 - [INFO] -   [DEBUG BSI]     - ant_hotspot_otsu_grayscale.png (FILE)
2025-09-14 20:23:01 - [INFO] -   [DEBUG BSI]     - ant_hotspot_yolo.xml (FILE)
2025-09-14 20:23:01 - [INFO] -   [DEBUG BSI]     - ant_mask.png (FILE)
2025-09-14 20:23:01 - [INFO] -   [DEBUG BSI]     - ant_original.png (FILE)
2025-09-14 20:23:01 - [INFO] -   [DEBUG BSI]     - ant_segm.png (FILE)
2025-09-14 20:23:01 - [INFO] -   [DEBUG BSI]     - bsi_quantification_ant.json (FILE)
2025-09-14 20:23:01 - [INFO] -   [DEBUG BSI]     - bsi_quantification_post.json (FILE)
2025-09-14 20:23:01 - [INFO] -   [DEBUG BSI]     - post_hotspot_classification.json (FILE)
2025-09-14 20:23:01 - [INFO] -   [DEBUG BSI]     - post_hotspot_classification.png (FILE)
2025-09-14 20:23:01 - [INFO] -   [DEBUG BSI]     - post_hotspot_classification.xml (FILE)
2025-09-14 20:23:01 - [INFO] -   [DEBUG BSI]     - post_hotspot_otsu_colored.png (FILE)
2025-09-14 20:23:01 - [INFO] -   [DEBUG BSI]     - post_hotspot_otsu_colored_blend.png (FILE)
2025-09-14 20:23:01 - [INFO] -   [DEBUG BSI]     - post_hotspot_otsu_grayscale.png (FILE)
2025-09-14 20:23:01 - [INFO] -   [DEBUG BSI]     - post_hotspot_yolo.xml (FILE)
2025-09-14 20:23:01 - [INFO] -   [DEBUG BSI]     - post_mask.png (FILE)
2025-09-14 20:23:01 - [INFO] -   [DEBUG BSI]     - post_original.png (FILE)
2025-09-14 20:23:01 - [INFO] -   [DEBUG BSI]     - post_segm.png (FILE)
2025-09-14 20:23:01 - [INFO] -   [DEBUG BSI]     - 5001_5.dcm (FILE)
2025-09-14 20:23:01 - [INFO] -   [DEBUG BSI]     - ant_hotspot_classification.json (FILE)
2025-09-14 20:23:01 - [INFO] -   [DEBUG BSI]     - ant_hotspot_classification.png (FILE)
2025-09-14 20:23:01 - [INFO] -   [DEBUG BSI]     - ant_hotspot_classification.xml (FILE)
2025-09-14 20:23:01 - [INFO] -   [DEBUG BSI]     - ant_hotspot_otsu_colored.png (FILE)
2025-09-14 20:23:01 - [INFO] -   [DEBUG BSI]     - ant_hotspot_otsu_colored_blend.png (FILE)
2025-09-14 20:23:01 - [INFO] -   [DEBUG BSI]     - ant_hotspot_otsu_grayscale.png (FILE)
2025-09-14 20:23:01 - [INFO] -   [DEBUG BSI]     - ant_hotspot_yolo.xml (FILE)
2025-09-14 20:23:01 - [INFO] -   [DEBUG BSI]     - ant_mask.png (FILE)
2025-09-14 20:23:01 - [INFO] -   [DEBUG BSI]     - ant_original.png (FILE)
2025-09-14 20:23:01 - [INFO] -   [DEBUG BSI]     - ant_segm.png (FILE)
2025-09-14 20:23:01 - [INFO] -   [DEBUG BSI]     - bsi_quantification_ant.json (FILE)
2025-09-14 20:23:01 - [INFO] -   [DEBUG BSI]     - bsi_quantification_post.json (FILE)
2025-09-14 20:23:01 - [INFO] -   [DEBUG BSI]     - post_hotspot_classification.json (FILE)
2025-09-14 20:23:01 - [INFO] -   [DEBUG BSI]     - post_hotspot_classification.png (FILE)
2025-09-14 20:23:01 - [INFO] -   [DEBUG BSI]     - post_hotspot_classification.xml (FILE)
2025-09-14 20:23:01 - [INFO] -   [DEBUG BSI]     - post_hotspot_otsu_colored.png (FILE)
2025-09-14 20:23:01 - [INFO] -   [DEBUG BSI]     - post_hotspot_otsu_colored_blend.png (FILE)
2025-09-14 20:23:01 - [INFO] -   [DEBUG BSI]     - post_hotspot_otsu_grayscale.png (FILE)
2025-09-14 20:23:01 - [INFO] -   [DEBUG BSI]     - post_hotspot_yolo.xml (FILE)
2025-09-14 20:23:01 - [INFO] -   [DEBUG BSI]     - post_mask.png (FILE)
2025-09-14 20:23:01 - [INFO] -   [DEBUG BSI]     - post_original.png (FILE)
2025-09-14 20:23:01 - [INFO] -   [DEBUG BSI]     - post_segm.png (FILE)
2025-09-14 20:23:01 - [INFO] -   [DEBUG BSI]     - 20250115 (DIR)
2025-09-14 20:23:01 - [INFO] -   [DEBUG BSI]     - 20250214 (DIR)
2025-09-14 20:23:01 - [INFO] -   [DEBUG BSI]     - 20250316 (DIR)
2025-09-14 20:23:01 - [INFO] -   [DEBUG BSI]     - 20250415 (DIR)
2025-09-14 20:23:01 - [INFO] -   [DEBUG BSI]     - 20250515 (DIR)
2025-09-14 20:23:01 - [INFO] - [BSI META INTEGRATION] Found BSI data: {'study_date': '20250214', 'anterior_bsi': 1.051394673420531, 'posterior_bsi': 1.0889740386026672, 'combined_bsi': 1.0701843560115991, 'bsi_score': 1.0701843560115991, 'file_source': 'bsi_quantification_ant.json + bsi_quantification_post.json', 'processing_mode': 'dual_view', 'is_v2': True, 'source_location': 'Study date folder'}
2025-09-14 20:23:01 - [INFO] - [BSI META INTEGRATION]   Updated meta with BSI data:
2025-09-14 20:23:01 - [INFO] - [BSI META INTEGRATION]   Anterior BSI: 1.051394673420531
2025-09-14 20:23:01 - [INFO] - [BSI META INTEGRATION]   Posterior BSI: 1.0889740386026672
2025-09-14 20:23:01 - [INFO] - [BSI META INTEGRATION]   Processing mode: dual_view
2025-09-14 20:23:01 - [INFO] - [BSI META INTEGRATION] Updating scan meta with BSI data
2025-09-14 20:23:01 - [INFO] - [BSI META INTEGRATION] Session code: ATL
2025-09-14 20:23:01 - [INFO] - [BSI META INTEGRATION] Scan path: C:\hotspot\hotspot-analyzer\data\PLANAR\ATL\5001\20250316\5001_3.dcm
2025-09-14 20:23:01 - [INFO] - [BSI EXTRACT INFO] Extracting from path: C:\hotspot\hotspot-analyzer\data\PLANAR\ATL\5001\20250316\5001_3.dcm
2025-09-14 20:23:01 - [INFO] - [BSI EXTRACT INFO] Extracted study_date from DICOM: 20250316
2025-09-14 20:23:01 - [INFO] - [BSI EXTRACT INFO] Extracted patient_id from study_date structure: 5001
2025-09-14 20:23:01 - [INFO] - [BSI EXTRACT INFO] Final result - Patient: 5001, Study: 20250316
2025-09-14 20:23:01 - [INFO] - [BSI META INTEGRATION] Extracted - Patient: 5001, Study: 20250316
2025-09-14 20:23:01 - [INFO] -   [DEBUG QUANT FILES] Getting quantification files for: C:\hotspot\hotspot-analyzer\data\PLANAR\ATL\5001\20250316
2025-09-14 20:23:01 - [INFO] -   [DEBUG QUANT FILES] Detected study_date folder: C:\hotspot\hotspot-analyzer\data\PLANAR\ATL\5001\20250316
2025-09-14 20:23:01 - [INFO] -   [DEBUG QUANT FILES] Generated paths:
2025-09-14 20:23:01 - [INFO] -   [DEBUG QUANT FILES]   bsi_json_ant: C:\hotspot\hotspot-analyzer\data\PLANAR\ATL\5001\20250316\bsi_quantification_ant.json (exists: True)
2025-09-14 20:23:01 - [INFO] -   [DEBUG QUANT FILES]   bsi_json_post: C:\hotspot\hotspot-analyzer\data\PLANAR\ATL\5001\20250316\bsi_quantification_post.json (exists: True)
2025-09-14 20:23:01 - [INFO] - [BSI META INTEGRATION] Found BSI files in study_date folder: C:\hotspot\hotspot-analyzer\data\PLANAR\ATL\5001\20250316
2025-09-14 20:23:01 - [INFO] - [BSI META INTEGRATION] Using patient folder: C:\hotspot\hotspot-analyzer\data\PLANAR\ATL\5001\20250316
2025-09-14 20:23:01 - [INFO] -   [DEBUG BSI] Detected study_date folder, using parent: C:\hotspot\hotspot-analyzer\data\PLANAR\ATL\5001
2025-09-14 20:23:01 - [INFO] -   [DEBUG BSI] Found study_date folder: 20250115
2025-09-14 20:23:01 - [INFO] -   [DEBUG BSI] Found study_date folder: 20250214
2025-09-14 20:23:01 - [INFO] -   [DEBUG BSI] Found study_date folder: 20250316
2025-09-14 20:23:01 - [INFO] -   [DEBUG BSI] Found study_date folder: 20250415
2025-09-14 20:23:01 - [INFO] -   [DEBUG BSI] Found study_date folder: 20250515
2025-09-14 20:23:01 - [INFO] -   [DEBUG BSI]     - 20250115 (DIR)
2025-09-14 20:23:01 - [INFO] -   [DEBUG BSI]     - 20250214 (DIR)
2025-09-14 20:23:01 - [INFO] -   [DEBUG BSI]     - 20250316 (DIR)
2025-09-14 20:23:01 - [INFO] -   [DEBUG BSI]     - 20250415 (DIR)
2025-09-14 20:23:01 - [INFO] -   [DEBUG BSI]     - 20250515 (DIR)
2025-09-14 20:23:01 - [INFO] -   [DEBUG BSI]     - 20250822 (DIR)
2025-09-14 20:23:01 - [INFO] -   [DEBUG BSI]     - 5001_1.dcm (FILE)
2025-09-14 20:23:01 - [INFO] -   [DEBUG BSI]     - ant_hotspot_classification.json (FILE)
2025-09-14 20:23:01 - [INFO] -   [DEBUG BSI]     - ant_hotspot_classification.png (FILE)
2025-09-14 20:23:01 - [INFO] -   [DEBUG BSI]     - ant_hotspot_classification.xml (FILE)
2025-09-14 20:23:01 - [INFO] -   [DEBUG BSI]     - ant_hotspot_otsu_colored.png (FILE)
2025-09-14 20:23:01 - [INFO] -   [DEBUG BSI]     - ant_hotspot_otsu_colored_blend.png (FILE)
2025-09-14 20:23:01 - [INFO] -   [DEBUG BSI]     - ant_hotspot_otsu_grayscale.png (FILE)
2025-09-14 20:23:01 - [INFO] -   [DEBUG BSI]     - ant_hotspot_yolo.xml (FILE)
2025-09-14 20:23:01 - [INFO] -   [DEBUG BSI]     - ant_mask.png (FILE)
2025-09-14 20:23:01 - [INFO] -   [DEBUG BSI]     - ant_original.png (FILE)
2025-09-14 20:23:01 - [INFO] -   [DEBUG BSI]     - ant_segm.png (FILE)
2025-09-14 20:23:01 - [INFO] -   [DEBUG BSI]     - bsi_quantification_ant.json (FILE)
2025-09-14 20:23:01 - [INFO] -   [DEBUG BSI]     - bsi_quantification_post.json (FILE)
2025-09-14 20:23:01 - [INFO] -   [DEBUG BSI]     - post_hotspot_classification.json (FILE)
2025-09-14 20:23:01 - [INFO] -   [DEBUG BSI]     - post_hotspot_classification.png (FILE)
2025-09-14 20:23:01 - [INFO] -   [DEBUG BSI]     - post_hotspot_classification.xml (FILE)
2025-09-14 20:23:01 - [INFO] -   [DEBUG BSI]     - post_hotspot_otsu_colored.png (FILE)
2025-09-14 20:23:01 - [INFO] -   [DEBUG BSI]     - post_hotspot_otsu_colored_blend.png (FILE)
2025-09-14 20:23:01 - [INFO] -   [DEBUG BSI]     - post_hotspot_otsu_grayscale.png (FILE)
2025-09-14 20:23:01 - [INFO] -   [DEBUG BSI]     - post_hotspot_yolo.xml (FILE)
2025-09-14 20:23:01 - [INFO] -   [DEBUG BSI]     - post_mask.png (FILE)
2025-09-14 20:23:01 - [INFO] -   [DEBUG BSI]     - post_original.png (FILE)
2025-09-14 20:23:01 - [INFO] -   [DEBUG BSI]     - post_segm.png (FILE)
2025-09-14 20:23:01 - [INFO] -   [DEBUG BSI]     - 5001_2.dcm (FILE)
2025-09-14 20:23:01 - [INFO] -   [DEBUG BSI]     - ant_hotspot_classification.json (FILE)
2025-09-14 20:23:01 - [INFO] -   [DEBUG BSI]     - ant_hotspot_classification.png (FILE)
2025-09-14 20:23:01 - [INFO] -   [DEBUG BSI]     - ant_hotspot_classification.xml (FILE)
2025-09-14 20:23:01 - [INFO] -   [DEBUG BSI]     - ant_hotspot_otsu_colored.png (FILE)
2025-09-14 20:23:01 - [INFO] -   [DEBUG BSI]     - ant_hotspot_otsu_colored_blend.png (FILE)
2025-09-14 20:23:01 - [INFO] -   [DEBUG BSI]     - ant_hotspot_otsu_grayscale.png (FILE)
2025-09-14 20:23:01 - [INFO] -   [DEBUG BSI]     - ant_hotspot_yolo.xml (FILE)
2025-09-14 20:23:01 - [INFO] -   [DEBUG BSI]     - ant_mask.png (FILE)
2025-09-14 20:23:01 - [INFO] -   [DEBUG BSI]     - ant_original.png (FILE)
2025-09-14 20:23:01 - [INFO] -   [DEBUG BSI]     - ant_segm.png (FILE)
2025-09-14 20:23:01 - [INFO] -   [DEBUG BSI]     - bsi_quantification_ant.json (FILE)
2025-09-14 20:23:01 - [INFO] -   [DEBUG BSI]     - bsi_quantification_post.json (FILE)
2025-09-14 20:23:01 - [INFO] -   [DEBUG BSI]     - post_hotspot_classification.json (FILE)
2025-09-14 20:23:01 - [INFO] -   [DEBUG BSI]     - post_hotspot_classification.png (FILE)
2025-09-14 20:23:01 - [INFO] -   [DEBUG BSI]     - post_hotspot_classification.xml (FILE)
2025-09-14 20:23:01 - [INFO] -   [DEBUG BSI]     - post_hotspot_otsu_colored.png (FILE)
2025-09-14 20:23:01 - [INFO] -   [DEBUG BSI]     - post_hotspot_otsu_colored_blend.png (FILE)
2025-09-14 20:23:01 - [INFO] -   [DEBUG BSI]     - post_hotspot_otsu_grayscale.png (FILE)
2025-09-14 20:23:01 - [INFO] -   [DEBUG BSI]     - post_hotspot_yolo.xml (FILE)
2025-09-14 20:23:01 - [INFO] -   [DEBUG BSI]     - post_mask.png (FILE)
2025-09-14 20:23:01 - [INFO] -   [DEBUG BSI]     - post_original.png (FILE)
2025-09-14 20:23:01 - [INFO] -   [DEBUG BSI]     - post_segm.png (FILE)
2025-09-14 20:23:01 - [INFO] -   [DEBUG BSI]     - 5001_3.dcm (FILE)
2025-09-14 20:23:01 - [INFO] -   [DEBUG BSI]     - ant_hotspot_classification.json (FILE)
2025-09-14 20:23:01 - [INFO] -   [DEBUG BSI]     - ant_hotspot_classification.png (FILE)
2025-09-14 20:23:01 - [INFO] -   [DEBUG BSI]     - ant_hotspot_classification.xml (FILE)
2025-09-14 20:23:01 - [INFO] -   [DEBUG BSI]     - ant_hotspot_otsu_colored.png (FILE)
2025-09-14 20:23:01 - [INFO] -   [DEBUG BSI]     - ant_hotspot_otsu_colored_blend.png (FILE)
2025-09-14 20:23:01 - [INFO] -   [DEBUG BSI]     - ant_hotspot_otsu_grayscale.png (FILE)
2025-09-14 20:23:01 - [INFO] -   [DEBUG BSI]     - ant_hotspot_yolo.xml (FILE)
2025-09-14 20:23:01 - [INFO] -   [DEBUG BSI]     - ant_mask.png (FILE)
2025-09-14 20:23:01 - [INFO] -   [DEBUG BSI]     - ant_original.png (FILE)
2025-09-14 20:23:01 - [INFO] -   [DEBUG BSI]     - ant_segm.png (FILE)
2025-09-14 20:23:01 - [INFO] -   [DEBUG BSI]     - bsi_quantification_ant.json (FILE)
2025-09-14 20:23:01 - [INFO] -   [DEBUG BSI]     - bsi_quantification_post.json (FILE)
2025-09-14 20:23:01 - [INFO] -   [DEBUG BSI]     - post_hotspot_classification.json (FILE)
2025-09-14 20:23:01 - [INFO] -   [DEBUG BSI]     - post_hotspot_classification.png (FILE)
2025-09-14 20:23:01 - [INFO] -   [DEBUG BSI]     - post_hotspot_classification.xml (FILE)
2025-09-14 20:23:01 - [INFO] -   [DEBUG BSI]     - post_hotspot_otsu_colored.png (FILE)
2025-09-14 20:23:01 - [INFO] -   [DEBUG BSI]     - post_hotspot_otsu_colored_blend.png (FILE)
2025-09-14 20:23:01 - [INFO] -   [DEBUG BSI]     - post_hotspot_otsu_grayscale.png (FILE)
2025-09-14 20:23:01 - [INFO] -   [DEBUG BSI]     - post_hotspot_yolo.xml (FILE)
2025-09-14 20:23:01 - [INFO] -   [DEBUG BSI]     - post_mask.png (FILE)
2025-09-14 20:23:01 - [INFO] -   [DEBUG BSI]     - post_original.png (FILE)
2025-09-14 20:23:01 - [INFO] -   [DEBUG BSI]     - post_segm.png (FILE)
2025-09-14 20:23:01 - [INFO] -   [DEBUG BSI]     - 5001_4.dcm (FILE)
2025-09-14 20:23:01 - [INFO] -   [DEBUG BSI]     - ant_hotspot_classification.json (FILE)
2025-09-14 20:23:01 - [INFO] -   [DEBUG BSI]     - ant_hotspot_classification.png (FILE)
2025-09-14 20:23:01 - [INFO] -   [DEBUG BSI]     - ant_hotspot_classification.xml (FILE)
2025-09-14 20:23:01 - [INFO] -   [DEBUG BSI]     - ant_hotspot_otsu_colored.png (FILE)
2025-09-14 20:23:01 - [INFO] -   [DEBUG BSI]     - ant_hotspot_otsu_colored_blend.png (FILE)
2025-09-14 20:23:01 - [INFO] -   [DEBUG BSI]     - ant_hotspot_otsu_grayscale.png (FILE)
2025-09-14 20:23:01 - [INFO] -   [DEBUG BSI]     - ant_hotspot_yolo.xml (FILE)
2025-09-14 20:23:01 - [INFO] -   [DEBUG BSI]     - ant_mask.png (FILE)
2025-09-14 20:23:01 - [INFO] -   [DEBUG BSI]     - ant_original.png (FILE)
2025-09-14 20:23:01 - [INFO] -   [DEBUG BSI]     - ant_segm.png (FILE)
2025-09-14 20:23:01 - [INFO] -   [DEBUG BSI]     - bsi_quantification_ant.json (FILE)
2025-09-14 20:23:01 - [INFO] -   [DEBUG BSI]     - bsi_quantification_post.json (FILE)
2025-09-14 20:23:01 - [INFO] -   [DEBUG BSI]     - post_hotspot_classification.json (FILE)
2025-09-14 20:23:01 - [INFO] -   [DEBUG BSI]     - post_hotspot_classification.png (FILE)
2025-09-14 20:23:01 - [INFO] -   [DEBUG BSI]     - post_hotspot_classification.xml (FILE)
2025-09-14 20:23:01 - [INFO] -   [DEBUG BSI]     - post_hotspot_otsu_colored.png (FILE)
2025-09-14 20:23:01 - [INFO] -   [DEBUG BSI]     - post_hotspot_otsu_colored_blend.png (FILE)
2025-09-14 20:23:02 - [INFO] -   [DEBUG BSI]     - post_hotspot_otsu_grayscale.png (FILE)
2025-09-14 20:23:02 - [INFO] -   [DEBUG BSI]     - post_hotspot_yolo.xml (FILE)
2025-09-14 20:23:02 - [INFO] -   [DEBUG BSI]     - post_mask.png (FILE)
2025-09-14 20:23:02 - [INFO] -   [DEBUG BSI]     - post_original.png (FILE)
2025-09-14 20:23:02 - [INFO] -   [DEBUG BSI]     - post_segm.png (FILE)
2025-09-14 20:23:02 - [INFO] -   [DEBUG BSI]     - 5001_5.dcm (FILE)
2025-09-14 20:23:02 - [INFO] -   [DEBUG BSI]     - ant_hotspot_classification.json (FILE)
2025-09-14 20:23:02 - [INFO] -   [DEBUG BSI]     - ant_hotspot_classification.png (FILE)
2025-09-14 20:23:02 - [INFO] -   [DEBUG BSI]     - ant_hotspot_classification.xml (FILE)
2025-09-14 20:23:02 - [INFO] -   [DEBUG BSI]     - ant_hotspot_otsu_colored.png (FILE)
2025-09-14 20:23:02 - [INFO] -   [DEBUG BSI]     - ant_hotspot_otsu_colored_blend.png (FILE)
2025-09-14 20:23:02 - [INFO] -   [DEBUG BSI]     - ant_hotspot_otsu_grayscale.png (FILE)
2025-09-14 20:23:02 - [INFO] -   [DEBUG BSI]     - ant_hotspot_yolo.xml (FILE)
2025-09-14 20:23:02 - [INFO] -   [DEBUG BSI]     - ant_mask.png (FILE)
2025-09-14 20:23:02 - [INFO] -   [DEBUG BSI]     - ant_original.png (FILE)
2025-09-14 20:23:02 - [INFO] -   [DEBUG BSI]     - ant_segm.png (FILE)
2025-09-14 20:23:02 - [INFO] -   [DEBUG BSI]     - bsi_quantification_ant.json (FILE)
2025-09-14 20:23:02 - [INFO] -   [DEBUG BSI]     - bsi_quantification_post.json (FILE)
2025-09-14 20:23:02 - [INFO] -   [DEBUG BSI]     - post_hotspot_classification.json (FILE)
2025-09-14 20:23:02 - [INFO] -   [DEBUG BSI]     - post_hotspot_classification.png (FILE)
2025-09-14 20:23:02 - [INFO] -   [DEBUG BSI]     - post_hotspot_classification.xml (FILE)
2025-09-14 20:23:02 - [INFO] -   [DEBUG BSI]     - post_hotspot_otsu_colored.png (FILE)
2025-09-14 20:23:02 - [INFO] -   [DEBUG BSI]     - post_hotspot_otsu_colored_blend.png (FILE)
2025-09-14 20:23:02 - [INFO] -   [DEBUG BSI]     - post_hotspot_otsu_grayscale.png (FILE)
2025-09-14 20:23:02 - [INFO] -   [DEBUG BSI]     - post_hotspot_yolo.xml (FILE)
2025-09-14 20:23:02 - [INFO] -   [DEBUG BSI]     - post_mask.png (FILE)
2025-09-14 20:23:02 - [INFO] -   [DEBUG BSI]     - post_original.png (FILE)
2025-09-14 20:23:02 - [INFO] -   [DEBUG BSI]     - post_segm.png (FILE)
2025-09-14 20:23:02 - [INFO] -   [DEBUG BSI]     - 20250115 (DIR)
2025-09-14 20:23:02 - [INFO] -   [DEBUG BSI]     - 20250214 (DIR)
2025-09-14 20:23:02 - [INFO] -   [DEBUG BSI]     - 20250316 (DIR)
2025-09-14 20:23:02 - [INFO] -   [DEBUG BSI]     - 20250415 (DIR)
2025-09-14 20:23:02 - [INFO] -   [DEBUG BSI]     - 20250515 (DIR)
2025-09-14 20:23:02 - [INFO] - [BSI META INTEGRATION] Found BSI data: {'study_date': '20250316', 'anterior_bsi': 1.5613486797522866, 'posterior_bsi': 2.2665429527557532, 'combined_bsi': 1.91394581625402, 'bsi_score': 1.91394581625402, 'file_source': 'bsi_quantification_ant.json + bsi_quantification_post.json', 'processing_mode': 'dual_view', 'is_v2': True, 'source_location': 'Study date folder'}
2025-09-14 20:23:02 - [INFO] - [BSI META INTEGRATION]   Updated meta with BSI data:
2025-09-14 20:23:02 - [INFO] - [BSI META INTEGRATION]   Anterior BSI: 1.5613486797522866
2025-09-14 20:23:02 - [INFO] - [BSI META INTEGRATION]   Posterior BSI: 2.2665429527557532
2025-09-14 20:23:02 - [INFO] - [BSI META INTEGRATION]   Processing mode: dual_view
2025-09-14 20:23:02 - [INFO] - [BSI META INTEGRATION] Updating scan meta with BSI data
2025-09-14 20:23:02 - [INFO] - [BSI META INTEGRATION] Session code: ATL
2025-09-14 20:23:02 - [INFO] - [BSI META INTEGRATION] Scan path: C:\hotspot\hotspot-analyzer\data\PLANAR\ATL\5001\20250415\5001_4.dcm
2025-09-14 20:23:02 - [INFO] - [BSI EXTRACT INFO] Extracting from path: C:\hotspot\hotspot-analyzer\data\PLANAR\ATL\5001\20250415\5001_4.dcm
2025-09-14 20:23:02 - [INFO] - [BSI EXTRACT INFO] Extracted study_date from DICOM: 20250415
2025-09-14 20:23:02 - [INFO] - [BSI EXTRACT INFO] Extracted patient_id from study_date structure: 5001
2025-09-14 20:23:02 - [INFO] - [BSI EXTRACT INFO] Final result - Patient: 5001, Study: 20250415
2025-09-14 20:23:02 - [INFO] - [BSI META INTEGRATION] Extracted - Patient: 5001, Study: 20250415
2025-09-14 20:23:02 - [INFO] -   [DEBUG QUANT FILES] Getting quantification files for: C:\hotspot\hotspot-analyzer\data\PLANAR\ATL\5001\20250415
2025-09-14 20:23:02 - [INFO] -   [DEBUG QUANT FILES] Detected study_date folder: C:\hotspot\hotspot-analyzer\data\PLANAR\ATL\5001\20250415
2025-09-14 20:23:02 - [INFO] -   [DEBUG QUANT FILES] Generated paths:
2025-09-14 20:23:02 - [INFO] -   [DEBUG QUANT FILES]   bsi_json_ant: C:\hotspot\hotspot-analyzer\data\PLANAR\ATL\5001\20250415\bsi_quantification_ant.json (exists: True)
2025-09-14 20:23:02 - [INFO] -   [DEBUG QUANT FILES]   bsi_json_post: C:\hotspot\hotspot-analyzer\data\PLANAR\ATL\5001\20250415\bsi_quantification_post.json (exists: True)
2025-09-14 20:23:02 - [INFO] - [BSI META INTEGRATION] Found BSI files in study_date folder: C:\hotspot\hotspot-analyzer\data\PLANAR\ATL\5001\20250415
2025-09-14 20:23:02 - [INFO] - [BSI META INTEGRATION] Using patient folder: C:\hotspot\hotspot-analyzer\data\PLANAR\ATL\5001\20250415
2025-09-14 20:23:02 - [INFO] -   [DEBUG BSI] Detected study_date folder, using parent: C:\hotspot\hotspot-analyzer\data\PLANAR\ATL\5001
2025-09-14 20:23:02 - [INFO] -   [DEBUG BSI] Found study_date folder: 20250115
2025-09-14 20:23:02 - [INFO] -   [DEBUG BSI] Found study_date folder: 20250214
2025-09-14 20:23:02 - [INFO] -   [DEBUG BSI] Found study_date folder: 20250316
2025-09-14 20:23:02 - [INFO] -   [DEBUG BSI] Found study_date folder: 20250415
2025-09-14 20:23:02 - [INFO] -   [DEBUG BSI] Found study_date folder: 20250515
2025-09-14 20:23:02 - [INFO] -   [DEBUG BSI]     - 20250115 (DIR)
2025-09-14 20:23:02 - [INFO] -   [DEBUG BSI]     - 20250214 (DIR)
2025-09-14 20:23:02 - [INFO] -   [DEBUG BSI]     - 20250316 (DIR)
2025-09-14 20:23:02 - [INFO] -   [DEBUG BSI]     - 20250415 (DIR)
2025-09-14 20:23:02 - [INFO] -   [DEBUG BSI]     - 20250515 (DIR)
2025-09-14 20:23:02 - [INFO] -   [DEBUG BSI]     - 20250822 (DIR)
2025-09-14 20:23:02 - [INFO] -   [DEBUG BSI]     - 5001_1.dcm (FILE)
2025-09-14 20:23:02 - [INFO] -   [DEBUG BSI]     - ant_hotspot_classification.json (FILE)
2025-09-14 20:23:02 - [INFO] -   [DEBUG BSI]     - ant_hotspot_classification.png (FILE)
2025-09-14 20:23:02 - [INFO] -   [DEBUG BSI]     - ant_hotspot_classification.xml (FILE)
2025-09-14 20:23:02 - [INFO] -   [DEBUG BSI]     - ant_hotspot_otsu_colored.png (FILE)
2025-09-14 20:23:02 - [INFO] -   [DEBUG BSI]     - ant_hotspot_otsu_colored_blend.png (FILE)
2025-09-14 20:23:02 - [INFO] -   [DEBUG BSI]     - ant_hotspot_otsu_grayscale.png (FILE)
2025-09-14 20:23:02 - [INFO] -   [DEBUG BSI]     - ant_hotspot_yolo.xml (FILE)
2025-09-14 20:23:02 - [INFO] -   [DEBUG BSI]     - ant_mask.png (FILE)
2025-09-14 20:23:02 - [INFO] -   [DEBUG BSI]     - ant_original.png (FILE)
2025-09-14 20:23:02 - [INFO] -   [DEBUG BSI]     - ant_segm.png (FILE)
2025-09-14 20:23:02 - [INFO] -   [DEBUG BSI]     - bsi_quantification_ant.json (FILE)
2025-09-14 20:23:02 - [INFO] -   [DEBUG BSI]     - bsi_quantification_post.json (FILE)
2025-09-14 20:23:02 - [INFO] -   [DEBUG BSI]     - post_hotspot_classification.json (FILE)
2025-09-14 20:23:02 - [INFO] -   [DEBUG BSI]     - post_hotspot_classification.png (FILE)
2025-09-14 20:23:02 - [INFO] -   [DEBUG BSI]     - post_hotspot_classification.xml (FILE)
2025-09-14 20:23:02 - [INFO] -   [DEBUG BSI]     - post_hotspot_otsu_colored.png (FILE)
2025-09-14 20:23:02 - [INFO] -   [DEBUG BSI]     - post_hotspot_otsu_colored_blend.png (FILE)
2025-09-14 20:23:02 - [INFO] -   [DEBUG BSI]     - post_hotspot_otsu_grayscale.png (FILE)
2025-09-14 20:23:02 - [INFO] -   [DEBUG BSI]     - post_hotspot_yolo.xml (FILE)
2025-09-14 20:23:02 - [INFO] -   [DEBUG BSI]     - post_mask.png (FILE)
2025-09-14 20:23:02 - [INFO] -   [DEBUG BSI]     - post_original.png (FILE)
2025-09-14 20:23:02 - [INFO] -   [DEBUG BSI]     - post_segm.png (FILE)
2025-09-14 20:23:02 - [INFO] -   [DEBUG BSI]     - 5001_2.dcm (FILE)
2025-09-14 20:23:02 - [INFO] -   [DEBUG BSI]     - ant_hotspot_classification.json (FILE)
2025-09-14 20:23:02 - [INFO] -   [DEBUG BSI]     - ant_hotspot_classification.png (FILE)
2025-09-14 20:23:02 - [INFO] -   [DEBUG BSI]     - ant_hotspot_classification.xml (FILE)
2025-09-14 20:23:02 - [INFO] -   [DEBUG BSI]     - ant_hotspot_otsu_colored.png (FILE)
2025-09-14 20:23:02 - [INFO] -   [DEBUG BSI]     - ant_hotspot_otsu_colored_blend.png (FILE)
2025-09-14 20:23:02 - [INFO] -   [DEBUG BSI]     - ant_hotspot_otsu_grayscale.png (FILE)
2025-09-14 20:23:02 - [INFO] -   [DEBUG BSI]     - ant_hotspot_yolo.xml (FILE)
2025-09-14 20:23:02 - [INFO] -   [DEBUG BSI]     - ant_mask.png (FILE)
2025-09-14 20:23:02 - [INFO] -   [DEBUG BSI]     - ant_original.png (FILE)
2025-09-14 20:23:02 - [INFO] -   [DEBUG BSI]     - ant_segm.png (FILE)
2025-09-14 20:23:02 - [INFO] -   [DEBUG BSI]     - bsi_quantification_ant.json (FILE)
2025-09-14 20:23:02 - [INFO] -   [DEBUG BSI]     - bsi_quantification_post.json (FILE)
2025-09-14 20:23:02 - [INFO] -   [DEBUG BSI]     - post_hotspot_classification.json (FILE)
2025-09-14 20:23:02 - [INFO] -   [DEBUG BSI]     - post_hotspot_classification.png (FILE)
2025-09-14 20:23:02 - [INFO] -   [DEBUG BSI]     - post_hotspot_classification.xml (FILE)
2025-09-14 20:23:02 - [INFO] -   [DEBUG BSI]     - post_hotspot_otsu_colored.png (FILE)
2025-09-14 20:23:02 - [INFO] -   [DEBUG BSI]     - post_hotspot_otsu_colored_blend.png (FILE)
2025-09-14 20:23:02 - [INFO] -   [DEBUG BSI]     - post_hotspot_otsu_grayscale.png (FILE)
2025-09-14 20:23:02 - [INFO] -   [DEBUG BSI]     - post_hotspot_yolo.xml (FILE)
2025-09-14 20:23:02 - [INFO] -   [DEBUG BSI]     - post_mask.png (FILE)
2025-09-14 20:23:02 - [INFO] -   [DEBUG BSI]     - post_original.png (FILE)
2025-09-14 20:23:02 - [INFO] -   [DEBUG BSI]     - post_segm.png (FILE)
2025-09-14 20:23:02 - [INFO] -   [DEBUG BSI]     - 5001_3.dcm (FILE)
2025-09-14 20:23:02 - [INFO] -   [DEBUG BSI]     - ant_hotspot_classification.json (FILE)
2025-09-14 20:23:02 - [INFO] -   [DEBUG BSI]     - ant_hotspot_classification.png (FILE)
2025-09-14 20:23:02 - [INFO] -   [DEBUG BSI]     - ant_hotspot_classification.xml (FILE)
2025-09-14 20:23:02 - [INFO] -   [DEBUG BSI]     - ant_hotspot_otsu_colored.png (FILE)
2025-09-14 20:23:02 - [INFO] -   [DEBUG BSI]     - ant_hotspot_otsu_colored_blend.png (FILE)
2025-09-14 20:23:02 - [INFO] -   [DEBUG BSI]     - ant_hotspot_otsu_grayscale.png (FILE)
2025-09-14 20:23:02 - [INFO] -   [DEBUG BSI]     - ant_hotspot_yolo.xml (FILE)
2025-09-14 20:23:02 - [INFO] -   [DEBUG BSI]     - ant_mask.png (FILE)
2025-09-14 20:23:02 - [INFO] -   [DEBUG BSI]     - ant_original.png (FILE)
2025-09-14 20:23:02 - [INFO] -   [DEBUG BSI]     - ant_segm.png (FILE)
2025-09-14 20:23:02 - [INFO] -   [DEBUG BSI]     - bsi_quantification_ant.json (FILE)
2025-09-14 20:23:02 - [INFO] -   [DEBUG BSI]     - bsi_quantification_post.json (FILE)
2025-09-14 20:23:02 - [INFO] -   [DEBUG BSI]     - post_hotspot_classification.json (FILE)
2025-09-14 20:23:02 - [INFO] -   [DEBUG BSI]     - post_hotspot_classification.png (FILE)
2025-09-14 20:23:02 - [INFO] -   [DEBUG BSI]     - post_hotspot_classification.xml (FILE)
2025-09-14 20:23:02 - [INFO] -   [DEBUG BSI]     - post_hotspot_otsu_colored.png (FILE)
2025-09-14 20:23:02 - [INFO] -   [DEBUG BSI]     - post_hotspot_otsu_colored_blend.png (FILE)
2025-09-14 20:23:02 - [INFO] -   [DEBUG BSI]     - post_hotspot_otsu_grayscale.png (FILE)
2025-09-14 20:23:02 - [INFO] -   [DEBUG BSI]     - post_hotspot_yolo.xml (FILE)
2025-09-14 20:23:02 - [INFO] -   [DEBUG BSI]     - post_mask.png (FILE)
2025-09-14 20:23:02 - [INFO] -   [DEBUG BSI]     - post_original.png (FILE)
2025-09-14 20:23:02 - [INFO] -   [DEBUG BSI]     - post_segm.png (FILE)
2025-09-14 20:23:02 - [INFO] -   [DEBUG BSI]     - 5001_4.dcm (FILE)
2025-09-14 20:23:02 - [INFO] -   [DEBUG BSI]     - ant_hotspot_classification.json (FILE)
2025-09-14 20:23:02 - [INFO] -   [DEBUG BSI]     - ant_hotspot_classification.png (FILE)
2025-09-14 20:23:02 - [INFO] -   [DEBUG BSI]     - ant_hotspot_classification.xml (FILE)
2025-09-14 20:23:02 - [INFO] -   [DEBUG BSI]     - ant_hotspot_otsu_colored.png (FILE)
2025-09-14 20:23:02 - [INFO] -   [DEBUG BSI]     - ant_hotspot_otsu_colored_blend.png (FILE)
2025-09-14 20:23:02 - [INFO] -   [DEBUG BSI]     - ant_hotspot_otsu_grayscale.png (FILE)
2025-09-14 20:23:02 - [INFO] -   [DEBUG BSI]     - ant_hotspot_yolo.xml (FILE)
2025-09-14 20:23:02 - [INFO] -   [DEBUG BSI]     - ant_mask.png (FILE)
2025-09-14 20:23:02 - [INFO] -   [DEBUG BSI]     - ant_original.png (FILE)
2025-09-14 20:23:02 - [INFO] -   [DEBUG BSI]     - ant_segm.png (FILE)
2025-09-14 20:23:02 - [INFO] -   [DEBUG BSI]     - bsi_quantification_ant.json (FILE)
2025-09-14 20:23:02 - [INFO] -   [DEBUG BSI]     - bsi_quantification_post.json (FILE)
2025-09-14 20:23:02 - [INFO] -   [DEBUG BSI]     - post_hotspot_classification.json (FILE)
2025-09-14 20:23:02 - [INFO] -   [DEBUG BSI]     - post_hotspot_classification.png (FILE)
2025-09-14 20:23:02 - [INFO] -   [DEBUG BSI]     - post_hotspot_classification.xml (FILE)
2025-09-14 20:23:02 - [INFO] -   [DEBUG BSI]     - post_hotspot_otsu_colored.png (FILE)
2025-09-14 20:23:02 - [INFO] -   [DEBUG BSI]     - post_hotspot_otsu_colored_blend.png (FILE)
2025-09-14 20:23:02 - [INFO] -   [DEBUG BSI]     - post_hotspot_otsu_grayscale.png (FILE)
2025-09-14 20:23:02 - [INFO] -   [DEBUG BSI]     - post_hotspot_yolo.xml (FILE)
2025-09-14 20:23:02 - [INFO] -   [DEBUG BSI]     - post_mask.png (FILE)
2025-09-14 20:23:02 - [INFO] -   [DEBUG BSI]     - post_original.png (FILE)
2025-09-14 20:23:02 - [INFO] -   [DEBUG BSI]     - post_segm.png (FILE)
2025-09-14 20:23:02 - [INFO] -   [DEBUG BSI]     - 5001_5.dcm (FILE)
2025-09-14 20:23:02 - [INFO] -   [DEBUG BSI]     - ant_hotspot_classification.json (FILE)
2025-09-14 20:23:02 - [INFO] -   [DEBUG BSI]     - ant_hotspot_classification.png (FILE)
2025-09-14 20:23:02 - [INFO] -   [DEBUG BSI]     - ant_hotspot_classification.xml (FILE)
2025-09-14 20:23:02 - [INFO] -   [DEBUG BSI]     - ant_hotspot_otsu_colored.png (FILE)
2025-09-14 20:23:02 - [INFO] -   [DEBUG BSI]     - ant_hotspot_otsu_colored_blend.png (FILE)
2025-09-14 20:23:02 - [INFO] -   [DEBUG BSI]     - ant_hotspot_otsu_grayscale.png (FILE)
2025-09-14 20:23:02 - [INFO] -   [DEBUG BSI]     - ant_hotspot_yolo.xml (FILE)
2025-09-14 20:23:02 - [INFO] -   [DEBUG BSI]     - ant_mask.png (FILE)
2025-09-14 20:23:02 - [INFO] -   [DEBUG BSI]     - ant_original.png (FILE)
2025-09-14 20:23:02 - [INFO] -   [DEBUG BSI]     - ant_segm.png (FILE)
2025-09-14 20:23:02 - [INFO] -   [DEBUG BSI]     - bsi_quantification_ant.json (FILE)
2025-09-14 20:23:02 - [INFO] -   [DEBUG BSI]     - bsi_quantification_post.json (FILE)
2025-09-14 20:23:02 - [INFO] -   [DEBUG BSI]     - post_hotspot_classification.json (FILE)
2025-09-14 20:23:02 - [INFO] -   [DEBUG BSI]     - post_hotspot_classification.png (FILE)
2025-09-14 20:23:02 - [INFO] -   [DEBUG BSI]     - post_hotspot_classification.xml (FILE)
2025-09-14 20:23:02 - [INFO] -   [DEBUG BSI]     - post_hotspot_otsu_colored.png (FILE)
2025-09-14 20:23:02 - [INFO] -   [DEBUG BSI]     - post_hotspot_otsu_colored_blend.png (FILE)
2025-09-14 20:23:02 - [INFO] -   [DEBUG BSI]     - post_hotspot_otsu_grayscale.png (FILE)
2025-09-14 20:23:02 - [INFO] -   [DEBUG BSI]     - post_hotspot_yolo.xml (FILE)
2025-09-14 20:23:02 - [INFO] -   [DEBUG BSI]     - post_mask.png (FILE)
2025-09-14 20:23:02 - [INFO] -   [DEBUG BSI]     - post_original.png (FILE)
2025-09-14 20:23:02 - [INFO] -   [DEBUG BSI]     - post_segm.png (FILE)
2025-09-14 20:23:02 - [INFO] -   [DEBUG BSI]     - 20250115 (DIR)
2025-09-14 20:23:02 - [INFO] -   [DEBUG BSI]     - 20250214 (DIR)
2025-09-14 20:23:02 - [INFO] -   [DEBUG BSI]     - 20250316 (DIR)
2025-09-14 20:23:02 - [INFO] -   [DEBUG BSI]     - 20250415 (DIR)
2025-09-14 20:23:02 - [INFO] -   [DEBUG BSI]     - 20250515 (DIR)
2025-09-14 20:23:02 - [INFO] - [BSI META INTEGRATION] Found BSI data: {'study_date': '20250415', 'anterior_bsi': 0.2115329349333735, 'posterior_bsi': 0.27307796205567236, 'combined_bsi': 0.24230544849452293, 'bsi_score': 0.24230544849452293, 'file_source': 'bsi_quantification_ant.json + bsi_quantification_post.json', 'processing_mode': 'dual_view', 'is_v2': True, 'source_location': 'Study date folder'}
2025-09-14 20:23:02 - [INFO] - [BSI META INTEGRATION]   Updated meta with BSI data:
2025-09-14 20:23:02 - [INFO] - [BSI META INTEGRATION]   Anterior BSI: 0.2115329349333735
2025-09-14 20:23:02 - [INFO] - [BSI META INTEGRATION]   Posterior BSI: 0.27307796205567236
2025-09-14 20:23:02 - [INFO] - [BSI META INTEGRATION]   Processing mode: dual_view
2025-09-14 20:23:02 - [INFO] - [BSI META INTEGRATION] Updating scan meta with BSI data
2025-09-14 20:23:02 - [INFO] - [BSI META INTEGRATION] Session code: ATL
2025-09-14 20:23:02 - [INFO] - [BSI META INTEGRATION] Scan path: C:\hotspot\hotspot-analyzer\data\PLANAR\ATL\5001\20250515\5001_5.dcm
2025-09-14 20:23:02 - [INFO] - [BSI EXTRACT INFO] Extracting from path: C:\hotspot\hotspot-analyzer\data\PLANAR\ATL\5001\20250515\5001_5.dcm
2025-09-14 20:23:02 - [INFO] - [BSI EXTRACT INFO] Extracted study_date from DICOM: 20250515
2025-09-14 20:23:02 - [INFO] - [BSI EXTRACT INFO] Extracted patient_id from study_date structure: 5001
2025-09-14 20:23:02 - [INFO] - [BSI EXTRACT INFO] Final result - Patient: 5001, Study: 20250515
2025-09-14 20:23:02 - [INFO] - [BSI META INTEGRATION] Extracted - Patient: 5001, Study: 20250515
2025-09-14 20:23:02 - [INFO] -   [DEBUG QUANT FILES] Getting quantification files for: C:\hotspot\hotspot-analyzer\data\PLANAR\ATL\5001\20250515
2025-09-14 20:23:02 - [INFO] -   [DEBUG QUANT FILES] Detected study_date folder: C:\hotspot\hotspot-analyzer\data\PLANAR\ATL\5001\20250515
2025-09-14 20:23:02 - [INFO] -   [DEBUG QUANT FILES] Generated paths:
2025-09-14 20:23:02 - [INFO] -   [DEBUG QUANT FILES]   bsi_json_ant: C:\hotspot\hotspot-analyzer\data\PLANAR\ATL\5001\20250515\bsi_quantification_ant.json (exists: True)
2025-09-14 20:23:02 - [INFO] -   [DEBUG QUANT FILES]   bsi_json_post: C:\hotspot\hotspot-analyzer\data\PLANAR\ATL\5001\20250515\bsi_quantification_post.json (exists: True)
2025-09-14 20:23:02 - [INFO] - [BSI META INTEGRATION] Found BSI files in study_date folder: C:\hotspot\hotspot-analyzer\data\PLANAR\ATL\5001\20250515
2025-09-14 20:23:02 - [INFO] - [BSI META INTEGRATION] Using patient folder: C:\hotspot\hotspot-analyzer\data\PLANAR\ATL\5001\20250515
2025-09-14 20:23:02 - [INFO] -   [DEBUG BSI] Detected study_date folder, using parent: C:\hotspot\hotspot-analyzer\data\PLANAR\ATL\5001
2025-09-14 20:23:02 - [INFO] -   [DEBUG BSI] Found study_date folder: 20250115
2025-09-14 20:23:02 - [INFO] -   [DEBUG BSI] Found study_date folder: 20250214
2025-09-14 20:23:02 - [INFO] -   [DEBUG BSI] Found study_date folder: 20250316
2025-09-14 20:23:02 - [INFO] -   [DEBUG BSI] Found study_date folder: 20250415
2025-09-14 20:23:02 - [INFO] -   [DEBUG BSI] Found study_date folder: 20250515
2025-09-14 20:23:02 - [INFO] -   [DEBUG BSI]     - 20250115 (DIR)
2025-09-14 20:23:02 - [INFO] -   [DEBUG BSI]     - 20250214 (DIR)
2025-09-14 20:23:02 - [INFO] -   [DEBUG BSI]     - 20250316 (DIR)
2025-09-14 20:23:02 - [INFO] -   [DEBUG BSI]     - 20250415 (DIR)
2025-09-14 20:23:02 - [INFO] -   [DEBUG BSI]     - 20250515 (DIR)
2025-09-14 20:23:02 - [INFO] -   [DEBUG BSI]     - 20250822 (DIR)
2025-09-14 20:23:02 - [INFO] -   [DEBUG BSI]     - 5001_1.dcm (FILE)
2025-09-14 20:23:02 - [INFO] -   [DEBUG BSI]     - ant_hotspot_classification.json (FILE)
2025-09-14 20:23:02 - [INFO] -   [DEBUG BSI]     - ant_hotspot_classification.png (FILE)
2025-09-14 20:23:02 - [INFO] -   [DEBUG BSI]     - ant_hotspot_classification.xml (FILE)
2025-09-14 20:23:02 - [INFO] -   [DEBUG BSI]     - ant_hotspot_otsu_colored.png (FILE)
2025-09-14 20:23:02 - [INFO] -   [DEBUG BSI]     - ant_hotspot_otsu_colored_blend.png (FILE)
2025-09-14 20:23:02 - [INFO] -   [DEBUG BSI]     - ant_hotspot_otsu_grayscale.png (FILE)
2025-09-14 20:23:02 - [INFO] -   [DEBUG BSI]     - ant_hotspot_yolo.xml (FILE)
2025-09-14 20:23:02 - [INFO] -   [DEBUG BSI]     - ant_mask.png (FILE)
2025-09-14 20:23:02 - [INFO] -   [DEBUG BSI]     - ant_original.png (FILE)
2025-09-14 20:23:02 - [INFO] -   [DEBUG BSI]     - ant_segm.png (FILE)
2025-09-14 20:23:02 - [INFO] -   [DEBUG BSI]     - bsi_quantification_ant.json (FILE)
2025-09-14 20:23:02 - [INFO] -   [DEBUG BSI]     - bsi_quantification_post.json (FILE)
2025-09-14 20:23:02 - [INFO] -   [DEBUG BSI]     - post_hotspot_classification.json (FILE)
2025-09-14 20:23:02 - [INFO] -   [DEBUG BSI]     - post_hotspot_classification.png (FILE)
2025-09-14 20:23:02 - [INFO] -   [DEBUG BSI]     - post_hotspot_classification.xml (FILE)
2025-09-14 20:23:02 - [INFO] -   [DEBUG BSI]     - post_hotspot_otsu_colored.png (FILE)
2025-09-14 20:23:02 - [INFO] -   [DEBUG BSI]     - post_hotspot_otsu_colored_blend.png (FILE)
2025-09-14 20:23:02 - [INFO] -   [DEBUG BSI]     - post_hotspot_otsu_grayscale.png (FILE)
2025-09-14 20:23:02 - [INFO] -   [DEBUG BSI]     - post_hotspot_yolo.xml (FILE)
2025-09-14 20:23:02 - [INFO] -   [DEBUG BSI]     - post_mask.png (FILE)
2025-09-14 20:23:02 - [INFO] -   [DEBUG BSI]     - post_original.png (FILE)
2025-09-14 20:23:02 - [INFO] -   [DEBUG BSI]     - post_segm.png (FILE)
2025-09-14 20:23:02 - [INFO] -   [DEBUG BSI]     - 5001_2.dcm (FILE)
2025-09-14 20:23:02 - [INFO] -   [DEBUG BSI]     - ant_hotspot_classification.json (FILE)
2025-09-14 20:23:02 - [INFO] -   [DEBUG BSI]     - ant_hotspot_classification.png (FILE)
2025-09-14 20:23:02 - [INFO] -   [DEBUG BSI]     - ant_hotspot_classification.xml (FILE)
2025-09-14 20:23:02 - [INFO] -   [DEBUG BSI]     - ant_hotspot_otsu_colored.png (FILE)
2025-09-14 20:23:02 - [INFO] -   [DEBUG BSI]     - ant_hotspot_otsu_colored_blend.png (FILE)
2025-09-14 20:23:02 - [INFO] -   [DEBUG BSI]     - ant_hotspot_otsu_grayscale.png (FILE)
2025-09-14 20:23:02 - [INFO] -   [DEBUG BSI]     - ant_hotspot_yolo.xml (FILE)
2025-09-14 20:23:02 - [INFO] -   [DEBUG BSI]     - ant_mask.png (FILE)
2025-09-14 20:23:02 - [INFO] -   [DEBUG BSI]     - ant_original.png (FILE)
2025-09-14 20:23:02 - [INFO] -   [DEBUG BSI]     - ant_segm.png (FILE)
2025-09-14 20:23:02 - [INFO] -   [DEBUG BSI]     - bsi_quantification_ant.json (FILE)
2025-09-14 20:23:02 - [INFO] -   [DEBUG BSI]     - bsi_quantification_post.json (FILE)
2025-09-14 20:23:02 - [INFO] -   [DEBUG BSI]     - post_hotspot_classification.json (FILE)
2025-09-14 20:23:02 - [INFO] -   [DEBUG BSI]     - post_hotspot_classification.png (FILE)
2025-09-14 20:23:02 - [INFO] -   [DEBUG BSI]     - post_hotspot_classification.xml (FILE)
2025-09-14 20:23:02 - [INFO] -   [DEBUG BSI]     - post_hotspot_otsu_colored.png (FILE)
2025-09-14 20:23:02 - [INFO] -   [DEBUG BSI]     - post_hotspot_otsu_colored_blend.png (FILE)
2025-09-14 20:23:02 - [INFO] -   [DEBUG BSI]     - post_hotspot_otsu_grayscale.png (FILE)
2025-09-14 20:23:02 - [INFO] -   [DEBUG BSI]     - post_hotspot_yolo.xml (FILE)
2025-09-14 20:23:02 - [INFO] -   [DEBUG BSI]     - post_mask.png (FILE)
2025-09-14 20:23:02 - [INFO] -   [DEBUG BSI]     - post_original.png (FILE)
2025-09-14 20:23:02 - [INFO] -   [DEBUG BSI]     - post_segm.png (FILE)
2025-09-14 20:23:02 - [INFO] -   [DEBUG BSI]     - 5001_3.dcm (FILE)
2025-09-14 20:23:02 - [INFO] -   [DEBUG BSI]     - ant_hotspot_classification.json (FILE)
2025-09-14 20:23:02 - [INFO] -   [DEBUG BSI]     - ant_hotspot_classification.png (FILE)
2025-09-14 20:23:02 - [INFO] -   [DEBUG BSI]     - ant_hotspot_classification.xml (FILE)
2025-09-14 20:23:02 - [INFO] -   [DEBUG BSI]     - ant_hotspot_otsu_colored.png (FILE)
2025-09-14 20:23:02 - [INFO] -   [DEBUG BSI]     - ant_hotspot_otsu_colored_blend.png (FILE)
2025-09-14 20:23:02 - [INFO] -   [DEBUG BSI]     - ant_hotspot_otsu_grayscale.png (FILE)
2025-09-14 20:23:02 - [INFO] -   [DEBUG BSI]     - ant_hotspot_yolo.xml (FILE)
2025-09-14 20:23:02 - [INFO] -   [DEBUG BSI]     - ant_mask.png (FILE)
2025-09-14 20:23:02 - [INFO] -   [DEBUG BSI]     - ant_original.png (FILE)
2025-09-14 20:23:02 - [INFO] -   [DEBUG BSI]     - ant_segm.png (FILE)
2025-09-14 20:23:02 - [INFO] -   [DEBUG BSI]     - bsi_quantification_ant.json (FILE)
2025-09-14 20:23:02 - [INFO] -   [DEBUG BSI]     - bsi_quantification_post.json (FILE)
2025-09-14 20:23:02 - [INFO] -   [DEBUG BSI]     - post_hotspot_classification.json (FILE)
2025-09-14 20:23:02 - [INFO] -   [DEBUG BSI]     - post_hotspot_classification.png (FILE)
2025-09-14 20:23:02 - [INFO] -   [DEBUG BSI]     - post_hotspot_classification.xml (FILE)
2025-09-14 20:23:02 - [INFO] -   [DEBUG BSI]     - post_hotspot_otsu_colored.png (FILE)
2025-09-14 20:23:02 - [INFO] -   [DEBUG BSI]     - post_hotspot_otsu_colored_blend.png (FILE)
2025-09-14 20:23:02 - [INFO] -   [DEBUG BSI]     - post_hotspot_otsu_grayscale.png (FILE)
2025-09-14 20:23:02 - [INFO] -   [DEBUG BSI]     - post_hotspot_yolo.xml (FILE)
2025-09-14 20:23:02 - [INFO] -   [DEBUG BSI]     - post_mask.png (FILE)
2025-09-14 20:23:02 - [INFO] -   [DEBUG BSI]     - post_original.png (FILE)
2025-09-14 20:23:02 - [INFO] -   [DEBUG BSI]     - post_segm.png (FILE)
2025-09-14 20:23:02 - [INFO] -   [DEBUG BSI]     - 5001_4.dcm (FILE)
2025-09-14 20:23:02 - [INFO] -   [DEBUG BSI]     - ant_hotspot_classification.json (FILE)
2025-09-14 20:23:02 - [INFO] -   [DEBUG BSI]     - ant_hotspot_classification.png (FILE)
2025-09-14 20:23:02 - [INFO] -   [DEBUG BSI]     - ant_hotspot_classification.xml (FILE)
2025-09-14 20:23:02 - [INFO] -   [DEBUG BSI]     - ant_hotspot_otsu_colored.png (FILE)
2025-09-14 20:23:02 - [INFO] -   [DEBUG BSI]     - ant_hotspot_otsu_colored_blend.png (FILE)
2025-09-14 20:23:02 - [INFO] -   [DEBUG BSI]     - ant_hotspot_otsu_grayscale.png (FILE)
2025-09-14 20:23:02 - [INFO] -   [DEBUG BSI]     - ant_hotspot_yolo.xml (FILE)
2025-09-14 20:23:02 - [INFO] -   [DEBUG BSI]     - ant_mask.png (FILE)
2025-09-14 20:23:02 - [INFO] -   [DEBUG BSI]     - ant_original.png (FILE)
2025-09-14 20:23:02 - [INFO] -   [DEBUG BSI]     - ant_segm.png (FILE)
2025-09-14 20:23:02 - [INFO] -   [DEBUG BSI]     - bsi_quantification_ant.json (FILE)
2025-09-14 20:23:02 - [INFO] -   [DEBUG BSI]     - bsi_quantification_post.json (FILE)
2025-09-14 20:23:02 - [INFO] -   [DEBUG BSI]     - post_hotspot_classification.json (FILE)
2025-09-14 20:23:02 - [INFO] -   [DEBUG BSI]     - post_hotspot_classification.png (FILE)
2025-09-14 20:23:02 - [INFO] -   [DEBUG BSI]     - post_hotspot_classification.xml (FILE)
2025-09-14 20:23:02 - [INFO] -   [DEBUG BSI]     - post_hotspot_otsu_colored.png (FILE)
2025-09-14 20:23:02 - [INFO] -   [DEBUG BSI]     - post_hotspot_otsu_colored_blend.png (FILE)
2025-09-14 20:23:02 - [INFO] -   [DEBUG BSI]     - post_hotspot_otsu_grayscale.png (FILE)
2025-09-14 20:23:02 - [INFO] -   [DEBUG BSI]     - post_hotspot_yolo.xml (FILE)
2025-09-14 20:23:02 - [INFO] -   [DEBUG BSI]     - post_mask.png (FILE)
2025-09-14 20:23:02 - [INFO] -   [DEBUG BSI]     - post_original.png (FILE)
2025-09-14 20:23:02 - [INFO] -   [DEBUG BSI]     - post_segm.png (FILE)
2025-09-14 20:23:02 - [INFO] -   [DEBUG BSI]     - 5001_5.dcm (FILE)
2025-09-14 20:23:02 - [INFO] -   [DEBUG BSI]     - ant_hotspot_classification.json (FILE)
2025-09-14 20:23:02 - [INFO] -   [DEBUG BSI]     - ant_hotspot_classification.png (FILE)
2025-09-14 20:23:02 - [INFO] -   [DEBUG BSI]     - ant_hotspot_classification.xml (FILE)
2025-09-14 20:23:02 - [INFO] -   [DEBUG BSI]     - ant_hotspot_otsu_colored.png (FILE)
2025-09-14 20:23:02 - [INFO] -   [DEBUG BSI]     - ant_hotspot_otsu_colored_blend.png (FILE)
2025-09-14 20:23:02 - [INFO] -   [DEBUG BSI]     - ant_hotspot_otsu_grayscale.png (FILE)
2025-09-14 20:23:02 - [INFO] -   [DEBUG BSI]     - ant_hotspot_yolo.xml (FILE)
2025-09-14 20:23:02 - [INFO] -   [DEBUG BSI]     - ant_mask.png (FILE)
2025-09-14 20:23:02 - [INFO] -   [DEBUG BSI]     - ant_original.png (FILE)
2025-09-14 20:23:02 - [INFO] -   [DEBUG BSI]     - ant_segm.png (FILE)
2025-09-14 20:23:02 - [INFO] -   [DEBUG BSI]     - bsi_quantification_ant.json (FILE)
2025-09-14 20:23:02 - [INFO] -   [DEBUG BSI]     - bsi_quantification_post.json (FILE)
2025-09-14 20:23:02 - [INFO] -   [DEBUG BSI]     - post_hotspot_classification.json (FILE)
2025-09-14 20:23:02 - [INFO] -   [DEBUG BSI]     - post_hotspot_classification.png (FILE)
2025-09-14 20:23:02 - [INFO] -   [DEBUG BSI]     - post_hotspot_classification.xml (FILE)
2025-09-14 20:23:02 - [INFO] -   [DEBUG BSI]     - post_hotspot_otsu_colored.png (FILE)
2025-09-14 20:23:02 - [INFO] -   [DEBUG BSI]     - post_hotspot_otsu_colored_blend.png (FILE)
2025-09-14 20:23:02 - [INFO] -   [DEBUG BSI]     - post_hotspot_otsu_grayscale.png (FILE)
2025-09-14 20:23:02 - [INFO] -   [DEBUG BSI]     - post_hotspot_yolo.xml (FILE)
2025-09-14 20:23:02 - [INFO] -   [DEBUG BSI]     - post_mask.png (FILE)
2025-09-14 20:23:02 - [INFO] -   [DEBUG BSI]     - post_original.png (FILE)
2025-09-14 20:23:02 - [INFO] -   [DEBUG BSI]     - post_segm.png (FILE)
2025-09-14 20:23:02 - [INFO] -   [DEBUG BSI]     - 20250115 (DIR)
2025-09-14 20:23:02 - [INFO] -   [DEBUG BSI]     - 20250214 (DIR)
2025-09-14 20:23:02 - [INFO] -   [DEBUG BSI]     - 20250316 (DIR)
2025-09-14 20:23:02 - [INFO] -   [DEBUG BSI]     - 20250415 (DIR)
2025-09-14 20:23:02 - [INFO] -   [DEBUG BSI]     - 20250515 (DIR)
2025-09-14 20:23:02 - [INFO] - [BSI META INTEGRATION] Found BSI data: {'study_date': '20250515', 'anterior_bsi': 0.24586549062844543, 'posterior_bsi': 0.1817145124791749, 'combined_bsi': 0.21379000155381017, 'bsi_score': 0.21379000155381017, 'file_source': 'bsi_quantification_ant.json + bsi_quantification_post.json', 'processing_mode': 'dual_view', 'is_v2': True, 'source_location': 'Study date folder'}
2025-09-14 20:23:02 - [INFO] - [BSI META INTEGRATION]   Updated meta with BSI data:
2025-09-14 20:23:02 - [INFO] - [BSI META INTEGRATION]   Anterior BSI: 0.24586549062844543
2025-09-14 20:23:02 - [INFO] - [BSI META INTEGRATION]   Posterior BSI: 0.1817145124791749
2025-09-14 20:23:02 - [INFO] - [BSI META INTEGRATION]   Processing mode: dual_view
2025-09-14 20:23:02 - [INFO] - [DEBUG] Rebuilding timeline for active scan index: 1
2025-09-14 20:23:02 - [INFO] - [DEBUG] Creating CLASSIFICATION card 1 for view: Anterior
2025-09-14 20:23:02 - [INFO] - [DEBUG] Active layers selected: ['Image']
2025-09-14 20:23:02 - [INFO] - [DEBUG] DICOM path: C:\hotspot\hotspot-analyzer\data\PLANAR\ATL\5001\20250214\5001_2.dcm
2025-09-14 20:23:02 - [INFO] - [DEBUG] Current view: Anterior
2025-09-14 20:23:02 - [INFO] - [CACHE DEBUG] use_cache=False
2025-09-14 20:23:02 - [INFO] - [CACHE DEBUG] has_adjustments=False (B=0.00, C=1.00)
2025-09-14 20:23:02 - [INFO] - [CACHE DEBUG] has_overrides=False (override_b=None, override_c=None)
2025-09-14 20:23:02 - [INFO] - [CACHE DEBUG] invert_original=True
2025-09-14 20:23:02 - [INFO] - [CACHE SKIP] Skipping cache due to adjustments/overrides/invert
2025-09-14 20:23:02 - [INFO] - [DEBUG] Path extraction: session=ATL, patient=5001, study_date=20250214
2025-09-14 20:23:02 - [INFO] - [DEBUG] Extracted patient info - ID: 5001, Session: ATL
2025-09-14 20:23:02 - [INFO] - [DEBUG] Original path: C:\hotspot\hotspot-analyzer\data\PLANAR\ATL\5001\20250214\5001_2.dcm
2025-09-14 20:23:02 - [INFO] - [DEBUG] Study date: 20250214
2025-09-14 20:23:02 - [INFO] - [DEBUG] Patient ID: 5001
2025-09-14 20:23:02 - [INFO] - [DEBUG] Session code: ATL
2025-09-14 20:23:02 - [INFO] - [DEBUG] Study date folder: C:\hotspot\hotspot-analyzer\data\PLANAR\ATL\5001\20250214
2025-09-14 20:23:02 - [INFO] - [DEBUG] Loading original image for Anterior
2025-09-14 20:23:02 - [INFO] - [DEBUG] Looking for original PNG in study_date dir: C:\hotspot\hotspot-analyzer\data\PLANAR\ATL\5001\20250214\ant_original.png
2025-09-14 20:23:02 - [DEBUG] - STREAM b'IHDR' 16 13
2025-09-14 20:23:02 - [DEBUG] - STREAM b'IDAT' 41 64333
2025-09-14 20:23:02 - [INFO] - [DEBUG] Loaded original PNG from study_date dir: (256, 1024)
2025-09-14 20:23:02 - [INFO] - [DEBUG] Original image loaded: (256, 1024)
2025-09-14 20:23:02 - [INFO] - [DEBUG] Applying invert to original image
2025-09-14 20:23:02 - [INFO] - [DEBUG] simple_invert_pil_image: Processing L image, size = (256, 1024)
2025-09-14 20:23:02 - [INFO] - [DEBUG] simple_invert_image: input shape = (1024, 256), dtype = uint8
2025-09-14 20:23:02 - [INFO] - [DEBUG] Simple inversion completed: [0-255] -> [0-255]
2025-09-14 20:23:02 - [INFO] - [DEBUG] simple_invert_pil_image: completed
2025-09-14 20:23:02 - [INFO] - [DEBUG] Using STORED B/C values: B=0.00, C=1.00
2025-09-14 20:23:02 - [INFO] - [DEBUG]   Image layer loaded and processed
2025-09-14 20:23:02 - [INFO] - [DEBUG] Loading segmentation layer for Anterior
2025-09-14 20:23:02 - [INFO] - [DEBUG] Looking for segmentation (NEWEST): C:\hotspot\hotspot-analyzer\data\PLANAR\ATL\5001\20250214\ant_segm.png
2025-09-14 20:23:02 - [DEBUG] - STREAM b'IHDR' 16 13
2025-09-14 20:23:02 - [DEBUG] - STREAM b'IDAT' 41 6351
2025-09-14 20:23:02 - [INFO] - [DEBUG]   Loaded segmentation with transparency: C:\hotspot\hotspot-analyzer\data\PLANAR\ATL\5001\20250214\ant_segm.png
2025-09-14 20:23:02 - [INFO] - [DEBUG] Segmentation type: ORIGINAL
2025-09-14 20:23:02 - [INFO] - [DEBUG] Loading hotspot layer for Anterior
2025-09-14 20:23:02 - [INFO] - [DEBUG] Looking for hotspot classification (NEWEST): C:\hotspot\hotspot-analyzer\data\PLANAR\ATL\5001\20250214\ant_hotspot_classification.png
2025-09-14 20:23:02 - [DEBUG] - STREAM b'IHDR' 16 13
2025-09-14 20:23:02 - [DEBUG] - STREAM b'IDAT' 41 2045
2025-09-14 20:23:02 - [INFO] - [DEBUG]   Loaded hotspot layer: C:\hotspot\hotspot-analyzer\data\PLANAR\ATL\5001\20250214\ant_hotspot_classification.png
2025-09-14 20:23:02 - [INFO] - [DEBUG] Hotspot type: ORIGINAL
2025-09-14 20:23:02 - [INFO] - [DEBUG] Loading bbox layer for Anterior
2025-09-14 20:23:02 - [INFO] - [DEBUG] Looking for classification XML (NEWEST): C:\hotspot\hotspot-analyzer\data\PLANAR\ATL\5001\20250214\ant_hotspot_classification.xml
2025-09-14 20:23:02 - [INFO] - [DEBUG] Loading CLASSIFICATION XML for bbox: C:\hotspot\hotspot-analyzer\data\PLANAR\ATL\5001\20250214\ant_hotspot_classification.xml
2025-09-14 20:23:02 - [INFO] - [DEBUG] Drew CLASSIFICATION Abnormal bbox: (55,187) -> (76,217)
2025-09-14 20:23:02 - [INFO] - [DEBUG] Drew CLASSIFICATION Normal bbox: (115,498) -> (155,522)
2025-09-14 20:23:02 - [INFO] - [DEBUG] Drew CLASSIFICATION Abnormal bbox: (89,491) -> (107,515)
2025-09-14 20:23:02 - [INFO] - [DEBUG] Drew CLASSIFICATION Abnormal bbox: (184,515) -> (207,546)
2025-09-14 20:23:02 - [INFO] - [DEBUG] Drew CLASSIFICATION Normal bbox: (117,99) -> (131,114)
2025-09-14 20:23:02 - [INFO] - [DEBUG] Drew CLASSIFICATION Abnormal bbox: (120,149) -> (140,173)
2025-09-14 20:23:02 - [INFO] - [DEBUG] Drew CLASSIFICATION Abnormal bbox: (62,516) -> (80,538)
2025-09-14 20:23:02 - [INFO] - [DEBUG] Drew CLASSIFICATION Abnormal bbox: (117,378) -> (135,396)
2025-09-14 20:23:02 - [INFO] - [DEBUG] Drew CLASSIFICATION Abnormal bbox: (158,489) -> (177,524)
2025-09-14 20:23:02 - [INFO] - [DEBUG] Drew CLASSIFICATION Abnormal bbox: (194,310) -> (207,332)
2025-09-14 20:23:02 - [INFO] - [DEBUG] Drew CLASSIFICATION Abnormal bbox: (181,497) -> (208,546)
2025-09-14 20:23:02 - [INFO] - [DEBUG] Drew CLASSIFICATION Abnormal bbox: (138,12) -> (159,38)
2025-09-14 20:23:02 - [INFO] - [DEBUG] Drew CLASSIFICATION Abnormal bbox: (181,496) -> (204,532)
2025-09-14 20:23:02 - [INFO] - [DEBUG] Drew CLASSIFICATION Abnormal bbox: (123,337) -> (144,353)
2025-09-14 20:23:02 - [INFO] - [DEBUG]   Created CLASSIFICATION bbox visualization with 14 boxes
2025-09-14 20:23:02 - [INFO] - [DEBUG]   Loaded bbox layer: C:\hotspot\hotspot-analyzer\data\PLANAR\ATL\5001\20250214\ant_hotspot_classification.xml
2025-09-14 20:23:02 - [INFO] - [DEBUG] BBox XML type: ORIGINAL
2025-09-14 20:23:02 - [INFO] - [CACHE STORE] Not caching due to adjustments/overrides/invert
2025-09-14 20:23:02 - [INFO] - [DEBUG]   Loaded 4 layers for Anterior: ['Image', 'Segmentation', 'Hotspot', 'HotspotBBox']
2025-09-14 20:23:02 - [INFO] - [DEBUG] Available CLASSIFICATION layers in files: ['Image', 'Segmentation', 'Hotspot', 'HotspotBBox']
2025-09-14 20:23:02 - [INFO] - [DEBUG]   Added CLASSIFICATION Image to card 1 (opacity: 1.00)
2025-09-14 20:23:02 - [INFO] - [DEBUG]   CLASSIFICATION card 1 composite created with layers: ['Image']
2025-09-14 20:23:02 - [INFO] - [DEBUG] Creating CLASSIFICATION card 1 for view: Posterior
2025-09-14 20:23:02 - [INFO] - [DEBUG] Active layers selected: ['Image']
2025-09-14 20:23:02 - [INFO] - [DEBUG] DICOM path: C:\hotspot\hotspot-analyzer\data\PLANAR\ATL\5001\20250214\5001_2.dcm
2025-09-14 20:23:02 - [INFO] - [DEBUG] Current view: Posterior
2025-09-14 20:23:02 - [INFO] - [CACHE DEBUG] use_cache=False
2025-09-14 20:23:02 - [INFO] - [CACHE DEBUG] has_adjustments=False (B=0.00, C=1.00)
2025-09-14 20:23:02 - [INFO] - [CACHE DEBUG] has_overrides=False (override_b=None, override_c=None)
2025-09-14 20:23:02 - [INFO] - [CACHE DEBUG] invert_original=True
2025-09-14 20:23:02 - [INFO] - [CACHE SKIP] Skipping cache due to adjustments/overrides/invert
2025-09-14 20:23:02 - [INFO] - [DEBUG] Path extraction: session=ATL, patient=5001, study_date=20250214
2025-09-14 20:23:02 - [INFO] - [DEBUG] Extracted patient info - ID: 5001, Session: ATL
2025-09-14 20:23:02 - [INFO] - [DEBUG] Original path: C:\hotspot\hotspot-analyzer\data\PLANAR\ATL\5001\20250214\5001_2.dcm
2025-09-14 20:23:02 - [INFO] - [DEBUG] Study date: 20250214
2025-09-14 20:23:02 - [INFO] - [DEBUG] Patient ID: 5001
2025-09-14 20:23:02 - [INFO] - [DEBUG] Session code: ATL
2025-09-14 20:23:02 - [INFO] - [DEBUG] Study date folder: C:\hotspot\hotspot-analyzer\data\PLANAR\ATL\5001\20250214
2025-09-14 20:23:02 - [INFO] - [DEBUG] Loading original image for Posterior
2025-09-14 20:23:02 - [INFO] - [DEBUG] Looking for original PNG in study_date dir: C:\hotspot\hotspot-analyzer\data\PLANAR\ATL\5001\20250214\post_original.png
2025-09-14 20:23:02 - [DEBUG] - STREAM b'IHDR' 16 13
2025-09-14 20:23:02 - [DEBUG] - STREAM b'IDAT' 41 65536
2025-09-14 20:23:02 - [INFO] - [DEBUG] Loaded original PNG from study_date dir: (256, 1024)
2025-09-14 20:23:02 - [INFO] - [DEBUG] Original image loaded: (256, 1024)
2025-09-14 20:23:02 - [INFO] - [DEBUG] Applying invert to original image
2025-09-14 20:23:02 - [INFO] - [DEBUG] simple_invert_pil_image: Processing L image, size = (256, 1024)
2025-09-14 20:23:02 - [INFO] - [DEBUG] simple_invert_image: input shape = (1024, 256), dtype = uint8
2025-09-14 20:23:02 - [INFO] - [DEBUG] Simple inversion completed: [0-255] -> [0-255]
2025-09-14 20:23:02 - [INFO] - [DEBUG] simple_invert_pil_image: completed
2025-09-14 20:23:02 - [INFO] - [DEBUG] Using STORED B/C values: B=0.00, C=1.00
2025-09-14 20:23:02 - [INFO] - [DEBUG]   Image layer loaded and processed
2025-09-14 20:23:02 - [INFO] - [DEBUG] Loading segmentation layer for Posterior
2025-09-14 20:23:02 - [INFO] - [DEBUG] Looking for segmentation (NEWEST): C:\hotspot\hotspot-analyzer\data\PLANAR\ATL\5001\20250214\post_segm.png
2025-09-14 20:23:02 - [DEBUG] - STREAM b'IHDR' 16 13
2025-09-14 20:23:02 - [DEBUG] - STREAM b'IDAT' 41 6111
2025-09-14 20:23:02 - [INFO] - [DEBUG]   Loaded segmentation with transparency: C:\hotspot\hotspot-analyzer\data\PLANAR\ATL\5001\20250214\post_segm.png
2025-09-14 20:23:02 - [INFO] - [DEBUG] Segmentation type: ORIGINAL
2025-09-14 20:23:02 - [INFO] - [DEBUG] Loading hotspot layer for Posterior
2025-09-14 20:23:02 - [INFO] - [DEBUG] Looking for hotspot classification (NEWEST): C:\hotspot\hotspot-analyzer\data\PLANAR\ATL\5001\20250214\post_hotspot_classification.png
2025-09-14 20:23:02 - [DEBUG] - STREAM b'IHDR' 16 13
2025-09-14 20:23:02 - [DEBUG] - STREAM b'IDAT' 41 2445
2025-09-14 20:23:02 - [INFO] - [DEBUG]   Loaded hotspot layer: C:\hotspot\hotspot-analyzer\data\PLANAR\ATL\5001\20250214\post_hotspot_classification.png
2025-09-14 20:23:02 - [INFO] - [DEBUG] Hotspot type: ORIGINAL
2025-09-14 20:23:02 - [INFO] - [DEBUG] Loading bbox layer for Posterior
2025-09-14 20:23:02 - [INFO] - [DEBUG] Looking for classification XML (NEWEST): C:\hotspot\hotspot-analyzer\data\PLANAR\ATL\5001\20250214\post_hotspot_classification.xml
2025-09-14 20:23:02 - [INFO] - [DEBUG] Loading CLASSIFICATION XML for bbox: C:\hotspot\hotspot-analyzer\data\PLANAR\ATL\5001\20250214\post_hotspot_classification.xml
2025-09-14 20:23:02 - [INFO] - [DEBUG] Drew CLASSIFICATION Abnormal bbox: (143,417) -> (166,450)
2025-09-14 20:23:02 - [INFO] - [DEBUG] Drew CLASSIFICATION Abnormal bbox: (101,497) -> (138,519)
2025-09-14 20:23:02 - [INFO] - [DEBUG] Drew CLASSIFICATION Abnormal bbox: (110,334) -> (134,354)
2025-09-14 20:23:02 - [INFO] - [DEBUG] Drew CLASSIFICATION Abnormal bbox: (49,517) -> (69,544)
2025-09-14 20:23:02 - [INFO] - [DEBUG] Drew CLASSIFICATION Normal bbox: (76,271) -> (93,288)
2025-09-14 20:23:02 - [INFO] - [DEBUG] Drew CLASSIFICATION Abnormal bbox: (176,516) -> (195,542)
2025-09-14 20:23:02 - [INFO] - [DEBUG] Drew CLASSIFICATION Abnormal bbox: (149,488) -> (169,531)
2025-09-14 20:23:02 - [INFO] - [DEBUG] Drew CLASSIFICATION Abnormal bbox: (122,376) -> (139,396)
2025-09-14 20:23:02 - [INFO] - [DEBUG] Drew CLASSIFICATION Abnormal bbox: (167,228) -> (187,253)
2025-09-14 20:23:02 - [INFO] - [DEBUG] Drew CLASSIFICATION Normal bbox: (48,311) -> (61,334)
2025-09-14 20:23:02 - [INFO] - [DEBUG] Drew CLASSIFICATION Abnormal bbox: (116,206) -> (135,228)
2025-09-14 20:23:02 - [INFO] - [DEBUG] Drew CLASSIFICATION Abnormal bbox: (114,150) -> (133,166)
2025-09-14 20:23:02 - [INFO] - [DEBUG] Drew CLASSIFICATION Abnormal bbox: (110,278) -> (131,295)
2025-09-14 20:23:02 - [INFO] - [DEBUG] Drew CLASSIFICATION Abnormal bbox: (85,429) -> (114,465)
2025-09-14 20:23:02 - [INFO] - [DEBUG] Drew CLASSIFICATION Abnormal bbox: (78,483) -> (98,526)
2025-09-14 20:23:02 - [INFO] - [DEBUG] Drew CLASSIFICATION Normal bbox: (80,505) -> (98,527)
2025-09-14 20:23:02 - [INFO] - [DEBUG] Drew CLASSIFICATION Abnormal bbox: (98,448) -> (114,465)
2025-09-14 20:23:02 - [INFO] - [DEBUG]   Created CLASSIFICATION bbox visualization with 17 boxes
2025-09-14 20:23:02 - [INFO] - [DEBUG]   Loaded bbox layer: C:\hotspot\hotspot-analyzer\data\PLANAR\ATL\5001\20250214\post_hotspot_classification.xml
2025-09-14 20:23:02 - [INFO] - [DEBUG] BBox XML type: ORIGINAL
2025-09-14 20:23:02 - [INFO] - [CACHE STORE] Not caching due to adjustments/overrides/invert
2025-09-14 20:23:02 - [INFO] - [DEBUG]   Loaded 4 layers for Posterior: ['Image', 'Segmentation', 'Hotspot', 'HotspotBBox']
2025-09-14 20:23:02 - [INFO] - [DEBUG] Available CLASSIFICATION layers in files: ['Image', 'Segmentation', 'Hotspot', 'HotspotBBox']
2025-09-14 20:23:02 - [INFO] - [DEBUG]   Added CLASSIFICATION Image to card 1 (opacity: 1.00)
2025-09-14 20:23:02 - [INFO] - [DEBUG]   CLASSIFICATION card 1 composite created with layers: ['Image']
2025-09-14 20:23:02 - [INFO] - [SMART UPDATE] State updated - Type: full
2025-09-14 20:23:02 - [INFO] - [MainWindow]   Timeline updated with BSI integration
2025-09-14 20:23:02 - [INFO] - 
🏠 [DEBUG MAIN GANTENG] ===================
2025-09-14 20:23:02 - [INFO] - 🏠 [DEBUG MAIN] Loading BSI data for selected scan
2025-09-14 20:23:02 - [INFO] - 🏠 [DEBUG MAIN] Session code: ATL
2025-09-14 20:23:02 - [INFO] - 🏠 [DEBUG MAIN] Scan data keys: ['meta', 'frames', 'path', 'workflow_files']
2025-09-14 20:23:02 - [INFO] - 🏠 [DEBUG MAIN] DICOM path: C:\hotspot\hotspot-analyzer\data\PLANAR\ATL\5001\20250214\5001_2.dcm
2025-09-14 20:23:02 - [INFO] - 🏠 [DEBUG MAIN] DICOM exists: True
2025-09-14 20:23:02 - [INFO] - 🏠 [DEBUG MAIN] Initial patient folder: C:\hotspot\hotspot-analyzer\data\PLANAR\ATL\5001\20250214
2025-09-14 20:23:02 - [INFO] - 🏠 [DEBUG MAIN] Initial patient folder exists: True
2025-09-14 20:23:02 - [INFO] - 🏠 [DEBUG MAIN] Initial patient folder name: 20250214
2025-09-14 20:23:02 - [INFO] - 🏠 [DEBUG MAIN] Study date from DICOM: 20250214
2025-09-14 20:23:02 - [INFO] - 🏠 [DEBUG MAIN] Detected study_date folder structure
2025-09-14 20:23:02 - [INFO] - 🏠 [DEBUG MAIN] Corrected patient folder: C:\hotspot\hotspot-analyzer\data\PLANAR\ATL\5001
2025-09-14 20:23:02 - [INFO] - 🏠 [DEBUG MAIN] Corrected patient ID: 5001
2025-09-14 20:23:02 - [INFO] - 🏠 [DEBUG MAIN] Corrected study date: 20250214
2025-09-14 20:23:02 - [INFO] -   [DEBUG QUANT FILES] Getting quantification files for: C:\hotspot\hotspot-analyzer\data\PLANAR\ATL\5001\20250214
2025-09-14 20:23:02 - [INFO] -   [DEBUG QUANT FILES] Detected study_date folder: C:\hotspot\hotspot-analyzer\data\PLANAR\ATL\5001\20250214
2025-09-14 20:23:02 - [INFO] -   [DEBUG QUANT FILES] Generated paths:
2025-09-14 20:23:02 - [INFO] -   [DEBUG QUANT FILES]   bsi_json_ant: C:\hotspot\hotspot-analyzer\data\PLANAR\ATL\5001\20250214\bsi_quantification_ant.json (exists: True)
2025-09-14 20:23:02 - [INFO] -   [DEBUG QUANT FILES]   bsi_json_post: C:\hotspot\hotspot-analyzer\data\PLANAR\ATL\5001\20250214\bsi_quantification_post.json (exists: True)
2025-09-14 20:23:02 - [INFO] - 🏠 [DEBUG MAIN] BSI files in study_date folder:
2025-09-14 20:23:02 - [INFO] - 🏠 [DEBUG MAIN]   Anterior: True
2025-09-14 20:23:02 - [INFO] - 🏠 [DEBUG MAIN]   Posterior: True
2025-09-14 20:23:02 - [INFO] - 🏠 [DEBUG MAIN] Found BSI files in study_date folder, using it
2025-09-14 20:23:02 - [INFO] - [BSI CANVAS] Using patient folder for trend: C:\hotspot\hotspot-analyzer\data\PLANAR\ATL\5001
2025-09-14 20:23:02 - [INFO] -   [DEBUG BSI] Using patient folder directly: C:\hotspot\hotspot-analyzer\data\PLANAR\ATL\5001
2025-09-14 20:23:02 - [INFO] -   [DEBUG BSI] Found study_date folder: 20250115
2025-09-14 20:23:02 - [INFO] -   [DEBUG BSI] Found study_date folder: 20250214
2025-09-14 20:23:02 - [INFO] -   [DEBUG BSI] Found study_date folder: 20250316
2025-09-14 20:23:02 - [INFO] -   [DEBUG BSI] Found study_date folder: 20250415
2025-09-14 20:23:02 - [INFO] -   [DEBUG BSI] Found study_date folder: 20250515
2025-09-14 20:23:02 - [INFO] -   [DEBUG BSI]     - 20250115 (DIR)
2025-09-14 20:23:02 - [INFO] -   [DEBUG BSI]     - 20250214 (DIR)
2025-09-14 20:23:02 - [INFO] -   [DEBUG BSI]     - 20250316 (DIR)
2025-09-14 20:23:02 - [INFO] -   [DEBUG BSI]     - 20250415 (DIR)
2025-09-14 20:23:02 - [INFO] -   [DEBUG BSI]     - 20250515 (DIR)
2025-09-14 20:23:02 - [INFO] -   [DEBUG BSI]     - 20250822 (DIR)
2025-09-14 20:23:02 - [INFO] -   [DEBUG BSI]     - 5001_1.dcm (FILE)
2025-09-14 20:23:02 - [INFO] -   [DEBUG BSI]     - ant_hotspot_classification.json (FILE)
2025-09-14 20:23:02 - [INFO] -   [DEBUG BSI]     - ant_hotspot_classification.png (FILE)
2025-09-14 20:23:02 - [INFO] -   [DEBUG BSI]     - ant_hotspot_classification.xml (FILE)
2025-09-14 20:23:02 - [INFO] -   [DEBUG BSI]     - ant_hotspot_otsu_colored.png (FILE)
2025-09-14 20:23:02 - [INFO] -   [DEBUG BSI]     - ant_hotspot_otsu_colored_blend.png (FILE)
2025-09-14 20:23:02 - [INFO] -   [DEBUG BSI]     - ant_hotspot_otsu_grayscale.png (FILE)
2025-09-14 20:23:02 - [INFO] -   [DEBUG BSI]     - ant_hotspot_yolo.xml (FILE)
2025-09-14 20:23:02 - [INFO] -   [DEBUG BSI]     - ant_mask.png (FILE)
2025-09-14 20:23:02 - [INFO] -   [DEBUG BSI]     - ant_original.png (FILE)
2025-09-14 20:23:02 - [INFO] -   [DEBUG BSI]     - ant_segm.png (FILE)
2025-09-14 20:23:02 - [INFO] -   [DEBUG BSI]     - bsi_quantification_ant.json (FILE)
2025-09-14 20:23:02 - [INFO] -   [DEBUG BSI]     - bsi_quantification_post.json (FILE)
2025-09-14 20:23:02 - [INFO] -   [DEBUG BSI]     - post_hotspot_classification.json (FILE)
2025-09-14 20:23:02 - [INFO] -   [DEBUG BSI]     - post_hotspot_classification.png (FILE)
2025-09-14 20:23:02 - [INFO] -   [DEBUG BSI]     - post_hotspot_classification.xml (FILE)
2025-09-14 20:23:02 - [INFO] -   [DEBUG BSI]     - post_hotspot_otsu_colored.png (FILE)
2025-09-14 20:23:02 - [INFO] -   [DEBUG BSI]     - post_hotspot_otsu_colored_blend.png (FILE)
2025-09-14 20:23:02 - [INFO] -   [DEBUG BSI]     - post_hotspot_otsu_grayscale.png (FILE)
2025-09-14 20:23:02 - [INFO] -   [DEBUG BSI]     - post_hotspot_yolo.xml (FILE)
2025-09-14 20:23:02 - [INFO] -   [DEBUG BSI]     - post_mask.png (FILE)
2025-09-14 20:23:02 - [INFO] -   [DEBUG BSI]     - post_original.png (FILE)
2025-09-14 20:23:02 - [INFO] -   [DEBUG BSI]     - post_segm.png (FILE)
2025-09-14 20:23:02 - [INFO] -   [DEBUG BSI]     - 5001_2.dcm (FILE)
2025-09-14 20:23:02 - [INFO] -   [DEBUG BSI]     - ant_hotspot_classification.json (FILE)
2025-09-14 20:23:02 - [INFO] -   [DEBUG BSI]     - ant_hotspot_classification.png (FILE)
2025-09-14 20:23:02 - [INFO] -   [DEBUG BSI]     - ant_hotspot_classification.xml (FILE)
2025-09-14 20:23:02 - [INFO] -   [DEBUG BSI]     - ant_hotspot_otsu_colored.png (FILE)
2025-09-14 20:23:02 - [INFO] -   [DEBUG BSI]     - ant_hotspot_otsu_colored_blend.png (FILE)
2025-09-14 20:23:02 - [INFO] -   [DEBUG BSI]     - ant_hotspot_otsu_grayscale.png (FILE)
2025-09-14 20:23:02 - [INFO] -   [DEBUG BSI]     - ant_hotspot_yolo.xml (FILE)
2025-09-14 20:23:02 - [INFO] -   [DEBUG BSI]     - ant_mask.png (FILE)
2025-09-14 20:23:02 - [INFO] -   [DEBUG BSI]     - ant_original.png (FILE)
2025-09-14 20:23:02 - [INFO] -   [DEBUG BSI]     - ant_segm.png (FILE)
2025-09-14 20:23:02 - [INFO] -   [DEBUG BSI]     - bsi_quantification_ant.json (FILE)
2025-09-14 20:23:02 - [INFO] -   [DEBUG BSI]     - bsi_quantification_post.json (FILE)
2025-09-14 20:23:02 - [INFO] -   [DEBUG BSI]     - post_hotspot_classification.json (FILE)
2025-09-14 20:23:02 - [INFO] -   [DEBUG BSI]     - post_hotspot_classification.png (FILE)
2025-09-14 20:23:02 - [INFO] -   [DEBUG BSI]     - post_hotspot_classification.xml (FILE)
2025-09-14 20:23:02 - [INFO] -   [DEBUG BSI]     - post_hotspot_otsu_colored.png (FILE)
2025-09-14 20:23:02 - [INFO] -   [DEBUG BSI]     - post_hotspot_otsu_colored_blend.png (FILE)
2025-09-14 20:23:02 - [INFO] -   [DEBUG BSI]     - post_hotspot_otsu_grayscale.png (FILE)
2025-09-14 20:23:02 - [INFO] -   [DEBUG BSI]     - post_hotspot_yolo.xml (FILE)
2025-09-14 20:23:02 - [INFO] -   [DEBUG BSI]     - post_mask.png (FILE)
2025-09-14 20:23:02 - [INFO] -   [DEBUG BSI]     - post_original.png (FILE)
2025-09-14 20:23:02 - [INFO] -   [DEBUG BSI]     - post_segm.png (FILE)
2025-09-14 20:23:02 - [INFO] -   [DEBUG BSI]     - 5001_3.dcm (FILE)
2025-09-14 20:23:02 - [INFO] -   [DEBUG BSI]     - ant_hotspot_classification.json (FILE)
2025-09-14 20:23:02 - [INFO] -   [DEBUG BSI]     - ant_hotspot_classification.png (FILE)
2025-09-14 20:23:02 - [INFO] -   [DEBUG BSI]     - ant_hotspot_classification.xml (FILE)
2025-09-14 20:23:02 - [INFO] -   [DEBUG BSI]     - ant_hotspot_otsu_colored.png (FILE)
2025-09-14 20:23:02 - [INFO] -   [DEBUG BSI]     - ant_hotspot_otsu_colored_blend.png (FILE)
2025-09-14 20:23:02 - [INFO] -   [DEBUG BSI]     - ant_hotspot_otsu_grayscale.png (FILE)
2025-09-14 20:23:02 - [INFO] -   [DEBUG BSI]     - ant_hotspot_yolo.xml (FILE)
2025-09-14 20:23:02 - [INFO] -   [DEBUG BSI]     - ant_mask.png (FILE)
2025-09-14 20:23:02 - [INFO] -   [DEBUG BSI]     - ant_original.png (FILE)
2025-09-14 20:23:02 - [INFO] -   [DEBUG BSI]     - ant_segm.png (FILE)
2025-09-14 20:23:02 - [INFO] -   [DEBUG BSI]     - bsi_quantification_ant.json (FILE)
2025-09-14 20:23:02 - [INFO] -   [DEBUG BSI]     - bsi_quantification_post.json (FILE)
2025-09-14 20:23:02 - [INFO] -   [DEBUG BSI]     - post_hotspot_classification.json (FILE)
2025-09-14 20:23:02 - [INFO] -   [DEBUG BSI]     - post_hotspot_classification.png (FILE)
2025-09-14 20:23:02 - [INFO] -   [DEBUG BSI]     - post_hotspot_classification.xml (FILE)
2025-09-14 20:23:02 - [INFO] -   [DEBUG BSI]     - post_hotspot_otsu_colored.png (FILE)
2025-09-14 20:23:02 - [INFO] -   [DEBUG BSI]     - post_hotspot_otsu_colored_blend.png (FILE)
2025-09-14 20:23:02 - [INFO] -   [DEBUG BSI]     - post_hotspot_otsu_grayscale.png (FILE)
2025-09-14 20:23:02 - [INFO] -   [DEBUG BSI]     - post_hotspot_yolo.xml (FILE)
2025-09-14 20:23:02 - [INFO] -   [DEBUG BSI]     - post_mask.png (FILE)
2025-09-14 20:23:02 - [INFO] -   [DEBUG BSI]     - post_original.png (FILE)
2025-09-14 20:23:02 - [INFO] -   [DEBUG BSI]     - post_segm.png (FILE)
2025-09-14 20:23:02 - [INFO] -   [DEBUG BSI]     - 5001_4.dcm (FILE)
2025-09-14 20:23:02 - [INFO] -   [DEBUG BSI]     - ant_hotspot_classification.json (FILE)
2025-09-14 20:23:02 - [INFO] -   [DEBUG BSI]     - ant_hotspot_classification.png (FILE)
2025-09-14 20:23:02 - [INFO] -   [DEBUG BSI]     - ant_hotspot_classification.xml (FILE)
2025-09-14 20:23:02 - [INFO] -   [DEBUG BSI]     - ant_hotspot_otsu_colored.png (FILE)
2025-09-14 20:23:02 - [INFO] -   [DEBUG BSI]     - ant_hotspot_otsu_colored_blend.png (FILE)
2025-09-14 20:23:02 - [INFO] -   [DEBUG BSI]     - ant_hotspot_otsu_grayscale.png (FILE)
2025-09-14 20:23:02 - [INFO] -   [DEBUG BSI]     - ant_hotspot_yolo.xml (FILE)
2025-09-14 20:23:02 - [INFO] -   [DEBUG BSI]     - ant_mask.png (FILE)
2025-09-14 20:23:02 - [INFO] -   [DEBUG BSI]     - ant_original.png (FILE)
2025-09-14 20:23:02 - [INFO] -   [DEBUG BSI]     - ant_segm.png (FILE)
2025-09-14 20:23:02 - [INFO] -   [DEBUG BSI]     - bsi_quantification_ant.json (FILE)
2025-09-14 20:23:02 - [INFO] -   [DEBUG BSI]     - bsi_quantification_post.json (FILE)
2025-09-14 20:23:02 - [INFO] -   [DEBUG BSI]     - post_hotspot_classification.json (FILE)
2025-09-14 20:23:02 - [INFO] -   [DEBUG BSI]     - post_hotspot_classification.png (FILE)
2025-09-14 20:23:02 - [INFO] -   [DEBUG BSI]     - post_hotspot_classification.xml (FILE)
2025-09-14 20:23:02 - [INFO] -   [DEBUG BSI]     - post_hotspot_otsu_colored.png (FILE)
2025-09-14 20:23:02 - [INFO] -   [DEBUG BSI]     - post_hotspot_otsu_colored_blend.png (FILE)
2025-09-14 20:23:02 - [INFO] -   [DEBUG BSI]     - post_hotspot_otsu_grayscale.png (FILE)
2025-09-14 20:23:02 - [INFO] -   [DEBUG BSI]     - post_hotspot_yolo.xml (FILE)
2025-09-14 20:23:02 - [INFO] -   [DEBUG BSI]     - post_mask.png (FILE)
2025-09-14 20:23:02 - [INFO] -   [DEBUG BSI]     - post_original.png (FILE)
2025-09-14 20:23:02 - [INFO] -   [DEBUG BSI]     - post_segm.png (FILE)
2025-09-14 20:23:02 - [INFO] -   [DEBUG BSI]     - 5001_5.dcm (FILE)
2025-09-14 20:23:02 - [INFO] -   [DEBUG BSI]     - ant_hotspot_classification.json (FILE)
2025-09-14 20:23:02 - [INFO] -   [DEBUG BSI]     - ant_hotspot_classification.png (FILE)
2025-09-14 20:23:02 - [INFO] -   [DEBUG BSI]     - ant_hotspot_classification.xml (FILE)
2025-09-14 20:23:02 - [INFO] -   [DEBUG BSI]     - ant_hotspot_otsu_colored.png (FILE)
2025-09-14 20:23:02 - [INFO] -   [DEBUG BSI]     - ant_hotspot_otsu_colored_blend.png (FILE)
2025-09-14 20:23:02 - [INFO] -   [DEBUG BSI]     - ant_hotspot_otsu_grayscale.png (FILE)
2025-09-14 20:23:02 - [INFO] -   [DEBUG BSI]     - ant_hotspot_yolo.xml (FILE)
2025-09-14 20:23:02 - [INFO] -   [DEBUG BSI]     - ant_mask.png (FILE)
2025-09-14 20:23:02 - [INFO] -   [DEBUG BSI]     - ant_original.png (FILE)
2025-09-14 20:23:02 - [INFO] -   [DEBUG BSI]     - ant_segm.png (FILE)
2025-09-14 20:23:02 - [INFO] -   [DEBUG BSI]     - bsi_quantification_ant.json (FILE)
2025-09-14 20:23:02 - [INFO] -   [DEBUG BSI]     - bsi_quantification_post.json (FILE)
2025-09-14 20:23:02 - [INFO] -   [DEBUG BSI]     - post_hotspot_classification.json (FILE)
2025-09-14 20:23:02 - [INFO] -   [DEBUG BSI]     - post_hotspot_classification.png (FILE)
2025-09-14 20:23:02 - [INFO] -   [DEBUG BSI]     - post_hotspot_classification.xml (FILE)
2025-09-14 20:23:02 - [INFO] -   [DEBUG BSI]     - post_hotspot_otsu_colored.png (FILE)
2025-09-14 20:23:02 - [INFO] -   [DEBUG BSI]     - post_hotspot_otsu_colored_blend.png (FILE)
2025-09-14 20:23:02 - [INFO] -   [DEBUG BSI]     - post_hotspot_otsu_grayscale.png (FILE)
2025-09-14 20:23:02 - [INFO] -   [DEBUG BSI]     - post_hotspot_yolo.xml (FILE)
2025-09-14 20:23:02 - [INFO] -   [DEBUG BSI]     - post_mask.png (FILE)
2025-09-14 20:23:02 - [INFO] -   [DEBUG BSI]     - post_original.png (FILE)
2025-09-14 20:23:02 - [INFO] -   [DEBUG BSI]     - post_segm.png (FILE)
2025-09-14 20:23:02 - [INFO] - [DEBUG BSI CANVAS] Processing date: 20250214, mode: dual_view
2025-09-14 20:23:02 - [INFO] - [DEBUG BSI CANVAS] Added: Ant=1.051394673420531 Post=1.0889740386026672
2025-09-14 20:23:02 - [INFO] - [DEBUG BSI CANVAS] Processing date: 20250316, mode: dual_view
2025-09-14 20:23:02 - [INFO] - [DEBUG BSI CANVAS] Added: Ant=1.5613486797522866 Post=2.2665429527557532
2025-09-14 20:23:02 - [INFO] - [DEBUG BSI CANVAS] Processing date: 20250415, mode: dual_view
2025-09-14 20:23:02 - [INFO] - [DEBUG BSI CANVAS] Added: Ant=0.2115329349333735 Post=0.27307796205567236
2025-09-14 20:23:02 - [INFO] - [DEBUG BSI CANVAS] Processing date: 20250515, mode: dual_view
2025-09-14 20:23:02 - [INFO] - [DEBUG BSI CANVAS] Added: Ant=0.24586549062844543 Post=0.1817145124791749
2025-09-14 20:23:02 - [INFO] -   [DEBUG QUANT FILES] Getting quantification files for: C:\hotspot\hotspot-analyzer\data\PLANAR\ATL\5001\20250214
2025-09-14 20:23:02 - [INFO] -   [DEBUG QUANT FILES] Detected study_date folder: C:\hotspot\hotspot-analyzer\data\PLANAR\ATL\5001\20250214
2025-09-14 20:23:02 - [INFO] -   [DEBUG QUANT FILES] Generated paths:
2025-09-14 20:23:02 - [INFO] -   [DEBUG QUANT FILES]   bsi_json_ant: C:\hotspot\hotspot-analyzer\data\PLANAR\ATL\5001\20250214\bsi_quantification_ant.json (exists: True)
2025-09-14 20:23:02 - [INFO] -   [DEBUG QUANT FILES]   bsi_json_post: C:\hotspot\hotspot-analyzer\data\PLANAR\ATL\5001\20250214\bsi_quantification_post.json (exists: True)
2025-09-14 20:23:02 - [INFO] - 📖 [DEBUG RESULTS] Combined BSI: 1.07
2025-09-14 20:23:02 - [INFO] - 📖 [DEBUG RESULTS]   Successfully loaded V1.2 results
2025-09-14 20:23:02 - [INFO] - 🏠 [DEBUG MAIN] BSI panel load result: True
2025-09-14 20:23:02 - [INFO] - [DEBUG] Displaying 5 scans in timeline with layers: ['Image']
2025-09-14 20:23:02 - [INFO] - [DEBUG] Path extraction: session=ATL, patient=5001, study_date=20250115
2025-09-14 20:23:02 - [INFO] - [DEBUG] Extracted patient info - ID: 5001, Session: ATL
2025-09-14 20:23:02 - [INFO] - [DEBUG] Original path: C:\hotspot\hotspot-analyzer\data\PLANAR\ATL\5001\20250115\5001_1.dcm
2025-09-14 20:23:02 - [INFO] - [EDIT BUTTONS] Has scan: True, Has seg data: True, Can edit hotspot: True
2025-09-14 20:23:02 - [INFO] - [EDIT BUTTONS] Seg button enabled: True, Hotspot button enabled: True
2025-09-14 20:23:30 - [INFO] - [DEBUG] Membersihkan sumber daya di MainWindow (SPECT)...
2025-09-14 20:23:30 - [INFO] - [DEBUG] Menutup process pool...
2025-09-14 20:23:30 - [INFO] - [DEBUG] Application exited with code: 0
2025-09-14 20:23:30 - [INFO] - Aplikasi terminated normally
