2025-09-14 18:57:49 - [INFO] - Logger berhasil dikonfigurasi. Memulai aplikasi...
2025-09-14 18:57:49 - [INFO] - Running in development mode
2025-09-14 18:57:49 - [INFO] - [DEBUG] Starting TELPLASTINA...
2025-09-14 18:57:49 - [INFO] - [UI] Application icon loaded: assets\icon.ico
2025-09-14 18:57:49 - [INFO] - [UI] Poppins font applied
2025-09-14 18:57:49 - [INFO] - [DEBUG] TELPLASTINA application created and configured
2025-09-14 18:57:49 - [INFO] - [DEBUG] Starting session with 100ms delay...
2025-09-14 18:57:50 - [INFO] - [DEBUG] === Starting new session ===
2025-09-14 18:57:50 - [INFO] - [DEBUG] Development mode - creating dialog immediately
2025-09-14 18:57:50 - [INFO] - [DEBUG] Creating doctor selection dialog (attempt 1/3)...
2025-09-14 18:57:50 - [INFO] - [PATHS] Found YOLO model at: F:\projek dosen\prototype riset\hotspot-analyzer\models\hotspot_detection\models\model_detection_hs_yolov8.pt
2025-09-14 18:57:50 - [INFO] - [DEBUG] Dialog class imported successfully
2025-09-14 18:57:50 - [INFO] - [DEBUG] Dialog instance created successfully
2025-09-14 18:57:51 - [INFO] - [DEBUG] Dialog window properties set
2025-09-14 18:57:51 - [INFO] - [DEBUG] Showing dialog to user...
2025-09-14 18:57:51 - [INFO] - [DEBUG] Dialog shown successfully
2025-09-14 18:57:51 - [INFO] - [DEBUG] Waiting for user input...
2025-09-14 18:57:52 - [INFO] - [SESSION] Created session: HAHH_Planar_20250914_185752
2025-09-14 18:57:52 - [INFO] - [SESSION] Created: HAHH_Planar_20250914_185752
2025-09-14 18:57:52 - [INFO] - [DEBUG] Dialog execution completed with result: 1
2025-09-14 18:57:52 - [INFO] - [DEBUG] Quick close detected: False
2025-09-14 18:57:52 - [INFO] - [DEBUG] Session selected - Code: HAHH, Modality: Planar
2025-09-14 18:57:52 - [INFO] - [DEBUG] Data directory confirmed: data
2025-09-14 18:57:52 - [INFO] - [DEBUG] Starting PLANAR session with code: HAHH
2025-09-14 18:57:52 - [INFO] - [DEBUG] Creating main window for session: HAHH
2025-09-14 18:57:55 - [INFO] - [YOLO] Module loaded - model will be loaded on-demand
2025-09-14 18:57:55 - [INFO] - [DEBUG] Timeline keyboard shortcuts enabled: Ctrl+/- for zoom, Ctrl+0 for reset
2025-09-14 18:57:55 - [INFO] - [DEBUG] set_active_view called with 'Anterior', but is now ignored.
2025-09-14 18:57:55 - [INFO] - Ditemukan 59 file DICOM di 'F:\projek dosen\prototype riset\hotspot-analyzer\data\PLANAR'
2025-09-14 18:57:55 - [INFO] - Ditemukan 9 session, 47 pasien (total 59 file DICOM).
2025-09-14 18:57:55 - [INFO] -     ALL: 1 pasien, 1 file
2025-09-14 18:57:55 - [INFO] -     ATL: 4 pasien, 4 file
2025-09-14 18:57:55 - [INFO] -     HAH: 14 pasien, 14 file
2025-09-14 18:57:55 - [INFO] -     HAHH: 15 pasien, 15 file
2025-09-14 18:57:55 - [INFO] -     HEHE: 2 pasien, 2 file
2025-09-14 18:57:55 - [INFO] -     NBL: 1 pasien, 5 file
2025-09-14 18:57:55 - [INFO] -     NSY: 4 pasien, 8 file
2025-09-14 18:57:55 - [INFO] -     PVSA: 2 pasien, 2 file
2025-09-14 18:57:55 - [INFO] -     WKW: 4 pasien, 8 file
2025-09-14 18:57:55 - [INFO] - [DEBUG] display_timeline called with 0 scan(s), focusing on index = -1
2025-09-14 18:57:55 - [INFO] - [DEBUG] Rebuilding timeline for active scan index: -1
2025-09-14 18:57:55 - [INFO] - [BSI SIDE PANEL] Clearing data...
2025-09-14 18:57:55 - [INFO] - [DEBUG] Main window created successfully for session: HAHH
2025-09-14 18:57:55 - [INFO] - [DEBUG] Main window created successfully
2025-09-14 18:57:55 - [INFO] - [DEBUG] Logout signal connected
2025-09-14 18:57:55 - [INFO] - [DEBUG] Main window displayed
2025-09-14 18:57:55 - [INFO] - [DEBUG] Active windows count: 1
2025-09-14 18:57:56 - [INFO] - [DEBUG] set_invert_original called: True (current: False)
2025-09-14 18:57:56 - [INFO] - [CACHE CLEAR] Cleared 0 layer cache entries
2025-09-14 18:57:56 - [INFO] - [CACHE CLEAR] Cleared zoom cache (0 labels)
2025-09-14 18:57:56 - [INFO] - [DEBUG] Cleared layer cache due to invert change
2025-09-14 18:57:56 - [INFO] - [DEBUG] No scans loaded, rebuild skipped
2025-09-14 18:58:09 - [INFO] - [ADD_FILES] Mulai analisis 3 file
2025-09-14 18:58:09 - [INFO] - [ADD_FILES] fungsi duplicate-check OK
2025-09-14 18:58:09 - [INFO] - [ADD_FILES] 1/3 20.dcm → PID=20 SD=20250628
2025-09-14 18:58:09 - [INFO] -   [CHECK_DICOM_EXISTS] Checking: session=HAHH, patient=20, study_date=20250628
2025-09-14 18:58:09 - [INFO] -   [CHECK_DICOM_EXISTS] Expected path: F:\projek dosen\prototype riset\hotspot-analyzer\data\PLANAR\HAHH\20\20250628
2025-09-14 18:58:09 - [INFO] -   [CHECK_DICOM_EXISTS] Found 1 DICOM files
2025-09-14 18:58:09 - [INFO] -   [CHECK_DICOM_EXISTS] Found 6 processed files
2025-09-14 18:58:09 - [INFO] -   [CHECK_DICOM_EXISTS] Final result: True
2025-09-14 18:58:09 - [INFO] - [ADD_FILES]   -> ALREADY ANALYZED (card abu), tidak ikut proses
2025-09-14 18:58:09 - [INFO] - [ADD_FILES] 2/3 21.dcm → PID=21 SD=20250628
2025-09-14 18:58:09 - [INFO] -   [CHECK_DICOM_EXISTS] Checking: session=HAHH, patient=21, study_date=20250628
2025-09-14 18:58:09 - [INFO] -   [CHECK_DICOM_EXISTS] Expected path: F:\projek dosen\prototype riset\hotspot-analyzer\data\PLANAR\HAHH\21\20250628
2025-09-14 18:58:09 - [INFO] -   [CHECK_DICOM_EXISTS] Found 1 DICOM files
2025-09-14 18:58:09 - [INFO] -   [CHECK_DICOM_EXISTS] Found 6 processed files
2025-09-14 18:58:09 - [INFO] -   [CHECK_DICOM_EXISTS] Final result: True
2025-09-14 18:58:09 - [INFO] - [ADD_FILES]   -> ALREADY ANALYZED (card abu), tidak ikut proses
2025-09-14 18:58:09 - [INFO] - [ADD_FILES] 3/3 22.dcm → PID=22 SD=20250628
2025-09-14 18:58:09 - [INFO] -   [CHECK_DICOM_EXISTS] Checking: session=HAHH, patient=22, study_date=20250628
2025-09-14 18:58:09 - [INFO] -   [CHECK_DICOM_EXISTS] Expected path: F:\projek dosen\prototype riset\hotspot-analyzer\data\PLANAR\HAHH\22\20250628
2025-09-14 18:58:09 - [INFO] -   [CHECK_DICOM_EXISTS] Found 1 DICOM files
2025-09-14 18:58:09 - [INFO] -   [CHECK_DICOM_EXISTS] Found 7 processed files
2025-09-14 18:58:09 - [INFO] -   [CHECK_DICOM_EXISTS] Final result: True
2025-09-14 18:58:09 - [INFO] - [ADD_FILES]   -> ALREADY ANALYZED (card abu), tidak ikut proses
2025-09-14 18:58:09 - [INFO] - [ADD_FILES] • Marked as already analyzed: 20.dcm (PID=20, SD=20250628)
2025-09-14 18:58:09 - [INFO] - [ADD_FILES] • Marked as already analyzed: 21.dcm (PID=21, SD=20250628)
2025-09-14 18:58:09 - [INFO] - [ADD_FILES] • Marked as already analyzed: 22.dcm (PID=22, SD=20250628)
2025-09-14 18:58:09 - [INFO] - [ADD_FILES] NEW added: 0, already analyzed: 3, redundant skipped: 0, errors: 0
2025-09-14 18:58:13 - [INFO] - [ADD_FILES] Mulai analisis 4 file
2025-09-14 18:58:13 - [INFO] - [ADD_FILES] fungsi duplicate-check OK
2025-09-14 18:58:13 - [INFO] - [ADD_FILES] 1/4 107.dcm → PID=107 SD=20250628
2025-09-14 18:58:13 - [INFO] -   [CHECK_DICOM_EXISTS] Checking: session=HAHH, patient=107, study_date=20250628
2025-09-14 18:58:13 - [INFO] -   [CHECK_DICOM_EXISTS] Expected path: F:\projek dosen\prototype riset\hotspot-analyzer\data\PLANAR\HAHH\107\20250628
2025-09-14 18:58:13 - [INFO] -   [CHECK_DICOM_EXISTS] Path does not exist - NOT DUPLICATE
2025-09-14 18:58:13 - [INFO] - [ADD_FILES]   -> NEW, dimasukkan
2025-09-14 18:58:13 - [INFO] - [ADD_FILES] 2/4 108.dcm → PID=108 SD=20250628
2025-09-14 18:58:13 - [INFO] -   [CHECK_DICOM_EXISTS] Checking: session=HAHH, patient=108, study_date=20250628
2025-09-14 18:58:13 - [INFO] -   [CHECK_DICOM_EXISTS] Expected path: F:\projek dosen\prototype riset\hotspot-analyzer\data\PLANAR\HAHH\108\20250628
2025-09-14 18:58:13 - [INFO] -   [CHECK_DICOM_EXISTS] Path does not exist - NOT DUPLICATE
2025-09-14 18:58:13 - [INFO] - [ADD_FILES]   -> NEW, dimasukkan
2025-09-14 18:58:13 - [INFO] - [ADD_FILES] 3/4 109.dcm → PID=109 SD=20250628
2025-09-14 18:58:13 - [INFO] -   [CHECK_DICOM_EXISTS] Checking: session=HAHH, patient=109, study_date=20250628
2025-09-14 18:58:13 - [INFO] -   [CHECK_DICOM_EXISTS] Expected path: F:\projek dosen\prototype riset\hotspot-analyzer\data\PLANAR\HAHH\109\20250628
2025-09-14 18:58:13 - [INFO] -   [CHECK_DICOM_EXISTS] Path does not exist - NOT DUPLICATE
2025-09-14 18:58:13 - [INFO] - [ADD_FILES]   -> NEW, dimasukkan
2025-09-14 18:58:13 - [INFO] - [ADD_FILES] 4/4 110.dcm → PID=110 SD=20250628
2025-09-14 18:58:13 - [INFO] -   [CHECK_DICOM_EXISTS] Checking: session=HAHH, patient=110, study_date=20250628
2025-09-14 18:58:13 - [INFO] -   [CHECK_DICOM_EXISTS] Expected path: F:\projek dosen\prototype riset\hotspot-analyzer\data\PLANAR\HAHH\110\20250628
2025-09-14 18:58:13 - [INFO] -   [CHECK_DICOM_EXISTS] Path does not exist - NOT DUPLICATE
2025-09-14 18:58:13 - [INFO] - [ADD_FILES]   -> NEW, dimasukkan
2025-09-14 18:58:13 - [INFO] - [ADD_FILES] NEW added: 4, already analyzed: 0, redundant skipped: 0, errors: 0
2025-09-14 18:58:13 - [INFO] -   DEBUG: Starting quick detection for 4 files...
2025-09-14 18:58:13 - [INFO] -   DEBUG: Processing detection result for 107.dcm
2025-09-14 18:58:13 - [INFO] -   107.dcm: Fully auto-tagged (2 frames)
2025-09-14 18:58:13 - [INFO] -   DEBUG: Processing detection result for 108.dcm
2025-09-14 18:58:13 - [INFO] -   108.dcm: Fully auto-tagged (2 frames)
2025-09-14 18:58:13 - [INFO] -   DEBUG: Processing detection result for 109.dcm
2025-09-14 18:58:13 - [INFO] -   109.dcm: Fully auto-tagged (2 frames)
2025-09-14 18:58:13 - [INFO] -   DEBUG: Processing detection result for 110.dcm
2025-09-14 18:58:13 - [INFO] - 📊 Detection Analysis Complete:
2025-09-14 18:58:13 - [INFO] -      4 files fully auto-tagged
2025-09-14 18:58:13 - [INFO] - 🎉 All files auto-tagged! You can proceed directly to import.
2025-09-14 18:58:13 - [INFO] - Next step: Configure Views (or proceed if all auto-tagged)
2025-09-14 18:58:13 - [INFO] -   110.dcm: Fully auto-tagged (2 frames)
2025-09-14 18:58:14 - [INFO] -   Opening enhanced view configuration dialog...
2025-09-14 18:58:14 - [INFO] -   DEBUG: Opening view selector with 4 files
2025-09-14 18:58:14 - [INFO] -   DEBUG: Opening view configuration with 4 files:
2025-09-14 18:58:14 - [INFO] -    1. 107.dcm
2025-09-14 18:58:14 - [INFO] -    2. 108.dcm
2025-09-14 18:58:14 - [INFO] -    3. 109.dcm
2025-09-14 18:58:14 - [INFO] -    4. 110.dcm
2025-09-14 18:58:14 - [INFO] -      No duplicates found in selected_files
2025-09-14 18:58:14 - [INFO] -   DEBUG: Connecting signals...
2025-09-14 18:58:14 - [INFO] -   DEBUG: Executing dialog...
2025-09-14 18:58:14 - [INFO] -   DEBUG: Processing 2 frames from 107.dcm
2025-09-14 18:58:14 - [INFO] -   Frame 0: 'anterior'
2025-09-14 18:58:14 - [INFO] -     Detected: Anterior (confidence: high)
2025-09-14 18:58:14 - [INFO] -       auto-tagged: Anterior (high confidence)
2025-09-14 18:58:14 - [INFO] - 
  STARTING BACKGROUND ANALYSIS FOR FRAME 0...
2025-09-14 18:58:14 - [INFO] - 
  === BACKGROUND ANALYSIS DEBUG ===
2025-09-14 18:58:14 - [INFO] - Frame shape: (1024, 256)
2025-09-14 18:58:14 - [INFO] - Frame dtype: uint16
2025-09-14 18:58:14 - [INFO] - Frame range: 0 to 124
2025-09-14 18:58:14 - [INFO] - 🔄 Normalized to uint8: 0 to 255
2025-09-14 18:58:14 - [INFO] - 📐 Image dimensions: 256x1024 (262,144 pixels)
2025-09-14 18:58:14 - [INFO] - 🏠 Corner analysis with size: 20x20
2025-09-14 18:58:14 - [INFO] - 🏠 Corner means: [0.0, 0.0, 0.0, 0.0]
2025-09-14 18:58:14 - [INFO] - 🏠 Overall corner mean: 0.0
2025-09-14 18:58:14 - [INFO] - 🔲 Edge analysis:
2025-09-14 18:58:14 - [INFO] -    Edge mean: 0.2
2025-09-14 18:58:14 - [INFO] -    Dark edges (<50): 2560/2560 (100.0%)
2025-09-14 18:58:14 - [INFO] -    Bright edges (>200): 0/2560 (0.0%)
2025-09-14 18:58:14 - [INFO] - 📊 Overall statistics:
2025-09-14 18:58:14 - [INFO] -    Image mean: 11.5
2025-09-14 18:58:14 - [INFO] -    Dark pixels (<50): 251,095 (95.8%)
2025-09-14 18:58:14 - [INFO] -    Bright pixels (>200): 35 (0.0%)
2025-09-14 18:58:14 - [INFO] -    Mid-range pixels: 11,014 (4.2%)
2025-09-14 18:58:14 - [INFO] - 📈 Histogram analysis:
2025-09-14 18:58:14 - [INFO] -    Found 2 peaks: [(15, 24135), (25, 12817)]
2025-09-14 18:58:14 - [INFO] - 
  DECISION PROCESS:
2025-09-14 18:58:14 - [INFO] - 
📋 DECISION FACTORS:
2025-09-14 18:58:14 - [INFO] -      Dark corners (0.0 < 50) → BLACK (+40)
2025-09-14 18:58:14 - [INFO] -      Dark edges (100.0%) support BLACK (+30)
2025-09-14 18:58:14 - [INFO] -      Dark image (11.5 < 80) supports BLACK (+10)
2025-09-14 18:58:14 - [INFO] - 
  FINAL DECISION:
2025-09-14 18:58:14 - [INFO] -    Background Type: BLACK
2025-09-14 18:58:14 - [INFO] -    Confidence: 80%
2025-09-14 18:58:14 - [INFO] -    Reasoning: 3 factors analyzed
2025-09-14 18:58:14 - [INFO] - 📊 RESULT: {'background_type': 'black', 'confidence': 80, 'background_pixels': 251095, 'object_pixels': 11049, 'background_percentage': 95.78514099121094, 'total_pixels': 262144, 'debug_info': {'corner_mean': 0.0, 'edge_mean': 0.1609375, 'image_mean': 11.50732421875, 'dark_edge_ratio': 1.0, 'bright_edge_ratio': 0.0, 'decision_factors': ['  Dark corners (0.0 < 50) → BLACK (+40)', '  Dark edges (100.0%) support BLACK (+30)', '  Dark image (11.5 < 80) supports BLACK (+10)']}}
2025-09-14 18:58:14 - [INFO] -   === END BACKGROUND ANALYSIS ===

2025-09-14 18:58:14 - [INFO] -   BACKGROUND ANALYSIS RESULT:
2025-09-14 18:58:14 - [INFO] -    Type: black
2025-09-14 18:58:14 - [INFO] -    Confidence: 80%
2025-09-14 18:58:14 - [INFO] -    Background area: 95.8%
2025-09-14 18:58:14 - [INFO] -    Will auto-select: black radio button
2025-09-14 18:58:14 - [INFO] -    Factors: 3
2025-09-14 18:58:14 - [INFO] -     ⚠️ manual tagged REQUIRED: 80 confidence
2025-09-14 18:58:14 - [INFO] -   Frame 1: 'posterior'
2025-09-14 18:58:14 - [INFO] -     Detected: Posterior (confidence: high)
2025-09-14 18:58:14 - [INFO] -       auto-tagged: Posterior (high confidence)
2025-09-14 18:58:14 - [INFO] - 
  STARTING BACKGROUND ANALYSIS FOR FRAME 1...
2025-09-14 18:58:14 - [INFO] - 
  === BACKGROUND ANALYSIS DEBUG ===
2025-09-14 18:58:14 - [INFO] - Frame shape: (1024, 256)
2025-09-14 18:58:14 - [INFO] - Frame dtype: uint16
2025-09-14 18:58:14 - [INFO] - Frame range: 0 to 136
2025-09-14 18:58:14 - [INFO] - 🔄 Normalized to uint8: 0 to 255
2025-09-14 18:58:14 - [INFO] - 📐 Image dimensions: 256x1024 (262,144 pixels)
2025-09-14 18:58:14 - [INFO] - 🏠 Corner analysis with size: 20x20
2025-09-14 18:58:14 - [INFO] - 🏠 Corner means: [0.0, 0.0325, 0.0, 0.0]
2025-09-14 18:58:14 - [INFO] - 🏠 Overall corner mean: 0.0
2025-09-14 18:58:14 - [INFO] - 🔲 Edge analysis:
2025-09-14 18:58:14 - [INFO] -    Edge mean: 0.2
2025-09-14 18:58:14 - [INFO] -    Dark edges (<50): 2560/2560 (100.0%)
2025-09-14 18:58:14 - [INFO] -    Bright edges (>200): 0/2560 (0.0%)
2025-09-14 18:58:14 - [INFO] - 📊 Overall statistics:
2025-09-14 18:58:14 - [INFO] -    Image mean: 10.5
2025-09-14 18:58:14 - [INFO] -    Dark pixels (<50): 250,828 (95.7%)
2025-09-14 18:58:14 - [INFO] -    Bright pixels (>200): 14 (0.0%)
2025-09-14 18:58:14 - [INFO] -    Mid-range pixels: 11,302 (4.3%)
2025-09-14 18:58:14 - [INFO] - 📈 Histogram analysis:
2025-09-14 18:58:14 - [INFO] -    Found 2 peaks: [(10, 29139), (25, 9181)]
2025-09-14 18:58:14 - [INFO] - 
  DECISION PROCESS:
2025-09-14 18:58:14 - [INFO] - 
📋 DECISION FACTORS:
2025-09-14 18:58:14 - [INFO] -      Dark corners (0.0 < 50) → BLACK (+40)
2025-09-14 18:58:14 - [INFO] -      Dark edges (100.0%) support BLACK (+30)
2025-09-14 18:58:14 - [INFO] -      Dark image (10.5 < 80) supports BLACK (+10)
2025-09-14 18:58:14 - [INFO] - 
  FINAL DECISION:
2025-09-14 18:58:14 - [INFO] -    Background Type: BLACK
2025-09-14 18:58:14 - [INFO] -    Confidence: 80%
2025-09-14 18:58:14 - [INFO] -    Reasoning: 3 factors analyzed
2025-09-14 18:58:14 - [INFO] - 📊 RESULT: {'background_type': 'black', 'confidence': 80, 'background_pixels': 250828, 'object_pixels': 11316, 'background_percentage': 95.68328857421875, 'total_pixels': 262144, 'debug_info': {'corner_mean': 0.008125, 'edge_mean': 0.166015625, 'image_mean': 10.510772705078125, 'dark_edge_ratio': 1.0, 'bright_edge_ratio': 0.0, 'decision_factors': ['  Dark corners (0.0 < 50) → BLACK (+40)', '  Dark edges (100.0%) support BLACK (+30)', '  Dark image (10.5 < 80) supports BLACK (+10)']}}
2025-09-14 18:58:14 - [INFO] -   === END BACKGROUND ANALYSIS ===

2025-09-14 18:58:14 - [INFO] -   BACKGROUND ANALYSIS RESULT:
2025-09-14 18:58:14 - [INFO] -    Type: black
2025-09-14 18:58:14 - [INFO] -    Confidence: 80%
2025-09-14 18:58:14 - [INFO] -    Background area: 95.7%
2025-09-14 18:58:14 - [INFO] -    Will auto-select: black radio button
2025-09-14 18:58:14 - [INFO] -    Factors: 3
2025-09-14 18:58:14 - [INFO] -     ⚠️ manual tagged REQUIRED: 80 confidence
2025-09-14 18:58:14 - [INFO] - Summary: 107.dcm
2025-09-14 18:58:14 - [INFO] -     Reliable detections: 2/2
2025-09-14 18:58:14 - [INFO] -     Has reliable detection: True
2025-09-14 18:58:14 - [INFO] -     Needs manual tagged: False
2025-09-14 18:58:14 - [INFO] -   Loaded DICOM info for: 107.dcm
2025-09-14 18:58:14 - [INFO] -     Reliable detection: True
2025-09-14 18:58:14 - [INFO] -     Needs manual tagged: False
2025-09-14 18:58:14 - [INFO] -   DEBUG: Processing 2 frames from 108.dcm
2025-09-14 18:58:14 - [INFO] -   Frame 0: 'anterior'
2025-09-14 18:58:14 - [INFO] -     Detected: Anterior (confidence: high)
2025-09-14 18:58:14 - [INFO] -       auto-tagged: Anterior (high confidence)
2025-09-14 18:58:14 - [INFO] - 
  STARTING BACKGROUND ANALYSIS FOR FRAME 0...
2025-09-14 18:58:14 - [INFO] - 
  === BACKGROUND ANALYSIS DEBUG ===
2025-09-14 18:58:14 - [INFO] - Frame shape: (1024, 256)
2025-09-14 18:58:14 - [INFO] - Frame dtype: uint16
2025-09-14 18:58:14 - [INFO] - Frame range: 0 to 119
2025-09-14 18:58:14 - [INFO] - 🔄 Normalized to uint8: 0 to 255
2025-09-14 18:58:14 - [INFO] - 📐 Image dimensions: 256x1024 (262,144 pixels)
2025-09-14 18:58:14 - [INFO] - 🏠 Corner analysis with size: 20x20
2025-09-14 18:58:14 - [INFO] - 🏠 Corner means: [0.0, 0.0, 2.7425, 8.4225]
2025-09-14 18:58:14 - [INFO] - 🏠 Overall corner mean: 2.8
2025-09-14 18:58:14 - [INFO] - 🔲 Edge analysis:
2025-09-14 18:58:14 - [INFO] -    Edge mean: 3.2
2025-09-14 18:58:14 - [INFO] -    Dark edges (<50): 2517/2560 (98.3%)
2025-09-14 18:58:14 - [INFO] -    Bright edges (>200): 0/2560 (0.0%)
2025-09-14 18:58:14 - [INFO] - 📊 Overall statistics:
2025-09-14 18:58:14 - [INFO] -    Image mean: 18.1
2025-09-14 18:58:14 - [INFO] -    Dark pixels (<50): 229,821 (87.7%)
2025-09-14 18:58:14 - [INFO] -    Bright pixels (>200): 233 (0.1%)
2025-09-14 18:58:14 - [INFO] -    Mid-range pixels: 32,090 (12.2%)
2025-09-14 18:58:14 - [INFO] - 📈 Histogram analysis:
2025-09-14 18:58:14 - [INFO] -    Found 2 peaks: [(20, 16387), (35, 13630)]
2025-09-14 18:58:14 - [INFO] - 
  DECISION PROCESS:
2025-09-14 18:58:14 - [INFO] - 
📋 DECISION FACTORS:
2025-09-14 18:58:14 - [INFO] -      Dark corners (2.8 < 50) → BLACK (+40)
2025-09-14 18:58:14 - [INFO] -      Dark edges (98.3%) support BLACK (+30)
2025-09-14 18:58:14 - [INFO] -      Dark image (18.1 < 80) supports BLACK (+10)
2025-09-14 18:58:14 - [INFO] - 
  FINAL DECISION:
2025-09-14 18:58:14 - [INFO] -    Background Type: BLACK
2025-09-14 18:58:14 - [INFO] -    Confidence: 80%
2025-09-14 18:58:14 - [INFO] -    Reasoning: 3 factors analyzed
2025-09-14 18:58:14 - [INFO] - 📊 RESULT: {'background_type': 'black', 'confidence': 80, 'background_pixels': 229821, 'object_pixels': 32323, 'background_percentage': 87.66975402832031, 'total_pixels': 262144, 'debug_info': {'corner_mean': 2.79125, 'edge_mean': 3.154296875, 'image_mean': 18.141067504882812, 'dark_edge_ratio': 0.983203125, 'bright_edge_ratio': 0.0, 'decision_factors': ['  Dark corners (2.8 < 50) → BLACK (+40)', '  Dark edges (98.3%) support BLACK (+30)', '  Dark image (18.1 < 80) supports BLACK (+10)']}}
2025-09-14 18:58:14 - [INFO] -   === END BACKGROUND ANALYSIS ===

2025-09-14 18:58:14 - [INFO] -   BACKGROUND ANALYSIS RESULT:
2025-09-14 18:58:14 - [INFO] -    Type: black
2025-09-14 18:58:14 - [INFO] -    Confidence: 80%
2025-09-14 18:58:14 - [INFO] -    Background area: 87.7%
2025-09-14 18:58:14 - [INFO] -    Will auto-select: black radio button
2025-09-14 18:58:14 - [INFO] -    Factors: 3
2025-09-14 18:58:14 - [INFO] -     ⚠️ manual tagged REQUIRED: 80 confidence
2025-09-14 18:58:14 - [INFO] -   Frame 1: 'posterior'
2025-09-14 18:58:14 - [INFO] -     Detected: Posterior (confidence: high)
2025-09-14 18:58:14 - [INFO] -       auto-tagged: Posterior (high confidence)
2025-09-14 18:58:14 - [INFO] - 
  STARTING BACKGROUND ANALYSIS FOR FRAME 1...
2025-09-14 18:58:14 - [INFO] - 
  === BACKGROUND ANALYSIS DEBUG ===
2025-09-14 18:58:14 - [INFO] - Frame shape: (1024, 256)
2025-09-14 18:58:14 - [INFO] - Frame dtype: uint16
2025-09-14 18:58:14 - [INFO] - Frame range: 0 to 166
2025-09-14 18:58:14 - [INFO] - 🔄 Normalized to uint8: 0 to 255
2025-09-14 18:58:14 - [INFO] - 📐 Image dimensions: 256x1024 (262,144 pixels)
2025-09-14 18:58:14 - [INFO] - 🏠 Corner analysis with size: 20x20
2025-09-14 18:58:14 - [INFO] - 🏠 Corner means: [0.0, 0.0, 0.0, 0.0]
2025-09-14 18:58:14 - [INFO] - 🏠 Overall corner mean: 0.0
2025-09-14 18:58:14 - [INFO] - 🔲 Edge analysis:
2025-09-14 18:58:14 - [INFO] -    Edge mean: 0.1
2025-09-14 18:58:14 - [INFO] -    Dark edges (<50): 2560/2560 (100.0%)
2025-09-14 18:58:14 - [INFO] -    Bright edges (>200): 0/2560 (0.0%)
2025-09-14 18:58:14 - [INFO] - 📊 Overall statistics:
2025-09-14 18:58:14 - [INFO] -    Image mean: 9.4
2025-09-14 18:58:14 - [INFO] -    Dark pixels (<50): 251,918 (96.1%)
2025-09-14 18:58:14 - [INFO] -    Bright pixels (>200): 7 (0.0%)
2025-09-14 18:58:14 - [INFO] -    Mid-range pixels: 10,219 (3.9%)
2025-09-14 18:58:14 - [INFO] - 📈 Histogram analysis:
2025-09-14 18:58:14 - [INFO] -    Found 2 peaks: [(10, 20077), (20, 11758)]
2025-09-14 18:58:14 - [INFO] - 
  DECISION PROCESS:
2025-09-14 18:58:14 - [INFO] - 
📋 DECISION FACTORS:
2025-09-14 18:58:14 - [INFO] -      Dark corners (0.0 < 50) → BLACK (+40)
2025-09-14 18:58:14 - [INFO] -      Dark edges (100.0%) support BLACK (+30)
2025-09-14 18:58:14 - [INFO] -      Dark image (9.4 < 80) supports BLACK (+10)
2025-09-14 18:58:14 - [INFO] - 
  FINAL DECISION:
2025-09-14 18:58:14 - [INFO] -    Background Type: BLACK
2025-09-14 18:58:14 - [INFO] -    Confidence: 80%
2025-09-14 18:58:14 - [INFO] -    Reasoning: 3 factors analyzed
2025-09-14 18:58:14 - [INFO] - 📊 RESULT: {'background_type': 'black', 'confidence': 80, 'background_pixels': 251918, 'object_pixels': 10226, 'background_percentage': 96.09909057617188, 'total_pixels': 262144, 'debug_info': {'corner_mean': 0.0, 'edge_mean': 0.05078125, 'image_mean': 9.38125991821289, 'dark_edge_ratio': 1.0, 'bright_edge_ratio': 0.0, 'decision_factors': ['  Dark corners (0.0 < 50) → BLACK (+40)', '  Dark edges (100.0%) support BLACK (+30)', '  Dark image (9.4 < 80) supports BLACK (+10)']}}
2025-09-14 18:58:14 - [INFO] -   === END BACKGROUND ANALYSIS ===

2025-09-14 18:58:14 - [INFO] -   BACKGROUND ANALYSIS RESULT:
2025-09-14 18:58:14 - [INFO] -    Type: black
2025-09-14 18:58:14 - [INFO] -    Confidence: 80%
2025-09-14 18:58:14 - [INFO] -    Background area: 96.1%
2025-09-14 18:58:14 - [INFO] -    Will auto-select: black radio button
2025-09-14 18:58:14 - [INFO] -    Factors: 3
2025-09-14 18:58:14 - [INFO] -     ⚠️ manual tagged REQUIRED: 80 confidence
2025-09-14 18:58:14 - [INFO] - Summary: 108.dcm
2025-09-14 18:58:14 - [INFO] -     Reliable detections: 2/2
2025-09-14 18:58:14 - [INFO] -     Has reliable detection: True
2025-09-14 18:58:14 - [INFO] -     Needs manual tagged: False
2025-09-14 18:58:14 - [INFO] -   Loaded DICOM info for: 108.dcm
2025-09-14 18:58:14 - [INFO] -     Reliable detection: True
2025-09-14 18:58:14 - [INFO] -     Needs manual tagged: False
2025-09-14 18:58:14 - [INFO] -   DEBUG: Processing 2 frames from 109.dcm
2025-09-14 18:58:14 - [INFO] -   Frame 0: 'anterior'
2025-09-14 18:58:14 - [INFO] -     Detected: Anterior (confidence: high)
2025-09-14 18:58:14 - [INFO] -       auto-tagged: Anterior (high confidence)
2025-09-14 18:58:14 - [INFO] - 
  STARTING BACKGROUND ANALYSIS FOR FRAME 0...
2025-09-14 18:58:14 - [INFO] - 
  === BACKGROUND ANALYSIS DEBUG ===
2025-09-14 18:58:14 - [INFO] - Frame shape: (1024, 256)
2025-09-14 18:58:14 - [INFO] - Frame dtype: uint16
2025-09-14 18:58:14 - [INFO] - Frame range: 0 to 101
2025-09-14 18:58:14 - [INFO] - 🔄 Normalized to uint8: 0 to 255
2025-09-14 18:58:14 - [INFO] - 📐 Image dimensions: 256x1024 (262,144 pixels)
2025-09-14 18:58:14 - [INFO] - 🏠 Corner analysis with size: 20x20
2025-09-14 18:58:14 - [INFO] - 🏠 Corner means: [0.0, 0.05, 0.0, 0.0]
2025-09-14 18:58:14 - [INFO] - 🏠 Overall corner mean: 0.0
2025-09-14 18:58:14 - [INFO] - 🔲 Edge analysis:
2025-09-14 18:58:14 - [INFO] -    Edge mean: 0.1
2025-09-14 18:58:14 - [INFO] -    Dark edges (<50): 2560/2560 (100.0%)
2025-09-14 18:58:14 - [INFO] -    Bright edges (>200): 0/2560 (0.0%)
2025-09-14 18:58:14 - [INFO] - 📊 Overall statistics:
2025-09-14 18:58:14 - [INFO] -    Image mean: 19.7
2025-09-14 18:58:14 - [INFO] -    Dark pixels (<50): 224,971 (85.8%)
2025-09-14 18:58:14 - [INFO] -    Bright pixels (>200): 65 (0.0%)
2025-09-14 18:58:14 - [INFO] -    Mid-range pixels: 37,108 (14.2%)
2025-09-14 18:58:14 - [INFO] - 📈 Histogram analysis:
2025-09-14 18:58:14 - [INFO] -    Found 3 peaks: [(20, 16564), (30, 13621), (45, 8649)]
2025-09-14 18:58:14 - [INFO] - 
  DECISION PROCESS:
2025-09-14 18:58:14 - [INFO] - 
📋 DECISION FACTORS:
2025-09-14 18:58:14 - [INFO] -      Dark corners (0.0 < 50) → BLACK (+40)
2025-09-14 18:58:14 - [INFO] -      Dark edges (100.0%) support BLACK (+30)
2025-09-14 18:58:14 - [INFO] -      Dark image (19.7 < 80) supports BLACK (+10)
2025-09-14 18:58:14 - [INFO] - 
  FINAL DECISION:
2025-09-14 18:58:14 - [INFO] -    Background Type: BLACK
2025-09-14 18:58:14 - [INFO] -    Confidence: 80%
2025-09-14 18:58:14 - [INFO] -    Reasoning: 3 factors analyzed
2025-09-14 18:58:14 - [INFO] - 📊 RESULT: {'background_type': 'black', 'confidence': 80, 'background_pixels': 224971, 'object_pixels': 37173, 'background_percentage': 85.81962585449219, 'total_pixels': 262144, 'debug_info': {'corner_mean': 0.0125, 'edge_mean': 0.139453125, 'image_mean': 19.693763732910156, 'dark_edge_ratio': 1.0, 'bright_edge_ratio': 0.0, 'decision_factors': ['  Dark corners (0.0 < 50) → BLACK (+40)', '  Dark edges (100.0%) support BLACK (+30)', '  Dark image (19.7 < 80) supports BLACK (+10)']}}
2025-09-14 18:58:14 - [INFO] -   === END BACKGROUND ANALYSIS ===

2025-09-14 18:58:14 - [INFO] -   BACKGROUND ANALYSIS RESULT:
2025-09-14 18:58:14 - [INFO] -    Type: black
2025-09-14 18:58:14 - [INFO] -    Confidence: 80%
2025-09-14 18:58:14 - [INFO] -    Background area: 85.8%
2025-09-14 18:58:14 - [INFO] -    Will auto-select: black radio button
2025-09-14 18:58:14 - [INFO] -    Factors: 3
2025-09-14 18:58:14 - [INFO] -     ⚠️ manual tagged REQUIRED: 80 confidence
2025-09-14 18:58:14 - [INFO] -   Frame 1: 'posterior'
2025-09-14 18:58:14 - [INFO] -     Detected: Posterior (confidence: high)
2025-09-14 18:58:14 - [INFO] -       auto-tagged: Posterior (high confidence)
2025-09-14 18:58:14 - [INFO] - 
  STARTING BACKGROUND ANALYSIS FOR FRAME 1...
2025-09-14 18:58:14 - [INFO] - 
  === BACKGROUND ANALYSIS DEBUG ===
2025-09-14 18:58:14 - [INFO] - Frame shape: (1024, 256)
2025-09-14 18:58:14 - [INFO] - Frame dtype: uint16
2025-09-14 18:58:14 - [INFO] - Frame range: 0 to 106
2025-09-14 18:58:14 - [INFO] - 🔄 Normalized to uint8: 0 to 255
2025-09-14 18:58:14 - [INFO] - 📐 Image dimensions: 256x1024 (262,144 pixels)
2025-09-14 18:58:14 - [INFO] - 🏠 Corner analysis with size: 20x20
2025-09-14 18:58:14 - [INFO] - 🏠 Corner means: [0.17, 0.06, 0.0, 0.0]
2025-09-14 18:58:14 - [INFO] - 🏠 Overall corner mean: 0.1
2025-09-14 18:58:14 - [INFO] - 🔲 Edge analysis:
2025-09-14 18:58:14 - [INFO] -    Edge mean: 0.2
2025-09-14 18:58:14 - [INFO] -    Dark edges (<50): 2560/2560 (100.0%)
2025-09-14 18:58:14 - [INFO] -    Bright edges (>200): 0/2560 (0.0%)
2025-09-14 18:58:14 - [INFO] - 📊 Overall statistics:
2025-09-14 18:58:14 - [INFO] -    Image mean: 18.6
2025-09-14 18:58:14 - [INFO] -    Dark pixels (<50): 227,403 (86.7%)
2025-09-14 18:58:14 - [INFO] -    Bright pixels (>200): 98 (0.0%)
2025-09-14 18:58:14 - [INFO] -    Mid-range pixels: 34,643 (13.2%)
2025-09-14 18:58:14 - [INFO] - 📈 Histogram analysis:
2025-09-14 18:58:14 - [INFO] -    Found 2 peaks: [(10, 28197), (30, 12948)]
2025-09-14 18:58:14 - [INFO] - 
  DECISION PROCESS:
2025-09-14 18:58:14 - [INFO] - 
📋 DECISION FACTORS:
2025-09-14 18:58:14 - [INFO] -      Dark corners (0.1 < 50) → BLACK (+40)
2025-09-14 18:58:14 - [INFO] -      Dark edges (100.0%) support BLACK (+30)
2025-09-14 18:58:14 - [INFO] -      Dark image (18.6 < 80) supports BLACK (+10)
2025-09-14 18:58:14 - [INFO] - 
  FINAL DECISION:
2025-09-14 18:58:14 - [INFO] -    Background Type: BLACK
2025-09-14 18:58:14 - [INFO] -    Confidence: 80%
2025-09-14 18:58:14 - [INFO] -    Reasoning: 3 factors analyzed
2025-09-14 18:58:14 - [INFO] - 📊 RESULT: {'background_type': 'black', 'confidence': 80, 'background_pixels': 227403, 'object_pixels': 34741, 'background_percentage': 86.74736022949219, 'total_pixels': 262144, 'debug_info': {'corner_mean': 0.0575, 'edge_mean': 0.2375, 'image_mean': 18.616580963134766, 'dark_edge_ratio': 1.0, 'bright_edge_ratio': 0.0, 'decision_factors': ['  Dark corners (0.1 < 50) → BLACK (+40)', '  Dark edges (100.0%) support BLACK (+30)', '  Dark image (18.6 < 80) supports BLACK (+10)']}}
2025-09-14 18:58:14 - [INFO] -   === END BACKGROUND ANALYSIS ===

2025-09-14 18:58:14 - [INFO] -   BACKGROUND ANALYSIS RESULT:
2025-09-14 18:58:14 - [INFO] -    Type: black
2025-09-14 18:58:14 - [INFO] -    Confidence: 80%
2025-09-14 18:58:14 - [INFO] -    Background area: 86.7%
2025-09-14 18:58:14 - [INFO] -    Will auto-select: black radio button
2025-09-14 18:58:14 - [INFO] -    Factors: 3
2025-09-14 18:58:14 - [INFO] -     ⚠️ manual tagged REQUIRED: 80 confidence
2025-09-14 18:58:14 - [INFO] - Summary: 109.dcm
2025-09-14 18:58:14 - [INFO] -     Reliable detections: 2/2
2025-09-14 18:58:14 - [INFO] -     Has reliable detection: True
2025-09-14 18:58:14 - [INFO] -     Needs manual tagged: False
2025-09-14 18:58:14 - [INFO] -   Loaded DICOM info for: 109.dcm
2025-09-14 18:58:14 - [INFO] -     Reliable detection: True
2025-09-14 18:58:14 - [INFO] -     Needs manual tagged: False
2025-09-14 18:58:14 - [INFO] -   DEBUG: Processing 2 frames from 110.dcm
2025-09-14 18:58:14 - [INFO] -   Frame 0: 'anterior'
2025-09-14 18:58:14 - [INFO] -     Detected: Anterior (confidence: high)
2025-09-14 18:58:14 - [INFO] -       auto-tagged: Anterior (high confidence)
2025-09-14 18:58:14 - [INFO] - 
  STARTING BACKGROUND ANALYSIS FOR FRAME 0...
2025-09-14 18:58:14 - [INFO] - 
  === BACKGROUND ANALYSIS DEBUG ===
2025-09-14 18:58:14 - [INFO] - Frame shape: (1024, 256)
2025-09-14 18:58:14 - [INFO] - Frame dtype: uint16
2025-09-14 18:58:14 - [INFO] - Frame range: 0 to 222
2025-09-14 18:58:14 - [INFO] - 🔄 Normalized to uint8: 0 to 255
2025-09-14 18:58:14 - [INFO] - 📐 Image dimensions: 256x1024 (262,144 pixels)
2025-09-14 18:58:14 - [INFO] - 🏠 Corner analysis with size: 20x20
2025-09-14 18:58:14 - [INFO] - 🏠 Corner means: [0.055, 0.02, 0.0175, 0.0]
2025-09-14 18:58:14 - [INFO] - 🏠 Overall corner mean: 0.0
2025-09-14 18:58:14 - [INFO] - 🔲 Edge analysis:
2025-09-14 18:58:14 - [INFO] -    Edge mean: 0.1
2025-09-14 18:58:14 - [INFO] -    Dark edges (<50): 2560/2560 (100.0%)
2025-09-14 18:58:14 - [INFO] -    Bright edges (>200): 0/2560 (0.0%)
2025-09-14 18:58:14 - [INFO] - 📊 Overall statistics:
2025-09-14 18:58:14 - [INFO] -    Image mean: 7.1
2025-09-14 18:58:14 - [INFO] -    Dark pixels (<50): 260,540 (99.4%)
2025-09-14 18:58:14 - [INFO] -    Bright pixels (>200): 37 (0.0%)
2025-09-14 18:58:14 - [INFO] -    Mid-range pixels: 1,567 (0.6%)
2025-09-14 18:58:14 - [INFO] - 📈 Histogram analysis:
2025-09-14 18:58:14 - [INFO] -    Found 1 peaks: [(10, 28942)]
2025-09-14 18:58:14 - [INFO] - 
  DECISION PROCESS:
2025-09-14 18:58:14 - [INFO] - 
📋 DECISION FACTORS:
2025-09-14 18:58:14 - [INFO] -      Dark corners (0.0 < 50) → BLACK (+40)
2025-09-14 18:58:14 - [INFO] -      Dark edges (100.0%) support BLACK (+30)
2025-09-14 18:58:14 - [INFO] -      Dark image (7.1 < 80) supports BLACK (+10)
2025-09-14 18:58:14 - [INFO] - 
  FINAL DECISION:
2025-09-14 18:58:14 - [INFO] -    Background Type: BLACK
2025-09-14 18:58:14 - [INFO] -    Confidence: 80%
2025-09-14 18:58:14 - [INFO] -    Reasoning: 3 factors analyzed
2025-09-14 18:58:14 - [INFO] - 📊 RESULT: {'background_type': 'black', 'confidence': 80, 'background_pixels': 260540, 'object_pixels': 1604, 'background_percentage': 99.38812255859375, 'total_pixels': 262144, 'debug_info': {'corner_mean': 0.023125, 'edge_mean': 0.0671875, 'image_mean': 7.051700592041016, 'dark_edge_ratio': 1.0, 'bright_edge_ratio': 0.0, 'decision_factors': ['  Dark corners (0.0 < 50) → BLACK (+40)', '  Dark edges (100.0%) support BLACK (+30)', '  Dark image (7.1 < 80) supports BLACK (+10)']}}
2025-09-14 18:58:14 - [INFO] -   === END BACKGROUND ANALYSIS ===

2025-09-14 18:58:14 - [INFO] -   BACKGROUND ANALYSIS RESULT:
2025-09-14 18:58:14 - [INFO] -    Type: black
2025-09-14 18:58:14 - [INFO] -    Confidence: 80%
2025-09-14 18:58:14 - [INFO] -    Background area: 99.4%
2025-09-14 18:58:14 - [INFO] -    Will auto-select: black radio button
2025-09-14 18:58:14 - [INFO] -    Factors: 3
2025-09-14 18:58:14 - [INFO] -     ⚠️ manual tagged REQUIRED: 80 confidence
2025-09-14 18:58:14 - [INFO] -   Frame 1: 'posterior'
2025-09-14 18:58:14 - [INFO] -     Detected: Posterior (confidence: high)
2025-09-14 18:58:14 - [INFO] -       auto-tagged: Posterior (high confidence)
2025-09-14 18:58:14 - [INFO] - 
  STARTING BACKGROUND ANALYSIS FOR FRAME 1...
2025-09-14 18:58:14 - [INFO] - 
  === BACKGROUND ANALYSIS DEBUG ===
2025-09-14 18:58:14 - [INFO] - Frame shape: (1024, 256)
2025-09-14 18:58:14 - [INFO] - Frame dtype: uint16
2025-09-14 18:58:14 - [INFO] - Frame range: 0 to 231
2025-09-14 18:58:14 - [INFO] - 🔄 Normalized to uint8: 0 to 255
2025-09-14 18:58:14 - [INFO] - 📐 Image dimensions: 256x1024 (262,144 pixels)
2025-09-14 18:58:14 - [INFO] - 🏠 Corner analysis with size: 20x20
2025-09-14 18:58:14 - [INFO] - 🏠 Corner means: [0.0, 0.0325, 0.0, 0.0]
2025-09-14 18:58:14 - [INFO] - 🏠 Overall corner mean: 0.0
2025-09-14 18:58:14 - [INFO] - 🔲 Edge analysis:
2025-09-14 18:58:14 - [INFO] -    Edge mean: 0.1
2025-09-14 18:58:14 - [INFO] -    Dark edges (<50): 2560/2560 (100.0%)
2025-09-14 18:58:14 - [INFO] -    Bright edges (>200): 0/2560 (0.0%)
2025-09-14 18:58:14 - [INFO] - 📊 Overall statistics:
2025-09-14 18:58:14 - [INFO] -    Image mean: 6.7
2025-09-14 18:58:14 - [INFO] -    Dark pixels (<50): 260,006 (99.2%)
2025-09-14 18:58:14 - [INFO] -    Bright pixels (>200): 26 (0.0%)
2025-09-14 18:58:14 - [INFO] -    Mid-range pixels: 2,112 (0.8%)
2025-09-14 18:58:14 - [INFO] - 📈 Histogram analysis:
2025-09-14 18:58:14 - [INFO] -    Found 0 peaks: []
2025-09-14 18:58:14 - [INFO] - 
  DECISION PROCESS:
2025-09-14 18:58:14 - [INFO] - 
📋 DECISION FACTORS:
2025-09-14 18:58:14 - [INFO] -      Dark corners (0.0 < 50) → BLACK (+40)
2025-09-14 18:58:14 - [INFO] -      Dark edges (100.0%) support BLACK (+30)
2025-09-14 18:58:14 - [INFO] -      Dark image (6.7 < 80) supports BLACK (+10)
2025-09-14 18:58:14 - [INFO] - 
  FINAL DECISION:
2025-09-14 18:58:14 - [INFO] -    Background Type: BLACK
2025-09-14 18:58:14 - [INFO] -    Confidence: 80%
2025-09-14 18:58:14 - [INFO] -    Reasoning: 3 factors analyzed
2025-09-14 18:58:14 - [INFO] - 📊 RESULT: {'background_type': 'black', 'confidence': 80, 'background_pixels': 260006, 'object_pixels': 2138, 'background_percentage': 99.18441772460938, 'total_pixels': 262144, 'debug_info': {'corner_mean': 0.008125, 'edge_mean': 0.08125, 'image_mean': 6.740894317626953, 'dark_edge_ratio': 1.0, 'bright_edge_ratio': 0.0, 'decision_factors': ['  Dark corners (0.0 < 50) → BLACK (+40)', '  Dark edges (100.0%) support BLACK (+30)', '  Dark image (6.7 < 80) supports BLACK (+10)']}}
2025-09-14 18:58:14 - [INFO] -   === END BACKGROUND ANALYSIS ===

2025-09-14 18:58:14 - [INFO] -   BACKGROUND ANALYSIS RESULT:
2025-09-14 18:58:14 - [INFO] -    Type: black
2025-09-14 18:58:14 - [INFO] -    Confidence: 80%
2025-09-14 18:58:14 - [INFO] -    Background area: 99.2%
2025-09-14 18:58:14 - [INFO] -    Will auto-select: black radio button
2025-09-14 18:58:14 - [INFO] -    Factors: 3
2025-09-14 18:58:14 - [INFO] -     ⚠️ manual tagged REQUIRED: 80 confidence
2025-09-14 18:58:14 - [INFO] - Summary: 110.dcm
2025-09-14 18:58:14 - [INFO] -     Reliable detections: 2/2
2025-09-14 18:58:14 - [INFO] -     Has reliable detection: True
2025-09-14 18:58:14 - [INFO] -     Needs manual tagged: False
2025-09-14 18:58:14 - [INFO] -   Loaded DICOM info for: 110.dcm
2025-09-14 18:58:14 - [INFO] -     Reliable detection: True
2025-09-14 18:58:14 - [INFO] -     Needs manual tagged: False
2025-09-14 18:58:14 - [INFO] -   DEBUG: Loading finished. Loaded 4 DICOM info objects
2025-09-14 18:58:14 - [INFO] -   DEBUG: Starting widget setup...
2025-09-14 18:58:14 - [INFO] -   DEBUG: Processing 4 files in optimized order...
2025-09-14 18:58:14 - [INFO] -   107.dcm: auto
2025-09-14 18:58:14 - [INFO] -   108.dcm: auto
2025-09-14 18:58:14 - [INFO] -   109.dcm: auto
2025-09-14 18:58:14 - [INFO] -   110.dcm: auto
2025-09-14 18:58:14 - [INFO] -   DEBUG: Creating widget 1/4 for 107.dcm...
2025-09-14 18:58:14 - [INFO] -   DEBUG: Creating DicomFileWidget with 2 frames...
2025-09-14 18:58:14 - [INFO] -   DEBUG: Initializing DicomFileWidget for 107.dcm with 2 frames
2025-09-14 18:58:14 - [INFO] -   DEBUG: Setting up UI for 107.dcm...
2025-09-14 18:58:14 - [INFO] -   DEBUG: Initializing FrameWidget for frame 0 from 107.dcm
2025-09-14 18:58:14 - [INFO] -   DEBUG: Setting up UI for frame 0...
2025-09-14 18:58:14 - [INFO] -   DEBUG: ZoomableImageLabel init - shape: (1024, 256), dtype: uint16
2025-09-14 18:58:14 - [INFO] -   DEBUG: Medical image detected: True
2025-09-14 18:58:14 - [INFO] -   DEBUG: Creating pixmap...
2025-09-14 18:58:14 - [INFO] -   DEBUG: Starting pixmap creation - shape: (1024, 256)
2025-09-14 18:58:14 - [INFO] -   DEBUG: Frame data copied - dtype: uint16
2025-09-14 18:58:14 - [INFO] -   DEBUG: Converting from uint16 to uint8...
2025-09-14 18:58:14 - [INFO] -   DEBUG: Data range: 0 to 124
2025-09-14 18:58:14 - [INFO] -   Normalization completed
2025-09-14 18:58:14 - [INFO] -   DEBUG: Final frame dimensions: 256x1024
2025-09-14 18:58:14 - [INFO] -   DEBUG: Enhancing medical image display...
2025-09-14 18:58:14 - [INFO] -   Image already uint8, no enhancement needed
2025-09-14 18:58:14 - [INFO] -   Medical image enhancement applied
2025-09-14 18:58:14 - [INFO] -   DEBUG: Creating PIL Image...
2025-09-14 18:58:14 - [INFO] -   PIL Image created
2025-09-14 18:58:14 - [INFO] -   DEBUG: Detected potential medical scan
2025-09-14 18:58:14 - [INFO] -   DEBUG: High aspect ratio (4.0), checking for rotation...
2025-09-14 18:58:14 - [INFO] -   DEBUG: Rotation did not improve, keeping original orientation
2025-09-14 18:58:14 - [INFO] -   PIL Image finalized - size: (256, 1024)
2025-09-14 18:58:14 - [INFO] -   DEBUG: Original dimensions: 256x1024
2025-09-14 18:58:14 - [INFO] -   DEBUG: Tall image - resize to 70x280
2025-09-14 18:58:14 - [INFO] -   DEBUG: Final resize dimensions: 70x280
2025-09-14 18:58:14 - [INFO] -   DEBUG: Using NEAREST resampling for medical image
2025-09-14 18:58:14 - [INFO] -   Image resized
2025-09-14 18:58:14 - [INFO] -   QPixmap created successfully
2025-09-14 18:58:14 - [INFO] -   DEBUG: Updating display...
2025-09-14 18:58:14 - [INFO] -   DEBUG: Using Smooth transformation for medical image
2025-09-14 18:58:14 - [INFO] -   ZoomableImageLabel initialized successfully
2025-09-14 18:58:14 - [INFO] - 
  FRAME 0 AUTO-SELECTION DEBUG:
2025-09-14 18:58:14 - [INFO] -    detected_bg: 'black'
2025-09-14 18:58:14 - [INFO] -    pixel_analysis exists: True
2025-09-14 18:58:14 - [INFO] -    analysis.background_type: 'black'
2025-09-14 18:58:14 - [INFO] -    analysis.confidence: 80%
2025-09-14 18:58:14 - [INFO] -    corner_mean: 0.0
2025-09-14 18:58:14 - [INFO] -    edge_mean: 0.1609375
2025-09-14 18:58:14 - [INFO] -    image_mean: 11.50732421875
2025-09-14 18:58:14 - [INFO] -   AUTO-SELECTED: BLACK background radio button
2025-09-14 18:58:14 - [INFO] -    Final state - Black checked: True
2025-09-14 18:58:14 - [INFO] -    Final state - White checked: False
2025-09-14 18:58:14 - [INFO] -   DEBUG: Connecting signals for frame 0...
2025-09-14 18:58:14 - [INFO] -   FrameWidget setup completed for frame 0
2025-09-14 18:58:14 - [INFO] -   DEBUG: Initializing FrameWidget for frame 1 from 107.dcm
2025-09-14 18:58:14 - [INFO] -   DEBUG: Setting up UI for frame 1...
2025-09-14 18:58:14 - [INFO] -   DEBUG: ZoomableImageLabel init - shape: (1024, 256), dtype: uint16
2025-09-14 18:58:14 - [INFO] -   DEBUG: Medical image detected: True
2025-09-14 18:58:14 - [INFO] -   DEBUG: Creating pixmap...
2025-09-14 18:58:14 - [INFO] -   DEBUG: Starting pixmap creation - shape: (1024, 256)
2025-09-14 18:58:14 - [INFO] -   DEBUG: Frame data copied - dtype: uint16
2025-09-14 18:58:14 - [INFO] -   DEBUG: Converting from uint16 to uint8...
2025-09-14 18:58:14 - [INFO] -   DEBUG: Data range: 0 to 136
2025-09-14 18:58:14 - [INFO] -   Normalization completed
2025-09-14 18:58:14 - [INFO] -   DEBUG: Final frame dimensions: 256x1024
2025-09-14 18:58:14 - [INFO] -   DEBUG: Enhancing medical image display...
2025-09-14 18:58:14 - [INFO] -   Image already uint8, no enhancement needed
2025-09-14 18:58:14 - [INFO] -   Medical image enhancement applied
2025-09-14 18:58:14 - [INFO] -   DEBUG: Creating PIL Image...
2025-09-14 18:58:14 - [INFO] -   PIL Image created
2025-09-14 18:58:14 - [INFO] -   DEBUG: Detected potential medical scan
2025-09-14 18:58:14 - [INFO] -   DEBUG: High aspect ratio (4.0), checking for rotation...
2025-09-14 18:58:14 - [INFO] -   DEBUG: Rotation did not improve, keeping original orientation
2025-09-14 18:58:14 - [INFO] -   PIL Image finalized - size: (256, 1024)
2025-09-14 18:58:14 - [INFO] -   DEBUG: Original dimensions: 256x1024
2025-09-14 18:58:14 - [INFO] -   DEBUG: Tall image - resize to 70x280
2025-09-14 18:58:14 - [INFO] -   DEBUG: Final resize dimensions: 70x280
2025-09-14 18:58:14 - [INFO] -   DEBUG: Using NEAREST resampling for medical image
2025-09-14 18:58:14 - [INFO] -   Image resized
2025-09-14 18:58:14 - [INFO] -   QPixmap created successfully
2025-09-14 18:58:14 - [INFO] -   DEBUG: Updating display...
2025-09-14 18:58:14 - [INFO] -   DEBUG: Using Smooth transformation for medical image
2025-09-14 18:58:14 - [INFO] -   ZoomableImageLabel initialized successfully
2025-09-14 18:58:14 - [INFO] - 
  FRAME 1 AUTO-SELECTION DEBUG:
2025-09-14 18:58:14 - [INFO] -    detected_bg: 'black'
2025-09-14 18:58:14 - [INFO] -    pixel_analysis exists: True
2025-09-14 18:58:14 - [INFO] -    analysis.background_type: 'black'
2025-09-14 18:58:14 - [INFO] -    analysis.confidence: 80%
2025-09-14 18:58:14 - [INFO] -    corner_mean: 0.008125
2025-09-14 18:58:14 - [INFO] -    edge_mean: 0.166015625
2025-09-14 18:58:14 - [INFO] -    image_mean: 10.510772705078125
2025-09-14 18:58:14 - [INFO] -   AUTO-SELECTED: BLACK background radio button
2025-09-14 18:58:14 - [INFO] -    Final state - Black checked: True
2025-09-14 18:58:14 - [INFO] -    Final state - White checked: False
2025-09-14 18:58:14 - [INFO] -   DEBUG: Connecting signals for frame 1...
2025-09-14 18:58:14 - [INFO] -   FrameWidget setup completed for frame 1
2025-09-14 18:58:14 - [INFO] -   UI setup completed for 107.dcm
2025-09-14 18:58:14 - [INFO] -   DEBUG: Widget created successfully, connecting signals...
2025-09-14 18:58:14 - [INFO] -   DEBUG: Signals connected, adding to layout...
2025-09-14 18:58:14 - [INFO] -   Successfully created widget for 107.dcm
2025-09-14 18:58:14 - [INFO] -   DEBUG: Creating widget 2/4 for 108.dcm...
2025-09-14 18:58:14 - [INFO] -   DEBUG: Creating DicomFileWidget with 2 frames...
2025-09-14 18:58:14 - [INFO] -   DEBUG: Initializing DicomFileWidget for 108.dcm with 2 frames
2025-09-14 18:58:14 - [INFO] -   DEBUG: Setting up UI for 108.dcm...
2025-09-14 18:58:14 - [INFO] -   DEBUG: Initializing FrameWidget for frame 0 from 108.dcm
2025-09-14 18:58:14 - [INFO] -   DEBUG: Setting up UI for frame 0...
2025-09-14 18:58:14 - [INFO] -   DEBUG: ZoomableImageLabel init - shape: (1024, 256), dtype: uint16
2025-09-14 18:58:14 - [INFO] -   DEBUG: Medical image detected: True
2025-09-14 18:58:14 - [INFO] -   DEBUG: Creating pixmap...
2025-09-14 18:58:14 - [INFO] -   DEBUG: Starting pixmap creation - shape: (1024, 256)
2025-09-14 18:58:14 - [INFO] -   DEBUG: Frame data copied - dtype: uint16
2025-09-14 18:58:14 - [INFO] -   DEBUG: Converting from uint16 to uint8...
2025-09-14 18:58:14 - [INFO] -   DEBUG: Data range: 0 to 119
2025-09-14 18:58:14 - [INFO] -   Normalization completed
2025-09-14 18:58:14 - [INFO] -   DEBUG: Final frame dimensions: 256x1024
2025-09-14 18:58:14 - [INFO] -   DEBUG: Enhancing medical image display...
2025-09-14 18:58:14 - [INFO] -   Image already uint8, no enhancement needed
2025-09-14 18:58:14 - [INFO] -   Medical image enhancement applied
2025-09-14 18:58:14 - [INFO] -   DEBUG: Creating PIL Image...
2025-09-14 18:58:14 - [INFO] -   PIL Image created
2025-09-14 18:58:14 - [INFO] -   DEBUG: Detected potential medical scan
2025-09-14 18:58:14 - [INFO] -   DEBUG: High aspect ratio (4.0), checking for rotation...
2025-09-14 18:58:14 - [INFO] -   DEBUG: Rotation did not improve, keeping original orientation
2025-09-14 18:58:14 - [INFO] -   PIL Image finalized - size: (256, 1024)
2025-09-14 18:58:14 - [INFO] -   DEBUG: Original dimensions: 256x1024
2025-09-14 18:58:14 - [INFO] -   DEBUG: Tall image - resize to 70x280
2025-09-14 18:58:14 - [INFO] -   DEBUG: Final resize dimensions: 70x280
2025-09-14 18:58:14 - [INFO] -   DEBUG: Using NEAREST resampling for medical image
2025-09-14 18:58:14 - [INFO] -   Image resized
2025-09-14 18:58:14 - [INFO] -   QPixmap created successfully
2025-09-14 18:58:14 - [INFO] -   DEBUG: Updating display...
2025-09-14 18:58:14 - [INFO] -   DEBUG: Using Smooth transformation for medical image
2025-09-14 18:58:14 - [INFO] -   ZoomableImageLabel initialized successfully
2025-09-14 18:58:14 - [INFO] - 
  FRAME 0 AUTO-SELECTION DEBUG:
2025-09-14 18:58:14 - [INFO] -    detected_bg: 'black'
2025-09-14 18:58:14 - [INFO] -    pixel_analysis exists: True
2025-09-14 18:58:14 - [INFO] -    analysis.background_type: 'black'
2025-09-14 18:58:14 - [INFO] -    analysis.confidence: 80%
2025-09-14 18:58:14 - [INFO] -    corner_mean: 2.79125
2025-09-14 18:58:14 - [INFO] -    edge_mean: 3.154296875
2025-09-14 18:58:14 - [INFO] -    image_mean: 18.141067504882812
2025-09-14 18:58:14 - [INFO] -   AUTO-SELECTED: BLACK background radio button
2025-09-14 18:58:14 - [INFO] -    Final state - Black checked: True
2025-09-14 18:58:14 - [INFO] -    Final state - White checked: False
2025-09-14 18:58:14 - [INFO] -   DEBUG: Connecting signals for frame 0...
2025-09-14 18:58:14 - [INFO] -   FrameWidget setup completed for frame 0
2025-09-14 18:58:14 - [INFO] -   DEBUG: Initializing FrameWidget for frame 1 from 108.dcm
2025-09-14 18:58:14 - [INFO] -   DEBUG: Setting up UI for frame 1...
2025-09-14 18:58:14 - [INFO] -   DEBUG: ZoomableImageLabel init - shape: (1024, 256), dtype: uint16
2025-09-14 18:58:14 - [INFO] -   DEBUG: Medical image detected: True
2025-09-14 18:58:14 - [INFO] -   DEBUG: Creating pixmap...
2025-09-14 18:58:14 - [INFO] -   DEBUG: Starting pixmap creation - shape: (1024, 256)
2025-09-14 18:58:14 - [INFO] -   DEBUG: Frame data copied - dtype: uint16
2025-09-14 18:58:14 - [INFO] -   DEBUG: Converting from uint16 to uint8...
2025-09-14 18:58:14 - [INFO] -   DEBUG: Data range: 0 to 166
2025-09-14 18:58:14 - [INFO] -   Normalization completed
2025-09-14 18:58:14 - [INFO] -   DEBUG: Final frame dimensions: 256x1024
2025-09-14 18:58:14 - [INFO] -   DEBUG: Enhancing medical image display...
2025-09-14 18:58:14 - [INFO] -   Image already uint8, no enhancement needed
2025-09-14 18:58:14 - [INFO] -   Medical image enhancement applied
2025-09-14 18:58:14 - [INFO] -   DEBUG: Creating PIL Image...
2025-09-14 18:58:14 - [INFO] -   PIL Image created
2025-09-14 18:58:14 - [INFO] -   DEBUG: Detected potential medical scan
2025-09-14 18:58:14 - [INFO] -   DEBUG: High aspect ratio (4.0), checking for rotation...
2025-09-14 18:58:14 - [INFO] -   DEBUG: Rotation did not improve, keeping original orientation
2025-09-14 18:58:14 - [INFO] -   PIL Image finalized - size: (256, 1024)
2025-09-14 18:58:14 - [INFO] -   DEBUG: Original dimensions: 256x1024
2025-09-14 18:58:14 - [INFO] -   DEBUG: Tall image - resize to 70x280
2025-09-14 18:58:14 - [INFO] -   DEBUG: Final resize dimensions: 70x280
2025-09-14 18:58:14 - [INFO] -   DEBUG: Using NEAREST resampling for medical image
2025-09-14 18:58:14 - [INFO] -   Image resized
2025-09-14 18:58:14 - [INFO] -   QPixmap created successfully
2025-09-14 18:58:14 - [INFO] -   DEBUG: Updating display...
2025-09-14 18:58:14 - [INFO] -   DEBUG: Using Smooth transformation for medical image
2025-09-14 18:58:14 - [INFO] -   ZoomableImageLabel initialized successfully
2025-09-14 18:58:14 - [INFO] - 
  FRAME 1 AUTO-SELECTION DEBUG:
2025-09-14 18:58:14 - [INFO] -    detected_bg: 'black'
2025-09-14 18:58:14 - [INFO] -    pixel_analysis exists: True
2025-09-14 18:58:14 - [INFO] -    analysis.background_type: 'black'
2025-09-14 18:58:14 - [INFO] -    analysis.confidence: 80%
2025-09-14 18:58:14 - [INFO] -    corner_mean: 0.0
2025-09-14 18:58:14 - [INFO] -    edge_mean: 0.05078125
2025-09-14 18:58:14 - [INFO] -    image_mean: 9.38125991821289
2025-09-14 18:58:14 - [INFO] -   AUTO-SELECTED: BLACK background radio button
2025-09-14 18:58:14 - [INFO] -    Final state - Black checked: True
2025-09-14 18:58:14 - [INFO] -    Final state - White checked: False
2025-09-14 18:58:14 - [INFO] -   DEBUG: Connecting signals for frame 1...
2025-09-14 18:58:14 - [INFO] -   FrameWidget setup completed for frame 1
2025-09-14 18:58:14 - [INFO] -   UI setup completed for 108.dcm
2025-09-14 18:58:14 - [INFO] -   DEBUG: Widget created successfully, connecting signals...
2025-09-14 18:58:14 - [INFO] -   DEBUG: Signals connected, adding to layout...
2025-09-14 18:58:14 - [INFO] -   Successfully created widget for 108.dcm
2025-09-14 18:58:14 - [INFO] -   DEBUG: Creating widget 3/4 for 109.dcm...
2025-09-14 18:58:14 - [INFO] -   DEBUG: Creating DicomFileWidget with 2 frames...
2025-09-14 18:58:14 - [INFO] -   DEBUG: Initializing DicomFileWidget for 109.dcm with 2 frames
2025-09-14 18:58:14 - [INFO] -   DEBUG: Setting up UI for 109.dcm...
2025-09-14 18:58:14 - [INFO] -   DEBUG: Initializing FrameWidget for frame 0 from 109.dcm
2025-09-14 18:58:14 - [INFO] -   DEBUG: Setting up UI for frame 0...
2025-09-14 18:58:14 - [INFO] -   DEBUG: ZoomableImageLabel init - shape: (1024, 256), dtype: uint16
2025-09-14 18:58:14 - [INFO] -   DEBUG: Medical image detected: True
2025-09-14 18:58:14 - [INFO] -   DEBUG: Creating pixmap...
2025-09-14 18:58:14 - [INFO] -   DEBUG: Starting pixmap creation - shape: (1024, 256)
2025-09-14 18:58:14 - [INFO] -   DEBUG: Frame data copied - dtype: uint16
2025-09-14 18:58:14 - [INFO] -   DEBUG: Converting from uint16 to uint8...
2025-09-14 18:58:14 - [INFO] -   DEBUG: Data range: 0 to 101
2025-09-14 18:58:14 - [INFO] -   Normalization completed
2025-09-14 18:58:14 - [INFO] -   DEBUG: Final frame dimensions: 256x1024
2025-09-14 18:58:14 - [INFO] -   DEBUG: Enhancing medical image display...
2025-09-14 18:58:14 - [INFO] -   Image already uint8, no enhancement needed
2025-09-14 18:58:14 - [INFO] -   Medical image enhancement applied
2025-09-14 18:58:14 - [INFO] -   DEBUG: Creating PIL Image...
2025-09-14 18:58:14 - [INFO] -   PIL Image created
2025-09-14 18:58:14 - [INFO] -   DEBUG: Detected potential medical scan
2025-09-14 18:58:14 - [INFO] -   DEBUG: High aspect ratio (4.0), checking for rotation...
2025-09-14 18:58:14 - [INFO] -   DEBUG: Rotation did not improve, keeping original orientation
2025-09-14 18:58:14 - [INFO] -   PIL Image finalized - size: (256, 1024)
2025-09-14 18:58:14 - [INFO] -   DEBUG: Original dimensions: 256x1024
2025-09-14 18:58:14 - [INFO] -   DEBUG: Tall image - resize to 70x280
2025-09-14 18:58:14 - [INFO] -   DEBUG: Final resize dimensions: 70x280
2025-09-14 18:58:14 - [INFO] -   DEBUG: Using NEAREST resampling for medical image
2025-09-14 18:58:14 - [INFO] -   Image resized
2025-09-14 18:58:14 - [INFO] -   QPixmap created successfully
2025-09-14 18:58:14 - [INFO] -   DEBUG: Updating display...
2025-09-14 18:58:14 - [INFO] -   DEBUG: Using Smooth transformation for medical image
2025-09-14 18:58:14 - [INFO] -   ZoomableImageLabel initialized successfully
2025-09-14 18:58:14 - [INFO] - 
  FRAME 0 AUTO-SELECTION DEBUG:
2025-09-14 18:58:14 - [INFO] -    detected_bg: 'black'
2025-09-14 18:58:14 - [INFO] -    pixel_analysis exists: True
2025-09-14 18:58:14 - [INFO] -    analysis.background_type: 'black'
2025-09-14 18:58:14 - [INFO] -    analysis.confidence: 80%
2025-09-14 18:58:14 - [INFO] -    corner_mean: 0.0125
2025-09-14 18:58:14 - [INFO] -    edge_mean: 0.139453125
2025-09-14 18:58:14 - [INFO] -    image_mean: 19.693763732910156
2025-09-14 18:58:14 - [INFO] -   AUTO-SELECTED: BLACK background radio button
2025-09-14 18:58:14 - [INFO] -    Final state - Black checked: True
2025-09-14 18:58:14 - [INFO] -    Final state - White checked: False
2025-09-14 18:58:14 - [INFO] -   DEBUG: Connecting signals for frame 0...
2025-09-14 18:58:14 - [INFO] -   FrameWidget setup completed for frame 0
2025-09-14 18:58:14 - [INFO] -   DEBUG: Initializing FrameWidget for frame 1 from 109.dcm
2025-09-14 18:58:14 - [INFO] -   DEBUG: Setting up UI for frame 1...
2025-09-14 18:58:14 - [INFO] -   DEBUG: ZoomableImageLabel init - shape: (1024, 256), dtype: uint16
2025-09-14 18:58:14 - [INFO] -   DEBUG: Medical image detected: True
2025-09-14 18:58:14 - [INFO] -   DEBUG: Creating pixmap...
2025-09-14 18:58:14 - [INFO] -   DEBUG: Starting pixmap creation - shape: (1024, 256)
2025-09-14 18:58:14 - [INFO] -   DEBUG: Frame data copied - dtype: uint16
2025-09-14 18:58:14 - [INFO] -   DEBUG: Converting from uint16 to uint8...
2025-09-14 18:58:14 - [INFO] -   DEBUG: Data range: 0 to 106
2025-09-14 18:58:14 - [INFO] -   Normalization completed
2025-09-14 18:58:14 - [INFO] -   DEBUG: Final frame dimensions: 256x1024
2025-09-14 18:58:14 - [INFO] -   DEBUG: Enhancing medical image display...
2025-09-14 18:58:14 - [INFO] -   Image already uint8, no enhancement needed
2025-09-14 18:58:14 - [INFO] -   Medical image enhancement applied
2025-09-14 18:58:14 - [INFO] -   DEBUG: Creating PIL Image...
2025-09-14 18:58:14 - [INFO] -   PIL Image created
2025-09-14 18:58:14 - [INFO] -   DEBUG: Detected potential medical scan
2025-09-14 18:58:14 - [INFO] -   DEBUG: High aspect ratio (4.0), checking for rotation...
2025-09-14 18:58:14 - [INFO] -   DEBUG: Rotation did not improve, keeping original orientation
2025-09-14 18:58:14 - [INFO] -   PIL Image finalized - size: (256, 1024)
2025-09-14 18:58:14 - [INFO] -   DEBUG: Original dimensions: 256x1024
2025-09-14 18:58:14 - [INFO] -   DEBUG: Tall image - resize to 70x280
2025-09-14 18:58:14 - [INFO] -   DEBUG: Final resize dimensions: 70x280
2025-09-14 18:58:14 - [INFO] -   DEBUG: Using NEAREST resampling for medical image
2025-09-14 18:58:14 - [INFO] -   Image resized
2025-09-14 18:58:14 - [INFO] -   QPixmap created successfully
2025-09-14 18:58:14 - [INFO] -   DEBUG: Updating display...
2025-09-14 18:58:14 - [INFO] -   DEBUG: Using Smooth transformation for medical image
2025-09-14 18:58:14 - [INFO] -   ZoomableImageLabel initialized successfully
2025-09-14 18:58:14 - [INFO] - 
  FRAME 1 AUTO-SELECTION DEBUG:
2025-09-14 18:58:14 - [INFO] -    detected_bg: 'black'
2025-09-14 18:58:14 - [INFO] -    pixel_analysis exists: True
2025-09-14 18:58:14 - [INFO] -    analysis.background_type: 'black'
2025-09-14 18:58:14 - [INFO] -    analysis.confidence: 80%
2025-09-14 18:58:14 - [INFO] -    corner_mean: 0.0575
2025-09-14 18:58:14 - [INFO] -    edge_mean: 0.2375
2025-09-14 18:58:14 - [INFO] -    image_mean: 18.616580963134766
2025-09-14 18:58:14 - [INFO] -   AUTO-SELECTED: BLACK background radio button
2025-09-14 18:58:14 - [INFO] -    Final state - Black checked: True
2025-09-14 18:58:14 - [INFO] -    Final state - White checked: False
2025-09-14 18:58:14 - [INFO] -   DEBUG: Connecting signals for frame 1...
2025-09-14 18:58:14 - [INFO] -   FrameWidget setup completed for frame 1
2025-09-14 18:58:14 - [INFO] -   UI setup completed for 109.dcm
2025-09-14 18:58:14 - [INFO] -   DEBUG: Widget created successfully, connecting signals...
2025-09-14 18:58:14 - [INFO] -   DEBUG: Signals connected, adding to layout...
2025-09-14 18:58:14 - [INFO] -   Successfully created widget for 109.dcm
2025-09-14 18:58:14 - [INFO] -   DEBUG: Creating widget 4/4 for 110.dcm...
2025-09-14 18:58:14 - [INFO] -   DEBUG: Creating DicomFileWidget with 2 frames...
2025-09-14 18:58:14 - [INFO] -   DEBUG: Initializing DicomFileWidget for 110.dcm with 2 frames
2025-09-14 18:58:14 - [INFO] -   DEBUG: Setting up UI for 110.dcm...
2025-09-14 18:58:14 - [INFO] -   DEBUG: Initializing FrameWidget for frame 0 from 110.dcm
2025-09-14 18:58:14 - [INFO] -   DEBUG: Setting up UI for frame 0...
2025-09-14 18:58:14 - [INFO] -   DEBUG: ZoomableImageLabel init - shape: (1024, 256), dtype: uint16
2025-09-14 18:58:14 - [INFO] -   DEBUG: Medical image detected: True
2025-09-14 18:58:14 - [INFO] -   DEBUG: Creating pixmap...
2025-09-14 18:58:14 - [INFO] -   DEBUG: Starting pixmap creation - shape: (1024, 256)
2025-09-14 18:58:14 - [INFO] -   DEBUG: Frame data copied - dtype: uint16
2025-09-14 18:58:14 - [INFO] -   DEBUG: Converting from uint16 to uint8...
2025-09-14 18:58:14 - [INFO] -   DEBUG: Data range: 0 to 222
2025-09-14 18:58:14 - [INFO] -   Normalization completed
2025-09-14 18:58:14 - [INFO] -   DEBUG: Final frame dimensions: 256x1024
2025-09-14 18:58:14 - [INFO] -   DEBUG: Enhancing medical image display...
2025-09-14 18:58:14 - [INFO] -   Image already uint8, no enhancement needed
2025-09-14 18:58:14 - [INFO] -   Medical image enhancement applied
2025-09-14 18:58:14 - [INFO] -   DEBUG: Creating PIL Image...
2025-09-14 18:58:14 - [INFO] -   PIL Image created
2025-09-14 18:58:14 - [INFO] -   DEBUG: Detected potential medical scan
2025-09-14 18:58:14 - [INFO] -   DEBUG: High aspect ratio (4.0), checking for rotation...
2025-09-14 18:58:14 - [INFO] -   DEBUG: Rotation did not improve, keeping original orientation
2025-09-14 18:58:14 - [INFO] -   PIL Image finalized - size: (256, 1024)
2025-09-14 18:58:14 - [INFO] -   DEBUG: Original dimensions: 256x1024
2025-09-14 18:58:14 - [INFO] -   DEBUG: Tall image - resize to 70x280
2025-09-14 18:58:14 - [INFO] -   DEBUG: Final resize dimensions: 70x280
2025-09-14 18:58:14 - [INFO] -   DEBUG: Using NEAREST resampling for medical image
2025-09-14 18:58:14 - [INFO] -   Image resized
2025-09-14 18:58:14 - [INFO] -   QPixmap created successfully
2025-09-14 18:58:14 - [INFO] -   DEBUG: Updating display...
2025-09-14 18:58:14 - [INFO] -   DEBUG: Using Smooth transformation for medical image
2025-09-14 18:58:14 - [INFO] -   ZoomableImageLabel initialized successfully
2025-09-14 18:58:14 - [INFO] - 
  FRAME 0 AUTO-SELECTION DEBUG:
2025-09-14 18:58:14 - [INFO] -    detected_bg: 'black'
2025-09-14 18:58:14 - [INFO] -    pixel_analysis exists: True
2025-09-14 18:58:14 - [INFO] -    analysis.background_type: 'black'
2025-09-14 18:58:14 - [INFO] -    analysis.confidence: 80%
2025-09-14 18:58:14 - [INFO] -    corner_mean: 0.023125
2025-09-14 18:58:14 - [INFO] -    edge_mean: 0.0671875
2025-09-14 18:58:14 - [INFO] -    image_mean: 7.051700592041016
2025-09-14 18:58:14 - [INFO] -   AUTO-SELECTED: BLACK background radio button
2025-09-14 18:58:14 - [INFO] -    Final state - Black checked: True
2025-09-14 18:58:14 - [INFO] -    Final state - White checked: False
2025-09-14 18:58:14 - [INFO] -   DEBUG: Connecting signals for frame 0...
2025-09-14 18:58:14 - [INFO] -   FrameWidget setup completed for frame 0
2025-09-14 18:58:14 - [INFO] -   DEBUG: Initializing FrameWidget for frame 1 from 110.dcm
2025-09-14 18:58:14 - [INFO] -   DEBUG: Setting up UI for frame 1...
2025-09-14 18:58:14 - [INFO] -   DEBUG: ZoomableImageLabel init - shape: (1024, 256), dtype: uint16
2025-09-14 18:58:14 - [INFO] -   DEBUG: Medical image detected: True
2025-09-14 18:58:14 - [INFO] -   DEBUG: Creating pixmap...
2025-09-14 18:58:14 - [INFO] -   DEBUG: Starting pixmap creation - shape: (1024, 256)
2025-09-14 18:58:14 - [INFO] -   DEBUG: Frame data copied - dtype: uint16
2025-09-14 18:58:14 - [INFO] -   DEBUG: Converting from uint16 to uint8...
2025-09-14 18:58:14 - [INFO] -   DEBUG: Data range: 0 to 231
2025-09-14 18:58:14 - [INFO] -   Normalization completed
2025-09-14 18:58:14 - [INFO] -   DEBUG: Final frame dimensions: 256x1024
2025-09-14 18:58:14 - [INFO] -   DEBUG: Enhancing medical image display...
2025-09-14 18:58:14 - [INFO] -   Image already uint8, no enhancement needed
2025-09-14 18:58:14 - [INFO] -   Medical image enhancement applied
2025-09-14 18:58:14 - [INFO] -   DEBUG: Creating PIL Image...
2025-09-14 18:58:14 - [INFO] -   PIL Image created
2025-09-14 18:58:14 - [INFO] -   DEBUG: Detected potential medical scan
2025-09-14 18:58:14 - [INFO] -   DEBUG: High aspect ratio (4.0), checking for rotation...
2025-09-14 18:58:14 - [INFO] -   DEBUG: Rotation did not improve, keeping original orientation
2025-09-14 18:58:14 - [INFO] -   PIL Image finalized - size: (256, 1024)
2025-09-14 18:58:14 - [INFO] -   DEBUG: Original dimensions: 256x1024
2025-09-14 18:58:14 - [INFO] -   DEBUG: Tall image - resize to 70x280
2025-09-14 18:58:14 - [INFO] -   DEBUG: Final resize dimensions: 70x280
2025-09-14 18:58:14 - [INFO] -   DEBUG: Using NEAREST resampling for medical image
2025-09-14 18:58:14 - [INFO] -   Image resized
2025-09-14 18:58:14 - [INFO] -   QPixmap created successfully
2025-09-14 18:58:14 - [INFO] -   DEBUG: Updating display...
2025-09-14 18:58:14 - [INFO] -   DEBUG: Using Smooth transformation for medical image
2025-09-14 18:58:14 - [INFO] -   ZoomableImageLabel initialized successfully
2025-09-14 18:58:14 - [INFO] - 
  FRAME 1 AUTO-SELECTION DEBUG:
2025-09-14 18:58:14 - [INFO] -    detected_bg: 'black'
2025-09-14 18:58:14 - [INFO] -    pixel_analysis exists: True
2025-09-14 18:58:14 - [INFO] -    analysis.background_type: 'black'
2025-09-14 18:58:14 - [INFO] -    analysis.confidence: 80%
2025-09-14 18:58:14 - [INFO] -    corner_mean: 0.008125
2025-09-14 18:58:14 - [INFO] -    edge_mean: 0.08125
2025-09-14 18:58:14 - [INFO] -    image_mean: 6.740894317626953
2025-09-14 18:58:14 - [INFO] -   AUTO-SELECTED: BLACK background radio button
2025-09-14 18:58:14 - [INFO] -    Final state - Black checked: True
2025-09-14 18:58:14 - [INFO] -    Final state - White checked: False
2025-09-14 18:58:14 - [INFO] -   DEBUG: Connecting signals for frame 1...
2025-09-14 18:58:14 - [INFO] -   FrameWidget setup completed for frame 1
2025-09-14 18:58:14 - [INFO] -   UI setup completed for 110.dcm
2025-09-14 18:58:14 - [INFO] -   DEBUG: Widget created successfully, connecting signals...
2025-09-14 18:58:14 - [INFO] -   DEBUG: Signals connected, adding to layout...
2025-09-14 18:58:14 - [INFO] -   Successfully created widget for 110.dcm
2025-09-14 18:58:14 - [INFO] - 📊 Widget creation summary:
2025-09-14 18:58:14 - [INFO] -   Success: 4
2025-09-14 18:58:14 - [INFO] -   Errors: 0
2025-09-14 18:58:14 - [INFO] -   auto-tagged: 4
2025-09-14 18:58:14 - [INFO] -   Manual required: 0
2025-09-14 18:58:14 - [INFO] -   DEBUG: Widget setup completed, updating validation...
2025-09-14 18:58:14 - [INFO] -   DEBUG: Validating 4 widgets...
2025-09-14 18:58:14 - [INFO] -   DEBUG: Validating widget 1/4...
2025-09-14 18:58:14 - [INFO] -   DEBUG: Validating widget 2/4...
2025-09-14 18:58:14 - [INFO] -   DEBUG: Validating widget 3/4...
2025-09-14 18:58:14 - [INFO] -   DEBUG: Validating widget 4/4...
2025-09-14 18:58:14 - [INFO] -   DICOM widgets setup completed successfully
2025-09-14 18:58:15 - [INFO] -   DEBUG: Confirming selections...
2025-09-14 18:58:15 - [INFO] - 📄 107.dcm: {0: 'Anterior', 1: 'Posterior'}
2025-09-14 18:58:15 - [INFO] - 🎨 Background selections: {0: {'view': 'Anterior', 'background': 'black'}, 1: {'view': 'Posterior', 'background': 'black'}}
2025-09-14 18:58:15 - [INFO] - 📄 108.dcm: {0: 'Anterior', 1: 'Posterior'}
2025-09-14 18:58:15 - [INFO] - 🎨 Background selections: {0: {'view': 'Anterior', 'background': 'black'}, 1: {'view': 'Posterior', 'background': 'black'}}
2025-09-14 18:58:15 - [INFO] - 📄 109.dcm: {0: 'Anterior', 1: 'Posterior'}
2025-09-14 18:58:15 - [INFO] - 🎨 Background selections: {0: {'view': 'Anterior', 'background': 'black'}, 1: {'view': 'Posterior', 'background': 'black'}}
2025-09-14 18:58:15 - [INFO] - 📄 110.dcm: {0: 'Anterior', 1: 'Posterior'}
2025-09-14 18:58:15 - [INFO] - 🎨 Background selections: {0: {'view': 'Anterior', 'background': 'black'}, 1: {'view': 'Posterior', 'background': 'black'}}
2025-09-14 18:58:15 - [INFO] -   Validation passed - emitting signal
2025-09-14 18:58:15 - [INFO] -   DEBUG: About to emit views_confirmed signal with 4 files
2025-09-14 18:58:15 - [INFO] -   DEBUG: Emitting views_confirmed signal (string paths)...
2025-09-14 18:58:15 - [INFO] -   DEBUG: Emitting views_confirmed signal with background data...
2025-09-14 18:58:15 - [INFO] -   DEBUG: Signal received! Processing 2 assignments
2025-09-14 18:58:15 - [INFO] -   DEBUG: _on_views_configured called with payload keys: ['background_assignments', 'view_assignments']
2025-09-14 18:58:15 - [INFO] -   DEBUG: view_assignments contains 4 files
2025-09-14 18:58:15 - [INFO] -    📄 F:\projek dosen\prototype riset\raw data cropped (dcom)\107.dcm
2025-09-14 18:58:15 - [INFO] -    📄 F:\projek dosen\prototype riset\raw data cropped (dcom)\108.dcm
2025-09-14 18:58:15 - [INFO] -    📄 F:\projek dosen\prototype riset\raw data cropped (dcom)\109.dcm
2025-09-14 18:58:15 - [INFO] -    📄 F:\projek dosen\prototype riset\raw data cropped (dcom)\110.dcm
2025-09-14 18:58:15 - [INFO] - 🎨 Background assignments received: 4 files
2025-09-14 18:58:15 - [INFO] -   View assignments and background selections configured
2025-09-14 18:58:15 - [INFO] - Files with assignments: 4
2025-09-14 18:58:15 - [INFO] - Files with background selections: 4
2025-09-14 18:58:15 - [INFO] -   DEBUG: Signal emitted, closing dialog...
2025-09-14 18:58:15 - [INFO] -   DEBUG: Dialog finished, cleaning up...
2025-09-14 18:58:15 - [INFO] -   DEBUG: Dialog accepted and closed
2025-09-14 18:58:15 - [INFO] -   DEBUG: View dialog result: 1
2025-09-14 18:58:15 - [INFO] -   Dialog accepted
2025-09-14 18:58:15 - [INFO] - [START_IMPORT] Mulai filter item yang boleh diproses...
2025-09-14 18:58:15 - [INFO] - [START_IMPORT] assignments: 4 files, list items: 7
2025-09-14 18:58:15 - [INFO] - [START_IMPORT]   107.dcm flag=None
2025-09-14 18:58:15 - [INFO] - [START_IMPORT]   -> queued
2025-09-14 18:58:15 - [INFO] - [START_IMPORT]   108.dcm flag=None
2025-09-14 18:58:15 - [INFO] - [START_IMPORT]   -> queued
2025-09-14 18:58:15 - [INFO] - [START_IMPORT]   109.dcm flag=None
2025-09-14 18:58:15 - [INFO] - [START_IMPORT]   -> queued
2025-09-14 18:58:15 - [INFO] - [START_IMPORT]   110.dcm flag=None
2025-09-14 18:58:15 - [INFO] - [START_IMPORT]   -> queued
2025-09-14 18:58:15 - [INFO] - [START_IMPORT] queued=4, skipped_flagged=0
2025-09-14 18:58:15 - [INFO] - [START_IMPORT] Start processing...
2025-09-14 18:58:15 - [INFO] - [START_IMPORT] total to process: 4 (auto=4, manual=0)
2025-09-14 18:58:15 - [INFO] - [START_IMPORT] Session: HAHH → data/PLANAR/HAHH/[patient_id]/
2025-09-14 18:58:15 - [INFO] - ## Background assignments provided for 4 files
2025-09-14 18:58:15 - [INFO] - ## Starting batch import with view assignments: 4 file(s)
2025-09-14 18:58:15 - [INFO] - ## Session code: HAHH
2025-09-14 18:58:15 - [INFO] - ## Target directory: data/PLANAR/HAHH/[patient_id]/
2025-09-14 18:58:15 - [INFO] - ##   DICOM PROTECTION: Original DICOM files will NOT be modified
2025-09-14 18:58:15 - [INFO] - ##   OUTPUT ONLY: PNG/XML files for analysis results
2025-09-14 18:58:15 - [INFO] - ## 🎨 BACKGROUND PROCESSING: 4 files have background selections
2025-09-14 18:58:15 - [INFO] - ## Background conversion: White → Black (for model compatibility)
2025-09-14 18:58:15 - [INFO] - ## Processing workflow: Copy Original → PNG outputs → Segmentation → YOLO → Otsu → Classification → Quantification → Upload PNG
2025-09-14 18:58:15 - [INFO] - 
## Processing file 1/4: 107.dcm
2025-09-14 18:58:15 - [INFO] - 
=== Processing 107.dcm ===
2025-09-14 18:58:15 - [INFO] -   Patient ID: 107
2025-09-14 18:58:15 - [INFO] -   Study Date: 20250628
2025-09-14 18:58:15 - [INFO] -     Path structure validated: F:\projek dosen\prototype riset\hotspot-analyzer\data\PLANAR\HAHH\107\20250628
2025-09-14 18:58:15 - [INFO] -  >> Copying ORIGINAL DICOM without modification...
2025-09-14 18:58:15 - [INFO] -   Copied ORIGINAL → F:\projek dosen\prototype riset\hotspot-analyzer\data\PLA...
2025-09-14 18:58:15 - [INFO] -  >> Loading ORIGINAL DICOM frames with view assignments...
2025-09-14 18:58:15 - [INFO] -   Frames detected: ['anterior', 'posterior']
2025-09-14 18:58:15 - [INFO] -   >> Processing background selections...
2025-09-14 18:58:15 - [INFO] -      Processing anterior with black background
2025-09-14 18:58:15 - [INFO] -   Keeping black background
2025-09-14 18:58:15 - [INFO] -        anterior background processed
2025-09-14 18:58:15 - [INFO] -      Processing posterior with black background
2025-09-14 18:58:15 - [INFO] -   Keeping black background
2025-09-14 18:58:15 - [INFO] -        posterior background processed
2025-09-14 18:58:15 - [INFO] -     Background processing completed
2025-09-14 18:58:15 - [INFO] -   >> Normalized 'anterior' → 'Anterior'
2025-09-14 18:58:15 - [INFO] -   >> Normalized 'posterior' → 'Posterior'
2025-09-14 18:58:15 - [INFO] -     Final views: ['Anterior', 'Posterior']
2025-09-14 18:58:15 - [INFO] -     Normalized views: ['Anterior', 'Posterior']
2025-09-14 18:58:15 - [INFO] -   >> Saving original frames for classification...
2025-09-14 18:58:15 - [INFO] -      Original frame saved: ant_original.png
2025-09-14 18:58:15 - [INFO] -      Original frame saved: post_original.png
2025-09-14 18:58:15 - [INFO] -   >> Generating segmentation masks and colored overlays...
2025-09-14 18:58:15 - [INFO] -   >> [1/2] Processing Anterior
2025-09-14 18:58:15 - [INFO] -      Segmenting bone mask...
2025-09-14 18:58:15 - [INFO] - [SAFE_INFERENCE] Running predict_bone_mask
2025-09-14 18:58:16 - [INFO] - [MEMORY] predict_bone_mask - Before: 431.4 MB
2025-09-14 18:58:16 - [INFO] - [INFO]  Starting bone mask segmentation...
2025-09-14 18:58:16 - [INFO] - [INFO]  Input image shape: (1024, 256), dtype: uint16
2025-09-14 18:58:16 - [INFO] - [INFO]  Preprocessing: resizing to (256, 1024)...
2025-09-14 18:58:16 - [INFO] - [INFO]  Preprocessing completed
2025-09-14 18:58:16 - [INFO] - [INFO]  Loading segmentation model...
2025-09-14 18:58:17 - [INFO] - [INFO]  Loading bone segmentation model...
2025-09-14 18:58:17 - [INFO] - [INFO]  Model path: F:\projek dosen\prototype riset\hotspot-analyzer\models\s...
2025-09-14 18:58:17 - [INFO] - [INFO]  CUDA available: False – using cpu
2025-09-14 18:58:17 - [INFO] - [INFO]  Primary predictor created successfully (Device: cpu)
2025-09-14 18:58:17 - [INFO] - [INFO]  Switching to CPU-only fallback configuration.
2025-09-14 18:58:17 - [INFO] - [INFO]  Initializing model from trained weights on device: cpu...
2025-09-14 18:58:18 - [DEBUG] - Loaded backend agg version v2.2.
2025-09-14 18:58:20 - [INFO] - [INFO]  Bone segmentation model loaded successfully
2025-09-14 18:58:20 - [INFO] - [INFO]  Performing bone segmentation inference...
2025-09-14 18:58:20 - [INFO] - [INFO]  Running sliding window inference...
2025-09-14 18:58:20 - [INFO] - [INFO]  Input image shape: (1024, 256)
2025-09-14 18:58:21 - [INFO] - [INFO]  Prediction completed, output shape: (1024, 256)
2025-09-14 18:58:21 - [INFO] - [INFO]  Segmentation completed in 5.42s
2025-09-14 18:58:21 - [INFO] - [INFO]  Output mask shape: (1024, 256)
2025-09-14 18:58:21 - [INFO] - [INFO]  Unique labels found: [0, 1, 2, 3, 4, 5, 6, 7, 8, 9, 10, 11, 12]
2025-09-14 18:58:21 - [INFO] - [INFO]  Returning raw segmentation mask
2025-09-14 18:58:21 - [INFO] - [MEMORY] predict_bone_mask - After: 1352.3 MB (diff: +920.9 MB)
2025-09-14 18:58:21 - [INFO] - [SAFE_INFERENCE] Completed predict_bone_mask
2025-09-14 18:58:21 - [INFO] - [SAFE_INFERENCE] Post-cleanup for predict_bone_mask
2025-09-14 18:58:21 - [INFO] - [CLEANUP] nnUNet cache cleared
2025-09-14 18:58:21 - [INFO] - No valid config parameter, using defaults: {'minimumROIDimensions': 2, 'minimumROISize': None, 'normalize': False, 'normalizeScale': 1, 'removeOutliers': None, 'resampledPixelSpacing': None, 'interpolator': 'sitkBSpline', 'preCrop': False, 'padDistance': 5, 'distances': [1], 'force2D': False, 'force2Ddimension': 0, 'resegmentRange': None, 'label': 1, 'additionalInfo': True}
2025-09-14 18:58:21 - [INFO] - Enabled image types: {'Original': {}}
2025-09-14 18:58:21 - [INFO] - Enabled features: {'firstorder': [], 'glcm': [], 'gldm': [], 'glrlm': [], 'glszm': [], 'ngtdm': [], 'shape': []}
2025-09-14 18:58:21 - [INFO] - [CLEANUP] Classification models cleared
2025-09-14 18:58:21 - [INFO] - [CLEANUP] Complete model cleanup finished
2025-09-14 18:58:21 - [INFO] -      Generating colored overlay...
2025-09-14 18:58:21 - [INFO] - [SAFE_INFERENCE] Running predict_bone_mask
2025-09-14 18:58:21 - [INFO] - [MEMORY] predict_bone_mask - Before: 1459.0 MB
2025-09-14 18:58:21 - [INFO] - [INFO]  Starting bone mask segmentation...
2025-09-14 18:58:21 - [INFO] - [INFO]  Input image shape: (1024, 256), dtype: uint16
2025-09-14 18:58:21 - [INFO] - [INFO]  Preprocessing: resizing to (256, 1024)...
2025-09-14 18:58:21 - [INFO] - [INFO]  Preprocessing completed
2025-09-14 18:58:21 - [INFO] - [INFO]  Loading segmentation model...
2025-09-14 18:58:21 - [INFO] - [INFO]  Loading bone segmentation model...
2025-09-14 18:58:21 - [INFO] - [INFO]  Model path: F:\projek dosen\prototype riset\hotspot-analyzer\models\s...
2025-09-14 18:58:21 - [INFO] - [INFO]  CUDA available: False – using cpu
2025-09-14 18:58:21 - [INFO] - [INFO]  Primary predictor created successfully (Device: cpu)
2025-09-14 18:58:21 - [INFO] - [INFO]  Switching to CPU-only fallback configuration.
2025-09-14 18:58:21 - [INFO] - [INFO]  Initializing model from trained weights on device: cpu...
2025-09-14 18:58:23 - [INFO] - [INFO]  Bone segmentation model loaded successfully
2025-09-14 18:58:23 - [INFO] - [INFO]  Performing bone segmentation inference...
2025-09-14 18:58:23 - [INFO] - [INFO]  Running sliding window inference...
2025-09-14 18:58:23 - [INFO] - [INFO]  Input image shape: (1024, 256)
2025-09-14 18:58:23 - [INFO] - [INFO]  Prediction completed, output shape: (1024, 256)
2025-09-14 18:58:23 - [INFO] - [INFO]  Segmentation completed in 1.99s
2025-09-14 18:58:23 - [INFO] - [INFO]  Output mask shape: (1024, 256)
2025-09-14 18:58:23 - [INFO] - [INFO]  Unique labels found: [0, 1, 2, 3, 4, 5, 6, 7, 8, 9, 10, 11, 12]
2025-09-14 18:58:23 - [INFO] - [INFO]  Converting mask to colored RGB image...
2025-09-14 18:58:23 - [INFO] - [INFO]  RGB conversion completed, shape: (1024, 256, 3)
2025-09-14 18:58:23 - [INFO] - [MEMORY] predict_bone_mask - After: 1475.8 MB (diff: +16.8 MB)
2025-09-14 18:58:23 - [INFO] - [SAFE_INFERENCE] Completed predict_bone_mask
2025-09-14 18:58:23 - [INFO] - [SAFE_INFERENCE] Post-cleanup for predict_bone_mask
2025-09-14 18:58:23 - [INFO] - [CLEANUP] nnUNet cache cleared
2025-09-14 18:58:23 - [INFO] - [CLEANUP] Classification models cleared
2025-09-14 18:58:23 - [INFO] - [CLEANUP] Complete model cleanup finished
2025-09-14 18:58:23 - [INFO] -      Segmentation completed for Anterior
2025-09-14 18:58:23 - [INFO] -        Saved: ant_mask.png, ant_segm.png
2025-09-14 18:58:23 - [INFO] -   >> [2/2] Processing Posterior
2025-09-14 18:58:23 - [INFO] -      Segmenting bone mask...
2025-09-14 18:58:23 - [INFO] - [SAFE_INFERENCE] Running predict_bone_mask
2025-09-14 18:58:23 - [INFO] - [MEMORY] predict_bone_mask - Before: 1473.0 MB
2025-09-14 18:58:23 - [INFO] - [INFO]  Starting bone mask segmentation...
2025-09-14 18:58:23 - [INFO] - [INFO]  Input image shape: (1024, 256), dtype: uint16
2025-09-14 18:58:23 - [INFO] - [INFO]  Preprocessing: resizing to (256, 1024)...
2025-09-14 18:58:23 - [INFO] - [INFO]  Preprocessing completed
2025-09-14 18:58:23 - [INFO] - [INFO]  Loading segmentation model...
2025-09-14 18:58:23 - [INFO] - [INFO]  Loading bone segmentation model...
2025-09-14 18:58:23 - [INFO] - [INFO]  Model path: F:\projek dosen\prototype riset\hotspot-analyzer\models\s...
2025-09-14 18:58:23 - [INFO] - [INFO]  CUDA available: False – using cpu
2025-09-14 18:58:23 - [INFO] - [INFO]  Primary predictor created successfully (Device: cpu)
2025-09-14 18:58:23 - [INFO] - [INFO]  Switching to CPU-only fallback configuration.
2025-09-14 18:58:23 - [INFO] - [INFO]  Initializing model from trained weights on device: cpu...
2025-09-14 18:58:25 - [INFO] - [INFO]  Bone segmentation model loaded successfully
2025-09-14 18:58:25 - [INFO] - [INFO]  Performing bone segmentation inference...
2025-09-14 18:58:25 - [INFO] - [INFO]  Running sliding window inference...
2025-09-14 18:58:25 - [INFO] - [INFO]  Input image shape: (1024, 256)
2025-09-14 18:58:26 - [INFO] - [INFO]  Prediction completed, output shape: (1024, 256)
2025-09-14 18:58:26 - [INFO] - [INFO]  Segmentation completed in 2.07s
2025-09-14 18:58:26 - [INFO] - [INFO]  Output mask shape: (1024, 256)
2025-09-14 18:58:26 - [INFO] - [INFO]  Unique labels found: [0, 1, 2, 3, 4, 6, 7, 8, 9, 10, 11, 12]
2025-09-14 18:58:26 - [INFO] - [INFO]  Returning raw segmentation mask
2025-09-14 18:58:26 - [INFO] - [MEMORY] predict_bone_mask - After: 1477.4 MB (diff: +4.4 MB)
2025-09-14 18:58:26 - [INFO] - [SAFE_INFERENCE] Completed predict_bone_mask
2025-09-14 18:58:26 - [INFO] - [SAFE_INFERENCE] Post-cleanup for predict_bone_mask
2025-09-14 18:58:26 - [INFO] - [CLEANUP] nnUNet cache cleared
2025-09-14 18:58:26 - [INFO] - [CLEANUP] Classification models cleared
2025-09-14 18:58:26 - [INFO] - [CLEANUP] Complete model cleanup finished
2025-09-14 18:58:26 - [INFO] -      Generating colored overlay...
2025-09-14 18:58:26 - [INFO] - [SAFE_INFERENCE] Running predict_bone_mask
2025-09-14 18:58:26 - [INFO] - [MEMORY] predict_bone_mask - Before: 1474.5 MB
2025-09-14 18:58:26 - [INFO] - [INFO]  Starting bone mask segmentation...
2025-09-14 18:58:26 - [INFO] - [INFO]  Input image shape: (1024, 256), dtype: uint16
2025-09-14 18:58:26 - [INFO] - [INFO]  Preprocessing: resizing to (256, 1024)...
2025-09-14 18:58:26 - [INFO] - [INFO]  Preprocessing completed
2025-09-14 18:58:26 - [INFO] - [INFO]  Loading segmentation model...
2025-09-14 18:58:26 - [INFO] - [INFO]  Loading bone segmentation model...
2025-09-14 18:58:26 - [INFO] - [INFO]  Model path: F:\projek dosen\prototype riset\hotspot-analyzer\models\s...
2025-09-14 18:58:26 - [INFO] - [INFO]  CUDA available: False – using cpu
2025-09-14 18:58:26 - [INFO] - [INFO]  Primary predictor created successfully (Device: cpu)
2025-09-14 18:58:26 - [INFO] - [INFO]  Switching to CPU-only fallback configuration.
2025-09-14 18:58:26 - [INFO] - [INFO]  Initializing model from trained weights on device: cpu...
2025-09-14 18:58:27 - [INFO] - [INFO]  Bone segmentation model loaded successfully
2025-09-14 18:58:27 - [INFO] - [INFO]  Performing bone segmentation inference...
2025-09-14 18:58:27 - [INFO] - [INFO]  Running sliding window inference...
2025-09-14 18:58:27 - [INFO] - [INFO]  Input image shape: (1024, 256)
2025-09-14 18:58:28 - [INFO] - [INFO]  Prediction completed, output shape: (1024, 256)
2025-09-14 18:58:28 - [INFO] - [INFO]  Segmentation completed in 2.27s
2025-09-14 18:58:28 - [INFO] - [INFO]  Output mask shape: (1024, 256)
2025-09-14 18:58:28 - [INFO] - [INFO]  Unique labels found: [0, 1, 2, 3, 4, 6, 7, 8, 9, 10, 11, 12]
2025-09-14 18:58:28 - [INFO] - [INFO]  Converting mask to colored RGB image...
2025-09-14 18:58:28 - [INFO] - [INFO]  RGB conversion completed, shape: (1024, 256, 3)
2025-09-14 18:58:28 - [INFO] - [MEMORY] predict_bone_mask - After: 1485.6 MB (diff: +11.1 MB)
2025-09-14 18:58:28 - [INFO] - [SAFE_INFERENCE] Completed predict_bone_mask
2025-09-14 18:58:28 - [INFO] - [SAFE_INFERENCE] Post-cleanup for predict_bone_mask
2025-09-14 18:58:28 - [INFO] - [CLEANUP] nnUNet cache cleared
2025-09-14 18:58:28 - [INFO] - [CLEANUP] Classification models cleared
2025-09-14 18:58:28 - [INFO] - [CLEANUP] Complete model cleanup finished
2025-09-14 18:58:28 - [INFO] -      Segmentation completed for Posterior
2025-09-14 18:58:28 - [INFO] -        Saved: post_mask.png, post_segm.png
2025-09-14 18:58:28 - [INFO] -   >> Running YOLO hotspot detection...
2025-09-14 18:58:28 - [INFO] - [SAFE_INFERENCE] Running run_yolo_detection_wrapper
2025-09-14 18:58:28 - [INFO] - [MEMORY] run_yolo_detection_wrapper - Before: 1482.2 MB
2025-09-14 18:58:28 - [INFO] - [YOLO WRAPPER] Starting YOLO detection for 107
2025-09-14 18:58:28 - [INFO] - [YOLO WRAPPER] Model path: F:\projek dosen\prototype riset\hotspot-analyzer\models\hotspot_detection\models\model_detection_hs_yolov8.pt
2025-09-14 18:58:28 - [INFO] - [YOLO WRAPPER] DICOM path: F:\projek dosen\prototype riset\hotspot-analyzer\data\PLANAR\HAHH\107\20250628\107.dcm
2025-09-14 18:58:28 - [INFO] - [SAFE_INFERENCE] Running run_yolo_detection_for_patient
2025-09-14 18:58:28 - [INFO] - [MEMORY] run_yolo_detection_for_patient - Before: 1482.3 MB
2025-09-14 18:58:28 - [INFO] - [YOLO WRAPPER] Starting detection for patient 107
2025-09-14 18:58:28 - [INFO] - [YOLO WRAPPER] DICOM file: F:\projek dosen\prototype riset\hotspot-analyzer\data\PLANAR\HAHH\107\20250628\107.dcm
2025-09-14 18:58:28 - [INFO] - [YOLO] FORCING model load - application requires YOLO functionality
2025-09-14 18:58:28 - [INFO] - [YOLO WRAPPER] Extracted session from path: HAHH
2025-09-14 18:58:28 - [INFO] - [DETECTION] Processing DICOM: F:\projek dosen\prototype riset\hotspot-analyzer\data\PLANAR\HAHH\107\20250628\107.dcm
2025-09-14 18:58:28 - [INFO] - [DETECTION] FORCED YOLO execution - application requires this functionality
2025-09-14 18:58:28 - [INFO] - [DETECTION] Patient: 107, Session: HAHH, Study Date: 20250628
2025-09-14 18:58:28 - [INFO] - [DETECTION] Loaded 2 frames: ['anterior', 'posterior']
2025-09-14 18:58:28 - [INFO] - [DETECTION] Processing view: anterior -> anterior
2025-09-14 18:58:28 - [INFO] - [HOTSPOT FILES] Final selection for ant:
2025-09-14 18:58:28 - [INFO] - [HOTSPOT FILES]   yolo_xml: F:\projek dosen\prototype riset\hotspot-analyzer\data\PLANAR\HAHH\107\20250628\ant_hotspot_yolo.xml (exists: False, type: original)
2025-09-14 18:58:28 - [INFO] - [HOTSPOT FILES]   otsu_colored: F:\projek dosen\prototype riset\hotspot-analyzer\data\PLANAR\HAHH\107\20250628\ant_hotspot_otsu_colored.png (exists: False, type: original)
2025-09-14 18:58:28 - [INFO] - [HOTSPOT FILES]   otsu_colored_blend: F:\projek dosen\prototype riset\hotspot-analyzer\data\PLANAR\HAHH\107\20250628\ant_hotspot_otsu_colored_blend.png (exists: False, type: original)
2025-09-14 18:58:28 - [INFO] - [HOTSPOT FILES]   otsu_grayscale: F:\projek dosen\prototype riset\hotspot-analyzer\data\PLANAR\HAHH\107\20250628\ant_hotspot_otsu_grayscale.png (exists: False, type: original)
2025-09-14 18:58:28 - [INFO] - [HOTSPOT FILES]   classification_xml: F:\projek dosen\prototype riset\hotspot-analyzer\data\PLANAR\HAHH\107\20250628\ant_hotspot_classification.xml (exists: False, type: original)
2025-09-14 18:58:28 - [INFO] - [HOTSPOT FILES]   classification_png: F:\projek dosen\prototype riset\hotspot-analyzer\data\PLANAR\HAHH\107\20250628\ant_hotspot_classification.png (exists: False, type: original)
2025-09-14 18:58:28 - [INFO] - [DETECTION] Running YOLO on anterior view...
2025-09-14 18:58:28 - [INFO] - [YOLO] FORCING model load - application critical functionality
2025-09-14 18:58:28 - [INFO] - [YOLO] Loading model on-demand (FORCED, thread-safe)...
2025-09-14 18:58:28 - [INFO] - [YOLO] FORCING model initialization - critical for application
2025-09-14 18:58:28 - [INFO] - [YOLO] Attempting to load model from: F:\projek dosen\prototype riset\hotspot-analyzer\models\hotspot_detection\models\model_detection_hs_yolov8.pt
2025-09-14 18:58:28 - [INFO] - [YOLO] Model loaded successfully (FORCED CPU mode)
2025-09-14 18:58:29 - [INFO] - [DETECTION] Found 3 hotspots in anterior
2025-09-14 18:58:29 - [INFO] - [XML] Saved detection XML to: F:\projek dosen\prototype riset\hotspot-analyzer\data\PLANAR\HAHH\107\20250628\ant_hotspot_yolo.xml
2025-09-14 18:58:29 - [INFO] - [DETECTION] Processing view: posterior -> posterior
2025-09-14 18:58:29 - [INFO] - [HOTSPOT FILES] Final selection for post:
2025-09-14 18:58:29 - [INFO] - [HOTSPOT FILES]   yolo_xml: F:\projek dosen\prototype riset\hotspot-analyzer\data\PLANAR\HAHH\107\20250628\post_hotspot_yolo.xml (exists: False, type: original)
2025-09-14 18:58:29 - [INFO] - [HOTSPOT FILES]   otsu_colored: F:\projek dosen\prototype riset\hotspot-analyzer\data\PLANAR\HAHH\107\20250628\post_hotspot_otsu_colored.png (exists: False, type: original)
2025-09-14 18:58:29 - [INFO] - [HOTSPOT FILES]   otsu_colored_blend: F:\projek dosen\prototype riset\hotspot-analyzer\data\PLANAR\HAHH\107\20250628\post_hotspot_otsu_colored_blend.png (exists: False, type: original)
2025-09-14 18:58:29 - [INFO] - [HOTSPOT FILES]   otsu_grayscale: F:\projek dosen\prototype riset\hotspot-analyzer\data\PLANAR\HAHH\107\20250628\post_hotspot_otsu_grayscale.png (exists: False, type: original)
2025-09-14 18:58:29 - [INFO] - [HOTSPOT FILES]   classification_xml: F:\projek dosen\prototype riset\hotspot-analyzer\data\PLANAR\HAHH\107\20250628\post_hotspot_classification.xml (exists: False, type: original)
2025-09-14 18:58:29 - [INFO] - [HOTSPOT FILES]   classification_png: F:\projek dosen\prototype riset\hotspot-analyzer\data\PLANAR\HAHH\107\20250628\post_hotspot_classification.png (exists: False, type: original)
2025-09-14 18:58:29 - [INFO] - [DETECTION] Running YOLO on posterior view...
2025-09-14 18:58:29 - [INFO] - [DETECTION] Found 5 hotspots in posterior
2025-09-14 18:58:29 - [INFO] - [XML] Saved detection XML to: F:\projek dosen\prototype riset\hotspot-analyzer\data\PLANAR\HAHH\107\20250628\post_hotspot_yolo.xml
2025-09-14 18:58:29 - [INFO] - [YOLO WRAPPER] Detection completed:
2025-09-14 18:58:29 - [INFO] -   Anterior: ✓
2025-09-14 18:58:29 - [INFO] -   Posterior: ✓
2025-09-14 18:58:29 - [INFO] - [MEMORY] run_yolo_detection_for_patient - After: 1498.6 MB (diff: +16.3 MB)
2025-09-14 18:58:29 - [INFO] - [SAFE_INFERENCE] Completed run_yolo_detection_for_patient
2025-09-14 18:58:29 - [INFO] - [SAFE_INFERENCE] Post-cleanup for run_yolo_detection_for_patient
2025-09-14 18:58:29 - [INFO] - [CLEANUP] YOLO model cleared
2025-09-14 18:58:29 - [INFO] - [CLEANUP] nnUNet cache cleared
2025-09-14 18:58:29 - [INFO] - [CLEANUP] Classification models cleared
2025-09-14 18:58:29 - [INFO] - [CLEANUP] Complete model cleanup finished
2025-09-14 18:58:29 - [INFO] - [YOLO WRAPPER] Detection completed with results: {'anterior': True, 'posterior': True}
2025-09-14 18:58:29 - [INFO] - [MEMORY] run_yolo_detection_wrapper - After: 1498.7 MB (diff: +16.4 MB)
2025-09-14 18:58:29 - [INFO] - [SAFE_INFERENCE] Completed run_yolo_detection_wrapper
2025-09-14 18:58:29 - [INFO] - [SAFE_INFERENCE] Post-cleanup for run_yolo_detection_wrapper
2025-09-14 18:58:29 - [INFO] - [CLEANUP] nnUNet cache cleared
2025-09-14 18:58:29 - [INFO] - [CLEANUP] Classification models cleared
2025-09-14 18:58:29 - [INFO] - [CLEANUP] Complete model cleanup finished
2025-09-14 18:58:29 - [INFO] -      YOLO detection completed - XML files created
2025-09-14 18:58:29 - [INFO] -   >> Running Otsu hotspot processing...
2025-09-14 18:58:29 - [INFO] - [SAFE_INFERENCE] Running run_hotspot_processing_in_process
2025-09-14 18:58:29 - [INFO] - [MEMORY] run_hotspot_processing_in_process - Before: 1498.7 MB
2025-09-14 18:58:29 - [INFO] - --- MENJALANKAN FUNGSI HOTSPOT DENGAN LOGIKA PENYIMPANAN FILE ---
2025-09-14 18:58:29 - [INFO] - [SESSION] Found session code from config: HAHH
2025-09-14 18:58:29 - [INFO] - [DEBUG] Using session: HAHH, patient: 107, study_date: 20250628
2025-09-14 18:58:29 - [INFO] - [DEBUG] Expected patient folder: F:\projek dosen\prototype riset\hotspot-analyzer\data\PLANAR\HAHH\107\20250628
2025-09-14 18:58:29 - [INFO] - 
  [DEBUG PRIORITY GANTENG] ===================
2025-09-14 18:58:29 - [INFO] -   [DEBUG PRIORITY] Looking for: ant_hotspot_classification.png
2025-09-14 18:58:29 - [INFO] -   [DEBUG PRIORITY] In path: F:\projek dosen\prototype riset\hotspot-analyzer\data\PLANAR\HAHH\107\20250628
2025-09-14 18:58:29 - [INFO] -   [DEBUG PRIORITY] Session code: None
2025-09-14 18:58:29 - [INFO] -   [DEBUG PRIORITY] Original file: F:\projek dosen\prototype riset\hotspot-analyzer\data\PLANAR\HAHH\107\20250628\ant_hotspot_classification.png
2025-09-14 18:58:29 - [INFO] -   [DEBUG PRIORITY] Original exists: False
2025-09-14 18:58:29 - [INFO] -   [DEBUG PRIORITY] File is editable, checking for timestamp version...
2025-09-14 18:58:29 - [INFO] - 
  [DEBUG TIMESTAMP GANTENG] ===================
2025-09-14 18:58:29 - [INFO] -   [DEBUG TIMESTAMP] Looking for: ant_hotspot_classification.png
2025-09-14 18:58:29 - [INFO] -   [DEBUG TIMESTAMP] In folder: F:\projek dosen\prototype riset\hotspot-analyzer\data\PLANAR\HAHH\107\20250628
2025-09-14 18:58:29 - [INFO] -   [DEBUG TIMESTAMP] Session code: None
2025-09-14 18:58:29 - [INFO] -   [DEBUG TIMESTAMP] Is editable: True
2025-09-14 18:58:29 - [INFO] -   [DEBUG TIMESTAMP] Folder contents:
2025-09-14 18:58:29 - [INFO] -   [DEBUG TIMESTAMP]   FILE: 107.dcm
2025-09-14 18:58:29 - [INFO] -   [DEBUG TIMESTAMP]   FILE: ant_hotspot_yolo.xml
2025-09-14 18:58:29 - [INFO] -   [DEBUG TIMESTAMP]   FILE: ant_mask.png
2025-09-14 18:58:29 - [INFO] -   [DEBUG TIMESTAMP]   FILE: ant_original.png
2025-09-14 18:58:29 - [INFO] -   [DEBUG TIMESTAMP]   FILE: ant_segm.png
2025-09-14 18:58:29 - [INFO] -   [DEBUG TIMESTAMP]   FILE: post_hotspot_yolo.xml
2025-09-14 18:58:29 - [INFO] -   [DEBUG TIMESTAMP]   FILE: post_mask.png
2025-09-14 18:58:29 - [INFO] -   [DEBUG TIMESTAMP]   FILE: post_original.png
2025-09-14 18:58:29 - [INFO] -   [DEBUG TIMESTAMP]   FILE: post_segm.png
2025-09-14 18:58:29 - [INFO] -   [DEBUG TIMESTAMP] Running get_latest_timestamp_file...
2025-09-14 18:58:29 - [INFO] -   [DEBUG TIMESTAMP] Result: None
2025-09-14 18:58:29 - [INFO] -   [DEBUG PRIORITY]  No edited version found
2025-09-14 18:58:29 - [INFO] -   [DEBUG PRIORITY]  No file found at all
2025-09-14 18:58:29 - [INFO] - [PRIORITY] Using original PNG: F:\projek dosen\prototype riset\hotspot-analyzer\data\PLANAR\HAHH\107\20250628\ant_hotspot_classification.png
2025-09-14 18:58:29 - [INFO] - [HOTSPOT FILES] Final selection for ant:
2025-09-14 18:58:29 - [INFO] - [HOTSPOT FILES]   yolo_xml: F:\projek dosen\prototype riset\hotspot-analyzer\data\PLANAR\HAHH\107\20250628\ant_hotspot_yolo.xml (exists: True, type: original)
2025-09-14 18:58:29 - [INFO] - [HOTSPOT FILES]   otsu_colored: F:\projek dosen\prototype riset\hotspot-analyzer\data\PLANAR\HAHH\107\20250628\ant_hotspot_otsu_colored.png (exists: False, type: original)
2025-09-14 18:58:29 - [INFO] - [HOTSPOT FILES]   otsu_colored_blend: F:\projek dosen\prototype riset\hotspot-analyzer\data\PLANAR\HAHH\107\20250628\ant_hotspot_otsu_colored_blend.png (exists: False, type: original)
2025-09-14 18:58:29 - [INFO] - [HOTSPOT FILES]   otsu_grayscale: F:\projek dosen\prototype riset\hotspot-analyzer\data\PLANAR\HAHH\107\20250628\ant_hotspot_otsu_grayscale.png (exists: False, type: original)
2025-09-14 18:58:29 - [INFO] - [HOTSPOT FILES]   classification_xml: F:\projek dosen\prototype riset\hotspot-analyzer\data\PLANAR\HAHH\107\20250628\ant_hotspot_classification.xml (exists: False, type: original)
2025-09-14 18:58:29 - [INFO] - [HOTSPOT FILES]   classification_png: F:\projek dosen\prototype riset\hotspot-analyzer\data\PLANAR\HAHH\107\20250628\ant_hotspot_classification.png (exists: False, type: original)
2025-09-14 18:58:29 - [INFO] - 
  [DEBUG PRIORITY GANTENG] ===================
2025-09-14 18:58:29 - [INFO] -   [DEBUG PRIORITY] Looking for: post_hotspot_classification.png
2025-09-14 18:58:29 - [INFO] -   [DEBUG PRIORITY] In path: F:\projek dosen\prototype riset\hotspot-analyzer\data\PLANAR\HAHH\107\20250628
2025-09-14 18:58:29 - [INFO] -   [DEBUG PRIORITY] Session code: None
2025-09-14 18:58:29 - [INFO] -   [DEBUG PRIORITY] Original file: F:\projek dosen\prototype riset\hotspot-analyzer\data\PLANAR\HAHH\107\20250628\post_hotspot_classification.png
2025-09-14 18:58:29 - [INFO] -   [DEBUG PRIORITY] Original exists: False
2025-09-14 18:58:29 - [INFO] -   [DEBUG PRIORITY] File is editable, checking for timestamp version...
2025-09-14 18:58:29 - [INFO] - 
  [DEBUG TIMESTAMP GANTENG] ===================
2025-09-14 18:58:29 - [INFO] -   [DEBUG TIMESTAMP] Looking for: post_hotspot_classification.png
2025-09-14 18:58:29 - [INFO] -   [DEBUG TIMESTAMP] In folder: F:\projek dosen\prototype riset\hotspot-analyzer\data\PLANAR\HAHH\107\20250628
2025-09-14 18:58:29 - [INFO] -   [DEBUG TIMESTAMP] Session code: None
2025-09-14 18:58:29 - [INFO] -   [DEBUG TIMESTAMP] Is editable: True
2025-09-14 18:58:29 - [INFO] -   [DEBUG TIMESTAMP] Folder contents:
2025-09-14 18:58:29 - [INFO] -   [DEBUG TIMESTAMP]   FILE: 107.dcm
2025-09-14 18:58:29 - [INFO] -   [DEBUG TIMESTAMP]   FILE: ant_hotspot_yolo.xml
2025-09-14 18:58:29 - [INFO] -   [DEBUG TIMESTAMP]   FILE: ant_mask.png
2025-09-14 18:58:29 - [INFO] -   [DEBUG TIMESTAMP]   FILE: ant_original.png
2025-09-14 18:58:29 - [INFO] -   [DEBUG TIMESTAMP]   FILE: ant_segm.png
2025-09-14 18:58:29 - [INFO] -   [DEBUG TIMESTAMP]   FILE: post_hotspot_yolo.xml
2025-09-14 18:58:29 - [INFO] -   [DEBUG TIMESTAMP]   FILE: post_mask.png
2025-09-14 18:58:29 - [INFO] -   [DEBUG TIMESTAMP]   FILE: post_original.png
2025-09-14 18:58:29 - [INFO] -   [DEBUG TIMESTAMP]   FILE: post_segm.png
2025-09-14 18:58:29 - [INFO] -   [DEBUG TIMESTAMP] Running get_latest_timestamp_file...
2025-09-14 18:58:29 - [INFO] -   [DEBUG TIMESTAMP] Result: None
2025-09-14 18:58:29 - [INFO] -   [DEBUG PRIORITY]  No edited version found
2025-09-14 18:58:29 - [INFO] -   [DEBUG PRIORITY]  No file found at all
2025-09-14 18:58:29 - [INFO] - [PRIORITY] Using original PNG: F:\projek dosen\prototype riset\hotspot-analyzer\data\PLANAR\HAHH\107\20250628\post_hotspot_classification.png
2025-09-14 18:58:29 - [INFO] - [HOTSPOT FILES] Final selection for post:
2025-09-14 18:58:29 - [INFO] - [HOTSPOT FILES]   yolo_xml: F:\projek dosen\prototype riset\hotspot-analyzer\data\PLANAR\HAHH\107\20250628\post_hotspot_yolo.xml (exists: True, type: original)
2025-09-14 18:58:29 - [INFO] - [HOTSPOT FILES]   otsu_colored: F:\projek dosen\prototype riset\hotspot-analyzer\data\PLANAR\HAHH\107\20250628\post_hotspot_otsu_colored.png (exists: False, type: original)
2025-09-14 18:58:29 - [INFO] - [HOTSPOT FILES]   otsu_colored_blend: F:\projek dosen\prototype riset\hotspot-analyzer\data\PLANAR\HAHH\107\20250628\post_hotspot_otsu_colored_blend.png (exists: False, type: original)
2025-09-14 18:58:29 - [INFO] - [HOTSPOT FILES]   otsu_grayscale: F:\projek dosen\prototype riset\hotspot-analyzer\data\PLANAR\HAHH\107\20250628\post_hotspot_otsu_grayscale.png (exists: False, type: original)
2025-09-14 18:58:29 - [INFO] - [HOTSPOT FILES]   classification_xml: F:\projek dosen\prototype riset\hotspot-analyzer\data\PLANAR\HAHH\107\20250628\post_hotspot_classification.xml (exists: False, type: original)
2025-09-14 18:58:29 - [INFO] - [HOTSPOT FILES]   classification_png: F:\projek dosen\prototype riset\hotspot-analyzer\data\PLANAR\HAHH\107\20250628\post_hotspot_classification.png (exists: False, type: original)
2025-09-14 18:58:29 - [INFO] - [DEBUG] Processing anterior with XML: F:\projek dosen\prototype riset\hotspot-analyzer\data\PLANAR\HAHH\107\20250628\ant_hotspot_yolo.xml
2025-09-14 18:58:29 - [INFO] - [DEBUG] Processing frame with study_date: 20250628
2025-09-14 18:58:29 - [INFO] - [SESSION] Found session code from config: HAHH
2025-09-14 18:58:29 - [DEBUG] - STREAM b'IHDR' 16 13
2025-09-14 18:58:29 - [DEBUG] - STREAM b'IDAT' 41 65536
2025-09-14 18:58:29 - [DEBUG] - STREAM b'IHDR' 16 13
2025-09-14 18:58:29 - [DEBUG] - STREAM b'IDAT' 41 65536
2025-09-14 18:58:29 - [DEBUG] - STREAM b'IHDR' 16 13
2025-09-14 18:58:29 - [DEBUG] - STREAM b'IDAT' 41 65536
2025-09-14 18:58:29 - [DEBUG] - STREAM b'IHDR' 16 13
2025-09-14 18:58:29 - [DEBUG] - STREAM b'IDAT' 41 65536
2025-09-14 18:58:29 - [INFO] - [HOTSPOT FILES] Final selection for ant:
2025-09-14 18:58:29 - [INFO] - [HOTSPOT FILES]   yolo_xml: F:\projek dosen\prototype riset\hotspot-analyzer\data\PLANAR\HAHH\107\20250628\ant_hotspot_yolo.xml (exists: True, type: original)
2025-09-14 18:58:29 - [INFO] - [HOTSPOT FILES]   otsu_colored: F:\projek dosen\prototype riset\hotspot-analyzer\data\PLANAR\HAHH\107\20250628\ant_hotspot_otsu_colored.png (exists: False, type: original)
2025-09-14 18:58:29 - [INFO] - [HOTSPOT FILES]   otsu_colored_blend: F:\projek dosen\prototype riset\hotspot-analyzer\data\PLANAR\HAHH\107\20250628\ant_hotspot_otsu_colored_blend.png (exists: False, type: original)
2025-09-14 18:58:29 - [INFO] - [HOTSPOT FILES]   otsu_grayscale: F:\projek dosen\prototype riset\hotspot-analyzer\data\PLANAR\HAHH\107\20250628\ant_hotspot_otsu_grayscale.png (exists: False, type: original)
2025-09-14 18:58:29 - [INFO] - [HOTSPOT FILES]   classification_xml: F:\projek dosen\prototype riset\hotspot-analyzer\data\PLANAR\HAHH\107\20250628\ant_hotspot_classification.xml (exists: False, type: original)
2025-09-14 18:58:29 - [INFO] - [HOTSPOT FILES]   classification_png: F:\projek dosen\prototype riset\hotspot-analyzer\data\PLANAR\HAHH\107\20250628\ant_hotspot_classification.png (exists: False, type: original)
2025-09-14 18:58:29 - [INFO] - Blended hotspot image saved: F:\projek dosen\prototype riset\hotspot-analyzer\data\PLANAR\HAHH\107\20250628\ant_hotspot_otsu_colored_blend.png
2025-09-14 18:58:29 - [INFO] - Pure hotspot image saved: F:\projek dosen\prototype riset\hotspot-analyzer\data\PLANAR\HAHH\107\20250628\ant_hotspot_otsu_colored.png
2025-09-14 18:58:29 - [INFO] - Hotspot mask saved: F:\projek dosen\prototype riset\hotspot-analyzer\data\PLANAR\HAHH\107\20250628\ant_hotspot_otsu_grayscale.png
2025-09-14 18:58:29 - [INFO] - [PROCESS] Anterior hotspot processing completed
2025-09-14 18:58:29 - [INFO] - [DEBUG] Processing posterior with XML: F:\projek dosen\prototype riset\hotspot-analyzer\data\PLANAR\HAHH\107\20250628\post_hotspot_yolo.xml
2025-09-14 18:58:29 - [INFO] - [DEBUG] Processing frame with study_date: 20250628
2025-09-14 18:58:29 - [INFO] - [SESSION] Found session code from config: HAHH
2025-09-14 18:58:29 - [DEBUG] - STREAM b'IHDR' 16 13
2025-09-14 18:58:29 - [DEBUG] - STREAM b'IDAT' 41 65536
2025-09-14 18:58:29 - [DEBUG] - STREAM b'IHDR' 16 13
2025-09-14 18:58:29 - [DEBUG] - STREAM b'IDAT' 41 65536
2025-09-14 18:58:29 - [DEBUG] - STREAM b'IHDR' 16 13
2025-09-14 18:58:29 - [DEBUG] - STREAM b'IDAT' 41 65536
2025-09-14 18:58:29 - [DEBUG] - STREAM b'IHDR' 16 13
2025-09-14 18:58:29 - [DEBUG] - STREAM b'IDAT' 41 65536
2025-09-14 18:58:29 - [DEBUG] - STREAM b'IHDR' 16 13
2025-09-14 18:58:29 - [DEBUG] - STREAM b'IDAT' 41 65536
2025-09-14 18:58:29 - [DEBUG] - STREAM b'IHDR' 16 13
2025-09-14 18:58:29 - [DEBUG] - STREAM b'IDAT' 41 65536
2025-09-14 18:58:29 - [INFO] - [HOTSPOT FILES] Final selection for post:
2025-09-14 18:58:29 - [INFO] - [HOTSPOT FILES]   yolo_xml: F:\projek dosen\prototype riset\hotspot-analyzer\data\PLANAR\HAHH\107\20250628\post_hotspot_yolo.xml (exists: True, type: original)
2025-09-14 18:58:29 - [INFO] - [HOTSPOT FILES]   otsu_colored: F:\projek dosen\prototype riset\hotspot-analyzer\data\PLANAR\HAHH\107\20250628\post_hotspot_otsu_colored.png (exists: False, type: original)
2025-09-14 18:58:29 - [INFO] - [HOTSPOT FILES]   otsu_colored_blend: F:\projek dosen\prototype riset\hotspot-analyzer\data\PLANAR\HAHH\107\20250628\post_hotspot_otsu_colored_blend.png (exists: False, type: original)
2025-09-14 18:58:29 - [INFO] - [HOTSPOT FILES]   otsu_grayscale: F:\projek dosen\prototype riset\hotspot-analyzer\data\PLANAR\HAHH\107\20250628\post_hotspot_otsu_grayscale.png (exists: False, type: original)
2025-09-14 18:58:29 - [INFO] - [HOTSPOT FILES]   classification_xml: F:\projek dosen\prototype riset\hotspot-analyzer\data\PLANAR\HAHH\107\20250628\post_hotspot_classification.xml (exists: False, type: original)
2025-09-14 18:58:29 - [INFO] - [HOTSPOT FILES]   classification_png: F:\projek dosen\prototype riset\hotspot-analyzer\data\PLANAR\HAHH\107\20250628\post_hotspot_classification.png (exists: False, type: original)
2025-09-14 18:58:29 - [INFO] - Blended hotspot image saved: F:\projek dosen\prototype riset\hotspot-analyzer\data\PLANAR\HAHH\107\20250628\post_hotspot_otsu_colored_blend.png
2025-09-14 18:58:29 - [INFO] - Pure hotspot image saved: F:\projek dosen\prototype riset\hotspot-analyzer\data\PLANAR\HAHH\107\20250628\post_hotspot_otsu_colored.png
2025-09-14 18:58:29 - [INFO] - Hotspot mask saved: F:\projek dosen\prototype riset\hotspot-analyzer\data\PLANAR\HAHH\107\20250628\post_hotspot_otsu_grayscale.png
2025-09-14 18:58:29 - [INFO] - [PROCESS] Posterior hotspot processing completed
2025-09-14 18:58:29 - [INFO] - [PROCESS] Hotspot processing completed for 107.dcm
2025-09-14 18:58:29 - [INFO] - [MEMORY] run_hotspot_processing_in_process - After: 1508.9 MB (diff: +10.2 MB)
2025-09-14 18:58:29 - [INFO] - [SAFE_INFERENCE] Completed run_hotspot_processing_in_process
2025-09-14 18:58:29 - [INFO] - [SAFE_INFERENCE] Post-cleanup for run_hotspot_processing_in_process
2025-09-14 18:58:29 - [INFO] - [CLEANUP] nnUNet cache cleared
2025-09-14 18:58:29 - [INFO] - [CLEANUP] Classification models cleared
2025-09-14 18:58:29 - [INFO] - [CLEANUP] Complete model cleanup finished
2025-09-14 18:58:29 - [INFO] -      Otsu processing completed - hotspot PNG files created
2025-09-14 18:58:29 - [INFO] -   >> Running hotspot classification inference...
2025-09-14 18:58:29 - [INFO] - [HOTSPOT FILES] Final selection for ant:
2025-09-14 18:58:29 - [INFO] - [HOTSPOT FILES]   yolo_xml: F:\projek dosen\prototype riset\hotspot-analyzer\data\PLANAR\HAHH\107\20250628\ant_hotspot_yolo.xml (exists: True, type: original)
2025-09-14 18:58:29 - [INFO] - [HOTSPOT FILES]   otsu_colored: F:\projek dosen\prototype riset\hotspot-analyzer\data\PLANAR\HAHH\107\20250628\ant_hotspot_otsu_colored.png (exists: True, type: original)
2025-09-14 18:58:29 - [INFO] - [HOTSPOT FILES]   otsu_colored_blend: F:\projek dosen\prototype riset\hotspot-analyzer\data\PLANAR\HAHH\107\20250628\ant_hotspot_otsu_colored_blend.png (exists: True, type: original)
2025-09-14 18:58:29 - [INFO] - [HOTSPOT FILES]   otsu_grayscale: F:\projek dosen\prototype riset\hotspot-analyzer\data\PLANAR\HAHH\107\20250628\ant_hotspot_otsu_grayscale.png (exists: True, type: original)
2025-09-14 18:58:29 - [INFO] - [HOTSPOT FILES]   classification_xml: F:\projek dosen\prototype riset\hotspot-analyzer\data\PLANAR\HAHH\107\20250628\ant_hotspot_classification.xml (exists: False, type: original)
2025-09-14 18:58:29 - [INFO] - [HOTSPOT FILES]   classification_png: F:\projek dosen\prototype riset\hotspot-analyzer\data\PLANAR\HAHH\107\20250628\ant_hotspot_classification.png (exists: False, type: original)
2025-09-14 18:58:29 - [INFO] - [HOTSPOT FILES] Final selection for post:
2025-09-14 18:58:29 - [INFO] - [HOTSPOT FILES]   yolo_xml: F:\projek dosen\prototype riset\hotspot-analyzer\data\PLANAR\HAHH\107\20250628\post_hotspot_yolo.xml (exists: True, type: original)
2025-09-14 18:58:29 - [INFO] - [HOTSPOT FILES]   otsu_colored: F:\projek dosen\prototype riset\hotspot-analyzer\data\PLANAR\HAHH\107\20250628\post_hotspot_otsu_colored.png (exists: True, type: original)
2025-09-14 18:58:29 - [INFO] - [HOTSPOT FILES]   otsu_colored_blend: F:\projek dosen\prototype riset\hotspot-analyzer\data\PLANAR\HAHH\107\20250628\post_hotspot_otsu_colored_blend.png (exists: True, type: original)
2025-09-14 18:58:29 - [INFO] - [HOTSPOT FILES]   otsu_grayscale: F:\projek dosen\prototype riset\hotspot-analyzer\data\PLANAR\HAHH\107\20250628\post_hotspot_otsu_grayscale.png (exists: True, type: original)
2025-09-14 18:58:29 - [INFO] - [HOTSPOT FILES]   classification_xml: F:\projek dosen\prototype riset\hotspot-analyzer\data\PLANAR\HAHH\107\20250628\post_hotspot_classification.xml (exists: False, type: original)
2025-09-14 18:58:29 - [INFO] - [HOTSPOT FILES]   classification_png: F:\projek dosen\prototype riset\hotspot-analyzer\data\PLANAR\HAHH\107\20250628\post_hotspot_classification.png (exists: False, type: original)
2025-09-14 18:58:29 - [INFO] -      Mapped: ant_original.png -> 107_20250628_anterior_original.png
2025-09-14 18:58:29 - [INFO] -      Mapped: post_original.png -> 107_20250628_posterior_original.png
2025-09-14 18:58:29 - [INFO] -      Mapped: ant_segm.png -> 107_20250628_anterior_colored.png
2025-09-14 18:58:29 - [INFO] -      Mapped: post_segm.png -> 107_20250628_posterior_colored.png
2025-09-14 18:58:29 - [INFO] -      Mapped: ant_hotspot_otsu_grayscale.png -> 107_20250628_ant_hotspot_mask.png
2025-09-14 18:58:29 - [INFO] -      Mapped: post_hotspot_otsu_grayscale.png -> 107_20250628_post_hotspot_mask.png
2025-09-14 18:58:29 - [INFO] -      Mapped: ant_hotspot_yolo.xml -> 107_20250628_ant.xml
2025-09-14 18:58:29 - [INFO] -      Mapped: post_hotspot_yolo.xml -> 107_20250628_post.xml
2025-09-14 18:58:29 - [INFO] -      Successfully mapped 8 files for classification
2025-09-14 18:58:29 - [INFO] -      Running classification in temp directory: F:\projek dosen\prototype riset\hotspot-analyzer\data\PLANAR\HAHH\107\20250628\temp_classification
2025-09-14 18:58:29 - [INFO] - [SAFE_INFERENCE] Running run_classification_for_patient
2025-09-14 18:58:29 - [INFO] - [MEMORY] run_classification_for_patient - Before: 1494.1 MB
2025-09-14 18:58:29 - [INFO] - [CLASSIFICATION] Starting classification for patient 107
2025-09-14 18:58:29 - [INFO] - [SESSION] Found session code from config: HAHH
2025-09-14 18:58:29 - [INFO] - [CLASSIFICATION] Using session: HAHH
2025-09-14 18:58:29 - [INFO] - >>>>>> [BUKTI] MEMUAT classification_wrapper.py VERSI TERBARU <<<<<<
2025-09-14 18:58:29 - [INFO] -      Starting classification for patient 107
2025-09-14 18:58:29 - [INFO] -      Study date: 20250628
2025-09-14 18:58:29 - [INFO] -      Session: 107
2025-09-14 18:58:29 - [INFO] -      Grayscale conversion: Enabled
2025-09-14 18:58:29 - [INFO] -      Processing anterior view with grayscale conversion...
2025-09-14 18:58:29 - [INFO] -        Found raw_original: 107_20250628_anterior_original.png
2025-09-14 18:58:29 - [INFO] -        Found region_mask: 107_20250628_anterior_colored.png
2025-09-14 18:58:29 - [INFO] -        Found hotspot_mask: 107_20250628_ant_hotspot_mask.png
2025-09-14 18:58:29 - [INFO] -        Found xml_file: 107_20250628_ant.xml
2025-09-14 18:58:29 - [INFO] - [DEBUG] Starting classification inference with automatic conversion
2025-09-14 18:58:29 - [INFO] - [DEBUG] Raw PNG path: 107_20250628_anterior_original.png
2025-09-14 18:58:29 - [INFO] - [DEBUG] Segment path: 107_20250628_anterior_colored.png
2025-09-14 18:58:29 - [INFO] - [DEBUG] Hotspot path: 107_20250628_ant_hotspot_mask.png
2025-09-14 18:58:29 - [INFO] - [DEBUG] XML path: 107_20250628_ant.xml
2025-09-14 18:58:29 - [INFO] - [DEBUG] Raw PNG file exists: 83485 bytes
2025-09-14 18:58:29 - [INFO] - [DEBUG] Segment file exists: 6440 bytes
2025-09-14 18:58:29 - [INFO] - [DEBUG] Hotspot file exists: 646 bytes
2025-09-14 18:58:29 - [INFO] - [DEBUG] XML file exists: 1303 bytes
2025-09-14 18:58:29 - [INFO] - [DEBUG] Python path setup completed
2025-09-14 18:58:29 - [INFO] - No valid config parameter, using defaults: {'minimumROIDimensions': 2, 'minimumROISize': None, 'normalize': False, 'normalizeScale': 1, 'removeOutliers': None, 'resampledPixelSpacing': None, 'interpolator': 'sitkBSpline', 'preCrop': False, 'padDistance': 5, 'distances': [1], 'force2D': False, 'force2Ddimension': 0, 'resegmentRange': None, 'label': 1, 'additionalInfo': True}
2025-09-14 18:58:29 - [INFO] - Enabled image types: {'Original': {}}
2025-09-14 18:58:29 - [INFO] - Enabled features: {'firstorder': [], 'glcm': [], 'gldm': [], 'glrlm': [], 'glszm': [], 'ngtdm': [], 'shape': []}
2025-09-14 18:58:29 - [INFO] - [DEBUG] Module imported successfully
2025-09-14 18:58:29 - [INFO] - [DEBUG] Model paths updated
2025-09-14 18:58:29 - [INFO] - [DEBUG] Models loaded successfully
2025-09-14 18:58:29 - [INFO] - [DEBUG] Loaded 3 bounding boxes from XML
2025-09-14 18:58:29 - [INFO] - [DEBUG] Bbox 0: {'label': 'Normal', 'bbox': [112, 486, 147, 504], 'xmin': 112, 'ymin': 486, 'xmax': 147, 'ymax': 504}
2025-09-14 18:58:29 - [INFO] - [DEBUG] Bbox 1: {'label': 'Abnormal', 'bbox': [156, 480, 188, 511], 'xmin': 156, 'ymin': 480, 'xmax': 188, 'ymax': 511}
2025-09-14 18:58:29 - [INFO] - [DEBUG] Bbox 2: {'label': 'Abnormal', 'bbox': [192, 149, 214, 171], 'xmin': 192, 'ymin': 149, 'xmax': 214, 'ymax': 171}
2025-09-14 18:58:29 - [INFO] - [DEBUG] Image loading test:
2025-09-14 18:58:29 - [INFO] -   Raw: (1024, 256, 1)
2025-09-14 18:58:29 - [INFO] -   Segment: (1024, 256, 3) (colored: True)
2025-09-14 18:58:29 - [INFO] -   Hotspot: (1024, 256, 1)
2025-09-14 18:58:29 - [INFO] - [DEBUG] Starting inference_classification with automatic colored-to-grayscale conversion...
2025-09-14 18:58:29 - [INFO] - [DEBUG] Conversion will create: 107_20250628_anterior_colored_grayscaledSegmentation.png if needed
2025-09-14 18:58:29 - [INFO] - [INFERENCE DEBUG] Starting inference with automatic conversion
2025-09-14 18:58:29 - [INFO] - [INFERENCE DEBUG] Input paths:
2025-09-14 18:58:29 - [INFO] -   Raw: 107_20250628_anterior_original.png
2025-09-14 18:58:29 - [INFO] -   Segment: 107_20250628_anterior_colored.png
2025-09-14 18:58:29 - [INFO] -   Hotspot: 107_20250628_ant_hotspot_mask.png
2025-09-14 18:58:29 - [INFO] -   XML: 3
2025-09-14 18:58:29 - [INFO] - [DEBUG] Checking segmentation: 107_20250628_anterior_colored.png
2025-09-14 18:58:29 - [INFO] - [DEBUG] Detected colored segmentation, converting to grayscale...
2025-09-14 18:58:29 - [INFO] - [DEBUG] Converting colored to grayscale and saving...
2025-09-14 18:58:29 - [DEBUG] - STREAM b'IHDR' 16 13
2025-09-14 18:58:29 - [DEBUG] - STREAM b'IDAT' 41 6383
2025-09-14 18:58:29 - [INFO] - [DEBUG] Saved grayscale segmentation: 107_20250628_anterior_colored_grayscaledSegmentation.png
2025-09-14 18:58:29 - [INFO] - [INFERENCE DEBUG] Using segmentation: 107_20250628_anterior_colored_grayscaledSegmentation.png
2025-09-14 18:58:30 - [INFO] - [INFERENCE DEBUG] Images loaded:
2025-09-14 18:58:30 - [INFO] -   Raw: (1024, 256)
2025-09-14 18:58:30 - [INFO] -   Segment: (1024, 256)
2025-09-14 18:58:30 - [INFO] -   Hotspot: (1024, 256)
2025-09-14 18:58:30 - [INFO] - [INFERENCE DEBUG] Loaded 3 bounding boxes
2025-09-14 18:58:30 - [INFO] - [INFERENCE DEBUG] Processing bbox 0: {'label': 'Normal', 'bbox': [112, 486, 147, 504], 'xmin': 112, 'ymin': 486, 'xmax': 147, 'ymax': 504}
2025-09-14 18:58:30 - [INFO] - [SEGMENT MAPPING] ID 0 → background
2025-09-14 18:58:30 - [INFO] - [INFERENCE DEBUG] Feature extraction failed for bbox 0
2025-09-14 18:58:30 - [INFO] - [INFERENCE DEBUG] Processing bbox 1: {'label': 'Abnormal', 'bbox': [156, 480, 188, 511], 'xmin': 156, 'ymin': 480, 'xmax': 188, 'ymax': 511}
2025-09-14 18:58:30 - [INFO] - [SEGMENT MAPPING] ID 11 → pelvis
2025-09-14 18:58:30 - [INFO] - Calculating features with label: 1
2025-09-14 18:58:30 - [INFO] - Loading image and mask
2025-09-14 18:58:30 - [WARNING] - Shape features are only available 3D input (for 2D input, use shape2D). Found 2D input
2025-09-14 18:58:30 - [INFO] - Computing shape2D
2025-09-14 18:58:30 - [INFO] - Adding image type "Original" with custom settings: {}
2025-09-14 18:58:30 - [INFO] - Calculating features for original image
2025-09-14 18:58:30 - [INFO] - Computing firstorder
2025-09-14 18:58:30 - [INFO] - Computing glcm
2025-09-14 18:58:30 - [WARNING] - GLCM is symmetrical, therefore Sum Average = 2 * Joint Average, only 1 needs to be calculated
2025-09-14 18:58:30 - [INFO] - Computing gldm
2025-09-14 18:58:30 - [INFO] - Computing glrlm
2025-09-14 18:58:30 - [INFO] - Computing glszm
2025-09-14 18:58:30 - [INFO] - Computing ngtdm
2025-09-14 18:58:30 - [INFO] - Calculating features with label: 1
2025-09-14 18:58:30 - [INFO] - Loading image and mask
2025-09-14 18:58:30 - [WARNING] - Shape features are only available 3D input (for 2D input, use shape2D). Found 2D input
2025-09-14 18:58:30 - [INFO] - Computing shape2D
2025-09-14 18:58:30 - [INFO] - Adding image type "Original" with custom settings: {}
2025-09-14 18:58:30 - [INFO] - Calculating features for original image
2025-09-14 18:58:30 - [INFO] - Computing firstorder
2025-09-14 18:58:30 - [INFO] - Computing glcm
2025-09-14 18:58:30 - [WARNING] - GLCM is symmetrical, therefore Sum Average = 2 * Joint Average, only 1 needs to be calculated
2025-09-14 18:58:30 - [INFO] - Computing gldm
2025-09-14 18:58:30 - [INFO] - Computing glrlm
2025-09-14 18:58:30 - [INFO] - Computing glszm
2025-09-14 18:58:30 - [INFO] - Computing ngtdm
2025-09-14 18:58:30 - [INFO] - [INFERENCE DEBUG] Feature extracted for bbox 1: segment=pelvis
2025-09-14 18:58:30 - [INFO] - [INFERENCE DEBUG] Processing bbox 2: {'label': 'Abnormal', 'bbox': [192, 149, 214, 171], 'xmin': 192, 'ymin': 149, 'xmax': 214, 'ymax': 171}
2025-09-14 18:58:30 - [INFO] - [SEGMENT MAPPING] ID 7 → scapula
2025-09-14 18:58:30 - [INFO] - Calculating features with label: 1
2025-09-14 18:58:30 - [INFO] - Loading image and mask
2025-09-14 18:58:30 - [WARNING] - Shape features are only available 3D input (for 2D input, use shape2D). Found 2D input
2025-09-14 18:58:30 - [INFO] - Computing shape2D
2025-09-14 18:58:30 - [INFO] - Adding image type "Original" with custom settings: {}
2025-09-14 18:58:30 - [INFO] - Calculating features for original image
2025-09-14 18:58:30 - [INFO] - Computing firstorder
2025-09-14 18:58:30 - [INFO] - Computing glcm
2025-09-14 18:58:30 - [WARNING] - GLCM is symmetrical, therefore Sum Average = 2 * Joint Average, only 1 needs to be calculated
2025-09-14 18:58:30 - [INFO] - Computing gldm
2025-09-14 18:58:30 - [INFO] - Computing glrlm
2025-09-14 18:58:30 - [INFO] - Computing glszm
2025-09-14 18:58:30 - [INFO] - Computing ngtdm
2025-09-14 18:58:30 - [INFO] - Calculating features with label: 1
2025-09-14 18:58:30 - [INFO] - Loading image and mask
2025-09-14 18:58:30 - [WARNING] - Shape features are only available 3D input (for 2D input, use shape2D). Found 2D input
2025-09-14 18:58:30 - [INFO] - Computing shape2D
2025-09-14 18:58:30 - [INFO] - Adding image type "Original" with custom settings: {}
2025-09-14 18:58:30 - [INFO] - Calculating features for original image
2025-09-14 18:58:30 - [INFO] - Computing firstorder
2025-09-14 18:58:30 - [INFO] - Computing glcm
2025-09-14 18:58:30 - [WARNING] - GLCM is symmetrical, therefore Sum Average = 2 * Joint Average, only 1 needs to be calculated
2025-09-14 18:58:30 - [INFO] - Computing gldm
2025-09-14 18:58:30 - [INFO] - Computing glrlm
2025-09-14 18:58:30 - [INFO] - Computing glszm
2025-09-14 18:58:30 - [INFO] - Computing ngtdm
2025-09-14 18:58:30 - [INFO] - [INFERENCE DEBUG] Feature extracted for bbox 2: segment=scapula
2025-09-14 18:58:30 - [INFO] - [INFERENCE DEBUG] Extracted 2 valid features
2025-09-14 18:58:30 - [INFO] - [INFERENCE DEBUG] Prediction completed: 2 results
2025-09-14 18:58:30 - [INFO] - [INFERENCE DEBUG] Final output: 2 classifications
2025-09-14 18:58:30 - [INFO] - [DEBUG] Creating hotspot mask with shape: (1024, 256)
2025-09-14 18:58:30 - [INFO] - [DEBUG] Processing 2 results
2025-09-14 18:58:30 - [INFO] - [DEBUG] Result 0: Abnormal, 723 coordinates, pixel_value=1
2025-09-14 18:58:30 - [INFO] - [DEBUG] After processing result 0, mask has 723 non-zero pixels
2025-09-14 18:58:30 - [INFO] - [DEBUG] Result 1: Abnormal, 285 coordinates, pixel_value=1
2025-09-14 18:58:30 - [INFO] - [DEBUG] After processing result 1, mask has 1008 non-zero pixels
2025-09-14 18:58:30 - [INFO] - [DEBUG] Final mask stats: shape=(1024, 256), unique_values=[0 1], non_zero_count=1008
2025-09-14 18:58:30 - [INFO] - [INFERENCE DEBUG] Creating RGB mask for PIL save
2025-09-14 18:58:30 - [INFO] - [INFERENCE DEBUG] RGB mask created - PIL will preserve colors correctly
2025-09-14 18:58:30 - [INFO] - [DEBUG] Classification completed
2025-09-14 18:58:30 - [INFO] - [DEBUG] Result list length: 2
2025-09-14 18:58:30 - [INFO] - [DEBUG] Result mask shape: (1024, 256, 3)
2025-09-14 18:58:30 - [INFO] - [DEBUG] Result 0: prediction=Abnormal, prob_abnormal=0.618
2025-09-14 18:58:30 - [INFO] - [DEBUG] Result 1: prediction=Abnormal, prob_abnormal=0.931
2025-09-14 18:58:30 - [INFO] -      Saving classification results to temp directory:
2025-09-14 18:58:30 - [INFO] -        JSON: 107_20250628_ant_classification.json
2025-09-14 18:58:30 - [INFO] -        XML: 107_20250628_ant_classification.xml
2025-09-14 18:58:30 - [INFO] -        Mask: 107_20250628_anterior_classification_mask.png
2025-09-14 18:58:30 - [INFO] - [XML CREATE]   Created classification XML: 107_20250628_ant_classification.xml
2025-09-14 18:58:30 - [INFO] - [XML CREATE] Converted 2 classified hotspots
2025-09-14 18:58:30 - [INFO] -          Saved mask with PIL RGB mode
2025-09-14 18:58:30 - [INFO] -          Classification results saved successfully
2025-09-14 18:58:30 - [INFO] -      Anterior classification completed: 2 hotspots classified
2025-09-14 18:58:30 - [INFO] -      Processing posterior view with grayscale conversion...
2025-09-14 18:58:30 - [INFO] -        Found raw_original: 107_20250628_posterior_original.png
2025-09-14 18:58:30 - [INFO] -        Found region_mask: 107_20250628_posterior_colored.png
2025-09-14 18:58:30 - [INFO] -        Found hotspot_mask: 107_20250628_post_hotspot_mask.png
2025-09-14 18:58:30 - [INFO] -        Found xml_file: 107_20250628_post.xml
2025-09-14 18:58:30 - [INFO] - [DEBUG] Starting classification inference with automatic conversion
2025-09-14 18:58:30 - [INFO] - [DEBUG] Raw PNG path: 107_20250628_posterior_original.png
2025-09-14 18:58:30 - [INFO] - [DEBUG] Segment path: 107_20250628_posterior_colored.png
2025-09-14 18:58:30 - [INFO] - [DEBUG] Hotspot path: 107_20250628_post_hotspot_mask.png
2025-09-14 18:58:30 - [INFO] - [DEBUG] XML path: 107_20250628_post.xml
2025-09-14 18:58:30 - [INFO] - [DEBUG] Raw PNG file exists: 84361 bytes
2025-09-14 18:58:30 - [INFO] - [DEBUG] Segment file exists: 6196 bytes
2025-09-14 18:58:30 - [INFO] - [DEBUG] Hotspot file exists: 854 bytes
2025-09-14 18:58:30 - [INFO] - [DEBUG] XML file exists: 1935 bytes
2025-09-14 18:58:30 - [INFO] - [DEBUG] Python path setup completed
2025-09-14 18:58:30 - [INFO] - [DEBUG] Module imported successfully
2025-09-14 18:58:30 - [INFO] - [DEBUG] Model paths updated
2025-09-14 18:58:30 - [INFO] - [DEBUG] Models loaded successfully
2025-09-14 18:58:30 - [INFO] - [DEBUG] Loaded 5 bounding boxes from XML
2025-09-14 18:58:30 - [INFO] - [DEBUG] Bbox 0: {'label': 'Normal', 'bbox': [107, 486, 142, 503], 'xmin': 107, 'ymin': 486, 'xmax': 142, 'ymax': 503}
2025-09-14 18:58:30 - [INFO] - [DEBUG] Bbox 1: {'label': 'Abnormal', 'bbox': [44, 482, 95, 537], 'xmin': 44, 'ymin': 482, 'xmax': 95, 'ymax': 537}
2025-09-14 18:58:30 - [INFO] - [DEBUG] Bbox 2: {'label': 'Abnormal', 'bbox': [111, 344, 132, 365], 'xmin': 111, 'ymin': 344, 'xmax': 132, 'ymax': 365}
2025-09-14 18:58:30 - [INFO] - [DEBUG] Bbox 3: {'label': 'Abnormal', 'bbox': [96, 51, 117, 75], 'xmin': 96, 'ymin': 51, 'xmax': 117, 'ymax': 75}
2025-09-14 18:58:30 - [INFO] - [DEBUG] Bbox 4: {'label': 'Abnormal', 'bbox': [54, 483, 91, 527], 'xmin': 54, 'ymin': 483, 'xmax': 91, 'ymax': 527}
2025-09-14 18:58:30 - [INFO] - [DEBUG] Image loading test:
2025-09-14 18:58:30 - [INFO] -   Raw: (1024, 256, 1)
2025-09-14 18:58:30 - [INFO] -   Segment: (1024, 256, 3) (colored: True)
2025-09-14 18:58:30 - [INFO] -   Hotspot: (1024, 256, 1)
2025-09-14 18:58:30 - [INFO] - [DEBUG] Starting inference_classification with automatic colored-to-grayscale conversion...
2025-09-14 18:58:30 - [INFO] - [DEBUG] Conversion will create: 107_20250628_posterior_colored_grayscaledSegmentation.png if needed
2025-09-14 18:58:30 - [INFO] - [INFERENCE DEBUG] Starting inference with automatic conversion
2025-09-14 18:58:30 - [INFO] - [INFERENCE DEBUG] Input paths:
2025-09-14 18:58:30 - [INFO] -   Raw: 107_20250628_posterior_original.png
2025-09-14 18:58:30 - [INFO] -   Segment: 107_20250628_posterior_colored.png
2025-09-14 18:58:30 - [INFO] -   Hotspot: 107_20250628_post_hotspot_mask.png
2025-09-14 18:58:30 - [INFO] -   XML: 5
2025-09-14 18:58:30 - [INFO] - [DEBUG] Checking segmentation: 107_20250628_posterior_colored.png
2025-09-14 18:58:30 - [INFO] - [DEBUG] Detected colored segmentation, converting to grayscale...
2025-09-14 18:58:30 - [INFO] - [DEBUG] Converting colored to grayscale and saving...
2025-09-14 18:58:30 - [DEBUG] - STREAM b'IHDR' 16 13
2025-09-14 18:58:30 - [DEBUG] - STREAM b'IDAT' 41 6139
2025-09-14 18:58:30 - [INFO] - [DEBUG] Saved grayscale segmentation: 107_20250628_posterior_colored_grayscaledSegmentation.png
2025-09-14 18:58:30 - [INFO] - [INFERENCE DEBUG] Using segmentation: 107_20250628_posterior_colored_grayscaledSegmentation.png
2025-09-14 18:58:30 - [INFO] - [INFERENCE DEBUG] Images loaded:
2025-09-14 18:58:30 - [INFO] -   Raw: (1024, 256)
2025-09-14 18:58:30 - [INFO] -   Segment: (1024, 256)
2025-09-14 18:58:30 - [INFO] -   Hotspot: (1024, 256)
2025-09-14 18:58:30 - [INFO] - [INFERENCE DEBUG] Loaded 5 bounding boxes
2025-09-14 18:58:30 - [INFO] - [INFERENCE DEBUG] Processing bbox 0: {'label': 'Normal', 'bbox': [107, 486, 142, 503], 'xmin': 107, 'ymin': 486, 'xmax': 142, 'ymax': 503}
2025-09-14 18:58:30 - [INFO] - [SEGMENT MAPPING] ID 0 → background
2025-09-14 18:58:30 - [INFO] - [INFERENCE DEBUG] Feature extraction failed for bbox 0
2025-09-14 18:58:30 - [INFO] - [INFERENCE DEBUG] Processing bbox 1: {'label': 'Abnormal', 'bbox': [44, 482, 95, 537], 'xmin': 44, 'ymin': 482, 'xmax': 95, 'ymax': 537}
2025-09-14 18:58:30 - [INFO] - [SEGMENT MAPPING] ID 12 → femur
2025-09-14 18:58:30 - [INFO] - Calculating features with label: 1
2025-09-14 18:58:30 - [INFO] - Loading image and mask
2025-09-14 18:58:30 - [WARNING] - Shape features are only available 3D input (for 2D input, use shape2D). Found 2D input
2025-09-14 18:58:30 - [INFO] - Computing shape2D
2025-09-14 18:58:30 - [INFO] - Adding image type "Original" with custom settings: {}
2025-09-14 18:58:30 - [INFO] - Calculating features for original image
2025-09-14 18:58:30 - [INFO] - Computing firstorder
2025-09-14 18:58:30 - [INFO] - Computing glcm
2025-09-14 18:58:30 - [WARNING] - GLCM is symmetrical, therefore Sum Average = 2 * Joint Average, only 1 needs to be calculated
2025-09-14 18:58:30 - [INFO] - Computing gldm
2025-09-14 18:58:30 - [INFO] - Computing glrlm
2025-09-14 18:58:30 - [INFO] - Computing glszm
2025-09-14 18:58:30 - [INFO] - Computing ngtdm
2025-09-14 18:58:30 - [INFO] - Calculating features with label: 1
2025-09-14 18:58:30 - [INFO] - Loading image and mask
2025-09-14 18:58:30 - [WARNING] - Shape features are only available 3D input (for 2D input, use shape2D). Found 2D input
2025-09-14 18:58:30 - [INFO] - Computing shape2D
2025-09-14 18:58:30 - [INFO] - Adding image type "Original" with custom settings: {}
2025-09-14 18:58:30 - [INFO] - Calculating features for original image
2025-09-14 18:58:30 - [INFO] - Computing firstorder
2025-09-14 18:58:30 - [INFO] - Computing glcm
2025-09-14 18:58:30 - [WARNING] - GLCM is symmetrical, therefore Sum Average = 2 * Joint Average, only 1 needs to be calculated
2025-09-14 18:58:30 - [INFO] - Computing gldm
2025-09-14 18:58:30 - [INFO] - Computing glrlm
2025-09-14 18:58:30 - [INFO] - Computing glszm
2025-09-14 18:58:30 - [INFO] - Computing ngtdm
2025-09-14 18:58:30 - [INFO] - [INFERENCE DEBUG] Feature extracted for bbox 1: segment=femur
2025-09-14 18:58:30 - [INFO] - [INFERENCE DEBUG] Processing bbox 2: {'label': 'Abnormal', 'bbox': [111, 344, 132, 365], 'xmin': 111, 'ymin': 344, 'xmax': 132, 'ymax': 365}
2025-09-14 18:58:30 - [INFO] - [SEGMENT MAPPING] ID 9 → lumbar vertebrae
2025-09-14 18:58:30 - [INFO] - Calculating features with label: 1
2025-09-14 18:58:30 - [INFO] - Loading image and mask
2025-09-14 18:58:30 - [WARNING] - Shape features are only available 3D input (for 2D input, use shape2D). Found 2D input
2025-09-14 18:58:30 - [INFO] - Computing shape2D
2025-09-14 18:58:30 - [INFO] - Adding image type "Original" with custom settings: {}
2025-09-14 18:58:30 - [INFO] - Calculating features for original image
2025-09-14 18:58:30 - [INFO] - Computing firstorder
2025-09-14 18:58:30 - [INFO] - Computing glcm
2025-09-14 18:58:30 - [WARNING] - GLCM is symmetrical, therefore Sum Average = 2 * Joint Average, only 1 needs to be calculated
2025-09-14 18:58:30 - [INFO] - Computing gldm
2025-09-14 18:58:30 - [INFO] - Computing glrlm
2025-09-14 18:58:30 - [INFO] - Computing glszm
2025-09-14 18:58:30 - [INFO] - Computing ngtdm
2025-09-14 18:58:30 - [INFO] - Calculating features with label: 1
2025-09-14 18:58:30 - [INFO] - Loading image and mask
2025-09-14 18:58:30 - [WARNING] - Shape features are only available 3D input (for 2D input, use shape2D). Found 2D input
2025-09-14 18:58:30 - [INFO] - Computing shape2D
2025-09-14 18:58:30 - [INFO] - Adding image type "Original" with custom settings: {}
2025-09-14 18:58:30 - [INFO] - Calculating features for original image
2025-09-14 18:58:30 - [INFO] - Computing firstorder
2025-09-14 18:58:30 - [INFO] - Computing glcm
2025-09-14 18:58:30 - [WARNING] - GLCM is symmetrical, therefore Sum Average = 2 * Joint Average, only 1 needs to be calculated
2025-09-14 18:58:30 - [INFO] - Computing gldm
2025-09-14 18:58:30 - [INFO] - Computing glrlm
2025-09-14 18:58:30 - [INFO] - Computing glszm
2025-09-14 18:58:30 - [INFO] - Computing ngtdm
2025-09-14 18:58:30 - [INFO] - [INFERENCE DEBUG] Feature extracted for bbox 2: segment=lumbar vertebrae
2025-09-14 18:58:30 - [INFO] - [INFERENCE DEBUG] Processing bbox 3: {'label': 'Abnormal', 'bbox': [96, 51, 117, 75], 'xmin': 96, 'ymin': 51, 'xmax': 117, 'ymax': 75}
2025-09-14 18:58:30 - [INFO] - [SEGMENT MAPPING] ID 1 → skull
2025-09-14 18:58:30 - [INFO] - Calculating features with label: 1
2025-09-14 18:58:30 - [INFO] - Loading image and mask
2025-09-14 18:58:31 - [WARNING] - Shape features are only available 3D input (for 2D input, use shape2D). Found 2D input
2025-09-14 18:58:31 - [INFO] - Computing shape2D
2025-09-14 18:58:31 - [INFO] - Adding image type "Original" with custom settings: {}
2025-09-14 18:58:31 - [INFO] - Calculating features for original image
2025-09-14 18:58:31 - [INFO] - Computing firstorder
2025-09-14 18:58:31 - [INFO] - Computing glcm
2025-09-14 18:58:31 - [WARNING] - GLCM is symmetrical, therefore Sum Average = 2 * Joint Average, only 1 needs to be calculated
2025-09-14 18:58:31 - [INFO] - Computing gldm
2025-09-14 18:58:31 - [INFO] - Computing glrlm
2025-09-14 18:58:31 - [INFO] - Computing glszm
2025-09-14 18:58:31 - [INFO] - Computing ngtdm
2025-09-14 18:58:31 - [INFO] - Calculating features with label: 1
2025-09-14 18:58:31 - [INFO] - Loading image and mask
2025-09-14 18:58:31 - [WARNING] - Shape features are only available 3D input (for 2D input, use shape2D). Found 2D input
2025-09-14 18:58:31 - [INFO] - Computing shape2D
2025-09-14 18:58:31 - [INFO] - Adding image type "Original" with custom settings: {}
2025-09-14 18:58:31 - [INFO] - Calculating features for original image
2025-09-14 18:58:31 - [INFO] - Computing firstorder
2025-09-14 18:58:31 - [INFO] - Computing glcm
2025-09-14 18:58:31 - [WARNING] - GLCM is symmetrical, therefore Sum Average = 2 * Joint Average, only 1 needs to be calculated
2025-09-14 18:58:31 - [INFO] - Computing gldm
2025-09-14 18:58:31 - [INFO] - Computing glrlm
2025-09-14 18:58:31 - [INFO] - Computing glszm
2025-09-14 18:58:31 - [INFO] - Computing ngtdm
2025-09-14 18:58:31 - [INFO] - [INFERENCE DEBUG] Feature extracted for bbox 3: segment=skull
2025-09-14 18:58:31 - [INFO] - [INFERENCE DEBUG] Processing bbox 4: {'label': 'Abnormal', 'bbox': [54, 483, 91, 527], 'xmin': 54, 'ymin': 483, 'xmax': 91, 'ymax': 527}
2025-09-14 18:58:31 - [INFO] - [SEGMENT MAPPING] ID 12 → femur
2025-09-14 18:58:31 - [INFO] - Calculating features with label: 1
2025-09-14 18:58:31 - [INFO] - Loading image and mask
2025-09-14 18:58:31 - [WARNING] - Shape features are only available 3D input (for 2D input, use shape2D). Found 2D input
2025-09-14 18:58:31 - [INFO] - Computing shape2D
2025-09-14 18:58:31 - [INFO] - Adding image type "Original" with custom settings: {}
2025-09-14 18:58:31 - [INFO] - Calculating features for original image
2025-09-14 18:58:31 - [INFO] - Computing firstorder
2025-09-14 18:58:31 - [INFO] - Computing glcm
2025-09-14 18:58:31 - [WARNING] - GLCM is symmetrical, therefore Sum Average = 2 * Joint Average, only 1 needs to be calculated
2025-09-14 18:58:31 - [INFO] - Computing gldm
2025-09-14 18:58:31 - [INFO] - Computing glrlm
2025-09-14 18:58:31 - [INFO] - Computing glszm
2025-09-14 18:58:31 - [INFO] - Computing ngtdm
2025-09-14 18:58:31 - [INFO] - Calculating features with label: 1
2025-09-14 18:58:31 - [INFO] - Loading image and mask
2025-09-14 18:58:31 - [WARNING] - Shape features are only available 3D input (for 2D input, use shape2D). Found 2D input
2025-09-14 18:58:31 - [INFO] - Computing shape2D
2025-09-14 18:58:31 - [INFO] - Adding image type "Original" with custom settings: {}
2025-09-14 18:58:31 - [INFO] - Calculating features for original image
2025-09-14 18:58:31 - [INFO] - Computing firstorder
2025-09-14 18:58:31 - [INFO] - Computing glcm
2025-09-14 18:58:31 - [WARNING] - GLCM is symmetrical, therefore Sum Average = 2 * Joint Average, only 1 needs to be calculated
2025-09-14 18:58:31 - [INFO] - Computing gldm
2025-09-14 18:58:31 - [INFO] - Computing glrlm
2025-09-14 18:58:31 - [INFO] - Computing glszm
2025-09-14 18:58:31 - [INFO] - Computing ngtdm
2025-09-14 18:58:31 - [INFO] - [INFERENCE DEBUG] Feature extracted for bbox 4: segment=femur
2025-09-14 18:58:31 - [INFO] - [INFERENCE DEBUG] Extracted 4 valid features
2025-09-14 18:58:31 - [INFO] - [INFERENCE DEBUG] Prediction completed: 4 results
2025-09-14 18:58:31 - [INFO] - [INFERENCE DEBUG] Final output: 4 classifications
2025-09-14 18:58:31 - [INFO] - [DEBUG] Creating hotspot mask with shape: (1024, 256)
2025-09-14 18:58:31 - [INFO] - [DEBUG] Processing 4 results
2025-09-14 18:58:31 - [INFO] - [DEBUG] Result 0: Abnormal, 1814 coordinates, pixel_value=1
2025-09-14 18:58:31 - [INFO] - [DEBUG] After processing result 0, mask has 1814 non-zero pixels
2025-09-14 18:58:31 - [INFO] - [DEBUG] Result 1: Abnormal, 349 coordinates, pixel_value=1
2025-09-14 18:58:31 - [INFO] - [DEBUG] After processing result 1, mask has 2163 non-zero pixels
2025-09-14 18:58:31 - [INFO] - [DEBUG] Result 2: Abnormal, 436 coordinates, pixel_value=1
2025-09-14 18:58:31 - [INFO] - [DEBUG] After processing result 2, mask has 2599 non-zero pixels
2025-09-14 18:58:31 - [INFO] - [DEBUG] Result 3: Abnormal, 1241 coordinates, pixel_value=1
2025-09-14 18:58:31 - [INFO] - [DEBUG] After processing result 3, mask has 2599 non-zero pixels
2025-09-14 18:58:31 - [INFO] - [DEBUG] Final mask stats: shape=(1024, 256), unique_values=[0 1], non_zero_count=2599
2025-09-14 18:58:31 - [INFO] - [INFERENCE DEBUG] Creating RGB mask for PIL save
2025-09-14 18:58:31 - [INFO] - [INFERENCE DEBUG] RGB mask created - PIL will preserve colors correctly
2025-09-14 18:58:31 - [INFO] - [DEBUG] Classification completed
2025-09-14 18:58:31 - [INFO] - [DEBUG] Result list length: 4
2025-09-14 18:58:31 - [INFO] - [DEBUG] Result mask shape: (1024, 256, 3)
2025-09-14 18:58:31 - [INFO] - [DEBUG] Result 0: prediction=Abnormal, prob_abnormal=0.999
2025-09-14 18:58:31 - [INFO] - [DEBUG] Result 1: prediction=Abnormal, prob_abnormal=1.000
2025-09-14 18:58:31 - [INFO] - [DEBUG] Result 2: prediction=Abnormal, prob_abnormal=0.680
2025-09-14 18:58:31 - [INFO] - [DEBUG] Result 3: prediction=Abnormal, prob_abnormal=0.997
2025-09-14 18:58:31 - [INFO] -      Saving classification results to temp directory:
2025-09-14 18:58:31 - [INFO] -        JSON: 107_20250628_post_classification.json
2025-09-14 18:58:31 - [INFO] -        XML: 107_20250628_post_classification.xml
2025-09-14 18:58:31 - [INFO] -        Mask: 107_20250628_posterior_classification_mask.png
2025-09-14 18:58:31 - [INFO] - [XML CREATE]   Created classification XML: 107_20250628_post_classification.xml
2025-09-14 18:58:31 - [INFO] - [XML CREATE] Converted 4 classified hotspots
2025-09-14 18:58:31 - [INFO] -          Saved mask with PIL RGB mode
2025-09-14 18:58:31 - [INFO] -          Classification results saved successfully
2025-09-14 18:58:31 - [INFO] -      Posterior classification completed: 4 hotspots classified
2025-09-14 18:58:31 - [INFO] -      Classification completed for patient 107
2025-09-14 18:58:31 - [INFO] - [CLASSIFICATION] Classification completed successfully
2025-09-14 18:58:31 - [INFO] - [MEMORY] run_classification_for_patient - After: 1517.0 MB (diff: +23.0 MB)
2025-09-14 18:58:31 - [INFO] - [SAFE_INFERENCE] Completed run_classification_for_patient
2025-09-14 18:58:31 - [INFO] - [SAFE_INFERENCE] Post-cleanup for run_classification_for_patient
2025-09-14 18:58:31 - [INFO] - [CLEANUP] nnUNet cache cleared
2025-09-14 18:58:31 - [INFO] - [CLEANUP] Classification models cleared
2025-09-14 18:58:31 - [INFO] - [CLEANUP] Complete model cleanup finished
2025-09-14 18:58:31 - [INFO] -      Copying classification results back to main folder with NEW naming...
2025-09-14 18:58:31 - [INFO] - [HOTSPOT FILES] Final selection for ant:
2025-09-14 18:58:31 - [INFO] - [HOTSPOT FILES]   yolo_xml: F:\projek dosen\prototype riset\hotspot-analyzer\data\PLANAR\HAHH\107\20250628\ant_hotspot_yolo.xml (exists: True, type: original)
2025-09-14 18:58:31 - [INFO] - [HOTSPOT FILES]   otsu_colored: F:\projek dosen\prototype riset\hotspot-analyzer\data\PLANAR\HAHH\107\20250628\ant_hotspot_otsu_colored.png (exists: True, type: original)
2025-09-14 18:58:31 - [INFO] - [HOTSPOT FILES]   otsu_colored_blend: F:\projek dosen\prototype riset\hotspot-analyzer\data\PLANAR\HAHH\107\20250628\ant_hotspot_otsu_colored_blend.png (exists: True, type: original)
2025-09-14 18:58:31 - [INFO] - [HOTSPOT FILES]   otsu_grayscale: F:\projek dosen\prototype riset\hotspot-analyzer\data\PLANAR\HAHH\107\20250628\ant_hotspot_otsu_grayscale.png (exists: True, type: original)
2025-09-14 18:58:31 - [INFO] - [HOTSPOT FILES]   classification_xml: F:\projek dosen\prototype riset\hotspot-analyzer\data\PLANAR\HAHH\107\20250628\ant_hotspot_classification.xml (exists: False, type: original)
2025-09-14 18:58:31 - [INFO] - [HOTSPOT FILES]   classification_png: F:\projek dosen\prototype riset\hotspot-analyzer\data\PLANAR\HAHH\107\20250628\ant_hotspot_classification.png (exists: False, type: original)
2025-09-14 18:58:31 - [INFO] -        Copied XML: 107_20250628_ant_classification.xml -> ant_hotspot_classification.xml
2025-09-14 18:58:31 - [INFO] -        Copied PNG: 107_20250628_anterior_classification_mask.png -> ant_hotspot_classification.png
2025-09-14 18:58:31 - [INFO] -        Copied JSON: 107_20250628_ant_classification.json -> ant_hotspot_classification.json
2025-09-14 18:58:31 - [INFO] - [HOTSPOT FILES] Final selection for post:
2025-09-14 18:58:31 - [INFO] - [HOTSPOT FILES]   yolo_xml: F:\projek dosen\prototype riset\hotspot-analyzer\data\PLANAR\HAHH\107\20250628\post_hotspot_yolo.xml (exists: True, type: original)
2025-09-14 18:58:31 - [INFO] - [HOTSPOT FILES]   otsu_colored: F:\projek dosen\prototype riset\hotspot-analyzer\data\PLANAR\HAHH\107\20250628\post_hotspot_otsu_colored.png (exists: True, type: original)
2025-09-14 18:58:31 - [INFO] - [HOTSPOT FILES]   otsu_colored_blend: F:\projek dosen\prototype riset\hotspot-analyzer\data\PLANAR\HAHH\107\20250628\post_hotspot_otsu_colored_blend.png (exists: True, type: original)
2025-09-14 18:58:31 - [INFO] - [HOTSPOT FILES]   otsu_grayscale: F:\projek dosen\prototype riset\hotspot-analyzer\data\PLANAR\HAHH\107\20250628\post_hotspot_otsu_grayscale.png (exists: True, type: original)
2025-09-14 18:58:31 - [INFO] - [HOTSPOT FILES]   classification_xml: F:\projek dosen\prototype riset\hotspot-analyzer\data\PLANAR\HAHH\107\20250628\post_hotspot_classification.xml (exists: False, type: original)
2025-09-14 18:58:31 - [INFO] - [HOTSPOT FILES]   classification_png: F:\projek dosen\prototype riset\hotspot-analyzer\data\PLANAR\HAHH\107\20250628\post_hotspot_classification.png (exists: False, type: original)
2025-09-14 18:58:31 - [INFO] -        Copied XML: 107_20250628_post_classification.xml -> post_hotspot_classification.xml
2025-09-14 18:58:31 - [INFO] -        Copied PNG: 107_20250628_posterior_classification_mask.png -> post_hotspot_classification.png
2025-09-14 18:58:31 - [INFO] -        Copied JSON: 107_20250628_post_classification.json -> post_hotspot_classification.json
2025-09-14 18:58:31 - [INFO] -        Cleaned up temp directory
2025-09-14 18:58:31 - [INFO] -      Classification completed - Normal/Abnormal results saved
2025-09-14 18:58:31 - [INFO] -   >> Running BSI quantification with classification masks...
2025-09-14 18:58:31 - [INFO] - [SESSION] Found session code from config: HAHH
2025-09-14 18:58:31 - [INFO] - [PROCESSING] Running V1.2 quantification for patient 107 in session HAHH
2025-09-14 18:58:31 - [INFO] -      Starting V1.2 BSI quantification for patient 107
2025-09-14 18:58:31 - [INFO] -      New workflow: Color-based segmentation + Single/Dual view processing
2025-09-14 18:58:31 - [INFO] - 
🔧 [DEBUG WRAPPER GANTENG] ===================
2025-09-14 18:58:31 - [INFO] - 🔧 [DEBUG WRAPPER] Getting quantification input paths:
2025-09-14 18:58:31 - [INFO] - 🔧 [DEBUG WRAPPER]   Patient folder: F:\projek dosen\prototype riset\hotspot-analyzer\data\PLANAR\HAHH\107\20250628
2025-09-14 18:58:31 - [INFO] - 🔧 [DEBUG WRAPPER]   Filename stem: 107_20250628
2025-09-14 18:58:31 - [INFO] - 🔧 [DEBUG WRAPPER]   Folder exists: True
2025-09-14 18:58:31 - [INFO] - 🔧 [DEBUG WRAPPER] Classification files:
2025-09-14 18:58:31 - [INFO] - 🔧 [DEBUG WRAPPER]   Anterior mask: True
2025-09-14 18:58:31 - [INFO] - 🔧 [DEBUG WRAPPER]   Posterior mask: True
2025-09-14 18:58:31 - [INFO] - 🔧 [DEBUG WRAPPER] Segmentation files:
2025-09-14 18:58:31 - [INFO] - 🔧 [DEBUG WRAPPER]   Anterior seg: True
2025-09-14 18:58:31 - [INFO] - 🔧 [DEBUG WRAPPER]   Posterior seg: True
2025-09-14 18:58:31 - [INFO] -   [DEBUG QUANT FILES] Getting quantification files for: F:\projek dosen\prototype riset\hotspot-analyzer\data\PLANAR\HAHH\107\20250628
2025-09-14 18:58:31 - [INFO] -   [DEBUG QUANT FILES] Detected study_date folder: F:\projek dosen\prototype riset\hotspot-analyzer\data\PLANAR\HAHH\107\20250628
2025-09-14 18:58:31 - [INFO] -   [DEBUG QUANT FILES] Generated paths:
2025-09-14 18:58:31 - [INFO] -   [DEBUG QUANT FILES]   bsi_json_ant: F:\projek dosen\prototype riset\hotspot-analyzer\data\PLANAR\HAHH\107\20250628\bsi_quantification_ant.json (exists: False)
2025-09-14 18:58:31 - [INFO] -   [DEBUG QUANT FILES]   bsi_json_post: F:\projek dosen\prototype riset\hotspot-analyzer\data\PLANAR\HAHH\107\20250628\bsi_quantification_post.json (exists: False)
2025-09-14 18:58:31 - [INFO] - 🔧 [DEBUG WRAPPER] Final paths:
2025-09-14 18:58:31 - [INFO] - 🔧 [DEBUG WRAPPER]   segmentation_anterior: F:\projek dosen\prototype riset\hotspot-analyzer\data\PLANAR\HAHH\107\20250628\ant_segm.png (exists: True)
2025-09-14 18:58:31 - [INFO] - 🔧 [DEBUG WRAPPER]   segmentation_posterior: F:\projek dosen\prototype riset\hotspot-analyzer\data\PLANAR\HAHH\107\20250628\post_segm.png (exists: True)
2025-09-14 18:58:31 - [INFO] - 🔧 [DEBUG WRAPPER]   hotspot_anterior: F:\projek dosen\prototype riset\hotspot-analyzer\data\PLANAR\HAHH\107\20250628\ant_hotspot_classification.png (exists: True)
2025-09-14 18:58:31 - [INFO] - 🔧 [DEBUG WRAPPER]   hotspot_posterior: F:\projek dosen\prototype riset\hotspot-analyzer\data\PLANAR\HAHH\107\20250628\post_hotspot_classification.png (exists: True)
2025-09-14 18:58:31 - [INFO] - 🔧 [DEBUG WRAPPER]   output_anterior: F:\projek dosen\prototype riset\hotspot-analyzer\data\PLANAR\HAHH\107\20250628\bsi_quantification_ant.json (exists: False)
2025-09-14 18:58:31 - [INFO] - 🔧 [DEBUG WRAPPER]   output_posterior: F:\projek dosen\prototype riset\hotspot-analyzer\data\PLANAR\HAHH\107\20250628\bsi_quantification_post.json (exists: False)
2025-09-14 18:58:31 - [INFO] -      File availability check:
2025-09-14 18:58:31 - [INFO] -        Anterior pair available: True
2025-09-14 18:58:31 - [INFO] -        Posterior pair available: True
2025-09-14 18:58:31 - [INFO] -      Processing V1.2 quantification with color-based segmentation...
2025-09-14 18:58:31 - [INFO] -      Processing anterior view...
2025-09-14 18:58:32 - [INFO] -        Anterior processing completed
2025-09-14 18:58:32 - [INFO] -      Processing posterior view...
2025-09-14 18:58:33 - [INFO] -        Posterior processing completed
2025-09-14 18:58:33 - [INFO] -      Calculating BSI scores...
2025-09-14 18:58:33 - [INFO] -      Scenario: Both views available
2025-09-14 18:58:33 - [INFO] -        Dual-view BSI quantification completed
2025-09-14 18:58:33 - [INFO] -      Anterior BSI: 0.167
2025-09-14 18:58:33 - [INFO] -      Posterior BSI: 0.406
2025-09-14 18:58:33 - [INFO] -      Combined BSI: 0.286
2025-09-14 18:58:33 - [INFO] -      Results saved to patient folder
2025-09-14 18:58:33 - [INFO] - [PROCESSING]   V1.2 quantification completed for 107
2025-09-14 18:58:33 - [INFO] -      BSI quantification completed - results saved
2025-09-14 18:58:33 - [INFO] -   >> Cloud storage disabled - skipping upload
2025-09-14 18:58:33 - [INFO] -     DICOM processing completed - ORIGINAL DICOM UNTOUCHED
2025-09-14 18:58:33 - [INFO] -   Files saved locally: 6 PNG output files
2025-09-14 18:58:33 - [INFO] -   Views processed: ['Anterior', 'Posterior']
2025-09-14 18:58:33 - [INFO] -   ORIGINAL DICOM: 107.dcm (NO MODIFICATION)
2025-09-14 18:58:33 - [INFO] - ## File 1/4 completed successfully - ORIGINAL DICOM PRESERVED
2025-09-14 18:58:33 - [INFO] - 
## Processing file 2/4: 108.dcm
2025-09-14 18:58:33 - [INFO] - 
=== Processing 108.dcm ===
2025-09-14 18:58:33 - [INFO] -   Patient ID: 108
2025-09-14 18:58:33 - [INFO] -   Study Date: 20250628
2025-09-14 18:58:33 - [INFO] -     Path structure validated: F:\projek dosen\prototype riset\hotspot-analyzer\data\PLANAR\HAHH\108\20250628
2025-09-14 18:58:33 - [INFO] -  >> Copying ORIGINAL DICOM without modification...
2025-09-14 18:58:33 - [INFO] -   Copied ORIGINAL → F:\projek dosen\prototype riset\hotspot-analyzer\data\PLA...
2025-09-14 18:58:33 - [INFO] -  >> Loading ORIGINAL DICOM frames with view assignments...
2025-09-14 18:58:33 - [INFO] -   Frames detected: ['anterior', 'posterior']
2025-09-14 18:58:33 - [INFO] -   >> Processing background selections...
2025-09-14 18:58:33 - [INFO] -      Processing anterior with black background
2025-09-14 18:58:33 - [INFO] -   Keeping black background
2025-09-14 18:58:33 - [INFO] -        anterior background processed
2025-09-14 18:58:33 - [INFO] -      Processing posterior with black background
2025-09-14 18:58:33 - [INFO] -   Keeping black background
2025-09-14 18:58:33 - [INFO] -        posterior background processed
2025-09-14 18:58:33 - [INFO] -     Background processing completed
2025-09-14 18:58:33 - [INFO] -   >> Normalized 'anterior' → 'Anterior'
2025-09-14 18:58:33 - [INFO] -   >> Normalized 'posterior' → 'Posterior'
2025-09-14 18:58:33 - [INFO] -     Final views: ['Anterior', 'Posterior']
2025-09-14 18:58:33 - [INFO] -     Normalized views: ['Anterior', 'Posterior']
2025-09-14 18:58:33 - [INFO] -   >> Saving original frames for classification...
2025-09-14 18:58:33 - [INFO] -      Original frame saved: ant_original.png
2025-09-14 18:58:33 - [INFO] -      Original frame saved: post_original.png
2025-09-14 18:58:33 - [INFO] -   >> Generating segmentation masks and colored overlays...
2025-09-14 18:58:33 - [INFO] -   >> [1/2] Processing Anterior
2025-09-14 18:58:33 - [INFO] -      Segmenting bone mask...
2025-09-14 18:58:33 - [INFO] - [SAFE_INFERENCE] Running predict_bone_mask
2025-09-14 18:58:33 - [INFO] - [MEMORY] predict_bone_mask - Before: 1511.3 MB
2025-09-14 18:58:33 - [INFO] - [INFO]  Starting bone mask segmentation...
2025-09-14 18:58:33 - [INFO] - [INFO]  Input image shape: (1024, 256), dtype: uint16
2025-09-14 18:58:33 - [INFO] - [INFO]  Preprocessing: resizing to (256, 1024)...
2025-09-14 18:58:33 - [INFO] - [INFO]  Preprocessing completed
2025-09-14 18:58:33 - [INFO] - [INFO]  Loading segmentation model...
2025-09-14 18:58:33 - [INFO] - [INFO]  Loading bone segmentation model...
2025-09-14 18:58:33 - [INFO] - [INFO]  Model path: F:\projek dosen\prototype riset\hotspot-analyzer\models\s...
2025-09-14 18:58:33 - [INFO] - [INFO]  CUDA available: False – using cpu
2025-09-14 18:58:33 - [INFO] - [INFO]  Primary predictor created successfully (Device: cpu)
2025-09-14 18:58:33 - [INFO] - [INFO]  Switching to CPU-only fallback configuration.
2025-09-14 18:58:33 - [INFO] - [INFO]  Initializing model from trained weights on device: cpu...
2025-09-14 18:58:34 - [INFO] - [INFO]  Bone segmentation model loaded successfully
2025-09-14 18:58:34 - [INFO] - [INFO]  Performing bone segmentation inference...
2025-09-14 18:58:34 - [INFO] - [INFO]  Running sliding window inference...
2025-09-14 18:58:34 - [INFO] - [INFO]  Input image shape: (1024, 256)
2025-09-14 18:58:35 - [INFO] - [INFO]  Prediction completed, output shape: (1024, 256)
2025-09-14 18:58:35 - [INFO] - [INFO]  Segmentation completed in 2.41s
2025-09-14 18:58:35 - [INFO] - [INFO]  Output mask shape: (1024, 256)
2025-09-14 18:58:35 - [INFO] - [INFO]  Unique labels found: [0, 1, 2, 3, 4, 5, 6, 7, 8, 9, 10, 11, 12]
2025-09-14 18:58:35 - [INFO] - [INFO]  Returning raw segmentation mask
2025-09-14 18:58:35 - [INFO] - [MEMORY] predict_bone_mask - After: 1501.6 MB (diff: -9.7 MB)
2025-09-14 18:58:35 - [INFO] - [SAFE_INFERENCE] Completed predict_bone_mask
2025-09-14 18:58:35 - [INFO] - [SAFE_INFERENCE] Post-cleanup for predict_bone_mask
2025-09-14 18:58:35 - [INFO] - [CLEANUP] nnUNet cache cleared
2025-09-14 18:58:35 - [INFO] - [CLEANUP] Classification models cleared
2025-09-14 18:58:35 - [INFO] - [CLEANUP] Complete model cleanup finished
2025-09-14 18:58:35 - [INFO] -      Generating colored overlay...
2025-09-14 18:58:35 - [INFO] - [SAFE_INFERENCE] Running predict_bone_mask
2025-09-14 18:58:35 - [INFO] - [MEMORY] predict_bone_mask - Before: 1501.6 MB
2025-09-14 18:58:35 - [INFO] - [INFO]  Starting bone mask segmentation...
2025-09-14 18:58:35 - [INFO] - [INFO]  Input image shape: (1024, 256), dtype: uint16
2025-09-14 18:58:35 - [INFO] - [INFO]  Preprocessing: resizing to (256, 1024)...
2025-09-14 18:58:35 - [INFO] - [INFO]  Preprocessing completed
2025-09-14 18:58:35 - [INFO] - [INFO]  Loading segmentation model...
2025-09-14 18:58:35 - [INFO] - [INFO]  Loading bone segmentation model...
2025-09-14 18:58:35 - [INFO] - [INFO]  Model path: F:\projek dosen\prototype riset\hotspot-analyzer\models\s...
2025-09-14 18:58:35 - [INFO] - [INFO]  CUDA available: False – using cpu
2025-09-14 18:58:35 - [INFO] - [INFO]  Primary predictor created successfully (Device: cpu)
2025-09-14 18:58:35 - [INFO] - [INFO]  Switching to CPU-only fallback configuration.
2025-09-14 18:58:35 - [INFO] - [INFO]  Initializing model from trained weights on device: cpu...
2025-09-14 18:58:36 - [INFO] - [INFO]  Bone segmentation model loaded successfully
2025-09-14 18:58:36 - [INFO] - [INFO]  Performing bone segmentation inference...
2025-09-14 18:58:36 - [INFO] - [INFO]  Running sliding window inference...
2025-09-14 18:58:36 - [INFO] - [INFO]  Input image shape: (1024, 256)
2025-09-14 18:58:37 - [INFO] - [INFO]  Prediction completed, output shape: (1024, 256)
2025-09-14 18:58:37 - [INFO] - [INFO]  Segmentation completed in 2.04s
2025-09-14 18:58:37 - [INFO] - [INFO]  Output mask shape: (1024, 256)
2025-09-14 18:58:37 - [INFO] - [INFO]  Unique labels found: [0, 1, 2, 3, 4, 5, 6, 7, 8, 9, 10, 11, 12]
2025-09-14 18:58:37 - [INFO] - [INFO]  Converting mask to colored RGB image...
2025-09-14 18:58:37 - [INFO] - [INFO]  RGB conversion completed, shape: (1024, 256, 3)
2025-09-14 18:58:37 - [INFO] - [MEMORY] predict_bone_mask - After: 1519.2 MB (diff: +17.6 MB)
2025-09-14 18:58:37 - [INFO] - [SAFE_INFERENCE] Completed predict_bone_mask
2025-09-14 18:58:37 - [INFO] - [SAFE_INFERENCE] Post-cleanup for predict_bone_mask
2025-09-14 18:58:37 - [INFO] - [CLEANUP] nnUNet cache cleared
2025-09-14 18:58:37 - [INFO] - [CLEANUP] Classification models cleared
2025-09-14 18:58:37 - [INFO] - [CLEANUP] Complete model cleanup finished
2025-09-14 18:58:37 - [INFO] -      Segmentation completed for Anterior
2025-09-14 18:58:37 - [INFO] -        Saved: ant_mask.png, ant_segm.png
2025-09-14 18:58:37 - [INFO] -   >> [2/2] Processing Posterior
2025-09-14 18:58:37 - [INFO] -      Segmenting bone mask...
2025-09-14 18:58:37 - [INFO] - [SAFE_INFERENCE] Running predict_bone_mask
2025-09-14 18:58:37 - [INFO] - [MEMORY] predict_bone_mask - Before: 1516.5 MB
2025-09-14 18:58:37 - [INFO] - [INFO]  Starting bone mask segmentation...
2025-09-14 18:58:37 - [INFO] - [INFO]  Input image shape: (1024, 256), dtype: uint16
2025-09-14 18:58:37 - [INFO] - [INFO]  Preprocessing: resizing to (256, 1024)...
2025-09-14 18:58:37 - [INFO] - [INFO]  Preprocessing completed
2025-09-14 18:58:37 - [INFO] - [INFO]  Loading segmentation model...
2025-09-14 18:58:37 - [INFO] - [INFO]  Loading bone segmentation model...
2025-09-14 18:58:37 - [INFO] - [INFO]  Model path: F:\projek dosen\prototype riset\hotspot-analyzer\models\s...
2025-09-14 18:58:37 - [INFO] - [INFO]  CUDA available: False – using cpu
2025-09-14 18:58:37 - [INFO] - [INFO]  Primary predictor created successfully (Device: cpu)
2025-09-14 18:58:37 - [INFO] - [INFO]  Switching to CPU-only fallback configuration.
2025-09-14 18:58:37 - [INFO] - [INFO]  Initializing model from trained weights on device: cpu...
2025-09-14 18:58:39 - [INFO] - [INFO]  Bone segmentation model loaded successfully
2025-09-14 18:58:39 - [INFO] - [INFO]  Performing bone segmentation inference...
2025-09-14 18:58:39 - [INFO] - [INFO]  Running sliding window inference...
2025-09-14 18:58:39 - [INFO] - [INFO]  Input image shape: (1024, 256)
2025-09-14 18:58:39 - [INFO] - [INFO]  Prediction completed, output shape: (1024, 256)
2025-09-14 18:58:39 - [INFO] - [INFO]  Segmentation completed in 2.09s
2025-09-14 18:58:39 - [INFO] - [INFO]  Output mask shape: (1024, 256)
2025-09-14 18:58:39 - [INFO] - [INFO]  Unique labels found: [0, 1, 2, 3, 4, 6, 7, 8, 9, 10, 11, 12]
2025-09-14 18:58:39 - [INFO] - [INFO]  Returning raw segmentation mask
2025-09-14 18:58:39 - [INFO] - [MEMORY] predict_bone_mask - After: 1517.3 MB (diff: +0.8 MB)
2025-09-14 18:58:39 - [INFO] - [SAFE_INFERENCE] Completed predict_bone_mask
2025-09-14 18:58:39 - [INFO] - [SAFE_INFERENCE] Post-cleanup for predict_bone_mask
2025-09-14 18:58:39 - [INFO] - [CLEANUP] nnUNet cache cleared
2025-09-14 18:58:39 - [INFO] - [CLEANUP] Classification models cleared
2025-09-14 18:58:40 - [INFO] - [CLEANUP] Complete model cleanup finished
2025-09-14 18:58:40 - [INFO] -      Generating colored overlay...
2025-09-14 18:58:40 - [INFO] - [SAFE_INFERENCE] Running predict_bone_mask
2025-09-14 18:58:40 - [INFO] - [MEMORY] predict_bone_mask - Before: 1514.3 MB
2025-09-14 18:58:40 - [INFO] - [INFO]  Starting bone mask segmentation...
2025-09-14 18:58:40 - [INFO] - [INFO]  Input image shape: (1024, 256), dtype: uint16
2025-09-14 18:58:40 - [INFO] - [INFO]  Preprocessing: resizing to (256, 1024)...
2025-09-14 18:58:40 - [INFO] - [INFO]  Preprocessing completed
2025-09-14 18:58:40 - [INFO] - [INFO]  Loading segmentation model...
2025-09-14 18:58:40 - [INFO] - [INFO]  Loading bone segmentation model...
2025-09-14 18:58:40 - [INFO] - [INFO]  Model path: F:\projek dosen\prototype riset\hotspot-analyzer\models\s...
2025-09-14 18:58:40 - [INFO] - [INFO]  CUDA available: False – using cpu
2025-09-14 18:58:40 - [INFO] - [INFO]  Primary predictor created successfully (Device: cpu)
2025-09-14 18:58:40 - [INFO] - [INFO]  Switching to CPU-only fallback configuration.
2025-09-14 18:58:40 - [INFO] - [INFO]  Initializing model from trained weights on device: cpu...
2025-09-14 18:58:41 - [INFO] - [INFO]  Bone segmentation model loaded successfully
2025-09-14 18:58:41 - [INFO] - [INFO]  Performing bone segmentation inference...
2025-09-14 18:58:41 - [INFO] - [INFO]  Running sliding window inference...
2025-09-14 18:58:41 - [INFO] - [INFO]  Input image shape: (1024, 256)
2025-09-14 18:58:42 - [INFO] - [INFO]  Prediction completed, output shape: (1024, 256)
2025-09-14 18:58:42 - [INFO] - [INFO]  Segmentation completed in 2.10s
2025-09-14 18:58:42 - [INFO] - [INFO]  Output mask shape: (1024, 256)
2025-09-14 18:58:42 - [INFO] - [INFO]  Unique labels found: [0, 1, 2, 3, 4, 6, 7, 8, 9, 10, 11, 12]
2025-09-14 18:58:42 - [INFO] - [INFO]  Converting mask to colored RGB image...
2025-09-14 18:58:42 - [INFO] - [INFO]  RGB conversion completed, shape: (1024, 256, 3)
2025-09-14 18:58:42 - [INFO] - [MEMORY] predict_bone_mask - After: 1520.3 MB (diff: +6.0 MB)
2025-09-14 18:58:42 - [INFO] - [SAFE_INFERENCE] Completed predict_bone_mask
2025-09-14 18:58:42 - [INFO] - [SAFE_INFERENCE] Post-cleanup for predict_bone_mask
2025-09-14 18:58:42 - [INFO] - [CLEANUP] nnUNet cache cleared
2025-09-14 18:58:42 - [INFO] - [CLEANUP] Classification models cleared
2025-09-14 18:58:42 - [INFO] - [CLEANUP] Complete model cleanup finished
2025-09-14 18:58:42 - [INFO] -      Segmentation completed for Posterior
2025-09-14 18:58:42 - [INFO] -        Saved: post_mask.png, post_segm.png
2025-09-14 18:58:42 - [INFO] -   >> Running YOLO hotspot detection...
2025-09-14 18:58:42 - [INFO] - [SAFE_INFERENCE] Running run_yolo_detection_wrapper
2025-09-14 18:58:42 - [INFO] - [MEMORY] run_yolo_detection_wrapper - Before: 1516.1 MB
2025-09-14 18:58:42 - [INFO] - [YOLO WRAPPER] Starting YOLO detection for 108
2025-09-14 18:58:42 - [INFO] - [YOLO WRAPPER] Model path: F:\projek dosen\prototype riset\hotspot-analyzer\models\hotspot_detection\models\model_detection_hs_yolov8.pt
2025-09-14 18:58:42 - [INFO] - [YOLO WRAPPER] DICOM path: F:\projek dosen\prototype riset\hotspot-analyzer\data\PLANAR\HAHH\108\20250628\108.dcm
2025-09-14 18:58:42 - [INFO] - [SAFE_INFERENCE] Running run_yolo_detection_for_patient
2025-09-14 18:58:42 - [INFO] - [MEMORY] run_yolo_detection_for_patient - Before: 1516.2 MB
2025-09-14 18:58:42 - [INFO] - [YOLO WRAPPER] Starting detection for patient 108
2025-09-14 18:58:42 - [INFO] - [YOLO WRAPPER] DICOM file: F:\projek dosen\prototype riset\hotspot-analyzer\data\PLANAR\HAHH\108\20250628\108.dcm
2025-09-14 18:58:42 - [INFO] - [YOLO] FORCING model load - application requires YOLO functionality
2025-09-14 18:58:42 - [INFO] - [YOLO WRAPPER] Extracted session from path: HAHH
2025-09-14 18:58:42 - [INFO] - [DETECTION] Processing DICOM: F:\projek dosen\prototype riset\hotspot-analyzer\data\PLANAR\HAHH\108\20250628\108.dcm
2025-09-14 18:58:42 - [INFO] - [DETECTION] FORCED YOLO execution - application requires this functionality
2025-09-14 18:58:42 - [INFO] - [DETECTION] Patient: 108, Session: HAHH, Study Date: 20250628
2025-09-14 18:58:42 - [INFO] - [DETECTION] Loaded 2 frames: ['anterior', 'posterior']
2025-09-14 18:58:42 - [INFO] - [DETECTION] Processing view: anterior -> anterior
2025-09-14 18:58:42 - [INFO] - [HOTSPOT FILES] Final selection for ant:
2025-09-14 18:58:42 - [INFO] - [HOTSPOT FILES]   yolo_xml: F:\projek dosen\prototype riset\hotspot-analyzer\data\PLANAR\HAHH\108\20250628\ant_hotspot_yolo.xml (exists: False, type: original)
2025-09-14 18:58:42 - [INFO] - [HOTSPOT FILES]   otsu_colored: F:\projek dosen\prototype riset\hotspot-analyzer\data\PLANAR\HAHH\108\20250628\ant_hotspot_otsu_colored.png (exists: False, type: original)
2025-09-14 18:58:42 - [INFO] - [HOTSPOT FILES]   otsu_colored_blend: F:\projek dosen\prototype riset\hotspot-analyzer\data\PLANAR\HAHH\108\20250628\ant_hotspot_otsu_colored_blend.png (exists: False, type: original)
2025-09-14 18:58:42 - [INFO] - [HOTSPOT FILES]   otsu_grayscale: F:\projek dosen\prototype riset\hotspot-analyzer\data\PLANAR\HAHH\108\20250628\ant_hotspot_otsu_grayscale.png (exists: False, type: original)
2025-09-14 18:58:42 - [INFO] - [HOTSPOT FILES]   classification_xml: F:\projek dosen\prototype riset\hotspot-analyzer\data\PLANAR\HAHH\108\20250628\ant_hotspot_classification.xml (exists: False, type: original)
2025-09-14 18:58:42 - [INFO] - [HOTSPOT FILES]   classification_png: F:\projek dosen\prototype riset\hotspot-analyzer\data\PLANAR\HAHH\108\20250628\ant_hotspot_classification.png (exists: False, type: original)
2025-09-14 18:58:42 - [INFO] - [DETECTION] Running YOLO on anterior view...
2025-09-14 18:58:42 - [INFO] - [YOLO] FORCING model load - application critical functionality
2025-09-14 18:58:42 - [INFO] - [YOLO] Loading model on-demand (FORCED, thread-safe)...
2025-09-14 18:58:42 - [INFO] - [YOLO] FORCING model initialization - critical for application
2025-09-14 18:58:42 - [INFO] - [YOLO] Attempting to load model from: F:\projek dosen\prototype riset\hotspot-analyzer\models\hotspot_detection\models\model_detection_hs_yolov8.pt
2025-09-14 18:58:42 - [INFO] - [YOLO] Model loaded successfully (FORCED CPU mode)
2025-09-14 18:58:42 - [INFO] - [DETECTION] No detections found, creating empty XML for pipeline continuity
2025-09-14 18:58:42 - [INFO] - [DETECTION] No hotspots detected in anterior
2025-09-14 18:58:42 - [INFO] - [XML] Saved detection XML to: F:\projek dosen\prototype riset\hotspot-analyzer\data\PLANAR\HAHH\108\20250628\ant_hotspot_yolo.xml
2025-09-14 18:58:42 - [INFO] - [DETECTION] Processing view: posterior -> posterior
2025-09-14 18:58:42 - [INFO] - [HOTSPOT FILES] Final selection for post:
2025-09-14 18:58:42 - [INFO] - [HOTSPOT FILES]   yolo_xml: F:\projek dosen\prototype riset\hotspot-analyzer\data\PLANAR\HAHH\108\20250628\post_hotspot_yolo.xml (exists: False, type: original)
2025-09-14 18:58:42 - [INFO] - [HOTSPOT FILES]   otsu_colored: F:\projek dosen\prototype riset\hotspot-analyzer\data\PLANAR\HAHH\108\20250628\post_hotspot_otsu_colored.png (exists: False, type: original)
2025-09-14 18:58:42 - [INFO] - [HOTSPOT FILES]   otsu_colored_blend: F:\projek dosen\prototype riset\hotspot-analyzer\data\PLANAR\HAHH\108\20250628\post_hotspot_otsu_colored_blend.png (exists: False, type: original)
2025-09-14 18:58:42 - [INFO] - [HOTSPOT FILES]   otsu_grayscale: F:\projek dosen\prototype riset\hotspot-analyzer\data\PLANAR\HAHH\108\20250628\post_hotspot_otsu_grayscale.png (exists: False, type: original)
2025-09-14 18:58:42 - [INFO] - [HOTSPOT FILES]   classification_xml: F:\projek dosen\prototype riset\hotspot-analyzer\data\PLANAR\HAHH\108\20250628\post_hotspot_classification.xml (exists: False, type: original)
2025-09-14 18:58:42 - [INFO] - [HOTSPOT FILES]   classification_png: F:\projek dosen\prototype riset\hotspot-analyzer\data\PLANAR\HAHH\108\20250628\post_hotspot_classification.png (exists: False, type: original)
2025-09-14 18:58:42 - [INFO] - [DETECTION] Running YOLO on posterior view...
2025-09-14 18:58:42 - [INFO] - [DETECTION] No detections found, creating empty XML for pipeline continuity
2025-09-14 18:58:42 - [INFO] - [DETECTION] No hotspots detected in posterior
2025-09-14 18:58:42 - [INFO] - [XML] Saved detection XML to: F:\projek dosen\prototype riset\hotspot-analyzer\data\PLANAR\HAHH\108\20250628\post_hotspot_yolo.xml
2025-09-14 18:58:42 - [INFO] - [YOLO WRAPPER] Detection completed:
2025-09-14 18:58:42 - [INFO] -   Anterior: ✓
2025-09-14 18:58:42 - [INFO] -   Posterior: ✓
2025-09-14 18:58:42 - [INFO] - [MEMORY] run_yolo_detection_for_patient - After: 1520.1 MB (diff: +3.9 MB)
2025-09-14 18:58:42 - [INFO] - [SAFE_INFERENCE] Completed run_yolo_detection_for_patient
2025-09-14 18:58:42 - [INFO] - [SAFE_INFERENCE] Post-cleanup for run_yolo_detection_for_patient
2025-09-14 18:58:42 - [INFO] - [CLEANUP] YOLO model cleared
2025-09-14 18:58:42 - [INFO] - [CLEANUP] nnUNet cache cleared
2025-09-14 18:58:42 - [INFO] - [CLEANUP] Classification models cleared
2025-09-14 18:58:43 - [INFO] - [CLEANUP] Complete model cleanup finished
2025-09-14 18:58:43 - [INFO] - [YOLO WRAPPER] Detection completed with results: {'anterior': True, 'posterior': True}
2025-09-14 18:58:43 - [INFO] - [MEMORY] run_yolo_detection_wrapper - After: 1518.7 MB (diff: +2.6 MB)
2025-09-14 18:58:43 - [INFO] - [SAFE_INFERENCE] Completed run_yolo_detection_wrapper
2025-09-14 18:58:43 - [INFO] - [SAFE_INFERENCE] Post-cleanup for run_yolo_detection_wrapper
2025-09-14 18:58:43 - [INFO] - [CLEANUP] nnUNet cache cleared
2025-09-14 18:58:43 - [INFO] - [CLEANUP] Classification models cleared
2025-09-14 18:58:43 - [INFO] - [CLEANUP] Complete model cleanup finished
2025-09-14 18:58:43 - [INFO] -      YOLO detection completed - XML files created
2025-09-14 18:58:43 - [INFO] -   >> Running Otsu hotspot processing...
2025-09-14 18:58:43 - [INFO] - [SAFE_INFERENCE] Running run_hotspot_processing_in_process
2025-09-14 18:58:43 - [INFO] - [MEMORY] run_hotspot_processing_in_process - Before: 1518.7 MB
2025-09-14 18:58:43 - [INFO] - --- MENJALANKAN FUNGSI HOTSPOT DENGAN LOGIKA PENYIMPANAN FILE ---
2025-09-14 18:58:43 - [INFO] - [SESSION] Found session code from config: HAHH
2025-09-14 18:58:43 - [INFO] - [DEBUG] Using session: HAHH, patient: 108, study_date: 20250628
2025-09-14 18:58:43 - [INFO] - [DEBUG] Expected patient folder: F:\projek dosen\prototype riset\hotspot-analyzer\data\PLANAR\HAHH\108\20250628
2025-09-14 18:58:43 - [INFO] - 
  [DEBUG PRIORITY GANTENG] ===================
2025-09-14 18:58:43 - [INFO] -   [DEBUG PRIORITY] Looking for: ant_hotspot_classification.png
2025-09-14 18:58:43 - [INFO] -   [DEBUG PRIORITY] In path: F:\projek dosen\prototype riset\hotspot-analyzer\data\PLANAR\HAHH\108\20250628
2025-09-14 18:58:43 - [INFO] -   [DEBUG PRIORITY] Session code: None
2025-09-14 18:58:43 - [INFO] -   [DEBUG PRIORITY] Original file: F:\projek dosen\prototype riset\hotspot-analyzer\data\PLANAR\HAHH\108\20250628\ant_hotspot_classification.png
2025-09-14 18:58:43 - [INFO] -   [DEBUG PRIORITY] Original exists: False
2025-09-14 18:58:43 - [INFO] -   [DEBUG PRIORITY] File is editable, checking for timestamp version...
2025-09-14 18:58:43 - [INFO] - 
  [DEBUG TIMESTAMP GANTENG] ===================
2025-09-14 18:58:43 - [INFO] -   [DEBUG TIMESTAMP] Looking for: ant_hotspot_classification.png
2025-09-14 18:58:43 - [INFO] -   [DEBUG TIMESTAMP] In folder: F:\projek dosen\prototype riset\hotspot-analyzer\data\PLANAR\HAHH\108\20250628
2025-09-14 18:58:43 - [INFO] -   [DEBUG TIMESTAMP] Session code: None
2025-09-14 18:58:43 - [INFO] -   [DEBUG TIMESTAMP] Is editable: True
2025-09-14 18:58:43 - [INFO] -   [DEBUG TIMESTAMP] Folder contents:
2025-09-14 18:58:43 - [INFO] -   [DEBUG TIMESTAMP]   FILE: 108.dcm
2025-09-14 18:58:43 - [INFO] -   [DEBUG TIMESTAMP]   FILE: ant_hotspot_yolo.xml
2025-09-14 18:58:43 - [INFO] -   [DEBUG TIMESTAMP]   FILE: ant_mask.png
2025-09-14 18:58:43 - [INFO] -   [DEBUG TIMESTAMP]   FILE: ant_original.png
2025-09-14 18:58:43 - [INFO] -   [DEBUG TIMESTAMP]   FILE: ant_segm.png
2025-09-14 18:58:43 - [INFO] -   [DEBUG TIMESTAMP]   FILE: post_hotspot_yolo.xml
2025-09-14 18:58:43 - [INFO] -   [DEBUG TIMESTAMP]   FILE: post_mask.png
2025-09-14 18:58:43 - [INFO] -   [DEBUG TIMESTAMP]   FILE: post_original.png
2025-09-14 18:58:43 - [INFO] -   [DEBUG TIMESTAMP]   FILE: post_segm.png
2025-09-14 18:58:43 - [INFO] -   [DEBUG TIMESTAMP] Running get_latest_timestamp_file...
2025-09-14 18:58:43 - [INFO] -   [DEBUG TIMESTAMP] Result: None
2025-09-14 18:58:43 - [INFO] -   [DEBUG PRIORITY]  No edited version found
2025-09-14 18:58:43 - [INFO] -   [DEBUG PRIORITY]  No file found at all
2025-09-14 18:58:43 - [INFO] - [PRIORITY] Using original PNG: F:\projek dosen\prototype riset\hotspot-analyzer\data\PLANAR\HAHH\108\20250628\ant_hotspot_classification.png
2025-09-14 18:58:43 - [INFO] - [HOTSPOT FILES] Final selection for ant:
2025-09-14 18:58:43 - [INFO] - [HOTSPOT FILES]   yolo_xml: F:\projek dosen\prototype riset\hotspot-analyzer\data\PLANAR\HAHH\108\20250628\ant_hotspot_yolo.xml (exists: True, type: original)
2025-09-14 18:58:43 - [INFO] - [HOTSPOT FILES]   otsu_colored: F:\projek dosen\prototype riset\hotspot-analyzer\data\PLANAR\HAHH\108\20250628\ant_hotspot_otsu_colored.png (exists: False, type: original)
2025-09-14 18:58:43 - [INFO] - [HOTSPOT FILES]   otsu_colored_blend: F:\projek dosen\prototype riset\hotspot-analyzer\data\PLANAR\HAHH\108\20250628\ant_hotspot_otsu_colored_blend.png (exists: False, type: original)
2025-09-14 18:58:43 - [INFO] - [HOTSPOT FILES]   otsu_grayscale: F:\projek dosen\prototype riset\hotspot-analyzer\data\PLANAR\HAHH\108\20250628\ant_hotspot_otsu_grayscale.png (exists: False, type: original)
2025-09-14 18:58:43 - [INFO] - [HOTSPOT FILES]   classification_xml: F:\projek dosen\prototype riset\hotspot-analyzer\data\PLANAR\HAHH\108\20250628\ant_hotspot_classification.xml (exists: False, type: original)
2025-09-14 18:58:43 - [INFO] - [HOTSPOT FILES]   classification_png: F:\projek dosen\prototype riset\hotspot-analyzer\data\PLANAR\HAHH\108\20250628\ant_hotspot_classification.png (exists: False, type: original)
2025-09-14 18:58:43 - [INFO] - 
  [DEBUG PRIORITY GANTENG] ===================
2025-09-14 18:58:43 - [INFO] -   [DEBUG PRIORITY] Looking for: post_hotspot_classification.png
2025-09-14 18:58:43 - [INFO] -   [DEBUG PRIORITY] In path: F:\projek dosen\prototype riset\hotspot-analyzer\data\PLANAR\HAHH\108\20250628
2025-09-14 18:58:43 - [INFO] -   [DEBUG PRIORITY] Session code: None
2025-09-14 18:58:43 - [INFO] -   [DEBUG PRIORITY] Original file: F:\projek dosen\prototype riset\hotspot-analyzer\data\PLANAR\HAHH\108\20250628\post_hotspot_classification.png
2025-09-14 18:58:43 - [INFO] -   [DEBUG PRIORITY] Original exists: False
2025-09-14 18:58:43 - [INFO] -   [DEBUG PRIORITY] File is editable, checking for timestamp version...
2025-09-14 18:58:43 - [INFO] - 
  [DEBUG TIMESTAMP GANTENG] ===================
2025-09-14 18:58:43 - [INFO] -   [DEBUG TIMESTAMP] Looking for: post_hotspot_classification.png
2025-09-14 18:58:43 - [INFO] -   [DEBUG TIMESTAMP] In folder: F:\projek dosen\prototype riset\hotspot-analyzer\data\PLANAR\HAHH\108\20250628
2025-09-14 18:58:43 - [INFO] -   [DEBUG TIMESTAMP] Session code: None
2025-09-14 18:58:43 - [INFO] -   [DEBUG TIMESTAMP] Is editable: True
2025-09-14 18:58:43 - [INFO] -   [DEBUG TIMESTAMP] Folder contents:
2025-09-14 18:58:43 - [INFO] -   [DEBUG TIMESTAMP]   FILE: 108.dcm
2025-09-14 18:58:43 - [INFO] -   [DEBUG TIMESTAMP]   FILE: ant_hotspot_yolo.xml
2025-09-14 18:58:43 - [INFO] -   [DEBUG TIMESTAMP]   FILE: ant_mask.png
2025-09-14 18:58:43 - [INFO] -   [DEBUG TIMESTAMP]   FILE: ant_original.png
2025-09-14 18:58:43 - [INFO] -   [DEBUG TIMESTAMP]   FILE: ant_segm.png
2025-09-14 18:58:43 - [INFO] -   [DEBUG TIMESTAMP]   FILE: post_hotspot_yolo.xml
2025-09-14 18:58:43 - [INFO] -   [DEBUG TIMESTAMP]   FILE: post_mask.png
2025-09-14 18:58:43 - [INFO] -   [DEBUG TIMESTAMP]   FILE: post_original.png
2025-09-14 18:58:43 - [INFO] -   [DEBUG TIMESTAMP]   FILE: post_segm.png
2025-09-14 18:58:43 - [INFO] -   [DEBUG TIMESTAMP] Running get_latest_timestamp_file...
2025-09-14 18:58:43 - [INFO] -   [DEBUG TIMESTAMP] Result: None
2025-09-14 18:58:43 - [INFO] -   [DEBUG PRIORITY]  No edited version found
2025-09-14 18:58:43 - [INFO] -   [DEBUG PRIORITY]  No file found at all
2025-09-14 18:58:43 - [INFO] - [PRIORITY] Using original PNG: F:\projek dosen\prototype riset\hotspot-analyzer\data\PLANAR\HAHH\108\20250628\post_hotspot_classification.png
2025-09-14 18:58:43 - [INFO] - [HOTSPOT FILES] Final selection for post:
2025-09-14 18:58:43 - [INFO] - [HOTSPOT FILES]   yolo_xml: F:\projek dosen\prototype riset\hotspot-analyzer\data\PLANAR\HAHH\108\20250628\post_hotspot_yolo.xml (exists: True, type: original)
2025-09-14 18:58:43 - [INFO] - [HOTSPOT FILES]   otsu_colored: F:\projek dosen\prototype riset\hotspot-analyzer\data\PLANAR\HAHH\108\20250628\post_hotspot_otsu_colored.png (exists: False, type: original)
2025-09-14 18:58:43 - [INFO] - [HOTSPOT FILES]   otsu_colored_blend: F:\projek dosen\prototype riset\hotspot-analyzer\data\PLANAR\HAHH\108\20250628\post_hotspot_otsu_colored_blend.png (exists: False, type: original)
2025-09-14 18:58:43 - [INFO] - [HOTSPOT FILES]   otsu_grayscale: F:\projek dosen\prototype riset\hotspot-analyzer\data\PLANAR\HAHH\108\20250628\post_hotspot_otsu_grayscale.png (exists: False, type: original)
2025-09-14 18:58:43 - [INFO] - [HOTSPOT FILES]   classification_xml: F:\projek dosen\prototype riset\hotspot-analyzer\data\PLANAR\HAHH\108\20250628\post_hotspot_classification.xml (exists: False, type: original)
2025-09-14 18:58:43 - [INFO] - [HOTSPOT FILES]   classification_png: F:\projek dosen\prototype riset\hotspot-analyzer\data\PLANAR\HAHH\108\20250628\post_hotspot_classification.png (exists: False, type: original)
2025-09-14 18:58:43 - [INFO] - [DEBUG] Processing anterior with XML: F:\projek dosen\prototype riset\hotspot-analyzer\data\PLANAR\HAHH\108\20250628\ant_hotspot_yolo.xml
2025-09-14 18:58:43 - [INFO] - [PROCESS] Anterior processing failed, using original frame
2025-09-14 18:58:43 - [INFO] - [DEBUG] Processing posterior with XML: F:\projek dosen\prototype riset\hotspot-analyzer\data\PLANAR\HAHH\108\20250628\post_hotspot_yolo.xml
2025-09-14 18:58:43 - [INFO] - [PROCESS] Posterior processing failed, using original frame
2025-09-14 18:58:43 - [INFO] - [PROCESS] Hotspot processing completed for 108.dcm
2025-09-14 18:58:43 - [INFO] - [MEMORY] run_hotspot_processing_in_process - After: 1518.8 MB (diff: +0.1 MB)
2025-09-14 18:58:43 - [INFO] - [SAFE_INFERENCE] Completed run_hotspot_processing_in_process
2025-09-14 18:58:43 - [INFO] - [SAFE_INFERENCE] Post-cleanup for run_hotspot_processing_in_process
2025-09-14 18:58:43 - [INFO] - [CLEANUP] nnUNet cache cleared
2025-09-14 18:58:43 - [INFO] - [CLEANUP] Classification models cleared
2025-09-14 18:58:43 - [INFO] - [CLEANUP] Complete model cleanup finished
2025-09-14 18:58:43 - [INFO] -      Otsu processing completed - hotspot PNG files created
2025-09-14 18:58:43 - [INFO] -   >> Running hotspot classification inference...
2025-09-14 18:58:43 - [INFO] - [HOTSPOT FILES] Final selection for ant:
2025-09-14 18:58:43 - [INFO] - [HOTSPOT FILES]   yolo_xml: F:\projek dosen\prototype riset\hotspot-analyzer\data\PLANAR\HAHH\108\20250628\ant_hotspot_yolo.xml (exists: True, type: original)
2025-09-14 18:58:43 - [INFO] - [HOTSPOT FILES]   otsu_colored: F:\projek dosen\prototype riset\hotspot-analyzer\data\PLANAR\HAHH\108\20250628\ant_hotspot_otsu_colored.png (exists: False, type: original)
2025-09-14 18:58:43 - [INFO] - [HOTSPOT FILES]   otsu_colored_blend: F:\projek dosen\prototype riset\hotspot-analyzer\data\PLANAR\HAHH\108\20250628\ant_hotspot_otsu_colored_blend.png (exists: False, type: original)
2025-09-14 18:58:43 - [INFO] - [HOTSPOT FILES]   otsu_grayscale: F:\projek dosen\prototype riset\hotspot-analyzer\data\PLANAR\HAHH\108\20250628\ant_hotspot_otsu_grayscale.png (exists: False, type: original)
2025-09-14 18:58:43 - [INFO] - [HOTSPOT FILES]   classification_xml: F:\projek dosen\prototype riset\hotspot-analyzer\data\PLANAR\HAHH\108\20250628\ant_hotspot_classification.xml (exists: False, type: original)
2025-09-14 18:58:43 - [INFO] - [HOTSPOT FILES]   classification_png: F:\projek dosen\prototype riset\hotspot-analyzer\data\PLANAR\HAHH\108\20250628\ant_hotspot_classification.png (exists: False, type: original)
2025-09-14 18:58:43 - [INFO] - [HOTSPOT FILES] Final selection for post:
2025-09-14 18:58:43 - [INFO] - [HOTSPOT FILES]   yolo_xml: F:\projek dosen\prototype riset\hotspot-analyzer\data\PLANAR\HAHH\108\20250628\post_hotspot_yolo.xml (exists: True, type: original)
2025-09-14 18:58:43 - [INFO] - [HOTSPOT FILES]   otsu_colored: F:\projek dosen\prototype riset\hotspot-analyzer\data\PLANAR\HAHH\108\20250628\post_hotspot_otsu_colored.png (exists: False, type: original)
2025-09-14 18:58:43 - [INFO] - [HOTSPOT FILES]   otsu_colored_blend: F:\projek dosen\prototype riset\hotspot-analyzer\data\PLANAR\HAHH\108\20250628\post_hotspot_otsu_colored_blend.png (exists: False, type: original)
2025-09-14 18:58:43 - [INFO] - [HOTSPOT FILES]   otsu_grayscale: F:\projek dosen\prototype riset\hotspot-analyzer\data\PLANAR\HAHH\108\20250628\post_hotspot_otsu_grayscale.png (exists: False, type: original)
2025-09-14 18:58:43 - [INFO] - [HOTSPOT FILES]   classification_xml: F:\projek dosen\prototype riset\hotspot-analyzer\data\PLANAR\HAHH\108\20250628\post_hotspot_classification.xml (exists: False, type: original)
2025-09-14 18:58:43 - [INFO] - [HOTSPOT FILES]   classification_png: F:\projek dosen\prototype riset\hotspot-analyzer\data\PLANAR\HAHH\108\20250628\post_hotspot_classification.png (exists: False, type: original)
2025-09-14 18:58:43 - [INFO] -      Mapped: ant_original.png -> 108_20250628_anterior_original.png
2025-09-14 18:58:43 - [INFO] -      Mapped: post_original.png -> 108_20250628_posterior_original.png
2025-09-14 18:58:43 - [INFO] -      Mapped: ant_segm.png -> 108_20250628_anterior_colored.png
2025-09-14 18:58:43 - [INFO] -      Mapped: post_segm.png -> 108_20250628_posterior_colored.png
2025-09-14 18:58:43 - [INFO] -      Missing: F:\projek dosen\prototype riset\hotspot-analyzer\data\PLANAR\HAHH\108\20250628\ant_hotspot_otsu_grayscale.png -> 108_20250628_ant_hotspot_mask.png
2025-09-14 18:58:43 - [INFO] -      Missing: F:\projek dosen\prototype riset\hotspot-analyzer\data\PLANAR\HAHH\108\20250628\post_hotspot_otsu_grayscale.png -> 108_20250628_post_hotspot_mask.png
2025-09-14 18:58:43 - [INFO] -      Mapped: ant_hotspot_yolo.xml -> 108_20250628_ant.xml
2025-09-14 18:58:43 - [INFO] -      Mapped: post_hotspot_yolo.xml -> 108_20250628_post.xml
2025-09-14 18:58:43 - [INFO] -      Successfully mapped 6 files for classification
2025-09-14 18:58:43 - [INFO] -      Running classification in temp directory: F:\projek dosen\prototype riset\hotspot-analyzer\data\PLANAR\HAHH\108\20250628\temp_classification
2025-09-14 18:58:43 - [INFO] - [SAFE_INFERENCE] Running run_classification_for_patient
2025-09-14 18:58:43 - [INFO] - [MEMORY] run_classification_for_patient - Before: 1512.9 MB
2025-09-14 18:58:43 - [INFO] - [CLASSIFICATION] Starting classification for patient 108
2025-09-14 18:58:43 - [INFO] - [SESSION] Found session code from config: HAHH
2025-09-14 18:58:43 - [INFO] - [CLASSIFICATION] Using session: HAHH
2025-09-14 18:58:43 - [INFO] -      Starting classification for patient 108
2025-09-14 18:58:43 - [INFO] -      Study date: 20250628
2025-09-14 18:58:43 - [INFO] -      Session: 108
2025-09-14 18:58:43 - [INFO] -      Grayscale conversion: Enabled
2025-09-14 18:58:43 - [INFO] -      Processing anterior view with grayscale conversion...
2025-09-14 18:58:43 - [INFO] -        Found raw_original: 108_20250628_anterior_original.png
2025-09-14 18:58:43 - [INFO] -        Found region_mask: 108_20250628_anterior_colored.png
2025-09-14 18:58:43 - [INFO] -        Found xml_file: 108_20250628_ant.xml
2025-09-14 18:58:43 - [INFO] -      Missing files for anterior: hotspot_mask (108_20250628_ant_hotspot_mask.png)
2025-09-14 18:58:43 - [INFO] -      Processing posterior view with grayscale conversion...
2025-09-14 18:58:43 - [INFO] -        Found raw_original: 108_20250628_posterior_original.png
2025-09-14 18:58:43 - [INFO] -        Found region_mask: 108_20250628_posterior_colored.png
2025-09-14 18:58:43 - [INFO] -        Found xml_file: 108_20250628_post.xml
2025-09-14 18:58:43 - [INFO] -      Missing files for posterior: hotspot_mask (108_20250628_post_hotspot_mask.png)
2025-09-14 18:58:43 - [INFO] -      Classification failed for all views
2025-09-14 18:58:43 - [INFO] - [CLASSIFICATION] Classification failed
2025-09-14 18:58:43 - [INFO] - [MEMORY] run_classification_for_patient - After: 1513.1 MB (diff: +0.1 MB)
2025-09-14 18:58:43 - [INFO] - [SAFE_INFERENCE] Completed run_classification_for_patient
2025-09-14 18:58:43 - [INFO] - [SAFE_INFERENCE] Post-cleanup for run_classification_for_patient
2025-09-14 18:58:43 - [INFO] - [CLEANUP] nnUNet cache cleared
2025-09-14 18:58:43 - [INFO] - [CLEANUP] Classification models cleared
2025-09-14 18:58:43 - [INFO] - [CLEANUP] Complete model cleanup finished
2025-09-14 18:58:43 - [INFO] -        Cleaned up temp directory
2025-09-14 18:58:43 - [INFO] -      Classification completed - no classifications generated
2025-09-14 18:58:43 - [INFO] -   >> Running BSI quantification with classification masks...
2025-09-14 18:58:43 - [INFO] - [SESSION] Found session code from config: HAHH
2025-09-14 18:58:43 - [INFO] - [PROCESSING] Running V1.2 quantification for patient 108 in session HAHH
2025-09-14 18:58:43 - [INFO] -      Starting V1.2 BSI quantification for patient 108
2025-09-14 18:58:43 - [INFO] -      New workflow: Color-based segmentation + Single/Dual view processing
2025-09-14 18:58:43 - [INFO] - 
🔧 [DEBUG WRAPPER GANTENG] ===================
2025-09-14 18:58:43 - [INFO] - 🔧 [DEBUG WRAPPER] Getting quantification input paths:
2025-09-14 18:58:43 - [INFO] - 🔧 [DEBUG WRAPPER]   Patient folder: F:\projek dosen\prototype riset\hotspot-analyzer\data\PLANAR\HAHH\108\20250628
2025-09-14 18:58:43 - [INFO] - 🔧 [DEBUG WRAPPER]   Filename stem: 108_20250628
2025-09-14 18:58:43 - [INFO] - 🔧 [DEBUG WRAPPER]   Folder exists: True
2025-09-14 18:58:43 - [INFO] - 🔧 [DEBUG WRAPPER] Classification files:
2025-09-14 18:58:43 - [INFO] - 🔧 [DEBUG WRAPPER]   Anterior mask: False
2025-09-14 18:58:43 - [INFO] - 🔧 [DEBUG WRAPPER]   Posterior mask: False
2025-09-14 18:58:43 - [INFO] - 🔧 [DEBUG WRAPPER] Segmentation files:
2025-09-14 18:58:43 - [INFO] - 🔧 [DEBUG WRAPPER]   Anterior seg: True
2025-09-14 18:58:43 - [INFO] - 🔧 [DEBUG WRAPPER]   Posterior seg: True
2025-09-14 18:58:43 - [INFO] -   [DEBUG QUANT FILES] Getting quantification files for: F:\projek dosen\prototype riset\hotspot-analyzer\data\PLANAR\HAHH\108\20250628
2025-09-14 18:58:43 - [INFO] -   [DEBUG QUANT FILES] Detected study_date folder: F:\projek dosen\prototype riset\hotspot-analyzer\data\PLANAR\HAHH\108\20250628
2025-09-14 18:58:43 - [INFO] -   [DEBUG QUANT FILES] Generated paths:
2025-09-14 18:58:43 - [INFO] -   [DEBUG QUANT FILES]   bsi_json_ant: F:\projek dosen\prototype riset\hotspot-analyzer\data\PLANAR\HAHH\108\20250628\bsi_quantification_ant.json (exists: False)
2025-09-14 18:58:43 - [INFO] -   [DEBUG QUANT FILES]   bsi_json_post: F:\projek dosen\prototype riset\hotspot-analyzer\data\PLANAR\HAHH\108\20250628\bsi_quantification_post.json (exists: False)
2025-09-14 18:58:43 - [INFO] - 🔧 [DEBUG WRAPPER] Final paths:
2025-09-14 18:58:43 - [INFO] - 🔧 [DEBUG WRAPPER]   segmentation_anterior: F:\projek dosen\prototype riset\hotspot-analyzer\data\PLANAR\HAHH\108\20250628\ant_segm.png (exists: True)
2025-09-14 18:58:43 - [INFO] - 🔧 [DEBUG WRAPPER]   segmentation_posterior: F:\projek dosen\prototype riset\hotspot-analyzer\data\PLANAR\HAHH\108\20250628\post_segm.png (exists: True)
2025-09-14 18:58:43 - [INFO] - 🔧 [DEBUG WRAPPER]   hotspot_anterior: F:\projek dosen\prototype riset\hotspot-analyzer\data\PLANAR\HAHH\108\20250628\ant_hotspot_classification.png (exists: False)
2025-09-14 18:58:43 - [INFO] - 🔧 [DEBUG WRAPPER]   hotspot_posterior: F:\projek dosen\prototype riset\hotspot-analyzer\data\PLANAR\HAHH\108\20250628\post_hotspot_classification.png (exists: False)
2025-09-14 18:58:43 - [INFO] - 🔧 [DEBUG WRAPPER]   output_anterior: F:\projek dosen\prototype riset\hotspot-analyzer\data\PLANAR\HAHH\108\20250628\bsi_quantification_ant.json (exists: False)
2025-09-14 18:58:43 - [INFO] - 🔧 [DEBUG WRAPPER]   output_posterior: F:\projek dosen\prototype riset\hotspot-analyzer\data\PLANAR\HAHH\108\20250628\bsi_quantification_post.json (exists: False)
2025-09-14 18:58:43 - [INFO] -      Cannot proceed with V1.2 quantification. Missing files: hotspot_anterior (ant_hotspot_classification.png), hotspot_posterior (post_hotspot_classification.png)
2025-09-14 18:58:43 - [INFO] -      Need at least ONE complete pair (anterior OR posterior segmentation + classification)
2025-09-14 18:58:43 - [INFO] - [PROCESSING]  V1.2 quantification failed for 108
2025-09-14 18:58:43 - [INFO] -      BSI quantification failed - missing required files
2025-09-14 18:58:43 - [INFO] -   >> Cloud storage disabled - skipping upload
2025-09-14 18:58:43 - [INFO] -     DICOM processing completed - ORIGINAL DICOM UNTOUCHED
2025-09-14 18:58:43 - [INFO] -   Files saved locally: 6 PNG output files
2025-09-14 18:58:43 - [INFO] -   Views processed: ['Anterior', 'Posterior']
2025-09-14 18:58:43 - [INFO] -   ORIGINAL DICOM: 108.dcm (NO MODIFICATION)
2025-09-14 18:58:43 - [INFO] - ## File 2/4 completed successfully - ORIGINAL DICOM PRESERVED
2025-09-14 18:58:43 - [INFO] - 
## Processing file 3/4: 109.dcm
2025-09-14 18:58:43 - [INFO] - 
=== Processing 109.dcm ===
2025-09-14 18:58:43 - [INFO] -   Patient ID: 109
2025-09-14 18:58:43 - [INFO] -   Study Date: 20250628
2025-09-14 18:58:43 - [INFO] -     Path structure validated: F:\projek dosen\prototype riset\hotspot-analyzer\data\PLANAR\HAHH\109\20250628
2025-09-14 18:58:43 - [INFO] -  >> Copying ORIGINAL DICOM without modification...
2025-09-14 18:58:43 - [INFO] -   Copied ORIGINAL → F:\projek dosen\prototype riset\hotspot-analyzer\data\PLA...
2025-09-14 18:58:43 - [INFO] -  >> Loading ORIGINAL DICOM frames with view assignments...
2025-09-14 18:58:43 - [INFO] -   Frames detected: ['anterior', 'posterior']
2025-09-14 18:58:43 - [INFO] -   >> Processing background selections...
2025-09-14 18:58:43 - [INFO] -      Processing anterior with black background
2025-09-14 18:58:43 - [INFO] -   Keeping black background
2025-09-14 18:58:43 - [INFO] -        anterior background processed
2025-09-14 18:58:43 - [INFO] -      Processing posterior with black background
2025-09-14 18:58:43 - [INFO] -   Keeping black background
2025-09-14 18:58:43 - [INFO] -        posterior background processed
2025-09-14 18:58:43 - [INFO] -     Background processing completed
2025-09-14 18:58:43 - [INFO] -   >> Normalized 'anterior' → 'Anterior'
2025-09-14 18:58:43 - [INFO] -   >> Normalized 'posterior' → 'Posterior'
2025-09-14 18:58:43 - [INFO] -     Final views: ['Anterior', 'Posterior']
2025-09-14 18:58:43 - [INFO] -     Normalized views: ['Anterior', 'Posterior']
2025-09-14 18:58:43 - [INFO] -   >> Saving original frames for classification...
2025-09-14 18:58:43 - [INFO] -      Original frame saved: ant_original.png
2025-09-14 18:58:43 - [INFO] -      Original frame saved: post_original.png
2025-09-14 18:58:43 - [INFO] -   >> Generating segmentation masks and colored overlays...
2025-09-14 18:58:43 - [INFO] -   >> [1/2] Processing Anterior
2025-09-14 18:58:43 - [INFO] -      Segmenting bone mask...
2025-09-14 18:58:43 - [INFO] - [SAFE_INFERENCE] Running predict_bone_mask
2025-09-14 18:58:43 - [INFO] - [MEMORY] predict_bone_mask - Before: 1515.4 MB
2025-09-14 18:58:43 - [INFO] - [INFO]  Starting bone mask segmentation...
2025-09-14 18:58:43 - [INFO] - [INFO]  Input image shape: (1024, 256), dtype: uint16
2025-09-14 18:58:43 - [INFO] - [INFO]  Preprocessing: resizing to (256, 1024)...
2025-09-14 18:58:43 - [INFO] - [INFO]  Preprocessing completed
2025-09-14 18:58:43 - [INFO] - [INFO]  Loading segmentation model...
2025-09-14 18:58:43 - [INFO] - [INFO]  Loading bone segmentation model...
2025-09-14 18:58:43 - [INFO] - [INFO]  Model path: F:\projek dosen\prototype riset\hotspot-analyzer\models\s...
2025-09-14 18:58:43 - [INFO] - [INFO]  CUDA available: False – using cpu
2025-09-14 18:58:43 - [INFO] - [INFO]  Primary predictor created successfully (Device: cpu)
2025-09-14 18:58:43 - [INFO] - [INFO]  Switching to CPU-only fallback configuration.
2025-09-14 18:58:43 - [INFO] - [INFO]  Initializing model from trained weights on device: cpu...
2025-09-14 18:58:45 - [INFO] - [INFO]  Bone segmentation model loaded successfully
2025-09-14 18:58:45 - [INFO] - [INFO]  Performing bone segmentation inference...
2025-09-14 18:58:45 - [INFO] - [INFO]  Running sliding window inference...
2025-09-14 18:58:45 - [INFO] - [INFO]  Input image shape: (1024, 256)
2025-09-14 18:58:46 - [INFO] - [INFO]  Prediction completed, output shape: (1024, 256)
2025-09-14 18:58:46 - [INFO] - [INFO]  Segmentation completed in 2.32s
2025-09-14 18:58:46 - [INFO] - [INFO]  Output mask shape: (1024, 256)
2025-09-14 18:58:46 - [INFO] - [INFO]  Unique labels found: [0, 1, 2, 3, 4, 5, 6, 7, 8, 9, 10, 11, 12]
2025-09-14 18:58:46 - [INFO] - [INFO]  Returning raw segmentation mask
2025-09-14 18:58:46 - [INFO] - [MEMORY] predict_bone_mask - After: 1513.2 MB (diff: -2.2 MB)
2025-09-14 18:58:46 - [INFO] - [SAFE_INFERENCE] Completed predict_bone_mask
2025-09-14 18:58:46 - [INFO] - [SAFE_INFERENCE] Post-cleanup for predict_bone_mask
2025-09-14 18:58:46 - [INFO] - [CLEANUP] nnUNet cache cleared
2025-09-14 18:58:46 - [INFO] - [CLEANUP] Classification models cleared
2025-09-14 18:58:46 - [INFO] - [CLEANUP] Complete model cleanup finished
2025-09-14 18:58:46 - [INFO] -      Generating colored overlay...
2025-09-14 18:58:46 - [INFO] - [SAFE_INFERENCE] Running predict_bone_mask
2025-09-14 18:58:46 - [INFO] - [MEMORY] predict_bone_mask - Before: 1513.2 MB
2025-09-14 18:58:46 - [INFO] - [INFO]  Starting bone mask segmentation...
2025-09-14 18:58:46 - [INFO] - [INFO]  Input image shape: (1024, 256), dtype: uint16
2025-09-14 18:58:46 - [INFO] - [INFO]  Preprocessing: resizing to (256, 1024)...
2025-09-14 18:58:46 - [INFO] - [INFO]  Preprocessing completed
2025-09-14 18:58:46 - [INFO] - [INFO]  Loading segmentation model...
2025-09-14 18:58:46 - [INFO] - [INFO]  Loading bone segmentation model...
2025-09-14 18:58:46 - [INFO] - [INFO]  Model path: F:\projek dosen\prototype riset\hotspot-analyzer\models\s...
2025-09-14 18:58:46 - [INFO] - [INFO]  CUDA available: False – using cpu
2025-09-14 18:58:46 - [INFO] - [INFO]  Primary predictor created successfully (Device: cpu)
2025-09-14 18:58:46 - [INFO] - [INFO]  Switching to CPU-only fallback configuration.
2025-09-14 18:58:46 - [INFO] - [INFO]  Initializing model from trained weights on device: cpu...
2025-09-14 18:58:47 - [INFO] - [INFO]  Bone segmentation model loaded successfully
2025-09-14 18:58:47 - [INFO] - [INFO]  Performing bone segmentation inference...
2025-09-14 18:58:47 - [INFO] - [INFO]  Running sliding window inference...
2025-09-14 18:58:47 - [INFO] - [INFO]  Input image shape: (1024, 256)
2025-09-14 18:58:48 - [INFO] - [INFO]  Prediction completed, output shape: (1024, 256)
2025-09-14 18:58:48 - [INFO] - [INFO]  Segmentation completed in 2.07s
2025-09-14 18:58:48 - [INFO] - [INFO]  Output mask shape: (1024, 256)
2025-09-14 18:58:48 - [INFO] - [INFO]  Unique labels found: [0, 1, 2, 3, 4, 5, 6, 7, 8, 9, 10, 11, 12]
2025-09-14 18:58:48 - [INFO] - [INFO]  Converting mask to colored RGB image...
2025-09-14 18:58:48 - [INFO] - [INFO]  RGB conversion completed, shape: (1024, 256, 3)
2025-09-14 18:58:48 - [INFO] - [MEMORY] predict_bone_mask - After: 1517.1 MB (diff: +3.9 MB)
2025-09-14 18:58:48 - [INFO] - [SAFE_INFERENCE] Completed predict_bone_mask
2025-09-14 18:58:48 - [INFO] - [SAFE_INFERENCE] Post-cleanup for predict_bone_mask
2025-09-14 18:58:48 - [INFO] - [CLEANUP] nnUNet cache cleared
2025-09-14 18:58:48 - [INFO] - [CLEANUP] Classification models cleared
2025-09-14 18:58:48 - [INFO] - [CLEANUP] Complete model cleanup finished
2025-09-14 18:58:48 - [INFO] -      Segmentation completed for Anterior
2025-09-14 18:58:48 - [INFO] -        Saved: ant_mask.png, ant_segm.png
2025-09-14 18:58:48 - [INFO] -   >> [2/2] Processing Posterior
2025-09-14 18:58:48 - [INFO] -      Segmenting bone mask...
2025-09-14 18:58:48 - [INFO] - [SAFE_INFERENCE] Running predict_bone_mask
2025-09-14 18:58:48 - [INFO] - [MEMORY] predict_bone_mask - Before: 1514.0 MB
2025-09-14 18:58:48 - [INFO] - [INFO]  Starting bone mask segmentation...
2025-09-14 18:58:48 - [INFO] - [INFO]  Input image shape: (1024, 256), dtype: uint16
2025-09-14 18:58:48 - [INFO] - [INFO]  Preprocessing: resizing to (256, 1024)...
2025-09-14 18:58:48 - [INFO] - [INFO]  Preprocessing completed
2025-09-14 18:58:48 - [INFO] - [INFO]  Loading segmentation model...
2025-09-14 18:58:48 - [INFO] - [INFO]  Loading bone segmentation model...
2025-09-14 18:58:48 - [INFO] - [INFO]  Model path: F:\projek dosen\prototype riset\hotspot-analyzer\models\s...
2025-09-14 18:58:48 - [INFO] - [INFO]  CUDA available: False – using cpu
2025-09-14 18:58:48 - [INFO] - [INFO]  Primary predictor created successfully (Device: cpu)
2025-09-14 18:58:48 - [INFO] - [INFO]  Switching to CPU-only fallback configuration.
2025-09-14 18:58:48 - [INFO] - [INFO]  Initializing model from trained weights on device: cpu...
2025-09-14 18:58:49 - [INFO] - [INFO]  Bone segmentation model loaded successfully
2025-09-14 18:58:49 - [INFO] - [INFO]  Performing bone segmentation inference...
2025-09-14 18:58:49 - [INFO] - [INFO]  Running sliding window inference...
2025-09-14 18:58:49 - [INFO] - [INFO]  Input image shape: (1024, 256)
2025-09-14 18:58:50 - [INFO] - [INFO]  Prediction completed, output shape: (1024, 256)
2025-09-14 18:58:50 - [INFO] - [INFO]  Segmentation completed in 2.14s
2025-09-14 18:58:50 - [INFO] - [INFO]  Output mask shape: (1024, 256)
2025-09-14 18:58:50 - [INFO] - [INFO]  Unique labels found: [0, 1, 2, 3, 4, 6, 7, 8, 9, 10, 11, 12]
2025-09-14 18:58:50 - [INFO] - [INFO]  Returning raw segmentation mask
2025-09-14 18:58:50 - [INFO] - [MEMORY] predict_bone_mask - After: 1514.4 MB (diff: +0.4 MB)
2025-09-14 18:58:50 - [INFO] - [SAFE_INFERENCE] Completed predict_bone_mask
2025-09-14 18:58:50 - [INFO] - [SAFE_INFERENCE] Post-cleanup for predict_bone_mask
2025-09-14 18:58:50 - [INFO] - [CLEANUP] nnUNet cache cleared
2025-09-14 18:58:50 - [INFO] - [CLEANUP] Classification models cleared
2025-09-14 18:58:50 - [INFO] - [CLEANUP] Complete model cleanup finished
2025-09-14 18:58:50 - [INFO] -      Generating colored overlay...
2025-09-14 18:58:50 - [INFO] - [SAFE_INFERENCE] Running predict_bone_mask
2025-09-14 18:58:50 - [INFO] - [MEMORY] predict_bone_mask - Before: 1511.4 MB
2025-09-14 18:58:50 - [INFO] - [INFO]  Starting bone mask segmentation...
2025-09-14 18:58:50 - [INFO] - [INFO]  Input image shape: (1024, 256), dtype: uint16
2025-09-14 18:58:50 - [INFO] - [INFO]  Preprocessing: resizing to (256, 1024)...
2025-09-14 18:58:50 - [INFO] - [INFO]  Preprocessing completed
2025-09-14 18:58:50 - [INFO] - [INFO]  Loading segmentation model...
2025-09-14 18:58:50 - [INFO] - [INFO]  Loading bone segmentation model...
2025-09-14 18:58:50 - [INFO] - [INFO]  Model path: F:\projek dosen\prototype riset\hotspot-analyzer\models\s...
2025-09-14 18:58:50 - [INFO] - [INFO]  CUDA available: False – using cpu
2025-09-14 18:58:50 - [INFO] - [INFO]  Primary predictor created successfully (Device: cpu)
2025-09-14 18:58:50 - [INFO] - [INFO]  Switching to CPU-only fallback configuration.
2025-09-14 18:58:50 - [INFO] - [INFO]  Initializing model from trained weights on device: cpu...
2025-09-14 18:58:52 - [INFO] - [INFO]  Bone segmentation model loaded successfully
2025-09-14 18:58:52 - [INFO] - [INFO]  Performing bone segmentation inference...
2025-09-14 18:58:52 - [INFO] - [INFO]  Running sliding window inference...
2025-09-14 18:58:52 - [INFO] - [INFO]  Input image shape: (1024, 256)
2025-09-14 18:58:52 - [INFO] - [INFO]  Prediction completed, output shape: (1024, 256)
2025-09-14 18:58:52 - [INFO] - [INFO]  Segmentation completed in 2.04s
2025-09-14 18:58:52 - [INFO] - [INFO]  Output mask shape: (1024, 256)
2025-09-14 18:58:52 - [INFO] - [INFO]  Unique labels found: [0, 1, 2, 3, 4, 6, 7, 8, 9, 10, 11, 12]
2025-09-14 18:58:52 - [INFO] - [INFO]  Converting mask to colored RGB image...
2025-09-14 18:58:52 - [INFO] - [INFO]  RGB conversion completed, shape: (1024, 256, 3)
2025-09-14 18:58:52 - [INFO] - [MEMORY] predict_bone_mask - After: 1518.1 MB (diff: +6.7 MB)
2025-09-14 18:58:52 - [INFO] - [SAFE_INFERENCE] Completed predict_bone_mask
2025-09-14 18:58:52 - [INFO] - [SAFE_INFERENCE] Post-cleanup for predict_bone_mask
2025-09-14 18:58:52 - [INFO] - [CLEANUP] nnUNet cache cleared
2025-09-14 18:58:52 - [INFO] - [CLEANUP] Classification models cleared
2025-09-14 18:58:53 - [INFO] - [CLEANUP] Complete model cleanup finished
2025-09-14 18:58:53 - [INFO] -      Segmentation completed for Posterior
2025-09-14 18:58:53 - [INFO] -        Saved: post_mask.png, post_segm.png
2025-09-14 18:58:53 - [INFO] -   >> Running YOLO hotspot detection...
2025-09-14 18:58:53 - [INFO] - [SAFE_INFERENCE] Running run_yolo_detection_wrapper
2025-09-14 18:58:53 - [INFO] - [MEMORY] run_yolo_detection_wrapper - Before: 1514.0 MB
2025-09-14 18:58:53 - [INFO] - [YOLO WRAPPER] Starting YOLO detection for 109
2025-09-14 18:58:53 - [INFO] - [YOLO WRAPPER] Model path: F:\projek dosen\prototype riset\hotspot-analyzer\models\hotspot_detection\models\model_detection_hs_yolov8.pt
2025-09-14 18:58:53 - [INFO] - [YOLO WRAPPER] DICOM path: F:\projek dosen\prototype riset\hotspot-analyzer\data\PLANAR\HAHH\109\20250628\109.dcm
2025-09-14 18:58:53 - [INFO] - [SAFE_INFERENCE] Running run_yolo_detection_for_patient
2025-09-14 18:58:53 - [INFO] - [MEMORY] run_yolo_detection_for_patient - Before: 1514.0 MB
2025-09-14 18:58:53 - [INFO] - [YOLO WRAPPER] Starting detection for patient 109
2025-09-14 18:58:53 - [INFO] - [YOLO WRAPPER] DICOM file: F:\projek dosen\prototype riset\hotspot-analyzer\data\PLANAR\HAHH\109\20250628\109.dcm
2025-09-14 18:58:53 - [INFO] - [YOLO] FORCING model load - application requires YOLO functionality
2025-09-14 18:58:53 - [INFO] - [YOLO WRAPPER] Extracted session from path: HAHH
2025-09-14 18:58:53 - [INFO] - [DETECTION] Processing DICOM: F:\projek dosen\prototype riset\hotspot-analyzer\data\PLANAR\HAHH\109\20250628\109.dcm
2025-09-14 18:58:53 - [INFO] - [DETECTION] FORCED YOLO execution - application requires this functionality
2025-09-14 18:58:53 - [INFO] - [DETECTION] Patient: 109, Session: HAHH, Study Date: 20250628
2025-09-14 18:58:53 - [INFO] - [DETECTION] Loaded 2 frames: ['anterior', 'posterior']
2025-09-14 18:58:53 - [INFO] - [DETECTION] Processing view: anterior -> anterior
2025-09-14 18:58:53 - [INFO] - [HOTSPOT FILES] Final selection for ant:
2025-09-14 18:58:53 - [INFO] - [HOTSPOT FILES]   yolo_xml: F:\projek dosen\prototype riset\hotspot-analyzer\data\PLANAR\HAHH\109\20250628\ant_hotspot_yolo.xml (exists: False, type: original)
2025-09-14 18:58:53 - [INFO] - [HOTSPOT FILES]   otsu_colored: F:\projek dosen\prototype riset\hotspot-analyzer\data\PLANAR\HAHH\109\20250628\ant_hotspot_otsu_colored.png (exists: False, type: original)
2025-09-14 18:58:53 - [INFO] - [HOTSPOT FILES]   otsu_colored_blend: F:\projek dosen\prototype riset\hotspot-analyzer\data\PLANAR\HAHH\109\20250628\ant_hotspot_otsu_colored_blend.png (exists: False, type: original)
2025-09-14 18:58:53 - [INFO] - [HOTSPOT FILES]   otsu_grayscale: F:\projek dosen\prototype riset\hotspot-analyzer\data\PLANAR\HAHH\109\20250628\ant_hotspot_otsu_grayscale.png (exists: False, type: original)
2025-09-14 18:58:53 - [INFO] - [HOTSPOT FILES]   classification_xml: F:\projek dosen\prototype riset\hotspot-analyzer\data\PLANAR\HAHH\109\20250628\ant_hotspot_classification.xml (exists: False, type: original)
2025-09-14 18:58:53 - [INFO] - [HOTSPOT FILES]   classification_png: F:\projek dosen\prototype riset\hotspot-analyzer\data\PLANAR\HAHH\109\20250628\ant_hotspot_classification.png (exists: False, type: original)
2025-09-14 18:58:53 - [INFO] - [DETECTION] Running YOLO on anterior view...
2025-09-14 18:58:53 - [INFO] - [YOLO] FORCING model load - application critical functionality
2025-09-14 18:58:53 - [INFO] - [YOLO] Loading model on-demand (FORCED, thread-safe)...
2025-09-14 18:58:53 - [INFO] - [YOLO] FORCING model initialization - critical for application
2025-09-14 18:58:53 - [INFO] - [YOLO] Attempting to load model from: F:\projek dosen\prototype riset\hotspot-analyzer\models\hotspot_detection\models\model_detection_hs_yolov8.pt
2025-09-14 18:58:53 - [INFO] - [YOLO] Model loaded successfully (FORCED CPU mode)
2025-09-14 18:58:53 - [INFO] - [DETECTION] Found 2 hotspots in anterior
2025-09-14 18:58:53 - [INFO] - [XML] Saved detection XML to: F:\projek dosen\prototype riset\hotspot-analyzer\data\PLANAR\HAHH\109\20250628\ant_hotspot_yolo.xml
2025-09-14 18:58:53 - [INFO] - [DETECTION] Processing view: posterior -> posterior
2025-09-14 18:58:53 - [INFO] - [HOTSPOT FILES] Final selection for post:
2025-09-14 18:58:53 - [INFO] - [HOTSPOT FILES]   yolo_xml: F:\projek dosen\prototype riset\hotspot-analyzer\data\PLANAR\HAHH\109\20250628\post_hotspot_yolo.xml (exists: False, type: original)
2025-09-14 18:58:53 - [INFO] - [HOTSPOT FILES]   otsu_colored: F:\projek dosen\prototype riset\hotspot-analyzer\data\PLANAR\HAHH\109\20250628\post_hotspot_otsu_colored.png (exists: False, type: original)
2025-09-14 18:58:53 - [INFO] - [HOTSPOT FILES]   otsu_colored_blend: F:\projek dosen\prototype riset\hotspot-analyzer\data\PLANAR\HAHH\109\20250628\post_hotspot_otsu_colored_blend.png (exists: False, type: original)
2025-09-14 18:58:53 - [INFO] - [HOTSPOT FILES]   otsu_grayscale: F:\projek dosen\prototype riset\hotspot-analyzer\data\PLANAR\HAHH\109\20250628\post_hotspot_otsu_grayscale.png (exists: False, type: original)
2025-09-14 18:58:53 - [INFO] - [HOTSPOT FILES]   classification_xml: F:\projek dosen\prototype riset\hotspot-analyzer\data\PLANAR\HAHH\109\20250628\post_hotspot_classification.xml (exists: False, type: original)
2025-09-14 18:58:53 - [INFO] - [HOTSPOT FILES]   classification_png: F:\projek dosen\prototype riset\hotspot-analyzer\data\PLANAR\HAHH\109\20250628\post_hotspot_classification.png (exists: False, type: original)
2025-09-14 18:58:53 - [INFO] - [DETECTION] Running YOLO on posterior view...
2025-09-14 18:58:53 - [INFO] - [DETECTION] No detections found, creating empty XML for pipeline continuity
2025-09-14 18:58:53 - [INFO] - [DETECTION] No hotspots detected in posterior
2025-09-14 18:58:53 - [INFO] - [XML] Saved detection XML to: F:\projek dosen\prototype riset\hotspot-analyzer\data\PLANAR\HAHH\109\20250628\post_hotspot_yolo.xml
2025-09-14 18:58:53 - [INFO] - [YOLO WRAPPER] Detection completed:
2025-09-14 18:58:53 - [INFO] -   Anterior: ✓
2025-09-14 18:58:53 - [INFO] -   Posterior: ✓
2025-09-14 18:58:53 - [INFO] - [MEMORY] run_yolo_detection_for_patient - After: 1519.1 MB (diff: +5.1 MB)
2025-09-14 18:58:53 - [INFO] - [SAFE_INFERENCE] Completed run_yolo_detection_for_patient
2025-09-14 18:58:53 - [INFO] - [SAFE_INFERENCE] Post-cleanup for run_yolo_detection_for_patient
2025-09-14 18:58:53 - [INFO] - [CLEANUP] YOLO model cleared
2025-09-14 18:58:53 - [INFO] - [CLEANUP] nnUNet cache cleared
2025-09-14 18:58:53 - [INFO] - [CLEANUP] Classification models cleared
2025-09-14 18:58:53 - [INFO] - [CLEANUP] Complete model cleanup finished
2025-09-14 18:58:53 - [INFO] - [YOLO WRAPPER] Detection completed with results: {'anterior': True, 'posterior': True}
2025-09-14 18:58:53 - [INFO] - [MEMORY] run_yolo_detection_wrapper - After: 1519.1 MB (diff: +5.1 MB)
2025-09-14 18:58:53 - [INFO] - [SAFE_INFERENCE] Completed run_yolo_detection_wrapper
2025-09-14 18:58:53 - [INFO] - [SAFE_INFERENCE] Post-cleanup for run_yolo_detection_wrapper
2025-09-14 18:58:53 - [INFO] - [CLEANUP] nnUNet cache cleared
2025-09-14 18:58:53 - [INFO] - [CLEANUP] Classification models cleared
2025-09-14 18:58:53 - [INFO] - [CLEANUP] Complete model cleanup finished
2025-09-14 18:58:53 - [INFO] -      YOLO detection completed - XML files created
2025-09-14 18:58:53 - [INFO] -   >> Running Otsu hotspot processing...
2025-09-14 18:58:53 - [INFO] - [SAFE_INFERENCE] Running run_hotspot_processing_in_process
2025-09-14 18:58:53 - [INFO] - [MEMORY] run_hotspot_processing_in_process - Before: 1519.1 MB
2025-09-14 18:58:53 - [INFO] - --- MENJALANKAN FUNGSI HOTSPOT DENGAN LOGIKA PENYIMPANAN FILE ---
2025-09-14 18:58:53 - [INFO] - [SESSION] Found session code from config: HAHH
2025-09-14 18:58:53 - [INFO] - [DEBUG] Using session: HAHH, patient: 109, study_date: 20250628
2025-09-14 18:58:53 - [INFO] - [DEBUG] Expected patient folder: F:\projek dosen\prototype riset\hotspot-analyzer\data\PLANAR\HAHH\109\20250628
2025-09-14 18:58:53 - [INFO] - 
  [DEBUG PRIORITY GANTENG] ===================
2025-09-14 18:58:53 - [INFO] -   [DEBUG PRIORITY] Looking for: ant_hotspot_classification.png
2025-09-14 18:58:53 - [INFO] -   [DEBUG PRIORITY] In path: F:\projek dosen\prototype riset\hotspot-analyzer\data\PLANAR\HAHH\109\20250628
2025-09-14 18:58:53 - [INFO] -   [DEBUG PRIORITY] Session code: None
2025-09-14 18:58:53 - [INFO] -   [DEBUG PRIORITY] Original file: F:\projek dosen\prototype riset\hotspot-analyzer\data\PLANAR\HAHH\109\20250628\ant_hotspot_classification.png
2025-09-14 18:58:53 - [INFO] -   [DEBUG PRIORITY] Original exists: False
2025-09-14 18:58:53 - [INFO] -   [DEBUG PRIORITY] File is editable, checking for timestamp version...
2025-09-14 18:58:53 - [INFO] - 
  [DEBUG TIMESTAMP GANTENG] ===================
2025-09-14 18:58:53 - [INFO] -   [DEBUG TIMESTAMP] Looking for: ant_hotspot_classification.png
2025-09-14 18:58:53 - [INFO] -   [DEBUG TIMESTAMP] In folder: F:\projek dosen\prototype riset\hotspot-analyzer\data\PLANAR\HAHH\109\20250628
2025-09-14 18:58:53 - [INFO] -   [DEBUG TIMESTAMP] Session code: None
2025-09-14 18:58:53 - [INFO] -   [DEBUG TIMESTAMP] Is editable: True
2025-09-14 18:58:53 - [INFO] -   [DEBUG TIMESTAMP] Folder contents:
2025-09-14 18:58:53 - [INFO] -   [DEBUG TIMESTAMP]   FILE: 109.dcm
2025-09-14 18:58:53 - [INFO] -   [DEBUG TIMESTAMP]   FILE: ant_hotspot_yolo.xml
2025-09-14 18:58:53 - [INFO] -   [DEBUG TIMESTAMP]   FILE: ant_mask.png
2025-09-14 18:58:53 - [INFO] -   [DEBUG TIMESTAMP]   FILE: ant_original.png
2025-09-14 18:58:53 - [INFO] -   [DEBUG TIMESTAMP]   FILE: ant_segm.png
2025-09-14 18:58:53 - [INFO] -   [DEBUG TIMESTAMP]   FILE: post_hotspot_yolo.xml
2025-09-14 18:58:53 - [INFO] -   [DEBUG TIMESTAMP]   FILE: post_mask.png
2025-09-14 18:58:53 - [INFO] -   [DEBUG TIMESTAMP]   FILE: post_original.png
2025-09-14 18:58:53 - [INFO] -   [DEBUG TIMESTAMP]   FILE: post_segm.png
2025-09-14 18:58:53 - [INFO] -   [DEBUG TIMESTAMP] Running get_latest_timestamp_file...
2025-09-14 18:58:53 - [INFO] -   [DEBUG TIMESTAMP] Result: None
2025-09-14 18:58:53 - [INFO] -   [DEBUG PRIORITY]  No edited version found
2025-09-14 18:58:53 - [INFO] -   [DEBUG PRIORITY]  No file found at all
2025-09-14 18:58:53 - [INFO] - [PRIORITY] Using original PNG: F:\projek dosen\prototype riset\hotspot-analyzer\data\PLANAR\HAHH\109\20250628\ant_hotspot_classification.png
2025-09-14 18:58:53 - [INFO] - [HOTSPOT FILES] Final selection for ant:
2025-09-14 18:58:53 - [INFO] - [HOTSPOT FILES]   yolo_xml: F:\projek dosen\prototype riset\hotspot-analyzer\data\PLANAR\HAHH\109\20250628\ant_hotspot_yolo.xml (exists: True, type: original)
2025-09-14 18:58:53 - [INFO] - [HOTSPOT FILES]   otsu_colored: F:\projek dosen\prototype riset\hotspot-analyzer\data\PLANAR\HAHH\109\20250628\ant_hotspot_otsu_colored.png (exists: False, type: original)
2025-09-14 18:58:53 - [INFO] - [HOTSPOT FILES]   otsu_colored_blend: F:\projek dosen\prototype riset\hotspot-analyzer\data\PLANAR\HAHH\109\20250628\ant_hotspot_otsu_colored_blend.png (exists: False, type: original)
2025-09-14 18:58:53 - [INFO] - [HOTSPOT FILES]   otsu_grayscale: F:\projek dosen\prototype riset\hotspot-analyzer\data\PLANAR\HAHH\109\20250628\ant_hotspot_otsu_grayscale.png (exists: False, type: original)
2025-09-14 18:58:53 - [INFO] - [HOTSPOT FILES]   classification_xml: F:\projek dosen\prototype riset\hotspot-analyzer\data\PLANAR\HAHH\109\20250628\ant_hotspot_classification.xml (exists: False, type: original)
2025-09-14 18:58:53 - [INFO] - [HOTSPOT FILES]   classification_png: F:\projek dosen\prototype riset\hotspot-analyzer\data\PLANAR\HAHH\109\20250628\ant_hotspot_classification.png (exists: False, type: original)
2025-09-14 18:58:53 - [INFO] - 
  [DEBUG PRIORITY GANTENG] ===================
2025-09-14 18:58:53 - [INFO] -   [DEBUG PRIORITY] Looking for: post_hotspot_classification.png
2025-09-14 18:58:53 - [INFO] -   [DEBUG PRIORITY] In path: F:\projek dosen\prototype riset\hotspot-analyzer\data\PLANAR\HAHH\109\20250628
2025-09-14 18:58:53 - [INFO] -   [DEBUG PRIORITY] Session code: None
2025-09-14 18:58:53 - [INFO] -   [DEBUG PRIORITY] Original file: F:\projek dosen\prototype riset\hotspot-analyzer\data\PLANAR\HAHH\109\20250628\post_hotspot_classification.png
2025-09-14 18:58:53 - [INFO] -   [DEBUG PRIORITY] Original exists: False
2025-09-14 18:58:53 - [INFO] -   [DEBUG PRIORITY] File is editable, checking for timestamp version...
2025-09-14 18:58:53 - [INFO] - 
  [DEBUG TIMESTAMP GANTENG] ===================
2025-09-14 18:58:53 - [INFO] -   [DEBUG TIMESTAMP] Looking for: post_hotspot_classification.png
2025-09-14 18:58:53 - [INFO] -   [DEBUG TIMESTAMP] In folder: F:\projek dosen\prototype riset\hotspot-analyzer\data\PLANAR\HAHH\109\20250628
2025-09-14 18:58:53 - [INFO] -   [DEBUG TIMESTAMP] Session code: None
2025-09-14 18:58:53 - [INFO] -   [DEBUG TIMESTAMP] Is editable: True
2025-09-14 18:58:53 - [INFO] -   [DEBUG TIMESTAMP] Folder contents:
2025-09-14 18:58:53 - [INFO] -   [DEBUG TIMESTAMP]   FILE: 109.dcm
2025-09-14 18:58:53 - [INFO] -   [DEBUG TIMESTAMP]   FILE: ant_hotspot_yolo.xml
2025-09-14 18:58:53 - [INFO] -   [DEBUG TIMESTAMP]   FILE: ant_mask.png
2025-09-14 18:58:53 - [INFO] -   [DEBUG TIMESTAMP]   FILE: ant_original.png
2025-09-14 18:58:53 - [INFO] -   [DEBUG TIMESTAMP]   FILE: ant_segm.png
2025-09-14 18:58:53 - [INFO] -   [DEBUG TIMESTAMP]   FILE: post_hotspot_yolo.xml
2025-09-14 18:58:53 - [INFO] -   [DEBUG TIMESTAMP]   FILE: post_mask.png
2025-09-14 18:58:53 - [INFO] -   [DEBUG TIMESTAMP]   FILE: post_original.png
2025-09-14 18:58:53 - [INFO] -   [DEBUG TIMESTAMP]   FILE: post_segm.png
2025-09-14 18:58:53 - [INFO] -   [DEBUG TIMESTAMP] Running get_latest_timestamp_file...
2025-09-14 18:58:53 - [INFO] -   [DEBUG TIMESTAMP] Result: None
2025-09-14 18:58:53 - [INFO] -   [DEBUG PRIORITY]  No edited version found
2025-09-14 18:58:53 - [INFO] -   [DEBUG PRIORITY]  No file found at all
2025-09-14 18:58:53 - [INFO] - [PRIORITY] Using original PNG: F:\projek dosen\prototype riset\hotspot-analyzer\data\PLANAR\HAHH\109\20250628\post_hotspot_classification.png
2025-09-14 18:58:53 - [INFO] - [HOTSPOT FILES] Final selection for post:
2025-09-14 18:58:53 - [INFO] - [HOTSPOT FILES]   yolo_xml: F:\projek dosen\prototype riset\hotspot-analyzer\data\PLANAR\HAHH\109\20250628\post_hotspot_yolo.xml (exists: True, type: original)
2025-09-14 18:58:53 - [INFO] - [HOTSPOT FILES]   otsu_colored: F:\projek dosen\prototype riset\hotspot-analyzer\data\PLANAR\HAHH\109\20250628\post_hotspot_otsu_colored.png (exists: False, type: original)
2025-09-14 18:58:53 - [INFO] - [HOTSPOT FILES]   otsu_colored_blend: F:\projek dosen\prototype riset\hotspot-analyzer\data\PLANAR\HAHH\109\20250628\post_hotspot_otsu_colored_blend.png (exists: False, type: original)
2025-09-14 18:58:53 - [INFO] - [HOTSPOT FILES]   otsu_grayscale: F:\projek dosen\prototype riset\hotspot-analyzer\data\PLANAR\HAHH\109\20250628\post_hotspot_otsu_grayscale.png (exists: False, type: original)
2025-09-14 18:58:53 - [INFO] - [HOTSPOT FILES]   classification_xml: F:\projek dosen\prototype riset\hotspot-analyzer\data\PLANAR\HAHH\109\20250628\post_hotspot_classification.xml (exists: False, type: original)
2025-09-14 18:58:53 - [INFO] - [HOTSPOT FILES]   classification_png: F:\projek dosen\prototype riset\hotspot-analyzer\data\PLANAR\HAHH\109\20250628\post_hotspot_classification.png (exists: False, type: original)
2025-09-14 18:58:53 - [INFO] - [DEBUG] Processing anterior with XML: F:\projek dosen\prototype riset\hotspot-analyzer\data\PLANAR\HAHH\109\20250628\ant_hotspot_yolo.xml
2025-09-14 18:58:53 - [INFO] - [DEBUG] Processing frame with study_date: 20250628
2025-09-14 18:58:53 - [INFO] - [SESSION] Found session code from config: HAHH
2025-09-14 18:58:53 - [DEBUG] - STREAM b'IHDR' 16 13
2025-09-14 18:58:53 - [DEBUG] - STREAM b'IDAT' 41 64531
2025-09-14 18:58:53 - [DEBUG] - STREAM b'IHDR' 16 13
2025-09-14 18:58:53 - [DEBUG] - STREAM b'IDAT' 41 64531
2025-09-14 18:58:53 - [DEBUG] - STREAM b'IHDR' 16 13
2025-09-14 18:58:53 - [DEBUG] - STREAM b'IDAT' 41 64531
2025-09-14 18:58:53 - [INFO] - [HOTSPOT FILES] Final selection for ant:
2025-09-14 18:58:53 - [INFO] - [HOTSPOT FILES]   yolo_xml: F:\projek dosen\prototype riset\hotspot-analyzer\data\PLANAR\HAHH\109\20250628\ant_hotspot_yolo.xml (exists: True, type: original)
2025-09-14 18:58:53 - [INFO] - [HOTSPOT FILES]   otsu_colored: F:\projek dosen\prototype riset\hotspot-analyzer\data\PLANAR\HAHH\109\20250628\ant_hotspot_otsu_colored.png (exists: False, type: original)
2025-09-14 18:58:53 - [INFO] - [HOTSPOT FILES]   otsu_colored_blend: F:\projek dosen\prototype riset\hotspot-analyzer\data\PLANAR\HAHH\109\20250628\ant_hotspot_otsu_colored_blend.png (exists: False, type: original)
2025-09-14 18:58:53 - [INFO] - [HOTSPOT FILES]   otsu_grayscale: F:\projek dosen\prototype riset\hotspot-analyzer\data\PLANAR\HAHH\109\20250628\ant_hotspot_otsu_grayscale.png (exists: False, type: original)
2025-09-14 18:58:53 - [INFO] - [HOTSPOT FILES]   classification_xml: F:\projek dosen\prototype riset\hotspot-analyzer\data\PLANAR\HAHH\109\20250628\ant_hotspot_classification.xml (exists: False, type: original)
2025-09-14 18:58:53 - [INFO] - [HOTSPOT FILES]   classification_png: F:\projek dosen\prototype riset\hotspot-analyzer\data\PLANAR\HAHH\109\20250628\ant_hotspot_classification.png (exists: False, type: original)
2025-09-14 18:58:53 - [INFO] - Blended hotspot image saved: F:\projek dosen\prototype riset\hotspot-analyzer\data\PLANAR\HAHH\109\20250628\ant_hotspot_otsu_colored_blend.png
2025-09-14 18:58:53 - [INFO] - Pure hotspot image saved: F:\projek dosen\prototype riset\hotspot-analyzer\data\PLANAR\HAHH\109\20250628\ant_hotspot_otsu_colored.png
2025-09-14 18:58:53 - [INFO] - Hotspot mask saved: F:\projek dosen\prototype riset\hotspot-analyzer\data\PLANAR\HAHH\109\20250628\ant_hotspot_otsu_grayscale.png
2025-09-14 18:58:53 - [INFO] - [PROCESS] Anterior hotspot processing completed
2025-09-14 18:58:53 - [INFO] - [DEBUG] Processing posterior with XML: F:\projek dosen\prototype riset\hotspot-analyzer\data\PLANAR\HAHH\109\20250628\post_hotspot_yolo.xml
2025-09-14 18:58:53 - [INFO] - [PROCESS] Posterior processing failed, using original frame
2025-09-14 18:58:53 - [INFO] - [PROCESS] Hotspot processing completed for 109.dcm
2025-09-14 18:58:53 - [INFO] - [MEMORY] run_hotspot_processing_in_process - After: 1525.7 MB (diff: +6.5 MB)
2025-09-14 18:58:53 - [INFO] - [SAFE_INFERENCE] Completed run_hotspot_processing_in_process
2025-09-14 18:58:53 - [INFO] - [SAFE_INFERENCE] Post-cleanup for run_hotspot_processing_in_process
2025-09-14 18:58:53 - [INFO] - [CLEANUP] nnUNet cache cleared
2025-09-14 18:58:53 - [INFO] - [CLEANUP] Classification models cleared
2025-09-14 18:58:53 - [INFO] - [CLEANUP] Complete model cleanup finished
2025-09-14 18:58:53 - [INFO] -      Otsu processing completed - hotspot PNG files created
2025-09-14 18:58:53 - [INFO] -   >> Running hotspot classification inference...
2025-09-14 18:58:53 - [INFO] - [HOTSPOT FILES] Final selection for ant:
2025-09-14 18:58:53 - [INFO] - [HOTSPOT FILES]   yolo_xml: F:\projek dosen\prototype riset\hotspot-analyzer\data\PLANAR\HAHH\109\20250628\ant_hotspot_yolo.xml (exists: True, type: original)
2025-09-14 18:58:53 - [INFO] - [HOTSPOT FILES]   otsu_colored: F:\projek dosen\prototype riset\hotspot-analyzer\data\PLANAR\HAHH\109\20250628\ant_hotspot_otsu_colored.png (exists: True, type: original)
2025-09-14 18:58:53 - [INFO] - [HOTSPOT FILES]   otsu_colored_blend: F:\projek dosen\prototype riset\hotspot-analyzer\data\PLANAR\HAHH\109\20250628\ant_hotspot_otsu_colored_blend.png (exists: True, type: original)
2025-09-14 18:58:53 - [INFO] - [HOTSPOT FILES]   otsu_grayscale: F:\projek dosen\prototype riset\hotspot-analyzer\data\PLANAR\HAHH\109\20250628\ant_hotspot_otsu_grayscale.png (exists: True, type: original)
2025-09-14 18:58:53 - [INFO] - [HOTSPOT FILES]   classification_xml: F:\projek dosen\prototype riset\hotspot-analyzer\data\PLANAR\HAHH\109\20250628\ant_hotspot_classification.xml (exists: False, type: original)
2025-09-14 18:58:53 - [INFO] - [HOTSPOT FILES]   classification_png: F:\projek dosen\prototype riset\hotspot-analyzer\data\PLANAR\HAHH\109\20250628\ant_hotspot_classification.png (exists: False, type: original)
2025-09-14 18:58:53 - [INFO] - [HOTSPOT FILES] Final selection for post:
2025-09-14 18:58:53 - [INFO] - [HOTSPOT FILES]   yolo_xml: F:\projek dosen\prototype riset\hotspot-analyzer\data\PLANAR\HAHH\109\20250628\post_hotspot_yolo.xml (exists: True, type: original)
2025-09-14 18:58:53 - [INFO] - [HOTSPOT FILES]   otsu_colored: F:\projek dosen\prototype riset\hotspot-analyzer\data\PLANAR\HAHH\109\20250628\post_hotspot_otsu_colored.png (exists: False, type: original)
2025-09-14 18:58:53 - [INFO] - [HOTSPOT FILES]   otsu_colored_blend: F:\projek dosen\prototype riset\hotspot-analyzer\data\PLANAR\HAHH\109\20250628\post_hotspot_otsu_colored_blend.png (exists: False, type: original)
2025-09-14 18:58:53 - [INFO] - [HOTSPOT FILES]   otsu_grayscale: F:\projek dosen\prototype riset\hotspot-analyzer\data\PLANAR\HAHH\109\20250628\post_hotspot_otsu_grayscale.png (exists: False, type: original)
2025-09-14 18:58:53 - [INFO] - [HOTSPOT FILES]   classification_xml: F:\projek dosen\prototype riset\hotspot-analyzer\data\PLANAR\HAHH\109\20250628\post_hotspot_classification.xml (exists: False, type: original)
2025-09-14 18:58:53 - [INFO] - [HOTSPOT FILES]   classification_png: F:\projek dosen\prototype riset\hotspot-analyzer\data\PLANAR\HAHH\109\20250628\post_hotspot_classification.png (exists: False, type: original)
2025-09-14 18:58:53 - [INFO] -      Mapped: ant_original.png -> 109_20250628_anterior_original.png
2025-09-14 18:58:53 - [INFO] -      Mapped: post_original.png -> 109_20250628_posterior_original.png
2025-09-14 18:58:53 - [INFO] -      Mapped: ant_segm.png -> 109_20250628_anterior_colored.png
2025-09-14 18:58:53 - [INFO] -      Mapped: post_segm.png -> 109_20250628_posterior_colored.png
2025-09-14 18:58:53 - [INFO] -      Mapped: ant_hotspot_otsu_grayscale.png -> 109_20250628_ant_hotspot_mask.png
2025-09-14 18:58:53 - [INFO] -      Missing: F:\projek dosen\prototype riset\hotspot-analyzer\data\PLANAR\HAHH\109\20250628\post_hotspot_otsu_grayscale.png -> 109_20250628_post_hotspot_mask.png
2025-09-14 18:58:53 - [INFO] -      Mapped: ant_hotspot_yolo.xml -> 109_20250628_ant.xml
2025-09-14 18:58:53 - [INFO] -      Mapped: post_hotspot_yolo.xml -> 109_20250628_post.xml
2025-09-14 18:58:53 - [INFO] -      Successfully mapped 7 files for classification
2025-09-14 18:58:53 - [INFO] -      Running classification in temp directory: F:\projek dosen\prototype riset\hotspot-analyzer\data\PLANAR\HAHH\109\20250628\temp_classification
2025-09-14 18:58:53 - [INFO] - [SAFE_INFERENCE] Running run_classification_for_patient
2025-09-14 18:58:53 - [INFO] - [MEMORY] run_classification_for_patient - Before: 1525.7 MB
2025-09-14 18:58:53 - [INFO] - [CLASSIFICATION] Starting classification for patient 109
2025-09-14 18:58:53 - [INFO] - [SESSION] Found session code from config: HAHH
2025-09-14 18:58:53 - [INFO] - [CLASSIFICATION] Using session: HAHH
2025-09-14 18:58:53 - [INFO] -      Starting classification for patient 109
2025-09-14 18:58:53 - [INFO] -      Study date: 20250628
2025-09-14 18:58:53 - [INFO] -      Session: 109
2025-09-14 18:58:53 - [INFO] -      Grayscale conversion: Enabled
2025-09-14 18:58:53 - [INFO] -      Processing anterior view with grayscale conversion...
2025-09-14 18:58:53 - [INFO] -        Found raw_original: 109_20250628_anterior_original.png
2025-09-14 18:58:53 - [INFO] -        Found region_mask: 109_20250628_anterior_colored.png
2025-09-14 18:58:53 - [INFO] -        Found hotspot_mask: 109_20250628_ant_hotspot_mask.png
2025-09-14 18:58:53 - [INFO] -        Found xml_file: 109_20250628_ant.xml
2025-09-14 18:58:53 - [INFO] - [DEBUG] Starting classification inference with automatic conversion
2025-09-14 18:58:53 - [INFO] - [DEBUG] Raw PNG path: 109_20250628_anterior_original.png
2025-09-14 18:58:53 - [INFO] - [DEBUG] Segment path: 109_20250628_anterior_colored.png
2025-09-14 18:58:53 - [INFO] - [DEBUG] Hotspot path: 109_20250628_ant_hotspot_mask.png
2025-09-14 18:58:53 - [INFO] - [DEBUG] XML path: 109_20250628_ant.xml
2025-09-14 18:58:53 - [INFO] - [DEBUG] Raw PNG file exists: 64588 bytes
2025-09-14 18:58:53 - [INFO] - [DEBUG] Segment file exists: 6524 bytes
2025-09-14 18:58:53 - [INFO] - [DEBUG] Hotspot file exists: 482 bytes
2025-09-14 18:58:53 - [INFO] - [DEBUG] XML file exists: 982 bytes
2025-09-14 18:58:53 - [INFO] - [DEBUG] Python path setup completed
2025-09-14 18:58:53 - [INFO] - [DEBUG] Module imported successfully
2025-09-14 18:58:53 - [INFO] - [DEBUG] Model paths updated
2025-09-14 18:58:53 - [INFO] - [DEBUG] Models loaded successfully
2025-09-14 18:58:53 - [INFO] - [DEBUG] Loaded 2 bounding boxes from XML
2025-09-14 18:58:53 - [INFO] - [DEBUG] Bbox 0: {'label': 'Normal', 'bbox': [222, 332, 234, 347], 'xmin': 222, 'ymin': 332, 'xmax': 234, 'ymax': 347}
2025-09-14 18:58:53 - [INFO] - [DEBUG] Bbox 1: {'label': 'Normal', 'bbox': [116, 520, 129, 542], 'xmin': 116, 'ymin': 520, 'xmax': 129, 'ymax': 542}
2025-09-14 18:58:53 - [INFO] - [DEBUG] Image loading test:
2025-09-14 18:58:53 - [INFO] -   Raw: (1024, 256, 1)
2025-09-14 18:58:53 - [INFO] -   Segment: (1024, 256, 3) (colored: True)
2025-09-14 18:58:53 - [INFO] -   Hotspot: (1024, 256, 1)
2025-09-14 18:58:53 - [INFO] - [DEBUG] Starting inference_classification with automatic colored-to-grayscale conversion...
2025-09-14 18:58:53 - [INFO] - [DEBUG] Conversion will create: 109_20250628_anterior_colored_grayscaledSegmentation.png if needed
2025-09-14 18:58:53 - [INFO] - [INFERENCE DEBUG] Starting inference with automatic conversion
2025-09-14 18:58:53 - [INFO] - [INFERENCE DEBUG] Input paths:
2025-09-14 18:58:53 - [INFO] -   Raw: 109_20250628_anterior_original.png
2025-09-14 18:58:53 - [INFO] -   Segment: 109_20250628_anterior_colored.png
2025-09-14 18:58:53 - [INFO] -   Hotspot: 109_20250628_ant_hotspot_mask.png
2025-09-14 18:58:53 - [INFO] -   XML: 2
2025-09-14 18:58:53 - [INFO] - [DEBUG] Checking segmentation: 109_20250628_anterior_colored.png
2025-09-14 18:58:53 - [INFO] - [DEBUG] Detected colored segmentation, converting to grayscale...
2025-09-14 18:58:53 - [INFO] - [DEBUG] Converting colored to grayscale and saving...
2025-09-14 18:58:53 - [DEBUG] - STREAM b'IHDR' 16 13
2025-09-14 18:58:53 - [DEBUG] - STREAM b'IDAT' 41 6467
2025-09-14 18:58:54 - [INFO] - [DEBUG] Saved grayscale segmentation: 109_20250628_anterior_colored_grayscaledSegmentation.png
2025-09-14 18:58:54 - [INFO] - [INFERENCE DEBUG] Using segmentation: 109_20250628_anterior_colored_grayscaledSegmentation.png
2025-09-14 18:58:54 - [INFO] - [INFERENCE DEBUG] Images loaded:
2025-09-14 18:58:54 - [INFO] -   Raw: (1024, 256)
2025-09-14 18:58:54 - [INFO] -   Segment: (1024, 256)
2025-09-14 18:58:54 - [INFO] -   Hotspot: (1024, 256)
2025-09-14 18:58:54 - [INFO] - [INFERENCE DEBUG] Loaded 2 bounding boxes
2025-09-14 18:58:54 - [INFO] - [INFERENCE DEBUG] Processing bbox 0: {'label': 'Normal', 'bbox': [222, 332, 234, 347], 'xmin': 222, 'ymin': 332, 'xmax': 234, 'ymax': 347}
2025-09-14 18:58:54 - [INFO] - [SEGMENT MAPPING] ID 0 → background
2025-09-14 18:58:54 - [INFO] - [INFERENCE DEBUG] Feature extraction failed for bbox 0
2025-09-14 18:58:54 - [INFO] - [INFERENCE DEBUG] Processing bbox 1: {'label': 'Normal', 'bbox': [116, 520, 129, 542], 'xmin': 116, 'ymin': 520, 'xmax': 129, 'ymax': 542}
2025-09-14 18:58:54 - [INFO] - [SEGMENT MAPPING] ID 0 → background
2025-09-14 18:58:54 - [INFO] - [INFERENCE DEBUG] Feature extraction failed for bbox 1
2025-09-14 18:58:54 - [INFO] - [INFERENCE DEBUG] No valid features extracted
2025-09-14 18:58:54 - [INFO] - [DEBUG] Classification completed
2025-09-14 18:58:54 - [INFO] - [DEBUG] Result list length: 0
2025-09-14 18:58:54 - [INFO] - [DEBUG] Result mask shape: None
2025-09-14 18:58:54 - [INFO] -      Anterior classification failed
2025-09-14 18:58:54 - [INFO] -      Processing posterior view with grayscale conversion...
2025-09-14 18:58:54 - [INFO] -        Found raw_original: 109_20250628_posterior_original.png
2025-09-14 18:58:54 - [INFO] -        Found region_mask: 109_20250628_posterior_colored.png
2025-09-14 18:58:54 - [INFO] -        Found xml_file: 109_20250628_post.xml
2025-09-14 18:58:54 - [INFO] -      Missing files for posterior: hotspot_mask (109_20250628_post_hotspot_mask.png)
2025-09-14 18:58:54 - [INFO] -      Classification failed for all views
2025-09-14 18:58:54 - [INFO] - [CLASSIFICATION] Classification failed
2025-09-14 18:58:54 - [INFO] - [MEMORY] run_classification_for_patient - After: 1518.9 MB (diff: -6.7 MB)
2025-09-14 18:58:54 - [INFO] - [SAFE_INFERENCE] Completed run_classification_for_patient
2025-09-14 18:58:54 - [INFO] - [SAFE_INFERENCE] Post-cleanup for run_classification_for_patient
2025-09-14 18:58:54 - [INFO] - [CLEANUP] nnUNet cache cleared
2025-09-14 18:58:54 - [INFO] - [CLEANUP] Classification models cleared
2025-09-14 18:58:54 - [INFO] - [CLEANUP] Complete model cleanup finished
2025-09-14 18:58:54 - [INFO] -        Cleaned up temp directory
2025-09-14 18:58:54 - [INFO] -      Classification completed - no classifications generated
2025-09-14 18:58:54 - [INFO] -   >> Running BSI quantification with classification masks...
2025-09-14 18:58:54 - [INFO] - [SESSION] Found session code from config: HAHH
2025-09-14 18:58:54 - [INFO] - [PROCESSING] Running V1.2 quantification for patient 109 in session HAHH
2025-09-14 18:58:54 - [INFO] -      Starting V1.2 BSI quantification for patient 109
2025-09-14 18:58:54 - [INFO] -      New workflow: Color-based segmentation + Single/Dual view processing
2025-09-14 18:58:54 - [INFO] - 
🔧 [DEBUG WRAPPER GANTENG] ===================
2025-09-14 18:58:54 - [INFO] - 🔧 [DEBUG WRAPPER] Getting quantification input paths:
2025-09-14 18:58:54 - [INFO] - 🔧 [DEBUG WRAPPER]   Patient folder: F:\projek dosen\prototype riset\hotspot-analyzer\data\PLANAR\HAHH\109\20250628
2025-09-14 18:58:54 - [INFO] - 🔧 [DEBUG WRAPPER]   Filename stem: 109_20250628
2025-09-14 18:58:54 - [INFO] - 🔧 [DEBUG WRAPPER]   Folder exists: True
2025-09-14 18:58:54 - [INFO] - 🔧 [DEBUG WRAPPER] Classification files:
2025-09-14 18:58:54 - [INFO] - 🔧 [DEBUG WRAPPER]   Anterior mask: False
2025-09-14 18:58:54 - [INFO] - 🔧 [DEBUG WRAPPER]   Posterior mask: False
2025-09-14 18:58:54 - [INFO] - 🔧 [DEBUG WRAPPER] Segmentation files:
2025-09-14 18:58:54 - [INFO] - 🔧 [DEBUG WRAPPER]   Anterior seg: True
2025-09-14 18:58:54 - [INFO] - 🔧 [DEBUG WRAPPER]   Posterior seg: True
2025-09-14 18:58:54 - [INFO] -   [DEBUG QUANT FILES] Getting quantification files for: F:\projek dosen\prototype riset\hotspot-analyzer\data\PLANAR\HAHH\109\20250628
2025-09-14 18:58:54 - [INFO] -   [DEBUG QUANT FILES] Detected study_date folder: F:\projek dosen\prototype riset\hotspot-analyzer\data\PLANAR\HAHH\109\20250628
2025-09-14 18:58:54 - [INFO] -   [DEBUG QUANT FILES] Generated paths:
2025-09-14 18:58:54 - [INFO] -   [DEBUG QUANT FILES]   bsi_json_ant: F:\projek dosen\prototype riset\hotspot-analyzer\data\PLANAR\HAHH\109\20250628\bsi_quantification_ant.json (exists: False)
2025-09-14 18:58:54 - [INFO] -   [DEBUG QUANT FILES]   bsi_json_post: F:\projek dosen\prototype riset\hotspot-analyzer\data\PLANAR\HAHH\109\20250628\bsi_quantification_post.json (exists: False)
2025-09-14 18:58:54 - [INFO] - 🔧 [DEBUG WRAPPER] Final paths:
2025-09-14 18:58:54 - [INFO] - 🔧 [DEBUG WRAPPER]   segmentation_anterior: F:\projek dosen\prototype riset\hotspot-analyzer\data\PLANAR\HAHH\109\20250628\ant_segm.png (exists: True)
2025-09-14 18:58:54 - [INFO] - 🔧 [DEBUG WRAPPER]   segmentation_posterior: F:\projek dosen\prototype riset\hotspot-analyzer\data\PLANAR\HAHH\109\20250628\post_segm.png (exists: True)
2025-09-14 18:58:54 - [INFO] - 🔧 [DEBUG WRAPPER]   hotspot_anterior: F:\projek dosen\prototype riset\hotspot-analyzer\data\PLANAR\HAHH\109\20250628\ant_hotspot_classification.png (exists: False)
2025-09-14 18:58:54 - [INFO] - 🔧 [DEBUG WRAPPER]   hotspot_posterior: F:\projek dosen\prototype riset\hotspot-analyzer\data\PLANAR\HAHH\109\20250628\post_hotspot_classification.png (exists: False)
2025-09-14 18:58:54 - [INFO] - 🔧 [DEBUG WRAPPER]   output_anterior: F:\projek dosen\prototype riset\hotspot-analyzer\data\PLANAR\HAHH\109\20250628\bsi_quantification_ant.json (exists: False)
2025-09-14 18:58:54 - [INFO] - 🔧 [DEBUG WRAPPER]   output_posterior: F:\projek dosen\prototype riset\hotspot-analyzer\data\PLANAR\HAHH\109\20250628\bsi_quantification_post.json (exists: False)
2025-09-14 18:58:54 - [INFO] -      Cannot proceed with V1.2 quantification. Missing files: hotspot_anterior (ant_hotspot_classification.png), hotspot_posterior (post_hotspot_classification.png)
2025-09-14 18:58:54 - [INFO] -      Need at least ONE complete pair (anterior OR posterior segmentation + classification)
2025-09-14 18:58:54 - [INFO] - [PROCESSING]  V1.2 quantification failed for 109
2025-09-14 18:58:54 - [INFO] -      BSI quantification failed - missing required files
2025-09-14 18:58:54 - [INFO] -   >> Cloud storage disabled - skipping upload
2025-09-14 18:58:54 - [INFO] -     DICOM processing completed - ORIGINAL DICOM UNTOUCHED
2025-09-14 18:58:54 - [INFO] -   Files saved locally: 6 PNG output files
2025-09-14 18:58:54 - [INFO] -   Views processed: ['Anterior', 'Posterior']
2025-09-14 18:58:54 - [INFO] -   ORIGINAL DICOM: 109.dcm (NO MODIFICATION)
2025-09-14 18:58:54 - [INFO] - ## File 3/4 completed successfully - ORIGINAL DICOM PRESERVED
2025-09-14 18:58:54 - [INFO] - 
## Processing file 4/4: 110.dcm
2025-09-14 18:58:54 - [INFO] - 
=== Processing 110.dcm ===
2025-09-14 18:58:54 - [INFO] -   Patient ID: 110
2025-09-14 18:58:54 - [INFO] -   Study Date: 20250628
2025-09-14 18:58:54 - [INFO] -     Path structure validated: F:\projek dosen\prototype riset\hotspot-analyzer\data\PLANAR\HAHH\110\20250628
2025-09-14 18:58:54 - [INFO] -  >> Copying ORIGINAL DICOM without modification...
2025-09-14 18:58:54 - [INFO] -   Copied ORIGINAL → F:\projek dosen\prototype riset\hotspot-analyzer\data\PLA...
2025-09-14 18:58:54 - [INFO] -  >> Loading ORIGINAL DICOM frames with view assignments...
2025-09-14 18:58:54 - [INFO] -   Frames detected: ['anterior', 'posterior']
2025-09-14 18:58:54 - [INFO] -   >> Processing background selections...
2025-09-14 18:58:54 - [INFO] -      Processing anterior with black background
2025-09-14 18:58:54 - [INFO] -   Keeping black background
2025-09-14 18:58:54 - [INFO] -        anterior background processed
2025-09-14 18:58:54 - [INFO] -      Processing posterior with black background
2025-09-14 18:58:54 - [INFO] -   Keeping black background
2025-09-14 18:58:54 - [INFO] -        posterior background processed
2025-09-14 18:58:54 - [INFO] -     Background processing completed
2025-09-14 18:58:54 - [INFO] -   >> Normalized 'anterior' → 'Anterior'
2025-09-14 18:58:54 - [INFO] -   >> Normalized 'posterior' → 'Posterior'
2025-09-14 18:58:54 - [INFO] -     Final views: ['Anterior', 'Posterior']
2025-09-14 18:58:54 - [INFO] -     Normalized views: ['Anterior', 'Posterior']
2025-09-14 18:58:54 - [INFO] -   >> Saving original frames for classification...
2025-09-14 18:58:54 - [INFO] -      Original frame saved: ant_original.png
2025-09-14 18:58:54 - [INFO] -      Original frame saved: post_original.png
2025-09-14 18:58:54 - [INFO] -   >> Generating segmentation masks and colored overlays...
2025-09-14 18:58:54 - [INFO] -   >> [1/2] Processing Anterior
2025-09-14 18:58:54 - [INFO] -      Segmenting bone mask...
2025-09-14 18:58:54 - [INFO] - [SAFE_INFERENCE] Running predict_bone_mask
2025-09-14 18:58:54 - [INFO] - [MEMORY] predict_bone_mask - Before: 1519.9 MB
2025-09-14 18:58:54 - [INFO] - [INFO]  Starting bone mask segmentation...
2025-09-14 18:58:54 - [INFO] - [INFO]  Input image shape: (1024, 256), dtype: uint16
2025-09-14 18:58:54 - [INFO] - [INFO]  Preprocessing: resizing to (256, 1024)...
2025-09-14 18:58:54 - [INFO] - [INFO]  Preprocessing completed
2025-09-14 18:58:54 - [INFO] - [INFO]  Loading segmentation model...
2025-09-14 18:58:54 - [INFO] - [INFO]  Loading bone segmentation model...
2025-09-14 18:58:54 - [INFO] - [INFO]  Model path: F:\projek dosen\prototype riset\hotspot-analyzer\models\s...
2025-09-14 18:58:54 - [INFO] - [INFO]  CUDA available: False – using cpu
2025-09-14 18:58:54 - [INFO] - [INFO]  Primary predictor created successfully (Device: cpu)
2025-09-14 18:58:54 - [INFO] - [INFO]  Switching to CPU-only fallback configuration.
2025-09-14 18:58:54 - [INFO] - [INFO]  Initializing model from trained weights on device: cpu...
2025-09-14 18:58:55 - [INFO] - [INFO]  Bone segmentation model loaded successfully
2025-09-14 18:58:55 - [INFO] - [INFO]  Performing bone segmentation inference...
2025-09-14 18:58:55 - [INFO] - [INFO]  Running sliding window inference...
2025-09-14 18:58:55 - [INFO] - [INFO]  Input image shape: (1024, 256)
2025-09-14 18:58:56 - [INFO] - [INFO]  Prediction completed, output shape: (1024, 256)
2025-09-14 18:58:56 - [INFO] - [INFO]  Segmentation completed in 1.97s
2025-09-14 18:58:56 - [INFO] - [INFO]  Output mask shape: (1024, 256)
2025-09-14 18:58:56 - [INFO] - [INFO]  Unique labels found: [0, 1, 2, 3, 4, 5, 6, 7, 8, 9, 10, 11, 12]
2025-09-14 18:58:56 - [INFO] - [INFO]  Returning raw segmentation mask
2025-09-14 18:58:56 - [INFO] - [MEMORY] predict_bone_mask - After: 1547.2 MB (diff: +27.3 MB)
2025-09-14 18:58:56 - [INFO] - [SAFE_INFERENCE] Completed predict_bone_mask
2025-09-14 18:58:56 - [INFO] - [SAFE_INFERENCE] Post-cleanup for predict_bone_mask
2025-09-14 18:58:56 - [INFO] - [CLEANUP] nnUNet cache cleared
2025-09-14 18:58:56 - [INFO] - [CLEANUP] Classification models cleared
2025-09-14 18:58:56 - [INFO] - [CLEANUP] Complete model cleanup finished
2025-09-14 18:58:56 - [INFO] -      Generating colored overlay...
2025-09-14 18:58:56 - [INFO] - [SAFE_INFERENCE] Running predict_bone_mask
2025-09-14 18:58:56 - [INFO] - [MEMORY] predict_bone_mask - Before: 1544.1 MB
2025-09-14 18:58:56 - [INFO] - [INFO]  Starting bone mask segmentation...
2025-09-14 18:58:56 - [INFO] - [INFO]  Input image shape: (1024, 256), dtype: uint16
2025-09-14 18:58:56 - [INFO] - [INFO]  Preprocessing: resizing to (256, 1024)...
2025-09-14 18:58:56 - [INFO] - [INFO]  Preprocessing completed
2025-09-14 18:58:56 - [INFO] - [INFO]  Loading segmentation model...
2025-09-14 18:58:56 - [INFO] - [INFO]  Loading bone segmentation model...
2025-09-14 18:58:56 - [INFO] - [INFO]  Model path: F:\projek dosen\prototype riset\hotspot-analyzer\models\s...
2025-09-14 18:58:56 - [INFO] - [INFO]  CUDA available: False – using cpu
2025-09-14 18:58:56 - [INFO] - [INFO]  Primary predictor created successfully (Device: cpu)
2025-09-14 18:58:56 - [INFO] - [INFO]  Switching to CPU-only fallback configuration.
2025-09-14 18:58:56 - [INFO] - [INFO]  Initializing model from trained weights on device: cpu...
2025-09-14 18:58:57 - [INFO] - [INFO]  Bone segmentation model loaded successfully
2025-09-14 18:58:57 - [INFO] - [INFO]  Performing bone segmentation inference...
2025-09-14 18:58:57 - [INFO] - [INFO]  Running sliding window inference...
2025-09-14 18:58:57 - [INFO] - [INFO]  Input image shape: (1024, 256)
2025-09-14 18:58:58 - [INFO] - [INFO]  Prediction completed, output shape: (1024, 256)
2025-09-14 18:58:58 - [INFO] - [INFO]  Segmentation completed in 2.09s
2025-09-14 18:58:58 - [INFO] - [INFO]  Output mask shape: (1024, 256)
2025-09-14 18:58:58 - [INFO] - [INFO]  Unique labels found: [0, 1, 2, 3, 4, 5, 6, 7, 8, 9, 10, 11, 12]
2025-09-14 18:58:58 - [INFO] - [INFO]  Converting mask to colored RGB image...
2025-09-14 18:58:58 - [INFO] - [INFO]  RGB conversion completed, shape: (1024, 256, 3)
2025-09-14 18:58:58 - [INFO] - [MEMORY] predict_bone_mask - After: 1519.6 MB (diff: -24.5 MB)
2025-09-14 18:58:58 - [INFO] - [SAFE_INFERENCE] Completed predict_bone_mask
2025-09-14 18:58:58 - [INFO] - [SAFE_INFERENCE] Post-cleanup for predict_bone_mask
2025-09-14 18:58:58 - [INFO] - [CLEANUP] nnUNet cache cleared
2025-09-14 18:58:58 - [INFO] - [CLEANUP] Classification models cleared
2025-09-14 18:58:58 - [INFO] - [CLEANUP] Complete model cleanup finished
2025-09-14 18:58:58 - [INFO] -      Segmentation completed for Anterior
2025-09-14 18:58:58 - [INFO] -        Saved: ant_mask.png, ant_segm.png
2025-09-14 18:58:58 - [INFO] -   >> [2/2] Processing Posterior
2025-09-14 18:58:58 - [INFO] -      Segmenting bone mask...
2025-09-14 18:58:58 - [INFO] - [SAFE_INFERENCE] Running predict_bone_mask
2025-09-14 18:58:58 - [INFO] - [MEMORY] predict_bone_mask - Before: 1516.3 MB
2025-09-14 18:58:58 - [INFO] - [INFO]  Starting bone mask segmentation...
2025-09-14 18:58:58 - [INFO] - [INFO]  Input image shape: (1024, 256), dtype: uint16
2025-09-14 18:58:58 - [INFO] - [INFO]  Preprocessing: resizing to (256, 1024)...
2025-09-14 18:58:58 - [INFO] - [INFO]  Preprocessing completed
2025-09-14 18:58:58 - [INFO] - [INFO]  Loading segmentation model...
2025-09-14 18:58:58 - [INFO] - [INFO]  Loading bone segmentation model...
2025-09-14 18:58:58 - [INFO] - [INFO]  Model path: F:\projek dosen\prototype riset\hotspot-analyzer\models\s...
2025-09-14 18:58:58 - [INFO] - [INFO]  CUDA available: False – using cpu
2025-09-14 18:58:58 - [INFO] - [INFO]  Primary predictor created successfully (Device: cpu)
2025-09-14 18:58:58 - [INFO] - [INFO]  Switching to CPU-only fallback configuration.
2025-09-14 18:58:58 - [INFO] - [INFO]  Initializing model from trained weights on device: cpu...
2025-09-14 18:58:59 - [INFO] - [INFO]  Bone segmentation model loaded successfully
2025-09-14 18:58:59 - [INFO] - [INFO]  Performing bone segmentation inference...
2025-09-14 18:58:59 - [INFO] - [INFO]  Running sliding window inference...
2025-09-14 18:58:59 - [INFO] - [INFO]  Input image shape: (1024, 256)
2025-09-14 18:59:00 - [INFO] - [INFO]  Prediction completed, output shape: (1024, 256)
2025-09-14 18:59:00 - [INFO] - [INFO]  Segmentation completed in 1.94s
2025-09-14 18:59:00 - [INFO] - [INFO]  Output mask shape: (1024, 256)
2025-09-14 18:59:00 - [INFO] - [INFO]  Unique labels found: [0, 1, 2, 3, 4, 6, 7, 8, 9, 10, 11, 12]
2025-09-14 18:59:00 - [INFO] - [INFO]  Returning raw segmentation mask
2025-09-14 18:59:00 - [INFO] - [MEMORY] predict_bone_mask - After: 1517.0 MB (diff: +0.7 MB)
2025-09-14 18:59:00 - [INFO] - [SAFE_INFERENCE] Completed predict_bone_mask
2025-09-14 18:59:00 - [INFO] - [SAFE_INFERENCE] Post-cleanup for predict_bone_mask
2025-09-14 18:59:00 - [INFO] - [CLEANUP] nnUNet cache cleared
2025-09-14 18:59:00 - [INFO] - [CLEANUP] Classification models cleared
2025-09-14 18:59:00 - [INFO] - [CLEANUP] Complete model cleanup finished
2025-09-14 18:59:00 - [INFO] -      Generating colored overlay...
2025-09-14 18:59:00 - [INFO] - [SAFE_INFERENCE] Running predict_bone_mask
2025-09-14 18:59:00 - [INFO] - [MEMORY] predict_bone_mask - Before: 1517.1 MB
2025-09-14 18:59:00 - [INFO] - [INFO]  Starting bone mask segmentation...
2025-09-14 18:59:00 - [INFO] - [INFO]  Input image shape: (1024, 256), dtype: uint16
2025-09-14 18:59:00 - [INFO] - [INFO]  Preprocessing: resizing to (256, 1024)...
2025-09-14 18:59:00 - [INFO] - [INFO]  Preprocessing completed
2025-09-14 18:59:00 - [INFO] - [INFO]  Loading segmentation model...
2025-09-14 18:59:00 - [INFO] - [INFO]  Loading bone segmentation model...
2025-09-14 18:59:00 - [INFO] - [INFO]  Model path: F:\projek dosen\prototype riset\hotspot-analyzer\models\s...
2025-09-14 18:59:00 - [INFO] - [INFO]  CUDA available: False – using cpu
2025-09-14 18:59:00 - [INFO] - [INFO]  Primary predictor created successfully (Device: cpu)
2025-09-14 18:59:00 - [INFO] - [INFO]  Switching to CPU-only fallback configuration.
2025-09-14 18:59:00 - [INFO] - [INFO]  Initializing model from trained weights on device: cpu...
2025-09-14 18:59:02 - [INFO] - [INFO]  Bone segmentation model loaded successfully
2025-09-14 18:59:02 - [INFO] - [INFO]  Performing bone segmentation inference...
2025-09-14 18:59:02 - [INFO] - [INFO]  Running sliding window inference...
2025-09-14 18:59:02 - [INFO] - [INFO]  Input image shape: (1024, 256)
2025-09-14 18:59:02 - [INFO] - [INFO]  Prediction completed, output shape: (1024, 256)
2025-09-14 18:59:02 - [INFO] - [INFO]  Segmentation completed in 1.97s
2025-09-14 18:59:02 - [INFO] - [INFO]  Output mask shape: (1024, 256)
2025-09-14 18:59:02 - [INFO] - [INFO]  Unique labels found: [0, 1, 2, 3, 4, 6, 7, 8, 9, 10, 11, 12]
2025-09-14 18:59:02 - [INFO] - [INFO]  Converting mask to colored RGB image...
2025-09-14 18:59:02 - [INFO] - [INFO]  RGB conversion completed, shape: (1024, 256, 3)
2025-09-14 18:59:02 - [INFO] - [MEMORY] predict_bone_mask - After: 1520.5 MB (diff: +3.5 MB)
2025-09-14 18:59:02 - [INFO] - [SAFE_INFERENCE] Completed predict_bone_mask
2025-09-14 18:59:02 - [INFO] - [SAFE_INFERENCE] Post-cleanup for predict_bone_mask
2025-09-14 18:59:02 - [INFO] - [CLEANUP] nnUNet cache cleared
2025-09-14 18:59:02 - [INFO] - [CLEANUP] Classification models cleared
2025-09-14 18:59:02 - [INFO] - [CLEANUP] Complete model cleanup finished
2025-09-14 18:59:02 - [INFO] -      Segmentation completed for Posterior
2025-09-14 18:59:02 - [INFO] -        Saved: post_mask.png, post_segm.png
2025-09-14 18:59:02 - [INFO] -   >> Running YOLO hotspot detection...
2025-09-14 18:59:02 - [INFO] - [SAFE_INFERENCE] Running run_yolo_detection_wrapper
2025-09-14 18:59:02 - [INFO] - [MEMORY] run_yolo_detection_wrapper - Before: 1521.7 MB
2025-09-14 18:59:02 - [INFO] - [YOLO WRAPPER] Starting YOLO detection for 110
2025-09-14 18:59:02 - [INFO] - [YOLO WRAPPER] Model path: F:\projek dosen\prototype riset\hotspot-analyzer\models\hotspot_detection\models\model_detection_hs_yolov8.pt
2025-09-14 18:59:02 - [INFO] - [YOLO WRAPPER] DICOM path: F:\projek dosen\prototype riset\hotspot-analyzer\data\PLANAR\HAHH\110\20250628\110.dcm
2025-09-14 18:59:02 - [INFO] - [SAFE_INFERENCE] Running run_yolo_detection_for_patient
2025-09-14 18:59:02 - [INFO] - [MEMORY] run_yolo_detection_for_patient - Before: 1521.8 MB
2025-09-14 18:59:02 - [INFO] - [YOLO WRAPPER] Starting detection for patient 110
2025-09-14 18:59:02 - [INFO] - [YOLO WRAPPER] DICOM file: F:\projek dosen\prototype riset\hotspot-analyzer\data\PLANAR\HAHH\110\20250628\110.dcm
2025-09-14 18:59:02 - [INFO] - [YOLO] FORCING model load - application requires YOLO functionality
2025-09-14 18:59:02 - [INFO] - [YOLO WRAPPER] Extracted session from path: HAHH
2025-09-14 18:59:02 - [INFO] - [DETECTION] Processing DICOM: F:\projek dosen\prototype riset\hotspot-analyzer\data\PLANAR\HAHH\110\20250628\110.dcm
2025-09-14 18:59:02 - [INFO] - [DETECTION] FORCED YOLO execution - application requires this functionality
2025-09-14 18:59:02 - [INFO] - [DETECTION] Patient: 110, Session: HAHH, Study Date: 20250628
2025-09-14 18:59:02 - [INFO] - [DETECTION] Loaded 2 frames: ['anterior', 'posterior']
2025-09-14 18:59:02 - [INFO] - [DETECTION] Processing view: anterior -> anterior
2025-09-14 18:59:02 - [INFO] - [HOTSPOT FILES] Final selection for ant:
2025-09-14 18:59:02 - [INFO] - [HOTSPOT FILES]   yolo_xml: F:\projek dosen\prototype riset\hotspot-analyzer\data\PLANAR\HAHH\110\20250628\ant_hotspot_yolo.xml (exists: False, type: original)
2025-09-14 18:59:02 - [INFO] - [HOTSPOT FILES]   otsu_colored: F:\projek dosen\prototype riset\hotspot-analyzer\data\PLANAR\HAHH\110\20250628\ant_hotspot_otsu_colored.png (exists: False, type: original)
2025-09-14 18:59:02 - [INFO] - [HOTSPOT FILES]   otsu_colored_blend: F:\projek dosen\prototype riset\hotspot-analyzer\data\PLANAR\HAHH\110\20250628\ant_hotspot_otsu_colored_blend.png (exists: False, type: original)
2025-09-14 18:59:02 - [INFO] - [HOTSPOT FILES]   otsu_grayscale: F:\projek dosen\prototype riset\hotspot-analyzer\data\PLANAR\HAHH\110\20250628\ant_hotspot_otsu_grayscale.png (exists: False, type: original)
2025-09-14 18:59:02 - [INFO] - [HOTSPOT FILES]   classification_xml: F:\projek dosen\prototype riset\hotspot-analyzer\data\PLANAR\HAHH\110\20250628\ant_hotspot_classification.xml (exists: False, type: original)
2025-09-14 18:59:02 - [INFO] - [HOTSPOT FILES]   classification_png: F:\projek dosen\prototype riset\hotspot-analyzer\data\PLANAR\HAHH\110\20250628\ant_hotspot_classification.png (exists: False, type: original)
2025-09-14 18:59:02 - [INFO] - [DETECTION] Running YOLO on anterior view...
2025-09-14 18:59:02 - [INFO] - [YOLO] FORCING model load - application critical functionality
2025-09-14 18:59:02 - [INFO] - [YOLO] Loading model on-demand (FORCED, thread-safe)...
2025-09-14 18:59:02 - [INFO] - [YOLO] FORCING model initialization - critical for application
2025-09-14 18:59:02 - [INFO] - [YOLO] Attempting to load model from: F:\projek dosen\prototype riset\hotspot-analyzer\models\hotspot_detection\models\model_detection_hs_yolov8.pt
2025-09-14 18:59:02 - [INFO] - [YOLO] Model loaded successfully (FORCED CPU mode)
2025-09-14 18:59:03 - [INFO] - [DETECTION] Found 5 hotspots in anterior
2025-09-14 18:59:03 - [INFO] - [XML] Saved detection XML to: F:\projek dosen\prototype riset\hotspot-analyzer\data\PLANAR\HAHH\110\20250628\ant_hotspot_yolo.xml
2025-09-14 18:59:03 - [INFO] - [DETECTION] Processing view: posterior -> posterior
2025-09-14 18:59:03 - [INFO] - [HOTSPOT FILES] Final selection for post:
2025-09-14 18:59:03 - [INFO] - [HOTSPOT FILES]   yolo_xml: F:\projek dosen\prototype riset\hotspot-analyzer\data\PLANAR\HAHH\110\20250628\post_hotspot_yolo.xml (exists: False, type: original)
2025-09-14 18:59:03 - [INFO] - [HOTSPOT FILES]   otsu_colored: F:\projek dosen\prototype riset\hotspot-analyzer\data\PLANAR\HAHH\110\20250628\post_hotspot_otsu_colored.png (exists: False, type: original)
2025-09-14 18:59:03 - [INFO] - [HOTSPOT FILES]   otsu_colored_blend: F:\projek dosen\prototype riset\hotspot-analyzer\data\PLANAR\HAHH\110\20250628\post_hotspot_otsu_colored_blend.png (exists: False, type: original)
2025-09-14 18:59:03 - [INFO] - [HOTSPOT FILES]   otsu_grayscale: F:\projek dosen\prototype riset\hotspot-analyzer\data\PLANAR\HAHH\110\20250628\post_hotspot_otsu_grayscale.png (exists: False, type: original)
2025-09-14 18:59:03 - [INFO] - [HOTSPOT FILES]   classification_xml: F:\projek dosen\prototype riset\hotspot-analyzer\data\PLANAR\HAHH\110\20250628\post_hotspot_classification.xml (exists: False, type: original)
2025-09-14 18:59:03 - [INFO] - [HOTSPOT FILES]   classification_png: F:\projek dosen\prototype riset\hotspot-analyzer\data\PLANAR\HAHH\110\20250628\post_hotspot_classification.png (exists: False, type: original)
2025-09-14 18:59:03 - [INFO] - [DETECTION] Running YOLO on posterior view...
2025-09-14 18:59:03 - [INFO] - [DETECTION] Found 2 hotspots in posterior
2025-09-14 18:59:03 - [INFO] - [XML] Saved detection XML to: F:\projek dosen\prototype riset\hotspot-analyzer\data\PLANAR\HAHH\110\20250628\post_hotspot_yolo.xml
2025-09-14 18:59:03 - [INFO] - [YOLO WRAPPER] Detection completed:
2025-09-14 18:59:03 - [INFO] -   Anterior: ✓
2025-09-14 18:59:03 - [INFO] -   Posterior: ✓
2025-09-14 18:59:03 - [INFO] - [MEMORY] run_yolo_detection_for_patient - After: 1520.6 MB (diff: -1.2 MB)
2025-09-14 18:59:03 - [INFO] - [SAFE_INFERENCE] Completed run_yolo_detection_for_patient
2025-09-14 18:59:03 - [INFO] - [SAFE_INFERENCE] Post-cleanup for run_yolo_detection_for_patient
2025-09-14 18:59:03 - [INFO] - [CLEANUP] YOLO model cleared
2025-09-14 18:59:03 - [INFO] - [CLEANUP] nnUNet cache cleared
2025-09-14 18:59:03 - [INFO] - [CLEANUP] Classification models cleared
2025-09-14 18:59:03 - [INFO] - [CLEANUP] Complete model cleanup finished
2025-09-14 18:59:03 - [INFO] - [YOLO WRAPPER] Detection completed with results: {'anterior': True, 'posterior': True}
2025-09-14 18:59:03 - [INFO] - [MEMORY] run_yolo_detection_wrapper - After: 1520.6 MB (diff: -1.2 MB)
2025-09-14 18:59:03 - [INFO] - [SAFE_INFERENCE] Completed run_yolo_detection_wrapper
2025-09-14 18:59:03 - [INFO] - [SAFE_INFERENCE] Post-cleanup for run_yolo_detection_wrapper
2025-09-14 18:59:03 - [INFO] - [CLEANUP] nnUNet cache cleared
2025-09-14 18:59:03 - [INFO] - [CLEANUP] Classification models cleared
2025-09-14 18:59:03 - [INFO] - [CLEANUP] Complete model cleanup finished
2025-09-14 18:59:03 - [INFO] -      YOLO detection completed - XML files created
2025-09-14 18:59:03 - [INFO] -   >> Running Otsu hotspot processing...
2025-09-14 18:59:03 - [INFO] - [SAFE_INFERENCE] Running run_hotspot_processing_in_process
2025-09-14 18:59:03 - [INFO] - [MEMORY] run_hotspot_processing_in_process - Before: 1520.7 MB
2025-09-14 18:59:03 - [INFO] - --- MENJALANKAN FUNGSI HOTSPOT DENGAN LOGIKA PENYIMPANAN FILE ---
2025-09-14 18:59:03 - [INFO] - [SESSION] Found session code from config: HAHH
2025-09-14 18:59:03 - [INFO] - [DEBUG] Using session: HAHH, patient: 110, study_date: 20250628
2025-09-14 18:59:03 - [INFO] - [DEBUG] Expected patient folder: F:\projek dosen\prototype riset\hotspot-analyzer\data\PLANAR\HAHH\110\20250628
2025-09-14 18:59:03 - [INFO] - 
  [DEBUG PRIORITY GANTENG] ===================
2025-09-14 18:59:03 - [INFO] -   [DEBUG PRIORITY] Looking for: ant_hotspot_classification.png
2025-09-14 18:59:03 - [INFO] -   [DEBUG PRIORITY] In path: F:\projek dosen\prototype riset\hotspot-analyzer\data\PLANAR\HAHH\110\20250628
2025-09-14 18:59:03 - [INFO] -   [DEBUG PRIORITY] Session code: None
2025-09-14 18:59:03 - [INFO] -   [DEBUG PRIORITY] Original file: F:\projek dosen\prototype riset\hotspot-analyzer\data\PLANAR\HAHH\110\20250628\ant_hotspot_classification.png
2025-09-14 18:59:03 - [INFO] -   [DEBUG PRIORITY] Original exists: False
2025-09-14 18:59:03 - [INFO] -   [DEBUG PRIORITY] File is editable, checking for timestamp version...
2025-09-14 18:59:03 - [INFO] - 
  [DEBUG TIMESTAMP GANTENG] ===================
2025-09-14 18:59:03 - [INFO] -   [DEBUG TIMESTAMP] Looking for: ant_hotspot_classification.png
2025-09-14 18:59:03 - [INFO] -   [DEBUG TIMESTAMP] In folder: F:\projek dosen\prototype riset\hotspot-analyzer\data\PLANAR\HAHH\110\20250628
2025-09-14 18:59:03 - [INFO] -   [DEBUG TIMESTAMP] Session code: None
2025-09-14 18:59:03 - [INFO] -   [DEBUG TIMESTAMP] Is editable: True
2025-09-14 18:59:03 - [INFO] -   [DEBUG TIMESTAMP] Folder contents:
2025-09-14 18:59:03 - [INFO] -   [DEBUG TIMESTAMP]   FILE: 110.dcm
2025-09-14 18:59:03 - [INFO] -   [DEBUG TIMESTAMP]   FILE: ant_hotspot_yolo.xml
2025-09-14 18:59:03 - [INFO] -   [DEBUG TIMESTAMP]   FILE: ant_mask.png
2025-09-14 18:59:03 - [INFO] -   [DEBUG TIMESTAMP]   FILE: ant_original.png
2025-09-14 18:59:03 - [INFO] -   [DEBUG TIMESTAMP]   FILE: ant_segm.png
2025-09-14 18:59:03 - [INFO] -   [DEBUG TIMESTAMP]   FILE: post_hotspot_yolo.xml
2025-09-14 18:59:03 - [INFO] -   [DEBUG TIMESTAMP]   FILE: post_mask.png
2025-09-14 18:59:03 - [INFO] -   [DEBUG TIMESTAMP]   FILE: post_original.png
2025-09-14 18:59:03 - [INFO] -   [DEBUG TIMESTAMP]   FILE: post_segm.png
2025-09-14 18:59:03 - [INFO] -   [DEBUG TIMESTAMP] Running get_latest_timestamp_file...
2025-09-14 18:59:03 - [INFO] -   [DEBUG TIMESTAMP] Result: None
2025-09-14 18:59:03 - [INFO] -   [DEBUG PRIORITY]  No edited version found
2025-09-14 18:59:03 - [INFO] -   [DEBUG PRIORITY]  No file found at all
2025-09-14 18:59:03 - [INFO] - [PRIORITY] Using original PNG: F:\projek dosen\prototype riset\hotspot-analyzer\data\PLANAR\HAHH\110\20250628\ant_hotspot_classification.png
2025-09-14 18:59:03 - [INFO] - [HOTSPOT FILES] Final selection for ant:
2025-09-14 18:59:03 - [INFO] - [HOTSPOT FILES]   yolo_xml: F:\projek dosen\prototype riset\hotspot-analyzer\data\PLANAR\HAHH\110\20250628\ant_hotspot_yolo.xml (exists: True, type: original)
2025-09-14 18:59:03 - [INFO] - [HOTSPOT FILES]   otsu_colored: F:\projek dosen\prototype riset\hotspot-analyzer\data\PLANAR\HAHH\110\20250628\ant_hotspot_otsu_colored.png (exists: False, type: original)
2025-09-14 18:59:03 - [INFO] - [HOTSPOT FILES]   otsu_colored_blend: F:\projek dosen\prototype riset\hotspot-analyzer\data\PLANAR\HAHH\110\20250628\ant_hotspot_otsu_colored_blend.png (exists: False, type: original)
2025-09-14 18:59:03 - [INFO] - [HOTSPOT FILES]   otsu_grayscale: F:\projek dosen\prototype riset\hotspot-analyzer\data\PLANAR\HAHH\110\20250628\ant_hotspot_otsu_grayscale.png (exists: False, type: original)
2025-09-14 18:59:03 - [INFO] - [HOTSPOT FILES]   classification_xml: F:\projek dosen\prototype riset\hotspot-analyzer\data\PLANAR\HAHH\110\20250628\ant_hotspot_classification.xml (exists: False, type: original)
2025-09-14 18:59:03 - [INFO] - [HOTSPOT FILES]   classification_png: F:\projek dosen\prototype riset\hotspot-analyzer\data\PLANAR\HAHH\110\20250628\ant_hotspot_classification.png (exists: False, type: original)
2025-09-14 18:59:03 - [INFO] - 
  [DEBUG PRIORITY GANTENG] ===================
2025-09-14 18:59:03 - [INFO] -   [DEBUG PRIORITY] Looking for: post_hotspot_classification.png
2025-09-14 18:59:03 - [INFO] -   [DEBUG PRIORITY] In path: F:\projek dosen\prototype riset\hotspot-analyzer\data\PLANAR\HAHH\110\20250628
2025-09-14 18:59:03 - [INFO] -   [DEBUG PRIORITY] Session code: None
2025-09-14 18:59:03 - [INFO] -   [DEBUG PRIORITY] Original file: F:\projek dosen\prototype riset\hotspot-analyzer\data\PLANAR\HAHH\110\20250628\post_hotspot_classification.png
2025-09-14 18:59:03 - [INFO] -   [DEBUG PRIORITY] Original exists: False
2025-09-14 18:59:03 - [INFO] -   [DEBUG PRIORITY] File is editable, checking for timestamp version...
2025-09-14 18:59:03 - [INFO] - 
  [DEBUG TIMESTAMP GANTENG] ===================
2025-09-14 18:59:03 - [INFO] -   [DEBUG TIMESTAMP] Looking for: post_hotspot_classification.png
2025-09-14 18:59:03 - [INFO] -   [DEBUG TIMESTAMP] In folder: F:\projek dosen\prototype riset\hotspot-analyzer\data\PLANAR\HAHH\110\20250628
2025-09-14 18:59:03 - [INFO] -   [DEBUG TIMESTAMP] Session code: None
2025-09-14 18:59:03 - [INFO] -   [DEBUG TIMESTAMP] Is editable: True
2025-09-14 18:59:03 - [INFO] -   [DEBUG TIMESTAMP] Folder contents:
2025-09-14 18:59:03 - [INFO] -   [DEBUG TIMESTAMP]   FILE: 110.dcm
2025-09-14 18:59:03 - [INFO] -   [DEBUG TIMESTAMP]   FILE: ant_hotspot_yolo.xml
2025-09-14 18:59:03 - [INFO] -   [DEBUG TIMESTAMP]   FILE: ant_mask.png
2025-09-14 18:59:03 - [INFO] -   [DEBUG TIMESTAMP]   FILE: ant_original.png
2025-09-14 18:59:03 - [INFO] -   [DEBUG TIMESTAMP]   FILE: ant_segm.png
2025-09-14 18:59:03 - [INFO] -   [DEBUG TIMESTAMP]   FILE: post_hotspot_yolo.xml
2025-09-14 18:59:03 - [INFO] -   [DEBUG TIMESTAMP]   FILE: post_mask.png
2025-09-14 18:59:03 - [INFO] -   [DEBUG TIMESTAMP]   FILE: post_original.png
2025-09-14 18:59:03 - [INFO] -   [DEBUG TIMESTAMP]   FILE: post_segm.png
2025-09-14 18:59:03 - [INFO] -   [DEBUG TIMESTAMP] Running get_latest_timestamp_file...
2025-09-14 18:59:03 - [INFO] -   [DEBUG TIMESTAMP] Result: None
2025-09-14 18:59:03 - [INFO] -   [DEBUG PRIORITY]  No edited version found
2025-09-14 18:59:03 - [INFO] -   [DEBUG PRIORITY]  No file found at all
2025-09-14 18:59:03 - [INFO] - [PRIORITY] Using original PNG: F:\projek dosen\prototype riset\hotspot-analyzer\data\PLANAR\HAHH\110\20250628\post_hotspot_classification.png
2025-09-14 18:59:03 - [INFO] - [HOTSPOT FILES] Final selection for post:
2025-09-14 18:59:03 - [INFO] - [HOTSPOT FILES]   yolo_xml: F:\projek dosen\prototype riset\hotspot-analyzer\data\PLANAR\HAHH\110\20250628\post_hotspot_yolo.xml (exists: True, type: original)
2025-09-14 18:59:03 - [INFO] - [HOTSPOT FILES]   otsu_colored: F:\projek dosen\prototype riset\hotspot-analyzer\data\PLANAR\HAHH\110\20250628\post_hotspot_otsu_colored.png (exists: False, type: original)
2025-09-14 18:59:03 - [INFO] - [HOTSPOT FILES]   otsu_colored_blend: F:\projek dosen\prototype riset\hotspot-analyzer\data\PLANAR\HAHH\110\20250628\post_hotspot_otsu_colored_blend.png (exists: False, type: original)
2025-09-14 18:59:03 - [INFO] - [HOTSPOT FILES]   otsu_grayscale: F:\projek dosen\prototype riset\hotspot-analyzer\data\PLANAR\HAHH\110\20250628\post_hotspot_otsu_grayscale.png (exists: False, type: original)
2025-09-14 18:59:03 - [INFO] - [HOTSPOT FILES]   classification_xml: F:\projek dosen\prototype riset\hotspot-analyzer\data\PLANAR\HAHH\110\20250628\post_hotspot_classification.xml (exists: False, type: original)
2025-09-14 18:59:03 - [INFO] - [HOTSPOT FILES]   classification_png: F:\projek dosen\prototype riset\hotspot-analyzer\data\PLANAR\HAHH\110\20250628\post_hotspot_classification.png (exists: False, type: original)
2025-09-14 18:59:03 - [INFO] - [DEBUG] Processing anterior with XML: F:\projek dosen\prototype riset\hotspot-analyzer\data\PLANAR\HAHH\110\20250628\ant_hotspot_yolo.xml
2025-09-14 18:59:03 - [INFO] - [DEBUG] Processing frame with study_date: 20250628
2025-09-14 18:59:03 - [INFO] - [SESSION] Found session code from config: HAHH
2025-09-14 18:59:03 - [DEBUG] - STREAM b'IHDR' 16 13
2025-09-14 18:59:03 - [DEBUG] - STREAM b'IDAT' 41 65536
2025-09-14 18:59:03 - [DEBUG] - STREAM b'IHDR' 16 13
2025-09-14 18:59:03 - [DEBUG] - STREAM b'IDAT' 41 65536
2025-09-14 18:59:03 - [DEBUG] - STREAM b'IHDR' 16 13
2025-09-14 18:59:03 - [DEBUG] - STREAM b'IDAT' 41 65536
2025-09-14 18:59:03 - [DEBUG] - STREAM b'IHDR' 16 13
2025-09-14 18:59:03 - [DEBUG] - STREAM b'IDAT' 41 65536
2025-09-14 18:59:03 - [DEBUG] - STREAM b'IHDR' 16 13
2025-09-14 18:59:03 - [DEBUG] - STREAM b'IDAT' 41 65536
2025-09-14 18:59:03 - [DEBUG] - STREAM b'IHDR' 16 13
2025-09-14 18:59:03 - [DEBUG] - STREAM b'IDAT' 41 65536
2025-09-14 18:59:03 - [INFO] - [HOTSPOT FILES] Final selection for ant:
2025-09-14 18:59:03 - [INFO] - [HOTSPOT FILES]   yolo_xml: F:\projek dosen\prototype riset\hotspot-analyzer\data\PLANAR\HAHH\110\20250628\ant_hotspot_yolo.xml (exists: True, type: original)
2025-09-14 18:59:03 - [INFO] - [HOTSPOT FILES]   otsu_colored: F:\projek dosen\prototype riset\hotspot-analyzer\data\PLANAR\HAHH\110\20250628\ant_hotspot_otsu_colored.png (exists: False, type: original)
2025-09-14 18:59:03 - [INFO] - [HOTSPOT FILES]   otsu_colored_blend: F:\projek dosen\prototype riset\hotspot-analyzer\data\PLANAR\HAHH\110\20250628\ant_hotspot_otsu_colored_blend.png (exists: False, type: original)
2025-09-14 18:59:03 - [INFO] - [HOTSPOT FILES]   otsu_grayscale: F:\projek dosen\prototype riset\hotspot-analyzer\data\PLANAR\HAHH\110\20250628\ant_hotspot_otsu_grayscale.png (exists: False, type: original)
2025-09-14 18:59:03 - [INFO] - [HOTSPOT FILES]   classification_xml: F:\projek dosen\prototype riset\hotspot-analyzer\data\PLANAR\HAHH\110\20250628\ant_hotspot_classification.xml (exists: False, type: original)
2025-09-14 18:59:03 - [INFO] - [HOTSPOT FILES]   classification_png: F:\projek dosen\prototype riset\hotspot-analyzer\data\PLANAR\HAHH\110\20250628\ant_hotspot_classification.png (exists: False, type: original)
2025-09-14 18:59:03 - [INFO] - Blended hotspot image saved: F:\projek dosen\prototype riset\hotspot-analyzer\data\PLANAR\HAHH\110\20250628\ant_hotspot_otsu_colored_blend.png
2025-09-14 18:59:03 - [INFO] - Pure hotspot image saved: F:\projek dosen\prototype riset\hotspot-analyzer\data\PLANAR\HAHH\110\20250628\ant_hotspot_otsu_colored.png
2025-09-14 18:59:03 - [INFO] - Hotspot mask saved: F:\projek dosen\prototype riset\hotspot-analyzer\data\PLANAR\HAHH\110\20250628\ant_hotspot_otsu_grayscale.png
2025-09-14 18:59:03 - [INFO] - [PROCESS] Anterior hotspot processing completed
2025-09-14 18:59:03 - [INFO] - [DEBUG] Processing posterior with XML: F:\projek dosen\prototype riset\hotspot-analyzer\data\PLANAR\HAHH\110\20250628\post_hotspot_yolo.xml
2025-09-14 18:59:04 - [INFO] - [DEBUG] Processing frame with study_date: 20250628
2025-09-14 18:59:04 - [INFO] - [SESSION] Found session code from config: HAHH
2025-09-14 18:59:04 - [DEBUG] - STREAM b'IHDR' 16 13
2025-09-14 18:59:04 - [DEBUG] - STREAM b'IDAT' 41 65536
2025-09-14 18:59:04 - [DEBUG] - STREAM b'IHDR' 16 13
2025-09-14 18:59:04 - [DEBUG] - STREAM b'IDAT' 41 65536
2025-09-14 18:59:04 - [DEBUG] - STREAM b'IHDR' 16 13
2025-09-14 18:59:04 - [DEBUG] - STREAM b'IDAT' 41 65536
2025-09-14 18:59:04 - [INFO] - [HOTSPOT FILES] Final selection for post:
2025-09-14 18:59:04 - [INFO] - [HOTSPOT FILES]   yolo_xml: F:\projek dosen\prototype riset\hotspot-analyzer\data\PLANAR\HAHH\110\20250628\post_hotspot_yolo.xml (exists: True, type: original)
2025-09-14 18:59:04 - [INFO] - [HOTSPOT FILES]   otsu_colored: F:\projek dosen\prototype riset\hotspot-analyzer\data\PLANAR\HAHH\110\20250628\post_hotspot_otsu_colored.png (exists: False, type: original)
2025-09-14 18:59:04 - [INFO] - [HOTSPOT FILES]   otsu_colored_blend: F:\projek dosen\prototype riset\hotspot-analyzer\data\PLANAR\HAHH\110\20250628\post_hotspot_otsu_colored_blend.png (exists: False, type: original)
2025-09-14 18:59:04 - [INFO] - [HOTSPOT FILES]   otsu_grayscale: F:\projek dosen\prototype riset\hotspot-analyzer\data\PLANAR\HAHH\110\20250628\post_hotspot_otsu_grayscale.png (exists: False, type: original)
2025-09-14 18:59:04 - [INFO] - [HOTSPOT FILES]   classification_xml: F:\projek dosen\prototype riset\hotspot-analyzer\data\PLANAR\HAHH\110\20250628\post_hotspot_classification.xml (exists: False, type: original)
2025-09-14 18:59:04 - [INFO] - [HOTSPOT FILES]   classification_png: F:\projek dosen\prototype riset\hotspot-analyzer\data\PLANAR\HAHH\110\20250628\post_hotspot_classification.png (exists: False, type: original)
2025-09-14 18:59:04 - [INFO] - Blended hotspot image saved: F:\projek dosen\prototype riset\hotspot-analyzer\data\PLANAR\HAHH\110\20250628\post_hotspot_otsu_colored_blend.png
2025-09-14 18:59:04 - [INFO] - Pure hotspot image saved: F:\projek dosen\prototype riset\hotspot-analyzer\data\PLANAR\HAHH\110\20250628\post_hotspot_otsu_colored.png
2025-09-14 18:59:04 - [INFO] - Hotspot mask saved: F:\projek dosen\prototype riset\hotspot-analyzer\data\PLANAR\HAHH\110\20250628\post_hotspot_otsu_grayscale.png
2025-09-14 18:59:04 - [INFO] - [PROCESS] Posterior hotspot processing completed
2025-09-14 18:59:04 - [INFO] - [PROCESS] Hotspot processing completed for 110.dcm
2025-09-14 18:59:04 - [INFO] - [MEMORY] run_hotspot_processing_in_process - After: 1525.6 MB (diff: +4.9 MB)
2025-09-14 18:59:04 - [INFO] - [SAFE_INFERENCE] Completed run_hotspot_processing_in_process
2025-09-14 18:59:04 - [INFO] - [SAFE_INFERENCE] Post-cleanup for run_hotspot_processing_in_process
2025-09-14 18:59:04 - [INFO] - [CLEANUP] nnUNet cache cleared
2025-09-14 18:59:04 - [INFO] - [CLEANUP] Classification models cleared
2025-09-14 18:59:04 - [INFO] - [CLEANUP] Complete model cleanup finished
2025-09-14 18:59:04 - [INFO] -      Otsu processing completed - hotspot PNG files created
2025-09-14 18:59:04 - [INFO] -   >> Running hotspot classification inference...
2025-09-14 18:59:04 - [INFO] - [HOTSPOT FILES] Final selection for ant:
2025-09-14 18:59:04 - [INFO] - [HOTSPOT FILES]   yolo_xml: F:\projek dosen\prototype riset\hotspot-analyzer\data\PLANAR\HAHH\110\20250628\ant_hotspot_yolo.xml (exists: True, type: original)
2025-09-14 18:59:04 - [INFO] - [HOTSPOT FILES]   otsu_colored: F:\projek dosen\prototype riset\hotspot-analyzer\data\PLANAR\HAHH\110\20250628\ant_hotspot_otsu_colored.png (exists: True, type: original)
2025-09-14 18:59:04 - [INFO] - [HOTSPOT FILES]   otsu_colored_blend: F:\projek dosen\prototype riset\hotspot-analyzer\data\PLANAR\HAHH\110\20250628\ant_hotspot_otsu_colored_blend.png (exists: True, type: original)
2025-09-14 18:59:04 - [INFO] - [HOTSPOT FILES]   otsu_grayscale: F:\projek dosen\prototype riset\hotspot-analyzer\data\PLANAR\HAHH\110\20250628\ant_hotspot_otsu_grayscale.png (exists: True, type: original)
2025-09-14 18:59:04 - [INFO] - [HOTSPOT FILES]   classification_xml: F:\projek dosen\prototype riset\hotspot-analyzer\data\PLANAR\HAHH\110\20250628\ant_hotspot_classification.xml (exists: False, type: original)
2025-09-14 18:59:04 - [INFO] - [HOTSPOT FILES]   classification_png: F:\projek dosen\prototype riset\hotspot-analyzer\data\PLANAR\HAHH\110\20250628\ant_hotspot_classification.png (exists: False, type: original)
2025-09-14 18:59:04 - [INFO] - [HOTSPOT FILES] Final selection for post:
2025-09-14 18:59:04 - [INFO] - [HOTSPOT FILES]   yolo_xml: F:\projek dosen\prototype riset\hotspot-analyzer\data\PLANAR\HAHH\110\20250628\post_hotspot_yolo.xml (exists: True, type: original)
2025-09-14 18:59:04 - [INFO] - [HOTSPOT FILES]   otsu_colored: F:\projek dosen\prototype riset\hotspot-analyzer\data\PLANAR\HAHH\110\20250628\post_hotspot_otsu_colored.png (exists: True, type: original)
2025-09-14 18:59:04 - [INFO] - [HOTSPOT FILES]   otsu_colored_blend: F:\projek dosen\prototype riset\hotspot-analyzer\data\PLANAR\HAHH\110\20250628\post_hotspot_otsu_colored_blend.png (exists: True, type: original)
2025-09-14 18:59:04 - [INFO] - [HOTSPOT FILES]   otsu_grayscale: F:\projek dosen\prototype riset\hotspot-analyzer\data\PLANAR\HAHH\110\20250628\post_hotspot_otsu_grayscale.png (exists: True, type: original)
2025-09-14 18:59:04 - [INFO] - [HOTSPOT FILES]   classification_xml: F:\projek dosen\prototype riset\hotspot-analyzer\data\PLANAR\HAHH\110\20250628\post_hotspot_classification.xml (exists: False, type: original)
2025-09-14 18:59:04 - [INFO] - [HOTSPOT FILES]   classification_png: F:\projek dosen\prototype riset\hotspot-analyzer\data\PLANAR\HAHH\110\20250628\post_hotspot_classification.png (exists: False, type: original)
2025-09-14 18:59:04 - [INFO] -      Mapped: ant_original.png -> 110_20250628_anterior_original.png
2025-09-14 18:59:04 - [INFO] -      Mapped: post_original.png -> 110_20250628_posterior_original.png
2025-09-14 18:59:04 - [INFO] -      Mapped: ant_segm.png -> 110_20250628_anterior_colored.png
2025-09-14 18:59:04 - [INFO] -      Mapped: post_segm.png -> 110_20250628_posterior_colored.png
2025-09-14 18:59:04 - [INFO] -      Mapped: ant_hotspot_otsu_grayscale.png -> 110_20250628_ant_hotspot_mask.png
2025-09-14 18:59:04 - [INFO] -      Mapped: post_hotspot_otsu_grayscale.png -> 110_20250628_post_hotspot_mask.png
2025-09-14 18:59:04 - [INFO] -      Mapped: ant_hotspot_yolo.xml -> 110_20250628_ant.xml
2025-09-14 18:59:04 - [INFO] -      Mapped: post_hotspot_yolo.xml -> 110_20250628_post.xml
2025-09-14 18:59:04 - [INFO] -      Successfully mapped 8 files for classification
2025-09-14 18:59:04 - [INFO] -      Running classification in temp directory: F:\projek dosen\prototype riset\hotspot-analyzer\data\PLANAR\HAHH\110\20250628\temp_classification
2025-09-14 18:59:04 - [INFO] - [SAFE_INFERENCE] Running run_classification_for_patient
2025-09-14 18:59:04 - [INFO] - [MEMORY] run_classification_for_patient - Before: 1525.9 MB
2025-09-14 18:59:04 - [INFO] - [CLASSIFICATION] Starting classification for patient 110
2025-09-14 18:59:04 - [INFO] - [SESSION] Found session code from config: HAHH
2025-09-14 18:59:04 - [INFO] - [CLASSIFICATION] Using session: HAHH
2025-09-14 18:59:04 - [INFO] -      Starting classification for patient 110
2025-09-14 18:59:04 - [INFO] -      Study date: 20250628
2025-09-14 18:59:04 - [INFO] -      Session: 110
2025-09-14 18:59:04 - [INFO] -      Grayscale conversion: Enabled
2025-09-14 18:59:04 - [INFO] -      Processing anterior view with grayscale conversion...
2025-09-14 18:59:04 - [INFO] -        Found raw_original: 110_20250628_anterior_original.png
2025-09-14 18:59:04 - [INFO] -        Found region_mask: 110_20250628_anterior_colored.png
2025-09-14 18:59:04 - [INFO] -        Found hotspot_mask: 110_20250628_ant_hotspot_mask.png
2025-09-14 18:59:04 - [INFO] -        Found xml_file: 110_20250628_ant.xml
2025-09-14 18:59:04 - [INFO] - [DEBUG] Starting classification inference with automatic conversion
2025-09-14 18:59:04 - [INFO] - [DEBUG] Raw PNG path: 110_20250628_anterior_original.png
2025-09-14 18:59:04 - [INFO] - [DEBUG] Segment path: 110_20250628_anterior_colored.png
2025-09-14 18:59:04 - [INFO] - [DEBUG] Hotspot path: 110_20250628_ant_hotspot_mask.png
2025-09-14 18:59:04 - [INFO] - [DEBUG] XML path: 110_20250628_ant.xml
2025-09-14 18:59:04 - [INFO] - [DEBUG] Raw PNG file exists: 75720 bytes
2025-09-14 18:59:04 - [INFO] - [DEBUG] Segment file exists: 6427 bytes
2025-09-14 18:59:04 - [INFO] - [DEBUG] Hotspot file exists: 687 bytes
2025-09-14 18:59:04 - [INFO] - [DEBUG] XML file exists: 1933 bytes
2025-09-14 18:59:04 - [INFO] - [DEBUG] Python path setup completed
2025-09-14 18:59:04 - [INFO] - [DEBUG] Module imported successfully
2025-09-14 18:59:04 - [INFO] - [DEBUG] Model paths updated
2025-09-14 18:59:04 - [INFO] - [DEBUG] Models loaded successfully
2025-09-14 18:59:04 - [INFO] - [DEBUG] Loaded 5 bounding boxes from XML
2025-09-14 18:59:04 - [INFO] - [DEBUG] Bbox 0: {'label': 'Normal', 'bbox': [108, 478, 134, 495], 'xmin': 108, 'ymin': 478, 'xmax': 134, 'ymax': 495}
2025-09-14 18:59:04 - [INFO] - [DEBUG] Bbox 1: {'label': 'Normal', 'bbox': [137, 322, 163, 358], 'xmin': 137, 'ymin': 322, 'xmax': 163, 'ymax': 358}
2025-09-14 18:59:04 - [INFO] - [DEBUG] Bbox 2: {'label': 'Abnormal', 'bbox': [51, 568, 67, 586], 'xmin': 51, 'ymin': 568, 'xmax': 67, 'ymax': 586}
2025-09-14 18:59:04 - [INFO] - [DEBUG] Bbox 3: {'label': 'Abnormal', 'bbox': [138, 24, 149, 35], 'xmin': 138, 'ymin': 24, 'xmax': 149, 'ymax': 35}
2025-09-14 18:59:04 - [INFO] - [DEBUG] Bbox 4: {'label': 'Abnormal', 'bbox': [151, 17, 165, 33], 'xmin': 151, 'ymin': 17, 'xmax': 165, 'ymax': 33}
2025-09-14 18:59:04 - [INFO] - [DEBUG] Image loading test:
2025-09-14 18:59:04 - [INFO] -   Raw: (1024, 256, 1)
2025-09-14 18:59:04 - [INFO] -   Segment: (1024, 256, 3) (colored: True)
2025-09-14 18:59:04 - [INFO] -   Hotspot: (1024, 256, 1)
2025-09-14 18:59:04 - [INFO] - [DEBUG] Starting inference_classification with automatic colored-to-grayscale conversion...
2025-09-14 18:59:04 - [INFO] - [DEBUG] Conversion will create: 110_20250628_anterior_colored_grayscaledSegmentation.png if needed
2025-09-14 18:59:04 - [INFO] - [INFERENCE DEBUG] Starting inference with automatic conversion
2025-09-14 18:59:04 - [INFO] - [INFERENCE DEBUG] Input paths:
2025-09-14 18:59:04 - [INFO] -   Raw: 110_20250628_anterior_original.png
2025-09-14 18:59:04 - [INFO] -   Segment: 110_20250628_anterior_colored.png
2025-09-14 18:59:04 - [INFO] -   Hotspot: 110_20250628_ant_hotspot_mask.png
2025-09-14 18:59:04 - [INFO] -   XML: 5
2025-09-14 18:59:04 - [INFO] - [DEBUG] Checking segmentation: 110_20250628_anterior_colored.png
2025-09-14 18:59:04 - [INFO] - [DEBUG] Detected colored segmentation, converting to grayscale...
2025-09-14 18:59:04 - [INFO] - [DEBUG] Converting colored to grayscale and saving...
2025-09-14 18:59:04 - [DEBUG] - STREAM b'IHDR' 16 13
2025-09-14 18:59:04 - [DEBUG] - STREAM b'IDAT' 41 6370
2025-09-14 18:59:04 - [INFO] - [DEBUG] Saved grayscale segmentation: 110_20250628_anterior_colored_grayscaledSegmentation.png
2025-09-14 18:59:04 - [INFO] - [INFERENCE DEBUG] Using segmentation: 110_20250628_anterior_colored_grayscaledSegmentation.png
2025-09-14 18:59:04 - [INFO] - [INFERENCE DEBUG] Images loaded:
2025-09-14 18:59:04 - [INFO] -   Raw: (1024, 256)
2025-09-14 18:59:04 - [INFO] -   Segment: (1024, 256)
2025-09-14 18:59:04 - [INFO] -   Hotspot: (1024, 256)
2025-09-14 18:59:04 - [INFO] - [INFERENCE DEBUG] Loaded 5 bounding boxes
2025-09-14 18:59:04 - [INFO] - [INFERENCE DEBUG] Processing bbox 0: {'label': 'Normal', 'bbox': [108, 478, 134, 495], 'xmin': 108, 'ymin': 478, 'xmax': 134, 'ymax': 495}
2025-09-14 18:59:04 - [INFO] - [SEGMENT MAPPING] ID 0 → background
2025-09-14 18:59:04 - [INFO] - [INFERENCE DEBUG] Feature extraction failed for bbox 0
2025-09-14 18:59:04 - [INFO] - [INFERENCE DEBUG] Processing bbox 1: {'label': 'Normal', 'bbox': [137, 322, 163, 358], 'xmin': 137, 'ymin': 322, 'xmax': 163, 'ymax': 358}
2025-09-14 18:59:04 - [INFO] - [SEGMENT MAPPING] ID 0 → background
2025-09-14 18:59:04 - [INFO] - [INFERENCE DEBUG] Feature extraction failed for bbox 1
2025-09-14 18:59:04 - [INFO] - [INFERENCE DEBUG] Processing bbox 2: {'label': 'Abnormal', 'bbox': [51, 568, 67, 586], 'xmin': 51, 'ymin': 568, 'xmax': 67, 'ymax': 586}
2025-09-14 18:59:04 - [INFO] - [SEGMENT MAPPING] ID 12 → femur
2025-09-14 18:59:04 - [INFO] - Calculating features with label: 1
2025-09-14 18:59:04 - [INFO] - Loading image and mask
2025-09-14 18:59:04 - [WARNING] - Shape features are only available 3D input (for 2D input, use shape2D). Found 2D input
2025-09-14 18:59:04 - [INFO] - Computing shape2D
2025-09-14 18:59:04 - [INFO] - Adding image type "Original" with custom settings: {}
2025-09-14 18:59:04 - [INFO] - Calculating features for original image
2025-09-14 18:59:04 - [INFO] - Computing firstorder
2025-09-14 18:59:04 - [INFO] - Computing glcm
2025-09-14 18:59:04 - [WARNING] - GLCM is symmetrical, therefore Sum Average = 2 * Joint Average, only 1 needs to be calculated
2025-09-14 18:59:04 - [INFO] - Computing gldm
2025-09-14 18:59:04 - [INFO] - Computing glrlm
2025-09-14 18:59:04 - [INFO] - Computing glszm
2025-09-14 18:59:04 - [INFO] - Computing ngtdm
2025-09-14 18:59:04 - [INFO] - Calculating features with label: 1
2025-09-14 18:59:04 - [INFO] - Loading image and mask
2025-09-14 18:59:04 - [WARNING] - Shape features are only available 3D input (for 2D input, use shape2D). Found 2D input
2025-09-14 18:59:04 - [INFO] - Computing shape2D
2025-09-14 18:59:04 - [INFO] - Adding image type "Original" with custom settings: {}
2025-09-14 18:59:04 - [INFO] - Calculating features for original image
2025-09-14 18:59:04 - [INFO] - Computing firstorder
2025-09-14 18:59:04 - [INFO] - Computing glcm
2025-09-14 18:59:04 - [WARNING] - GLCM is symmetrical, therefore Sum Average = 2 * Joint Average, only 1 needs to be calculated
2025-09-14 18:59:04 - [INFO] - Computing gldm
2025-09-14 18:59:04 - [INFO] - Computing glrlm
2025-09-14 18:59:04 - [INFO] - Computing glszm
2025-09-14 18:59:04 - [INFO] - Computing ngtdm
2025-09-14 18:59:04 - [INFO] - [INFERENCE DEBUG] Feature extracted for bbox 2: segment=femur
2025-09-14 18:59:04 - [INFO] - [INFERENCE DEBUG] Processing bbox 3: {'label': 'Abnormal', 'bbox': [138, 24, 149, 35], 'xmin': 138, 'ymin': 24, 'xmax': 149, 'ymax': 35}
2025-09-14 18:59:04 - [INFO] - [SEGMENT MAPPING] ID 1 → skull
2025-09-14 18:59:04 - [INFO] - Calculating features with label: 1
2025-09-14 18:59:04 - [INFO] - Loading image and mask
2025-09-14 18:59:04 - [WARNING] - Shape features are only available 3D input (for 2D input, use shape2D). Found 2D input
2025-09-14 18:59:04 - [INFO] - Computing shape2D
2025-09-14 18:59:04 - [INFO] - Adding image type "Original" with custom settings: {}
2025-09-14 18:59:04 - [INFO] - Calculating features for original image
2025-09-14 18:59:04 - [INFO] - Computing firstorder
2025-09-14 18:59:04 - [INFO] - Computing glcm
2025-09-14 18:59:04 - [WARNING] - GLCM is symmetrical, therefore Sum Average = 2 * Joint Average, only 1 needs to be calculated
2025-09-14 18:59:04 - [INFO] - Computing gldm
2025-09-14 18:59:04 - [INFO] - Computing glrlm
2025-09-14 18:59:04 - [INFO] - Computing glszm
2025-09-14 18:59:04 - [INFO] - Computing ngtdm
2025-09-14 18:59:04 - [INFO] - Calculating features with label: 1
2025-09-14 18:59:04 - [INFO] - Loading image and mask
2025-09-14 18:59:04 - [WARNING] - Shape features are only available 3D input (for 2D input, use shape2D). Found 2D input
2025-09-14 18:59:04 - [INFO] - Computing shape2D
2025-09-14 18:59:04 - [INFO] - Adding image type "Original" with custom settings: {}
2025-09-14 18:59:04 - [INFO] - Calculating features for original image
2025-09-14 18:59:04 - [INFO] - Computing firstorder
2025-09-14 18:59:04 - [INFO] - Computing glcm
2025-09-14 18:59:04 - [WARNING] - GLCM is symmetrical, therefore Sum Average = 2 * Joint Average, only 1 needs to be calculated
2025-09-14 18:59:04 - [INFO] - Computing gldm
2025-09-14 18:59:04 - [INFO] - Computing glrlm
2025-09-14 18:59:04 - [INFO] - Computing glszm
2025-09-14 18:59:04 - [INFO] - Computing ngtdm
2025-09-14 18:59:04 - [INFO] - [INFERENCE DEBUG] Feature extracted for bbox 3: segment=skull
2025-09-14 18:59:04 - [INFO] - [INFERENCE DEBUG] Processing bbox 4: {'label': 'Abnormal', 'bbox': [151, 17, 165, 33], 'xmin': 151, 'ymin': 17, 'xmax': 165, 'ymax': 33}
2025-09-14 18:59:04 - [INFO] - [SEGMENT MAPPING] ID 1 → skull
2025-09-14 18:59:04 - [INFO] - Calculating features with label: 1
2025-09-14 18:59:04 - [INFO] - Loading image and mask
2025-09-14 18:59:05 - [WARNING] - Shape features are only available 3D input (for 2D input, use shape2D). Found 2D input
2025-09-14 18:59:05 - [INFO] - Computing shape2D
2025-09-14 18:59:05 - [INFO] - Adding image type "Original" with custom settings: {}
2025-09-14 18:59:05 - [INFO] - Calculating features for original image
2025-09-14 18:59:05 - [INFO] - Computing firstorder
2025-09-14 18:59:05 - [INFO] - Computing glcm
2025-09-14 18:59:05 - [WARNING] - GLCM is symmetrical, therefore Sum Average = 2 * Joint Average, only 1 needs to be calculated
2025-09-14 18:59:05 - [INFO] - Computing gldm
2025-09-14 18:59:05 - [INFO] - Computing glrlm
2025-09-14 18:59:05 - [INFO] - Computing glszm
2025-09-14 18:59:05 - [INFO] - Computing ngtdm
2025-09-14 18:59:05 - [INFO] - Calculating features with label: 1
2025-09-14 18:59:05 - [INFO] - Loading image and mask
2025-09-14 18:59:05 - [WARNING] - Shape features are only available 3D input (for 2D input, use shape2D). Found 2D input
2025-09-14 18:59:05 - [INFO] - Computing shape2D
2025-09-14 18:59:05 - [INFO] - Adding image type "Original" with custom settings: {}
2025-09-14 18:59:05 - [INFO] - Calculating features for original image
2025-09-14 18:59:05 - [INFO] - Computing firstorder
2025-09-14 18:59:05 - [INFO] - Computing glcm
2025-09-14 18:59:05 - [WARNING] - GLCM is symmetrical, therefore Sum Average = 2 * Joint Average, only 1 needs to be calculated
2025-09-14 18:59:05 - [INFO] - Computing gldm
2025-09-14 18:59:05 - [INFO] - Computing glrlm
2025-09-14 18:59:05 - [INFO] - Computing glszm
2025-09-14 18:59:05 - [INFO] - Computing ngtdm
2025-09-14 18:59:05 - [INFO] - [INFERENCE DEBUG] Feature extracted for bbox 4: segment=skull
2025-09-14 18:59:05 - [INFO] - [INFERENCE DEBUG] Extracted 3 valid features
2025-09-14 18:59:05 - [INFO] - [INFERENCE DEBUG] Prediction completed: 3 results
2025-09-14 18:59:05 - [INFO] - [INFERENCE DEBUG] Final output: 3 classifications
2025-09-14 18:59:05 - [INFO] - [DEBUG] Creating hotspot mask with shape: (1024, 256)
2025-09-14 18:59:05 - [INFO] - [DEBUG] Processing 3 results
2025-09-14 18:59:05 - [INFO] - [DEBUG] Result 0: Abnormal, 279 coordinates, pixel_value=1
2025-09-14 18:59:05 - [INFO] - [DEBUG] After processing result 0, mask has 279 non-zero pixels
2025-09-14 18:59:05 - [INFO] - [DEBUG] Result 1: Normal, 121 coordinates, pixel_value=2
2025-09-14 18:59:05 - [INFO] - [DEBUG] After processing result 1, mask has 400 non-zero pixels
2025-09-14 18:59:05 - [INFO] - [DEBUG] Result 2: Normal, 202 coordinates, pixel_value=2
2025-09-14 18:59:05 - [INFO] - [DEBUG] After processing result 2, mask has 602 non-zero pixels
2025-09-14 18:59:05 - [INFO] - [DEBUG] Final mask stats: shape=(1024, 256), unique_values=[0 1 2], non_zero_count=602
2025-09-14 18:59:05 - [INFO] - [INFERENCE DEBUG] Creating RGB mask for PIL save
2025-09-14 18:59:05 - [INFO] - [INFERENCE DEBUG] RGB mask created - PIL will preserve colors correctly
2025-09-14 18:59:05 - [INFO] - [DEBUG] Classification completed
2025-09-14 18:59:05 - [INFO] - [DEBUG] Result list length: 3
2025-09-14 18:59:05 - [INFO] - [DEBUG] Result mask shape: (1024, 256, 3)
2025-09-14 18:59:05 - [INFO] - [DEBUG] Result 0: prediction=Abnormal, prob_abnormal=0.978
2025-09-14 18:59:05 - [INFO] - [DEBUG] Result 1: prediction=Normal, prob_abnormal=0.008
2025-09-14 18:59:05 - [INFO] - [DEBUG] Result 2: prediction=Normal, prob_abnormal=0.099
2025-09-14 18:59:05 - [INFO] -      Saving classification results to temp directory:
2025-09-14 18:59:05 - [INFO] -        JSON: 110_20250628_ant_classification.json
2025-09-14 18:59:05 - [INFO] -        XML: 110_20250628_ant_classification.xml
2025-09-14 18:59:05 - [INFO] -        Mask: 110_20250628_anterior_classification_mask.png
2025-09-14 18:59:05 - [INFO] - [XML CREATE]   Created classification XML: 110_20250628_ant_classification.xml
2025-09-14 18:59:05 - [INFO] - [XML CREATE] Converted 3 classified hotspots
2025-09-14 18:59:05 - [INFO] -          Saved mask with PIL RGB mode
2025-09-14 18:59:05 - [INFO] -          Classification results saved successfully
2025-09-14 18:59:05 - [INFO] -      Anterior classification completed: 3 hotspots classified
2025-09-14 18:59:05 - [INFO] -      Processing posterior view with grayscale conversion...
2025-09-14 18:59:05 - [INFO] -        Found raw_original: 110_20250628_posterior_original.png
2025-09-14 18:59:05 - [INFO] -        Found region_mask: 110_20250628_posterior_colored.png
2025-09-14 18:59:05 - [INFO] -        Found hotspot_mask: 110_20250628_post_hotspot_mask.png
2025-09-14 18:59:05 - [INFO] -        Found xml_file: 110_20250628_post.xml
2025-09-14 18:59:05 - [INFO] - [DEBUG] Starting classification inference with automatic conversion
2025-09-14 18:59:05 - [INFO] - [DEBUG] Raw PNG path: 110_20250628_posterior_original.png
2025-09-14 18:59:05 - [INFO] - [DEBUG] Segment path: 110_20250628_posterior_colored.png
2025-09-14 18:59:05 - [INFO] - [DEBUG] Hotspot path: 110_20250628_post_hotspot_mask.png
2025-09-14 18:59:05 - [INFO] - [DEBUG] XML path: 110_20250628_post.xml
2025-09-14 18:59:05 - [INFO] - [DEBUG] Raw PNG file exists: 75240 bytes
2025-09-14 18:59:05 - [INFO] - [DEBUG] Segment file exists: 6132 bytes
2025-09-14 18:59:05 - [INFO] - [DEBUG] Hotspot file exists: 567 bytes
2025-09-14 18:59:05 - [INFO] - [DEBUG] XML file exists: 982 bytes
2025-09-14 18:59:05 - [INFO] - [DEBUG] Python path setup completed
2025-09-14 18:59:05 - [INFO] - [DEBUG] Module imported successfully
2025-09-14 18:59:05 - [INFO] - [DEBUG] Model paths updated
2025-09-14 18:59:05 - [INFO] - [DEBUG] Models loaded successfully
2025-09-14 18:59:05 - [INFO] - [DEBUG] Loaded 2 bounding boxes from XML
2025-09-14 18:59:05 - [INFO] - [DEBUG] Bbox 0: {'label': 'Normal', 'bbox': [123, 481, 145, 497], 'xmin': 123, 'ymin': 481, 'xmax': 145, 'ymax': 497}
2025-09-14 18:59:05 - [INFO] - [DEBUG] Bbox 1: {'label': 'Normal', 'bbox': [91, 319, 117, 360], 'xmin': 91, 'ymin': 319, 'xmax': 117, 'ymax': 360}
2025-09-14 18:59:05 - [INFO] - [DEBUG] Image loading test:
2025-09-14 18:59:05 - [INFO] -   Raw: (1024, 256, 1)
2025-09-14 18:59:05 - [INFO] -   Segment: (1024, 256, 3) (colored: True)
2025-09-14 18:59:05 - [INFO] -   Hotspot: (1024, 256, 1)
2025-09-14 18:59:05 - [INFO] - [DEBUG] Starting inference_classification with automatic colored-to-grayscale conversion...
2025-09-14 18:59:05 - [INFO] - [DEBUG] Conversion will create: 110_20250628_posterior_colored_grayscaledSegmentation.png if needed
2025-09-14 18:59:05 - [INFO] - [INFERENCE DEBUG] Starting inference with automatic conversion
2025-09-14 18:59:05 - [INFO] - [INFERENCE DEBUG] Input paths:
2025-09-14 18:59:05 - [INFO] -   Raw: 110_20250628_posterior_original.png
2025-09-14 18:59:05 - [INFO] -   Segment: 110_20250628_posterior_colored.png
2025-09-14 18:59:05 - [INFO] -   Hotspot: 110_20250628_post_hotspot_mask.png
2025-09-14 18:59:05 - [INFO] -   XML: 2
2025-09-14 18:59:05 - [INFO] - [DEBUG] Checking segmentation: 110_20250628_posterior_colored.png
2025-09-14 18:59:05 - [INFO] - [DEBUG] Detected colored segmentation, converting to grayscale...
2025-09-14 18:59:05 - [INFO] - [DEBUG] Converting colored to grayscale and saving...
2025-09-14 18:59:05 - [DEBUG] - STREAM b'IHDR' 16 13
2025-09-14 18:59:05 - [DEBUG] - STREAM b'IDAT' 41 6075
2025-09-14 18:59:05 - [INFO] - [DEBUG] Saved grayscale segmentation: 110_20250628_posterior_colored_grayscaledSegmentation.png
2025-09-14 18:59:05 - [INFO] - [INFERENCE DEBUG] Using segmentation: 110_20250628_posterior_colored_grayscaledSegmentation.png
2025-09-14 18:59:05 - [INFO] - [INFERENCE DEBUG] Images loaded:
2025-09-14 18:59:05 - [INFO] -   Raw: (1024, 256)
2025-09-14 18:59:05 - [INFO] -   Segment: (1024, 256)
2025-09-14 18:59:05 - [INFO] -   Hotspot: (1024, 256)
2025-09-14 18:59:05 - [INFO] - [INFERENCE DEBUG] Loaded 2 bounding boxes
2025-09-14 18:59:05 - [INFO] - [INFERENCE DEBUG] Processing bbox 0: {'label': 'Normal', 'bbox': [123, 481, 145, 497], 'xmin': 123, 'ymin': 481, 'xmax': 145, 'ymax': 497}
2025-09-14 18:59:05 - [INFO] - [SEGMENT MAPPING] ID 0 → background
2025-09-14 18:59:05 - [INFO] - [INFERENCE DEBUG] Feature extraction failed for bbox 0
2025-09-14 18:59:05 - [INFO] - [INFERENCE DEBUG] Processing bbox 1: {'label': 'Normal', 'bbox': [91, 319, 117, 360], 'xmin': 91, 'ymin': 319, 'xmax': 117, 'ymax': 360}
2025-09-14 18:59:05 - [INFO] - [SEGMENT MAPPING] ID 0 → background
2025-09-14 18:59:05 - [INFO] - [INFERENCE DEBUG] Feature extraction failed for bbox 1
2025-09-14 18:59:05 - [INFO] - [INFERENCE DEBUG] No valid features extracted
2025-09-14 18:59:05 - [INFO] - [DEBUG] Classification completed
2025-09-14 18:59:05 - [INFO] - [DEBUG] Result list length: 0
2025-09-14 18:59:05 - [INFO] - [DEBUG] Result mask shape: None
2025-09-14 18:59:05 - [INFO] -      Posterior classification failed
2025-09-14 18:59:05 - [INFO] -      Classification completed for patient 110
2025-09-14 18:59:05 - [INFO] - [CLASSIFICATION] Classification completed successfully
2025-09-14 18:59:05 - [INFO] - [MEMORY] run_classification_for_patient - After: 1533.8 MB (diff: +7.9 MB)
2025-09-14 18:59:05 - [INFO] - [SAFE_INFERENCE] Completed run_classification_for_patient
2025-09-14 18:59:05 - [INFO] - [SAFE_INFERENCE] Post-cleanup for run_classification_for_patient
2025-09-14 18:59:05 - [INFO] - [CLEANUP] nnUNet cache cleared
2025-09-14 18:59:05 - [INFO] - [CLEANUP] Classification models cleared
2025-09-14 18:59:05 - [INFO] - [CLEANUP] Complete model cleanup finished
2025-09-14 18:59:05 - [INFO] -      Copying classification results back to main folder with NEW naming...
2025-09-14 18:59:05 - [INFO] - [HOTSPOT FILES] Final selection for ant:
2025-09-14 18:59:05 - [INFO] - [HOTSPOT FILES]   yolo_xml: F:\projek dosen\prototype riset\hotspot-analyzer\data\PLANAR\HAHH\110\20250628\ant_hotspot_yolo.xml (exists: True, type: original)
2025-09-14 18:59:05 - [INFO] - [HOTSPOT FILES]   otsu_colored: F:\projek dosen\prototype riset\hotspot-analyzer\data\PLANAR\HAHH\110\20250628\ant_hotspot_otsu_colored.png (exists: True, type: original)
2025-09-14 18:59:05 - [INFO] - [HOTSPOT FILES]   otsu_colored_blend: F:\projek dosen\prototype riset\hotspot-analyzer\data\PLANAR\HAHH\110\20250628\ant_hotspot_otsu_colored_blend.png (exists: True, type: original)
2025-09-14 18:59:05 - [INFO] - [HOTSPOT FILES]   otsu_grayscale: F:\projek dosen\prototype riset\hotspot-analyzer\data\PLANAR\HAHH\110\20250628\ant_hotspot_otsu_grayscale.png (exists: True, type: original)
2025-09-14 18:59:05 - [INFO] - [HOTSPOT FILES]   classification_xml: F:\projek dosen\prototype riset\hotspot-analyzer\data\PLANAR\HAHH\110\20250628\ant_hotspot_classification.xml (exists: False, type: original)
2025-09-14 18:59:05 - [INFO] - [HOTSPOT FILES]   classification_png: F:\projek dosen\prototype riset\hotspot-analyzer\data\PLANAR\HAHH\110\20250628\ant_hotspot_classification.png (exists: False, type: original)
2025-09-14 18:59:05 - [INFO] -        Copied XML: 110_20250628_ant_classification.xml -> ant_hotspot_classification.xml
2025-09-14 18:59:05 - [INFO] -        Copied PNG: 110_20250628_anterior_classification_mask.png -> ant_hotspot_classification.png
2025-09-14 18:59:05 - [INFO] -        Copied JSON: 110_20250628_ant_classification.json -> ant_hotspot_classification.json
2025-09-14 18:59:05 - [INFO] - [HOTSPOT FILES] Final selection for post:
2025-09-14 18:59:05 - [INFO] - [HOTSPOT FILES]   yolo_xml: F:\projek dosen\prototype riset\hotspot-analyzer\data\PLANAR\HAHH\110\20250628\post_hotspot_yolo.xml (exists: True, type: original)
2025-09-14 18:59:05 - [INFO] - [HOTSPOT FILES]   otsu_colored: F:\projek dosen\prototype riset\hotspot-analyzer\data\PLANAR\HAHH\110\20250628\post_hotspot_otsu_colored.png (exists: True, type: original)
2025-09-14 18:59:05 - [INFO] - [HOTSPOT FILES]   otsu_colored_blend: F:\projek dosen\prototype riset\hotspot-analyzer\data\PLANAR\HAHH\110\20250628\post_hotspot_otsu_colored_blend.png (exists: True, type: original)
2025-09-14 18:59:05 - [INFO] - [HOTSPOT FILES]   otsu_grayscale: F:\projek dosen\prototype riset\hotspot-analyzer\data\PLANAR\HAHH\110\20250628\post_hotspot_otsu_grayscale.png (exists: True, type: original)
2025-09-14 18:59:05 - [INFO] - [HOTSPOT FILES]   classification_xml: F:\projek dosen\prototype riset\hotspot-analyzer\data\PLANAR\HAHH\110\20250628\post_hotspot_classification.xml (exists: False, type: original)
2025-09-14 18:59:05 - [INFO] - [HOTSPOT FILES]   classification_png: F:\projek dosen\prototype riset\hotspot-analyzer\data\PLANAR\HAHH\110\20250628\post_hotspot_classification.png (exists: False, type: original)
2025-09-14 18:59:05 - [INFO] -        Cleaned up temp directory
2025-09-14 18:59:05 - [INFO] -      Classification completed - Normal/Abnormal results saved
2025-09-14 18:59:05 - [INFO] -   >> Running BSI quantification with classification masks...
2025-09-14 18:59:05 - [INFO] - [SESSION] Found session code from config: HAHH
2025-09-14 18:59:05 - [INFO] - [PROCESSING] Running V1.2 quantification for patient 110 in session HAHH
2025-09-14 18:59:05 - [INFO] -      Starting V1.2 BSI quantification for patient 110
2025-09-14 18:59:05 - [INFO] -      New workflow: Color-based segmentation + Single/Dual view processing
2025-09-14 18:59:05 - [INFO] - 
🔧 [DEBUG WRAPPER GANTENG] ===================
2025-09-14 18:59:05 - [INFO] - 🔧 [DEBUG WRAPPER] Getting quantification input paths:
2025-09-14 18:59:05 - [INFO] - 🔧 [DEBUG WRAPPER]   Patient folder: F:\projek dosen\prototype riset\hotspot-analyzer\data\PLANAR\HAHH\110\20250628
2025-09-14 18:59:05 - [INFO] - 🔧 [DEBUG WRAPPER]   Filename stem: 110_20250628
2025-09-14 18:59:05 - [INFO] - 🔧 [DEBUG WRAPPER]   Folder exists: True
2025-09-14 18:59:05 - [INFO] - 🔧 [DEBUG WRAPPER] Classification files:
2025-09-14 18:59:05 - [INFO] - 🔧 [DEBUG WRAPPER]   Anterior mask: True
2025-09-14 18:59:05 - [INFO] - 🔧 [DEBUG WRAPPER]   Posterior mask: False
2025-09-14 18:59:05 - [INFO] - 🔧 [DEBUG WRAPPER] Segmentation files:
2025-09-14 18:59:05 - [INFO] - 🔧 [DEBUG WRAPPER]   Anterior seg: True
2025-09-14 18:59:05 - [INFO] - 🔧 [DEBUG WRAPPER]   Posterior seg: True
2025-09-14 18:59:05 - [INFO] -   [DEBUG QUANT FILES] Getting quantification files for: F:\projek dosen\prototype riset\hotspot-analyzer\data\PLANAR\HAHH\110\20250628
2025-09-14 18:59:05 - [INFO] -   [DEBUG QUANT FILES] Detected study_date folder: F:\projek dosen\prototype riset\hotspot-analyzer\data\PLANAR\HAHH\110\20250628
2025-09-14 18:59:05 - [INFO] -   [DEBUG QUANT FILES] Generated paths:
2025-09-14 18:59:05 - [INFO] -   [DEBUG QUANT FILES]   bsi_json_ant: F:\projek dosen\prototype riset\hotspot-analyzer\data\PLANAR\HAHH\110\20250628\bsi_quantification_ant.json (exists: False)
2025-09-14 18:59:05 - [INFO] -   [DEBUG QUANT FILES]   bsi_json_post: F:\projek dosen\prototype riset\hotspot-analyzer\data\PLANAR\HAHH\110\20250628\bsi_quantification_post.json (exists: False)
2025-09-14 18:59:05 - [INFO] - 🔧 [DEBUG WRAPPER] Final paths:
2025-09-14 18:59:05 - [INFO] - 🔧 [DEBUG WRAPPER]   segmentation_anterior: F:\projek dosen\prototype riset\hotspot-analyzer\data\PLANAR\HAHH\110\20250628\ant_segm.png (exists: True)
2025-09-14 18:59:05 - [INFO] - 🔧 [DEBUG WRAPPER]   segmentation_posterior: F:\projek dosen\prototype riset\hotspot-analyzer\data\PLANAR\HAHH\110\20250628\post_segm.png (exists: True)
2025-09-14 18:59:05 - [INFO] - 🔧 [DEBUG WRAPPER]   hotspot_anterior: F:\projek dosen\prototype riset\hotspot-analyzer\data\PLANAR\HAHH\110\20250628\ant_hotspot_classification.png (exists: True)
2025-09-14 18:59:05 - [INFO] - 🔧 [DEBUG WRAPPER]   hotspot_posterior: F:\projek dosen\prototype riset\hotspot-analyzer\data\PLANAR\HAHH\110\20250628\post_hotspot_classification.png (exists: False)
2025-09-14 18:59:05 - [INFO] - 🔧 [DEBUG WRAPPER]   output_anterior: F:\projek dosen\prototype riset\hotspot-analyzer\data\PLANAR\HAHH\110\20250628\bsi_quantification_ant.json (exists: False)
2025-09-14 18:59:05 - [INFO] - 🔧 [DEBUG WRAPPER]   output_posterior: F:\projek dosen\prototype riset\hotspot-analyzer\data\PLANAR\HAHH\110\20250628\bsi_quantification_post.json (exists: False)
2025-09-14 18:59:05 - [INFO] -      File availability check:
2025-09-14 18:59:05 - [INFO] -        Anterior pair available: True
2025-09-14 18:59:05 - [INFO] -        Posterior pair available: False
2025-09-14 18:59:05 - [INFO] -      [INFO] Some files missing (but proceeding): hotspot_posterior (post_hotspot_classification.png)
2025-09-14 18:59:05 - [INFO] -      Processing V1.2 quantification with color-based segmentation...
2025-09-14 18:59:05 - [INFO] -      Processing anterior view...
2025-09-14 18:59:06 - [INFO] -        Anterior processing completed
2025-09-14 18:59:06 - [INFO] -      ⏭️ Skipping posterior view (files not available)
2025-09-14 18:59:06 - [INFO] -      Calculating BSI scores...
2025-09-14 18:59:06 - [INFO] -      Scenario: Only anterior view available
2025-09-14 18:59:06 - [INFO] -        Single-view (anterior) BSI quantification completed
2025-09-14 18:59:06 - [INFO] -      Anterior BSI: 0.026
2025-09-14 18:59:06 - [INFO] -      Note: Posterior files not available
2025-09-14 18:59:06 - [INFO] -      Results saved to patient folder
2025-09-14 18:59:06 - [INFO] - [PROCESSING]   V1.2 quantification completed for 110
2025-09-14 18:59:06 - [INFO] -      BSI quantification completed - results saved
2025-09-14 18:59:06 - [INFO] -   >> Cloud storage disabled - skipping upload
2025-09-14 18:59:06 - [INFO] -     DICOM processing completed - ORIGINAL DICOM UNTOUCHED
2025-09-14 18:59:06 - [INFO] -   Files saved locally: 6 PNG output files
2025-09-14 18:59:06 - [INFO] -   Views processed: ['Anterior', 'Posterior']
2025-09-14 18:59:06 - [INFO] -   ORIGINAL DICOM: 110.dcm (NO MODIFICATION)
2025-09-14 18:59:06 - [INFO] - ## File 4/4 completed successfully - ORIGINAL DICOM PRESERVED
2025-09-14 18:59:06 - [INFO] - ## Batch import process completed
2025-09-14 18:59:06 - [INFO] - ##   DICOM PROTECTION: All original DICOM files preserved without modification
2025-09-14 18:59:06 - [INFO] - ##   OUTPUT GENERATION: PNG/XML analysis files created successfully
2025-09-14 18:59:06 - [INFO] - ##   CLOUD UPLOAD: Original PNG files uploaded to cloud storage
2025-09-14 18:59:06 - [INFO] - ## All files use study date naming convention with proper view names.
2025-09-14 18:59:06 - [INFO] - 🎉 Enhanced import workflow completed!
2025-09-14 18:59:06 - [INFO] - All files processed with proper Anterior/Posterior naming
2025-09-14 18:59:06 - [INFO] -   Successfully processed: All 4 auto-tagged files
2025-09-14 18:59:06 - [INFO] - Rescanning folder...
2025-09-14 18:59:06 - [INFO] - Ditemukan 63 file DICOM di 'F:\projek dosen\prototype riset\hotspot-analyzer\data\PLANAR'
2025-09-14 18:59:06 - [INFO] - Ditemukan 9 session, 51 pasien (total 63 file DICOM).
2025-09-14 18:59:06 - [INFO] -     ALL: 1 pasien, 1 file
2025-09-14 18:59:06 - [INFO] -     ATL: 4 pasien, 4 file
2025-09-14 18:59:06 - [INFO] -     HAH: 14 pasien, 14 file
2025-09-14 18:59:06 - [INFO] -     HAHH: 19 pasien, 19 file
2025-09-14 18:59:06 - [INFO] -     HEHE: 2 pasien, 2 file
2025-09-14 18:59:06 - [INFO] -     NBL: 1 pasien, 5 file
2025-09-14 18:59:06 - [INFO] -     NSY: 4 pasien, 8 file
2025-09-14 18:59:06 - [INFO] -     PVSA: 2 pasien, 2 file
2025-09-14 18:59:06 - [INFO] -     WKW: 4 pasien, 8 file
2025-09-14 18:59:06 - [INFO] - [DEBUG] display_timeline called with 0 scan(s), focusing on index = -1
2025-09-14 18:59:06 - [INFO] - [DEBUG] Rebuilding timeline for active scan index: -1
2025-09-14 18:59:06 - [INFO] - [BSI SIDE PANEL] Clearing data...
2025-09-14 18:59:18 - [INFO] - [DEBUG] Application exited with code: 0
2025-09-14 18:59:18 - [INFO] - Aplikasi terminated normally
