2025-09-10 13:40:24 - [INFO] - Logger berhasil dikonfigurasi. Memulai aplikasi...
2025-09-10 13:40:24 - [INFO] - [DEBUG] Running in development mode
2025-09-10 13:40:24 - [INFO] - [DEBUG] Starting TELPLASTINA...
2025-09-10 13:40:24 - [INFO] - [UI] Application icon loaded: assets\icon.ico
2025-09-10 13:40:24 - [INFO] - [UI] Poppins font applied
2025-09-10 13:40:24 - [INFO] - [DEBUG] TELPLASTINA application created and configured
2025-09-10 13:40:24 - [INFO] - [DEBUG] Starting session with 100ms delay...
2025-09-10 13:40:25 - [INFO] - [DEBUG] === Starting new session ===
2025-09-10 13:40:25 - [INFO] - [DEBUG] Development mode - creating dialog immediately
2025-09-10 13:40:25 - [INFO] - [DEBUG] Creating doctor selection dialog (attempt 1/3)...
2025-09-10 13:40:25 - [INFO] - [PATHS] Found YOLO model at: F:\projek dosen\prototype riset\hotspot-analyzer\models\hotspot_detection\models\model_detection_hs_yolov8.pt
2025-09-10 13:40:25 - [INFO] - [DEBUG] Dialog class imported successfully
2025-09-10 13:40:26 - [INFO] - [DEBUG] Dialog instance created successfully
2025-09-10 13:40:27 - [INFO] - [DEBUG] Dialog window properties set
2025-09-10 13:40:27 - [INFO] - [DEBUG] Showing dialog to user...
2025-09-10 13:40:27 - [INFO] - [DEBUG] Dialog shown successfully
2025-09-10 13:40:27 - [INFO] - [DEBUG] Waiting for user input...
2025-09-10 13:41:20 - [INFO] - [SESSION] Created session: WKW_Planar_20250910_134120
2025-09-10 13:41:20 - [INFO] - [SESSION] Created: WKW_Planar_20250910_134120
2025-09-10 13:41:20 - [INFO] - [DEBUG] Dialog execution completed with result: 1
2025-09-10 13:41:20 - [INFO] - [DEBUG] Quick close detected: False
2025-09-10 13:41:20 - [INFO] - [DEBUG] Session selected - Code: WKW, Modality: Planar
2025-09-10 13:41:20 - [INFO] - [DEBUG] Data directory confirmed: data
2025-09-10 13:41:20 - [INFO] - [DEBUG] Starting PLANAR session with code: WKW
2025-09-10 13:41:20 - [INFO] - [DEBUG] Creating main window for session: WKW
2025-09-10 13:41:24 - [INFO] - [YOLO] Module loaded - model will be loaded on-demand
2025-09-10 13:41:24 - [INFO] - [DEBUG] session_code in MainWindow = WKW
2025-09-10 13:41:24 - [INFO] - [DEBUG] Timeline keyboard shortcuts enabled: Ctrl+/- for zoom, Ctrl+0 for reset
2025-09-10 13:41:24 - [INFO] - [DEBUG] Connecting invert checkbox...
2025-09-10 13:41:24 - [INFO] - [DEBUG] Testing checkbox connection...
2025-09-10 13:41:24 - [INFO] - [DEBUG] Timeline widget exists: True
2025-09-10 13:41:24 - [INFO] - [DEBUG] Timeline widget type: <class 'features.spect_viewer.gui.scan_timeline.ScanTimelineWidget'>
2025-09-10 13:41:24 - [INFO] - [DEBUG] Invert checkbox created and connected
2025-09-10 13:41:24 - [INFO] - [MainWindow]   Global keyboard shortcuts setup complete
2025-09-10 13:41:24 - [INFO] - [MainWindow] Syncing view 'Anterior' across all components
2025-09-10 13:41:24 - [INFO] - [DEBUG] set_active_view called with 'Anterior', but is now ignored.
2025-09-10 13:41:24 - [INFO] - [MainWindow]   View sync completed
2025-09-10 13:41:24 - [INFO] - [MainWindow]   Complete integration initialization finished
2025-09-10 13:41:24 - [INFO] - [DEBUG] Starting folder scan for session: WKW
2025-09-10 13:41:24 - [INFO] - Ditemukan 24 file DICOM di 'F:\projek dosen\prototype riset\hotspot-analyzer\data\PLANAR'
2025-09-10 13:41:24 - [INFO] - Ditemukan 5 session, 12 pasien (total 24 file DICOM).
2025-09-10 13:41:24 - [INFO] - ALL: 1 pasien, 1 file
2025-09-10 13:41:24 - [INFO] - ATL: 4 pasien, 4 file
2025-09-10 13:41:24 - [INFO] - NBL: 1 pasien, 5 file
2025-09-10 13:41:24 - [INFO] - NSY: 4 pasien, 8 file
2025-09-10 13:41:24 - [INFO] - WKW: 2 pasien, 6 file
2025-09-10 13:41:24 - [INFO] - [DEBUG] Found 5 total sessions: ['ALL', 'ATL', 'NBL', 'NSY', 'WKW']
2025-09-10 13:41:24 - [INFO] - [DEBUG] Filtered to session WKW: 2 patients
2025-09-10 13:41:24 - [INFO] - [DEBUG] Added 2 patients to combo box for session WKW
2025-09-10 13:41:24 - [INFO] - [DEBUG] display_timeline called with 0 scan(s), focusing on index = -1
2025-09-10 13:41:24 - [INFO] - [DEBUG] Rebuilding timeline for active scan index: -1
2025-09-10 13:41:24 - [INFO] - [BSI SIDE PANEL] Clearing data...
2025-09-10 13:41:24 - [INFO] - [DEBUG] Folder scan completed
2025-09-10 13:41:24 - [INFO] - [DEBUG] Main window created successfully for session: WKW
2025-09-10 13:41:24 - [INFO] - [DEBUG] Main window created successfully
2025-09-10 13:41:24 - [INFO] - [DEBUG] Logout signal connected
2025-09-10 13:41:24 - [INFO] - [DEBUG] Main window displayed
2025-09-10 13:41:24 - [INFO] - [DEBUG] Active windows count: 1
2025-09-10 13:41:25 - [INFO] - [TEST] Testing invert connection...
2025-09-10 13:41:25 - [INFO] - [TEST] Timeline widget exists: True
2025-09-10 13:41:25 - [INFO] - [TEST] Checkbox exists: True
2025-09-10 13:41:25 - [INFO] - [TEST] Current checkbox state: False
2025-09-10 13:41:25 - [INFO] - [DEBUG] === INVERT CHECKBOX CHANGED ===
2025-09-10 13:41:25 - [INFO] - [DEBUG] Checkbox state: 2, isChecked(): True
2025-09-10 13:41:25 - [INFO] - [DEBUG] Invert flag changed: False -> True
2025-09-10 13:41:25 - [INFO] - [DEBUG] Calling timeline_widget.set_invert_original(True)
2025-09-10 13:41:25 - [INFO] - [DEBUG] set_invert_original called: True (current: False)
2025-09-10 13:41:25 - [INFO] - [CACHE CLEAR] Cleared 0 layer cache entries
2025-09-10 13:41:25 - [INFO] - [CACHE CLEAR] Cleared zoom cache (0 labels)
2025-09-10 13:41:25 - [INFO] - [DEBUG] Cleared layer cache due to invert change
2025-09-10 13:41:25 - [INFO] - [DEBUG] No scans loaded, rebuild skipped
2025-09-10 13:41:25 - [INFO] - [DEBUG]   Timeline invert method called successfully
2025-09-10 13:41:25 - [INFO] - [TEST] Toggled checkbox to: True
2025-09-10 13:41:29 - [INFO] - [DEBUG] item activated → ID: 5001 (WKW) @ index 0
2025-09-10 13:41:29 - [INFO] - [DEBUG] item activated → ID: 5001 (WKW)
2025-09-10 13:41:29 - [INFO] - 
2025-09-10 13:41:29 - [INFO] - [DEBUG SELECT GANTENG] ===================
2025-09-10 13:41:29 - [INFO] - [DEBUG SELECT] Patient selected: ID: 5001 (WKW)
2025-09-10 13:41:29 - [INFO] - [DEBUG SELECT] Parsed - Patient: 5001, Session: WKW
2025-09-10 13:41:29 - [INFO] - [DEBUG SELECT] Patient path from paths.py: F:\projek dosen\prototype riset\hotspot-analyzer\data\PLANAR\WKW\5001
2025-09-10 13:41:29 - [INFO] - [DEBUG SELECT] Patient path exists: True
2025-09-10 13:41:29 - [INFO] - [DEBUG SELECT] Patient path contents:
2025-09-10 13:41:29 - [INFO] - [DEBUG SELECT]   - 20250115 (DIR)
2025-09-10 13:41:29 - [INFO] - [DEBUG SELECT]   - 20250214 (DIR)
2025-09-10 13:41:29 - [INFO] - [DEBUG SELECT]   - 20250316 (DIR)
2025-09-10 13:41:29 - [INFO] - [DEBUG SELECT]   - 20250415 (DIR)
2025-09-10 13:41:29 - [INFO] - [DEBUG SELECT]   - 20250515 (DIR)
2025-09-10 13:41:29 - [INFO] - 
2025-09-10 13:41:29 - [INFO] - [DEBUG PATHS GANTENG] ===================
2025-09-10 13:41:29 - [INFO] - [DEBUG PATHS] Patient folder: F:\projek dosen\prototype riset\hotspot-analyzer\data\PLANAR\WKW\5001
2025-09-10 13:41:29 - [INFO] - [DEBUG PATHS] Patient ID: 5001
2025-09-10 13:41:29 - [INFO] - [DEBUG PATHS] Folder exists: True
2025-09-10 13:41:29 - [INFO] - [DEBUG PATHS] Folder structure:
2025-09-10 13:41:29 - [INFO] - [DEBUG PATHS]   DIR:  20250115/
2025-09-10 13:41:29 - [INFO] - [DEBUG PATHS]     Study date folder contents:
2025-09-10 13:41:29 - [INFO] - [DEBUG PATHS]       DIR:  20250910/
2025-09-10 13:41:29 - [INFO] - [DEBUG PATHS]       FILE: 5001_1.dcm (1049756 bytes)
2025-09-10 13:41:29 - [INFO] - [DEBUG PATHS]       FILE: ant_hotspot_classification.json (55824 bytes)
2025-09-10 13:41:29 - [INFO] - [DEBUG PATHS]       FILE: ant_hotspot_classification.png (1184 bytes)
2025-09-10 13:41:29 - [INFO] - [DEBUG PATHS]       FILE: ant_hotspot_classification.xml (1374 bytes)
2025-09-10 13:41:29 - [INFO] - [DEBUG PATHS]       FILE: ant_hotspot_otsu_colored.png (1257 bytes)
2025-09-10 13:41:29 - [INFO] - [DEBUG PATHS]       FILE: ant_hotspot_otsu_colored_blend.png (124272 bytes)
2025-09-10 13:41:29 - [INFO] - [DEBUG PATHS]       FILE: ant_hotspot_otsu_grayscale.png (646 bytes)
2025-09-10 13:41:29 - [INFO] - [DEBUG PATHS]       FILE: ant_hotspot_yolo.xml (1304 bytes)
2025-09-10 13:41:29 - [INFO] - [DEBUG PATHS]       FILE: ant_mask.png (3485 bytes)
2025-09-10 13:41:29 - [INFO] - [DEBUG PATHS]       FILE: ant_original.png (83485 bytes)
2025-09-10 13:41:29 - [INFO] - [DEBUG PATHS]       FILE: ant_segm.png (6440 bytes)
2025-09-10 13:41:29 - [INFO] - [DEBUG PATHS]       FILE: bsi_quantification_ant.json (3736 bytes)
2025-09-10 13:41:29 - [INFO] - [DEBUG PATHS]       FILE: bsi_quantification_post.json (3703 bytes)
2025-09-10 13:41:29 - [INFO] - [DEBUG PATHS]       FILE: post_hotspot_classification.json (206470 bytes)
2025-09-10 13:41:29 - [INFO] - [DEBUG PATHS]       FILE: post_hotspot_classification.png (1374 bytes)
2025-09-10 13:41:29 - [INFO] - [DEBUG PATHS]       FILE: post_hotspot_classification.xml (2321 bytes)
2025-09-10 13:41:29 - [INFO] - [DEBUG PATHS]       FILE: post_hotspot_otsu_colored.png (1468 bytes)
2025-09-10 13:41:29 - [INFO] - [DEBUG PATHS]       FILE: post_hotspot_otsu_colored_blend.png (125024 bytes)
2025-09-10 13:41:29 - [INFO] - [DEBUG PATHS]       FILE: post_hotspot_otsu_grayscale.png (854 bytes)
2025-09-10 13:41:29 - [INFO] - [DEBUG PATHS]       FILE: post_hotspot_yolo.xml (1936 bytes)
2025-09-10 13:41:29 - [INFO] - [DEBUG PATHS]       FILE: post_mask.png (3456 bytes)
2025-09-10 13:41:29 - [INFO] - [DEBUG PATHS]       FILE: post_original.png (84361 bytes)
2025-09-10 13:41:29 - [INFO] - [DEBUG PATHS]       FILE: post_segm.png (6196 bytes)
2025-09-10 13:41:29 - [INFO] - [DEBUG PATHS]   DIR:  20250214/
2025-09-10 13:41:29 - [INFO] - [DEBUG PATHS]     Study date folder contents:
2025-09-10 13:41:29 - [INFO] - [DEBUG PATHS]       FILE: 5001_2.dcm (1049756 bytes)
2025-09-10 13:41:29 - [INFO] - [DEBUG PATHS]       FILE: ant_hotspot_classification.json (313056 bytes)
2025-09-10 13:41:29 - [INFO] - [DEBUG PATHS]       FILE: ant_hotspot_classification.png (2102 bytes)
2025-09-10 13:41:29 - [INFO] - [DEBUG PATHS]       FILE: ant_hotspot_classification.xml (7019 bytes)
2025-09-10 13:41:29 - [INFO] - [DEBUG PATHS]       FILE: ant_hotspot_otsu_colored.png (2166 bytes)
2025-09-10 13:41:29 - [INFO] - [DEBUG PATHS]       FILE: ant_hotspot_otsu_colored_blend.png (98294 bytes)
2025-09-10 13:41:29 - [INFO] - [DEBUG PATHS]       FILE: ant_hotspot_otsu_grayscale.png (1396 bytes)
2025-09-10 13:41:29 - [INFO] - [DEBUG PATHS]       FILE: ant_hotspot_yolo.xml (5120 bytes)
2025-09-10 13:41:29 - [INFO] - [DEBUG PATHS]       FILE: ant_mask.png (3501 bytes)
2025-09-10 13:41:29 - [INFO] - [DEBUG PATHS]       FILE: ant_original.png (64390 bytes)
2025-09-10 13:41:29 - [INFO] - [DEBUG PATHS]       FILE: ant_segm.png (6583 bytes)
2025-09-10 13:41:29 - [INFO] - [DEBUG PATHS]       FILE: bsi_quantification_ant.json (3812 bytes)
2025-09-10 13:41:29 - [INFO] - [DEBUG PATHS]       FILE: bsi_quantification_post.json (3792 bytes)
2025-09-10 13:41:29 - [INFO] - [DEBUG PATHS]       FILE: post_hotspot_classification.json (353805 bytes)
2025-09-10 13:41:29 - [INFO] - [DEBUG PATHS]       FILE: post_hotspot_classification.png (2481 bytes)
2025-09-10 13:41:29 - [INFO] - [DEBUG PATHS]       FILE: post_hotspot_classification.xml (8439 bytes)
2025-09-10 13:41:29 - [INFO] - [DEBUG PATHS]       FILE: post_hotspot_otsu_colored.png (2610 bytes)
2025-09-10 13:41:29 - [INFO] - [DEBUG PATHS]       FILE: post_hotspot_otsu_colored_blend.png (105101 bytes)
2025-09-10 13:41:29 - [INFO] - [DEBUG PATHS]       FILE: post_hotspot_otsu_grayscale.png (1766 bytes)
2025-09-10 13:41:29 - [INFO] - [DEBUG PATHS]       FILE: post_hotspot_yolo.xml (6395 bytes)
2025-09-10 13:41:29 - [INFO] - [DEBUG PATHS]       FILE: post_mask.png (3457 bytes)
2025-09-10 13:41:29 - [INFO] - [DEBUG PATHS]       FILE: post_original.png (66472 bytes)
2025-09-10 13:41:29 - [INFO] - [DEBUG PATHS]       FILE: post_segm.png (6155 bytes)
2025-09-10 13:41:29 - [INFO] - [DEBUG PATHS]   DIR:  20250316/
2025-09-10 13:41:29 - [INFO] - [DEBUG PATHS]     Study date folder contents:
2025-09-10 13:41:29 - [INFO] - [DEBUG PATHS]       FILE: 5001_3.dcm (1049756 bytes)
2025-09-10 13:41:29 - [INFO] - [DEBUG PATHS]       FILE: ant_hotspot_classification.json (436855 bytes)
2025-09-10 13:41:29 - [INFO] - [DEBUG PATHS]       FILE: ant_hotspot_classification.png (2340 bytes)
2025-09-10 13:41:29 - [INFO] - [DEBUG PATHS]       FILE: ant_hotspot_classification.xml (8437 bytes)
2025-09-10 13:41:29 - [INFO] - [DEBUG PATHS]       FILE: ant_hotspot_otsu_colored.png (2335 bytes)
2025-09-10 13:41:29 - [INFO] - [DEBUG PATHS]       FILE: ant_hotspot_otsu_colored_blend.png (101769 bytes)
2025-09-10 13:41:29 - [INFO] - [DEBUG PATHS]       FILE: ant_hotspot_otsu_grayscale.png (1572 bytes)
2025-09-10 13:41:29 - [INFO] - [DEBUG PATHS]       FILE: ant_hotspot_yolo.xml (5751 bytes)
2025-09-10 13:41:29 - [INFO] - [DEBUG PATHS]       FILE: ant_mask.png (3454 bytes)
2025-09-10 13:41:29 - [INFO] - [DEBUG PATHS]       FILE: ant_original.png (64961 bytes)
2025-09-10 13:41:29 - [INFO] - [DEBUG PATHS]       FILE: ant_segm.png (6534 bytes)
2025-09-10 13:41:29 - [INFO] - [DEBUG PATHS]       FILE: bsi_quantification_ant.json (3814 bytes)
2025-09-10 13:41:29 - [INFO] - [DEBUG PATHS]       FILE: bsi_quantification_post.json (3807 bytes)
2025-09-10 13:41:29 - [INFO] - [DEBUG PATHS]       FILE: post_hotspot_classification.json (809964 bytes)
2025-09-10 13:41:29 - [INFO] - [DEBUG PATHS]       FILE: post_hotspot_classification.png (2739 bytes)
2025-09-10 13:41:29 - [INFO] - [DEBUG PATHS]       FILE: post_hotspot_classification.xml (9401 bytes)
2025-09-10 13:41:29 - [INFO] - [DEBUG PATHS]       FILE: post_hotspot_otsu_colored.png (2852 bytes)
2025-09-10 13:41:29 - [INFO] - [DEBUG PATHS]       FILE: post_hotspot_otsu_colored_blend.png (92027 bytes)
2025-09-10 13:41:29 - [INFO] - [DEBUG PATHS]       FILE: post_hotspot_otsu_grayscale.png (2024 bytes)
2025-09-10 13:41:29 - [INFO] - [DEBUG PATHS]       FILE: post_hotspot_yolo.xml (6720 bytes)
2025-09-10 13:41:29 - [INFO] - [DEBUG PATHS]       FILE: post_mask.png (3533 bytes)
2025-09-10 13:41:29 - [INFO] - [DEBUG PATHS]       FILE: post_original.png (61581 bytes)
2025-09-10 13:41:29 - [INFO] - [DEBUG PATHS]       FILE: post_segm.png (6392 bytes)
2025-09-10 13:41:29 - [INFO] - [DEBUG PATHS]   DIR:  20250415/
2025-09-10 13:41:29 - [INFO] - [DEBUG PATHS]     Study date folder contents:
2025-09-10 13:41:29 - [INFO] - [DEBUG PATHS]       FILE: 5001_4.dcm (1049756 bytes)
2025-09-10 13:41:29 - [INFO] - [DEBUG PATHS]       FILE: ant_hotspot_classification.json (34463 bytes)
2025-09-10 13:41:29 - [INFO] - [DEBUG PATHS]       FILE: ant_hotspot_classification.png (1146 bytes)
2025-09-10 13:41:29 - [INFO] - [DEBUG PATHS]       FILE: ant_hotspot_classification.xml (1836 bytes)
2025-09-10 13:41:29 - [INFO] - [DEBUG PATHS]       FILE: ant_hotspot_otsu_colored.png (1403 bytes)
2025-09-10 13:41:29 - [INFO] - [DEBUG PATHS]       FILE: ant_hotspot_otsu_colored_blend.png (105051 bytes)
2025-09-10 13:41:29 - [INFO] - [DEBUG PATHS]       FILE: ant_hotspot_otsu_grayscale.png (773 bytes)
2025-09-10 13:41:29 - [INFO] - [DEBUG PATHS]       FILE: ant_hotspot_yolo.xml (1936 bytes)
2025-09-10 13:41:29 - [INFO] - [DEBUG PATHS]       FILE: ant_mask.png (3417 bytes)
2025-09-10 13:41:29 - [INFO] - [DEBUG PATHS]       FILE: ant_original.png (70707 bytes)
2025-09-10 13:41:29 - [INFO] - [DEBUG PATHS]       FILE: ant_segm.png (6525 bytes)
2025-09-10 13:41:29 - [INFO] - [DEBUG PATHS]       FILE: bsi_quantification_ant.json (3722 bytes)
2025-09-10 13:41:29 - [INFO] - [DEBUG PATHS]       FILE: bsi_quantification_post.json (3681 bytes)
2025-09-10 13:41:29 - [INFO] - [DEBUG PATHS]       FILE: post_hotspot_classification.json (50110 bytes)
2025-09-10 13:41:29 - [INFO] - [DEBUG PATHS]       FILE: post_hotspot_classification.png (1079 bytes)
2025-09-10 13:41:29 - [INFO] - [DEBUG PATHS]       FILE: post_hotspot_classification.xml (905 bytes)
2025-09-10 13:41:29 - [INFO] - [DEBUG PATHS]       FILE: post_hotspot_otsu_colored.png (1184 bytes)
2025-09-10 13:41:29 - [INFO] - [DEBUG PATHS]       FILE: post_hotspot_otsu_colored_blend.png (115794 bytes)
2025-09-10 13:41:29 - [INFO] - [DEBUG PATHS]       FILE: post_hotspot_otsu_grayscale.png (616 bytes)
2025-09-10 13:41:29 - [INFO] - [DEBUG PATHS]       FILE: post_hotspot_yolo.xml (984 bytes)
2025-09-10 13:41:29 - [INFO] - [DEBUG PATHS]       FILE: post_mask.png (3323 bytes)
2025-09-10 13:41:29 - [INFO] - [DEBUG PATHS]       FILE: post_original.png (74888 bytes)
2025-09-10 13:41:29 - [INFO] - [DEBUG PATHS]       FILE: post_segm.png (5922 bytes)
2025-09-10 13:41:29 - [INFO] - [DEBUG PATHS]   DIR:  20250515/
2025-09-10 13:41:29 - [INFO] - [DEBUG PATHS]     Study date folder contents:
2025-09-10 13:41:29 - [INFO] - [DEBUG PATHS]       FILE: 5001_5.dcm (1049756 bytes)
2025-09-10 13:41:29 - [INFO] - [DEBUG PATHS]       FILE: ant_hotspot_classification.json (45442 bytes)
2025-09-10 13:41:29 - [INFO] - [DEBUG PATHS]       FILE: ant_hotspot_classification.png (1066 bytes)
2025-09-10 13:41:29 - [INFO] - [DEBUG PATHS]       FILE: ant_hotspot_classification.xml (1370 bytes)
2025-09-10 13:41:29 - [INFO] - [DEBUG PATHS]       FILE: ant_hotspot_otsu_colored.png (1233 bytes)
2025-09-10 13:41:29 - [INFO] - [DEBUG PATHS]       FILE: ant_hotspot_otsu_colored_blend.png (107184 bytes)
2025-09-10 13:41:29 - [INFO] - [DEBUG PATHS]       FILE: ant_hotspot_otsu_grayscale.png (655 bytes)
2025-09-10 13:41:29 - [INFO] - [DEBUG PATHS]       FILE: ant_hotspot_yolo.xml (1937 bytes)
2025-09-10 13:41:29 - [INFO] - [DEBUG PATHS]       FILE: ant_mask.png (3495 bytes)
2025-09-10 13:41:29 - [INFO] - [DEBUG PATHS]       FILE: ant_original.png (70372 bytes)
2025-09-10 13:41:29 - [INFO] - [DEBUG PATHS]       FILE: ant_segm.png (6666 bytes)
2025-09-10 13:41:29 - [INFO] - [DEBUG PATHS]       FILE: bsi_quantification_ant.json (3675 bytes)
2025-09-10 13:41:29 - [INFO] - [DEBUG PATHS]       FILE: bsi_quantification_post.json (3702 bytes)
2025-09-10 13:41:29 - [INFO] - [DEBUG PATHS]       FILE: post_hotspot_classification.json (69885 bytes)
2025-09-10 13:41:29 - [INFO] - [DEBUG PATHS]       FILE: post_hotspot_classification.png (1258 bytes)
2025-09-10 13:41:29 - [INFO] - [DEBUG PATHS]       FILE: post_hotspot_classification.xml (2802 bytes)
2025-09-10 13:41:29 - [INFO] - [DEBUG PATHS]       FILE: post_hotspot_otsu_colored.png (1256 bytes)
2025-09-10 13:41:29 - [INFO] - [DEBUG PATHS]       FILE: post_hotspot_otsu_colored_blend.png (106448 bytes)
2025-09-10 13:41:29 - [INFO] - [DEBUG PATHS]       FILE: post_hotspot_otsu_grayscale.png (643 bytes)
2025-09-10 13:41:29 - [INFO] - [DEBUG PATHS]       FILE: post_hotspot_yolo.xml (1943 bytes)
2025-09-10 13:41:29 - [INFO] - [DEBUG PATHS]       FILE: post_mask.png (3476 bytes)
2025-09-10 13:41:29 - [INFO] - [DEBUG PATHS]       FILE: post_original.png (71532 bytes)
2025-09-10 13:41:29 - [INFO] - [DEBUG PATHS]       FILE: post_segm.png (6263 bytes)
2025-09-10 13:41:29 - [INFO] - [DEBUG QUANT FILES] Getting quantification files for: F:\projek dosen\prototype riset\hotspot-analyzer\data\PLANAR\WKW\5001
2025-09-10 13:41:29 - [INFO] - [DEBUG QUANT FILES] Using latest study_date folder: F:\projek dosen\prototype riset\hotspot-analyzer\data\PLANAR\WKW\5001\20250515
2025-09-10 13:41:29 - [INFO] - [DEBUG QUANT FILES] Generated paths:
2025-09-10 13:41:29 - [INFO] - [DEBUG QUANT FILES]   bsi_json_ant: F:\projek dosen\prototype riset\hotspot-analyzer\data\PLANAR\WKW\5001\20250515\bsi_quantification_ant.json (exists: True)
2025-09-10 13:41:29 - [INFO] - [DEBUG QUANT FILES]   bsi_json_post: F:\projek dosen\prototype riset\hotspot-analyzer\data\PLANAR\WKW\5001\20250515\bsi_quantification_post.json (exists: True)
2025-09-10 13:41:29 - [INFO] - [DEBUG PATHS] New quantification paths:
2025-09-10 13:41:29 - [INFO] - [DEBUG PATHS]   bsi_json_ant: F:\projek dosen\prototype riset\hotspot-analyzer\data\PLANAR\WKW\5001\20250515\bsi_quantification_ant.json (exists: True, size: 3675 bytes)
2025-09-10 13:41:29 - [INFO] - [DEBUG PATHS]     Content preview: {
2025-09-10 13:41:29 - [INFO] - "patient_info": {
2025-09-10 13:41:29 - [INFO] - "patient_id": "5001",
2025-09-10 13:41:29 - [INFO] - "study_date": "20250515",
2025-09-10 13:41:29 - [INFO] - "filename_stem": "...
2025-09-10 13:41:29 - [INFO] - [DEBUG PATHS]   bsi_json_post: F:\projek dosen\prototype riset\hotspot-analyzer\data\PLANAR\WKW\5001\20250515\bsi_quantification_post.json (exists: True, size: 3702 bytes)
2025-09-10 13:41:29 - [INFO] - [DEBUG PATHS]     Content preview: {
2025-09-10 13:41:29 - [INFO] - "patient_info": {
2025-09-10 13:41:29 - [INFO] - "patient_id": "5001",
2025-09-10 13:41:29 - [INFO] - "study_date": "20250515",
2025-09-10 13:41:29 - [INFO] - "filename_stem": "...
2025-09-10 13:41:29 - [INFO] - [DEBUG PATHS] Old pattern search:
2025-09-10 13:41:29 - [INFO] - [DEBUG PATHS]   Old anterior: []
2025-09-10 13:41:29 - [INFO] - [DEBUG PATHS]   Old posterior: []
2025-09-10 13:41:29 - [INFO] - [DEBUG SELECT] Found DICOM files: 5
2025-09-10 13:41:29 - [INFO] - [DEBUG SELECT]   DICOM: F:\projek dosen\prototype riset\hotspot-analyzer\data\PLANAR\WKW\5001\20250115\5001_1.dcm
2025-09-10 13:41:29 - [INFO] - [DEBUG SELECT]   DICOM folder: F:\projek dosen\prototype riset\hotspot-analyzer\data\PLANAR\WKW\5001\20250115
2025-09-10 13:41:29 - [INFO] - [DEBUG QUANT FILES] Getting quantification files for: F:\projek dosen\prototype riset\hotspot-analyzer\data\PLANAR\WKW\5001\20250115
2025-09-10 13:41:29 - [INFO] - [DEBUG QUANT FILES] Detected study_date folder: F:\projek dosen\prototype riset\hotspot-analyzer\data\PLANAR\WKW\5001\20250115
2025-09-10 13:41:29 - [INFO] - [DEBUG QUANT FILES] Generated paths:
2025-09-10 13:41:29 - [INFO] - [DEBUG QUANT FILES]   bsi_json_ant: F:\projek dosen\prototype riset\hotspot-analyzer\data\PLANAR\WKW\5001\20250115\bsi_quantification_ant.json (exists: True)
2025-09-10 13:41:29 - [INFO] - [DEBUG QUANT FILES]   bsi_json_post: F:\projek dosen\prototype riset\hotspot-analyzer\data\PLANAR\WKW\5001\20250115\bsi_quantification_post.json (exists: True)
2025-09-10 13:41:29 - [INFO] - [DEBUG SELECT]   BSI files near DICOM:
2025-09-10 13:41:29 - [INFO] - [DEBUG SELECT]     Anterior: True
2025-09-10 13:41:29 - [INFO] - [DEBUG SELECT]     Posterior: True
2025-09-10 13:41:29 - [INFO] - [DEBUG SELECT]   DICOM: F:\projek dosen\prototype riset\hotspot-analyzer\data\PLANAR\WKW\5001\20250214\5001_2.dcm
2025-09-10 13:41:29 - [INFO] - [DEBUG SELECT]   DICOM folder: F:\projek dosen\prototype riset\hotspot-analyzer\data\PLANAR\WKW\5001\20250214
2025-09-10 13:41:29 - [INFO] - [DEBUG QUANT FILES] Getting quantification files for: F:\projek dosen\prototype riset\hotspot-analyzer\data\PLANAR\WKW\5001\20250214
2025-09-10 13:41:29 - [INFO] - [DEBUG QUANT FILES] Detected study_date folder: F:\projek dosen\prototype riset\hotspot-analyzer\data\PLANAR\WKW\5001\20250214
2025-09-10 13:41:29 - [INFO] - [DEBUG QUANT FILES] Generated paths:
2025-09-10 13:41:29 - [INFO] - [DEBUG QUANT FILES]   bsi_json_ant: F:\projek dosen\prototype riset\hotspot-analyzer\data\PLANAR\WKW\5001\20250214\bsi_quantification_ant.json (exists: True)
2025-09-10 13:41:29 - [INFO] - [DEBUG QUANT FILES]   bsi_json_post: F:\projek dosen\prototype riset\hotspot-analyzer\data\PLANAR\WKW\5001\20250214\bsi_quantification_post.json (exists: True)
2025-09-10 13:41:29 - [INFO] - [DEBUG SELECT]   BSI files near DICOM:
2025-09-10 13:41:29 - [INFO] - [DEBUG SELECT]     Anterior: True
2025-09-10 13:41:29 - [INFO] - [DEBUG SELECT]     Posterior: True
2025-09-10 13:41:29 - [INFO] - [DEBUG SELECT]   DICOM: F:\projek dosen\prototype riset\hotspot-analyzer\data\PLANAR\WKW\5001\20250316\5001_3.dcm
2025-09-10 13:41:29 - [INFO] - [DEBUG SELECT]   DICOM folder: F:\projek dosen\prototype riset\hotspot-analyzer\data\PLANAR\WKW\5001\20250316
2025-09-10 13:41:29 - [INFO] - [DEBUG QUANT FILES] Getting quantification files for: F:\projek dosen\prototype riset\hotspot-analyzer\data\PLANAR\WKW\5001\20250316
2025-09-10 13:41:29 - [INFO] - [DEBUG QUANT FILES] Detected study_date folder: F:\projek dosen\prototype riset\hotspot-analyzer\data\PLANAR\WKW\5001\20250316
2025-09-10 13:41:29 - [INFO] - [DEBUG QUANT FILES] Generated paths:
2025-09-10 13:41:29 - [INFO] - [DEBUG QUANT FILES]   bsi_json_ant: F:\projek dosen\prototype riset\hotspot-analyzer\data\PLANAR\WKW\5001\20250316\bsi_quantification_ant.json (exists: True)
2025-09-10 13:41:29 - [INFO] - [DEBUG QUANT FILES]   bsi_json_post: F:\projek dosen\prototype riset\hotspot-analyzer\data\PLANAR\WKW\5001\20250316\bsi_quantification_post.json (exists: True)
2025-09-10 13:41:29 - [INFO] - [DEBUG SELECT]   BSI files near DICOM:
2025-09-10 13:41:29 - [INFO] - [DEBUG SELECT]     Anterior: True
2025-09-10 13:41:29 - [INFO] - [DEBUG SELECT]     Posterior: True
2025-09-10 13:41:29 - [INFO] - [DEBUG SELECT]   DICOM: F:\projek dosen\prototype riset\hotspot-analyzer\data\PLANAR\WKW\5001\20250415\5001_4.dcm
2025-09-10 13:41:29 - [INFO] - [DEBUG SELECT]   DICOM folder: F:\projek dosen\prototype riset\hotspot-analyzer\data\PLANAR\WKW\5001\20250415
2025-09-10 13:41:29 - [INFO] - [DEBUG QUANT FILES] Getting quantification files for: F:\projek dosen\prototype riset\hotspot-analyzer\data\PLANAR\WKW\5001\20250415
2025-09-10 13:41:29 - [INFO] - [DEBUG QUANT FILES] Detected study_date folder: F:\projek dosen\prototype riset\hotspot-analyzer\data\PLANAR\WKW\5001\20250415
2025-09-10 13:41:29 - [INFO] - [DEBUG QUANT FILES] Generated paths:
2025-09-10 13:41:29 - [INFO] - [DEBUG QUANT FILES]   bsi_json_ant: F:\projek dosen\prototype riset\hotspot-analyzer\data\PLANAR\WKW\5001\20250415\bsi_quantification_ant.json (exists: True)
2025-09-10 13:41:29 - [INFO] - [DEBUG QUANT FILES]   bsi_json_post: F:\projek dosen\prototype riset\hotspot-analyzer\data\PLANAR\WKW\5001\20250415\bsi_quantification_post.json (exists: True)
2025-09-10 13:41:29 - [INFO] - [DEBUG SELECT]   BSI files near DICOM:
2025-09-10 13:41:29 - [INFO] - [DEBUG SELECT]     Anterior: True
2025-09-10 13:41:29 - [INFO] - [DEBUG SELECT]     Posterior: True
2025-09-10 13:41:29 - [INFO] - [DEBUG SELECT]   DICOM: F:\projek dosen\prototype riset\hotspot-analyzer\data\PLANAR\WKW\5001\20250515\5001_5.dcm
2025-09-10 13:41:29 - [INFO] - [DEBUG SELECT]   DICOM folder: F:\projek dosen\prototype riset\hotspot-analyzer\data\PLANAR\WKW\5001\20250515
2025-09-10 13:41:29 - [INFO] - [DEBUG QUANT FILES] Getting quantification files for: F:\projek dosen\prototype riset\hotspot-analyzer\data\PLANAR\WKW\5001\20250515
2025-09-10 13:41:29 - [INFO] - [DEBUG QUANT FILES] Detected study_date folder: F:\projek dosen\prototype riset\hotspot-analyzer\data\PLANAR\WKW\5001\20250515
2025-09-10 13:41:29 - [INFO] - [DEBUG QUANT FILES] Generated paths:
2025-09-10 13:41:29 - [INFO] - [DEBUG QUANT FILES]   bsi_json_ant: F:\projek dosen\prototype riset\hotspot-analyzer\data\PLANAR\WKW\5001\20250515\bsi_quantification_ant.json (exists: True)
2025-09-10 13:41:29 - [INFO] - [DEBUG QUANT FILES]   bsi_json_post: F:\projek dosen\prototype riset\hotspot-analyzer\data\PLANAR\WKW\5001\20250515\bsi_quantification_post.json (exists: True)
2025-09-10 13:41:29 - [INFO] - [DEBUG SELECT]   BSI files near DICOM:
2025-09-10 13:41:29 - [INFO] - [DEBUG SELECT]     Anterior: True
2025-09-10 13:41:29 - [INFO] - [DEBUG SELECT]     Posterior: True
2025-09-10 13:41:29 - [INFO] - [DEBUG] Loading patient: 5001 from session: WKW
2025-09-10 13:41:29 - [INFO] - [CACHE DEBUG] Cache key: 5001_WKW
2025-09-10 13:41:29 - [INFO] - [CACHE DEBUG] Existing cache keys: []
2025-09-10 13:41:29 - [INFO] - [DEBUG] Loading scans for 5001_WKW from disk...
2025-09-10 13:41:29 - [INFO] - [DEBUG] Found 5 DICOM files for patient 5001
2025-09-10 13:41:29 - [INFO] - [DEBUG] Enriched scan data for: 5001_1.dcm
2025-09-10 13:41:29 - [INFO] - [DEBUG] Enriched scan data for: 5001_2.dcm
2025-09-10 13:41:29 - [INFO] - [DEBUG] Enriched scan data for: 5001_3.dcm
2025-09-10 13:41:29 - [INFO] - [DEBUG] Enriched scan data for: 5001_4.dcm
2025-09-10 13:41:29 - [INFO] - [DEBUG] Enriched scan data for: 5001_5.dcm
2025-09-10 13:41:29 - [INFO] - [DEBUG] Scan files for 5001_20250115:
2025-09-10 13:41:29 - [INFO] - [DEBUG] Available files: None
2025-09-10 13:41:29 - [INFO] - [DEBUG] Available PNG files for 5001_20250115: None
2025-09-10 13:41:29 - [INFO] - [DEBUG] Scan files for 5001_20250214:
2025-09-10 13:41:29 - [INFO] - [DEBUG] Available files: None
2025-09-10 13:41:29 - [INFO] - [DEBUG] Available PNG files for 5001_20250214: None
2025-09-10 13:41:29 - [INFO] - [DEBUG] Scan files for 5001_20250316:
2025-09-10 13:41:29 - [INFO] - [DEBUG] Available files: None
2025-09-10 13:41:29 - [INFO] - [DEBUG] Available PNG files for 5001_20250316: None
2025-09-10 13:41:29 - [INFO] - [DEBUG] Scan files for 5001_20250415:
2025-09-10 13:41:29 - [INFO] - [DEBUG] Available files: None
2025-09-10 13:41:29 - [INFO] - [DEBUG] Available PNG files for 5001_20250415: None
2025-09-10 13:41:29 - [INFO] - [DEBUG] Scan files for 5001_20250515:
2025-09-10 13:41:29 - [INFO] - [DEBUG] Available files: None
2025-09-10 13:41:29 - [INFO] - [DEBUG] Available PNG files for 5001_20250515: None
2025-09-10 13:41:29 - [INFO] - [DEBUG] Saving 5 scans to cache for 5001_WKW
2025-09-10 13:41:29 - [INFO] - [DEBUG] Layers changed to: []
2025-09-10 13:41:29 - [INFO] - [SMART UPDATE] Change type: none
2025-09-10 13:41:29 - [INFO] - [DEBUG] Timeline active layers set to: []
2025-09-10 13:41:29 - [INFO] - [SMART UPDATE] No changes detected, skipping update
2025-09-10 13:41:29 - [INFO] - [EDIT BUTTONS] Has scan: False, Has seg data: False, Can edit hotspot: False
2025-09-10 13:41:29 - [INFO] - [EDIT BUTTONS] Seg button enabled: False, Hotspot button enabled: False
2025-09-10 13:41:29 - [INFO] - [SMART UPDATE] Change type: none
2025-09-10 13:41:29 - [INFO] - [DEBUG] Timeline active layers set to: []
2025-09-10 13:41:29 - [INFO] - [SMART UPDATE] No changes detected, skipping update
2025-09-10 13:41:29 - [INFO] - [DEBUG] Set Image opacity to 1.00
2025-09-10 13:41:29 - [INFO] - [SMART UPDATE] Change type: none
2025-09-10 13:41:29 - [INFO] - [SMART UPDATE] Using full rebuild for opacity change
2025-09-10 13:41:29 - [INFO] - [DEBUG] Rebuilding timeline for active scan index: -1
2025-09-10 13:41:29 - [INFO] - [SMART UPDATE] State updated - Type: rebuild
2025-09-10 13:41:29 - [INFO] - [DEBUG] Set Segmentation opacity to 0.35
2025-09-10 13:41:29 - [INFO] - [SMART UPDATE] Change type: none
2025-09-10 13:41:29 - [INFO] - [SMART UPDATE] Using full rebuild for opacity change
2025-09-10 13:41:29 - [INFO] - [DEBUG] Rebuilding timeline for active scan index: -1
2025-09-10 13:41:29 - [INFO] - [SMART UPDATE] State updated - Type: rebuild
2025-09-10 13:41:29 - [INFO] - [DEBUG] Set Hotspot opacity to 0.50
2025-09-10 13:41:29 - [INFO] - [SMART UPDATE] Change type: none
2025-09-10 13:41:29 - [INFO] - [SMART UPDATE] Using full rebuild for opacity change
2025-09-10 13:41:29 - [INFO] - [DEBUG] Rebuilding timeline for active scan index: -1
2025-09-10 13:41:29 - [INFO] - [SMART UPDATE] State updated - Type: rebuild
2025-09-10 13:41:29 - [INFO] - [DEBUG] Set HotspotBBox opacity to 1.00
2025-09-10 13:41:29 - [INFO] - [SMART UPDATE] Change type: none
2025-09-10 13:41:29 - [INFO] - [SMART UPDATE] Using full rebuild for opacity change
2025-09-10 13:41:29 - [INFO] - [DEBUG] Rebuilding timeline for active scan index: -1
2025-09-10 13:41:29 - [INFO] - [SMART UPDATE] State updated - Type: rebuild
2025-09-10 13:41:29 - [INFO] - [DEBUG] Setting default layers: 'Image' checkbox should now be ON.
2025-09-10 13:41:29 - [INFO] - [DEBUG] Active layers: ['Image']
2025-09-10 13:41:29 - [INFO] - [DEBUG] Layers changed to: ['Image']
2025-09-10 13:41:29 - [INFO] - [SMART UPDATE] Change type: layers
2025-09-10 13:41:29 - [INFO] - [SMART UPDATE] Layers added: ['Image']
2025-09-10 13:41:29 - [INFO] - [DEBUG] Timeline active layers set to: ['Image']
2025-09-10 13:41:29 - [INFO] - [SMART UPDATE] Full rebuild required for change type: layers
2025-09-10 13:41:29 - [INFO] - [DEBUG] Rebuilding timeline for active scan index: -1
2025-09-10 13:41:29 - [INFO] - [SMART UPDATE] State updated - Type: layers
2025-09-10 13:41:29 - [INFO] - [EDIT BUTTONS] Has scan: False, Has seg data: False, Can edit hotspot: False
2025-09-10 13:41:29 - [INFO] - [EDIT BUTTONS] Seg button enabled: False, Hotspot button enabled: False
2025-09-10 13:41:29 - [INFO] - [DEBUG] All data loaded. Total scans: 5
2025-09-10 13:41:29 - [INFO] - [DEBUG] Layers changed to: []
2025-09-10 13:41:29 - [INFO] - [SMART UPDATE] Change type: layers
2025-09-10 13:41:29 - [INFO] - [SMART UPDATE] Layers removed: ['Image']
2025-09-10 13:41:29 - [INFO] - [DEBUG] Timeline active layers set to: []
2025-09-10 13:41:29 - [INFO] - [SMART UPDATE] Full rebuild required for change type: layers
2025-09-10 13:41:29 - [INFO] - [DEBUG] Rebuilding timeline for active scan index: -1
2025-09-10 13:41:29 - [INFO] - [SMART UPDATE] State updated - Type: layers
2025-09-10 13:41:29 - [INFO] - [EDIT BUTTONS] Has scan: False, Has seg data: False, Can edit hotspot: False
2025-09-10 13:41:29 - [INFO] - [EDIT BUTTONS] Seg button enabled: False, Hotspot button enabled: False
2025-09-10 13:41:29 - [INFO] - [SMART UPDATE] Change type: none
2025-09-10 13:41:29 - [INFO] - [DEBUG] Timeline active layers set to: []
2025-09-10 13:41:29 - [INFO] - [SMART UPDATE] No changes detected, skipping update
2025-09-10 13:41:29 - [INFO] - [DEBUG] Set Image opacity to 1.00
2025-09-10 13:41:29 - [INFO] - [SMART UPDATE] Change type: none
2025-09-10 13:41:29 - [INFO] - [SMART UPDATE] Using full rebuild for opacity change
2025-09-10 13:41:29 - [INFO] - [DEBUG] Rebuilding timeline for active scan index: -1
2025-09-10 13:41:29 - [INFO] - [SMART UPDATE] State updated - Type: rebuild
2025-09-10 13:41:29 - [INFO] - [DEBUG] Set Segmentation opacity to 0.35
2025-09-10 13:41:29 - [INFO] - [SMART UPDATE] Change type: none
2025-09-10 13:41:29 - [INFO] - [SMART UPDATE] Using full rebuild for opacity change
2025-09-10 13:41:29 - [INFO] - [DEBUG] Rebuilding timeline for active scan index: -1
2025-09-10 13:41:29 - [INFO] - [SMART UPDATE] State updated - Type: rebuild
2025-09-10 13:41:29 - [INFO] - [DEBUG] Set Hotspot opacity to 0.50
2025-09-10 13:41:29 - [INFO] - [SMART UPDATE] Change type: none
2025-09-10 13:41:29 - [INFO] - [SMART UPDATE] Using full rebuild for opacity change
2025-09-10 13:41:29 - [INFO] - [DEBUG] Rebuilding timeline for active scan index: -1
2025-09-10 13:41:29 - [INFO] - [SMART UPDATE] State updated - Type: rebuild
2025-09-10 13:41:29 - [INFO] - [DEBUG] Set HotspotBBox opacity to 1.00
2025-09-10 13:41:29 - [INFO] - [SMART UPDATE] Change type: none
2025-09-10 13:41:29 - [INFO] - [SMART UPDATE] Using full rebuild for opacity change
2025-09-10 13:41:29 - [INFO] - [DEBUG] Rebuilding timeline for active scan index: -1
2025-09-10 13:41:29 - [INFO] - [SMART UPDATE] State updated - Type: rebuild
2025-09-10 13:41:29 - [INFO] - [DEBUG] Setting default layers: 'Image' checkbox should now be ON.
2025-09-10 13:41:29 - [INFO] - [DEBUG] Active layers: ['Image']
2025-09-10 13:41:29 - [INFO] - [DEBUG] Layers changed to: ['Image']
2025-09-10 13:41:29 - [INFO] - [SMART UPDATE] Change type: layers
2025-09-10 13:41:29 - [INFO] - [SMART UPDATE] Layers added: ['Image']
2025-09-10 13:41:29 - [INFO] - [DEBUG] Timeline active layers set to: ['Image']
2025-09-10 13:41:29 - [INFO] - [SMART UPDATE] Full rebuild required for change type: layers
2025-09-10 13:41:29 - [INFO] - [DEBUG] Rebuilding timeline for active scan index: -1
2025-09-10 13:41:29 - [INFO] - [SMART UPDATE] State updated - Type: layers
2025-09-10 13:41:29 - [INFO] - [EDIT BUTTONS] Has scan: False, Has seg data: False, Can edit hotspot: False
2025-09-10 13:41:29 - [INFO] - [EDIT BUTTONS] Seg button enabled: False, Hotspot button enabled: False
2025-09-10 13:41:29 - [INFO] - [SMART UPDATE] Change type: none
2025-09-10 13:41:29 - [INFO] - [DEBUG] Timeline active layers set to: ['Image']
2025-09-10 13:41:29 - [INFO] - [SMART UPDATE] No changes detected, skipping update
2025-09-10 13:41:29 - [INFO] - [DEBUG] Set Image opacity to 1.00
2025-09-10 13:41:29 - [INFO] - [SMART UPDATE] Change type: none
2025-09-10 13:41:29 - [INFO] - [SMART UPDATE] Using full rebuild for opacity change
2025-09-10 13:41:29 - [INFO] - [DEBUG] Rebuilding timeline for active scan index: -1
2025-09-10 13:41:29 - [INFO] - [SMART UPDATE] State updated - Type: rebuild
2025-09-10 13:41:29 - [INFO] - [DEBUG] Set Segmentation opacity to 0.40
2025-09-10 13:41:29 - [INFO] - [SMART UPDATE] Change type: none
2025-09-10 13:41:29 - [INFO] - [SMART UPDATE] Using full rebuild for opacity change
2025-09-10 13:41:29 - [INFO] - [DEBUG] Rebuilding timeline for active scan index: -1
2025-09-10 13:41:29 - [INFO] - [SMART UPDATE] State updated - Type: rebuild
2025-09-10 13:41:29 - [INFO] - [DEBUG] Set Hotspot opacity to 0.50
2025-09-10 13:41:29 - [INFO] - [SMART UPDATE] Change type: none
2025-09-10 13:41:29 - [INFO] - [SMART UPDATE] Using full rebuild for opacity change
2025-09-10 13:41:29 - [INFO] - [DEBUG] Rebuilding timeline for active scan index: -1
2025-09-10 13:41:29 - [INFO] - [SMART UPDATE] State updated - Type: rebuild
2025-09-10 13:41:29 - [INFO] - [DEBUG] Set HotspotBBox opacity to 1.00
2025-09-10 13:41:29 - [INFO] - [SMART UPDATE] Change type: none
2025-09-10 13:41:29 - [INFO] - [SMART UPDATE] Using full rebuild for opacity change
2025-09-10 13:41:29 - [INFO] - [DEBUG] Rebuilding timeline for active scan index: -1
2025-09-10 13:41:29 - [INFO] - [SMART UPDATE] State updated - Type: rebuild
2025-09-10 13:41:29 - [INFO] - [MainWindow] Updating timeline with 5 scans
2025-09-10 13:41:29 - [INFO] - [BSI META INTEGRATION] Updating scan meta with BSI data
2025-09-10 13:41:29 - [INFO] - [BSI META INTEGRATION] Session code: WKW
2025-09-10 13:41:29 - [INFO] - [BSI META INTEGRATION] Scan path: F:\projek dosen\prototype riset\hotspot-analyzer\data\PLANAR\WKW\5001\20250115\5001_1.dcm
2025-09-10 13:41:29 - [INFO] - [BSI EXTRACT INFO] Extracting from path: F:\projek dosen\prototype riset\hotspot-analyzer\data\PLANAR\WKW\5001\20250115\5001_1.dcm
2025-09-10 13:41:29 - [INFO] - [BSI EXTRACT INFO] Extracted study_date from DICOM: 20250115
2025-09-10 13:41:29 - [INFO] - [BSI EXTRACT INFO] Extracted patient_id from study_date structure: 5001
2025-09-10 13:41:29 - [INFO] - [BSI EXTRACT INFO] Final result - Patient: 5001, Study: 20250115
2025-09-10 13:41:29 - [INFO] - [BSI META INTEGRATION] Extracted - Patient: 5001, Study: 20250115
2025-09-10 13:41:29 - [INFO] - [DEBUG QUANT FILES] Getting quantification files for: F:\projek dosen\prototype riset\hotspot-analyzer\data\PLANAR\WKW\5001\20250115
2025-09-10 13:41:29 - [INFO] - [DEBUG QUANT FILES] Detected study_date folder: F:\projek dosen\prototype riset\hotspot-analyzer\data\PLANAR\WKW\5001\20250115
2025-09-10 13:41:29 - [INFO] - [DEBUG QUANT FILES] Generated paths:
2025-09-10 13:41:29 - [INFO] - [DEBUG QUANT FILES]   bsi_json_ant: F:\projek dosen\prototype riset\hotspot-analyzer\data\PLANAR\WKW\5001\20250115\bsi_quantification_ant.json (exists: True)
2025-09-10 13:41:29 - [INFO] - [DEBUG QUANT FILES]   bsi_json_post: F:\projek dosen\prototype riset\hotspot-analyzer\data\PLANAR\WKW\5001\20250115\bsi_quantification_post.json (exists: True)
2025-09-10 13:41:29 - [INFO] - [BSI META INTEGRATION] Found BSI files in study_date folder: F:\projek dosen\prototype riset\hotspot-analyzer\data\PLANAR\WKW\5001\20250115
2025-09-10 13:41:29 - [INFO] - [BSI META INTEGRATION] Using patient folder: F:\projek dosen\prototype riset\hotspot-analyzer\data\PLANAR\WKW\5001\20250115
2025-09-10 13:41:29 - [INFO] - [DEBUG BSI] Detected study_date folder, using parent: F:\projek dosen\prototype riset\hotspot-analyzer\data\PLANAR\WKW\5001
2025-09-10 13:41:29 - [INFO] - [DEBUG BSI] Found study_date folder: 20250115
2025-09-10 13:41:29 - [INFO] - [DEBUG BSI] Found study_date folder: 20250214
2025-09-10 13:41:29 - [INFO] - [DEBUG BSI] Found study_date folder: 20250316
2025-09-10 13:41:29 - [INFO] - [DEBUG BSI] Found study_date folder: 20250415
2025-09-10 13:41:29 - [INFO] - [DEBUG BSI] Found study_date folder: 20250515
2025-09-10 13:41:29 - [INFO] - [DEBUG BSI]     - 20250115 (DIR)
2025-09-10 13:41:29 - [INFO] - [DEBUG BSI]     - 20250214 (DIR)
2025-09-10 13:41:29 - [INFO] - [DEBUG BSI]     - 20250316 (DIR)
2025-09-10 13:41:29 - [INFO] - [DEBUG BSI]     - 20250415 (DIR)
2025-09-10 13:41:29 - [INFO] - [DEBUG BSI]     - 20250515 (DIR)
2025-09-10 13:41:29 - [INFO] - [DEBUG BSI]     - 20250910 (DIR)
2025-09-10 13:41:29 - [INFO] - [DEBUG BSI]     - 5001_1.dcm (FILE)
2025-09-10 13:41:29 - [INFO] - [DEBUG BSI]     - ant_hotspot_classification.json (FILE)
2025-09-10 13:41:29 - [INFO] - [DEBUG BSI]     - ant_hotspot_classification.png (FILE)
2025-09-10 13:41:29 - [INFO] - [DEBUG BSI]     - ant_hotspot_classification.xml (FILE)
2025-09-10 13:41:29 - [INFO] - [DEBUG BSI]     - ant_hotspot_otsu_colored.png (FILE)
2025-09-10 13:41:29 - [INFO] - [DEBUG BSI]     - ant_hotspot_otsu_colored_blend.png (FILE)
2025-09-10 13:41:29 - [INFO] - [DEBUG BSI]     - ant_hotspot_otsu_grayscale.png (FILE)
2025-09-10 13:41:29 - [INFO] - [DEBUG BSI]     - ant_hotspot_yolo.xml (FILE)
2025-09-10 13:41:29 - [INFO] - [DEBUG BSI]     - ant_mask.png (FILE)
2025-09-10 13:41:29 - [INFO] - [DEBUG BSI]     - ant_original.png (FILE)
2025-09-10 13:41:29 - [INFO] - [DEBUG BSI]     - ant_segm.png (FILE)
2025-09-10 13:41:29 - [INFO] - [DEBUG BSI]     - bsi_quantification_ant.json (FILE)
2025-09-10 13:41:29 - [INFO] - [DEBUG BSI]     - bsi_quantification_post.json (FILE)
2025-09-10 13:41:29 - [INFO] - [DEBUG BSI]     - post_hotspot_classification.json (FILE)
2025-09-10 13:41:29 - [INFO] - [DEBUG BSI]     - post_hotspot_classification.png (FILE)
2025-09-10 13:41:29 - [INFO] - [DEBUG BSI]     - post_hotspot_classification.xml (FILE)
2025-09-10 13:41:29 - [INFO] - [DEBUG BSI]     - post_hotspot_otsu_colored.png (FILE)
2025-09-10 13:41:29 - [INFO] - [DEBUG BSI]     - post_hotspot_otsu_colored_blend.png (FILE)
2025-09-10 13:41:29 - [INFO] - [DEBUG BSI]     - post_hotspot_otsu_grayscale.png (FILE)
2025-09-10 13:41:29 - [INFO] - [DEBUG BSI]     - post_hotspot_yolo.xml (FILE)
2025-09-10 13:41:29 - [INFO] - [DEBUG BSI]     - post_mask.png (FILE)
2025-09-10 13:41:29 - [INFO] - [DEBUG BSI]     - post_original.png (FILE)
2025-09-10 13:41:29 - [INFO] - [DEBUG BSI]     - post_segm.png (FILE)
2025-09-10 13:41:29 - [INFO] - [DEBUG BSI]     - 5001_2.dcm (FILE)
2025-09-10 13:41:29 - [INFO] - [DEBUG BSI]     - ant_hotspot_classification.json (FILE)
2025-09-10 13:41:29 - [INFO] - [DEBUG BSI]     - ant_hotspot_classification.png (FILE)
2025-09-10 13:41:29 - [INFO] - [DEBUG BSI]     - ant_hotspot_classification.xml (FILE)
2025-09-10 13:41:29 - [INFO] - [DEBUG BSI]     - ant_hotspot_otsu_colored.png (FILE)
2025-09-10 13:41:29 - [INFO] - [DEBUG BSI]     - ant_hotspot_otsu_colored_blend.png (FILE)
2025-09-10 13:41:29 - [INFO] - [DEBUG BSI]     - ant_hotspot_otsu_grayscale.png (FILE)
2025-09-10 13:41:29 - [INFO] - [DEBUG BSI]     - ant_hotspot_yolo.xml (FILE)
2025-09-10 13:41:29 - [INFO] - [DEBUG BSI]     - ant_mask.png (FILE)
2025-09-10 13:41:29 - [INFO] - [DEBUG BSI]     - ant_original.png (FILE)
2025-09-10 13:41:29 - [INFO] - [DEBUG BSI]     - ant_segm.png (FILE)
2025-09-10 13:41:29 - [INFO] - [DEBUG BSI]     - bsi_quantification_ant.json (FILE)
2025-09-10 13:41:29 - [INFO] - [DEBUG BSI]     - bsi_quantification_post.json (FILE)
2025-09-10 13:41:29 - [INFO] - [DEBUG BSI]     - post_hotspot_classification.json (FILE)
2025-09-10 13:41:29 - [INFO] - [DEBUG BSI]     - post_hotspot_classification.png (FILE)
2025-09-10 13:41:29 - [INFO] - [DEBUG BSI]     - post_hotspot_classification.xml (FILE)
2025-09-10 13:41:29 - [INFO] - [DEBUG BSI]     - post_hotspot_otsu_colored.png (FILE)
2025-09-10 13:41:29 - [INFO] - [DEBUG BSI]     - post_hotspot_otsu_colored_blend.png (FILE)
2025-09-10 13:41:29 - [INFO] - [DEBUG BSI]     - post_hotspot_otsu_grayscale.png (FILE)
2025-09-10 13:41:29 - [INFO] - [DEBUG BSI]     - post_hotspot_yolo.xml (FILE)
2025-09-10 13:41:29 - [INFO] - [DEBUG BSI]     - post_mask.png (FILE)
2025-09-10 13:41:29 - [INFO] - [DEBUG BSI]     - post_original.png (FILE)
2025-09-10 13:41:29 - [INFO] - [DEBUG BSI]     - post_segm.png (FILE)
2025-09-10 13:41:29 - [INFO] - [DEBUG BSI]     - 5001_3.dcm (FILE)
2025-09-10 13:41:29 - [INFO] - [DEBUG BSI]     - ant_hotspot_classification.json (FILE)
2025-09-10 13:41:29 - [INFO] - [DEBUG BSI]     - ant_hotspot_classification.png (FILE)
2025-09-10 13:41:29 - [INFO] - [DEBUG BSI]     - ant_hotspot_classification.xml (FILE)
2025-09-10 13:41:29 - [INFO] - [DEBUG BSI]     - ant_hotspot_otsu_colored.png (FILE)
2025-09-10 13:41:29 - [INFO] - [DEBUG BSI]     - ant_hotspot_otsu_colored_blend.png (FILE)
2025-09-10 13:41:29 - [INFO] - [DEBUG BSI]     - ant_hotspot_otsu_grayscale.png (FILE)
2025-09-10 13:41:29 - [INFO] - [DEBUG BSI]     - ant_hotspot_yolo.xml (FILE)
2025-09-10 13:41:29 - [INFO] - [DEBUG BSI]     - ant_mask.png (FILE)
2025-09-10 13:41:29 - [INFO] - [DEBUG BSI]     - ant_original.png (FILE)
2025-09-10 13:41:29 - [INFO] - [DEBUG BSI]     - ant_segm.png (FILE)
2025-09-10 13:41:29 - [INFO] - [DEBUG BSI]     - bsi_quantification_ant.json (FILE)
2025-09-10 13:41:29 - [INFO] - [DEBUG BSI]     - bsi_quantification_post.json (FILE)
2025-09-10 13:41:29 - [INFO] - [DEBUG BSI]     - post_hotspot_classification.json (FILE)
2025-09-10 13:41:29 - [INFO] - [DEBUG BSI]     - post_hotspot_classification.png (FILE)
2025-09-10 13:41:29 - [INFO] - [DEBUG BSI]     - post_hotspot_classification.xml (FILE)
2025-09-10 13:41:29 - [INFO] - [DEBUG BSI]     - post_hotspot_otsu_colored.png (FILE)
2025-09-10 13:41:29 - [INFO] - [DEBUG BSI]     - post_hotspot_otsu_colored_blend.png (FILE)
2025-09-10 13:41:29 - [INFO] - [DEBUG BSI]     - post_hotspot_otsu_grayscale.png (FILE)
2025-09-10 13:41:29 - [INFO] - [DEBUG BSI]     - post_hotspot_yolo.xml (FILE)
2025-09-10 13:41:29 - [INFO] - [DEBUG BSI]     - post_mask.png (FILE)
2025-09-10 13:41:29 - [INFO] - [DEBUG BSI]     - post_original.png (FILE)
2025-09-10 13:41:29 - [INFO] - [DEBUG BSI]     - post_segm.png (FILE)
2025-09-10 13:41:29 - [INFO] - [DEBUG BSI]     - 5001_4.dcm (FILE)
2025-09-10 13:41:29 - [INFO] - [DEBUG BSI]     - ant_hotspot_classification.json (FILE)
2025-09-10 13:41:29 - [INFO] - [DEBUG BSI]     - ant_hotspot_classification.png (FILE)
2025-09-10 13:41:29 - [INFO] - [DEBUG BSI]     - ant_hotspot_classification.xml (FILE)
2025-09-10 13:41:29 - [INFO] - [DEBUG BSI]     - ant_hotspot_otsu_colored.png (FILE)
2025-09-10 13:41:29 - [INFO] - [DEBUG BSI]     - ant_hotspot_otsu_colored_blend.png (FILE)
2025-09-10 13:41:29 - [INFO] - [DEBUG BSI]     - ant_hotspot_otsu_grayscale.png (FILE)
2025-09-10 13:41:29 - [INFO] - [DEBUG BSI]     - ant_hotspot_yolo.xml (FILE)
2025-09-10 13:41:29 - [INFO] - [DEBUG BSI]     - ant_mask.png (FILE)
2025-09-10 13:41:29 - [INFO] - [DEBUG BSI]     - ant_original.png (FILE)
2025-09-10 13:41:29 - [INFO] - [DEBUG BSI]     - ant_segm.png (FILE)
2025-09-10 13:41:29 - [INFO] - [DEBUG BSI]     - bsi_quantification_ant.json (FILE)
2025-09-10 13:41:29 - [INFO] - [DEBUG BSI]     - bsi_quantification_post.json (FILE)
2025-09-10 13:41:29 - [INFO] - [DEBUG BSI]     - post_hotspot_classification.json (FILE)
2025-09-10 13:41:29 - [INFO] - [DEBUG BSI]     - post_hotspot_classification.png (FILE)
2025-09-10 13:41:29 - [INFO] - [DEBUG BSI]     - post_hotspot_classification.xml (FILE)
2025-09-10 13:41:29 - [INFO] - [DEBUG BSI]     - post_hotspot_otsu_colored.png (FILE)
2025-09-10 13:41:29 - [INFO] - [DEBUG BSI]     - post_hotspot_otsu_colored_blend.png (FILE)
2025-09-10 13:41:29 - [INFO] - [DEBUG BSI]     - post_hotspot_otsu_grayscale.png (FILE)
2025-09-10 13:41:29 - [INFO] - [DEBUG BSI]     - post_hotspot_yolo.xml (FILE)
2025-09-10 13:41:29 - [INFO] - [DEBUG BSI]     - post_mask.png (FILE)
2025-09-10 13:41:29 - [INFO] - [DEBUG BSI]     - post_original.png (FILE)
2025-09-10 13:41:29 - [INFO] - [DEBUG BSI]     - post_segm.png (FILE)
2025-09-10 13:41:29 - [INFO] - [DEBUG BSI]     - 5001_5.dcm (FILE)
2025-09-10 13:41:29 - [INFO] - [DEBUG BSI]     - ant_hotspot_classification.json (FILE)
2025-09-10 13:41:29 - [INFO] - [DEBUG BSI]     - ant_hotspot_classification.png (FILE)
2025-09-10 13:41:29 - [INFO] - [DEBUG BSI]     - ant_hotspot_classification.xml (FILE)
2025-09-10 13:41:29 - [INFO] - [DEBUG BSI]     - ant_hotspot_otsu_colored.png (FILE)
2025-09-10 13:41:29 - [INFO] - [DEBUG BSI]     - ant_hotspot_otsu_colored_blend.png (FILE)
2025-09-10 13:41:29 - [INFO] - [DEBUG BSI]     - ant_hotspot_otsu_grayscale.png (FILE)
2025-09-10 13:41:29 - [INFO] - [DEBUG BSI]     - ant_hotspot_yolo.xml (FILE)
2025-09-10 13:41:29 - [INFO] - [DEBUG BSI]     - ant_mask.png (FILE)
2025-09-10 13:41:29 - [INFO] - [DEBUG BSI]     - ant_original.png (FILE)
2025-09-10 13:41:29 - [INFO] - [DEBUG BSI]     - ant_segm.png (FILE)
2025-09-10 13:41:29 - [INFO] - [DEBUG BSI]     - bsi_quantification_ant.json (FILE)
2025-09-10 13:41:29 - [INFO] - [DEBUG BSI]     - bsi_quantification_post.json (FILE)
2025-09-10 13:41:29 - [INFO] - [DEBUG BSI]     - post_hotspot_classification.json (FILE)
2025-09-10 13:41:29 - [INFO] - [DEBUG BSI]     - post_hotspot_classification.png (FILE)
2025-09-10 13:41:29 - [INFO] - [DEBUG BSI]     - post_hotspot_classification.xml (FILE)
2025-09-10 13:41:29 - [INFO] - [DEBUG BSI]     - post_hotspot_otsu_colored.png (FILE)
2025-09-10 13:41:29 - [INFO] - [DEBUG BSI]     - post_hotspot_otsu_colored_blend.png (FILE)
2025-09-10 13:41:29 - [INFO] - [DEBUG BSI]     - post_hotspot_otsu_grayscale.png (FILE)
2025-09-10 13:41:29 - [INFO] - [DEBUG BSI]     - post_hotspot_yolo.xml (FILE)
2025-09-10 13:41:29 - [INFO] - [DEBUG BSI]     - post_mask.png (FILE)
2025-09-10 13:41:29 - [INFO] - [DEBUG BSI]     - post_original.png (FILE)
2025-09-10 13:41:29 - [INFO] - [DEBUG BSI]     - post_segm.png (FILE)
2025-09-10 13:41:29 - [INFO] - [DEBUG BSI]     - 20250115 (DIR)
2025-09-10 13:41:29 - [INFO] - [DEBUG BSI]     - 20250214 (DIR)
2025-09-10 13:41:29 - [INFO] - [DEBUG BSI]     - 20250316 (DIR)
2025-09-10 13:41:29 - [INFO] - [DEBUG BSI]     - 20250415 (DIR)
2025-09-10 13:41:29 - [INFO] - [DEBUG BSI]     - 20250515 (DIR)
2025-09-10 13:41:29 - [INFO] - [BSI META INTEGRATION] Found BSI data: {'study_date': '20250115', 'anterior_bsi': 0.16661840327526528, 'posterior_bsi': 0.40623840499683184, 'combined_bsi': 0.28642840413604853, 'bsi_score': 0.28642840413604853, 'file_source': 'bsi_quantification_ant.json + bsi_quantification_post.json', 'processing_mode': 'dual_view', 'is_v2': True, 'source_location': 'Study date folder'}
2025-09-10 13:41:29 - [INFO] - [BSI META INTEGRATION]   Updated meta with BSI data:
2025-09-10 13:41:29 - [INFO] - [BSI META INTEGRATION]   Anterior BSI: 0.16661840327526528
2025-09-10 13:41:29 - [INFO] - [BSI META INTEGRATION]   Posterior BSI: 0.40623840499683184
2025-09-10 13:41:29 - [INFO] - [BSI META INTEGRATION]   Processing mode: dual_view
2025-09-10 13:41:29 - [INFO] - [BSI META INTEGRATION] Updating scan meta with BSI data
2025-09-10 13:41:29 - [INFO] - [BSI META INTEGRATION] Session code: WKW
2025-09-10 13:41:29 - [INFO] - [BSI META INTEGRATION] Scan path: F:\projek dosen\prototype riset\hotspot-analyzer\data\PLANAR\WKW\5001\20250214\5001_2.dcm
2025-09-10 13:41:29 - [INFO] - [BSI EXTRACT INFO] Extracting from path: F:\projek dosen\prototype riset\hotspot-analyzer\data\PLANAR\WKW\5001\20250214\5001_2.dcm
2025-09-10 13:41:29 - [INFO] - [BSI EXTRACT INFO] Extracted study_date from DICOM: 20250214
2025-09-10 13:41:29 - [INFO] - [BSI EXTRACT INFO] Extracted patient_id from study_date structure: 5001
2025-09-10 13:41:29 - [INFO] - [BSI EXTRACT INFO] Final result - Patient: 5001, Study: 20250214
2025-09-10 13:41:29 - [INFO] - [BSI META INTEGRATION] Extracted - Patient: 5001, Study: 20250214
2025-09-10 13:41:29 - [INFO] - [DEBUG QUANT FILES] Getting quantification files for: F:\projek dosen\prototype riset\hotspot-analyzer\data\PLANAR\WKW\5001\20250214
2025-09-10 13:41:29 - [INFO] - [DEBUG QUANT FILES] Detected study_date folder: F:\projek dosen\prototype riset\hotspot-analyzer\data\PLANAR\WKW\5001\20250214
2025-09-10 13:41:29 - [INFO] - [DEBUG QUANT FILES] Generated paths:
2025-09-10 13:41:29 - [INFO] - [DEBUG QUANT FILES]   bsi_json_ant: F:\projek dosen\prototype riset\hotspot-analyzer\data\PLANAR\WKW\5001\20250214\bsi_quantification_ant.json (exists: True)
2025-09-10 13:41:29 - [INFO] - [DEBUG QUANT FILES]   bsi_json_post: F:\projek dosen\prototype riset\hotspot-analyzer\data\PLANAR\WKW\5001\20250214\bsi_quantification_post.json (exists: True)
2025-09-10 13:41:29 - [INFO] - [BSI META INTEGRATION] Found BSI files in study_date folder: F:\projek dosen\prototype riset\hotspot-analyzer\data\PLANAR\WKW\5001\20250214
2025-09-10 13:41:29 - [INFO] - [BSI META INTEGRATION] Using patient folder: F:\projek dosen\prototype riset\hotspot-analyzer\data\PLANAR\WKW\5001\20250214
2025-09-10 13:41:29 - [INFO] - [DEBUG BSI] Detected study_date folder, using parent: F:\projek dosen\prototype riset\hotspot-analyzer\data\PLANAR\WKW\5001
2025-09-10 13:41:29 - [INFO] - [DEBUG BSI] Found study_date folder: 20250115
2025-09-10 13:41:29 - [INFO] - [DEBUG BSI] Found study_date folder: 20250214
2025-09-10 13:41:29 - [INFO] - [DEBUG BSI] Found study_date folder: 20250316
2025-09-10 13:41:29 - [INFO] - [DEBUG BSI] Found study_date folder: 20250415
2025-09-10 13:41:29 - [INFO] - [DEBUG BSI] Found study_date folder: 20250515
2025-09-10 13:41:29 - [INFO] - [DEBUG BSI]     - 20250115 (DIR)
2025-09-10 13:41:29 - [INFO] - [DEBUG BSI]     - 20250214 (DIR)
2025-09-10 13:41:29 - [INFO] - [DEBUG BSI]     - 20250316 (DIR)
2025-09-10 13:41:29 - [INFO] - [DEBUG BSI]     - 20250415 (DIR)
2025-09-10 13:41:29 - [INFO] - [DEBUG BSI]     - 20250515 (DIR)
2025-09-10 13:41:29 - [INFO] - [DEBUG BSI]     - 20250910 (DIR)
2025-09-10 13:41:29 - [INFO] - [DEBUG BSI]     - 5001_1.dcm (FILE)
2025-09-10 13:41:29 - [INFO] - [DEBUG BSI]     - ant_hotspot_classification.json (FILE)
2025-09-10 13:41:29 - [INFO] - [DEBUG BSI]     - ant_hotspot_classification.png (FILE)
2025-09-10 13:41:29 - [INFO] - [DEBUG BSI]     - ant_hotspot_classification.xml (FILE)
2025-09-10 13:41:29 - [INFO] - [DEBUG BSI]     - ant_hotspot_otsu_colored.png (FILE)
2025-09-10 13:41:29 - [INFO] - [DEBUG BSI]     - ant_hotspot_otsu_colored_blend.png (FILE)
2025-09-10 13:41:29 - [INFO] - [DEBUG BSI]     - ant_hotspot_otsu_grayscale.png (FILE)
2025-09-10 13:41:29 - [INFO] - [DEBUG BSI]     - ant_hotspot_yolo.xml (FILE)
2025-09-10 13:41:29 - [INFO] - [DEBUG BSI]     - ant_mask.png (FILE)
2025-09-10 13:41:29 - [INFO] - [DEBUG BSI]     - ant_original.png (FILE)
2025-09-10 13:41:29 - [INFO] - [DEBUG BSI]     - ant_segm.png (FILE)
2025-09-10 13:41:29 - [INFO] - [DEBUG BSI]     - bsi_quantification_ant.json (FILE)
2025-09-10 13:41:29 - [INFO] - [DEBUG BSI]     - bsi_quantification_post.json (FILE)
2025-09-10 13:41:29 - [INFO] - [DEBUG BSI]     - post_hotspot_classification.json (FILE)
2025-09-10 13:41:29 - [INFO] - [DEBUG BSI]     - post_hotspot_classification.png (FILE)
2025-09-10 13:41:29 - [INFO] - [DEBUG BSI]     - post_hotspot_classification.xml (FILE)
2025-09-10 13:41:29 - [INFO] - [DEBUG BSI]     - post_hotspot_otsu_colored.png (FILE)
2025-09-10 13:41:29 - [INFO] - [DEBUG BSI]     - post_hotspot_otsu_colored_blend.png (FILE)
2025-09-10 13:41:29 - [INFO] - [DEBUG BSI]     - post_hotspot_otsu_grayscale.png (FILE)
2025-09-10 13:41:29 - [INFO] - [DEBUG BSI]     - post_hotspot_yolo.xml (FILE)
2025-09-10 13:41:29 - [INFO] - [DEBUG BSI]     - post_mask.png (FILE)
2025-09-10 13:41:29 - [INFO] - [DEBUG BSI]     - post_original.png (FILE)
2025-09-10 13:41:29 - [INFO] - [DEBUG BSI]     - post_segm.png (FILE)
2025-09-10 13:41:29 - [INFO] - [DEBUG BSI]     - 5001_2.dcm (FILE)
2025-09-10 13:41:29 - [INFO] - [DEBUG BSI]     - ant_hotspot_classification.json (FILE)
2025-09-10 13:41:29 - [INFO] - [DEBUG BSI]     - ant_hotspot_classification.png (FILE)
2025-09-10 13:41:29 - [INFO] - [DEBUG BSI]     - ant_hotspot_classification.xml (FILE)
2025-09-10 13:41:29 - [INFO] - [DEBUG BSI]     - ant_hotspot_otsu_colored.png (FILE)
2025-09-10 13:41:29 - [INFO] - [DEBUG BSI]     - ant_hotspot_otsu_colored_blend.png (FILE)
2025-09-10 13:41:29 - [INFO] - [DEBUG BSI]     - ant_hotspot_otsu_grayscale.png (FILE)
2025-09-10 13:41:29 - [INFO] - [DEBUG BSI]     - ant_hotspot_yolo.xml (FILE)
2025-09-10 13:41:29 - [INFO] - [DEBUG BSI]     - ant_mask.png (FILE)
2025-09-10 13:41:29 - [INFO] - [DEBUG BSI]     - ant_original.png (FILE)
2025-09-10 13:41:29 - [INFO] - [DEBUG BSI]     - ant_segm.png (FILE)
2025-09-10 13:41:29 - [INFO] - [DEBUG BSI]     - bsi_quantification_ant.json (FILE)
2025-09-10 13:41:29 - [INFO] - [DEBUG BSI]     - bsi_quantification_post.json (FILE)
2025-09-10 13:41:29 - [INFO] - [DEBUG BSI]     - post_hotspot_classification.json (FILE)
2025-09-10 13:41:29 - [INFO] - [DEBUG BSI]     - post_hotspot_classification.png (FILE)
2025-09-10 13:41:29 - [INFO] - [DEBUG BSI]     - post_hotspot_classification.xml (FILE)
2025-09-10 13:41:29 - [INFO] - [DEBUG BSI]     - post_hotspot_otsu_colored.png (FILE)
2025-09-10 13:41:29 - [INFO] - [DEBUG BSI]     - post_hotspot_otsu_colored_blend.png (FILE)
2025-09-10 13:41:29 - [INFO] - [DEBUG BSI]     - post_hotspot_otsu_grayscale.png (FILE)
2025-09-10 13:41:29 - [INFO] - [DEBUG BSI]     - post_hotspot_yolo.xml (FILE)
2025-09-10 13:41:29 - [INFO] - [DEBUG BSI]     - post_mask.png (FILE)
2025-09-10 13:41:29 - [INFO] - [DEBUG BSI]     - post_original.png (FILE)
2025-09-10 13:41:29 - [INFO] - [DEBUG BSI]     - post_segm.png (FILE)
2025-09-10 13:41:29 - [INFO] - [DEBUG BSI]     - 5001_3.dcm (FILE)
2025-09-10 13:41:29 - [INFO] - [DEBUG BSI]     - ant_hotspot_classification.json (FILE)
2025-09-10 13:41:29 - [INFO] - [DEBUG BSI]     - ant_hotspot_classification.png (FILE)
2025-09-10 13:41:29 - [INFO] - [DEBUG BSI]     - ant_hotspot_classification.xml (FILE)
2025-09-10 13:41:29 - [INFO] - [DEBUG BSI]     - ant_hotspot_otsu_colored.png (FILE)
2025-09-10 13:41:29 - [INFO] - [DEBUG BSI]     - ant_hotspot_otsu_colored_blend.png (FILE)
2025-09-10 13:41:29 - [INFO] - [DEBUG BSI]     - ant_hotspot_otsu_grayscale.png (FILE)
2025-09-10 13:41:29 - [INFO] - [DEBUG BSI]     - ant_hotspot_yolo.xml (FILE)
2025-09-10 13:41:29 - [INFO] - [DEBUG BSI]     - ant_mask.png (FILE)
2025-09-10 13:41:29 - [INFO] - [DEBUG BSI]     - ant_original.png (FILE)
2025-09-10 13:41:29 - [INFO] - [DEBUG BSI]     - ant_segm.png (FILE)
2025-09-10 13:41:29 - [INFO] - [DEBUG BSI]     - bsi_quantification_ant.json (FILE)
2025-09-10 13:41:29 - [INFO] - [DEBUG BSI]     - bsi_quantification_post.json (FILE)
2025-09-10 13:41:29 - [INFO] - [DEBUG BSI]     - post_hotspot_classification.json (FILE)
2025-09-10 13:41:29 - [INFO] - [DEBUG BSI]     - post_hotspot_classification.png (FILE)
2025-09-10 13:41:29 - [INFO] - [DEBUG BSI]     - post_hotspot_classification.xml (FILE)
2025-09-10 13:41:29 - [INFO] - [DEBUG BSI]     - post_hotspot_otsu_colored.png (FILE)
2025-09-10 13:41:29 - [INFO] - [DEBUG BSI]     - post_hotspot_otsu_colored_blend.png (FILE)
2025-09-10 13:41:29 - [INFO] - [DEBUG BSI]     - post_hotspot_otsu_grayscale.png (FILE)
2025-09-10 13:41:29 - [INFO] - [DEBUG BSI]     - post_hotspot_yolo.xml (FILE)
2025-09-10 13:41:29 - [INFO] - [DEBUG BSI]     - post_mask.png (FILE)
2025-09-10 13:41:29 - [INFO] - [DEBUG BSI]     - post_original.png (FILE)
2025-09-10 13:41:29 - [INFO] - [DEBUG BSI]     - post_segm.png (FILE)
2025-09-10 13:41:29 - [INFO] - [DEBUG BSI]     - 5001_4.dcm (FILE)
2025-09-10 13:41:29 - [INFO] - [DEBUG BSI]     - ant_hotspot_classification.json (FILE)
2025-09-10 13:41:29 - [INFO] - [DEBUG BSI]     - ant_hotspot_classification.png (FILE)
2025-09-10 13:41:29 - [INFO] - [DEBUG BSI]     - ant_hotspot_classification.xml (FILE)
2025-09-10 13:41:29 - [INFO] - [DEBUG BSI]     - ant_hotspot_otsu_colored.png (FILE)
2025-09-10 13:41:29 - [INFO] - [DEBUG BSI]     - ant_hotspot_otsu_colored_blend.png (FILE)
2025-09-10 13:41:29 - [INFO] - [DEBUG BSI]     - ant_hotspot_otsu_grayscale.png (FILE)
2025-09-10 13:41:29 - [INFO] - [DEBUG BSI]     - ant_hotspot_yolo.xml (FILE)
2025-09-10 13:41:29 - [INFO] - [DEBUG BSI]     - ant_mask.png (FILE)
2025-09-10 13:41:29 - [INFO] - [DEBUG BSI]     - ant_original.png (FILE)
2025-09-10 13:41:29 - [INFO] - [DEBUG BSI]     - ant_segm.png (FILE)
2025-09-10 13:41:29 - [INFO] - [DEBUG BSI]     - bsi_quantification_ant.json (FILE)
2025-09-10 13:41:29 - [INFO] - [DEBUG BSI]     - bsi_quantification_post.json (FILE)
2025-09-10 13:41:29 - [INFO] - [DEBUG BSI]     - post_hotspot_classification.json (FILE)
2025-09-10 13:41:29 - [INFO] - [DEBUG BSI]     - post_hotspot_classification.png (FILE)
2025-09-10 13:41:29 - [INFO] - [DEBUG BSI]     - post_hotspot_classification.xml (FILE)
2025-09-10 13:41:29 - [INFO] - [DEBUG BSI]     - post_hotspot_otsu_colored.png (FILE)
2025-09-10 13:41:29 - [INFO] - [DEBUG BSI]     - post_hotspot_otsu_colored_blend.png (FILE)
2025-09-10 13:41:29 - [INFO] - [DEBUG BSI]     - post_hotspot_otsu_grayscale.png (FILE)
2025-09-10 13:41:29 - [INFO] - [DEBUG BSI]     - post_hotspot_yolo.xml (FILE)
2025-09-10 13:41:29 - [INFO] - [DEBUG BSI]     - post_mask.png (FILE)
2025-09-10 13:41:29 - [INFO] - [DEBUG BSI]     - post_original.png (FILE)
2025-09-10 13:41:29 - [INFO] - [DEBUG BSI]     - post_segm.png (FILE)
2025-09-10 13:41:29 - [INFO] - [DEBUG BSI]     - 5001_5.dcm (FILE)
2025-09-10 13:41:29 - [INFO] - [DEBUG BSI]     - ant_hotspot_classification.json (FILE)
2025-09-10 13:41:29 - [INFO] - [DEBUG BSI]     - ant_hotspot_classification.png (FILE)
2025-09-10 13:41:29 - [INFO] - [DEBUG BSI]     - ant_hotspot_classification.xml (FILE)
2025-09-10 13:41:29 - [INFO] - [DEBUG BSI]     - ant_hotspot_otsu_colored.png (FILE)
2025-09-10 13:41:29 - [INFO] - [DEBUG BSI]     - ant_hotspot_otsu_colored_blend.png (FILE)
2025-09-10 13:41:29 - [INFO] - [DEBUG BSI]     - ant_hotspot_otsu_grayscale.png (FILE)
2025-09-10 13:41:29 - [INFO] - [DEBUG BSI]     - ant_hotspot_yolo.xml (FILE)
2025-09-10 13:41:29 - [INFO] - [DEBUG BSI]     - ant_mask.png (FILE)
2025-09-10 13:41:29 - [INFO] - [DEBUG BSI]     - ant_original.png (FILE)
2025-09-10 13:41:29 - [INFO] - [DEBUG BSI]     - ant_segm.png (FILE)
2025-09-10 13:41:29 - [INFO] - [DEBUG BSI]     - bsi_quantification_ant.json (FILE)
2025-09-10 13:41:29 - [INFO] - [DEBUG BSI]     - bsi_quantification_post.json (FILE)
2025-09-10 13:41:29 - [INFO] - [DEBUG BSI]     - post_hotspot_classification.json (FILE)
2025-09-10 13:41:29 - [INFO] - [DEBUG BSI]     - post_hotspot_classification.png (FILE)
2025-09-10 13:41:29 - [INFO] - [DEBUG BSI]     - post_hotspot_classification.xml (FILE)
2025-09-10 13:41:29 - [INFO] - [DEBUG BSI]     - post_hotspot_otsu_colored.png (FILE)
2025-09-10 13:41:29 - [INFO] - [DEBUG BSI]     - post_hotspot_otsu_colored_blend.png (FILE)
2025-09-10 13:41:29 - [INFO] - [DEBUG BSI]     - post_hotspot_otsu_grayscale.png (FILE)
2025-09-10 13:41:29 - [INFO] - [DEBUG BSI]     - post_hotspot_yolo.xml (FILE)
2025-09-10 13:41:29 - [INFO] - [DEBUG BSI]     - post_mask.png (FILE)
2025-09-10 13:41:29 - [INFO] - [DEBUG BSI]     - post_original.png (FILE)
2025-09-10 13:41:29 - [INFO] - [DEBUG BSI]     - post_segm.png (FILE)
2025-09-10 13:41:29 - [INFO] - [DEBUG BSI]     - 20250115 (DIR)
2025-09-10 13:41:29 - [INFO] - [DEBUG BSI]     - 20250214 (DIR)
2025-09-10 13:41:29 - [INFO] - [DEBUG BSI]     - 20250316 (DIR)
2025-09-10 13:41:29 - [INFO] - [DEBUG BSI]     - 20250415 (DIR)
2025-09-10 13:41:29 - [INFO] - [DEBUG BSI]     - 20250515 (DIR)
2025-09-10 13:41:29 - [INFO] - [BSI META INTEGRATION] Found BSI data: {'study_date': '20250214', 'anterior_bsi': 1.04047024442087, 'posterior_bsi': 1.0918650364531683, 'combined_bsi': 1.066167640437019, 'bsi_score': 1.066167640437019, 'file_source': 'bsi_quantification_ant.json + bsi_quantification_post.json', 'processing_mode': 'dual_view', 'is_v2': True, 'source_location': 'Study date folder'}
2025-09-10 13:41:29 - [INFO] - [BSI META INTEGRATION]   Updated meta with BSI data:
2025-09-10 13:41:29 - [INFO] - [BSI META INTEGRATION]   Anterior BSI: 1.04047024442087
2025-09-10 13:41:29 - [INFO] - [BSI META INTEGRATION]   Posterior BSI: 1.0918650364531683
2025-09-10 13:41:29 - [INFO] - [BSI META INTEGRATION]   Processing mode: dual_view
2025-09-10 13:41:29 - [INFO] - [BSI META INTEGRATION] Updating scan meta with BSI data
2025-09-10 13:41:29 - [INFO] - [BSI META INTEGRATION] Session code: WKW
2025-09-10 13:41:29 - [INFO] - [BSI META INTEGRATION] Scan path: F:\projek dosen\prototype riset\hotspot-analyzer\data\PLANAR\WKW\5001\20250316\5001_3.dcm
2025-09-10 13:41:29 - [INFO] - [BSI EXTRACT INFO] Extracting from path: F:\projek dosen\prototype riset\hotspot-analyzer\data\PLANAR\WKW\5001\20250316\5001_3.dcm
2025-09-10 13:41:29 - [INFO] - [BSI EXTRACT INFO] Extracted study_date from DICOM: 20250316
2025-09-10 13:41:29 - [INFO] - [BSI EXTRACT INFO] Extracted patient_id from study_date structure: 5001
2025-09-10 13:41:29 - [INFO] - [BSI EXTRACT INFO] Final result - Patient: 5001, Study: 20250316
2025-09-10 13:41:29 - [INFO] - [BSI META INTEGRATION] Extracted - Patient: 5001, Study: 20250316
2025-09-10 13:41:29 - [INFO] - [DEBUG QUANT FILES] Getting quantification files for: F:\projek dosen\prototype riset\hotspot-analyzer\data\PLANAR\WKW\5001\20250316
2025-09-10 13:41:29 - [INFO] - [DEBUG QUANT FILES] Detected study_date folder: F:\projek dosen\prototype riset\hotspot-analyzer\data\PLANAR\WKW\5001\20250316
2025-09-10 13:41:29 - [INFO] - [DEBUG QUANT FILES] Generated paths:
2025-09-10 13:41:29 - [INFO] - [DEBUG QUANT FILES]   bsi_json_ant: F:\projek dosen\prototype riset\hotspot-analyzer\data\PLANAR\WKW\5001\20250316\bsi_quantification_ant.json (exists: True)
2025-09-10 13:41:29 - [INFO] - [DEBUG QUANT FILES]   bsi_json_post: F:\projek dosen\prototype riset\hotspot-analyzer\data\PLANAR\WKW\5001\20250316\bsi_quantification_post.json (exists: True)
2025-09-10 13:41:29 - [INFO] - [BSI META INTEGRATION] Found BSI files in study_date folder: F:\projek dosen\prototype riset\hotspot-analyzer\data\PLANAR\WKW\5001\20250316
2025-09-10 13:41:29 - [INFO] - [BSI META INTEGRATION] Using patient folder: F:\projek dosen\prototype riset\hotspot-analyzer\data\PLANAR\WKW\5001\20250316
2025-09-10 13:41:29 - [INFO] - [DEBUG BSI] Detected study_date folder, using parent: F:\projek dosen\prototype riset\hotspot-analyzer\data\PLANAR\WKW\5001
2025-09-10 13:41:29 - [INFO] - [DEBUG BSI] Found study_date folder: 20250115
2025-09-10 13:41:29 - [INFO] - [DEBUG BSI] Found study_date folder: 20250214
2025-09-10 13:41:29 - [INFO] - [DEBUG BSI] Found study_date folder: 20250316
2025-09-10 13:41:29 - [INFO] - [DEBUG BSI] Found study_date folder: 20250415
2025-09-10 13:41:29 - [INFO] - [DEBUG BSI] Found study_date folder: 20250515
2025-09-10 13:41:29 - [INFO] - [DEBUG BSI]     - 20250115 (DIR)
2025-09-10 13:41:29 - [INFO] - [DEBUG BSI]     - 20250214 (DIR)
2025-09-10 13:41:29 - [INFO] - [DEBUG BSI]     - 20250316 (DIR)
2025-09-10 13:41:29 - [INFO] - [DEBUG BSI]     - 20250415 (DIR)
2025-09-10 13:41:29 - [INFO] - [DEBUG BSI]     - 20250515 (DIR)
2025-09-10 13:41:29 - [INFO] - [DEBUG BSI]     - 20250910 (DIR)
2025-09-10 13:41:29 - [INFO] - [DEBUG BSI]     - 5001_1.dcm (FILE)
2025-09-10 13:41:29 - [INFO] - [DEBUG BSI]     - ant_hotspot_classification.json (FILE)
2025-09-10 13:41:29 - [INFO] - [DEBUG BSI]     - ant_hotspot_classification.png (FILE)
2025-09-10 13:41:29 - [INFO] - [DEBUG BSI]     - ant_hotspot_classification.xml (FILE)
2025-09-10 13:41:29 - [INFO] - [DEBUG BSI]     - ant_hotspot_otsu_colored.png (FILE)
2025-09-10 13:41:29 - [INFO] - [DEBUG BSI]     - ant_hotspot_otsu_colored_blend.png (FILE)
2025-09-10 13:41:29 - [INFO] - [DEBUG BSI]     - ant_hotspot_otsu_grayscale.png (FILE)
2025-09-10 13:41:29 - [INFO] - [DEBUG BSI]     - ant_hotspot_yolo.xml (FILE)
2025-09-10 13:41:29 - [INFO] - [DEBUG BSI]     - ant_mask.png (FILE)
2025-09-10 13:41:29 - [INFO] - [DEBUG BSI]     - ant_original.png (FILE)
2025-09-10 13:41:29 - [INFO] - [DEBUG BSI]     - ant_segm.png (FILE)
2025-09-10 13:41:29 - [INFO] - [DEBUG BSI]     - bsi_quantification_ant.json (FILE)
2025-09-10 13:41:29 - [INFO] - [DEBUG BSI]     - bsi_quantification_post.json (FILE)
2025-09-10 13:41:29 - [INFO] - [DEBUG BSI]     - post_hotspot_classification.json (FILE)
2025-09-10 13:41:29 - [INFO] - [DEBUG BSI]     - post_hotspot_classification.png (FILE)
2025-09-10 13:41:29 - [INFO] - [DEBUG BSI]     - post_hotspot_classification.xml (FILE)
2025-09-10 13:41:29 - [INFO] - [DEBUG BSI]     - post_hotspot_otsu_colored.png (FILE)
2025-09-10 13:41:29 - [INFO] - [DEBUG BSI]     - post_hotspot_otsu_colored_blend.png (FILE)
2025-09-10 13:41:29 - [INFO] - [DEBUG BSI]     - post_hotspot_otsu_grayscale.png (FILE)
2025-09-10 13:41:29 - [INFO] - [DEBUG BSI]     - post_hotspot_yolo.xml (FILE)
2025-09-10 13:41:29 - [INFO] - [DEBUG BSI]     - post_mask.png (FILE)
2025-09-10 13:41:29 - [INFO] - [DEBUG BSI]     - post_original.png (FILE)
2025-09-10 13:41:29 - [INFO] - [DEBUG BSI]     - post_segm.png (FILE)
2025-09-10 13:41:29 - [INFO] - [DEBUG BSI]     - 5001_2.dcm (FILE)
2025-09-10 13:41:29 - [INFO] - [DEBUG BSI]     - ant_hotspot_classification.json (FILE)
2025-09-10 13:41:29 - [INFO] - [DEBUG BSI]     - ant_hotspot_classification.png (FILE)
2025-09-10 13:41:29 - [INFO] - [DEBUG BSI]     - ant_hotspot_classification.xml (FILE)
2025-09-10 13:41:29 - [INFO] - [DEBUG BSI]     - ant_hotspot_otsu_colored.png (FILE)
2025-09-10 13:41:29 - [INFO] - [DEBUG BSI]     - ant_hotspot_otsu_colored_blend.png (FILE)
2025-09-10 13:41:29 - [INFO] - [DEBUG BSI]     - ant_hotspot_otsu_grayscale.png (FILE)
2025-09-10 13:41:29 - [INFO] - [DEBUG BSI]     - ant_hotspot_yolo.xml (FILE)
2025-09-10 13:41:29 - [INFO] - [DEBUG BSI]     - ant_mask.png (FILE)
2025-09-10 13:41:29 - [INFO] - [DEBUG BSI]     - ant_original.png (FILE)
2025-09-10 13:41:29 - [INFO] - [DEBUG BSI]     - ant_segm.png (FILE)
2025-09-10 13:41:29 - [INFO] - [DEBUG BSI]     - bsi_quantification_ant.json (FILE)
2025-09-10 13:41:29 - [INFO] - [DEBUG BSI]     - bsi_quantification_post.json (FILE)
2025-09-10 13:41:29 - [INFO] - [DEBUG BSI]     - post_hotspot_classification.json (FILE)
2025-09-10 13:41:29 - [INFO] - [DEBUG BSI]     - post_hotspot_classification.png (FILE)
2025-09-10 13:41:29 - [INFO] - [DEBUG BSI]     - post_hotspot_classification.xml (FILE)
2025-09-10 13:41:29 - [INFO] - [DEBUG BSI]     - post_hotspot_otsu_colored.png (FILE)
2025-09-10 13:41:29 - [INFO] - [DEBUG BSI]     - post_hotspot_otsu_colored_blend.png (FILE)
2025-09-10 13:41:29 - [INFO] - [DEBUG BSI]     - post_hotspot_otsu_grayscale.png (FILE)
2025-09-10 13:41:29 - [INFO] - [DEBUG BSI]     - post_hotspot_yolo.xml (FILE)
2025-09-10 13:41:29 - [INFO] - [DEBUG BSI]     - post_mask.png (FILE)
2025-09-10 13:41:29 - [INFO] - [DEBUG BSI]     - post_original.png (FILE)
2025-09-10 13:41:29 - [INFO] - [DEBUG BSI]     - post_segm.png (FILE)
2025-09-10 13:41:29 - [INFO] - [DEBUG BSI]     - 5001_3.dcm (FILE)
2025-09-10 13:41:29 - [INFO] - [DEBUG BSI]     - ant_hotspot_classification.json (FILE)
2025-09-10 13:41:29 - [INFO] - [DEBUG BSI]     - ant_hotspot_classification.png (FILE)
2025-09-10 13:41:29 - [INFO] - [DEBUG BSI]     - ant_hotspot_classification.xml (FILE)
2025-09-10 13:41:29 - [INFO] - [DEBUG BSI]     - ant_hotspot_otsu_colored.png (FILE)
2025-09-10 13:41:29 - [INFO] - [DEBUG BSI]     - ant_hotspot_otsu_colored_blend.png (FILE)
2025-09-10 13:41:29 - [INFO] - [DEBUG BSI]     - ant_hotspot_otsu_grayscale.png (FILE)
2025-09-10 13:41:29 - [INFO] - [DEBUG BSI]     - ant_hotspot_yolo.xml (FILE)
2025-09-10 13:41:29 - [INFO] - [DEBUG BSI]     - ant_mask.png (FILE)
2025-09-10 13:41:29 - [INFO] - [DEBUG BSI]     - ant_original.png (FILE)
2025-09-10 13:41:29 - [INFO] - [DEBUG BSI]     - ant_segm.png (FILE)
2025-09-10 13:41:29 - [INFO] - [DEBUG BSI]     - bsi_quantification_ant.json (FILE)
2025-09-10 13:41:29 - [INFO] - [DEBUG BSI]     - bsi_quantification_post.json (FILE)
2025-09-10 13:41:29 - [INFO] - [DEBUG BSI]     - post_hotspot_classification.json (FILE)
2025-09-10 13:41:29 - [INFO] - [DEBUG BSI]     - post_hotspot_classification.png (FILE)
2025-09-10 13:41:29 - [INFO] - [DEBUG BSI]     - post_hotspot_classification.xml (FILE)
2025-09-10 13:41:29 - [INFO] - [DEBUG BSI]     - post_hotspot_otsu_colored.png (FILE)
2025-09-10 13:41:29 - [INFO] - [DEBUG BSI]     - post_hotspot_otsu_colored_blend.png (FILE)
2025-09-10 13:41:29 - [INFO] - [DEBUG BSI]     - post_hotspot_otsu_grayscale.png (FILE)
2025-09-10 13:41:29 - [INFO] - [DEBUG BSI]     - post_hotspot_yolo.xml (FILE)
2025-09-10 13:41:29 - [INFO] - [DEBUG BSI]     - post_mask.png (FILE)
2025-09-10 13:41:29 - [INFO] - [DEBUG BSI]     - post_original.png (FILE)
2025-09-10 13:41:29 - [INFO] - [DEBUG BSI]     - post_segm.png (FILE)
2025-09-10 13:41:29 - [INFO] - [DEBUG BSI]     - 5001_4.dcm (FILE)
2025-09-10 13:41:29 - [INFO] - [DEBUG BSI]     - ant_hotspot_classification.json (FILE)
2025-09-10 13:41:29 - [INFO] - [DEBUG BSI]     - ant_hotspot_classification.png (FILE)
2025-09-10 13:41:29 - [INFO] - [DEBUG BSI]     - ant_hotspot_classification.xml (FILE)
2025-09-10 13:41:29 - [INFO] - [DEBUG BSI]     - ant_hotspot_otsu_colored.png (FILE)
2025-09-10 13:41:29 - [INFO] - [DEBUG BSI]     - ant_hotspot_otsu_colored_blend.png (FILE)
2025-09-10 13:41:29 - [INFO] - [DEBUG BSI]     - ant_hotspot_otsu_grayscale.png (FILE)
2025-09-10 13:41:29 - [INFO] - [DEBUG BSI]     - ant_hotspot_yolo.xml (FILE)
2025-09-10 13:41:29 - [INFO] - [DEBUG BSI]     - ant_mask.png (FILE)
2025-09-10 13:41:29 - [INFO] - [DEBUG BSI]     - ant_original.png (FILE)
2025-09-10 13:41:29 - [INFO] - [DEBUG BSI]     - ant_segm.png (FILE)
2025-09-10 13:41:29 - [INFO] - [DEBUG BSI]     - bsi_quantification_ant.json (FILE)
2025-09-10 13:41:29 - [INFO] - [DEBUG BSI]     - bsi_quantification_post.json (FILE)
2025-09-10 13:41:29 - [INFO] - [DEBUG BSI]     - post_hotspot_classification.json (FILE)
2025-09-10 13:41:29 - [INFO] - [DEBUG BSI]     - post_hotspot_classification.png (FILE)
2025-09-10 13:41:29 - [INFO] - [DEBUG BSI]     - post_hotspot_classification.xml (FILE)
2025-09-10 13:41:29 - [INFO] - [DEBUG BSI]     - post_hotspot_otsu_colored.png (FILE)
2025-09-10 13:41:29 - [INFO] - [DEBUG BSI]     - post_hotspot_otsu_colored_blend.png (FILE)
2025-09-10 13:41:29 - [INFO] - [DEBUG BSI]     - post_hotspot_otsu_grayscale.png (FILE)
2025-09-10 13:41:29 - [INFO] - [DEBUG BSI]     - post_hotspot_yolo.xml (FILE)
2025-09-10 13:41:29 - [INFO] - [DEBUG BSI]     - post_mask.png (FILE)
2025-09-10 13:41:29 - [INFO] - [DEBUG BSI]     - post_original.png (FILE)
2025-09-10 13:41:29 - [INFO] - [DEBUG BSI]     - post_segm.png (FILE)
2025-09-10 13:41:29 - [INFO] - [DEBUG BSI]     - 5001_5.dcm (FILE)
2025-09-10 13:41:29 - [INFO] - [DEBUG BSI]     - ant_hotspot_classification.json (FILE)
2025-09-10 13:41:29 - [INFO] - [DEBUG BSI]     - ant_hotspot_classification.png (FILE)
2025-09-10 13:41:29 - [INFO] - [DEBUG BSI]     - ant_hotspot_classification.xml (FILE)
2025-09-10 13:41:29 - [INFO] - [DEBUG BSI]     - ant_hotspot_otsu_colored.png (FILE)
2025-09-10 13:41:29 - [INFO] - [DEBUG BSI]     - ant_hotspot_otsu_colored_blend.png (FILE)
2025-09-10 13:41:29 - [INFO] - [DEBUG BSI]     - ant_hotspot_otsu_grayscale.png (FILE)
2025-09-10 13:41:29 - [INFO] - [DEBUG BSI]     - ant_hotspot_yolo.xml (FILE)
2025-09-10 13:41:29 - [INFO] - [DEBUG BSI]     - ant_mask.png (FILE)
2025-09-10 13:41:29 - [INFO] - [DEBUG BSI]     - ant_original.png (FILE)
2025-09-10 13:41:29 - [INFO] - [DEBUG BSI]     - ant_segm.png (FILE)
2025-09-10 13:41:29 - [INFO] - [DEBUG BSI]     - bsi_quantification_ant.json (FILE)
2025-09-10 13:41:29 - [INFO] - [DEBUG BSI]     - bsi_quantification_post.json (FILE)
2025-09-10 13:41:29 - [INFO] - [DEBUG BSI]     - post_hotspot_classification.json (FILE)
2025-09-10 13:41:29 - [INFO] - [DEBUG BSI]     - post_hotspot_classification.png (FILE)
2025-09-10 13:41:29 - [INFO] - [DEBUG BSI]     - post_hotspot_classification.xml (FILE)
2025-09-10 13:41:29 - [INFO] - [DEBUG BSI]     - post_hotspot_otsu_colored.png (FILE)
2025-09-10 13:41:29 - [INFO] - [DEBUG BSI]     - post_hotspot_otsu_colored_blend.png (FILE)
2025-09-10 13:41:29 - [INFO] - [DEBUG BSI]     - post_hotspot_otsu_grayscale.png (FILE)
2025-09-10 13:41:29 - [INFO] - [DEBUG BSI]     - post_hotspot_yolo.xml (FILE)
2025-09-10 13:41:29 - [INFO] - [DEBUG BSI]     - post_mask.png (FILE)
2025-09-10 13:41:29 - [INFO] - [DEBUG BSI]     - post_original.png (FILE)
2025-09-10 13:41:29 - [INFO] - [DEBUG BSI]     - post_segm.png (FILE)
2025-09-10 13:41:29 - [INFO] - [DEBUG BSI]     - 20250115 (DIR)
2025-09-10 13:41:29 - [INFO] - [DEBUG BSI]     - 20250214 (DIR)
2025-09-10 13:41:29 - [INFO] - [DEBUG BSI]     - 20250316 (DIR)
2025-09-10 13:41:29 - [INFO] - [DEBUG BSI]     - 20250415 (DIR)
2025-09-10 13:41:29 - [INFO] - [DEBUG BSI]     - 20250515 (DIR)
2025-09-10 13:41:29 - [INFO] - [BSI META INTEGRATION] Found BSI data: {'study_date': '20250316', 'anterior_bsi': 1.5921247263429408, 'posterior_bsi': 2.212410433687333, 'combined_bsi': 1.902267580015137, 'bsi_score': 1.902267580015137, 'file_source': 'bsi_quantification_ant.json + bsi_quantification_post.json', 'processing_mode': 'dual_view', 'is_v2': True, 'source_location': 'Study date folder'}
2025-09-10 13:41:29 - [INFO] - [BSI META INTEGRATION]   Updated meta with BSI data:
2025-09-10 13:41:29 - [INFO] - [BSI META INTEGRATION]   Anterior BSI: 1.5921247263429408
2025-09-10 13:41:29 - [INFO] - [BSI META INTEGRATION]   Posterior BSI: 2.212410433687333
2025-09-10 13:41:29 - [INFO] - [BSI META INTEGRATION]   Processing mode: dual_view
2025-09-10 13:41:29 - [INFO] - [BSI META INTEGRATION] Updating scan meta with BSI data
2025-09-10 13:41:29 - [INFO] - [BSI META INTEGRATION] Session code: WKW
2025-09-10 13:41:29 - [INFO] - [BSI META INTEGRATION] Scan path: F:\projek dosen\prototype riset\hotspot-analyzer\data\PLANAR\WKW\5001\20250415\5001_4.dcm
2025-09-10 13:41:29 - [INFO] - [BSI EXTRACT INFO] Extracting from path: F:\projek dosen\prototype riset\hotspot-analyzer\data\PLANAR\WKW\5001\20250415\5001_4.dcm
2025-09-10 13:41:29 - [INFO] - [BSI EXTRACT INFO] Extracted study_date from DICOM: 20250415
2025-09-10 13:41:29 - [INFO] - [BSI EXTRACT INFO] Extracted patient_id from study_date structure: 5001
2025-09-10 13:41:29 - [INFO] - [BSI EXTRACT INFO] Final result - Patient: 5001, Study: 20250415
2025-09-10 13:41:29 - [INFO] - [BSI META INTEGRATION] Extracted - Patient: 5001, Study: 20250415
2025-09-10 13:41:29 - [INFO] - [DEBUG QUANT FILES] Getting quantification files for: F:\projek dosen\prototype riset\hotspot-analyzer\data\PLANAR\WKW\5001\20250415
2025-09-10 13:41:29 - [INFO] - [DEBUG QUANT FILES] Detected study_date folder: F:\projek dosen\prototype riset\hotspot-analyzer\data\PLANAR\WKW\5001\20250415
2025-09-10 13:41:29 - [INFO] - [DEBUG QUANT FILES] Generated paths:
2025-09-10 13:41:29 - [INFO] - [DEBUG QUANT FILES]   bsi_json_ant: F:\projek dosen\prototype riset\hotspot-analyzer\data\PLANAR\WKW\5001\20250415\bsi_quantification_ant.json (exists: True)
2025-09-10 13:41:29 - [INFO] - [DEBUG QUANT FILES]   bsi_json_post: F:\projek dosen\prototype riset\hotspot-analyzer\data\PLANAR\WKW\5001\20250415\bsi_quantification_post.json (exists: True)
2025-09-10 13:41:29 - [INFO] - [BSI META INTEGRATION] Found BSI files in study_date folder: F:\projek dosen\prototype riset\hotspot-analyzer\data\PLANAR\WKW\5001\20250415
2025-09-10 13:41:29 - [INFO] - [BSI META INTEGRATION] Using patient folder: F:\projek dosen\prototype riset\hotspot-analyzer\data\PLANAR\WKW\5001\20250415
2025-09-10 13:41:29 - [INFO] - [DEBUG BSI] Detected study_date folder, using parent: F:\projek dosen\prototype riset\hotspot-analyzer\data\PLANAR\WKW\5001
2025-09-10 13:41:29 - [INFO] - [DEBUG BSI] Found study_date folder: 20250115
2025-09-10 13:41:29 - [INFO] - [DEBUG BSI] Found study_date folder: 20250214
2025-09-10 13:41:29 - [INFO] - [DEBUG BSI] Found study_date folder: 20250316
2025-09-10 13:41:29 - [INFO] - [DEBUG BSI] Found study_date folder: 20250415
2025-09-10 13:41:29 - [INFO] - [DEBUG BSI] Found study_date folder: 20250515
2025-09-10 13:41:29 - [INFO] - [DEBUG BSI]     - 20250115 (DIR)
2025-09-10 13:41:29 - [INFO] - [DEBUG BSI]     - 20250214 (DIR)
2025-09-10 13:41:29 - [INFO] - [DEBUG BSI]     - 20250316 (DIR)
2025-09-10 13:41:29 - [INFO] - [DEBUG BSI]     - 20250415 (DIR)
2025-09-10 13:41:29 - [INFO] - [DEBUG BSI]     - 20250515 (DIR)
2025-09-10 13:41:29 - [INFO] - [DEBUG BSI]     - 20250910 (DIR)
2025-09-10 13:41:29 - [INFO] - [DEBUG BSI]     - 5001_1.dcm (FILE)
2025-09-10 13:41:29 - [INFO] - [DEBUG BSI]     - ant_hotspot_classification.json (FILE)
2025-09-10 13:41:29 - [INFO] - [DEBUG BSI]     - ant_hotspot_classification.png (FILE)
2025-09-10 13:41:29 - [INFO] - [DEBUG BSI]     - ant_hotspot_classification.xml (FILE)
2025-09-10 13:41:29 - [INFO] - [DEBUG BSI]     - ant_hotspot_otsu_colored.png (FILE)
2025-09-10 13:41:29 - [INFO] - [DEBUG BSI]     - ant_hotspot_otsu_colored_blend.png (FILE)
2025-09-10 13:41:29 - [INFO] - [DEBUG BSI]     - ant_hotspot_otsu_grayscale.png (FILE)
2025-09-10 13:41:29 - [INFO] - [DEBUG BSI]     - ant_hotspot_yolo.xml (FILE)
2025-09-10 13:41:29 - [INFO] - [DEBUG BSI]     - ant_mask.png (FILE)
2025-09-10 13:41:29 - [INFO] - [DEBUG BSI]     - ant_original.png (FILE)
2025-09-10 13:41:29 - [INFO] - [DEBUG BSI]     - ant_segm.png (FILE)
2025-09-10 13:41:29 - [INFO] - [DEBUG BSI]     - bsi_quantification_ant.json (FILE)
2025-09-10 13:41:29 - [INFO] - [DEBUG BSI]     - bsi_quantification_post.json (FILE)
2025-09-10 13:41:29 - [INFO] - [DEBUG BSI]     - post_hotspot_classification.json (FILE)
2025-09-10 13:41:29 - [INFO] - [DEBUG BSI]     - post_hotspot_classification.png (FILE)
2025-09-10 13:41:29 - [INFO] - [DEBUG BSI]     - post_hotspot_classification.xml (FILE)
2025-09-10 13:41:29 - [INFO] - [DEBUG BSI]     - post_hotspot_otsu_colored.png (FILE)
2025-09-10 13:41:29 - [INFO] - [DEBUG BSI]     - post_hotspot_otsu_colored_blend.png (FILE)
2025-09-10 13:41:29 - [INFO] - [DEBUG BSI]     - post_hotspot_otsu_grayscale.png (FILE)
2025-09-10 13:41:29 - [INFO] - [DEBUG BSI]     - post_hotspot_yolo.xml (FILE)
2025-09-10 13:41:29 - [INFO] - [DEBUG BSI]     - post_mask.png (FILE)
2025-09-10 13:41:29 - [INFO] - [DEBUG BSI]     - post_original.png (FILE)
2025-09-10 13:41:29 - [INFO] - [DEBUG BSI]     - post_segm.png (FILE)
2025-09-10 13:41:29 - [INFO] - [DEBUG BSI]     - 5001_2.dcm (FILE)
2025-09-10 13:41:29 - [INFO] - [DEBUG BSI]     - ant_hotspot_classification.json (FILE)
2025-09-10 13:41:29 - [INFO] - [DEBUG BSI]     - ant_hotspot_classification.png (FILE)
2025-09-10 13:41:29 - [INFO] - [DEBUG BSI]     - ant_hotspot_classification.xml (FILE)
2025-09-10 13:41:29 - [INFO] - [DEBUG BSI]     - ant_hotspot_otsu_colored.png (FILE)
2025-09-10 13:41:29 - [INFO] - [DEBUG BSI]     - ant_hotspot_otsu_colored_blend.png (FILE)
2025-09-10 13:41:29 - [INFO] - [DEBUG BSI]     - ant_hotspot_otsu_grayscale.png (FILE)
2025-09-10 13:41:29 - [INFO] - [DEBUG BSI]     - ant_hotspot_yolo.xml (FILE)
2025-09-10 13:41:29 - [INFO] - [DEBUG BSI]     - ant_mask.png (FILE)
2025-09-10 13:41:29 - [INFO] - [DEBUG BSI]     - ant_original.png (FILE)
2025-09-10 13:41:29 - [INFO] - [DEBUG BSI]     - ant_segm.png (FILE)
2025-09-10 13:41:29 - [INFO] - [DEBUG BSI]     - bsi_quantification_ant.json (FILE)
2025-09-10 13:41:29 - [INFO] - [DEBUG BSI]     - bsi_quantification_post.json (FILE)
2025-09-10 13:41:29 - [INFO] - [DEBUG BSI]     - post_hotspot_classification.json (FILE)
2025-09-10 13:41:29 - [INFO] - [DEBUG BSI]     - post_hotspot_classification.png (FILE)
2025-09-10 13:41:29 - [INFO] - [DEBUG BSI]     - post_hotspot_classification.xml (FILE)
2025-09-10 13:41:29 - [INFO] - [DEBUG BSI]     - post_hotspot_otsu_colored.png (FILE)
2025-09-10 13:41:29 - [INFO] - [DEBUG BSI]     - post_hotspot_otsu_colored_blend.png (FILE)
2025-09-10 13:41:29 - [INFO] - [DEBUG BSI]     - post_hotspot_otsu_grayscale.png (FILE)
2025-09-10 13:41:29 - [INFO] - [DEBUG BSI]     - post_hotspot_yolo.xml (FILE)
2025-09-10 13:41:29 - [INFO] - [DEBUG BSI]     - post_mask.png (FILE)
2025-09-10 13:41:29 - [INFO] - [DEBUG BSI]     - post_original.png (FILE)
2025-09-10 13:41:29 - [INFO] - [DEBUG BSI]     - post_segm.png (FILE)
2025-09-10 13:41:29 - [INFO] - [DEBUG BSI]     - 5001_3.dcm (FILE)
2025-09-10 13:41:29 - [INFO] - [DEBUG BSI]     - ant_hotspot_classification.json (FILE)
2025-09-10 13:41:29 - [INFO] - [DEBUG BSI]     - ant_hotspot_classification.png (FILE)
2025-09-10 13:41:29 - [INFO] - [DEBUG BSI]     - ant_hotspot_classification.xml (FILE)
2025-09-10 13:41:29 - [INFO] - [DEBUG BSI]     - ant_hotspot_otsu_colored.png (FILE)
2025-09-10 13:41:29 - [INFO] - [DEBUG BSI]     - ant_hotspot_otsu_colored_blend.png (FILE)
2025-09-10 13:41:29 - [INFO] - [DEBUG BSI]     - ant_hotspot_otsu_grayscale.png (FILE)
2025-09-10 13:41:29 - [INFO] - [DEBUG BSI]     - ant_hotspot_yolo.xml (FILE)
2025-09-10 13:41:29 - [INFO] - [DEBUG BSI]     - ant_mask.png (FILE)
2025-09-10 13:41:29 - [INFO] - [DEBUG BSI]     - ant_original.png (FILE)
2025-09-10 13:41:29 - [INFO] - [DEBUG BSI]     - ant_segm.png (FILE)
2025-09-10 13:41:29 - [INFO] - [DEBUG BSI]     - bsi_quantification_ant.json (FILE)
2025-09-10 13:41:29 - [INFO] - [DEBUG BSI]     - bsi_quantification_post.json (FILE)
2025-09-10 13:41:29 - [INFO] - [DEBUG BSI]     - post_hotspot_classification.json (FILE)
2025-09-10 13:41:29 - [INFO] - [DEBUG BSI]     - post_hotspot_classification.png (FILE)
2025-09-10 13:41:29 - [INFO] - [DEBUG BSI]     - post_hotspot_classification.xml (FILE)
2025-09-10 13:41:29 - [INFO] - [DEBUG BSI]     - post_hotspot_otsu_colored.png (FILE)
2025-09-10 13:41:29 - [INFO] - [DEBUG BSI]     - post_hotspot_otsu_colored_blend.png (FILE)
2025-09-10 13:41:29 - [INFO] - [DEBUG BSI]     - post_hotspot_otsu_grayscale.png (FILE)
2025-09-10 13:41:29 - [INFO] - [DEBUG BSI]     - post_hotspot_yolo.xml (FILE)
2025-09-10 13:41:29 - [INFO] - [DEBUG BSI]     - post_mask.png (FILE)
2025-09-10 13:41:29 - [INFO] - [DEBUG BSI]     - post_original.png (FILE)
2025-09-10 13:41:29 - [INFO] - [DEBUG BSI]     - post_segm.png (FILE)
2025-09-10 13:41:29 - [INFO] - [DEBUG BSI]     - 5001_4.dcm (FILE)
2025-09-10 13:41:29 - [INFO] - [DEBUG BSI]     - ant_hotspot_classification.json (FILE)
2025-09-10 13:41:29 - [INFO] - [DEBUG BSI]     - ant_hotspot_classification.png (FILE)
2025-09-10 13:41:29 - [INFO] - [DEBUG BSI]     - ant_hotspot_classification.xml (FILE)
2025-09-10 13:41:29 - [INFO] - [DEBUG BSI]     - ant_hotspot_otsu_colored.png (FILE)
2025-09-10 13:41:29 - [INFO] - [DEBUG BSI]     - ant_hotspot_otsu_colored_blend.png (FILE)
2025-09-10 13:41:29 - [INFO] - [DEBUG BSI]     - ant_hotspot_otsu_grayscale.png (FILE)
2025-09-10 13:41:29 - [INFO] - [DEBUG BSI]     - ant_hotspot_yolo.xml (FILE)
2025-09-10 13:41:29 - [INFO] - [DEBUG BSI]     - ant_mask.png (FILE)
2025-09-10 13:41:29 - [INFO] - [DEBUG BSI]     - ant_original.png (FILE)
2025-09-10 13:41:29 - [INFO] - [DEBUG BSI]     - ant_segm.png (FILE)
2025-09-10 13:41:29 - [INFO] - [DEBUG BSI]     - bsi_quantification_ant.json (FILE)
2025-09-10 13:41:29 - [INFO] - [DEBUG BSI]     - bsi_quantification_post.json (FILE)
2025-09-10 13:41:29 - [INFO] - [DEBUG BSI]     - post_hotspot_classification.json (FILE)
2025-09-10 13:41:29 - [INFO] - [DEBUG BSI]     - post_hotspot_classification.png (FILE)
2025-09-10 13:41:29 - [INFO] - [DEBUG BSI]     - post_hotspot_classification.xml (FILE)
2025-09-10 13:41:29 - [INFO] - [DEBUG BSI]     - post_hotspot_otsu_colored.png (FILE)
2025-09-10 13:41:29 - [INFO] - [DEBUG BSI]     - post_hotspot_otsu_colored_blend.png (FILE)
2025-09-10 13:41:29 - [INFO] - [DEBUG BSI]     - post_hotspot_otsu_grayscale.png (FILE)
2025-09-10 13:41:29 - [INFO] - [DEBUG BSI]     - post_hotspot_yolo.xml (FILE)
2025-09-10 13:41:29 - [INFO] - [DEBUG BSI]     - post_mask.png (FILE)
2025-09-10 13:41:29 - [INFO] - [DEBUG BSI]     - post_original.png (FILE)
2025-09-10 13:41:29 - [INFO] - [DEBUG BSI]     - post_segm.png (FILE)
2025-09-10 13:41:29 - [INFO] - [DEBUG BSI]     - 5001_5.dcm (FILE)
2025-09-10 13:41:29 - [INFO] - [DEBUG BSI]     - ant_hotspot_classification.json (FILE)
2025-09-10 13:41:29 - [INFO] - [DEBUG BSI]     - ant_hotspot_classification.png (FILE)
2025-09-10 13:41:29 - [INFO] - [DEBUG BSI]     - ant_hotspot_classification.xml (FILE)
2025-09-10 13:41:29 - [INFO] - [DEBUG BSI]     - ant_hotspot_otsu_colored.png (FILE)
2025-09-10 13:41:29 - [INFO] - [DEBUG BSI]     - ant_hotspot_otsu_colored_blend.png (FILE)
2025-09-10 13:41:29 - [INFO] - [DEBUG BSI]     - ant_hotspot_otsu_grayscale.png (FILE)
2025-09-10 13:41:29 - [INFO] - [DEBUG BSI]     - ant_hotspot_yolo.xml (FILE)
2025-09-10 13:41:29 - [INFO] - [DEBUG BSI]     - ant_mask.png (FILE)
2025-09-10 13:41:29 - [INFO] - [DEBUG BSI]     - ant_original.png (FILE)
2025-09-10 13:41:29 - [INFO] - [DEBUG BSI]     - ant_segm.png (FILE)
2025-09-10 13:41:29 - [INFO] - [DEBUG BSI]     - bsi_quantification_ant.json (FILE)
2025-09-10 13:41:29 - [INFO] - [DEBUG BSI]     - bsi_quantification_post.json (FILE)
2025-09-10 13:41:29 - [INFO] - [DEBUG BSI]     - post_hotspot_classification.json (FILE)
2025-09-10 13:41:29 - [INFO] - [DEBUG BSI]     - post_hotspot_classification.png (FILE)
2025-09-10 13:41:29 - [INFO] - [DEBUG BSI]     - post_hotspot_classification.xml (FILE)
2025-09-10 13:41:29 - [INFO] - [DEBUG BSI]     - post_hotspot_otsu_colored.png (FILE)
2025-09-10 13:41:29 - [INFO] - [DEBUG BSI]     - post_hotspot_otsu_colored_blend.png (FILE)
2025-09-10 13:41:29 - [INFO] - [DEBUG BSI]     - post_hotspot_otsu_grayscale.png (FILE)
2025-09-10 13:41:29 - [INFO] - [DEBUG BSI]     - post_hotspot_yolo.xml (FILE)
2025-09-10 13:41:29 - [INFO] - [DEBUG BSI]     - post_mask.png (FILE)
2025-09-10 13:41:29 - [INFO] - [DEBUG BSI]     - post_original.png (FILE)
2025-09-10 13:41:29 - [INFO] - [DEBUG BSI]     - post_segm.png (FILE)
2025-09-10 13:41:29 - [INFO] - [DEBUG BSI]     - 20250115 (DIR)
2025-09-10 13:41:29 - [INFO] - [DEBUG BSI]     - 20250214 (DIR)
2025-09-10 13:41:29 - [INFO] - [DEBUG BSI]     - 20250316 (DIR)
2025-09-10 13:41:29 - [INFO] - [DEBUG BSI]     - 20250415 (DIR)
2025-09-10 13:41:29 - [INFO] - [DEBUG BSI]     - 20250515 (DIR)
2025-09-10 13:41:29 - [INFO] - [BSI META INTEGRATION] Found BSI data: {'study_date': '20250415', 'anterior_bsi': 0.21053710230980946, 'posterior_bsi': 0.27624338564022954, 'combined_bsi': 0.24339024397501952, 'bsi_score': 0.24339024397501952, 'file_source': 'bsi_quantification_ant.json + bsi_quantification_post.json', 'processing_mode': 'dual_view', 'is_v2': True, 'source_location': 'Study date folder'}
2025-09-10 13:41:29 - [INFO] - [BSI META INTEGRATION]   Updated meta with BSI data:
2025-09-10 13:41:29 - [INFO] - [BSI META INTEGRATION]   Anterior BSI: 0.21053710230980946
2025-09-10 13:41:29 - [INFO] - [BSI META INTEGRATION]   Posterior BSI: 0.27624338564022954
2025-09-10 13:41:29 - [INFO] - [BSI META INTEGRATION]   Processing mode: dual_view
2025-09-10 13:41:29 - [INFO] - [BSI META INTEGRATION] Updating scan meta with BSI data
2025-09-10 13:41:29 - [INFO] - [BSI META INTEGRATION] Session code: WKW
2025-09-10 13:41:29 - [INFO] - [BSI META INTEGRATION] Scan path: F:\projek dosen\prototype riset\hotspot-analyzer\data\PLANAR\WKW\5001\20250515\5001_5.dcm
2025-09-10 13:41:29 - [INFO] - [BSI EXTRACT INFO] Extracting from path: F:\projek dosen\prototype riset\hotspot-analyzer\data\PLANAR\WKW\5001\20250515\5001_5.dcm
2025-09-10 13:41:29 - [INFO] - [BSI EXTRACT INFO] Extracted study_date from DICOM: 20250515
2025-09-10 13:41:29 - [INFO] - [BSI EXTRACT INFO] Extracted patient_id from study_date structure: 5001
2025-09-10 13:41:29 - [INFO] - [BSI EXTRACT INFO] Final result - Patient: 5001, Study: 20250515
2025-09-10 13:41:29 - [INFO] - [BSI META INTEGRATION] Extracted - Patient: 5001, Study: 20250515
2025-09-10 13:41:29 - [INFO] - [DEBUG QUANT FILES] Getting quantification files for: F:\projek dosen\prototype riset\hotspot-analyzer\data\PLANAR\WKW\5001\20250515
2025-09-10 13:41:29 - [INFO] - [DEBUG QUANT FILES] Detected study_date folder: F:\projek dosen\prototype riset\hotspot-analyzer\data\PLANAR\WKW\5001\20250515
2025-09-10 13:41:29 - [INFO] - [DEBUG QUANT FILES] Generated paths:
2025-09-10 13:41:29 - [INFO] - [DEBUG QUANT FILES]   bsi_json_ant: F:\projek dosen\prototype riset\hotspot-analyzer\data\PLANAR\WKW\5001\20250515\bsi_quantification_ant.json (exists: True)
2025-09-10 13:41:29 - [INFO] - [DEBUG QUANT FILES]   bsi_json_post: F:\projek dosen\prototype riset\hotspot-analyzer\data\PLANAR\WKW\5001\20250515\bsi_quantification_post.json (exists: True)
2025-09-10 13:41:29 - [INFO] - [BSI META INTEGRATION] Found BSI files in study_date folder: F:\projek dosen\prototype riset\hotspot-analyzer\data\PLANAR\WKW\5001\20250515
2025-09-10 13:41:29 - [INFO] - [BSI META INTEGRATION] Using patient folder: F:\projek dosen\prototype riset\hotspot-analyzer\data\PLANAR\WKW\5001\20250515
2025-09-10 13:41:29 - [INFO] - [DEBUG BSI] Detected study_date folder, using parent: F:\projek dosen\prototype riset\hotspot-analyzer\data\PLANAR\WKW\5001
2025-09-10 13:41:29 - [INFO] - [DEBUG BSI] Found study_date folder: 20250115
2025-09-10 13:41:29 - [INFO] - [DEBUG BSI] Found study_date folder: 20250214
2025-09-10 13:41:29 - [INFO] - [DEBUG BSI] Found study_date folder: 20250316
2025-09-10 13:41:29 - [INFO] - [DEBUG BSI] Found study_date folder: 20250415
2025-09-10 13:41:29 - [INFO] - [DEBUG BSI] Found study_date folder: 20250515
2025-09-10 13:41:29 - [INFO] - [DEBUG BSI]     - 20250115 (DIR)
2025-09-10 13:41:29 - [INFO] - [DEBUG BSI]     - 20250214 (DIR)
2025-09-10 13:41:29 - [INFO] - [DEBUG BSI]     - 20250316 (DIR)
2025-09-10 13:41:29 - [INFO] - [DEBUG BSI]     - 20250415 (DIR)
2025-09-10 13:41:29 - [INFO] - [DEBUG BSI]     - 20250515 (DIR)
2025-09-10 13:41:29 - [INFO] - [DEBUG BSI]     - 20250910 (DIR)
2025-09-10 13:41:29 - [INFO] - [DEBUG BSI]     - 5001_1.dcm (FILE)
2025-09-10 13:41:29 - [INFO] - [DEBUG BSI]     - ant_hotspot_classification.json (FILE)
2025-09-10 13:41:29 - [INFO] - [DEBUG BSI]     - ant_hotspot_classification.png (FILE)
2025-09-10 13:41:29 - [INFO] - [DEBUG BSI]     - ant_hotspot_classification.xml (FILE)
2025-09-10 13:41:29 - [INFO] - [DEBUG BSI]     - ant_hotspot_otsu_colored.png (FILE)
2025-09-10 13:41:29 - [INFO] - [DEBUG BSI]     - ant_hotspot_otsu_colored_blend.png (FILE)
2025-09-10 13:41:29 - [INFO] - [DEBUG BSI]     - ant_hotspot_otsu_grayscale.png (FILE)
2025-09-10 13:41:29 - [INFO] - [DEBUG BSI]     - ant_hotspot_yolo.xml (FILE)
2025-09-10 13:41:29 - [INFO] - [DEBUG BSI]     - ant_mask.png (FILE)
2025-09-10 13:41:29 - [INFO] - [DEBUG BSI]     - ant_original.png (FILE)
2025-09-10 13:41:29 - [INFO] - [DEBUG BSI]     - ant_segm.png (FILE)
2025-09-10 13:41:29 - [INFO] - [DEBUG BSI]     - bsi_quantification_ant.json (FILE)
2025-09-10 13:41:29 - [INFO] - [DEBUG BSI]     - bsi_quantification_post.json (FILE)
2025-09-10 13:41:29 - [INFO] - [DEBUG BSI]     - post_hotspot_classification.json (FILE)
2025-09-10 13:41:29 - [INFO] - [DEBUG BSI]     - post_hotspot_classification.png (FILE)
2025-09-10 13:41:29 - [INFO] - [DEBUG BSI]     - post_hotspot_classification.xml (FILE)
2025-09-10 13:41:29 - [INFO] - [DEBUG BSI]     - post_hotspot_otsu_colored.png (FILE)
2025-09-10 13:41:29 - [INFO] - [DEBUG BSI]     - post_hotspot_otsu_colored_blend.png (FILE)
2025-09-10 13:41:29 - [INFO] - [DEBUG BSI]     - post_hotspot_otsu_grayscale.png (FILE)
2025-09-10 13:41:29 - [INFO] - [DEBUG BSI]     - post_hotspot_yolo.xml (FILE)
2025-09-10 13:41:29 - [INFO] - [DEBUG BSI]     - post_mask.png (FILE)
2025-09-10 13:41:29 - [INFO] - [DEBUG BSI]     - post_original.png (FILE)
2025-09-10 13:41:29 - [INFO] - [DEBUG BSI]     - post_segm.png (FILE)
2025-09-10 13:41:29 - [INFO] - [DEBUG BSI]     - 5001_2.dcm (FILE)
2025-09-10 13:41:29 - [INFO] - [DEBUG BSI]     - ant_hotspot_classification.json (FILE)
2025-09-10 13:41:29 - [INFO] - [DEBUG BSI]     - ant_hotspot_classification.png (FILE)
2025-09-10 13:41:29 - [INFO] - [DEBUG BSI]     - ant_hotspot_classification.xml (FILE)
2025-09-10 13:41:29 - [INFO] - [DEBUG BSI]     - ant_hotspot_otsu_colored.png (FILE)
2025-09-10 13:41:29 - [INFO] - [DEBUG BSI]     - ant_hotspot_otsu_colored_blend.png (FILE)
2025-09-10 13:41:29 - [INFO] - [DEBUG BSI]     - ant_hotspot_otsu_grayscale.png (FILE)
2025-09-10 13:41:29 - [INFO] - [DEBUG BSI]     - ant_hotspot_yolo.xml (FILE)
2025-09-10 13:41:29 - [INFO] - [DEBUG BSI]     - ant_mask.png (FILE)
2025-09-10 13:41:29 - [INFO] - [DEBUG BSI]     - ant_original.png (FILE)
2025-09-10 13:41:29 - [INFO] - [DEBUG BSI]     - ant_segm.png (FILE)
2025-09-10 13:41:29 - [INFO] - [DEBUG BSI]     - bsi_quantification_ant.json (FILE)
2025-09-10 13:41:29 - [INFO] - [DEBUG BSI]     - bsi_quantification_post.json (FILE)
2025-09-10 13:41:29 - [INFO] - [DEBUG BSI]     - post_hotspot_classification.json (FILE)
2025-09-10 13:41:29 - [INFO] - [DEBUG BSI]     - post_hotspot_classification.png (FILE)
2025-09-10 13:41:29 - [INFO] - [DEBUG BSI]     - post_hotspot_classification.xml (FILE)
2025-09-10 13:41:29 - [INFO] - [DEBUG BSI]     - post_hotspot_otsu_colored.png (FILE)
2025-09-10 13:41:29 - [INFO] - [DEBUG BSI]     - post_hotspot_otsu_colored_blend.png (FILE)
2025-09-10 13:41:29 - [INFO] - [DEBUG BSI]     - post_hotspot_otsu_grayscale.png (FILE)
2025-09-10 13:41:29 - [INFO] - [DEBUG BSI]     - post_hotspot_yolo.xml (FILE)
2025-09-10 13:41:29 - [INFO] - [DEBUG BSI]     - post_mask.png (FILE)
2025-09-10 13:41:29 - [INFO] - [DEBUG BSI]     - post_original.png (FILE)
2025-09-10 13:41:29 - [INFO] - [DEBUG BSI]     - post_segm.png (FILE)
2025-09-10 13:41:29 - [INFO] - [DEBUG BSI]     - 5001_3.dcm (FILE)
2025-09-10 13:41:29 - [INFO] - [DEBUG BSI]     - ant_hotspot_classification.json (FILE)
2025-09-10 13:41:29 - [INFO] - [DEBUG BSI]     - ant_hotspot_classification.png (FILE)
2025-09-10 13:41:29 - [INFO] - [DEBUG BSI]     - ant_hotspot_classification.xml (FILE)
2025-09-10 13:41:29 - [INFO] - [DEBUG BSI]     - ant_hotspot_otsu_colored.png (FILE)
2025-09-10 13:41:29 - [INFO] - [DEBUG BSI]     - ant_hotspot_otsu_colored_blend.png (FILE)
2025-09-10 13:41:29 - [INFO] - [DEBUG BSI]     - ant_hotspot_otsu_grayscale.png (FILE)
2025-09-10 13:41:29 - [INFO] - [DEBUG BSI]     - ant_hotspot_yolo.xml (FILE)
2025-09-10 13:41:29 - [INFO] - [DEBUG BSI]     - ant_mask.png (FILE)
2025-09-10 13:41:29 - [INFO] - [DEBUG BSI]     - ant_original.png (FILE)
2025-09-10 13:41:29 - [INFO] - [DEBUG BSI]     - ant_segm.png (FILE)
2025-09-10 13:41:29 - [INFO] - [DEBUG BSI]     - bsi_quantification_ant.json (FILE)
2025-09-10 13:41:29 - [INFO] - [DEBUG BSI]     - bsi_quantification_post.json (FILE)
2025-09-10 13:41:29 - [INFO] - [DEBUG BSI]     - post_hotspot_classification.json (FILE)
2025-09-10 13:41:29 - [INFO] - [DEBUG BSI]     - post_hotspot_classification.png (FILE)
2025-09-10 13:41:29 - [INFO] - [DEBUG BSI]     - post_hotspot_classification.xml (FILE)
2025-09-10 13:41:29 - [INFO] - [DEBUG BSI]     - post_hotspot_otsu_colored.png (FILE)
2025-09-10 13:41:29 - [INFO] - [DEBUG BSI]     - post_hotspot_otsu_colored_blend.png (FILE)
2025-09-10 13:41:29 - [INFO] - [DEBUG BSI]     - post_hotspot_otsu_grayscale.png (FILE)
2025-09-10 13:41:29 - [INFO] - [DEBUG BSI]     - post_hotspot_yolo.xml (FILE)
2025-09-10 13:41:29 - [INFO] - [DEBUG BSI]     - post_mask.png (FILE)
2025-09-10 13:41:29 - [INFO] - [DEBUG BSI]     - post_original.png (FILE)
2025-09-10 13:41:29 - [INFO] - [DEBUG BSI]     - post_segm.png (FILE)
2025-09-10 13:41:29 - [INFO] - [DEBUG BSI]     - 5001_4.dcm (FILE)
2025-09-10 13:41:29 - [INFO] - [DEBUG BSI]     - ant_hotspot_classification.json (FILE)
2025-09-10 13:41:29 - [INFO] - [DEBUG BSI]     - ant_hotspot_classification.png (FILE)
2025-09-10 13:41:29 - [INFO] - [DEBUG BSI]     - ant_hotspot_classification.xml (FILE)
2025-09-10 13:41:29 - [INFO] - [DEBUG BSI]     - ant_hotspot_otsu_colored.png (FILE)
2025-09-10 13:41:29 - [INFO] - [DEBUG BSI]     - ant_hotspot_otsu_colored_blend.png (FILE)
2025-09-10 13:41:29 - [INFO] - [DEBUG BSI]     - ant_hotspot_otsu_grayscale.png (FILE)
2025-09-10 13:41:29 - [INFO] - [DEBUG BSI]     - ant_hotspot_yolo.xml (FILE)
2025-09-10 13:41:29 - [INFO] - [DEBUG BSI]     - ant_mask.png (FILE)
2025-09-10 13:41:29 - [INFO] - [DEBUG BSI]     - ant_original.png (FILE)
2025-09-10 13:41:29 - [INFO] - [DEBUG BSI]     - ant_segm.png (FILE)
2025-09-10 13:41:29 - [INFO] - [DEBUG BSI]     - bsi_quantification_ant.json (FILE)
2025-09-10 13:41:29 - [INFO] - [DEBUG BSI]     - bsi_quantification_post.json (FILE)
2025-09-10 13:41:29 - [INFO] - [DEBUG BSI]     - post_hotspot_classification.json (FILE)
2025-09-10 13:41:29 - [INFO] - [DEBUG BSI]     - post_hotspot_classification.png (FILE)
2025-09-10 13:41:29 - [INFO] - [DEBUG BSI]     - post_hotspot_classification.xml (FILE)
2025-09-10 13:41:29 - [INFO] - [DEBUG BSI]     - post_hotspot_otsu_colored.png (FILE)
2025-09-10 13:41:29 - [INFO] - [DEBUG BSI]     - post_hotspot_otsu_colored_blend.png (FILE)
2025-09-10 13:41:29 - [INFO] - [DEBUG BSI]     - post_hotspot_otsu_grayscale.png (FILE)
2025-09-10 13:41:29 - [INFO] - [DEBUG BSI]     - post_hotspot_yolo.xml (FILE)
2025-09-10 13:41:29 - [INFO] - [DEBUG BSI]     - post_mask.png (FILE)
2025-09-10 13:41:29 - [INFO] - [DEBUG BSI]     - post_original.png (FILE)
2025-09-10 13:41:29 - [INFO] - [DEBUG BSI]     - post_segm.png (FILE)
2025-09-10 13:41:29 - [INFO] - [DEBUG BSI]     - 5001_5.dcm (FILE)
2025-09-10 13:41:29 - [INFO] - [DEBUG BSI]     - ant_hotspot_classification.json (FILE)
2025-09-10 13:41:29 - [INFO] - [DEBUG BSI]     - ant_hotspot_classification.png (FILE)
2025-09-10 13:41:29 - [INFO] - [DEBUG BSI]     - ant_hotspot_classification.xml (FILE)
2025-09-10 13:41:29 - [INFO] - [DEBUG BSI]     - ant_hotspot_otsu_colored.png (FILE)
2025-09-10 13:41:29 - [INFO] - [DEBUG BSI]     - ant_hotspot_otsu_colored_blend.png (FILE)
2025-09-10 13:41:29 - [INFO] - [DEBUG BSI]     - ant_hotspot_otsu_grayscale.png (FILE)
2025-09-10 13:41:29 - [INFO] - [DEBUG BSI]     - ant_hotspot_yolo.xml (FILE)
2025-09-10 13:41:29 - [INFO] - [DEBUG BSI]     - ant_mask.png (FILE)
2025-09-10 13:41:29 - [INFO] - [DEBUG BSI]     - ant_original.png (FILE)
2025-09-10 13:41:29 - [INFO] - [DEBUG BSI]     - ant_segm.png (FILE)
2025-09-10 13:41:29 - [INFO] - [DEBUG BSI]     - bsi_quantification_ant.json (FILE)
2025-09-10 13:41:29 - [INFO] - [DEBUG BSI]     - bsi_quantification_post.json (FILE)
2025-09-10 13:41:29 - [INFO] - [DEBUG BSI]     - post_hotspot_classification.json (FILE)
2025-09-10 13:41:29 - [INFO] - [DEBUG BSI]     - post_hotspot_classification.png (FILE)
2025-09-10 13:41:29 - [INFO] - [DEBUG BSI]     - post_hotspot_classification.xml (FILE)
2025-09-10 13:41:29 - [INFO] - [DEBUG BSI]     - post_hotspot_otsu_colored.png (FILE)
2025-09-10 13:41:29 - [INFO] - [DEBUG BSI]     - post_hotspot_otsu_colored_blend.png (FILE)
2025-09-10 13:41:29 - [INFO] - [DEBUG BSI]     - post_hotspot_otsu_grayscale.png (FILE)
2025-09-10 13:41:29 - [INFO] - [DEBUG BSI]     - post_hotspot_yolo.xml (FILE)
2025-09-10 13:41:29 - [INFO] - [DEBUG BSI]     - post_mask.png (FILE)
2025-09-10 13:41:29 - [INFO] - [DEBUG BSI]     - post_original.png (FILE)
2025-09-10 13:41:29 - [INFO] - [DEBUG BSI]     - post_segm.png (FILE)
2025-09-10 13:41:29 - [INFO] - [DEBUG BSI]     - 20250115 (DIR)
2025-09-10 13:41:29 - [INFO] - [DEBUG BSI]     - 20250214 (DIR)
2025-09-10 13:41:29 - [INFO] - [DEBUG BSI]     - 20250316 (DIR)
2025-09-10 13:41:29 - [INFO] - [DEBUG BSI]     - 20250415 (DIR)
2025-09-10 13:41:29 - [INFO] - [DEBUG BSI]     - 20250515 (DIR)
2025-09-10 13:41:29 - [INFO] - [BSI META INTEGRATION] Found BSI data: {'study_date': '20250515', 'anterior_bsi': 0.24384909786768727, 'posterior_bsi': 0.18270051077904498, 'combined_bsi': 0.21327480432336612, 'bsi_score': 0.21327480432336612, 'file_source': 'bsi_quantification_ant.json + bsi_quantification_post.json', 'processing_mode': 'dual_view', 'is_v2': True, 'source_location': 'Study date folder'}
2025-09-10 13:41:29 - [INFO] - [BSI META INTEGRATION]   Updated meta with BSI data:
2025-09-10 13:41:29 - [INFO] - [BSI META INTEGRATION]   Anterior BSI: 0.24384909786768727
2025-09-10 13:41:29 - [INFO] - [BSI META INTEGRATION]   Posterior BSI: 0.18270051077904498
2025-09-10 13:41:29 - [INFO] - [BSI META INTEGRATION]   Processing mode: dual_view
2025-09-10 13:41:29 - [INFO] - [MainWindow]   BSI integration completed for 5 scans
2025-09-10 13:41:29 - [INFO] - [MainWindow DEBUG] First scan meta keys: ['patient_id', 'patient_name', 'patient_birth_date', 'patient_sex', 'patient_weight', 'patient_size', 'patient_age', 'study_date', 'series_date', 'study_time', 'modality', 'series_description', 'study_instance_uid', 'series_instance_uid', 'has_bsi', 'bsi_anterior', 'bsi_posterior', 'bsi_combined', 'bsi_processing_mode', 'bsi_file_source']
2025-09-10 13:41:29 - [INFO] - [MainWindow DEBUG] has_bsi: True
2025-09-10 13:41:29 - [INFO] - [MainWindow DEBUG] bsi_anterior: 0.16661840327526528
2025-09-10 13:41:29 - [INFO] - [MainWindow DEBUG] bsi_posterior: 0.40623840499683184
2025-09-10 13:41:29 - [INFO] - [DEBUG] display_timeline called with 5 scan(s), focusing on index = 0
2025-09-10 13:41:29 - [INFO] - [BSI META INTEGRATION] Updating scan meta with BSI data
2025-09-10 13:41:29 - [INFO] - [BSI META INTEGRATION] Session code: WKW
2025-09-10 13:41:29 - [INFO] - [BSI META INTEGRATION] Scan path: F:\projek dosen\prototype riset\hotspot-analyzer\data\PLANAR\WKW\5001\20250115\5001_1.dcm
2025-09-10 13:41:29 - [INFO] - [BSI EXTRACT INFO] Extracting from path: F:\projek dosen\prototype riset\hotspot-analyzer\data\PLANAR\WKW\5001\20250115\5001_1.dcm
2025-09-10 13:41:29 - [INFO] - [BSI EXTRACT INFO] Extracted study_date from DICOM: 20250115
2025-09-10 13:41:29 - [INFO] - [BSI EXTRACT INFO] Extracted patient_id from study_date structure: 5001
2025-09-10 13:41:29 - [INFO] - [BSI EXTRACT INFO] Final result - Patient: 5001, Study: 20250115
2025-09-10 13:41:29 - [INFO] - [BSI META INTEGRATION] Extracted - Patient: 5001, Study: 20250115
2025-09-10 13:41:29 - [INFO] - [DEBUG QUANT FILES] Getting quantification files for: F:\projek dosen\prototype riset\hotspot-analyzer\data\PLANAR\WKW\5001\20250115
2025-09-10 13:41:29 - [INFO] - [DEBUG QUANT FILES] Detected study_date folder: F:\projek dosen\prototype riset\hotspot-analyzer\data\PLANAR\WKW\5001\20250115
2025-09-10 13:41:29 - [INFO] - [DEBUG QUANT FILES] Generated paths:
2025-09-10 13:41:29 - [INFO] - [DEBUG QUANT FILES]   bsi_json_ant: F:\projek dosen\prototype riset\hotspot-analyzer\data\PLANAR\WKW\5001\20250115\bsi_quantification_ant.json (exists: True)
2025-09-10 13:41:29 - [INFO] - [DEBUG QUANT FILES]   bsi_json_post: F:\projek dosen\prototype riset\hotspot-analyzer\data\PLANAR\WKW\5001\20250115\bsi_quantification_post.json (exists: True)
2025-09-10 13:41:29 - [INFO] - [BSI META INTEGRATION] Found BSI files in study_date folder: F:\projek dosen\prototype riset\hotspot-analyzer\data\PLANAR\WKW\5001\20250115
2025-09-10 13:41:29 - [INFO] - [BSI META INTEGRATION] Using patient folder: F:\projek dosen\prototype riset\hotspot-analyzer\data\PLANAR\WKW\5001\20250115
2025-09-10 13:41:29 - [INFO] - [DEBUG BSI] Detected study_date folder, using parent: F:\projek dosen\prototype riset\hotspot-analyzer\data\PLANAR\WKW\5001
2025-09-10 13:41:29 - [INFO] - [DEBUG BSI] Found study_date folder: 20250115
2025-09-10 13:41:29 - [INFO] - [DEBUG BSI] Found study_date folder: 20250214
2025-09-10 13:41:29 - [INFO] - [DEBUG BSI] Found study_date folder: 20250316
2025-09-10 13:41:29 - [INFO] - [DEBUG BSI] Found study_date folder: 20250415
2025-09-10 13:41:29 - [INFO] - [DEBUG BSI] Found study_date folder: 20250515
2025-09-10 13:41:29 - [INFO] - [DEBUG BSI]     - 20250115 (DIR)
2025-09-10 13:41:29 - [INFO] - [DEBUG BSI]     - 20250214 (DIR)
2025-09-10 13:41:29 - [INFO] - [DEBUG BSI]     - 20250316 (DIR)
2025-09-10 13:41:29 - [INFO] - [DEBUG BSI]     - 20250415 (DIR)
2025-09-10 13:41:29 - [INFO] - [DEBUG BSI]     - 20250515 (DIR)
2025-09-10 13:41:29 - [INFO] - [DEBUG BSI]     - 20250910 (DIR)
2025-09-10 13:41:29 - [INFO] - [DEBUG BSI]     - 5001_1.dcm (FILE)
2025-09-10 13:41:29 - [INFO] - [DEBUG BSI]     - ant_hotspot_classification.json (FILE)
2025-09-10 13:41:29 - [INFO] - [DEBUG BSI]     - ant_hotspot_classification.png (FILE)
2025-09-10 13:41:29 - [INFO] - [DEBUG BSI]     - ant_hotspot_classification.xml (FILE)
2025-09-10 13:41:29 - [INFO] - [DEBUG BSI]     - ant_hotspot_otsu_colored.png (FILE)
2025-09-10 13:41:29 - [INFO] - [DEBUG BSI]     - ant_hotspot_otsu_colored_blend.png (FILE)
2025-09-10 13:41:29 - [INFO] - [DEBUG BSI]     - ant_hotspot_otsu_grayscale.png (FILE)
2025-09-10 13:41:29 - [INFO] - [DEBUG BSI]     - ant_hotspot_yolo.xml (FILE)
2025-09-10 13:41:29 - [INFO] - [DEBUG BSI]     - ant_mask.png (FILE)
2025-09-10 13:41:29 - [INFO] - [DEBUG BSI]     - ant_original.png (FILE)
2025-09-10 13:41:29 - [INFO] - [DEBUG BSI]     - ant_segm.png (FILE)
2025-09-10 13:41:29 - [INFO] - [DEBUG BSI]     - bsi_quantification_ant.json (FILE)
2025-09-10 13:41:29 - [INFO] - [DEBUG BSI]     - bsi_quantification_post.json (FILE)
2025-09-10 13:41:29 - [INFO] - [DEBUG BSI]     - post_hotspot_classification.json (FILE)
2025-09-10 13:41:29 - [INFO] - [DEBUG BSI]     - post_hotspot_classification.png (FILE)
2025-09-10 13:41:29 - [INFO] - [DEBUG BSI]     - post_hotspot_classification.xml (FILE)
2025-09-10 13:41:29 - [INFO] - [DEBUG BSI]     - post_hotspot_otsu_colored.png (FILE)
2025-09-10 13:41:29 - [INFO] - [DEBUG BSI]     - post_hotspot_otsu_colored_blend.png (FILE)
2025-09-10 13:41:29 - [INFO] - [DEBUG BSI]     - post_hotspot_otsu_grayscale.png (FILE)
2025-09-10 13:41:29 - [INFO] - [DEBUG BSI]     - post_hotspot_yolo.xml (FILE)
2025-09-10 13:41:29 - [INFO] - [DEBUG BSI]     - post_mask.png (FILE)
2025-09-10 13:41:29 - [INFO] - [DEBUG BSI]     - post_original.png (FILE)
2025-09-10 13:41:29 - [INFO] - [DEBUG BSI]     - post_segm.png (FILE)
2025-09-10 13:41:29 - [INFO] - [DEBUG BSI]     - 5001_2.dcm (FILE)
2025-09-10 13:41:29 - [INFO] - [DEBUG BSI]     - ant_hotspot_classification.json (FILE)
2025-09-10 13:41:29 - [INFO] - [DEBUG BSI]     - ant_hotspot_classification.png (FILE)
2025-09-10 13:41:29 - [INFO] - [DEBUG BSI]     - ant_hotspot_classification.xml (FILE)
2025-09-10 13:41:29 - [INFO] - [DEBUG BSI]     - ant_hotspot_otsu_colored.png (FILE)
2025-09-10 13:41:29 - [INFO] - [DEBUG BSI]     - ant_hotspot_otsu_colored_blend.png (FILE)
2025-09-10 13:41:29 - [INFO] - [DEBUG BSI]     - ant_hotspot_otsu_grayscale.png (FILE)
2025-09-10 13:41:29 - [INFO] - [DEBUG BSI]     - ant_hotspot_yolo.xml (FILE)
2025-09-10 13:41:29 - [INFO] - [DEBUG BSI]     - ant_mask.png (FILE)
2025-09-10 13:41:29 - [INFO] - [DEBUG BSI]     - ant_original.png (FILE)
2025-09-10 13:41:29 - [INFO] - [DEBUG BSI]     - ant_segm.png (FILE)
2025-09-10 13:41:29 - [INFO] - [DEBUG BSI]     - bsi_quantification_ant.json (FILE)
2025-09-10 13:41:29 - [INFO] - [DEBUG BSI]     - bsi_quantification_post.json (FILE)
2025-09-10 13:41:29 - [INFO] - [DEBUG BSI]     - post_hotspot_classification.json (FILE)
2025-09-10 13:41:29 - [INFO] - [DEBUG BSI]     - post_hotspot_classification.png (FILE)
2025-09-10 13:41:29 - [INFO] - [DEBUG BSI]     - post_hotspot_classification.xml (FILE)
2025-09-10 13:41:29 - [INFO] - [DEBUG BSI]     - post_hotspot_otsu_colored.png (FILE)
2025-09-10 13:41:29 - [INFO] - [DEBUG BSI]     - post_hotspot_otsu_colored_blend.png (FILE)
2025-09-10 13:41:29 - [INFO] - [DEBUG BSI]     - post_hotspot_otsu_grayscale.png (FILE)
2025-09-10 13:41:29 - [INFO] - [DEBUG BSI]     - post_hotspot_yolo.xml (FILE)
2025-09-10 13:41:29 - [INFO] - [DEBUG BSI]     - post_mask.png (FILE)
2025-09-10 13:41:29 - [INFO] - [DEBUG BSI]     - post_original.png (FILE)
2025-09-10 13:41:29 - [INFO] - [DEBUG BSI]     - post_segm.png (FILE)
2025-09-10 13:41:29 - [INFO] - [DEBUG BSI]     - 5001_3.dcm (FILE)
2025-09-10 13:41:29 - [INFO] - [DEBUG BSI]     - ant_hotspot_classification.json (FILE)
2025-09-10 13:41:29 - [INFO] - [DEBUG BSI]     - ant_hotspot_classification.png (FILE)
2025-09-10 13:41:29 - [INFO] - [DEBUG BSI]     - ant_hotspot_classification.xml (FILE)
2025-09-10 13:41:29 - [INFO] - [DEBUG BSI]     - ant_hotspot_otsu_colored.png (FILE)
2025-09-10 13:41:29 - [INFO] - [DEBUG BSI]     - ant_hotspot_otsu_colored_blend.png (FILE)
2025-09-10 13:41:29 - [INFO] - [DEBUG BSI]     - ant_hotspot_otsu_grayscale.png (FILE)
2025-09-10 13:41:29 - [INFO] - [DEBUG BSI]     - ant_hotspot_yolo.xml (FILE)
2025-09-10 13:41:29 - [INFO] - [DEBUG BSI]     - ant_mask.png (FILE)
2025-09-10 13:41:29 - [INFO] - [DEBUG BSI]     - ant_original.png (FILE)
2025-09-10 13:41:29 - [INFO] - [DEBUG BSI]     - ant_segm.png (FILE)
2025-09-10 13:41:29 - [INFO] - [DEBUG BSI]     - bsi_quantification_ant.json (FILE)
2025-09-10 13:41:29 - [INFO] - [DEBUG BSI]     - bsi_quantification_post.json (FILE)
2025-09-10 13:41:29 - [INFO] - [DEBUG BSI]     - post_hotspot_classification.json (FILE)
2025-09-10 13:41:29 - [INFO] - [DEBUG BSI]     - post_hotspot_classification.png (FILE)
2025-09-10 13:41:29 - [INFO] - [DEBUG BSI]     - post_hotspot_classification.xml (FILE)
2025-09-10 13:41:29 - [INFO] - [DEBUG BSI]     - post_hotspot_otsu_colored.png (FILE)
2025-09-10 13:41:29 - [INFO] - [DEBUG BSI]     - post_hotspot_otsu_colored_blend.png (FILE)
2025-09-10 13:41:29 - [INFO] - [DEBUG BSI]     - post_hotspot_otsu_grayscale.png (FILE)
2025-09-10 13:41:29 - [INFO] - [DEBUG BSI]     - post_hotspot_yolo.xml (FILE)
2025-09-10 13:41:29 - [INFO] - [DEBUG BSI]     - post_mask.png (FILE)
2025-09-10 13:41:29 - [INFO] - [DEBUG BSI]     - post_original.png (FILE)
2025-09-10 13:41:29 - [INFO] - [DEBUG BSI]     - post_segm.png (FILE)
2025-09-10 13:41:29 - [INFO] - [DEBUG BSI]     - 5001_4.dcm (FILE)
2025-09-10 13:41:29 - [INFO] - [DEBUG BSI]     - ant_hotspot_classification.json (FILE)
2025-09-10 13:41:29 - [INFO] - [DEBUG BSI]     - ant_hotspot_classification.png (FILE)
2025-09-10 13:41:29 - [INFO] - [DEBUG BSI]     - ant_hotspot_classification.xml (FILE)
2025-09-10 13:41:29 - [INFO] - [DEBUG BSI]     - ant_hotspot_otsu_colored.png (FILE)
2025-09-10 13:41:29 - [INFO] - [DEBUG BSI]     - ant_hotspot_otsu_colored_blend.png (FILE)
2025-09-10 13:41:29 - [INFO] - [DEBUG BSI]     - ant_hotspot_otsu_grayscale.png (FILE)
2025-09-10 13:41:29 - [INFO] - [DEBUG BSI]     - ant_hotspot_yolo.xml (FILE)
2025-09-10 13:41:29 - [INFO] - [DEBUG BSI]     - ant_mask.png (FILE)
2025-09-10 13:41:29 - [INFO] - [DEBUG BSI]     - ant_original.png (FILE)
2025-09-10 13:41:29 - [INFO] - [DEBUG BSI]     - ant_segm.png (FILE)
2025-09-10 13:41:29 - [INFO] - [DEBUG BSI]     - bsi_quantification_ant.json (FILE)
2025-09-10 13:41:29 - [INFO] - [DEBUG BSI]     - bsi_quantification_post.json (FILE)
2025-09-10 13:41:29 - [INFO] - [DEBUG BSI]     - post_hotspot_classification.json (FILE)
2025-09-10 13:41:29 - [INFO] - [DEBUG BSI]     - post_hotspot_classification.png (FILE)
2025-09-10 13:41:29 - [INFO] - [DEBUG BSI]     - post_hotspot_classification.xml (FILE)
2025-09-10 13:41:29 - [INFO] - [DEBUG BSI]     - post_hotspot_otsu_colored.png (FILE)
2025-09-10 13:41:29 - [INFO] - [DEBUG BSI]     - post_hotspot_otsu_colored_blend.png (FILE)
2025-09-10 13:41:29 - [INFO] - [DEBUG BSI]     - post_hotspot_otsu_grayscale.png (FILE)
2025-09-10 13:41:29 - [INFO] - [DEBUG BSI]     - post_hotspot_yolo.xml (FILE)
2025-09-10 13:41:29 - [INFO] - [DEBUG BSI]     - post_mask.png (FILE)
2025-09-10 13:41:29 - [INFO] - [DEBUG BSI]     - post_original.png (FILE)
2025-09-10 13:41:29 - [INFO] - [DEBUG BSI]     - post_segm.png (FILE)
2025-09-10 13:41:29 - [INFO] - [DEBUG BSI]     - 5001_5.dcm (FILE)
2025-09-10 13:41:29 - [INFO] - [DEBUG BSI]     - ant_hotspot_classification.json (FILE)
2025-09-10 13:41:29 - [INFO] - [DEBUG BSI]     - ant_hotspot_classification.png (FILE)
2025-09-10 13:41:29 - [INFO] - [DEBUG BSI]     - ant_hotspot_classification.xml (FILE)
2025-09-10 13:41:29 - [INFO] - [DEBUG BSI]     - ant_hotspot_otsu_colored.png (FILE)
2025-09-10 13:41:29 - [INFO] - [DEBUG BSI]     - ant_hotspot_otsu_colored_blend.png (FILE)
2025-09-10 13:41:29 - [INFO] - [DEBUG BSI]     - ant_hotspot_otsu_grayscale.png (FILE)
2025-09-10 13:41:29 - [INFO] - [DEBUG BSI]     - ant_hotspot_yolo.xml (FILE)
2025-09-10 13:41:29 - [INFO] - [DEBUG BSI]     - ant_mask.png (FILE)
2025-09-10 13:41:29 - [INFO] - [DEBUG BSI]     - ant_original.png (FILE)
2025-09-10 13:41:29 - [INFO] - [DEBUG BSI]     - ant_segm.png (FILE)
2025-09-10 13:41:29 - [INFO] - [DEBUG BSI]     - bsi_quantification_ant.json (FILE)
2025-09-10 13:41:29 - [INFO] - [DEBUG BSI]     - bsi_quantification_post.json (FILE)
2025-09-10 13:41:29 - [INFO] - [DEBUG BSI]     - post_hotspot_classification.json (FILE)
2025-09-10 13:41:29 - [INFO] - [DEBUG BSI]     - post_hotspot_classification.png (FILE)
2025-09-10 13:41:29 - [INFO] - [DEBUG BSI]     - post_hotspot_classification.xml (FILE)
2025-09-10 13:41:29 - [INFO] - [DEBUG BSI]     - post_hotspot_otsu_colored.png (FILE)
2025-09-10 13:41:29 - [INFO] - [DEBUG BSI]     - post_hotspot_otsu_colored_blend.png (FILE)
2025-09-10 13:41:29 - [INFO] - [DEBUG BSI]     - post_hotspot_otsu_grayscale.png (FILE)
2025-09-10 13:41:29 - [INFO] - [DEBUG BSI]     - post_hotspot_yolo.xml (FILE)
2025-09-10 13:41:29 - [INFO] - [DEBUG BSI]     - post_mask.png (FILE)
2025-09-10 13:41:29 - [INFO] - [DEBUG BSI]     - post_original.png (FILE)
2025-09-10 13:41:29 - [INFO] - [DEBUG BSI]     - post_segm.png (FILE)
2025-09-10 13:41:29 - [INFO] - [DEBUG BSI]     - 20250115 (DIR)
2025-09-10 13:41:29 - [INFO] - [DEBUG BSI]     - 20250214 (DIR)
2025-09-10 13:41:29 - [INFO] - [DEBUG BSI]     - 20250316 (DIR)
2025-09-10 13:41:29 - [INFO] - [DEBUG BSI]     - 20250415 (DIR)
2025-09-10 13:41:29 - [INFO] - [DEBUG BSI]     - 20250515 (DIR)
2025-09-10 13:41:29 - [INFO] - [BSI META INTEGRATION] Found BSI data: {'study_date': '20250115', 'anterior_bsi': 0.16661840327526528, 'posterior_bsi': 0.40623840499683184, 'combined_bsi': 0.28642840413604853, 'bsi_score': 0.28642840413604853, 'file_source': 'bsi_quantification_ant.json + bsi_quantification_post.json', 'processing_mode': 'dual_view', 'is_v2': True, 'source_location': 'Study date folder'}
2025-09-10 13:41:29 - [INFO] - [BSI META INTEGRATION]   Updated meta with BSI data:
2025-09-10 13:41:29 - [INFO] - [BSI META INTEGRATION]   Anterior BSI: 0.16661840327526528
2025-09-10 13:41:29 - [INFO] - [BSI META INTEGRATION]   Posterior BSI: 0.40623840499683184
2025-09-10 13:41:29 - [INFO] - [BSI META INTEGRATION]   Processing mode: dual_view
2025-09-10 13:41:29 - [INFO] - [BSI META INTEGRATION] Updating scan meta with BSI data
2025-09-10 13:41:29 - [INFO] - [BSI META INTEGRATION] Session code: WKW
2025-09-10 13:41:29 - [INFO] - [BSI META INTEGRATION] Scan path: F:\projek dosen\prototype riset\hotspot-analyzer\data\PLANAR\WKW\5001\20250214\5001_2.dcm
2025-09-10 13:41:29 - [INFO] - [BSI EXTRACT INFO] Extracting from path: F:\projek dosen\prototype riset\hotspot-analyzer\data\PLANAR\WKW\5001\20250214\5001_2.dcm
2025-09-10 13:41:29 - [INFO] - [BSI EXTRACT INFO] Extracted study_date from DICOM: 20250214
2025-09-10 13:41:29 - [INFO] - [BSI EXTRACT INFO] Extracted patient_id from study_date structure: 5001
2025-09-10 13:41:29 - [INFO] - [BSI EXTRACT INFO] Final result - Patient: 5001, Study: 20250214
2025-09-10 13:41:29 - [INFO] - [BSI META INTEGRATION] Extracted - Patient: 5001, Study: 20250214
2025-09-10 13:41:29 - [INFO] - [DEBUG QUANT FILES] Getting quantification files for: F:\projek dosen\prototype riset\hotspot-analyzer\data\PLANAR\WKW\5001\20250214
2025-09-10 13:41:29 - [INFO] - [DEBUG QUANT FILES] Detected study_date folder: F:\projek dosen\prototype riset\hotspot-analyzer\data\PLANAR\WKW\5001\20250214
2025-09-10 13:41:29 - [INFO] - [DEBUG QUANT FILES] Generated paths:
2025-09-10 13:41:29 - [INFO] - [DEBUG QUANT FILES]   bsi_json_ant: F:\projek dosen\prototype riset\hotspot-analyzer\data\PLANAR\WKW\5001\20250214\bsi_quantification_ant.json (exists: True)
2025-09-10 13:41:29 - [INFO] - [DEBUG QUANT FILES]   bsi_json_post: F:\projek dosen\prototype riset\hotspot-analyzer\data\PLANAR\WKW\5001\20250214\bsi_quantification_post.json (exists: True)
2025-09-10 13:41:29 - [INFO] - [BSI META INTEGRATION] Found BSI files in study_date folder: F:\projek dosen\prototype riset\hotspot-analyzer\data\PLANAR\WKW\5001\20250214
2025-09-10 13:41:29 - [INFO] - [BSI META INTEGRATION] Using patient folder: F:\projek dosen\prototype riset\hotspot-analyzer\data\PLANAR\WKW\5001\20250214
2025-09-10 13:41:29 - [INFO] - [DEBUG BSI] Detected study_date folder, using parent: F:\projek dosen\prototype riset\hotspot-analyzer\data\PLANAR\WKW\5001
2025-09-10 13:41:29 - [INFO] - [DEBUG BSI] Found study_date folder: 20250115
2025-09-10 13:41:29 - [INFO] - [DEBUG BSI] Found study_date folder: 20250214
2025-09-10 13:41:29 - [INFO] - [DEBUG BSI] Found study_date folder: 20250316
2025-09-10 13:41:29 - [INFO] - [DEBUG BSI] Found study_date folder: 20250415
2025-09-10 13:41:29 - [INFO] - [DEBUG BSI] Found study_date folder: 20250515
2025-09-10 13:41:29 - [INFO] - [DEBUG BSI]     - 20250115 (DIR)
2025-09-10 13:41:29 - [INFO] - [DEBUG BSI]     - 20250214 (DIR)
2025-09-10 13:41:29 - [INFO] - [DEBUG BSI]     - 20250316 (DIR)
2025-09-10 13:41:29 - [INFO] - [DEBUG BSI]     - 20250415 (DIR)
2025-09-10 13:41:29 - [INFO] - [DEBUG BSI]     - 20250515 (DIR)
2025-09-10 13:41:29 - [INFO] - [DEBUG BSI]     - 20250910 (DIR)
2025-09-10 13:41:29 - [INFO] - [DEBUG BSI]     - 5001_1.dcm (FILE)
2025-09-10 13:41:29 - [INFO] - [DEBUG BSI]     - ant_hotspot_classification.json (FILE)
2025-09-10 13:41:29 - [INFO] - [DEBUG BSI]     - ant_hotspot_classification.png (FILE)
2025-09-10 13:41:29 - [INFO] - [DEBUG BSI]     - ant_hotspot_classification.xml (FILE)
2025-09-10 13:41:29 - [INFO] - [DEBUG BSI]     - ant_hotspot_otsu_colored.png (FILE)
2025-09-10 13:41:29 - [INFO] - [DEBUG BSI]     - ant_hotspot_otsu_colored_blend.png (FILE)
2025-09-10 13:41:29 - [INFO] - [DEBUG BSI]     - ant_hotspot_otsu_grayscale.png (FILE)
2025-09-10 13:41:29 - [INFO] - [DEBUG BSI]     - ant_hotspot_yolo.xml (FILE)
2025-09-10 13:41:29 - [INFO] - [DEBUG BSI]     - ant_mask.png (FILE)
2025-09-10 13:41:29 - [INFO] - [DEBUG BSI]     - ant_original.png (FILE)
2025-09-10 13:41:29 - [INFO] - [DEBUG BSI]     - ant_segm.png (FILE)
2025-09-10 13:41:29 - [INFO] - [DEBUG BSI]     - bsi_quantification_ant.json (FILE)
2025-09-10 13:41:29 - [INFO] - [DEBUG BSI]     - bsi_quantification_post.json (FILE)
2025-09-10 13:41:29 - [INFO] - [DEBUG BSI]     - post_hotspot_classification.json (FILE)
2025-09-10 13:41:29 - [INFO] - [DEBUG BSI]     - post_hotspot_classification.png (FILE)
2025-09-10 13:41:29 - [INFO] - [DEBUG BSI]     - post_hotspot_classification.xml (FILE)
2025-09-10 13:41:29 - [INFO] - [DEBUG BSI]     - post_hotspot_otsu_colored.png (FILE)
2025-09-10 13:41:29 - [INFO] - [DEBUG BSI]     - post_hotspot_otsu_colored_blend.png (FILE)
2025-09-10 13:41:29 - [INFO] - [DEBUG BSI]     - post_hotspot_otsu_grayscale.png (FILE)
2025-09-10 13:41:29 - [INFO] - [DEBUG BSI]     - post_hotspot_yolo.xml (FILE)
2025-09-10 13:41:29 - [INFO] - [DEBUG BSI]     - post_mask.png (FILE)
2025-09-10 13:41:29 - [INFO] - [DEBUG BSI]     - post_original.png (FILE)
2025-09-10 13:41:29 - [INFO] - [DEBUG BSI]     - post_segm.png (FILE)
2025-09-10 13:41:29 - [INFO] - [DEBUG BSI]     - 5001_2.dcm (FILE)
2025-09-10 13:41:29 - [INFO] - [DEBUG BSI]     - ant_hotspot_classification.json (FILE)
2025-09-10 13:41:29 - [INFO] - [DEBUG BSI]     - ant_hotspot_classification.png (FILE)
2025-09-10 13:41:29 - [INFO] - [DEBUG BSI]     - ant_hotspot_classification.xml (FILE)
2025-09-10 13:41:29 - [INFO] - [DEBUG BSI]     - ant_hotspot_otsu_colored.png (FILE)
2025-09-10 13:41:29 - [INFO] - [DEBUG BSI]     - ant_hotspot_otsu_colored_blend.png (FILE)
2025-09-10 13:41:29 - [INFO] - [DEBUG BSI]     - ant_hotspot_otsu_grayscale.png (FILE)
2025-09-10 13:41:29 - [INFO] - [DEBUG BSI]     - ant_hotspot_yolo.xml (FILE)
2025-09-10 13:41:29 - [INFO] - [DEBUG BSI]     - ant_mask.png (FILE)
2025-09-10 13:41:29 - [INFO] - [DEBUG BSI]     - ant_original.png (FILE)
2025-09-10 13:41:29 - [INFO] - [DEBUG BSI]     - ant_segm.png (FILE)
2025-09-10 13:41:29 - [INFO] - [DEBUG BSI]     - bsi_quantification_ant.json (FILE)
2025-09-10 13:41:29 - [INFO] - [DEBUG BSI]     - bsi_quantification_post.json (FILE)
2025-09-10 13:41:29 - [INFO] - [DEBUG BSI]     - post_hotspot_classification.json (FILE)
2025-09-10 13:41:29 - [INFO] - [DEBUG BSI]     - post_hotspot_classification.png (FILE)
2025-09-10 13:41:29 - [INFO] - [DEBUG BSI]     - post_hotspot_classification.xml (FILE)
2025-09-10 13:41:29 - [INFO] - [DEBUG BSI]     - post_hotspot_otsu_colored.png (FILE)
2025-09-10 13:41:29 - [INFO] - [DEBUG BSI]     - post_hotspot_otsu_colored_blend.png (FILE)
2025-09-10 13:41:29 - [INFO] - [DEBUG BSI]     - post_hotspot_otsu_grayscale.png (FILE)
2025-09-10 13:41:29 - [INFO] - [DEBUG BSI]     - post_hotspot_yolo.xml (FILE)
2025-09-10 13:41:29 - [INFO] - [DEBUG BSI]     - post_mask.png (FILE)
2025-09-10 13:41:29 - [INFO] - [DEBUG BSI]     - post_original.png (FILE)
2025-09-10 13:41:29 - [INFO] - [DEBUG BSI]     - post_segm.png (FILE)
2025-09-10 13:41:29 - [INFO] - [DEBUG BSI]     - 5001_3.dcm (FILE)
2025-09-10 13:41:29 - [INFO] - [DEBUG BSI]     - ant_hotspot_classification.json (FILE)
2025-09-10 13:41:29 - [INFO] - [DEBUG BSI]     - ant_hotspot_classification.png (FILE)
2025-09-10 13:41:29 - [INFO] - [DEBUG BSI]     - ant_hotspot_classification.xml (FILE)
2025-09-10 13:41:29 - [INFO] - [DEBUG BSI]     - ant_hotspot_otsu_colored.png (FILE)
2025-09-10 13:41:29 - [INFO] - [DEBUG BSI]     - ant_hotspot_otsu_colored_blend.png (FILE)
2025-09-10 13:41:29 - [INFO] - [DEBUG BSI]     - ant_hotspot_otsu_grayscale.png (FILE)
2025-09-10 13:41:29 - [INFO] - [DEBUG BSI]     - ant_hotspot_yolo.xml (FILE)
2025-09-10 13:41:29 - [INFO] - [DEBUG BSI]     - ant_mask.png (FILE)
2025-09-10 13:41:29 - [INFO] - [DEBUG BSI]     - ant_original.png (FILE)
2025-09-10 13:41:29 - [INFO] - [DEBUG BSI]     - ant_segm.png (FILE)
2025-09-10 13:41:29 - [INFO] - [DEBUG BSI]     - bsi_quantification_ant.json (FILE)
2025-09-10 13:41:29 - [INFO] - [DEBUG BSI]     - bsi_quantification_post.json (FILE)
2025-09-10 13:41:29 - [INFO] - [DEBUG BSI]     - post_hotspot_classification.json (FILE)
2025-09-10 13:41:29 - [INFO] - [DEBUG BSI]     - post_hotspot_classification.png (FILE)
2025-09-10 13:41:29 - [INFO] - [DEBUG BSI]     - post_hotspot_classification.xml (FILE)
2025-09-10 13:41:29 - [INFO] - [DEBUG BSI]     - post_hotspot_otsu_colored.png (FILE)
2025-09-10 13:41:29 - [INFO] - [DEBUG BSI]     - post_hotspot_otsu_colored_blend.png (FILE)
2025-09-10 13:41:29 - [INFO] - [DEBUG BSI]     - post_hotspot_otsu_grayscale.png (FILE)
2025-09-10 13:41:29 - [INFO] - [DEBUG BSI]     - post_hotspot_yolo.xml (FILE)
2025-09-10 13:41:29 - [INFO] - [DEBUG BSI]     - post_mask.png (FILE)
2025-09-10 13:41:29 - [INFO] - [DEBUG BSI]     - post_original.png (FILE)
2025-09-10 13:41:29 - [INFO] - [DEBUG BSI]     - post_segm.png (FILE)
2025-09-10 13:41:29 - [INFO] - [DEBUG BSI]     - 5001_4.dcm (FILE)
2025-09-10 13:41:29 - [INFO] - [DEBUG BSI]     - ant_hotspot_classification.json (FILE)
2025-09-10 13:41:29 - [INFO] - [DEBUG BSI]     - ant_hotspot_classification.png (FILE)
2025-09-10 13:41:29 - [INFO] - [DEBUG BSI]     - ant_hotspot_classification.xml (FILE)
2025-09-10 13:41:29 - [INFO] - [DEBUG BSI]     - ant_hotspot_otsu_colored.png (FILE)
2025-09-10 13:41:29 - [INFO] - [DEBUG BSI]     - ant_hotspot_otsu_colored_blend.png (FILE)
2025-09-10 13:41:29 - [INFO] - [DEBUG BSI]     - ant_hotspot_otsu_grayscale.png (FILE)
2025-09-10 13:41:29 - [INFO] - [DEBUG BSI]     - ant_hotspot_yolo.xml (FILE)
2025-09-10 13:41:29 - [INFO] - [DEBUG BSI]     - ant_mask.png (FILE)
2025-09-10 13:41:29 - [INFO] - [DEBUG BSI]     - ant_original.png (FILE)
2025-09-10 13:41:29 - [INFO] - [DEBUG BSI]     - ant_segm.png (FILE)
2025-09-10 13:41:29 - [INFO] - [DEBUG BSI]     - bsi_quantification_ant.json (FILE)
2025-09-10 13:41:29 - [INFO] - [DEBUG BSI]     - bsi_quantification_post.json (FILE)
2025-09-10 13:41:29 - [INFO] - [DEBUG BSI]     - post_hotspot_classification.json (FILE)
2025-09-10 13:41:29 - [INFO] - [DEBUG BSI]     - post_hotspot_classification.png (FILE)
2025-09-10 13:41:29 - [INFO] - [DEBUG BSI]     - post_hotspot_classification.xml (FILE)
2025-09-10 13:41:29 - [INFO] - [DEBUG BSI]     - post_hotspot_otsu_colored.png (FILE)
2025-09-10 13:41:29 - [INFO] - [DEBUG BSI]     - post_hotspot_otsu_colored_blend.png (FILE)
2025-09-10 13:41:29 - [INFO] - [DEBUG BSI]     - post_hotspot_otsu_grayscale.png (FILE)
2025-09-10 13:41:29 - [INFO] - [DEBUG BSI]     - post_hotspot_yolo.xml (FILE)
2025-09-10 13:41:29 - [INFO] - [DEBUG BSI]     - post_mask.png (FILE)
2025-09-10 13:41:29 - [INFO] - [DEBUG BSI]     - post_original.png (FILE)
2025-09-10 13:41:29 - [INFO] - [DEBUG BSI]     - post_segm.png (FILE)
2025-09-10 13:41:29 - [INFO] - [DEBUG BSI]     - 5001_5.dcm (FILE)
2025-09-10 13:41:29 - [INFO] - [DEBUG BSI]     - ant_hotspot_classification.json (FILE)
2025-09-10 13:41:29 - [INFO] - [DEBUG BSI]     - ant_hotspot_classification.png (FILE)
2025-09-10 13:41:29 - [INFO] - [DEBUG BSI]     - ant_hotspot_classification.xml (FILE)
2025-09-10 13:41:29 - [INFO] - [DEBUG BSI]     - ant_hotspot_otsu_colored.png (FILE)
2025-09-10 13:41:29 - [INFO] - [DEBUG BSI]     - ant_hotspot_otsu_colored_blend.png (FILE)
2025-09-10 13:41:29 - [INFO] - [DEBUG BSI]     - ant_hotspot_otsu_grayscale.png (FILE)
2025-09-10 13:41:29 - [INFO] - [DEBUG BSI]     - ant_hotspot_yolo.xml (FILE)
2025-09-10 13:41:29 - [INFO] - [DEBUG BSI]     - ant_mask.png (FILE)
2025-09-10 13:41:29 - [INFO] - [DEBUG BSI]     - ant_original.png (FILE)
2025-09-10 13:41:29 - [INFO] - [DEBUG BSI]     - ant_segm.png (FILE)
2025-09-10 13:41:29 - [INFO] - [DEBUG BSI]     - bsi_quantification_ant.json (FILE)
2025-09-10 13:41:29 - [INFO] - [DEBUG BSI]     - bsi_quantification_post.json (FILE)
2025-09-10 13:41:29 - [INFO] - [DEBUG BSI]     - post_hotspot_classification.json (FILE)
2025-09-10 13:41:29 - [INFO] - [DEBUG BSI]     - post_hotspot_classification.png (FILE)
2025-09-10 13:41:29 - [INFO] - [DEBUG BSI]     - post_hotspot_classification.xml (FILE)
2025-09-10 13:41:29 - [INFO] - [DEBUG BSI]     - post_hotspot_otsu_colored.png (FILE)
2025-09-10 13:41:29 - [INFO] - [DEBUG BSI]     - post_hotspot_otsu_colored_blend.png (FILE)
2025-09-10 13:41:29 - [INFO] - [DEBUG BSI]     - post_hotspot_otsu_grayscale.png (FILE)
2025-09-10 13:41:29 - [INFO] - [DEBUG BSI]     - post_hotspot_yolo.xml (FILE)
2025-09-10 13:41:29 - [INFO] - [DEBUG BSI]     - post_mask.png (FILE)
2025-09-10 13:41:29 - [INFO] - [DEBUG BSI]     - post_original.png (FILE)
2025-09-10 13:41:29 - [INFO] - [DEBUG BSI]     - post_segm.png (FILE)
2025-09-10 13:41:29 - [INFO] - [DEBUG BSI]     - 20250115 (DIR)
2025-09-10 13:41:29 - [INFO] - [DEBUG BSI]     - 20250214 (DIR)
2025-09-10 13:41:29 - [INFO] - [DEBUG BSI]     - 20250316 (DIR)
2025-09-10 13:41:29 - [INFO] - [DEBUG BSI]     - 20250415 (DIR)
2025-09-10 13:41:29 - [INFO] - [DEBUG BSI]     - 20250515 (DIR)
2025-09-10 13:41:29 - [INFO] - [BSI META INTEGRATION] Found BSI data: {'study_date': '20250214', 'anterior_bsi': 1.04047024442087, 'posterior_bsi': 1.0918650364531683, 'combined_bsi': 1.066167640437019, 'bsi_score': 1.066167640437019, 'file_source': 'bsi_quantification_ant.json + bsi_quantification_post.json', 'processing_mode': 'dual_view', 'is_v2': True, 'source_location': 'Study date folder'}
2025-09-10 13:41:29 - [INFO] - [BSI META INTEGRATION]   Updated meta with BSI data:
2025-09-10 13:41:29 - [INFO] - [BSI META INTEGRATION]   Anterior BSI: 1.04047024442087
2025-09-10 13:41:29 - [INFO] - [BSI META INTEGRATION]   Posterior BSI: 1.0918650364531683
2025-09-10 13:41:29 - [INFO] - [BSI META INTEGRATION]   Processing mode: dual_view
2025-09-10 13:41:29 - [INFO] - [BSI META INTEGRATION] Updating scan meta with BSI data
2025-09-10 13:41:29 - [INFO] - [BSI META INTEGRATION] Session code: WKW
2025-09-10 13:41:29 - [INFO] - [BSI META INTEGRATION] Scan path: F:\projek dosen\prototype riset\hotspot-analyzer\data\PLANAR\WKW\5001\20250316\5001_3.dcm
2025-09-10 13:41:29 - [INFO] - [BSI EXTRACT INFO] Extracting from path: F:\projek dosen\prototype riset\hotspot-analyzer\data\PLANAR\WKW\5001\20250316\5001_3.dcm
2025-09-10 13:41:29 - [INFO] - [BSI EXTRACT INFO] Extracted study_date from DICOM: 20250316
2025-09-10 13:41:29 - [INFO] - [BSI EXTRACT INFO] Extracted patient_id from study_date structure: 5001
2025-09-10 13:41:29 - [INFO] - [BSI EXTRACT INFO] Final result - Patient: 5001, Study: 20250316
2025-09-10 13:41:29 - [INFO] - [BSI META INTEGRATION] Extracted - Patient: 5001, Study: 20250316
2025-09-10 13:41:29 - [INFO] - [DEBUG QUANT FILES] Getting quantification files for: F:\projek dosen\prototype riset\hotspot-analyzer\data\PLANAR\WKW\5001\20250316
2025-09-10 13:41:29 - [INFO] - [DEBUG QUANT FILES] Detected study_date folder: F:\projek dosen\prototype riset\hotspot-analyzer\data\PLANAR\WKW\5001\20250316
2025-09-10 13:41:29 - [INFO] - [DEBUG QUANT FILES] Generated paths:
2025-09-10 13:41:29 - [INFO] - [DEBUG QUANT FILES]   bsi_json_ant: F:\projek dosen\prototype riset\hotspot-analyzer\data\PLANAR\WKW\5001\20250316\bsi_quantification_ant.json (exists: True)
2025-09-10 13:41:29 - [INFO] - [DEBUG QUANT FILES]   bsi_json_post: F:\projek dosen\prototype riset\hotspot-analyzer\data\PLANAR\WKW\5001\20250316\bsi_quantification_post.json (exists: True)
2025-09-10 13:41:29 - [INFO] - [BSI META INTEGRATION] Found BSI files in study_date folder: F:\projek dosen\prototype riset\hotspot-analyzer\data\PLANAR\WKW\5001\20250316
2025-09-10 13:41:29 - [INFO] - [BSI META INTEGRATION] Using patient folder: F:\projek dosen\prototype riset\hotspot-analyzer\data\PLANAR\WKW\5001\20250316
2025-09-10 13:41:29 - [INFO] - [DEBUG BSI] Detected study_date folder, using parent: F:\projek dosen\prototype riset\hotspot-analyzer\data\PLANAR\WKW\5001
2025-09-10 13:41:29 - [INFO] - [DEBUG BSI] Found study_date folder: 20250115
2025-09-10 13:41:29 - [INFO] - [DEBUG BSI] Found study_date folder: 20250214
2025-09-10 13:41:29 - [INFO] - [DEBUG BSI] Found study_date folder: 20250316
2025-09-10 13:41:29 - [INFO] - [DEBUG BSI] Found study_date folder: 20250415
2025-09-10 13:41:29 - [INFO] - [DEBUG BSI] Found study_date folder: 20250515
2025-09-10 13:41:29 - [INFO] - [DEBUG BSI]     - 20250115 (DIR)
2025-09-10 13:41:29 - [INFO] - [DEBUG BSI]     - 20250214 (DIR)
2025-09-10 13:41:29 - [INFO] - [DEBUG BSI]     - 20250316 (DIR)
2025-09-10 13:41:29 - [INFO] - [DEBUG BSI]     - 20250415 (DIR)
2025-09-10 13:41:29 - [INFO] - [DEBUG BSI]     - 20250515 (DIR)
2025-09-10 13:41:29 - [INFO] - [DEBUG BSI]     - 20250910 (DIR)
2025-09-10 13:41:29 - [INFO] - [DEBUG BSI]     - 5001_1.dcm (FILE)
2025-09-10 13:41:29 - [INFO] - [DEBUG BSI]     - ant_hotspot_classification.json (FILE)
2025-09-10 13:41:29 - [INFO] - [DEBUG BSI]     - ant_hotspot_classification.png (FILE)
2025-09-10 13:41:29 - [INFO] - [DEBUG BSI]     - ant_hotspot_classification.xml (FILE)
2025-09-10 13:41:29 - [INFO] - [DEBUG BSI]     - ant_hotspot_otsu_colored.png (FILE)
2025-09-10 13:41:29 - [INFO] - [DEBUG BSI]     - ant_hotspot_otsu_colored_blend.png (FILE)
2025-09-10 13:41:29 - [INFO] - [DEBUG BSI]     - ant_hotspot_otsu_grayscale.png (FILE)
2025-09-10 13:41:29 - [INFO] - [DEBUG BSI]     - ant_hotspot_yolo.xml (FILE)
2025-09-10 13:41:29 - [INFO] - [DEBUG BSI]     - ant_mask.png (FILE)
2025-09-10 13:41:29 - [INFO] - [DEBUG BSI]     - ant_original.png (FILE)
2025-09-10 13:41:29 - [INFO] - [DEBUG BSI]     - ant_segm.png (FILE)
2025-09-10 13:41:29 - [INFO] - [DEBUG BSI]     - bsi_quantification_ant.json (FILE)
2025-09-10 13:41:29 - [INFO] - [DEBUG BSI]     - bsi_quantification_post.json (FILE)
2025-09-10 13:41:29 - [INFO] - [DEBUG BSI]     - post_hotspot_classification.json (FILE)
2025-09-10 13:41:29 - [INFO] - [DEBUG BSI]     - post_hotspot_classification.png (FILE)
2025-09-10 13:41:29 - [INFO] - [DEBUG BSI]     - post_hotspot_classification.xml (FILE)
2025-09-10 13:41:29 - [INFO] - [DEBUG BSI]     - post_hotspot_otsu_colored.png (FILE)
2025-09-10 13:41:29 - [INFO] - [DEBUG BSI]     - post_hotspot_otsu_colored_blend.png (FILE)
2025-09-10 13:41:29 - [INFO] - [DEBUG BSI]     - post_hotspot_otsu_grayscale.png (FILE)
2025-09-10 13:41:29 - [INFO] - [DEBUG BSI]     - post_hotspot_yolo.xml (FILE)
2025-09-10 13:41:29 - [INFO] - [DEBUG BSI]     - post_mask.png (FILE)
2025-09-10 13:41:29 - [INFO] - [DEBUG BSI]     - post_original.png (FILE)
2025-09-10 13:41:29 - [INFO] - [DEBUG BSI]     - post_segm.png (FILE)
2025-09-10 13:41:29 - [INFO] - [DEBUG BSI]     - 5001_2.dcm (FILE)
2025-09-10 13:41:29 - [INFO] - [DEBUG BSI]     - ant_hotspot_classification.json (FILE)
2025-09-10 13:41:29 - [INFO] - [DEBUG BSI]     - ant_hotspot_classification.png (FILE)
2025-09-10 13:41:29 - [INFO] - [DEBUG BSI]     - ant_hotspot_classification.xml (FILE)
2025-09-10 13:41:29 - [INFO] - [DEBUG BSI]     - ant_hotspot_otsu_colored.png (FILE)
2025-09-10 13:41:29 - [INFO] - [DEBUG BSI]     - ant_hotspot_otsu_colored_blend.png (FILE)
2025-09-10 13:41:29 - [INFO] - [DEBUG BSI]     - ant_hotspot_otsu_grayscale.png (FILE)
2025-09-10 13:41:29 - [INFO] - [DEBUG BSI]     - ant_hotspot_yolo.xml (FILE)
2025-09-10 13:41:29 - [INFO] - [DEBUG BSI]     - ant_mask.png (FILE)
2025-09-10 13:41:29 - [INFO] - [DEBUG BSI]     - ant_original.png (FILE)
2025-09-10 13:41:29 - [INFO] - [DEBUG BSI]     - ant_segm.png (FILE)
2025-09-10 13:41:29 - [INFO] - [DEBUG BSI]     - bsi_quantification_ant.json (FILE)
2025-09-10 13:41:29 - [INFO] - [DEBUG BSI]     - bsi_quantification_post.json (FILE)
2025-09-10 13:41:29 - [INFO] - [DEBUG BSI]     - post_hotspot_classification.json (FILE)
2025-09-10 13:41:29 - [INFO] - [DEBUG BSI]     - post_hotspot_classification.png (FILE)
2025-09-10 13:41:29 - [INFO] - [DEBUG BSI]     - post_hotspot_classification.xml (FILE)
2025-09-10 13:41:29 - [INFO] - [DEBUG BSI]     - post_hotspot_otsu_colored.png (FILE)
2025-09-10 13:41:29 - [INFO] - [DEBUG BSI]     - post_hotspot_otsu_colored_blend.png (FILE)
2025-09-10 13:41:29 - [INFO] - [DEBUG BSI]     - post_hotspot_otsu_grayscale.png (FILE)
2025-09-10 13:41:29 - [INFO] - [DEBUG BSI]     - post_hotspot_yolo.xml (FILE)
2025-09-10 13:41:29 - [INFO] - [DEBUG BSI]     - post_mask.png (FILE)
2025-09-10 13:41:29 - [INFO] - [DEBUG BSI]     - post_original.png (FILE)
2025-09-10 13:41:29 - [INFO] - [DEBUG BSI]     - post_segm.png (FILE)
2025-09-10 13:41:29 - [INFO] - [DEBUG BSI]     - 5001_3.dcm (FILE)
2025-09-10 13:41:29 - [INFO] - [DEBUG BSI]     - ant_hotspot_classification.json (FILE)
2025-09-10 13:41:29 - [INFO] - [DEBUG BSI]     - ant_hotspot_classification.png (FILE)
2025-09-10 13:41:29 - [INFO] - [DEBUG BSI]     - ant_hotspot_classification.xml (FILE)
2025-09-10 13:41:29 - [INFO] - [DEBUG BSI]     - ant_hotspot_otsu_colored.png (FILE)
2025-09-10 13:41:29 - [INFO] - [DEBUG BSI]     - ant_hotspot_otsu_colored_blend.png (FILE)
2025-09-10 13:41:29 - [INFO] - [DEBUG BSI]     - ant_hotspot_otsu_grayscale.png (FILE)
2025-09-10 13:41:29 - [INFO] - [DEBUG BSI]     - ant_hotspot_yolo.xml (FILE)
2025-09-10 13:41:29 - [INFO] - [DEBUG BSI]     - ant_mask.png (FILE)
2025-09-10 13:41:29 - [INFO] - [DEBUG BSI]     - ant_original.png (FILE)
2025-09-10 13:41:29 - [INFO] - [DEBUG BSI]     - ant_segm.png (FILE)
2025-09-10 13:41:29 - [INFO] - [DEBUG BSI]     - bsi_quantification_ant.json (FILE)
2025-09-10 13:41:29 - [INFO] - [DEBUG BSI]     - bsi_quantification_post.json (FILE)
2025-09-10 13:41:29 - [INFO] - [DEBUG BSI]     - post_hotspot_classification.json (FILE)
2025-09-10 13:41:29 - [INFO] - [DEBUG BSI]     - post_hotspot_classification.png (FILE)
2025-09-10 13:41:29 - [INFO] - [DEBUG BSI]     - post_hotspot_classification.xml (FILE)
2025-09-10 13:41:29 - [INFO] - [DEBUG BSI]     - post_hotspot_otsu_colored.png (FILE)
2025-09-10 13:41:29 - [INFO] - [DEBUG BSI]     - post_hotspot_otsu_colored_blend.png (FILE)
2025-09-10 13:41:29 - [INFO] - [DEBUG BSI]     - post_hotspot_otsu_grayscale.png (FILE)
2025-09-10 13:41:29 - [INFO] - [DEBUG BSI]     - post_hotspot_yolo.xml (FILE)
2025-09-10 13:41:29 - [INFO] - [DEBUG BSI]     - post_mask.png (FILE)
2025-09-10 13:41:29 - [INFO] - [DEBUG BSI]     - post_original.png (FILE)
2025-09-10 13:41:29 - [INFO] - [DEBUG BSI]     - post_segm.png (FILE)
2025-09-10 13:41:29 - [INFO] - [DEBUG BSI]     - 5001_4.dcm (FILE)
2025-09-10 13:41:29 - [INFO] - [DEBUG BSI]     - ant_hotspot_classification.json (FILE)
2025-09-10 13:41:29 - [INFO] - [DEBUG BSI]     - ant_hotspot_classification.png (FILE)
2025-09-10 13:41:29 - [INFO] - [DEBUG BSI]     - ant_hotspot_classification.xml (FILE)
2025-09-10 13:41:29 - [INFO] - [DEBUG BSI]     - ant_hotspot_otsu_colored.png (FILE)
2025-09-10 13:41:29 - [INFO] - [DEBUG BSI]     - ant_hotspot_otsu_colored_blend.png (FILE)
2025-09-10 13:41:29 - [INFO] - [DEBUG BSI]     - ant_hotspot_otsu_grayscale.png (FILE)
2025-09-10 13:41:29 - [INFO] - [DEBUG BSI]     - ant_hotspot_yolo.xml (FILE)
2025-09-10 13:41:29 - [INFO] - [DEBUG BSI]     - ant_mask.png (FILE)
2025-09-10 13:41:29 - [INFO] - [DEBUG BSI]     - ant_original.png (FILE)
2025-09-10 13:41:29 - [INFO] - [DEBUG BSI]     - ant_segm.png (FILE)
2025-09-10 13:41:29 - [INFO] - [DEBUG BSI]     - bsi_quantification_ant.json (FILE)
2025-09-10 13:41:29 - [INFO] - [DEBUG BSI]     - bsi_quantification_post.json (FILE)
2025-09-10 13:41:29 - [INFO] - [DEBUG BSI]     - post_hotspot_classification.json (FILE)
2025-09-10 13:41:29 - [INFO] - [DEBUG BSI]     - post_hotspot_classification.png (FILE)
2025-09-10 13:41:29 - [INFO] - [DEBUG BSI]     - post_hotspot_classification.xml (FILE)
2025-09-10 13:41:29 - [INFO] - [DEBUG BSI]     - post_hotspot_otsu_colored.png (FILE)
2025-09-10 13:41:29 - [INFO] - [DEBUG BSI]     - post_hotspot_otsu_colored_blend.png (FILE)
2025-09-10 13:41:29 - [INFO] - [DEBUG BSI]     - post_hotspot_otsu_grayscale.png (FILE)
2025-09-10 13:41:29 - [INFO] - [DEBUG BSI]     - post_hotspot_yolo.xml (FILE)
2025-09-10 13:41:29 - [INFO] - [DEBUG BSI]     - post_mask.png (FILE)
2025-09-10 13:41:29 - [INFO] - [DEBUG BSI]     - post_original.png (FILE)
2025-09-10 13:41:29 - [INFO] - [DEBUG BSI]     - post_segm.png (FILE)
2025-09-10 13:41:29 - [INFO] - [DEBUG BSI]     - 5001_5.dcm (FILE)
2025-09-10 13:41:29 - [INFO] - [DEBUG BSI]     - ant_hotspot_classification.json (FILE)
2025-09-10 13:41:29 - [INFO] - [DEBUG BSI]     - ant_hotspot_classification.png (FILE)
2025-09-10 13:41:29 - [INFO] - [DEBUG BSI]     - ant_hotspot_classification.xml (FILE)
2025-09-10 13:41:29 - [INFO] - [DEBUG BSI]     - ant_hotspot_otsu_colored.png (FILE)
2025-09-10 13:41:29 - [INFO] - [DEBUG BSI]     - ant_hotspot_otsu_colored_blend.png (FILE)
2025-09-10 13:41:29 - [INFO] - [DEBUG BSI]     - ant_hotspot_otsu_grayscale.png (FILE)
2025-09-10 13:41:29 - [INFO] - [DEBUG BSI]     - ant_hotspot_yolo.xml (FILE)
2025-09-10 13:41:29 - [INFO] - [DEBUG BSI]     - ant_mask.png (FILE)
2025-09-10 13:41:29 - [INFO] - [DEBUG BSI]     - ant_original.png (FILE)
2025-09-10 13:41:29 - [INFO] - [DEBUG BSI]     - ant_segm.png (FILE)
2025-09-10 13:41:29 - [INFO] - [DEBUG BSI]     - bsi_quantification_ant.json (FILE)
2025-09-10 13:41:29 - [INFO] - [DEBUG BSI]     - bsi_quantification_post.json (FILE)
2025-09-10 13:41:29 - [INFO] - [DEBUG BSI]     - post_hotspot_classification.json (FILE)
2025-09-10 13:41:29 - [INFO] - [DEBUG BSI]     - post_hotspot_classification.png (FILE)
2025-09-10 13:41:29 - [INFO] - [DEBUG BSI]     - post_hotspot_classification.xml (FILE)
2025-09-10 13:41:29 - [INFO] - [DEBUG BSI]     - post_hotspot_otsu_colored.png (FILE)
2025-09-10 13:41:29 - [INFO] - [DEBUG BSI]     - post_hotspot_otsu_colored_blend.png (FILE)
2025-09-10 13:41:29 - [INFO] - [DEBUG BSI]     - post_hotspot_otsu_grayscale.png (FILE)
2025-09-10 13:41:29 - [INFO] - [DEBUG BSI]     - post_hotspot_yolo.xml (FILE)
2025-09-10 13:41:29 - [INFO] - [DEBUG BSI]     - post_mask.png (FILE)
2025-09-10 13:41:29 - [INFO] - [DEBUG BSI]     - post_original.png (FILE)
2025-09-10 13:41:29 - [INFO] - [DEBUG BSI]     - post_segm.png (FILE)
2025-09-10 13:41:29 - [INFO] - [DEBUG BSI]     - 20250115 (DIR)
2025-09-10 13:41:29 - [INFO] - [DEBUG BSI]     - 20250214 (DIR)
2025-09-10 13:41:29 - [INFO] - [DEBUG BSI]     - 20250316 (DIR)
2025-09-10 13:41:29 - [INFO] - [DEBUG BSI]     - 20250415 (DIR)
2025-09-10 13:41:29 - [INFO] - [DEBUG BSI]     - 20250515 (DIR)
2025-09-10 13:41:29 - [INFO] - [BSI META INTEGRATION] Found BSI data: {'study_date': '20250316', 'anterior_bsi': 1.5921247263429408, 'posterior_bsi': 2.212410433687333, 'combined_bsi': 1.902267580015137, 'bsi_score': 1.902267580015137, 'file_source': 'bsi_quantification_ant.json + bsi_quantification_post.json', 'processing_mode': 'dual_view', 'is_v2': True, 'source_location': 'Study date folder'}
2025-09-10 13:41:29 - [INFO] - [BSI META INTEGRATION]   Updated meta with BSI data:
2025-09-10 13:41:29 - [INFO] - [BSI META INTEGRATION]   Anterior BSI: 1.5921247263429408
2025-09-10 13:41:29 - [INFO] - [BSI META INTEGRATION]   Posterior BSI: 2.212410433687333
2025-09-10 13:41:29 - [INFO] - [BSI META INTEGRATION]   Processing mode: dual_view
2025-09-10 13:41:29 - [INFO] - [BSI META INTEGRATION] Updating scan meta with BSI data
2025-09-10 13:41:29 - [INFO] - [BSI META INTEGRATION] Session code: WKW
2025-09-10 13:41:29 - [INFO] - [BSI META INTEGRATION] Scan path: F:\projek dosen\prototype riset\hotspot-analyzer\data\PLANAR\WKW\5001\20250415\5001_4.dcm
2025-09-10 13:41:29 - [INFO] - [BSI EXTRACT INFO] Extracting from path: F:\projek dosen\prototype riset\hotspot-analyzer\data\PLANAR\WKW\5001\20250415\5001_4.dcm
2025-09-10 13:41:29 - [INFO] - [BSI EXTRACT INFO] Extracted study_date from DICOM: 20250415
2025-09-10 13:41:29 - [INFO] - [BSI EXTRACT INFO] Extracted patient_id from study_date structure: 5001
2025-09-10 13:41:29 - [INFO] - [BSI EXTRACT INFO] Final result - Patient: 5001, Study: 20250415
2025-09-10 13:41:29 - [INFO] - [BSI META INTEGRATION] Extracted - Patient: 5001, Study: 20250415
2025-09-10 13:41:29 - [INFO] - [DEBUG QUANT FILES] Getting quantification files for: F:\projek dosen\prototype riset\hotspot-analyzer\data\PLANAR\WKW\5001\20250415
2025-09-10 13:41:29 - [INFO] - [DEBUG QUANT FILES] Detected study_date folder: F:\projek dosen\prototype riset\hotspot-analyzer\data\PLANAR\WKW\5001\20250415
2025-09-10 13:41:29 - [INFO] - [DEBUG QUANT FILES] Generated paths:
2025-09-10 13:41:29 - [INFO] - [DEBUG QUANT FILES]   bsi_json_ant: F:\projek dosen\prototype riset\hotspot-analyzer\data\PLANAR\WKW\5001\20250415\bsi_quantification_ant.json (exists: True)
2025-09-10 13:41:29 - [INFO] - [DEBUG QUANT FILES]   bsi_json_post: F:\projek dosen\prototype riset\hotspot-analyzer\data\PLANAR\WKW\5001\20250415\bsi_quantification_post.json (exists: True)
2025-09-10 13:41:29 - [INFO] - [BSI META INTEGRATION] Found BSI files in study_date folder: F:\projek dosen\prototype riset\hotspot-analyzer\data\PLANAR\WKW\5001\20250415
2025-09-10 13:41:29 - [INFO] - [BSI META INTEGRATION] Using patient folder: F:\projek dosen\prototype riset\hotspot-analyzer\data\PLANAR\WKW\5001\20250415
2025-09-10 13:41:29 - [INFO] - [DEBUG BSI] Detected study_date folder, using parent: F:\projek dosen\prototype riset\hotspot-analyzer\data\PLANAR\WKW\5001
2025-09-10 13:41:29 - [INFO] - [DEBUG BSI] Found study_date folder: 20250115
2025-09-10 13:41:29 - [INFO] - [DEBUG BSI] Found study_date folder: 20250214
2025-09-10 13:41:29 - [INFO] - [DEBUG BSI] Found study_date folder: 20250316
2025-09-10 13:41:29 - [INFO] - [DEBUG BSI] Found study_date folder: 20250415
2025-09-10 13:41:29 - [INFO] - [DEBUG BSI] Found study_date folder: 20250515
2025-09-10 13:41:29 - [INFO] - [DEBUG BSI]     - 20250115 (DIR)
2025-09-10 13:41:29 - [INFO] - [DEBUG BSI]     - 20250214 (DIR)
2025-09-10 13:41:29 - [INFO] - [DEBUG BSI]     - 20250316 (DIR)
2025-09-10 13:41:29 - [INFO] - [DEBUG BSI]     - 20250415 (DIR)
2025-09-10 13:41:29 - [INFO] - [DEBUG BSI]     - 20250515 (DIR)
2025-09-10 13:41:29 - [INFO] - [DEBUG BSI]     - 20250910 (DIR)
2025-09-10 13:41:29 - [INFO] - [DEBUG BSI]     - 5001_1.dcm (FILE)
2025-09-10 13:41:29 - [INFO] - [DEBUG BSI]     - ant_hotspot_classification.json (FILE)
2025-09-10 13:41:29 - [INFO] - [DEBUG BSI]     - ant_hotspot_classification.png (FILE)
2025-09-10 13:41:29 - [INFO] - [DEBUG BSI]     - ant_hotspot_classification.xml (FILE)
2025-09-10 13:41:29 - [INFO] - [DEBUG BSI]     - ant_hotspot_otsu_colored.png (FILE)
2025-09-10 13:41:29 - [INFO] - [DEBUG BSI]     - ant_hotspot_otsu_colored_blend.png (FILE)
2025-09-10 13:41:29 - [INFO] - [DEBUG BSI]     - ant_hotspot_otsu_grayscale.png (FILE)
2025-09-10 13:41:29 - [INFO] - [DEBUG BSI]     - ant_hotspot_yolo.xml (FILE)
2025-09-10 13:41:29 - [INFO] - [DEBUG BSI]     - ant_mask.png (FILE)
2025-09-10 13:41:29 - [INFO] - [DEBUG BSI]     - ant_original.png (FILE)
2025-09-10 13:41:29 - [INFO] - [DEBUG BSI]     - ant_segm.png (FILE)
2025-09-10 13:41:29 - [INFO] - [DEBUG BSI]     - bsi_quantification_ant.json (FILE)
2025-09-10 13:41:29 - [INFO] - [DEBUG BSI]     - bsi_quantification_post.json (FILE)
2025-09-10 13:41:29 - [INFO] - [DEBUG BSI]     - post_hotspot_classification.json (FILE)
2025-09-10 13:41:29 - [INFO] - [DEBUG BSI]     - post_hotspot_classification.png (FILE)
2025-09-10 13:41:29 - [INFO] - [DEBUG BSI]     - post_hotspot_classification.xml (FILE)
2025-09-10 13:41:29 - [INFO] - [DEBUG BSI]     - post_hotspot_otsu_colored.png (FILE)
2025-09-10 13:41:29 - [INFO] - [DEBUG BSI]     - post_hotspot_otsu_colored_blend.png (FILE)
2025-09-10 13:41:29 - [INFO] - [DEBUG BSI]     - post_hotspot_otsu_grayscale.png (FILE)
2025-09-10 13:41:29 - [INFO] - [DEBUG BSI]     - post_hotspot_yolo.xml (FILE)
2025-09-10 13:41:29 - [INFO] - [DEBUG BSI]     - post_mask.png (FILE)
2025-09-10 13:41:29 - [INFO] - [DEBUG BSI]     - post_original.png (FILE)
2025-09-10 13:41:29 - [INFO] - [DEBUG BSI]     - post_segm.png (FILE)
2025-09-10 13:41:29 - [INFO] - [DEBUG BSI]     - 5001_2.dcm (FILE)
2025-09-10 13:41:29 - [INFO] - [DEBUG BSI]     - ant_hotspot_classification.json (FILE)
2025-09-10 13:41:29 - [INFO] - [DEBUG BSI]     - ant_hotspot_classification.png (FILE)
2025-09-10 13:41:29 - [INFO] - [DEBUG BSI]     - ant_hotspot_classification.xml (FILE)
2025-09-10 13:41:29 - [INFO] - [DEBUG BSI]     - ant_hotspot_otsu_colored.png (FILE)
2025-09-10 13:41:29 - [INFO] - [DEBUG BSI]     - ant_hotspot_otsu_colored_blend.png (FILE)
2025-09-10 13:41:29 - [INFO] - [DEBUG BSI]     - ant_hotspot_otsu_grayscale.png (FILE)
2025-09-10 13:41:29 - [INFO] - [DEBUG BSI]     - ant_hotspot_yolo.xml (FILE)
2025-09-10 13:41:29 - [INFO] - [DEBUG BSI]     - ant_mask.png (FILE)
2025-09-10 13:41:29 - [INFO] - [DEBUG BSI]     - ant_original.png (FILE)
2025-09-10 13:41:29 - [INFO] - [DEBUG BSI]     - ant_segm.png (FILE)
2025-09-10 13:41:29 - [INFO] - [DEBUG BSI]     - bsi_quantification_ant.json (FILE)
2025-09-10 13:41:29 - [INFO] - [DEBUG BSI]     - bsi_quantification_post.json (FILE)
2025-09-10 13:41:29 - [INFO] - [DEBUG BSI]     - post_hotspot_classification.json (FILE)
2025-09-10 13:41:29 - [INFO] - [DEBUG BSI]     - post_hotspot_classification.png (FILE)
2025-09-10 13:41:29 - [INFO] - [DEBUG BSI]     - post_hotspot_classification.xml (FILE)
2025-09-10 13:41:29 - [INFO] - [DEBUG BSI]     - post_hotspot_otsu_colored.png (FILE)
2025-09-10 13:41:29 - [INFO] - [DEBUG BSI]     - post_hotspot_otsu_colored_blend.png (FILE)
2025-09-10 13:41:29 - [INFO] - [DEBUG BSI]     - post_hotspot_otsu_grayscale.png (FILE)
2025-09-10 13:41:29 - [INFO] - [DEBUG BSI]     - post_hotspot_yolo.xml (FILE)
2025-09-10 13:41:29 - [INFO] - [DEBUG BSI]     - post_mask.png (FILE)
2025-09-10 13:41:29 - [INFO] - [DEBUG BSI]     - post_original.png (FILE)
2025-09-10 13:41:29 - [INFO] - [DEBUG BSI]     - post_segm.png (FILE)
2025-09-10 13:41:29 - [INFO] - [DEBUG BSI]     - 5001_3.dcm (FILE)
2025-09-10 13:41:29 - [INFO] - [DEBUG BSI]     - ant_hotspot_classification.json (FILE)
2025-09-10 13:41:29 - [INFO] - [DEBUG BSI]     - ant_hotspot_classification.png (FILE)
2025-09-10 13:41:29 - [INFO] - [DEBUG BSI]     - ant_hotspot_classification.xml (FILE)
2025-09-10 13:41:29 - [INFO] - [DEBUG BSI]     - ant_hotspot_otsu_colored.png (FILE)
2025-09-10 13:41:29 - [INFO] - [DEBUG BSI]     - ant_hotspot_otsu_colored_blend.png (FILE)
2025-09-10 13:41:29 - [INFO] - [DEBUG BSI]     - ant_hotspot_otsu_grayscale.png (FILE)
2025-09-10 13:41:29 - [INFO] - [DEBUG BSI]     - ant_hotspot_yolo.xml (FILE)
2025-09-10 13:41:29 - [INFO] - [DEBUG BSI]     - ant_mask.png (FILE)
2025-09-10 13:41:29 - [INFO] - [DEBUG BSI]     - ant_original.png (FILE)
2025-09-10 13:41:29 - [INFO] - [DEBUG BSI]     - ant_segm.png (FILE)
2025-09-10 13:41:29 - [INFO] - [DEBUG BSI]     - bsi_quantification_ant.json (FILE)
2025-09-10 13:41:29 - [INFO] - [DEBUG BSI]     - bsi_quantification_post.json (FILE)
2025-09-10 13:41:29 - [INFO] - [DEBUG BSI]     - post_hotspot_classification.json (FILE)
2025-09-10 13:41:29 - [INFO] - [DEBUG BSI]     - post_hotspot_classification.png (FILE)
2025-09-10 13:41:29 - [INFO] - [DEBUG BSI]     - post_hotspot_classification.xml (FILE)
2025-09-10 13:41:29 - [INFO] - [DEBUG BSI]     - post_hotspot_otsu_colored.png (FILE)
2025-09-10 13:41:29 - [INFO] - [DEBUG BSI]     - post_hotspot_otsu_colored_blend.png (FILE)
2025-09-10 13:41:29 - [INFO] - [DEBUG BSI]     - post_hotspot_otsu_grayscale.png (FILE)
2025-09-10 13:41:29 - [INFO] - [DEBUG BSI]     - post_hotspot_yolo.xml (FILE)
2025-09-10 13:41:29 - [INFO] - [DEBUG BSI]     - post_mask.png (FILE)
2025-09-10 13:41:29 - [INFO] - [DEBUG BSI]     - post_original.png (FILE)
2025-09-10 13:41:29 - [INFO] - [DEBUG BSI]     - post_segm.png (FILE)
2025-09-10 13:41:29 - [INFO] - [DEBUG BSI]     - 5001_4.dcm (FILE)
2025-09-10 13:41:29 - [INFO] - [DEBUG BSI]     - ant_hotspot_classification.json (FILE)
2025-09-10 13:41:29 - [INFO] - [DEBUG BSI]     - ant_hotspot_classification.png (FILE)
2025-09-10 13:41:29 - [INFO] - [DEBUG BSI]     - ant_hotspot_classification.xml (FILE)
2025-09-10 13:41:29 - [INFO] - [DEBUG BSI]     - ant_hotspot_otsu_colored.png (FILE)
2025-09-10 13:41:29 - [INFO] - [DEBUG BSI]     - ant_hotspot_otsu_colored_blend.png (FILE)
2025-09-10 13:41:29 - [INFO] - [DEBUG BSI]     - ant_hotspot_otsu_grayscale.png (FILE)
2025-09-10 13:41:29 - [INFO] - [DEBUG BSI]     - ant_hotspot_yolo.xml (FILE)
2025-09-10 13:41:29 - [INFO] - [DEBUG BSI]     - ant_mask.png (FILE)
2025-09-10 13:41:29 - [INFO] - [DEBUG BSI]     - ant_original.png (FILE)
2025-09-10 13:41:29 - [INFO] - [DEBUG BSI]     - ant_segm.png (FILE)
2025-09-10 13:41:29 - [INFO] - [DEBUG BSI]     - bsi_quantification_ant.json (FILE)
2025-09-10 13:41:29 - [INFO] - [DEBUG BSI]     - bsi_quantification_post.json (FILE)
2025-09-10 13:41:29 - [INFO] - [DEBUG BSI]     - post_hotspot_classification.json (FILE)
2025-09-10 13:41:29 - [INFO] - [DEBUG BSI]     - post_hotspot_classification.png (FILE)
2025-09-10 13:41:29 - [INFO] - [DEBUG BSI]     - post_hotspot_classification.xml (FILE)
2025-09-10 13:41:29 - [INFO] - [DEBUG BSI]     - post_hotspot_otsu_colored.png (FILE)
2025-09-10 13:41:29 - [INFO] - [DEBUG BSI]     - post_hotspot_otsu_colored_blend.png (FILE)
2025-09-10 13:41:29 - [INFO] - [DEBUG BSI]     - post_hotspot_otsu_grayscale.png (FILE)
2025-09-10 13:41:29 - [INFO] - [DEBUG BSI]     - post_hotspot_yolo.xml (FILE)
2025-09-10 13:41:29 - [INFO] - [DEBUG BSI]     - post_mask.png (FILE)
2025-09-10 13:41:29 - [INFO] - [DEBUG BSI]     - post_original.png (FILE)
2025-09-10 13:41:29 - [INFO] - [DEBUG BSI]     - post_segm.png (FILE)
2025-09-10 13:41:29 - [INFO] - [DEBUG BSI]     - 5001_5.dcm (FILE)
2025-09-10 13:41:29 - [INFO] - [DEBUG BSI]     - ant_hotspot_classification.json (FILE)
2025-09-10 13:41:29 - [INFO] - [DEBUG BSI]     - ant_hotspot_classification.png (FILE)
2025-09-10 13:41:29 - [INFO] - [DEBUG BSI]     - ant_hotspot_classification.xml (FILE)
2025-09-10 13:41:29 - [INFO] - [DEBUG BSI]     - ant_hotspot_otsu_colored.png (FILE)
2025-09-10 13:41:29 - [INFO] - [DEBUG BSI]     - ant_hotspot_otsu_colored_blend.png (FILE)
2025-09-10 13:41:29 - [INFO] - [DEBUG BSI]     - ant_hotspot_otsu_grayscale.png (FILE)
2025-09-10 13:41:29 - [INFO] - [DEBUG BSI]     - ant_hotspot_yolo.xml (FILE)
2025-09-10 13:41:29 - [INFO] - [DEBUG BSI]     - ant_mask.png (FILE)
2025-09-10 13:41:29 - [INFO] - [DEBUG BSI]     - ant_original.png (FILE)
2025-09-10 13:41:29 - [INFO] - [DEBUG BSI]     - ant_segm.png (FILE)
2025-09-10 13:41:29 - [INFO] - [DEBUG BSI]     - bsi_quantification_ant.json (FILE)
2025-09-10 13:41:29 - [INFO] - [DEBUG BSI]     - bsi_quantification_post.json (FILE)
2025-09-10 13:41:29 - [INFO] - [DEBUG BSI]     - post_hotspot_classification.json (FILE)
2025-09-10 13:41:29 - [INFO] - [DEBUG BSI]     - post_hotspot_classification.png (FILE)
2025-09-10 13:41:29 - [INFO] - [DEBUG BSI]     - post_hotspot_classification.xml (FILE)
2025-09-10 13:41:29 - [INFO] - [DEBUG BSI]     - post_hotspot_otsu_colored.png (FILE)
2025-09-10 13:41:29 - [INFO] - [DEBUG BSI]     - post_hotspot_otsu_colored_blend.png (FILE)
2025-09-10 13:41:29 - [INFO] - [DEBUG BSI]     - post_hotspot_otsu_grayscale.png (FILE)
2025-09-10 13:41:29 - [INFO] - [DEBUG BSI]     - post_hotspot_yolo.xml (FILE)
2025-09-10 13:41:29 - [INFO] - [DEBUG BSI]     - post_mask.png (FILE)
2025-09-10 13:41:29 - [INFO] - [DEBUG BSI]     - post_original.png (FILE)
2025-09-10 13:41:29 - [INFO] - [DEBUG BSI]     - post_segm.png (FILE)
2025-09-10 13:41:29 - [INFO] - [DEBUG BSI]     - 20250115 (DIR)
2025-09-10 13:41:29 - [INFO] - [DEBUG BSI]     - 20250214 (DIR)
2025-09-10 13:41:29 - [INFO] - [DEBUG BSI]     - 20250316 (DIR)
2025-09-10 13:41:29 - [INFO] - [DEBUG BSI]     - 20250415 (DIR)
2025-09-10 13:41:29 - [INFO] - [DEBUG BSI]     - 20250515 (DIR)
2025-09-10 13:41:29 - [INFO] - [BSI META INTEGRATION] Found BSI data: {'study_date': '20250415', 'anterior_bsi': 0.21053710230980946, 'posterior_bsi': 0.27624338564022954, 'combined_bsi': 0.24339024397501952, 'bsi_score': 0.24339024397501952, 'file_source': 'bsi_quantification_ant.json + bsi_quantification_post.json', 'processing_mode': 'dual_view', 'is_v2': True, 'source_location': 'Study date folder'}
2025-09-10 13:41:29 - [INFO] - [BSI META INTEGRATION]   Updated meta with BSI data:
2025-09-10 13:41:29 - [INFO] - [BSI META INTEGRATION]   Anterior BSI: 0.21053710230980946
2025-09-10 13:41:29 - [INFO] - [BSI META INTEGRATION]   Posterior BSI: 0.27624338564022954
2025-09-10 13:41:29 - [INFO] - [BSI META INTEGRATION]   Processing mode: dual_view
2025-09-10 13:41:29 - [INFO] - [BSI META INTEGRATION] Updating scan meta with BSI data
2025-09-10 13:41:29 - [INFO] - [BSI META INTEGRATION] Session code: WKW
2025-09-10 13:41:29 - [INFO] - [BSI META INTEGRATION] Scan path: F:\projek dosen\prototype riset\hotspot-analyzer\data\PLANAR\WKW\5001\20250515\5001_5.dcm
2025-09-10 13:41:29 - [INFO] - [BSI EXTRACT INFO] Extracting from path: F:\projek dosen\prototype riset\hotspot-analyzer\data\PLANAR\WKW\5001\20250515\5001_5.dcm
2025-09-10 13:41:29 - [INFO] - [BSI EXTRACT INFO] Extracted study_date from DICOM: 20250515
2025-09-10 13:41:29 - [INFO] - [BSI EXTRACT INFO] Extracted patient_id from study_date structure: 5001
2025-09-10 13:41:29 - [INFO] - [BSI EXTRACT INFO] Final result - Patient: 5001, Study: 20250515
2025-09-10 13:41:29 - [INFO] - [BSI META INTEGRATION] Extracted - Patient: 5001, Study: 20250515
2025-09-10 13:41:29 - [INFO] - [DEBUG QUANT FILES] Getting quantification files for: F:\projek dosen\prototype riset\hotspot-analyzer\data\PLANAR\WKW\5001\20250515
2025-09-10 13:41:29 - [INFO] - [DEBUG QUANT FILES] Detected study_date folder: F:\projek dosen\prototype riset\hotspot-analyzer\data\PLANAR\WKW\5001\20250515
2025-09-10 13:41:29 - [INFO] - [DEBUG QUANT FILES] Generated paths:
2025-09-10 13:41:29 - [INFO] - [DEBUG QUANT FILES]   bsi_json_ant: F:\projek dosen\prototype riset\hotspot-analyzer\data\PLANAR\WKW\5001\20250515\bsi_quantification_ant.json (exists: True)
2025-09-10 13:41:29 - [INFO] - [DEBUG QUANT FILES]   bsi_json_post: F:\projek dosen\prototype riset\hotspot-analyzer\data\PLANAR\WKW\5001\20250515\bsi_quantification_post.json (exists: True)
2025-09-10 13:41:29 - [INFO] - [BSI META INTEGRATION] Found BSI files in study_date folder: F:\projek dosen\prototype riset\hotspot-analyzer\data\PLANAR\WKW\5001\20250515
2025-09-10 13:41:29 - [INFO] - [BSI META INTEGRATION] Using patient folder: F:\projek dosen\prototype riset\hotspot-analyzer\data\PLANAR\WKW\5001\20250515
2025-09-10 13:41:29 - [INFO] - [DEBUG BSI] Detected study_date folder, using parent: F:\projek dosen\prototype riset\hotspot-analyzer\data\PLANAR\WKW\5001
2025-09-10 13:41:29 - [INFO] - [DEBUG BSI] Found study_date folder: 20250115
2025-09-10 13:41:29 - [INFO] - [DEBUG BSI] Found study_date folder: 20250214
2025-09-10 13:41:29 - [INFO] - [DEBUG BSI] Found study_date folder: 20250316
2025-09-10 13:41:29 - [INFO] - [DEBUG BSI] Found study_date folder: 20250415
2025-09-10 13:41:29 - [INFO] - [DEBUG BSI] Found study_date folder: 20250515
2025-09-10 13:41:29 - [INFO] - [DEBUG BSI]     - 20250115 (DIR)
2025-09-10 13:41:29 - [INFO] - [DEBUG BSI]     - 20250214 (DIR)
2025-09-10 13:41:29 - [INFO] - [DEBUG BSI]     - 20250316 (DIR)
2025-09-10 13:41:29 - [INFO] - [DEBUG BSI]     - 20250415 (DIR)
2025-09-10 13:41:29 - [INFO] - [DEBUG BSI]     - 20250515 (DIR)
2025-09-10 13:41:29 - [INFO] - [DEBUG BSI]     - 20250910 (DIR)
2025-09-10 13:41:29 - [INFO] - [DEBUG BSI]     - 5001_1.dcm (FILE)
2025-09-10 13:41:29 - [INFO] - [DEBUG BSI]     - ant_hotspot_classification.json (FILE)
2025-09-10 13:41:29 - [INFO] - [DEBUG BSI]     - ant_hotspot_classification.png (FILE)
2025-09-10 13:41:29 - [INFO] - [DEBUG BSI]     - ant_hotspot_classification.xml (FILE)
2025-09-10 13:41:29 - [INFO] - [DEBUG BSI]     - ant_hotspot_otsu_colored.png (FILE)
2025-09-10 13:41:29 - [INFO] - [DEBUG BSI]     - ant_hotspot_otsu_colored_blend.png (FILE)
2025-09-10 13:41:29 - [INFO] - [DEBUG BSI]     - ant_hotspot_otsu_grayscale.png (FILE)
2025-09-10 13:41:29 - [INFO] - [DEBUG BSI]     - ant_hotspot_yolo.xml (FILE)
2025-09-10 13:41:29 - [INFO] - [DEBUG BSI]     - ant_mask.png (FILE)
2025-09-10 13:41:29 - [INFO] - [DEBUG BSI]     - ant_original.png (FILE)
2025-09-10 13:41:29 - [INFO] - [DEBUG BSI]     - ant_segm.png (FILE)
2025-09-10 13:41:29 - [INFO] - [DEBUG BSI]     - bsi_quantification_ant.json (FILE)
2025-09-10 13:41:29 - [INFO] - [DEBUG BSI]     - bsi_quantification_post.json (FILE)
2025-09-10 13:41:29 - [INFO] - [DEBUG BSI]     - post_hotspot_classification.json (FILE)
2025-09-10 13:41:29 - [INFO] - [DEBUG BSI]     - post_hotspot_classification.png (FILE)
2025-09-10 13:41:29 - [INFO] - [DEBUG BSI]     - post_hotspot_classification.xml (FILE)
2025-09-10 13:41:29 - [INFO] - [DEBUG BSI]     - post_hotspot_otsu_colored.png (FILE)
2025-09-10 13:41:29 - [INFO] - [DEBUG BSI]     - post_hotspot_otsu_colored_blend.png (FILE)
2025-09-10 13:41:29 - [INFO] - [DEBUG BSI]     - post_hotspot_otsu_grayscale.png (FILE)
2025-09-10 13:41:29 - [INFO] - [DEBUG BSI]     - post_hotspot_yolo.xml (FILE)
2025-09-10 13:41:29 - [INFO] - [DEBUG BSI]     - post_mask.png (FILE)
2025-09-10 13:41:29 - [INFO] - [DEBUG BSI]     - post_original.png (FILE)
2025-09-10 13:41:29 - [INFO] - [DEBUG BSI]     - post_segm.png (FILE)
2025-09-10 13:41:29 - [INFO] - [DEBUG BSI]     - 5001_2.dcm (FILE)
2025-09-10 13:41:29 - [INFO] - [DEBUG BSI]     - ant_hotspot_classification.json (FILE)
2025-09-10 13:41:29 - [INFO] - [DEBUG BSI]     - ant_hotspot_classification.png (FILE)
2025-09-10 13:41:29 - [INFO] - [DEBUG BSI]     - ant_hotspot_classification.xml (FILE)
2025-09-10 13:41:29 - [INFO] - [DEBUG BSI]     - ant_hotspot_otsu_colored.png (FILE)
2025-09-10 13:41:29 - [INFO] - [DEBUG BSI]     - ant_hotspot_otsu_colored_blend.png (FILE)
2025-09-10 13:41:29 - [INFO] - [DEBUG BSI]     - ant_hotspot_otsu_grayscale.png (FILE)
2025-09-10 13:41:29 - [INFO] - [DEBUG BSI]     - ant_hotspot_yolo.xml (FILE)
2025-09-10 13:41:29 - [INFO] - [DEBUG BSI]     - ant_mask.png (FILE)
2025-09-10 13:41:29 - [INFO] - [DEBUG BSI]     - ant_original.png (FILE)
2025-09-10 13:41:29 - [INFO] - [DEBUG BSI]     - ant_segm.png (FILE)
2025-09-10 13:41:29 - [INFO] - [DEBUG BSI]     - bsi_quantification_ant.json (FILE)
2025-09-10 13:41:29 - [INFO] - [DEBUG BSI]     - bsi_quantification_post.json (FILE)
2025-09-10 13:41:29 - [INFO] - [DEBUG BSI]     - post_hotspot_classification.json (FILE)
2025-09-10 13:41:29 - [INFO] - [DEBUG BSI]     - post_hotspot_classification.png (FILE)
2025-09-10 13:41:29 - [INFO] - [DEBUG BSI]     - post_hotspot_classification.xml (FILE)
2025-09-10 13:41:29 - [INFO] - [DEBUG BSI]     - post_hotspot_otsu_colored.png (FILE)
2025-09-10 13:41:29 - [INFO] - [DEBUG BSI]     - post_hotspot_otsu_colored_blend.png (FILE)
2025-09-10 13:41:29 - [INFO] - [DEBUG BSI]     - post_hotspot_otsu_grayscale.png (FILE)
2025-09-10 13:41:29 - [INFO] - [DEBUG BSI]     - post_hotspot_yolo.xml (FILE)
2025-09-10 13:41:29 - [INFO] - [DEBUG BSI]     - post_mask.png (FILE)
2025-09-10 13:41:29 - [INFO] - [DEBUG BSI]     - post_original.png (FILE)
2025-09-10 13:41:29 - [INFO] - [DEBUG BSI]     - post_segm.png (FILE)
2025-09-10 13:41:29 - [INFO] - [DEBUG BSI]     - 5001_3.dcm (FILE)
2025-09-10 13:41:29 - [INFO] - [DEBUG BSI]     - ant_hotspot_classification.json (FILE)
2025-09-10 13:41:29 - [INFO] - [DEBUG BSI]     - ant_hotspot_classification.png (FILE)
2025-09-10 13:41:29 - [INFO] - [DEBUG BSI]     - ant_hotspot_classification.xml (FILE)
2025-09-10 13:41:29 - [INFO] - [DEBUG BSI]     - ant_hotspot_otsu_colored.png (FILE)
2025-09-10 13:41:29 - [INFO] - [DEBUG BSI]     - ant_hotspot_otsu_colored_blend.png (FILE)
2025-09-10 13:41:29 - [INFO] - [DEBUG BSI]     - ant_hotspot_otsu_grayscale.png (FILE)
2025-09-10 13:41:29 - [INFO] - [DEBUG BSI]     - ant_hotspot_yolo.xml (FILE)
2025-09-10 13:41:29 - [INFO] - [DEBUG BSI]     - ant_mask.png (FILE)
2025-09-10 13:41:29 - [INFO] - [DEBUG BSI]     - ant_original.png (FILE)
2025-09-10 13:41:29 - [INFO] - [DEBUG BSI]     - ant_segm.png (FILE)
2025-09-10 13:41:29 - [INFO] - [DEBUG BSI]     - bsi_quantification_ant.json (FILE)
2025-09-10 13:41:29 - [INFO] - [DEBUG BSI]     - bsi_quantification_post.json (FILE)
2025-09-10 13:41:29 - [INFO] - [DEBUG BSI]     - post_hotspot_classification.json (FILE)
2025-09-10 13:41:29 - [INFO] - [DEBUG BSI]     - post_hotspot_classification.png (FILE)
2025-09-10 13:41:29 - [INFO] - [DEBUG BSI]     - post_hotspot_classification.xml (FILE)
2025-09-10 13:41:29 - [INFO] - [DEBUG BSI]     - post_hotspot_otsu_colored.png (FILE)
2025-09-10 13:41:29 - [INFO] - [DEBUG BSI]     - post_hotspot_otsu_colored_blend.png (FILE)
2025-09-10 13:41:29 - [INFO] - [DEBUG BSI]     - post_hotspot_otsu_grayscale.png (FILE)
2025-09-10 13:41:29 - [INFO] - [DEBUG BSI]     - post_hotspot_yolo.xml (FILE)
2025-09-10 13:41:29 - [INFO] - [DEBUG BSI]     - post_mask.png (FILE)
2025-09-10 13:41:29 - [INFO] - [DEBUG BSI]     - post_original.png (FILE)
2025-09-10 13:41:29 - [INFO] - [DEBUG BSI]     - post_segm.png (FILE)
2025-09-10 13:41:29 - [INFO] - [DEBUG BSI]     - 5001_4.dcm (FILE)
2025-09-10 13:41:29 - [INFO] - [DEBUG BSI]     - ant_hotspot_classification.json (FILE)
2025-09-10 13:41:29 - [INFO] - [DEBUG BSI]     - ant_hotspot_classification.png (FILE)
2025-09-10 13:41:29 - [INFO] - [DEBUG BSI]     - ant_hotspot_classification.xml (FILE)
2025-09-10 13:41:29 - [INFO] - [DEBUG BSI]     - ant_hotspot_otsu_colored.png (FILE)
2025-09-10 13:41:29 - [INFO] - [DEBUG BSI]     - ant_hotspot_otsu_colored_blend.png (FILE)
2025-09-10 13:41:29 - [INFO] - [DEBUG BSI]     - ant_hotspot_otsu_grayscale.png (FILE)
2025-09-10 13:41:29 - [INFO] - [DEBUG BSI]     - ant_hotspot_yolo.xml (FILE)
2025-09-10 13:41:29 - [INFO] - [DEBUG BSI]     - ant_mask.png (FILE)
2025-09-10 13:41:29 - [INFO] - [DEBUG BSI]     - ant_original.png (FILE)
2025-09-10 13:41:29 - [INFO] - [DEBUG BSI]     - ant_segm.png (FILE)
2025-09-10 13:41:29 - [INFO] - [DEBUG BSI]     - bsi_quantification_ant.json (FILE)
2025-09-10 13:41:29 - [INFO] - [DEBUG BSI]     - bsi_quantification_post.json (FILE)
2025-09-10 13:41:29 - [INFO] - [DEBUG BSI]     - post_hotspot_classification.json (FILE)
2025-09-10 13:41:29 - [INFO] - [DEBUG BSI]     - post_hotspot_classification.png (FILE)
2025-09-10 13:41:29 - [INFO] - [DEBUG BSI]     - post_hotspot_classification.xml (FILE)
2025-09-10 13:41:29 - [INFO] - [DEBUG BSI]     - post_hotspot_otsu_colored.png (FILE)
2025-09-10 13:41:29 - [INFO] - [DEBUG BSI]     - post_hotspot_otsu_colored_blend.png (FILE)
2025-09-10 13:41:29 - [INFO] - [DEBUG BSI]     - post_hotspot_otsu_grayscale.png (FILE)
2025-09-10 13:41:29 - [INFO] - [DEBUG BSI]     - post_hotspot_yolo.xml (FILE)
2025-09-10 13:41:29 - [INFO] - [DEBUG BSI]     - post_mask.png (FILE)
2025-09-10 13:41:29 - [INFO] - [DEBUG BSI]     - post_original.png (FILE)
2025-09-10 13:41:29 - [INFO] - [DEBUG BSI]     - post_segm.png (FILE)
2025-09-10 13:41:29 - [INFO] - [DEBUG BSI]     - 5001_5.dcm (FILE)
2025-09-10 13:41:29 - [INFO] - [DEBUG BSI]     - ant_hotspot_classification.json (FILE)
2025-09-10 13:41:29 - [INFO] - [DEBUG BSI]     - ant_hotspot_classification.png (FILE)
2025-09-10 13:41:29 - [INFO] - [DEBUG BSI]     - ant_hotspot_classification.xml (FILE)
2025-09-10 13:41:29 - [INFO] - [DEBUG BSI]     - ant_hotspot_otsu_colored.png (FILE)
2025-09-10 13:41:29 - [INFO] - [DEBUG BSI]     - ant_hotspot_otsu_colored_blend.png (FILE)
2025-09-10 13:41:29 - [INFO] - [DEBUG BSI]     - ant_hotspot_otsu_grayscale.png (FILE)
2025-09-10 13:41:29 - [INFO] - [DEBUG BSI]     - ant_hotspot_yolo.xml (FILE)
2025-09-10 13:41:29 - [INFO] - [DEBUG BSI]     - ant_mask.png (FILE)
2025-09-10 13:41:29 - [INFO] - [DEBUG BSI]     - ant_original.png (FILE)
2025-09-10 13:41:29 - [INFO] - [DEBUG BSI]     - ant_segm.png (FILE)
2025-09-10 13:41:29 - [INFO] - [DEBUG BSI]     - bsi_quantification_ant.json (FILE)
2025-09-10 13:41:29 - [INFO] - [DEBUG BSI]     - bsi_quantification_post.json (FILE)
2025-09-10 13:41:29 - [INFO] - [DEBUG BSI]     - post_hotspot_classification.json (FILE)
2025-09-10 13:41:29 - [INFO] - [DEBUG BSI]     - post_hotspot_classification.png (FILE)
2025-09-10 13:41:29 - [INFO] - [DEBUG BSI]     - post_hotspot_classification.xml (FILE)
2025-09-10 13:41:29 - [INFO] - [DEBUG BSI]     - post_hotspot_otsu_colored.png (FILE)
2025-09-10 13:41:29 - [INFO] - [DEBUG BSI]     - post_hotspot_otsu_colored_blend.png (FILE)
2025-09-10 13:41:29 - [INFO] - [DEBUG BSI]     - post_hotspot_otsu_grayscale.png (FILE)
2025-09-10 13:41:29 - [INFO] - [DEBUG BSI]     - post_hotspot_yolo.xml (FILE)
2025-09-10 13:41:29 - [INFO] - [DEBUG BSI]     - post_mask.png (FILE)
2025-09-10 13:41:29 - [INFO] - [DEBUG BSI]     - post_original.png (FILE)
2025-09-10 13:41:29 - [INFO] - [DEBUG BSI]     - post_segm.png (FILE)
2025-09-10 13:41:29 - [INFO] - [DEBUG BSI]     - 20250115 (DIR)
2025-09-10 13:41:29 - [INFO] - [DEBUG BSI]     - 20250214 (DIR)
2025-09-10 13:41:29 - [INFO] - [DEBUG BSI]     - 20250316 (DIR)
2025-09-10 13:41:29 - [INFO] - [DEBUG BSI]     - 20250415 (DIR)
2025-09-10 13:41:29 - [INFO] - [DEBUG BSI]     - 20250515 (DIR)
2025-09-10 13:41:29 - [INFO] - [BSI META INTEGRATION] Found BSI data: {'study_date': '20250515', 'anterior_bsi': 0.24384909786768727, 'posterior_bsi': 0.18270051077904498, 'combined_bsi': 0.21327480432336612, 'bsi_score': 0.21327480432336612, 'file_source': 'bsi_quantification_ant.json + bsi_quantification_post.json', 'processing_mode': 'dual_view', 'is_v2': True, 'source_location': 'Study date folder'}
2025-09-10 13:41:29 - [INFO] - [BSI META INTEGRATION]   Updated meta with BSI data:
2025-09-10 13:41:29 - [INFO] - [BSI META INTEGRATION]   Anterior BSI: 0.24384909786768727
2025-09-10 13:41:29 - [INFO] - [BSI META INTEGRATION]   Posterior BSI: 0.18270051077904498
2025-09-10 13:41:29 - [INFO] - [BSI META INTEGRATION]   Processing mode: dual_view
2025-09-10 13:41:29 - [INFO] - [DEBUG] Rebuilding timeline for active scan index: 0
2025-09-10 13:41:29 - [INFO] - [DEBUG] Creating CLASSIFICATION card 0 for view: Anterior
2025-09-10 13:41:29 - [INFO] - [DEBUG] Active layers selected: ['Image']
2025-09-10 13:41:29 - [INFO] - [DEBUG] DICOM path: F:\projek dosen\prototype riset\hotspot-analyzer\data\PLANAR\WKW\5001\20250115\5001_1.dcm
2025-09-10 13:41:29 - [INFO] - [DEBUG] Current view: Anterior
2025-09-10 13:41:29 - [INFO] - [CACHE DEBUG] use_cache=False
2025-09-10 13:41:29 - [INFO] - [CACHE DEBUG] has_adjustments=False (B=0.00, C=1.00)
2025-09-10 13:41:29 - [INFO] - [CACHE DEBUG] has_overrides=False (override_b=None, override_c=None)
2025-09-10 13:41:29 - [INFO] - [CACHE DEBUG] invert_original=True
2025-09-10 13:41:29 - [INFO] - [CACHE SKIP] Skipping cache due to adjustments/overrides/invert
2025-09-10 13:41:29 - [INFO] - [DEBUG] Path extraction: session=WKW, patient=5001, study_date=20250115
2025-09-10 13:41:29 - [INFO] - [DEBUG] Extracted patient info - ID: 5001, Session: WKW
2025-09-10 13:41:29 - [INFO] - [DEBUG] Original path: F:\projek dosen\prototype riset\hotspot-analyzer\data\PLANAR\WKW\5001\20250115\5001_1.dcm
2025-09-10 13:41:29 - [INFO] - [DEBUG] Study date: 20250115
2025-09-10 13:41:29 - [INFO] - [DEBUG] Patient ID: 5001
2025-09-10 13:41:29 - [INFO] - [DEBUG] Session code: WKW
2025-09-10 13:41:29 - [INFO] - [DEBUG] Study date folder: F:\projek dosen\prototype riset\hotspot-analyzer\data\PLANAR\WKW\5001\20250115
2025-09-10 13:41:29 - [INFO] - [DEBUG] Loading original image for Anterior
2025-09-10 13:41:29 - [INFO] - [DEBUG] Looking for original PNG in study_date dir: F:\projek dosen\prototype riset\hotspot-analyzer\data\PLANAR\WKW\5001\20250115\ant_original.png
2025-09-10 13:41:29 - [DEBUG] - STREAM b'IHDR' 16 13
2025-09-10 13:41:29 - [DEBUG] - STREAM b'IDAT' 41 65536
2025-09-10 13:41:29 - [INFO] - [DEBUG] Loaded original PNG from study_date dir: (256, 1024)
2025-09-10 13:41:29 - [INFO] - [DEBUG] Original image loaded: (256, 1024)
2025-09-10 13:41:29 - [INFO] - [DEBUG] Applying invert to original image
2025-09-10 13:41:29 - [INFO] - [DEBUG] simple_invert_pil_image: Processing L image, size = (256, 1024)
2025-09-10 13:41:29 - [INFO] - [DEBUG] simple_invert_image: input shape = (1024, 256), dtype = uint8
2025-09-10 13:41:29 - [INFO] - [DEBUG] Simple inversion completed: [0-255] -> [0-255]
2025-09-10 13:41:29 - [INFO] - [DEBUG] simple_invert_pil_image: completed
2025-09-10 13:41:29 - [INFO] - [DEBUG] Using STORED B/C values: B=0.00, C=1.00
2025-09-10 13:41:29 - [INFO] - [DEBUG]   Image layer loaded and processed
2025-09-10 13:41:29 - [INFO] - [DEBUG] Loading segmentation layer for Anterior
2025-09-10 13:41:29 - [INFO] - [DEBUG] Looking for segmentation (NEWEST): F:\projek dosen\prototype riset\hotspot-analyzer\data\PLANAR\WKW\5001\20250115\ant_segm.png
2025-09-10 13:41:29 - [DEBUG] - STREAM b'IHDR' 16 13
2025-09-10 13:41:29 - [DEBUG] - STREAM b'IDAT' 41 6383
2025-09-10 13:41:29 - [INFO] - [DEBUG]   Loaded segmentation with transparency: F:\projek dosen\prototype riset\hotspot-analyzer\data\PLANAR\WKW\5001\20250115\ant_segm.png
2025-09-10 13:41:29 - [INFO] - [DEBUG] Segmentation type: ORIGINAL
2025-09-10 13:41:29 - [INFO] - [DEBUG] Loading hotspot layer for Anterior
2025-09-10 13:41:29 - [INFO] - [DEBUG] Looking for hotspot classification (NEWEST): F:\projek dosen\prototype riset\hotspot-analyzer\data\PLANAR\WKW\5001\20250115\20250910\ant_hotspot_classification_133505.png
2025-09-10 13:41:29 - [DEBUG] - STREAM b'IHDR' 16 13
2025-09-10 13:41:29 - [DEBUG] - STREAM b'IDAT' 41 1389
2025-09-10 13:41:29 - [INFO] - [DEBUG]   Loaded hotspot layer: F:\projek dosen\prototype riset\hotspot-analyzer\data\PLANAR\WKW\5001\20250115\20250910\ant_hotspot_classification_133505.png
2025-09-10 13:41:29 - [INFO] - [DEBUG] Hotspot type: EDITED
2025-09-10 13:41:29 - [INFO] - [DEBUG] Loading bbox layer for Anterior
2025-09-10 13:41:29 - [INFO] - [DEBUG] Looking for classification XML (NEWEST): F:\projek dosen\prototype riset\hotspot-analyzer\data\PLANAR\WKW\5001\20250115\20250910\ant_hotspot_classification_133505.xml
2025-09-10 13:41:29 - [INFO] - [DEBUG] Loading CLASSIFICATION XML for bbox: F:\projek dosen\prototype riset\hotspot-analyzer\data\PLANAR\WKW\5001\20250115\20250910\ant_hotspot_classification_133505.xml
2025-09-10 13:41:29 - [INFO] - [DEBUG] Drew CLASSIFICATION Abnormal bbox: (194,150) -> (214,171)
2025-09-10 13:41:29 - [INFO] - [DEBUG] Drew CLASSIFICATION Abnormal bbox: (156,480) -> (188,511)
2025-09-10 13:41:29 - [INFO] - [DEBUG] Drew CLASSIFICATION Normal bbox: (63,210) -> (98,271)
2025-09-10 13:41:29 - [INFO] - [DEBUG]   Created CLASSIFICATION bbox visualization with 3 boxes
2025-09-10 13:41:29 - [INFO] - [DEBUG]   Loaded bbox layer: F:\projek dosen\prototype riset\hotspot-analyzer\data\PLANAR\WKW\5001\20250115\20250910\ant_hotspot_classification_133505.xml
2025-09-10 13:41:29 - [INFO] - [DEBUG] BBox XML type: EDITED
2025-09-10 13:41:29 - [INFO] - [CACHE STORE] Not caching due to adjustments/overrides/invert
2025-09-10 13:41:29 - [INFO] - [DEBUG]   Loaded 4 layers for Anterior: ['Image', 'Segmentation', 'Hotspot', 'HotspotBBox']
2025-09-10 13:41:29 - [INFO] - [DEBUG] Available CLASSIFICATION layers in files: ['Image', 'Segmentation', 'Hotspot', 'HotspotBBox']
2025-09-10 13:41:29 - [INFO] - [DEBUG]   Added CLASSIFICATION Image to card 0 (opacity: 1.00)
2025-09-10 13:41:29 - [INFO] - [DEBUG]   CLASSIFICATION card 0 composite created with layers: ['Image']
2025-09-10 13:41:29 - [INFO] - [DEBUG] Creating CLASSIFICATION card 0 for view: Posterior
2025-09-10 13:41:29 - [INFO] - [DEBUG] Active layers selected: ['Image']
2025-09-10 13:41:29 - [INFO] - [DEBUG] DICOM path: F:\projek dosen\prototype riset\hotspot-analyzer\data\PLANAR\WKW\5001\20250115\5001_1.dcm
2025-09-10 13:41:29 - [INFO] - [DEBUG] Current view: Posterior
2025-09-10 13:41:29 - [INFO] - [CACHE DEBUG] use_cache=False
2025-09-10 13:41:29 - [INFO] - [CACHE DEBUG] has_adjustments=False (B=0.00, C=1.00)
2025-09-10 13:41:29 - [INFO] - [CACHE DEBUG] has_overrides=False (override_b=None, override_c=None)
2025-09-10 13:41:29 - [INFO] - [CACHE DEBUG] invert_original=True
2025-09-10 13:41:29 - [INFO] - [CACHE SKIP] Skipping cache due to adjustments/overrides/invert
2025-09-10 13:41:29 - [INFO] - [DEBUG] Path extraction: session=WKW, patient=5001, study_date=20250115
2025-09-10 13:41:29 - [INFO] - [DEBUG] Extracted patient info - ID: 5001, Session: WKW
2025-09-10 13:41:29 - [INFO] - [DEBUG] Original path: F:\projek dosen\prototype riset\hotspot-analyzer\data\PLANAR\WKW\5001\20250115\5001_1.dcm
2025-09-10 13:41:29 - [INFO] - [DEBUG] Study date: 20250115
2025-09-10 13:41:29 - [INFO] - [DEBUG] Patient ID: 5001
2025-09-10 13:41:29 - [INFO] - [DEBUG] Session code: WKW
2025-09-10 13:41:29 - [INFO] - [DEBUG] Study date folder: F:\projek dosen\prototype riset\hotspot-analyzer\data\PLANAR\WKW\5001\20250115
2025-09-10 13:41:29 - [INFO] - [DEBUG] Loading original image for Posterior
2025-09-10 13:41:29 - [INFO] - [DEBUG] Looking for original PNG in study_date dir: F:\projek dosen\prototype riset\hotspot-analyzer\data\PLANAR\WKW\5001\20250115\post_original.png
2025-09-10 13:41:29 - [DEBUG] - STREAM b'IHDR' 16 13
2025-09-10 13:41:29 - [DEBUG] - STREAM b'IDAT' 41 65536
2025-09-10 13:41:29 - [INFO] - [DEBUG] Loaded original PNG from study_date dir: (256, 1024)
2025-09-10 13:41:29 - [INFO] - [DEBUG] Original image loaded: (256, 1024)
2025-09-10 13:41:29 - [INFO] - [DEBUG] Applying invert to original image
2025-09-10 13:41:29 - [INFO] - [DEBUG] simple_invert_pil_image: Processing L image, size = (256, 1024)
2025-09-10 13:41:29 - [INFO] - [DEBUG] simple_invert_image: input shape = (1024, 256), dtype = uint8
2025-09-10 13:41:29 - [INFO] - [DEBUG] Simple inversion completed: [0-255] -> [0-255]
2025-09-10 13:41:29 - [INFO] - [DEBUG] simple_invert_pil_image: completed
2025-09-10 13:41:29 - [INFO] - [DEBUG] Using STORED B/C values: B=0.00, C=1.00
2025-09-10 13:41:29 - [INFO] - [DEBUG]   Image layer loaded and processed
2025-09-10 13:41:29 - [INFO] - [DEBUG] Loading segmentation layer for Posterior
2025-09-10 13:41:29 - [INFO] - [DEBUG] Looking for segmentation (NEWEST): F:\projek dosen\prototype riset\hotspot-analyzer\data\PLANAR\WKW\5001\20250115\post_segm.png
2025-09-10 13:41:29 - [DEBUG] - STREAM b'IHDR' 16 13
2025-09-10 13:41:29 - [DEBUG] - STREAM b'IDAT' 41 6139
2025-09-10 13:41:29 - [INFO] - [DEBUG]   Loaded segmentation with transparency: F:\projek dosen\prototype riset\hotspot-analyzer\data\PLANAR\WKW\5001\20250115\post_segm.png
2025-09-10 13:41:29 - [INFO] - [DEBUG] Segmentation type: ORIGINAL
2025-09-10 13:41:29 - [INFO] - [DEBUG] Loading hotspot layer for Posterior
2025-09-10 13:41:29 - [INFO] - [DEBUG] Looking for hotspot classification (NEWEST): F:\projek dosen\prototype riset\hotspot-analyzer\data\PLANAR\WKW\5001\20250115\post_hotspot_classification.png
2025-09-10 13:41:29 - [DEBUG] - STREAM b'IHDR' 16 13
2025-09-10 13:41:29 - [DEBUG] - STREAM b'IDAT' 41 1317
2025-09-10 13:41:29 - [INFO] - [DEBUG]   Loaded hotspot layer: F:\projek dosen\prototype riset\hotspot-analyzer\data\PLANAR\WKW\5001\20250115\post_hotspot_classification.png
2025-09-10 13:41:29 - [INFO] - [DEBUG] Hotspot type: ORIGINAL
2025-09-10 13:41:29 - [INFO] - [DEBUG] Loading bbox layer for Posterior
2025-09-10 13:41:29 - [INFO] - [DEBUG] Looking for classification XML (NEWEST): F:\projek dosen\prototype riset\hotspot-analyzer\data\PLANAR\WKW\5001\20250115\post_hotspot_classification.xml
2025-09-10 13:41:29 - [INFO] - [DEBUG] Loading CLASSIFICATION XML for bbox: F:\projek dosen\prototype riset\hotspot-analyzer\data\PLANAR\WKW\5001\20250115\post_hotspot_classification.xml
2025-09-10 13:41:29 - [INFO] - [DEBUG] Drew CLASSIFICATION Abnormal bbox: (44,482) -> (95,537)
2025-09-10 13:41:29 - [INFO] - [DEBUG] Drew CLASSIFICATION Abnormal bbox: (111,344) -> (132,365)
2025-09-10 13:41:29 - [INFO] - [DEBUG] Drew CLASSIFICATION Abnormal bbox: (96,51) -> (117,75)
2025-09-10 13:41:30 - [INFO] - [DEBUG] Drew CLASSIFICATION Abnormal bbox: (54,483) -> (91,527)
2025-09-10 13:41:30 - [INFO] - [DEBUG]   Created CLASSIFICATION bbox visualization with 4 boxes
2025-09-10 13:41:30 - [INFO] - [DEBUG]   Loaded bbox layer: F:\projek dosen\prototype riset\hotspot-analyzer\data\PLANAR\WKW\5001\20250115\post_hotspot_classification.xml
2025-09-10 13:41:30 - [INFO] - [DEBUG] BBox XML type: ORIGINAL
2025-09-10 13:41:30 - [INFO] - [CACHE STORE] Not caching due to adjustments/overrides/invert
2025-09-10 13:41:30 - [INFO] - [DEBUG]   Loaded 4 layers for Posterior: ['Image', 'Segmentation', 'Hotspot', 'HotspotBBox']
2025-09-10 13:41:30 - [INFO] - [DEBUG] Available CLASSIFICATION layers in files: ['Image', 'Segmentation', 'Hotspot', 'HotspotBBox']
2025-09-10 13:41:30 - [INFO] - [DEBUG]   Added CLASSIFICATION Image to card 0 (opacity: 1.00)
2025-09-10 13:41:30 - [INFO] - [DEBUG]   CLASSIFICATION card 0 composite created with layers: ['Image']
2025-09-10 13:41:30 - [INFO] - [SMART UPDATE] State updated - Type: full
2025-09-10 13:41:30 - [INFO] - [MainWindow]   Timeline updated with BSI integration
2025-09-10 13:41:30 - [INFO] - 
2025-09-10 13:41:30 - [INFO] - 🏠 [DEBUG MAIN GANTENG] ===================
2025-09-10 13:41:30 - [INFO] - 🏠 [DEBUG MAIN] Loading BSI data for selected scan
2025-09-10 13:41:30 - [INFO] - 🏠 [DEBUG MAIN] Session code: WKW
2025-09-10 13:41:30 - [INFO] - 🏠 [DEBUG MAIN] Scan data keys: ['meta', 'frames', 'path', 'workflow_files']
2025-09-10 13:41:30 - [INFO] - 🏠 [DEBUG MAIN] DICOM path: F:\projek dosen\prototype riset\hotspot-analyzer\data\PLANAR\WKW\5001\20250115\5001_1.dcm
2025-09-10 13:41:30 - [INFO] - 🏠 [DEBUG MAIN] DICOM exists: True
2025-09-10 13:41:30 - [INFO] - 🏠 [DEBUG MAIN] Initial patient folder: F:\projek dosen\prototype riset\hotspot-analyzer\data\PLANAR\WKW\5001\20250115
2025-09-10 13:41:30 - [INFO] - 🏠 [DEBUG MAIN] Initial patient folder exists: True
2025-09-10 13:41:30 - [INFO] - 🏠 [DEBUG MAIN] Initial patient folder name: 20250115
2025-09-10 13:41:30 - [INFO] - 🏠 [DEBUG MAIN] Study date from DICOM: 20250115
2025-09-10 13:41:30 - [INFO] - 🏠 [DEBUG MAIN] Detected study_date folder structure
2025-09-10 13:41:30 - [INFO] - 🏠 [DEBUG MAIN] Corrected patient folder: F:\projek dosen\prototype riset\hotspot-analyzer\data\PLANAR\WKW\5001
2025-09-10 13:41:30 - [INFO] - 🏠 [DEBUG MAIN] Corrected patient ID: 5001
2025-09-10 13:41:30 - [INFO] - 🏠 [DEBUG MAIN] Corrected study date: 20250115
2025-09-10 13:41:30 - [INFO] - [DEBUG QUANT FILES] Getting quantification files for: F:\projek dosen\prototype riset\hotspot-analyzer\data\PLANAR\WKW\5001\20250115
2025-09-10 13:41:30 - [INFO] - [DEBUG QUANT FILES] Detected study_date folder: F:\projek dosen\prototype riset\hotspot-analyzer\data\PLANAR\WKW\5001\20250115
2025-09-10 13:41:30 - [INFO] - [DEBUG QUANT FILES] Generated paths:
2025-09-10 13:41:30 - [INFO] - [DEBUG QUANT FILES]   bsi_json_ant: F:\projek dosen\prototype riset\hotspot-analyzer\data\PLANAR\WKW\5001\20250115\bsi_quantification_ant.json (exists: True)
2025-09-10 13:41:30 - [INFO] - [DEBUG QUANT FILES]   bsi_json_post: F:\projek dosen\prototype riset\hotspot-analyzer\data\PLANAR\WKW\5001\20250115\bsi_quantification_post.json (exists: True)
2025-09-10 13:41:30 - [INFO] - 🏠 [DEBUG MAIN] BSI files in study_date folder:
2025-09-10 13:41:30 - [INFO] - 🏠 [DEBUG MAIN]   Anterior: True
2025-09-10 13:41:30 - [INFO] - 🏠 [DEBUG MAIN]   Posterior: True
2025-09-10 13:41:30 - [INFO] - 🏠 [DEBUG MAIN] Found BSI files in study_date folder, using it
2025-09-10 13:41:30 - [INFO] - [BSI CANVAS] Using patient folder for trend: F:\projek dosen\prototype riset\hotspot-analyzer\data\PLANAR\WKW\5001
2025-09-10 13:41:30 - [INFO] - [DEBUG BSI] Using patient folder directly: F:\projek dosen\prototype riset\hotspot-analyzer\data\PLANAR\WKW\5001
2025-09-10 13:41:30 - [INFO] - [DEBUG BSI] Found study_date folder: 20250115
2025-09-10 13:41:30 - [INFO] - [DEBUG BSI] Found study_date folder: 20250214
2025-09-10 13:41:30 - [INFO] - [DEBUG BSI] Found study_date folder: 20250316
2025-09-10 13:41:30 - [INFO] - [DEBUG BSI] Found study_date folder: 20250415
2025-09-10 13:41:30 - [INFO] - [DEBUG BSI] Found study_date folder: 20250515
2025-09-10 13:41:30 - [INFO] - [DEBUG BSI]     - 20250115 (DIR)
2025-09-10 13:41:30 - [INFO] - [DEBUG BSI]     - 20250214 (DIR)
2025-09-10 13:41:30 - [INFO] - [DEBUG BSI]     - 20250316 (DIR)
2025-09-10 13:41:30 - [INFO] - [DEBUG BSI]     - 20250415 (DIR)
2025-09-10 13:41:30 - [INFO] - [DEBUG BSI]     - 20250515 (DIR)
2025-09-10 13:41:30 - [INFO] - [DEBUG BSI]     - 20250910 (DIR)
2025-09-10 13:41:30 - [INFO] - [DEBUG BSI]     - 5001_1.dcm (FILE)
2025-09-10 13:41:30 - [INFO] - [DEBUG BSI]     - ant_hotspot_classification.json (FILE)
2025-09-10 13:41:30 - [INFO] - [DEBUG BSI]     - ant_hotspot_classification.png (FILE)
2025-09-10 13:41:30 - [INFO] - [DEBUG BSI]     - ant_hotspot_classification.xml (FILE)
2025-09-10 13:41:30 - [INFO] - [DEBUG BSI]     - ant_hotspot_otsu_colored.png (FILE)
2025-09-10 13:41:30 - [INFO] - [DEBUG BSI]     - ant_hotspot_otsu_colored_blend.png (FILE)
2025-09-10 13:41:30 - [INFO] - [DEBUG BSI]     - ant_hotspot_otsu_grayscale.png (FILE)
2025-09-10 13:41:30 - [INFO] - [DEBUG BSI]     - ant_hotspot_yolo.xml (FILE)
2025-09-10 13:41:30 - [INFO] - [DEBUG BSI]     - ant_mask.png (FILE)
2025-09-10 13:41:30 - [INFO] - [DEBUG BSI]     - ant_original.png (FILE)
2025-09-10 13:41:30 - [INFO] - [DEBUG BSI]     - ant_segm.png (FILE)
2025-09-10 13:41:30 - [INFO] - [DEBUG BSI]     - bsi_quantification_ant.json (FILE)
2025-09-10 13:41:30 - [INFO] - [DEBUG BSI]     - bsi_quantification_post.json (FILE)
2025-09-10 13:41:30 - [INFO] - [DEBUG BSI]     - post_hotspot_classification.json (FILE)
2025-09-10 13:41:30 - [INFO] - [DEBUG BSI]     - post_hotspot_classification.png (FILE)
2025-09-10 13:41:30 - [INFO] - [DEBUG BSI]     - post_hotspot_classification.xml (FILE)
2025-09-10 13:41:30 - [INFO] - [DEBUG BSI]     - post_hotspot_otsu_colored.png (FILE)
2025-09-10 13:41:30 - [INFO] - [DEBUG BSI]     - post_hotspot_otsu_colored_blend.png (FILE)
2025-09-10 13:41:30 - [INFO] - [DEBUG BSI]     - post_hotspot_otsu_grayscale.png (FILE)
2025-09-10 13:41:30 - [INFO] - [DEBUG BSI]     - post_hotspot_yolo.xml (FILE)
2025-09-10 13:41:30 - [INFO] - [DEBUG BSI]     - post_mask.png (FILE)
2025-09-10 13:41:30 - [INFO] - [DEBUG BSI]     - post_original.png (FILE)
2025-09-10 13:41:30 - [INFO] - [DEBUG BSI]     - post_segm.png (FILE)
2025-09-10 13:41:30 - [INFO] - [DEBUG BSI]     - 5001_2.dcm (FILE)
2025-09-10 13:41:30 - [INFO] - [DEBUG BSI]     - ant_hotspot_classification.json (FILE)
2025-09-10 13:41:30 - [INFO] - [DEBUG BSI]     - ant_hotspot_classification.png (FILE)
2025-09-10 13:41:30 - [INFO] - [DEBUG BSI]     - ant_hotspot_classification.xml (FILE)
2025-09-10 13:41:30 - [INFO] - [DEBUG BSI]     - ant_hotspot_otsu_colored.png (FILE)
2025-09-10 13:41:30 - [INFO] - [DEBUG BSI]     - ant_hotspot_otsu_colored_blend.png (FILE)
2025-09-10 13:41:30 - [INFO] - [DEBUG BSI]     - ant_hotspot_otsu_grayscale.png (FILE)
2025-09-10 13:41:30 - [INFO] - [DEBUG BSI]     - ant_hotspot_yolo.xml (FILE)
2025-09-10 13:41:30 - [INFO] - [DEBUG BSI]     - ant_mask.png (FILE)
2025-09-10 13:41:30 - [INFO] - [DEBUG BSI]     - ant_original.png (FILE)
2025-09-10 13:41:30 - [INFO] - [DEBUG BSI]     - ant_segm.png (FILE)
2025-09-10 13:41:30 - [INFO] - [DEBUG BSI]     - bsi_quantification_ant.json (FILE)
2025-09-10 13:41:30 - [INFO] - [DEBUG BSI]     - bsi_quantification_post.json (FILE)
2025-09-10 13:41:30 - [INFO] - [DEBUG BSI]     - post_hotspot_classification.json (FILE)
2025-09-10 13:41:30 - [INFO] - [DEBUG BSI]     - post_hotspot_classification.png (FILE)
2025-09-10 13:41:30 - [INFO] - [DEBUG BSI]     - post_hotspot_classification.xml (FILE)
2025-09-10 13:41:30 - [INFO] - [DEBUG BSI]     - post_hotspot_otsu_colored.png (FILE)
2025-09-10 13:41:30 - [INFO] - [DEBUG BSI]     - post_hotspot_otsu_colored_blend.png (FILE)
2025-09-10 13:41:30 - [INFO] - [DEBUG BSI]     - post_hotspot_otsu_grayscale.png (FILE)
2025-09-10 13:41:30 - [INFO] - [DEBUG BSI]     - post_hotspot_yolo.xml (FILE)
2025-09-10 13:41:30 - [INFO] - [DEBUG BSI]     - post_mask.png (FILE)
2025-09-10 13:41:30 - [INFO] - [DEBUG BSI]     - post_original.png (FILE)
2025-09-10 13:41:30 - [INFO] - [DEBUG BSI]     - post_segm.png (FILE)
2025-09-10 13:41:30 - [INFO] - [DEBUG BSI]     - 5001_3.dcm (FILE)
2025-09-10 13:41:30 - [INFO] - [DEBUG BSI]     - ant_hotspot_classification.json (FILE)
2025-09-10 13:41:30 - [INFO] - [DEBUG BSI]     - ant_hotspot_classification.png (FILE)
2025-09-10 13:41:30 - [INFO] - [DEBUG BSI]     - ant_hotspot_classification.xml (FILE)
2025-09-10 13:41:30 - [INFO] - [DEBUG BSI]     - ant_hotspot_otsu_colored.png (FILE)
2025-09-10 13:41:30 - [INFO] - [DEBUG BSI]     - ant_hotspot_otsu_colored_blend.png (FILE)
2025-09-10 13:41:30 - [INFO] - [DEBUG BSI]     - ant_hotspot_otsu_grayscale.png (FILE)
2025-09-10 13:41:30 - [INFO] - [DEBUG BSI]     - ant_hotspot_yolo.xml (FILE)
2025-09-10 13:41:30 - [INFO] - [DEBUG BSI]     - ant_mask.png (FILE)
2025-09-10 13:41:30 - [INFO] - [DEBUG BSI]     - ant_original.png (FILE)
2025-09-10 13:41:30 - [INFO] - [DEBUG BSI]     - ant_segm.png (FILE)
2025-09-10 13:41:30 - [INFO] - [DEBUG BSI]     - bsi_quantification_ant.json (FILE)
2025-09-10 13:41:30 - [INFO] - [DEBUG BSI]     - bsi_quantification_post.json (FILE)
2025-09-10 13:41:30 - [INFO] - [DEBUG BSI]     - post_hotspot_classification.json (FILE)
2025-09-10 13:41:30 - [INFO] - [DEBUG BSI]     - post_hotspot_classification.png (FILE)
2025-09-10 13:41:30 - [INFO] - [DEBUG BSI]     - post_hotspot_classification.xml (FILE)
2025-09-10 13:41:30 - [INFO] - [DEBUG BSI]     - post_hotspot_otsu_colored.png (FILE)
2025-09-10 13:41:30 - [INFO] - [DEBUG BSI]     - post_hotspot_otsu_colored_blend.png (FILE)
2025-09-10 13:41:30 - [INFO] - [DEBUG BSI]     - post_hotspot_otsu_grayscale.png (FILE)
2025-09-10 13:41:30 - [INFO] - [DEBUG BSI]     - post_hotspot_yolo.xml (FILE)
2025-09-10 13:41:30 - [INFO] - [DEBUG BSI]     - post_mask.png (FILE)
2025-09-10 13:41:30 - [INFO] - [DEBUG BSI]     - post_original.png (FILE)
2025-09-10 13:41:30 - [INFO] - [DEBUG BSI]     - post_segm.png (FILE)
2025-09-10 13:41:30 - [INFO] - [DEBUG BSI]     - 5001_4.dcm (FILE)
2025-09-10 13:41:30 - [INFO] - [DEBUG BSI]     - ant_hotspot_classification.json (FILE)
2025-09-10 13:41:30 - [INFO] - [DEBUG BSI]     - ant_hotspot_classification.png (FILE)
2025-09-10 13:41:30 - [INFO] - [DEBUG BSI]     - ant_hotspot_classification.xml (FILE)
2025-09-10 13:41:30 - [INFO] - [DEBUG BSI]     - ant_hotspot_otsu_colored.png (FILE)
2025-09-10 13:41:30 - [INFO] - [DEBUG BSI]     - ant_hotspot_otsu_colored_blend.png (FILE)
2025-09-10 13:41:30 - [INFO] - [DEBUG BSI]     - ant_hotspot_otsu_grayscale.png (FILE)
2025-09-10 13:41:30 - [INFO] - [DEBUG BSI]     - ant_hotspot_yolo.xml (FILE)
2025-09-10 13:41:30 - [INFO] - [DEBUG BSI]     - ant_mask.png (FILE)
2025-09-10 13:41:30 - [INFO] - [DEBUG BSI]     - ant_original.png (FILE)
2025-09-10 13:41:30 - [INFO] - [DEBUG BSI]     - ant_segm.png (FILE)
2025-09-10 13:41:30 - [INFO] - [DEBUG BSI]     - bsi_quantification_ant.json (FILE)
2025-09-10 13:41:30 - [INFO] - [DEBUG BSI]     - bsi_quantification_post.json (FILE)
2025-09-10 13:41:30 - [INFO] - [DEBUG BSI]     - post_hotspot_classification.json (FILE)
2025-09-10 13:41:30 - [INFO] - [DEBUG BSI]     - post_hotspot_classification.png (FILE)
2025-09-10 13:41:30 - [INFO] - [DEBUG BSI]     - post_hotspot_classification.xml (FILE)
2025-09-10 13:41:30 - [INFO] - [DEBUG BSI]     - post_hotspot_otsu_colored.png (FILE)
2025-09-10 13:41:30 - [INFO] - [DEBUG BSI]     - post_hotspot_otsu_colored_blend.png (FILE)
2025-09-10 13:41:30 - [INFO] - [DEBUG BSI]     - post_hotspot_otsu_grayscale.png (FILE)
2025-09-10 13:41:30 - [INFO] - [DEBUG BSI]     - post_hotspot_yolo.xml (FILE)
2025-09-10 13:41:30 - [INFO] - [DEBUG BSI]     - post_mask.png (FILE)
2025-09-10 13:41:30 - [INFO] - [DEBUG BSI]     - post_original.png (FILE)
2025-09-10 13:41:30 - [INFO] - [DEBUG BSI]     - post_segm.png (FILE)
2025-09-10 13:41:30 - [INFO] - [DEBUG BSI]     - 5001_5.dcm (FILE)
2025-09-10 13:41:30 - [INFO] - [DEBUG BSI]     - ant_hotspot_classification.json (FILE)
2025-09-10 13:41:30 - [INFO] - [DEBUG BSI]     - ant_hotspot_classification.png (FILE)
2025-09-10 13:41:30 - [INFO] - [DEBUG BSI]     - ant_hotspot_classification.xml (FILE)
2025-09-10 13:41:30 - [INFO] - [DEBUG BSI]     - ant_hotspot_otsu_colored.png (FILE)
2025-09-10 13:41:30 - [INFO] - [DEBUG BSI]     - ant_hotspot_otsu_colored_blend.png (FILE)
2025-09-10 13:41:30 - [INFO] - [DEBUG BSI]     - ant_hotspot_otsu_grayscale.png (FILE)
2025-09-10 13:41:30 - [INFO] - [DEBUG BSI]     - ant_hotspot_yolo.xml (FILE)
2025-09-10 13:41:30 - [INFO] - [DEBUG BSI]     - ant_mask.png (FILE)
2025-09-10 13:41:30 - [INFO] - [DEBUG BSI]     - ant_original.png (FILE)
2025-09-10 13:41:30 - [INFO] - [DEBUG BSI]     - ant_segm.png (FILE)
2025-09-10 13:41:30 - [INFO] - [DEBUG BSI]     - bsi_quantification_ant.json (FILE)
2025-09-10 13:41:30 - [INFO] - [DEBUG BSI]     - bsi_quantification_post.json (FILE)
2025-09-10 13:41:30 - [INFO] - [DEBUG BSI]     - post_hotspot_classification.json (FILE)
2025-09-10 13:41:30 - [INFO] - [DEBUG BSI]     - post_hotspot_classification.png (FILE)
2025-09-10 13:41:30 - [INFO] - [DEBUG BSI]     - post_hotspot_classification.xml (FILE)
2025-09-10 13:41:30 - [INFO] - [DEBUG BSI]     - post_hotspot_otsu_colored.png (FILE)
2025-09-10 13:41:30 - [INFO] - [DEBUG BSI]     - post_hotspot_otsu_colored_blend.png (FILE)
2025-09-10 13:41:30 - [INFO] - [DEBUG BSI]     - post_hotspot_otsu_grayscale.png (FILE)
2025-09-10 13:41:30 - [INFO] - [DEBUG BSI]     - post_hotspot_yolo.xml (FILE)
2025-09-10 13:41:30 - [INFO] - [DEBUG BSI]     - post_mask.png (FILE)
2025-09-10 13:41:30 - [INFO] - [DEBUG BSI]     - post_original.png (FILE)
2025-09-10 13:41:30 - [INFO] - [DEBUG BSI]     - post_segm.png (FILE)
2025-09-10 13:41:30 - [INFO] - [DEBUG BSI CANVAS] Processing date: 20250115, mode: dual_view
2025-09-10 13:41:30 - [INFO] - [DEBUG BSI CANVAS] Added: Ant=0.16661840327526528 Post=0.40623840499683184
2025-09-10 13:41:30 - [INFO] - [DEBUG BSI CANVAS] Processing date: 20250214, mode: dual_view
2025-09-10 13:41:30 - [INFO] - [DEBUG BSI CANVAS] Added: Ant=1.04047024442087 Post=1.0918650364531683
2025-09-10 13:41:30 - [INFO] - [DEBUG BSI CANVAS] Processing date: 20250316, mode: dual_view
2025-09-10 13:41:30 - [INFO] - [DEBUG BSI CANVAS] Added: Ant=1.5921247263429408 Post=2.212410433687333
2025-09-10 13:41:30 - [INFO] - [DEBUG BSI CANVAS] Processing date: 20250415, mode: dual_view
2025-09-10 13:41:30 - [INFO] - [DEBUG BSI CANVAS] Added: Ant=0.21053710230980946 Post=0.27624338564022954
2025-09-10 13:41:30 - [INFO] - [DEBUG BSI CANVAS] Processing date: 20250515, mode: dual_view
2025-09-10 13:41:30 - [INFO] - [DEBUG BSI CANVAS] Added: Ant=0.24384909786768727 Post=0.18270051077904498
2025-09-10 13:41:30 - [INFO] - [DEBUG QUANT FILES] Getting quantification files for: F:\projek dosen\prototype riset\hotspot-analyzer\data\PLANAR\WKW\5001\20250115
2025-09-10 13:41:30 - [INFO] - [DEBUG QUANT FILES] Detected study_date folder: F:\projek dosen\prototype riset\hotspot-analyzer\data\PLANAR\WKW\5001\20250115
2025-09-10 13:41:30 - [INFO] - [DEBUG QUANT FILES] Generated paths:
2025-09-10 13:41:30 - [INFO] - [DEBUG QUANT FILES]   bsi_json_ant: F:\projek dosen\prototype riset\hotspot-analyzer\data\PLANAR\WKW\5001\20250115\bsi_quantification_ant.json (exists: True)
2025-09-10 13:41:30 - [INFO] - [DEBUG QUANT FILES]   bsi_json_post: F:\projek dosen\prototype riset\hotspot-analyzer\data\PLANAR\WKW\5001\20250115\bsi_quantification_post.json (exists: True)
2025-09-10 13:41:30 - [INFO] - 📖 [DEBUG RESULTS] Combined BSI: 0.29
2025-09-10 13:41:30 - [INFO] - 📖 [DEBUG RESULTS]   Successfully loaded V1.2 results
2025-09-10 13:41:30 - [INFO] - 🏠 [DEBUG MAIN] BSI panel load result: True
2025-09-10 13:41:30 - [INFO] - [DEBUG] Path extraction: session=WKW, patient=5001, study_date=20250115
2025-09-10 13:41:30 - [INFO] - [DEBUG] Extracted patient info - ID: 5001, Session: WKW
2025-09-10 13:41:30 - [INFO] - [DEBUG] Original path: F:\projek dosen\prototype riset\hotspot-analyzer\data\PLANAR\WKW\5001\20250115\5001_1.dcm
2025-09-10 13:41:30 - [INFO] - [EDIT BUTTONS] Has scan: True, Has seg data: True, Can edit hotspot: True
2025-09-10 13:41:30 - [INFO] - [EDIT BUTTONS] Seg button enabled: True, Hotspot button enabled: True
2025-09-10 13:41:38 - [INFO] - [DEBUG] item activated → ID: 5002 (WKW) @ index 1
2025-09-10 13:41:38 - [INFO] - [DEBUG] item activated → ID: 5002 (WKW)
2025-09-10 13:41:38 - [INFO] - 
2025-09-10 13:41:38 - [INFO] - [DEBUG SELECT GANTENG] ===================
2025-09-10 13:41:38 - [INFO] - [DEBUG SELECT] Patient selected: ID: 5002 (WKW)
2025-09-10 13:41:38 - [INFO] - [DEBUG SELECT] Parsed - Patient: 5002, Session: WKW
2025-09-10 13:41:38 - [INFO] - [DEBUG SELECT] Patient path from paths.py: F:\projek dosen\prototype riset\hotspot-analyzer\data\PLANAR\WKW\5002
2025-09-10 13:41:38 - [INFO] - [DEBUG SELECT] Patient path exists: True
2025-09-10 13:41:38 - [INFO] - [DEBUG SELECT] Patient path contents:
2025-09-10 13:41:38 - [INFO] - [DEBUG SELECT]   - 20250115 (DIR)
2025-09-10 13:41:38 - [INFO] - 
2025-09-10 13:41:38 - [INFO] - [DEBUG PATHS GANTENG] ===================
2025-09-10 13:41:38 - [INFO] - [DEBUG PATHS] Patient folder: F:\projek dosen\prototype riset\hotspot-analyzer\data\PLANAR\WKW\5002
2025-09-10 13:41:38 - [INFO] - [DEBUG PATHS] Patient ID: 5002
2025-09-10 13:41:38 - [INFO] - [DEBUG PATHS] Folder exists: True
2025-09-10 13:41:38 - [INFO] - [DEBUG PATHS] Folder structure:
2025-09-10 13:41:38 - [INFO] - [DEBUG PATHS]   DIR:  20250115/
2025-09-10 13:41:38 - [INFO] - [DEBUG PATHS]     Study date folder contents:
2025-09-10 13:41:38 - [INFO] - [DEBUG PATHS]       FILE: 5002_1.dcm (1049756 bytes)
2025-09-10 13:41:38 - [INFO] - [DEBUG PATHS]       FILE: ant_hotspot_otsu_colored.png (1359 bytes)
2025-09-10 13:41:38 - [INFO] - [DEBUG PATHS]       FILE: ant_hotspot_otsu_colored_blend.png (102810 bytes)
2025-09-10 13:41:38 - [INFO] - [DEBUG PATHS]       FILE: ant_hotspot_otsu_grayscale.png (729 bytes)
2025-09-10 13:41:38 - [INFO] - [DEBUG PATHS]       FILE: ant_hotspot_yolo.xml (983 bytes)
2025-09-10 13:41:38 - [INFO] - [DEBUG PATHS]       FILE: ant_mask.png (9222 bytes)
2025-09-10 13:41:38 - [INFO] - [DEBUG PATHS]       FILE: ant_original.png (65395 bytes)
2025-09-10 13:41:38 - [INFO] - [DEBUG PATHS]       FILE: ant_segm.png (17256 bytes)
2025-09-10 13:41:38 - [INFO] - [DEBUG PATHS]       FILE: bsi_quantification_post.json (3746 bytes)
2025-09-10 13:41:38 - [INFO] - [DEBUG PATHS]       FILE: post_hotspot_classification.json (68753 bytes)
2025-09-10 13:41:38 - [INFO] - [DEBUG PATHS]       FILE: post_hotspot_classification.png (1159 bytes)
2025-09-10 13:41:38 - [INFO] - [DEBUG PATHS]       FILE: post_hotspot_classification.xml (1389 bytes)
2025-09-10 13:41:38 - [INFO] - [DEBUG PATHS]       FILE: post_hotspot_otsu_colored.png (1385 bytes)
2025-09-10 13:41:38 - [INFO] - [DEBUG PATHS]       FILE: post_hotspot_otsu_colored_blend.png (98848 bytes)
2025-09-10 13:41:38 - [INFO] - [DEBUG PATHS]       FILE: post_hotspot_otsu_grayscale.png (750 bytes)
2025-09-10 13:41:38 - [INFO] - [DEBUG PATHS]       FILE: post_hotspot_yolo.xml (1303 bytes)
2025-09-10 13:41:38 - [INFO] - [DEBUG PATHS]       FILE: post_mask.png (3447 bytes)
2025-09-10 13:41:38 - [INFO] - [DEBUG PATHS]       FILE: post_original.png (64024 bytes)
2025-09-10 13:41:38 - [INFO] - [DEBUG PATHS]       FILE: post_segm.png (6031 bytes)
2025-09-10 13:41:38 - [INFO] - [DEBUG QUANT FILES] Getting quantification files for: F:\projek dosen\prototype riset\hotspot-analyzer\data\PLANAR\WKW\5002
2025-09-10 13:41:38 - [INFO] - [DEBUG QUANT FILES] Using latest study_date folder: F:\projek dosen\prototype riset\hotspot-analyzer\data\PLANAR\WKW\5002\20250115
2025-09-10 13:41:38 - [INFO] - [DEBUG QUANT FILES] Generated paths:
2025-09-10 13:41:38 - [INFO] - [DEBUG QUANT FILES]   bsi_json_ant: F:\projek dosen\prototype riset\hotspot-analyzer\data\PLANAR\WKW\5002\20250115\bsi_quantification_ant.json (exists: False)
2025-09-10 13:41:38 - [INFO] - [DEBUG QUANT FILES]   bsi_json_post: F:\projek dosen\prototype riset\hotspot-analyzer\data\PLANAR\WKW\5002\20250115\bsi_quantification_post.json (exists: True)
2025-09-10 13:41:38 - [INFO] - [DEBUG PATHS] New quantification paths:
2025-09-10 13:41:38 - [INFO] - [DEBUG PATHS]   bsi_json_ant: F:\projek dosen\prototype riset\hotspot-analyzer\data\PLANAR\WKW\5002\20250115\bsi_quantification_ant.json (exists: False, size: 0 bytes)
2025-09-10 13:41:38 - [INFO] - [DEBUG PATHS]   bsi_json_post: F:\projek dosen\prototype riset\hotspot-analyzer\data\PLANAR\WKW\5002\20250115\bsi_quantification_post.json (exists: True, size: 3746 bytes)
2025-09-10 13:41:38 - [INFO] - [DEBUG PATHS]     Content preview: {
2025-09-10 13:41:38 - [INFO] - "patient_info": {
2025-09-10 13:41:38 - [INFO] - "patient_id": "5002",
2025-09-10 13:41:38 - [INFO] - "study_date": "20250115",
2025-09-10 13:41:38 - [INFO] - "filename_stem": "...
2025-09-10 13:41:38 - [INFO] - [DEBUG PATHS] Old pattern search:
2025-09-10 13:41:38 - [INFO] - [DEBUG PATHS]   Old anterior: []
2025-09-10 13:41:38 - [INFO] - [DEBUG PATHS]   Old posterior: []
2025-09-10 13:41:38 - [INFO] - [DEBUG SELECT] Found DICOM files: 1
2025-09-10 13:41:38 - [INFO] - [DEBUG SELECT]   DICOM: F:\projek dosen\prototype riset\hotspot-analyzer\data\PLANAR\WKW\5002\20250115\5002_1.dcm
2025-09-10 13:41:38 - [INFO] - [DEBUG SELECT]   DICOM folder: F:\projek dosen\prototype riset\hotspot-analyzer\data\PLANAR\WKW\5002\20250115
2025-09-10 13:41:38 - [INFO] - [DEBUG QUANT FILES] Getting quantification files for: F:\projek dosen\prototype riset\hotspot-analyzer\data\PLANAR\WKW\5002\20250115
2025-09-10 13:41:38 - [INFO] - [DEBUG QUANT FILES] Detected study_date folder: F:\projek dosen\prototype riset\hotspot-analyzer\data\PLANAR\WKW\5002\20250115
2025-09-10 13:41:38 - [INFO] - [DEBUG QUANT FILES] Generated paths:
2025-09-10 13:41:38 - [INFO] - [DEBUG QUANT FILES]   bsi_json_ant: F:\projek dosen\prototype riset\hotspot-analyzer\data\PLANAR\WKW\5002\20250115\bsi_quantification_ant.json (exists: False)
2025-09-10 13:41:38 - [INFO] - [DEBUG QUANT FILES]   bsi_json_post: F:\projek dosen\prototype riset\hotspot-analyzer\data\PLANAR\WKW\5002\20250115\bsi_quantification_post.json (exists: True)
2025-09-10 13:41:38 - [INFO] - [DEBUG SELECT]   BSI files near DICOM:
2025-09-10 13:41:38 - [INFO] - [DEBUG SELECT]     Anterior: False
2025-09-10 13:41:38 - [INFO] - [DEBUG SELECT]     Posterior: True
2025-09-10 13:41:38 - [INFO] - [DEBUG] Loading patient: 5002 from session: WKW
2025-09-10 13:41:38 - [INFO] - [CACHE DEBUG] Cache key: 5002_WKW
2025-09-10 13:41:38 - [INFO] - [CACHE DEBUG] Existing cache keys: ['5001_WKW']
2025-09-10 13:41:38 - [INFO] - [DEBUG] Loading scans for 5002_WKW from disk...
2025-09-10 13:41:38 - [INFO] - [DEBUG] Found 1 DICOM files for patient 5002
2025-09-10 13:41:38 - [INFO] - [DEBUG] Enriched scan data for: 5002_1.dcm
2025-09-10 13:41:38 - [INFO] - [DEBUG] Scan files for 5002_20250115:
2025-09-10 13:41:38 - [INFO] - [DEBUG] Available files: None
2025-09-10 13:41:38 - [INFO] - [DEBUG] Available PNG files for 5002_20250115: None
2025-09-10 13:41:38 - [INFO] - [DEBUG] Saving 1 scans to cache for 5002_WKW
2025-09-10 13:41:38 - [INFO] - [DEBUG] Layers changed to: []
2025-09-10 13:41:38 - [INFO] - [SMART UPDATE] Change type: layers
2025-09-10 13:41:38 - [INFO] - [SMART UPDATE] Layers removed: ['Image']
2025-09-10 13:41:38 - [INFO] - [DEBUG] Timeline active layers set to: []
2025-09-10 13:41:38 - [INFO] - [SMART UPDATE] Full rebuild required for change type: layers
2025-09-10 13:41:38 - [INFO] - [DEBUG] Rebuilding timeline for active scan index: 0
2025-09-10 13:41:38 - [INFO] - [DEBUG] Creating CLASSIFICATION card 0 for view: Anterior
2025-09-10 13:41:38 - [INFO] - [DEBUG] Active layers selected: []
2025-09-10 13:41:38 - [INFO] - [DEBUG] DICOM path: F:\projek dosen\prototype riset\hotspot-analyzer\data\PLANAR\WKW\5001\20250115\5001_1.dcm
2025-09-10 13:41:38 - [INFO] - [DEBUG] Current view: Anterior
2025-09-10 13:41:38 - [INFO] - [CACHE DEBUG] use_cache=False
2025-09-10 13:41:38 - [INFO] - [CACHE DEBUG] has_adjustments=False (B=0.00, C=1.00)
2025-09-10 13:41:38 - [INFO] - [CACHE DEBUG] has_overrides=False (override_b=None, override_c=None)
2025-09-10 13:41:38 - [INFO] - [CACHE DEBUG] invert_original=True
2025-09-10 13:41:38 - [INFO] - [CACHE SKIP] Skipping cache due to adjustments/overrides/invert
2025-09-10 13:41:38 - [INFO] - [DEBUG] Path extraction: session=WKW, patient=5001, study_date=20250115
2025-09-10 13:41:38 - [INFO] - [DEBUG] Extracted patient info - ID: 5001, Session: WKW
2025-09-10 13:41:38 - [INFO] - [DEBUG] Original path: F:\projek dosen\prototype riset\hotspot-analyzer\data\PLANAR\WKW\5001\20250115\5001_1.dcm
2025-09-10 13:41:38 - [INFO] - [DEBUG] Study date: 20250115
2025-09-10 13:41:38 - [INFO] - [DEBUG] Patient ID: 5001
2025-09-10 13:41:38 - [INFO] - [DEBUG] Session code: WKW
2025-09-10 13:41:38 - [INFO] - [DEBUG] Study date folder: F:\projek dosen\prototype riset\hotspot-analyzer\data\PLANAR\WKW\5001\20250115
2025-09-10 13:41:38 - [INFO] - [DEBUG] Loading original image for Anterior
2025-09-10 13:41:38 - [INFO] - [DEBUG] Looking for original PNG in study_date dir: F:\projek dosen\prototype riset\hotspot-analyzer\data\PLANAR\WKW\5001\20250115\ant_original.png
2025-09-10 13:41:38 - [DEBUG] - STREAM b'IHDR' 16 13
2025-09-10 13:41:38 - [DEBUG] - STREAM b'IDAT' 41 65536
2025-09-10 13:41:38 - [INFO] - [DEBUG] Loaded original PNG from study_date dir: (256, 1024)
2025-09-10 13:41:38 - [INFO] - [DEBUG] Original image loaded: (256, 1024)
2025-09-10 13:41:38 - [INFO] - [DEBUG] Applying invert to original image
2025-09-10 13:41:38 - [INFO] - [DEBUG] simple_invert_pil_image: Processing L image, size = (256, 1024)
2025-09-10 13:41:38 - [INFO] - [DEBUG] simple_invert_image: input shape = (1024, 256), dtype = uint8
2025-09-10 13:41:38 - [INFO] - [DEBUG] Simple inversion completed: [0-255] -> [0-255]
2025-09-10 13:41:38 - [INFO] - [DEBUG] simple_invert_pil_image: completed
2025-09-10 13:41:38 - [INFO] - [DEBUG] Using STORED B/C values: B=0.00, C=1.00
2025-09-10 13:41:38 - [INFO] - [DEBUG]   Image layer loaded and processed
2025-09-10 13:41:38 - [INFO] - [DEBUG] Loading segmentation layer for Anterior
2025-09-10 13:41:38 - [INFO] - [DEBUG] Looking for segmentation (NEWEST): F:\projek dosen\prototype riset\hotspot-analyzer\data\PLANAR\WKW\5001\20250115\ant_segm.png
2025-09-10 13:41:38 - [DEBUG] - STREAM b'IHDR' 16 13
2025-09-10 13:41:38 - [DEBUG] - STREAM b'IDAT' 41 6383
2025-09-10 13:41:38 - [INFO] - [DEBUG]   Loaded segmentation with transparency: F:\projek dosen\prototype riset\hotspot-analyzer\data\PLANAR\WKW\5001\20250115\ant_segm.png
2025-09-10 13:41:38 - [INFO] - [DEBUG] Segmentation type: ORIGINAL
2025-09-10 13:41:38 - [INFO] - [DEBUG] Loading hotspot layer for Anterior
2025-09-10 13:41:38 - [INFO] - [DEBUG] Looking for hotspot classification (NEWEST): F:\projek dosen\prototype riset\hotspot-analyzer\data\PLANAR\WKW\5001\20250115\20250910\ant_hotspot_classification_133505.png
2025-09-10 13:41:38 - [DEBUG] - STREAM b'IHDR' 16 13
2025-09-10 13:41:38 - [DEBUG] - STREAM b'IDAT' 41 1389
2025-09-10 13:41:38 - [INFO] - [DEBUG]   Loaded hotspot layer: F:\projek dosen\prototype riset\hotspot-analyzer\data\PLANAR\WKW\5001\20250115\20250910\ant_hotspot_classification_133505.png
2025-09-10 13:41:38 - [INFO] - [DEBUG] Hotspot type: EDITED
2025-09-10 13:41:38 - [INFO] - [DEBUG] Loading bbox layer for Anterior
2025-09-10 13:41:38 - [INFO] - [DEBUG] Looking for classification XML (NEWEST): F:\projek dosen\prototype riset\hotspot-analyzer\data\PLANAR\WKW\5001\20250115\20250910\ant_hotspot_classification_133505.xml
2025-09-10 13:41:38 - [INFO] - [DEBUG] Loading CLASSIFICATION XML for bbox: F:\projek dosen\prototype riset\hotspot-analyzer\data\PLANAR\WKW\5001\20250115\20250910\ant_hotspot_classification_133505.xml
2025-09-10 13:41:38 - [INFO] - [DEBUG] Drew CLASSIFICATION Abnormal bbox: (194,150) -> (214,171)
2025-09-10 13:41:38 - [INFO] - [DEBUG] Drew CLASSIFICATION Abnormal bbox: (156,480) -> (188,511)
2025-09-10 13:41:38 - [INFO] - [DEBUG] Drew CLASSIFICATION Normal bbox: (63,210) -> (98,271)
2025-09-10 13:41:38 - [INFO] - [DEBUG]   Created CLASSIFICATION bbox visualization with 3 boxes
2025-09-10 13:41:38 - [INFO] - [DEBUG]   Loaded bbox layer: F:\projek dosen\prototype riset\hotspot-analyzer\data\PLANAR\WKW\5001\20250115\20250910\ant_hotspot_classification_133505.xml
2025-09-10 13:41:38 - [INFO] - [DEBUG] BBox XML type: EDITED
2025-09-10 13:41:38 - [INFO] - [CACHE STORE] Not caching due to adjustments/overrides/invert
2025-09-10 13:41:38 - [INFO] - [DEBUG]   Loaded 4 layers for Anterior: ['Image', 'Segmentation', 'Hotspot', 'HotspotBBox']
2025-09-10 13:41:38 - [INFO] - [DEBUG] Available CLASSIFICATION layers in files: ['Image', 'Segmentation', 'Hotspot', 'HotspotBBox']
2025-09-10 13:41:38 - [INFO] - [DEBUG] Creating CLASSIFICATION card 0 for view: Posterior
2025-09-10 13:41:38 - [INFO] - [DEBUG] Active layers selected: []
2025-09-10 13:41:38 - [INFO] - [DEBUG] DICOM path: F:\projek dosen\prototype riset\hotspot-analyzer\data\PLANAR\WKW\5001\20250115\5001_1.dcm
2025-09-10 13:41:38 - [INFO] - [DEBUG] Current view: Posterior
2025-09-10 13:41:38 - [INFO] - [CACHE DEBUG] use_cache=False
2025-09-10 13:41:38 - [INFO] - [CACHE DEBUG] has_adjustments=False (B=0.00, C=1.00)
2025-09-10 13:41:38 - [INFO] - [CACHE DEBUG] has_overrides=False (override_b=None, override_c=None)
2025-09-10 13:41:38 - [INFO] - [CACHE DEBUG] invert_original=True
2025-09-10 13:41:38 - [INFO] - [CACHE SKIP] Skipping cache due to adjustments/overrides/invert
2025-09-10 13:41:38 - [INFO] - [DEBUG] Path extraction: session=WKW, patient=5001, study_date=20250115
2025-09-10 13:41:38 - [INFO] - [DEBUG] Extracted patient info - ID: 5001, Session: WKW
2025-09-10 13:41:38 - [INFO] - [DEBUG] Original path: F:\projek dosen\prototype riset\hotspot-analyzer\data\PLANAR\WKW\5001\20250115\5001_1.dcm
2025-09-10 13:41:38 - [INFO] - [DEBUG] Study date: 20250115
2025-09-10 13:41:38 - [INFO] - [DEBUG] Patient ID: 5001
2025-09-10 13:41:38 - [INFO] - [DEBUG] Session code: WKW
2025-09-10 13:41:38 - [INFO] - [DEBUG] Study date folder: F:\projek dosen\prototype riset\hotspot-analyzer\data\PLANAR\WKW\5001\20250115
2025-09-10 13:41:38 - [INFO] - [DEBUG] Loading original image for Posterior
2025-09-10 13:41:38 - [INFO] - [DEBUG] Looking for original PNG in study_date dir: F:\projek dosen\prototype riset\hotspot-analyzer\data\PLANAR\WKW\5001\20250115\post_original.png
2025-09-10 13:41:38 - [DEBUG] - STREAM b'IHDR' 16 13
2025-09-10 13:41:38 - [DEBUG] - STREAM b'IDAT' 41 65536
2025-09-10 13:41:38 - [INFO] - [DEBUG] Loaded original PNG from study_date dir: (256, 1024)
2025-09-10 13:41:38 - [INFO] - [DEBUG] Original image loaded: (256, 1024)
2025-09-10 13:41:38 - [INFO] - [DEBUG] Applying invert to original image
2025-09-10 13:41:38 - [INFO] - [DEBUG] simple_invert_pil_image: Processing L image, size = (256, 1024)
2025-09-10 13:41:38 - [INFO] - [DEBUG] simple_invert_image: input shape = (1024, 256), dtype = uint8
2025-09-10 13:41:38 - [INFO] - [DEBUG] Simple inversion completed: [0-255] -> [0-255]
2025-09-10 13:41:38 - [INFO] - [DEBUG] simple_invert_pil_image: completed
2025-09-10 13:41:38 - [INFO] - [DEBUG] Using STORED B/C values: B=0.00, C=1.00
2025-09-10 13:41:38 - [INFO] - [DEBUG]   Image layer loaded and processed
2025-09-10 13:41:38 - [INFO] - [DEBUG] Loading segmentation layer for Posterior
2025-09-10 13:41:38 - [INFO] - [DEBUG] Looking for segmentation (NEWEST): F:\projek dosen\prototype riset\hotspot-analyzer\data\PLANAR\WKW\5001\20250115\post_segm.png
2025-09-10 13:41:38 - [DEBUG] - STREAM b'IHDR' 16 13
2025-09-10 13:41:38 - [DEBUG] - STREAM b'IDAT' 41 6139
2025-09-10 13:41:38 - [INFO] - [DEBUG]   Loaded segmentation with transparency: F:\projek dosen\prototype riset\hotspot-analyzer\data\PLANAR\WKW\5001\20250115\post_segm.png
2025-09-10 13:41:38 - [INFO] - [DEBUG] Segmentation type: ORIGINAL
2025-09-10 13:41:38 - [INFO] - [DEBUG] Loading hotspot layer for Posterior
2025-09-10 13:41:38 - [INFO] - [DEBUG] Looking for hotspot classification (NEWEST): F:\projek dosen\prototype riset\hotspot-analyzer\data\PLANAR\WKW\5001\20250115\post_hotspot_classification.png
2025-09-10 13:41:38 - [DEBUG] - STREAM b'IHDR' 16 13
2025-09-10 13:41:38 - [DEBUG] - STREAM b'IDAT' 41 1317
2025-09-10 13:41:38 - [INFO] - [DEBUG]   Loaded hotspot layer: F:\projek dosen\prototype riset\hotspot-analyzer\data\PLANAR\WKW\5001\20250115\post_hotspot_classification.png
2025-09-10 13:41:38 - [INFO] - [DEBUG] Hotspot type: ORIGINAL
2025-09-10 13:41:38 - [INFO] - [DEBUG] Loading bbox layer for Posterior
2025-09-10 13:41:38 - [INFO] - [DEBUG] Looking for classification XML (NEWEST): F:\projek dosen\prototype riset\hotspot-analyzer\data\PLANAR\WKW\5001\20250115\post_hotspot_classification.xml
2025-09-10 13:41:38 - [INFO] - [DEBUG] Loading CLASSIFICATION XML for bbox: F:\projek dosen\prototype riset\hotspot-analyzer\data\PLANAR\WKW\5001\20250115\post_hotspot_classification.xml
2025-09-10 13:41:38 - [INFO] - [DEBUG] Drew CLASSIFICATION Abnormal bbox: (44,482) -> (95,537)
2025-09-10 13:41:38 - [INFO] - [DEBUG] Drew CLASSIFICATION Abnormal bbox: (111,344) -> (132,365)
2025-09-10 13:41:38 - [INFO] - [DEBUG] Drew CLASSIFICATION Abnormal bbox: (96,51) -> (117,75)
2025-09-10 13:41:38 - [INFO] - [DEBUG] Drew CLASSIFICATION Abnormal bbox: (54,483) -> (91,527)
2025-09-10 13:41:38 - [INFO] - [DEBUG]   Created CLASSIFICATION bbox visualization with 4 boxes
2025-09-10 13:41:38 - [INFO] - [DEBUG]   Loaded bbox layer: F:\projek dosen\prototype riset\hotspot-analyzer\data\PLANAR\WKW\5001\20250115\post_hotspot_classification.xml
2025-09-10 13:41:38 - [INFO] - [DEBUG] BBox XML type: ORIGINAL
2025-09-10 13:41:38 - [INFO] - [CACHE STORE] Not caching due to adjustments/overrides/invert
2025-09-10 13:41:38 - [INFO] - [DEBUG]   Loaded 4 layers for Posterior: ['Image', 'Segmentation', 'Hotspot', 'HotspotBBox']
2025-09-10 13:41:38 - [INFO] - [DEBUG] Available CLASSIFICATION layers in files: ['Image', 'Segmentation', 'Hotspot', 'HotspotBBox']
2025-09-10 13:41:38 - [INFO] - [SMART UPDATE] State updated - Type: full
2025-09-10 13:41:38 - [INFO] - [SMART UPDATE] State updated - Type: layers
2025-09-10 13:41:38 - [INFO] - [DEBUG] Path extraction: session=WKW, patient=5001, study_date=20250115
2025-09-10 13:41:38 - [INFO] - [DEBUG] Extracted patient info - ID: 5001, Session: WKW
2025-09-10 13:41:38 - [INFO] - [DEBUG] Original path: F:\projek dosen\prototype riset\hotspot-analyzer\data\PLANAR\WKW\5001\20250115\5001_1.dcm
2025-09-10 13:41:38 - [INFO] - [EDIT BUTTONS] Has scan: True, Has seg data: True, Can edit hotspot: True
2025-09-10 13:41:38 - [INFO] - [EDIT BUTTONS] Seg button enabled: True, Hotspot button enabled: True
2025-09-10 13:41:38 - [INFO] - [SMART UPDATE] Change type: none
2025-09-10 13:41:38 - [INFO] - [DEBUG] Timeline active layers set to: []
2025-09-10 13:41:38 - [INFO] - [SMART UPDATE] No changes detected, skipping update
2025-09-10 13:41:38 - [INFO] - [DEBUG] Set Image opacity to 1.00
2025-09-10 13:41:38 - [INFO] - [SMART UPDATE] Change type: none
2025-09-10 13:41:38 - [INFO] - [SMART UPDATE] Using full rebuild for opacity change
2025-09-10 13:41:38 - [INFO] - [DEBUG] Rebuilding timeline for active scan index: 0
2025-09-10 13:41:38 - [INFO] - [DEBUG] Creating CLASSIFICATION card 0 for view: Anterior
2025-09-10 13:41:38 - [INFO] - [DEBUG] Active layers selected: []
2025-09-10 13:41:38 - [INFO] - [DEBUG] DICOM path: F:\projek dosen\prototype riset\hotspot-analyzer\data\PLANAR\WKW\5001\20250115\5001_1.dcm
2025-09-10 13:41:38 - [INFO] - [DEBUG] Current view: Anterior
2025-09-10 13:41:38 - [INFO] - [CACHE DEBUG] use_cache=False
2025-09-10 13:41:38 - [INFO] - [CACHE DEBUG] has_adjustments=False (B=0.00, C=1.00)
2025-09-10 13:41:38 - [INFO] - [CACHE DEBUG] has_overrides=False (override_b=None, override_c=None)
2025-09-10 13:41:38 - [INFO] - [CACHE DEBUG] invert_original=True
2025-09-10 13:41:38 - [INFO] - [CACHE SKIP] Skipping cache due to adjustments/overrides/invert
2025-09-10 13:41:38 - [INFO] - [DEBUG] Path extraction: session=WKW, patient=5001, study_date=20250115
2025-09-10 13:41:38 - [INFO] - [DEBUG] Extracted patient info - ID: 5001, Session: WKW
2025-09-10 13:41:38 - [INFO] - [DEBUG] Original path: F:\projek dosen\prototype riset\hotspot-analyzer\data\PLANAR\WKW\5001\20250115\5001_1.dcm
2025-09-10 13:41:38 - [INFO] - [DEBUG] Study date: 20250115
2025-09-10 13:41:38 - [INFO] - [DEBUG] Patient ID: 5001
2025-09-10 13:41:38 - [INFO] - [DEBUG] Session code: WKW
2025-09-10 13:41:38 - [INFO] - [DEBUG] Study date folder: F:\projek dosen\prototype riset\hotspot-analyzer\data\PLANAR\WKW\5001\20250115
2025-09-10 13:41:38 - [INFO] - [DEBUG] Loading original image for Anterior
2025-09-10 13:41:38 - [INFO] - [DEBUG] Looking for original PNG in study_date dir: F:\projek dosen\prototype riset\hotspot-analyzer\data\PLANAR\WKW\5001\20250115\ant_original.png
2025-09-10 13:41:38 - [DEBUG] - STREAM b'IHDR' 16 13
2025-09-10 13:41:38 - [DEBUG] - STREAM b'IDAT' 41 65536
2025-09-10 13:41:38 - [INFO] - [DEBUG] Loaded original PNG from study_date dir: (256, 1024)
2025-09-10 13:41:38 - [INFO] - [DEBUG] Original image loaded: (256, 1024)
2025-09-10 13:41:38 - [INFO] - [DEBUG] Applying invert to original image
2025-09-10 13:41:38 - [INFO] - [DEBUG] simple_invert_pil_image: Processing L image, size = (256, 1024)
2025-09-10 13:41:38 - [INFO] - [DEBUG] simple_invert_image: input shape = (1024, 256), dtype = uint8
2025-09-10 13:41:38 - [INFO] - [DEBUG] Simple inversion completed: [0-255] -> [0-255]
2025-09-10 13:41:38 - [INFO] - [DEBUG] simple_invert_pil_image: completed
2025-09-10 13:41:38 - [INFO] - [DEBUG] Using STORED B/C values: B=0.00, C=1.00
2025-09-10 13:41:38 - [INFO] - [DEBUG]   Image layer loaded and processed
2025-09-10 13:41:38 - [INFO] - [DEBUG] Loading segmentation layer for Anterior
2025-09-10 13:41:38 - [INFO] - [DEBUG] Looking for segmentation (NEWEST): F:\projek dosen\prototype riset\hotspot-analyzer\data\PLANAR\WKW\5001\20250115\ant_segm.png
2025-09-10 13:41:38 - [DEBUG] - STREAM b'IHDR' 16 13
2025-09-10 13:41:38 - [DEBUG] - STREAM b'IDAT' 41 6383
2025-09-10 13:41:38 - [INFO] - [DEBUG]   Loaded segmentation with transparency: F:\projek dosen\prototype riset\hotspot-analyzer\data\PLANAR\WKW\5001\20250115\ant_segm.png
2025-09-10 13:41:38 - [INFO] - [DEBUG] Segmentation type: ORIGINAL
2025-09-10 13:41:38 - [INFO] - [DEBUG] Loading hotspot layer for Anterior
2025-09-10 13:41:38 - [INFO] - [DEBUG] Looking for hotspot classification (NEWEST): F:\projek dosen\prototype riset\hotspot-analyzer\data\PLANAR\WKW\5001\20250115\20250910\ant_hotspot_classification_133505.png
2025-09-10 13:41:38 - [DEBUG] - STREAM b'IHDR' 16 13
2025-09-10 13:41:38 - [DEBUG] - STREAM b'IDAT' 41 1389
2025-09-10 13:41:38 - [INFO] - [DEBUG]   Loaded hotspot layer: F:\projek dosen\prototype riset\hotspot-analyzer\data\PLANAR\WKW\5001\20250115\20250910\ant_hotspot_classification_133505.png
2025-09-10 13:41:38 - [INFO] - [DEBUG] Hotspot type: EDITED
2025-09-10 13:41:38 - [INFO] - [DEBUG] Loading bbox layer for Anterior
2025-09-10 13:41:38 - [INFO] - [DEBUG] Looking for classification XML (NEWEST): F:\projek dosen\prototype riset\hotspot-analyzer\data\PLANAR\WKW\5001\20250115\20250910\ant_hotspot_classification_133505.xml
2025-09-10 13:41:38 - [INFO] - [DEBUG] Loading CLASSIFICATION XML for bbox: F:\projek dosen\prototype riset\hotspot-analyzer\data\PLANAR\WKW\5001\20250115\20250910\ant_hotspot_classification_133505.xml
2025-09-10 13:41:38 - [INFO] - [DEBUG] Drew CLASSIFICATION Abnormal bbox: (194,150) -> (214,171)
2025-09-10 13:41:38 - [INFO] - [DEBUG] Drew CLASSIFICATION Abnormal bbox: (156,480) -> (188,511)
2025-09-10 13:41:38 - [INFO] - [DEBUG] Drew CLASSIFICATION Normal bbox: (63,210) -> (98,271)
2025-09-10 13:41:38 - [INFO] - [DEBUG]   Created CLASSIFICATION bbox visualization with 3 boxes
2025-09-10 13:41:38 - [INFO] - [DEBUG]   Loaded bbox layer: F:\projek dosen\prototype riset\hotspot-analyzer\data\PLANAR\WKW\5001\20250115\20250910\ant_hotspot_classification_133505.xml
2025-09-10 13:41:38 - [INFO] - [DEBUG] BBox XML type: EDITED
2025-09-10 13:41:38 - [INFO] - [CACHE STORE] Not caching due to adjustments/overrides/invert
2025-09-10 13:41:38 - [INFO] - [DEBUG]   Loaded 4 layers for Anterior: ['Image', 'Segmentation', 'Hotspot', 'HotspotBBox']
2025-09-10 13:41:38 - [INFO] - [DEBUG] Available CLASSIFICATION layers in files: ['Image', 'Segmentation', 'Hotspot', 'HotspotBBox']
2025-09-10 13:41:38 - [INFO] - [DEBUG] Creating CLASSIFICATION card 0 for view: Posterior
2025-09-10 13:41:38 - [INFO] - [DEBUG] Active layers selected: []
2025-09-10 13:41:38 - [INFO] - [DEBUG] DICOM path: F:\projek dosen\prototype riset\hotspot-analyzer\data\PLANAR\WKW\5001\20250115\5001_1.dcm
2025-09-10 13:41:38 - [INFO] - [DEBUG] Current view: Posterior
2025-09-10 13:41:38 - [INFO] - [CACHE DEBUG] use_cache=False
2025-09-10 13:41:38 - [INFO] - [CACHE DEBUG] has_adjustments=False (B=0.00, C=1.00)
2025-09-10 13:41:38 - [INFO] - [CACHE DEBUG] has_overrides=False (override_b=None, override_c=None)
2025-09-10 13:41:38 - [INFO] - [CACHE DEBUG] invert_original=True
2025-09-10 13:41:38 - [INFO] - [CACHE SKIP] Skipping cache due to adjustments/overrides/invert
2025-09-10 13:41:38 - [INFO] - [DEBUG] Path extraction: session=WKW, patient=5001, study_date=20250115
2025-09-10 13:41:38 - [INFO] - [DEBUG] Extracted patient info - ID: 5001, Session: WKW
2025-09-10 13:41:38 - [INFO] - [DEBUG] Original path: F:\projek dosen\prototype riset\hotspot-analyzer\data\PLANAR\WKW\5001\20250115\5001_1.dcm
2025-09-10 13:41:38 - [INFO] - [DEBUG] Study date: 20250115
2025-09-10 13:41:38 - [INFO] - [DEBUG] Patient ID: 5001
2025-09-10 13:41:38 - [INFO] - [DEBUG] Session code: WKW
2025-09-10 13:41:38 - [INFO] - [DEBUG] Study date folder: F:\projek dosen\prototype riset\hotspot-analyzer\data\PLANAR\WKW\5001\20250115
2025-09-10 13:41:38 - [INFO] - [DEBUG] Loading original image for Posterior
2025-09-10 13:41:38 - [INFO] - [DEBUG] Looking for original PNG in study_date dir: F:\projek dosen\prototype riset\hotspot-analyzer\data\PLANAR\WKW\5001\20250115\post_original.png
2025-09-10 13:41:38 - [DEBUG] - STREAM b'IHDR' 16 13
2025-09-10 13:41:38 - [DEBUG] - STREAM b'IDAT' 41 65536
2025-09-10 13:41:38 - [INFO] - [DEBUG] Loaded original PNG from study_date dir: (256, 1024)
2025-09-10 13:41:38 - [INFO] - [DEBUG] Original image loaded: (256, 1024)
2025-09-10 13:41:38 - [INFO] - [DEBUG] Applying invert to original image
2025-09-10 13:41:38 - [INFO] - [DEBUG] simple_invert_pil_image: Processing L image, size = (256, 1024)
2025-09-10 13:41:38 - [INFO] - [DEBUG] simple_invert_image: input shape = (1024, 256), dtype = uint8
2025-09-10 13:41:38 - [INFO] - [DEBUG] Simple inversion completed: [0-255] -> [0-255]
2025-09-10 13:41:38 - [INFO] - [DEBUG] simple_invert_pil_image: completed
2025-09-10 13:41:38 - [INFO] - [DEBUG] Using STORED B/C values: B=0.00, C=1.00
2025-09-10 13:41:38 - [INFO] - [DEBUG]   Image layer loaded and processed
2025-09-10 13:41:38 - [INFO] - [DEBUG] Loading segmentation layer for Posterior
2025-09-10 13:41:38 - [INFO] - [DEBUG] Looking for segmentation (NEWEST): F:\projek dosen\prototype riset\hotspot-analyzer\data\PLANAR\WKW\5001\20250115\post_segm.png
2025-09-10 13:41:38 - [DEBUG] - STREAM b'IHDR' 16 13
2025-09-10 13:41:38 - [DEBUG] - STREAM b'IDAT' 41 6139
2025-09-10 13:41:38 - [INFO] - [DEBUG]   Loaded segmentation with transparency: F:\projek dosen\prototype riset\hotspot-analyzer\data\PLANAR\WKW\5001\20250115\post_segm.png
2025-09-10 13:41:38 - [INFO] - [DEBUG] Segmentation type: ORIGINAL
2025-09-10 13:41:38 - [INFO] - [DEBUG] Loading hotspot layer for Posterior
2025-09-10 13:41:38 - [INFO] - [DEBUG] Looking for hotspot classification (NEWEST): F:\projek dosen\prototype riset\hotspot-analyzer\data\PLANAR\WKW\5001\20250115\post_hotspot_classification.png
2025-09-10 13:41:38 - [DEBUG] - STREAM b'IHDR' 16 13
2025-09-10 13:41:38 - [DEBUG] - STREAM b'IDAT' 41 1317
2025-09-10 13:41:38 - [INFO] - [DEBUG]   Loaded hotspot layer: F:\projek dosen\prototype riset\hotspot-analyzer\data\PLANAR\WKW\5001\20250115\post_hotspot_classification.png
2025-09-10 13:41:38 - [INFO] - [DEBUG] Hotspot type: ORIGINAL
2025-09-10 13:41:38 - [INFO] - [DEBUG] Loading bbox layer for Posterior
2025-09-10 13:41:38 - [INFO] - [DEBUG] Looking for classification XML (NEWEST): F:\projek dosen\prototype riset\hotspot-analyzer\data\PLANAR\WKW\5001\20250115\post_hotspot_classification.xml
2025-09-10 13:41:38 - [INFO] - [DEBUG] Loading CLASSIFICATION XML for bbox: F:\projek dosen\prototype riset\hotspot-analyzer\data\PLANAR\WKW\5001\20250115\post_hotspot_classification.xml
2025-09-10 13:41:38 - [INFO] - [DEBUG] Drew CLASSIFICATION Abnormal bbox: (44,482) -> (95,537)
2025-09-10 13:41:38 - [INFO] - [DEBUG] Drew CLASSIFICATION Abnormal bbox: (111,344) -> (132,365)
2025-09-10 13:41:38 - [INFO] - [DEBUG] Drew CLASSIFICATION Abnormal bbox: (96,51) -> (117,75)
2025-09-10 13:41:38 - [INFO] - [DEBUG] Drew CLASSIFICATION Abnormal bbox: (54,483) -> (91,527)
2025-09-10 13:41:38 - [INFO] - [DEBUG]   Created CLASSIFICATION bbox visualization with 4 boxes
2025-09-10 13:41:38 - [INFO] - [DEBUG]   Loaded bbox layer: F:\projek dosen\prototype riset\hotspot-analyzer\data\PLANAR\WKW\5001\20250115\post_hotspot_classification.xml
2025-09-10 13:41:38 - [INFO] - [DEBUG] BBox XML type: ORIGINAL
2025-09-10 13:41:38 - [INFO] - [CACHE STORE] Not caching due to adjustments/overrides/invert
2025-09-10 13:41:38 - [INFO] - [DEBUG]   Loaded 4 layers for Posterior: ['Image', 'Segmentation', 'Hotspot', 'HotspotBBox']
2025-09-10 13:41:38 - [INFO] - [DEBUG] Available CLASSIFICATION layers in files: ['Image', 'Segmentation', 'Hotspot', 'HotspotBBox']
2025-09-10 13:41:38 - [INFO] - [SMART UPDATE] State updated - Type: full
2025-09-10 13:41:38 - [INFO] - [SMART UPDATE] State updated - Type: rebuild
2025-09-10 13:41:38 - [INFO] - [DEBUG] Set Segmentation opacity to 0.35
2025-09-10 13:41:38 - [INFO] - [SMART UPDATE] Change type: none
2025-09-10 13:41:38 - [INFO] - [SMART UPDATE] Using full rebuild for opacity change
2025-09-10 13:41:38 - [INFO] - [DEBUG] Rebuilding timeline for active scan index: 0
2025-09-10 13:41:38 - [INFO] - [DEBUG] Creating CLASSIFICATION card 0 for view: Anterior
2025-09-10 13:41:38 - [INFO] - [DEBUG] Active layers selected: []
2025-09-10 13:41:38 - [INFO] - [DEBUG] DICOM path: F:\projek dosen\prototype riset\hotspot-analyzer\data\PLANAR\WKW\5001\20250115\5001_1.dcm
2025-09-10 13:41:38 - [INFO] - [DEBUG] Current view: Anterior
2025-09-10 13:41:38 - [INFO] - [CACHE DEBUG] use_cache=False
2025-09-10 13:41:38 - [INFO] - [CACHE DEBUG] has_adjustments=False (B=0.00, C=1.00)
2025-09-10 13:41:38 - [INFO] - [CACHE DEBUG] has_overrides=False (override_b=None, override_c=None)
2025-09-10 13:41:38 - [INFO] - [CACHE DEBUG] invert_original=True
2025-09-10 13:41:38 - [INFO] - [CACHE SKIP] Skipping cache due to adjustments/overrides/invert
2025-09-10 13:41:38 - [INFO] - [DEBUG] Path extraction: session=WKW, patient=5001, study_date=20250115
2025-09-10 13:41:38 - [INFO] - [DEBUG] Extracted patient info - ID: 5001, Session: WKW
2025-09-10 13:41:38 - [INFO] - [DEBUG] Original path: F:\projek dosen\prototype riset\hotspot-analyzer\data\PLANAR\WKW\5001\20250115\5001_1.dcm
2025-09-10 13:41:38 - [INFO] - [DEBUG] Study date: 20250115
2025-09-10 13:41:38 - [INFO] - [DEBUG] Patient ID: 5001
2025-09-10 13:41:38 - [INFO] - [DEBUG] Session code: WKW
2025-09-10 13:41:38 - [INFO] - [DEBUG] Study date folder: F:\projek dosen\prototype riset\hotspot-analyzer\data\PLANAR\WKW\5001\20250115
2025-09-10 13:41:38 - [INFO] - [DEBUG] Loading original image for Anterior
2025-09-10 13:41:38 - [INFO] - [DEBUG] Looking for original PNG in study_date dir: F:\projek dosen\prototype riset\hotspot-analyzer\data\PLANAR\WKW\5001\20250115\ant_original.png
2025-09-10 13:41:38 - [DEBUG] - STREAM b'IHDR' 16 13
2025-09-10 13:41:38 - [DEBUG] - STREAM b'IDAT' 41 65536
2025-09-10 13:41:38 - [INFO] - [DEBUG] Loaded original PNG from study_date dir: (256, 1024)
2025-09-10 13:41:38 - [INFO] - [DEBUG] Original image loaded: (256, 1024)
2025-09-10 13:41:38 - [INFO] - [DEBUG] Applying invert to original image
2025-09-10 13:41:38 - [INFO] - [DEBUG] simple_invert_pil_image: Processing L image, size = (256, 1024)
2025-09-10 13:41:38 - [INFO] - [DEBUG] simple_invert_image: input shape = (1024, 256), dtype = uint8
2025-09-10 13:41:38 - [INFO] - [DEBUG] Simple inversion completed: [0-255] -> [0-255]
2025-09-10 13:41:38 - [INFO] - [DEBUG] simple_invert_pil_image: completed
2025-09-10 13:41:38 - [INFO] - [DEBUG] Using STORED B/C values: B=0.00, C=1.00
2025-09-10 13:41:38 - [INFO] - [DEBUG]   Image layer loaded and processed
2025-09-10 13:41:38 - [INFO] - [DEBUG] Loading segmentation layer for Anterior
2025-09-10 13:41:38 - [INFO] - [DEBUG] Looking for segmentation (NEWEST): F:\projek dosen\prototype riset\hotspot-analyzer\data\PLANAR\WKW\5001\20250115\ant_segm.png
2025-09-10 13:41:38 - [DEBUG] - STREAM b'IHDR' 16 13
2025-09-10 13:41:38 - [DEBUG] - STREAM b'IDAT' 41 6383
2025-09-10 13:41:38 - [INFO] - [DEBUG]   Loaded segmentation with transparency: F:\projek dosen\prototype riset\hotspot-analyzer\data\PLANAR\WKW\5001\20250115\ant_segm.png
2025-09-10 13:41:38 - [INFO] - [DEBUG] Segmentation type: ORIGINAL
2025-09-10 13:41:38 - [INFO] - [DEBUG] Loading hotspot layer for Anterior
2025-09-10 13:41:38 - [INFO] - [DEBUG] Looking for hotspot classification (NEWEST): F:\projek dosen\prototype riset\hotspot-analyzer\data\PLANAR\WKW\5001\20250115\20250910\ant_hotspot_classification_133505.png
2025-09-10 13:41:38 - [DEBUG] - STREAM b'IHDR' 16 13
2025-09-10 13:41:38 - [DEBUG] - STREAM b'IDAT' 41 1389
2025-09-10 13:41:38 - [INFO] - [DEBUG]   Loaded hotspot layer: F:\projek dosen\prototype riset\hotspot-analyzer\data\PLANAR\WKW\5001\20250115\20250910\ant_hotspot_classification_133505.png
2025-09-10 13:41:38 - [INFO] - [DEBUG] Hotspot type: EDITED
2025-09-10 13:41:38 - [INFO] - [DEBUG] Loading bbox layer for Anterior
2025-09-10 13:41:38 - [INFO] - [DEBUG] Looking for classification XML (NEWEST): F:\projek dosen\prototype riset\hotspot-analyzer\data\PLANAR\WKW\5001\20250115\20250910\ant_hotspot_classification_133505.xml
2025-09-10 13:41:38 - [INFO] - [DEBUG] Loading CLASSIFICATION XML for bbox: F:\projek dosen\prototype riset\hotspot-analyzer\data\PLANAR\WKW\5001\20250115\20250910\ant_hotspot_classification_133505.xml
2025-09-10 13:41:38 - [INFO] - [DEBUG] Drew CLASSIFICATION Abnormal bbox: (194,150) -> (214,171)
2025-09-10 13:41:38 - [INFO] - [DEBUG] Drew CLASSIFICATION Abnormal bbox: (156,480) -> (188,511)
2025-09-10 13:41:38 - [INFO] - [DEBUG] Drew CLASSIFICATION Normal bbox: (63,210) -> (98,271)
2025-09-10 13:41:38 - [INFO] - [DEBUG]   Created CLASSIFICATION bbox visualization with 3 boxes
2025-09-10 13:41:38 - [INFO] - [DEBUG]   Loaded bbox layer: F:\projek dosen\prototype riset\hotspot-analyzer\data\PLANAR\WKW\5001\20250115\20250910\ant_hotspot_classification_133505.xml
2025-09-10 13:41:38 - [INFO] - [DEBUG] BBox XML type: EDITED
2025-09-10 13:41:38 - [INFO] - [CACHE STORE] Not caching due to adjustments/overrides/invert
2025-09-10 13:41:38 - [INFO] - [DEBUG]   Loaded 4 layers for Anterior: ['Image', 'Segmentation', 'Hotspot', 'HotspotBBox']
2025-09-10 13:41:38 - [INFO] - [DEBUG] Available CLASSIFICATION layers in files: ['Image', 'Segmentation', 'Hotspot', 'HotspotBBox']
2025-09-10 13:41:38 - [INFO] - [DEBUG] Creating CLASSIFICATION card 0 for view: Posterior
2025-09-10 13:41:38 - [INFO] - [DEBUG] Active layers selected: []
2025-09-10 13:41:38 - [INFO] - [DEBUG] DICOM path: F:\projek dosen\prototype riset\hotspot-analyzer\data\PLANAR\WKW\5001\20250115\5001_1.dcm
2025-09-10 13:41:38 - [INFO] - [DEBUG] Current view: Posterior
2025-09-10 13:41:38 - [INFO] - [CACHE DEBUG] use_cache=False
2025-09-10 13:41:38 - [INFO] - [CACHE DEBUG] has_adjustments=False (B=0.00, C=1.00)
2025-09-10 13:41:38 - [INFO] - [CACHE DEBUG] has_overrides=False (override_b=None, override_c=None)
2025-09-10 13:41:38 - [INFO] - [CACHE DEBUG] invert_original=True
2025-09-10 13:41:38 - [INFO] - [CACHE SKIP] Skipping cache due to adjustments/overrides/invert
2025-09-10 13:41:38 - [INFO] - [DEBUG] Path extraction: session=WKW, patient=5001, study_date=20250115
2025-09-10 13:41:38 - [INFO] - [DEBUG] Extracted patient info - ID: 5001, Session: WKW
2025-09-10 13:41:38 - [INFO] - [DEBUG] Original path: F:\projek dosen\prototype riset\hotspot-analyzer\data\PLANAR\WKW\5001\20250115\5001_1.dcm
2025-09-10 13:41:38 - [INFO] - [DEBUG] Study date: 20250115
2025-09-10 13:41:38 - [INFO] - [DEBUG] Patient ID: 5001
2025-09-10 13:41:38 - [INFO] - [DEBUG] Session code: WKW
2025-09-10 13:41:38 - [INFO] - [DEBUG] Study date folder: F:\projek dosen\prototype riset\hotspot-analyzer\data\PLANAR\WKW\5001\20250115
2025-09-10 13:41:38 - [INFO] - [DEBUG] Loading original image for Posterior
2025-09-10 13:41:38 - [INFO] - [DEBUG] Looking for original PNG in study_date dir: F:\projek dosen\prototype riset\hotspot-analyzer\data\PLANAR\WKW\5001\20250115\post_original.png
2025-09-10 13:41:38 - [DEBUG] - STREAM b'IHDR' 16 13
2025-09-10 13:41:38 - [DEBUG] - STREAM b'IDAT' 41 65536
2025-09-10 13:41:38 - [INFO] - [DEBUG] Loaded original PNG from study_date dir: (256, 1024)
2025-09-10 13:41:38 - [INFO] - [DEBUG] Original image loaded: (256, 1024)
2025-09-10 13:41:38 - [INFO] - [DEBUG] Applying invert to original image
2025-09-10 13:41:38 - [INFO] - [DEBUG] simple_invert_pil_image: Processing L image, size = (256, 1024)
2025-09-10 13:41:38 - [INFO] - [DEBUG] simple_invert_image: input shape = (1024, 256), dtype = uint8
2025-09-10 13:41:38 - [INFO] - [DEBUG] Simple inversion completed: [0-255] -> [0-255]
2025-09-10 13:41:38 - [INFO] - [DEBUG] simple_invert_pil_image: completed
2025-09-10 13:41:38 - [INFO] - [DEBUG] Using STORED B/C values: B=0.00, C=1.00
2025-09-10 13:41:38 - [INFO] - [DEBUG]   Image layer loaded and processed
2025-09-10 13:41:38 - [INFO] - [DEBUG] Loading segmentation layer for Posterior
2025-09-10 13:41:38 - [INFO] - [DEBUG] Looking for segmentation (NEWEST): F:\projek dosen\prototype riset\hotspot-analyzer\data\PLANAR\WKW\5001\20250115\post_segm.png
2025-09-10 13:41:38 - [DEBUG] - STREAM b'IHDR' 16 13
2025-09-10 13:41:38 - [DEBUG] - STREAM b'IDAT' 41 6139
2025-09-10 13:41:38 - [INFO] - [DEBUG]   Loaded segmentation with transparency: F:\projek dosen\prototype riset\hotspot-analyzer\data\PLANAR\WKW\5001\20250115\post_segm.png
2025-09-10 13:41:38 - [INFO] - [DEBUG] Segmentation type: ORIGINAL
2025-09-10 13:41:38 - [INFO] - [DEBUG] Loading hotspot layer for Posterior
2025-09-10 13:41:38 - [INFO] - [DEBUG] Looking for hotspot classification (NEWEST): F:\projek dosen\prototype riset\hotspot-analyzer\data\PLANAR\WKW\5001\20250115\post_hotspot_classification.png
2025-09-10 13:41:38 - [DEBUG] - STREAM b'IHDR' 16 13
2025-09-10 13:41:38 - [DEBUG] - STREAM b'IDAT' 41 1317
2025-09-10 13:41:38 - [INFO] - [DEBUG]   Loaded hotspot layer: F:\projek dosen\prototype riset\hotspot-analyzer\data\PLANAR\WKW\5001\20250115\post_hotspot_classification.png
2025-09-10 13:41:38 - [INFO] - [DEBUG] Hotspot type: ORIGINAL
2025-09-10 13:41:38 - [INFO] - [DEBUG] Loading bbox layer for Posterior
2025-09-10 13:41:38 - [INFO] - [DEBUG] Looking for classification XML (NEWEST): F:\projek dosen\prototype riset\hotspot-analyzer\data\PLANAR\WKW\5001\20250115\post_hotspot_classification.xml
2025-09-10 13:41:38 - [INFO] - [DEBUG] Loading CLASSIFICATION XML for bbox: F:\projek dosen\prototype riset\hotspot-analyzer\data\PLANAR\WKW\5001\20250115\post_hotspot_classification.xml
2025-09-10 13:41:38 - [INFO] - [DEBUG] Drew CLASSIFICATION Abnormal bbox: (44,482) -> (95,537)
2025-09-10 13:41:38 - [INFO] - [DEBUG] Drew CLASSIFICATION Abnormal bbox: (111,344) -> (132,365)
2025-09-10 13:41:38 - [INFO] - [DEBUG] Drew CLASSIFICATION Abnormal bbox: (96,51) -> (117,75)
2025-09-10 13:41:38 - [INFO] - [DEBUG] Drew CLASSIFICATION Abnormal bbox: (54,483) -> (91,527)
2025-09-10 13:41:38 - [INFO] - [DEBUG]   Created CLASSIFICATION bbox visualization with 4 boxes
2025-09-10 13:41:38 - [INFO] - [DEBUG]   Loaded bbox layer: F:\projek dosen\prototype riset\hotspot-analyzer\data\PLANAR\WKW\5001\20250115\post_hotspot_classification.xml
2025-09-10 13:41:38 - [INFO] - [DEBUG] BBox XML type: ORIGINAL
2025-09-10 13:41:38 - [INFO] - [CACHE STORE] Not caching due to adjustments/overrides/invert
2025-09-10 13:41:38 - [INFO] - [DEBUG]   Loaded 4 layers for Posterior: ['Image', 'Segmentation', 'Hotspot', 'HotspotBBox']
2025-09-10 13:41:38 - [INFO] - [DEBUG] Available CLASSIFICATION layers in files: ['Image', 'Segmentation', 'Hotspot', 'HotspotBBox']
2025-09-10 13:41:38 - [INFO] - [SMART UPDATE] State updated - Type: full
2025-09-10 13:41:38 - [INFO] - [SMART UPDATE] State updated - Type: rebuild
2025-09-10 13:41:38 - [INFO] - [DEBUG] Set Hotspot opacity to 0.50
2025-09-10 13:41:38 - [INFO] - [SMART UPDATE] Change type: none
2025-09-10 13:41:38 - [INFO] - [SMART UPDATE] Using full rebuild for opacity change
2025-09-10 13:41:38 - [INFO] - [DEBUG] Rebuilding timeline for active scan index: 0
2025-09-10 13:41:38 - [INFO] - [DEBUG] Creating CLASSIFICATION card 0 for view: Anterior
2025-09-10 13:41:38 - [INFO] - [DEBUG] Active layers selected: []
2025-09-10 13:41:38 - [INFO] - [DEBUG] DICOM path: F:\projek dosen\prototype riset\hotspot-analyzer\data\PLANAR\WKW\5001\20250115\5001_1.dcm
2025-09-10 13:41:38 - [INFO] - [DEBUG] Current view: Anterior
2025-09-10 13:41:38 - [INFO] - [CACHE DEBUG] use_cache=False
2025-09-10 13:41:38 - [INFO] - [CACHE DEBUG] has_adjustments=False (B=0.00, C=1.00)
2025-09-10 13:41:38 - [INFO] - [CACHE DEBUG] has_overrides=False (override_b=None, override_c=None)
2025-09-10 13:41:38 - [INFO] - [CACHE DEBUG] invert_original=True
2025-09-10 13:41:38 - [INFO] - [CACHE SKIP] Skipping cache due to adjustments/overrides/invert
2025-09-10 13:41:38 - [INFO] - [DEBUG] Path extraction: session=WKW, patient=5001, study_date=20250115
2025-09-10 13:41:38 - [INFO] - [DEBUG] Extracted patient info - ID: 5001, Session: WKW
2025-09-10 13:41:38 - [INFO] - [DEBUG] Original path: F:\projek dosen\prototype riset\hotspot-analyzer\data\PLANAR\WKW\5001\20250115\5001_1.dcm
2025-09-10 13:41:38 - [INFO] - [DEBUG] Study date: 20250115
2025-09-10 13:41:38 - [INFO] - [DEBUG] Patient ID: 5001
2025-09-10 13:41:38 - [INFO] - [DEBUG] Session code: WKW
2025-09-10 13:41:38 - [INFO] - [DEBUG] Study date folder: F:\projek dosen\prototype riset\hotspot-analyzer\data\PLANAR\WKW\5001\20250115
2025-09-10 13:41:38 - [INFO] - [DEBUG] Loading original image for Anterior
2025-09-10 13:41:38 - [INFO] - [DEBUG] Looking for original PNG in study_date dir: F:\projek dosen\prototype riset\hotspot-analyzer\data\PLANAR\WKW\5001\20250115\ant_original.png
2025-09-10 13:41:38 - [DEBUG] - STREAM b'IHDR' 16 13
2025-09-10 13:41:38 - [DEBUG] - STREAM b'IDAT' 41 65536
2025-09-10 13:41:38 - [INFO] - [DEBUG] Loaded original PNG from study_date dir: (256, 1024)
2025-09-10 13:41:38 - [INFO] - [DEBUG] Original image loaded: (256, 1024)
2025-09-10 13:41:38 - [INFO] - [DEBUG] Applying invert to original image
2025-09-10 13:41:38 - [INFO] - [DEBUG] simple_invert_pil_image: Processing L image, size = (256, 1024)
2025-09-10 13:41:38 - [INFO] - [DEBUG] simple_invert_image: input shape = (1024, 256), dtype = uint8
2025-09-10 13:41:38 - [INFO] - [DEBUG] Simple inversion completed: [0-255] -> [0-255]
2025-09-10 13:41:38 - [INFO] - [DEBUG] simple_invert_pil_image: completed
2025-09-10 13:41:38 - [INFO] - [DEBUG] Using STORED B/C values: B=0.00, C=1.00
2025-09-10 13:41:38 - [INFO] - [DEBUG]   Image layer loaded and processed
2025-09-10 13:41:38 - [INFO] - [DEBUG] Loading segmentation layer for Anterior
2025-09-10 13:41:38 - [INFO] - [DEBUG] Looking for segmentation (NEWEST): F:\projek dosen\prototype riset\hotspot-analyzer\data\PLANAR\WKW\5001\20250115\ant_segm.png
2025-09-10 13:41:38 - [DEBUG] - STREAM b'IHDR' 16 13
2025-09-10 13:41:38 - [DEBUG] - STREAM b'IDAT' 41 6383
2025-09-10 13:41:38 - [INFO] - [DEBUG]   Loaded segmentation with transparency: F:\projek dosen\prototype riset\hotspot-analyzer\data\PLANAR\WKW\5001\20250115\ant_segm.png
2025-09-10 13:41:38 - [INFO] - [DEBUG] Segmentation type: ORIGINAL
2025-09-10 13:41:38 - [INFO] - [DEBUG] Loading hotspot layer for Anterior
2025-09-10 13:41:38 - [INFO] - [DEBUG] Looking for hotspot classification (NEWEST): F:\projek dosen\prototype riset\hotspot-analyzer\data\PLANAR\WKW\5001\20250115\20250910\ant_hotspot_classification_133505.png
2025-09-10 13:41:38 - [DEBUG] - STREAM b'IHDR' 16 13
2025-09-10 13:41:38 - [DEBUG] - STREAM b'IDAT' 41 1389
2025-09-10 13:41:38 - [INFO] - [DEBUG]   Loaded hotspot layer: F:\projek dosen\prototype riset\hotspot-analyzer\data\PLANAR\WKW\5001\20250115\20250910\ant_hotspot_classification_133505.png
2025-09-10 13:41:38 - [INFO] - [DEBUG] Hotspot type: EDITED
2025-09-10 13:41:38 - [INFO] - [DEBUG] Loading bbox layer for Anterior
2025-09-10 13:41:38 - [INFO] - [DEBUG] Looking for classification XML (NEWEST): F:\projek dosen\prototype riset\hotspot-analyzer\data\PLANAR\WKW\5001\20250115\20250910\ant_hotspot_classification_133505.xml
2025-09-10 13:41:38 - [INFO] - [DEBUG] Loading CLASSIFICATION XML for bbox: F:\projek dosen\prototype riset\hotspot-analyzer\data\PLANAR\WKW\5001\20250115\20250910\ant_hotspot_classification_133505.xml
2025-09-10 13:41:38 - [INFO] - [DEBUG] Drew CLASSIFICATION Abnormal bbox: (194,150) -> (214,171)
2025-09-10 13:41:38 - [INFO] - [DEBUG] Drew CLASSIFICATION Abnormal bbox: (156,480) -> (188,511)
2025-09-10 13:41:38 - [INFO] - [DEBUG] Drew CLASSIFICATION Normal bbox: (63,210) -> (98,271)
2025-09-10 13:41:38 - [INFO] - [DEBUG]   Created CLASSIFICATION bbox visualization with 3 boxes
2025-09-10 13:41:38 - [INFO] - [DEBUG]   Loaded bbox layer: F:\projek dosen\prototype riset\hotspot-analyzer\data\PLANAR\WKW\5001\20250115\20250910\ant_hotspot_classification_133505.xml
2025-09-10 13:41:38 - [INFO] - [DEBUG] BBox XML type: EDITED
2025-09-10 13:41:38 - [INFO] - [CACHE STORE] Not caching due to adjustments/overrides/invert
2025-09-10 13:41:38 - [INFO] - [DEBUG]   Loaded 4 layers for Anterior: ['Image', 'Segmentation', 'Hotspot', 'HotspotBBox']
2025-09-10 13:41:38 - [INFO] - [DEBUG] Available CLASSIFICATION layers in files: ['Image', 'Segmentation', 'Hotspot', 'HotspotBBox']
2025-09-10 13:41:38 - [INFO] - [DEBUG] Creating CLASSIFICATION card 0 for view: Posterior
2025-09-10 13:41:38 - [INFO] - [DEBUG] Active layers selected: []
2025-09-10 13:41:38 - [INFO] - [DEBUG] DICOM path: F:\projek dosen\prototype riset\hotspot-analyzer\data\PLANAR\WKW\5001\20250115\5001_1.dcm
2025-09-10 13:41:38 - [INFO] - [DEBUG] Current view: Posterior
2025-09-10 13:41:38 - [INFO] - [CACHE DEBUG] use_cache=False
2025-09-10 13:41:38 - [INFO] - [CACHE DEBUG] has_adjustments=False (B=0.00, C=1.00)
2025-09-10 13:41:38 - [INFO] - [CACHE DEBUG] has_overrides=False (override_b=None, override_c=None)
2025-09-10 13:41:38 - [INFO] - [CACHE DEBUG] invert_original=True
2025-09-10 13:41:38 - [INFO] - [CACHE SKIP] Skipping cache due to adjustments/overrides/invert
2025-09-10 13:41:38 - [INFO] - [DEBUG] Path extraction: session=WKW, patient=5001, study_date=20250115
2025-09-10 13:41:38 - [INFO] - [DEBUG] Extracted patient info - ID: 5001, Session: WKW
2025-09-10 13:41:38 - [INFO] - [DEBUG] Original path: F:\projek dosen\prototype riset\hotspot-analyzer\data\PLANAR\WKW\5001\20250115\5001_1.dcm
2025-09-10 13:41:38 - [INFO] - [DEBUG] Study date: 20250115
2025-09-10 13:41:38 - [INFO] - [DEBUG] Patient ID: 5001
2025-09-10 13:41:38 - [INFO] - [DEBUG] Session code: WKW
2025-09-10 13:41:38 - [INFO] - [DEBUG] Study date folder: F:\projek dosen\prototype riset\hotspot-analyzer\data\PLANAR\WKW\5001\20250115
2025-09-10 13:41:38 - [INFO] - [DEBUG] Loading original image for Posterior
2025-09-10 13:41:38 - [INFO] - [DEBUG] Looking for original PNG in study_date dir: F:\projek dosen\prototype riset\hotspot-analyzer\data\PLANAR\WKW\5001\20250115\post_original.png
2025-09-10 13:41:38 - [DEBUG] - STREAM b'IHDR' 16 13
2025-09-10 13:41:38 - [DEBUG] - STREAM b'IDAT' 41 65536
2025-09-10 13:41:38 - [INFO] - [DEBUG] Loaded original PNG from study_date dir: (256, 1024)
2025-09-10 13:41:38 - [INFO] - [DEBUG] Original image loaded: (256, 1024)
2025-09-10 13:41:38 - [INFO] - [DEBUG] Applying invert to original image
2025-09-10 13:41:38 - [INFO] - [DEBUG] simple_invert_pil_image: Processing L image, size = (256, 1024)
2025-09-10 13:41:38 - [INFO] - [DEBUG] simple_invert_image: input shape = (1024, 256), dtype = uint8
2025-09-10 13:41:38 - [INFO] - [DEBUG] Simple inversion completed: [0-255] -> [0-255]
2025-09-10 13:41:38 - [INFO] - [DEBUG] simple_invert_pil_image: completed
2025-09-10 13:41:38 - [INFO] - [DEBUG] Using STORED B/C values: B=0.00, C=1.00
2025-09-10 13:41:38 - [INFO] - [DEBUG]   Image layer loaded and processed
2025-09-10 13:41:38 - [INFO] - [DEBUG] Loading segmentation layer for Posterior
2025-09-10 13:41:38 - [INFO] - [DEBUG] Looking for segmentation (NEWEST): F:\projek dosen\prototype riset\hotspot-analyzer\data\PLANAR\WKW\5001\20250115\post_segm.png
2025-09-10 13:41:38 - [DEBUG] - STREAM b'IHDR' 16 13
2025-09-10 13:41:38 - [DEBUG] - STREAM b'IDAT' 41 6139
2025-09-10 13:41:38 - [INFO] - [DEBUG]   Loaded segmentation with transparency: F:\projek dosen\prototype riset\hotspot-analyzer\data\PLANAR\WKW\5001\20250115\post_segm.png
2025-09-10 13:41:38 - [INFO] - [DEBUG] Segmentation type: ORIGINAL
2025-09-10 13:41:38 - [INFO] - [DEBUG] Loading hotspot layer for Posterior
2025-09-10 13:41:38 - [INFO] - [DEBUG] Looking for hotspot classification (NEWEST): F:\projek dosen\prototype riset\hotspot-analyzer\data\PLANAR\WKW\5001\20250115\post_hotspot_classification.png
2025-09-10 13:41:38 - [DEBUG] - STREAM b'IHDR' 16 13
2025-09-10 13:41:38 - [DEBUG] - STREAM b'IDAT' 41 1317
2025-09-10 13:41:38 - [INFO] - [DEBUG]   Loaded hotspot layer: F:\projek dosen\prototype riset\hotspot-analyzer\data\PLANAR\WKW\5001\20250115\post_hotspot_classification.png
2025-09-10 13:41:38 - [INFO] - [DEBUG] Hotspot type: ORIGINAL
2025-09-10 13:41:38 - [INFO] - [DEBUG] Loading bbox layer for Posterior
2025-09-10 13:41:38 - [INFO] - [DEBUG] Looking for classification XML (NEWEST): F:\projek dosen\prototype riset\hotspot-analyzer\data\PLANAR\WKW\5001\20250115\post_hotspot_classification.xml
2025-09-10 13:41:38 - [INFO] - [DEBUG] Loading CLASSIFICATION XML for bbox: F:\projek dosen\prototype riset\hotspot-analyzer\data\PLANAR\WKW\5001\20250115\post_hotspot_classification.xml
2025-09-10 13:41:38 - [INFO] - [DEBUG] Drew CLASSIFICATION Abnormal bbox: (44,482) -> (95,537)
2025-09-10 13:41:38 - [INFO] - [DEBUG] Drew CLASSIFICATION Abnormal bbox: (111,344) -> (132,365)
2025-09-10 13:41:38 - [INFO] - [DEBUG] Drew CLASSIFICATION Abnormal bbox: (96,51) -> (117,75)
2025-09-10 13:41:38 - [INFO] - [DEBUG] Drew CLASSIFICATION Abnormal bbox: (54,483) -> (91,527)
2025-09-10 13:41:38 - [INFO] - [DEBUG]   Created CLASSIFICATION bbox visualization with 4 boxes
2025-09-10 13:41:38 - [INFO] - [DEBUG]   Loaded bbox layer: F:\projek dosen\prototype riset\hotspot-analyzer\data\PLANAR\WKW\5001\20250115\post_hotspot_classification.xml
2025-09-10 13:41:38 - [INFO] - [DEBUG] BBox XML type: ORIGINAL
2025-09-10 13:41:38 - [INFO] - [CACHE STORE] Not caching due to adjustments/overrides/invert
2025-09-10 13:41:38 - [INFO] - [DEBUG]   Loaded 4 layers for Posterior: ['Image', 'Segmentation', 'Hotspot', 'HotspotBBox']
2025-09-10 13:41:38 - [INFO] - [DEBUG] Available CLASSIFICATION layers in files: ['Image', 'Segmentation', 'Hotspot', 'HotspotBBox']
2025-09-10 13:41:38 - [INFO] - [SMART UPDATE] State updated - Type: full
2025-09-10 13:41:38 - [INFO] - [SMART UPDATE] State updated - Type: rebuild
2025-09-10 13:41:38 - [INFO] - [DEBUG] Set HotspotBBox opacity to 1.00
2025-09-10 13:41:38 - [INFO] - [SMART UPDATE] Change type: none
2025-09-10 13:41:38 - [INFO] - [SMART UPDATE] Using full rebuild for opacity change
2025-09-10 13:41:38 - [INFO] - [DEBUG] Rebuilding timeline for active scan index: 0
2025-09-10 13:41:38 - [INFO] - [DEBUG] Creating CLASSIFICATION card 0 for view: Anterior
2025-09-10 13:41:38 - [INFO] - [DEBUG] Active layers selected: []
2025-09-10 13:41:38 - [INFO] - [DEBUG] DICOM path: F:\projek dosen\prototype riset\hotspot-analyzer\data\PLANAR\WKW\5001\20250115\5001_1.dcm
2025-09-10 13:41:38 - [INFO] - [DEBUG] Current view: Anterior
2025-09-10 13:41:38 - [INFO] - [CACHE DEBUG] use_cache=False
2025-09-10 13:41:38 - [INFO] - [CACHE DEBUG] has_adjustments=False (B=0.00, C=1.00)
2025-09-10 13:41:38 - [INFO] - [CACHE DEBUG] has_overrides=False (override_b=None, override_c=None)
2025-09-10 13:41:38 - [INFO] - [CACHE DEBUG] invert_original=True
2025-09-10 13:41:38 - [INFO] - [CACHE SKIP] Skipping cache due to adjustments/overrides/invert
2025-09-10 13:41:38 - [INFO] - [DEBUG] Path extraction: session=WKW, patient=5001, study_date=20250115
2025-09-10 13:41:38 - [INFO] - [DEBUG] Extracted patient info - ID: 5001, Session: WKW
2025-09-10 13:41:38 - [INFO] - [DEBUG] Original path: F:\projek dosen\prototype riset\hotspot-analyzer\data\PLANAR\WKW\5001\20250115\5001_1.dcm
2025-09-10 13:41:38 - [INFO] - [DEBUG] Study date: 20250115
2025-09-10 13:41:38 - [INFO] - [DEBUG] Patient ID: 5001
2025-09-10 13:41:38 - [INFO] - [DEBUG] Session code: WKW
2025-09-10 13:41:38 - [INFO] - [DEBUG] Study date folder: F:\projek dosen\prototype riset\hotspot-analyzer\data\PLANAR\WKW\5001\20250115
2025-09-10 13:41:38 - [INFO] - [DEBUG] Loading original image for Anterior
2025-09-10 13:41:38 - [INFO] - [DEBUG] Looking for original PNG in study_date dir: F:\projek dosen\prototype riset\hotspot-analyzer\data\PLANAR\WKW\5001\20250115\ant_original.png
2025-09-10 13:41:38 - [DEBUG] - STREAM b'IHDR' 16 13
2025-09-10 13:41:38 - [DEBUG] - STREAM b'IDAT' 41 65536
2025-09-10 13:41:38 - [INFO] - [DEBUG] Loaded original PNG from study_date dir: (256, 1024)
2025-09-10 13:41:38 - [INFO] - [DEBUG] Original image loaded: (256, 1024)
2025-09-10 13:41:38 - [INFO] - [DEBUG] Applying invert to original image
2025-09-10 13:41:38 - [INFO] - [DEBUG] simple_invert_pil_image: Processing L image, size = (256, 1024)
2025-09-10 13:41:38 - [INFO] - [DEBUG] simple_invert_image: input shape = (1024, 256), dtype = uint8
2025-09-10 13:41:38 - [INFO] - [DEBUG] Simple inversion completed: [0-255] -> [0-255]
2025-09-10 13:41:38 - [INFO] - [DEBUG] simple_invert_pil_image: completed
2025-09-10 13:41:38 - [INFO] - [DEBUG] Using STORED B/C values: B=0.00, C=1.00
2025-09-10 13:41:38 - [INFO] - [DEBUG]   Image layer loaded and processed
2025-09-10 13:41:38 - [INFO] - [DEBUG] Loading segmentation layer for Anterior
2025-09-10 13:41:38 - [INFO] - [DEBUG] Looking for segmentation (NEWEST): F:\projek dosen\prototype riset\hotspot-analyzer\data\PLANAR\WKW\5001\20250115\ant_segm.png
2025-09-10 13:41:38 - [DEBUG] - STREAM b'IHDR' 16 13
2025-09-10 13:41:38 - [DEBUG] - STREAM b'IDAT' 41 6383
2025-09-10 13:41:38 - [INFO] - [DEBUG]   Loaded segmentation with transparency: F:\projek dosen\prototype riset\hotspot-analyzer\data\PLANAR\WKW\5001\20250115\ant_segm.png
2025-09-10 13:41:38 - [INFO] - [DEBUG] Segmentation type: ORIGINAL
2025-09-10 13:41:38 - [INFO] - [DEBUG] Loading hotspot layer for Anterior
2025-09-10 13:41:38 - [INFO] - [DEBUG] Looking for hotspot classification (NEWEST): F:\projek dosen\prototype riset\hotspot-analyzer\data\PLANAR\WKW\5001\20250115\20250910\ant_hotspot_classification_133505.png
2025-09-10 13:41:38 - [DEBUG] - STREAM b'IHDR' 16 13
2025-09-10 13:41:38 - [DEBUG] - STREAM b'IDAT' 41 1389
2025-09-10 13:41:38 - [INFO] - [DEBUG]   Loaded hotspot layer: F:\projek dosen\prototype riset\hotspot-analyzer\data\PLANAR\WKW\5001\20250115\20250910\ant_hotspot_classification_133505.png
2025-09-10 13:41:38 - [INFO] - [DEBUG] Hotspot type: EDITED
2025-09-10 13:41:38 - [INFO] - [DEBUG] Loading bbox layer for Anterior
2025-09-10 13:41:38 - [INFO] - [DEBUG] Looking for classification XML (NEWEST): F:\projek dosen\prototype riset\hotspot-analyzer\data\PLANAR\WKW\5001\20250115\20250910\ant_hotspot_classification_133505.xml
2025-09-10 13:41:38 - [INFO] - [DEBUG] Loading CLASSIFICATION XML for bbox: F:\projek dosen\prototype riset\hotspot-analyzer\data\PLANAR\WKW\5001\20250115\20250910\ant_hotspot_classification_133505.xml
2025-09-10 13:41:38 - [INFO] - [DEBUG] Drew CLASSIFICATION Abnormal bbox: (194,150) -> (214,171)
2025-09-10 13:41:38 - [INFO] - [DEBUG] Drew CLASSIFICATION Abnormal bbox: (156,480) -> (188,511)
2025-09-10 13:41:38 - [INFO] - [DEBUG] Drew CLASSIFICATION Normal bbox: (63,210) -> (98,271)
2025-09-10 13:41:38 - [INFO] - [DEBUG]   Created CLASSIFICATION bbox visualization with 3 boxes
2025-09-10 13:41:38 - [INFO] - [DEBUG]   Loaded bbox layer: F:\projek dosen\prototype riset\hotspot-analyzer\data\PLANAR\WKW\5001\20250115\20250910\ant_hotspot_classification_133505.xml
2025-09-10 13:41:38 - [INFO] - [DEBUG] BBox XML type: EDITED
2025-09-10 13:41:38 - [INFO] - [CACHE STORE] Not caching due to adjustments/overrides/invert
2025-09-10 13:41:38 - [INFO] - [DEBUG]   Loaded 4 layers for Anterior: ['Image', 'Segmentation', 'Hotspot', 'HotspotBBox']
2025-09-10 13:41:38 - [INFO] - [DEBUG] Available CLASSIFICATION layers in files: ['Image', 'Segmentation', 'Hotspot', 'HotspotBBox']
2025-09-10 13:41:38 - [INFO] - [DEBUG] Creating CLASSIFICATION card 0 for view: Posterior
2025-09-10 13:41:38 - [INFO] - [DEBUG] Active layers selected: []
2025-09-10 13:41:38 - [INFO] - [DEBUG] DICOM path: F:\projek dosen\prototype riset\hotspot-analyzer\data\PLANAR\WKW\5001\20250115\5001_1.dcm
2025-09-10 13:41:38 - [INFO] - [DEBUG] Current view: Posterior
2025-09-10 13:41:38 - [INFO] - [CACHE DEBUG] use_cache=False
2025-09-10 13:41:38 - [INFO] - [CACHE DEBUG] has_adjustments=False (B=0.00, C=1.00)
2025-09-10 13:41:38 - [INFO] - [CACHE DEBUG] has_overrides=False (override_b=None, override_c=None)
2025-09-10 13:41:38 - [INFO] - [CACHE DEBUG] invert_original=True
2025-09-10 13:41:38 - [INFO] - [CACHE SKIP] Skipping cache due to adjustments/overrides/invert
2025-09-10 13:41:38 - [INFO] - [DEBUG] Path extraction: session=WKW, patient=5001, study_date=20250115
2025-09-10 13:41:38 - [INFO] - [DEBUG] Extracted patient info - ID: 5001, Session: WKW
2025-09-10 13:41:38 - [INFO] - [DEBUG] Original path: F:\projek dosen\prototype riset\hotspot-analyzer\data\PLANAR\WKW\5001\20250115\5001_1.dcm
2025-09-10 13:41:38 - [INFO] - [DEBUG] Study date: 20250115
2025-09-10 13:41:38 - [INFO] - [DEBUG] Patient ID: 5001
2025-09-10 13:41:38 - [INFO] - [DEBUG] Session code: WKW
2025-09-10 13:41:38 - [INFO] - [DEBUG] Study date folder: F:\projek dosen\prototype riset\hotspot-analyzer\data\PLANAR\WKW\5001\20250115
2025-09-10 13:41:38 - [INFO] - [DEBUG] Loading original image for Posterior
2025-09-10 13:41:38 - [INFO] - [DEBUG] Looking for original PNG in study_date dir: F:\projek dosen\prototype riset\hotspot-analyzer\data\PLANAR\WKW\5001\20250115\post_original.png
2025-09-10 13:41:38 - [DEBUG] - STREAM b'IHDR' 16 13
2025-09-10 13:41:38 - [DEBUG] - STREAM b'IDAT' 41 65536
2025-09-10 13:41:38 - [INFO] - [DEBUG] Loaded original PNG from study_date dir: (256, 1024)
2025-09-10 13:41:38 - [INFO] - [DEBUG] Original image loaded: (256, 1024)
2025-09-10 13:41:38 - [INFO] - [DEBUG] Applying invert to original image
2025-09-10 13:41:38 - [INFO] - [DEBUG] simple_invert_pil_image: Processing L image, size = (256, 1024)
2025-09-10 13:41:38 - [INFO] - [DEBUG] simple_invert_image: input shape = (1024, 256), dtype = uint8
2025-09-10 13:41:38 - [INFO] - [DEBUG] Simple inversion completed: [0-255] -> [0-255]
2025-09-10 13:41:38 - [INFO] - [DEBUG] simple_invert_pil_image: completed
2025-09-10 13:41:38 - [INFO] - [DEBUG] Using STORED B/C values: B=0.00, C=1.00
2025-09-10 13:41:38 - [INFO] - [DEBUG]   Image layer loaded and processed
2025-09-10 13:41:38 - [INFO] - [DEBUG] Loading segmentation layer for Posterior
2025-09-10 13:41:38 - [INFO] - [DEBUG] Looking for segmentation (NEWEST): F:\projek dosen\prototype riset\hotspot-analyzer\data\PLANAR\WKW\5001\20250115\post_segm.png
2025-09-10 13:41:38 - [DEBUG] - STREAM b'IHDR' 16 13
2025-09-10 13:41:38 - [DEBUG] - STREAM b'IDAT' 41 6139
2025-09-10 13:41:38 - [INFO] - [DEBUG]   Loaded segmentation with transparency: F:\projek dosen\prototype riset\hotspot-analyzer\data\PLANAR\WKW\5001\20250115\post_segm.png
2025-09-10 13:41:38 - [INFO] - [DEBUG] Segmentation type: ORIGINAL
2025-09-10 13:41:39 - [INFO] - [DEBUG] Loading hotspot layer for Posterior
2025-09-10 13:41:39 - [INFO] - [DEBUG] Looking for hotspot classification (NEWEST): F:\projek dosen\prototype riset\hotspot-analyzer\data\PLANAR\WKW\5001\20250115\post_hotspot_classification.png
2025-09-10 13:41:39 - [DEBUG] - STREAM b'IHDR' 16 13
2025-09-10 13:41:39 - [DEBUG] - STREAM b'IDAT' 41 1317
2025-09-10 13:41:39 - [INFO] - [DEBUG]   Loaded hotspot layer: F:\projek dosen\prototype riset\hotspot-analyzer\data\PLANAR\WKW\5001\20250115\post_hotspot_classification.png
2025-09-10 13:41:39 - [INFO] - [DEBUG] Hotspot type: ORIGINAL
2025-09-10 13:41:39 - [INFO] - [DEBUG] Loading bbox layer for Posterior
2025-09-10 13:41:39 - [INFO] - [DEBUG] Looking for classification XML (NEWEST): F:\projek dosen\prototype riset\hotspot-analyzer\data\PLANAR\WKW\5001\20250115\post_hotspot_classification.xml
2025-09-10 13:41:39 - [INFO] - [DEBUG] Loading CLASSIFICATION XML for bbox: F:\projek dosen\prototype riset\hotspot-analyzer\data\PLANAR\WKW\5001\20250115\post_hotspot_classification.xml
2025-09-10 13:41:39 - [INFO] - [DEBUG] Drew CLASSIFICATION Abnormal bbox: (44,482) -> (95,537)
2025-09-10 13:41:39 - [INFO] - [DEBUG] Drew CLASSIFICATION Abnormal bbox: (111,344) -> (132,365)
2025-09-10 13:41:39 - [INFO] - [DEBUG] Drew CLASSIFICATION Abnormal bbox: (96,51) -> (117,75)
2025-09-10 13:41:39 - [INFO] - [DEBUG] Drew CLASSIFICATION Abnormal bbox: (54,483) -> (91,527)
2025-09-10 13:41:39 - [INFO] - [DEBUG]   Created CLASSIFICATION bbox visualization with 4 boxes
2025-09-10 13:41:39 - [INFO] - [DEBUG]   Loaded bbox layer: F:\projek dosen\prototype riset\hotspot-analyzer\data\PLANAR\WKW\5001\20250115\post_hotspot_classification.xml
2025-09-10 13:41:39 - [INFO] - [DEBUG] BBox XML type: ORIGINAL
2025-09-10 13:41:39 - [INFO] - [CACHE STORE] Not caching due to adjustments/overrides/invert
2025-09-10 13:41:39 - [INFO] - [DEBUG]   Loaded 4 layers for Posterior: ['Image', 'Segmentation', 'Hotspot', 'HotspotBBox']
2025-09-10 13:41:39 - [INFO] - [DEBUG] Available CLASSIFICATION layers in files: ['Image', 'Segmentation', 'Hotspot', 'HotspotBBox']
2025-09-10 13:41:39 - [INFO] - [SMART UPDATE] State updated - Type: full
2025-09-10 13:41:39 - [INFO] - [SMART UPDATE] State updated - Type: rebuild
2025-09-10 13:41:39 - [INFO] - [DEBUG] Setting default layers: 'Image' checkbox should now be ON.
2025-09-10 13:41:39 - [INFO] - [DEBUG] Active layers: ['Image']
2025-09-10 13:41:39 - [INFO] - [DEBUG] Layers changed to: ['Image']
2025-09-10 13:41:39 - [INFO] - [SMART UPDATE] Change type: layers
2025-09-10 13:41:39 - [INFO] - [SMART UPDATE] Layers added: ['Image']
2025-09-10 13:41:39 - [INFO] - [DEBUG] Timeline active layers set to: ['Image']
2025-09-10 13:41:39 - [INFO] - [SMART UPDATE] Full rebuild required for change type: layers
2025-09-10 13:41:39 - [INFO] - [DEBUG] Rebuilding timeline for active scan index: 0
2025-09-10 13:41:39 - [INFO] - [DEBUG] Creating CLASSIFICATION card 0 for view: Anterior
2025-09-10 13:41:39 - [INFO] - [DEBUG] Active layers selected: ['Image']
2025-09-10 13:41:39 - [INFO] - [DEBUG] DICOM path: F:\projek dosen\prototype riset\hotspot-analyzer\data\PLANAR\WKW\5001\20250115\5001_1.dcm
2025-09-10 13:41:39 - [INFO] - [DEBUG] Current view: Anterior
2025-09-10 13:41:39 - [INFO] - [CACHE DEBUG] use_cache=False
2025-09-10 13:41:39 - [INFO] - [CACHE DEBUG] has_adjustments=False (B=0.00, C=1.00)
2025-09-10 13:41:39 - [INFO] - [CACHE DEBUG] has_overrides=False (override_b=None, override_c=None)
2025-09-10 13:41:39 - [INFO] - [CACHE DEBUG] invert_original=True
2025-09-10 13:41:39 - [INFO] - [CACHE SKIP] Skipping cache due to adjustments/overrides/invert
2025-09-10 13:41:39 - [INFO] - [DEBUG] Path extraction: session=WKW, patient=5001, study_date=20250115
2025-09-10 13:41:39 - [INFO] - [DEBUG] Extracted patient info - ID: 5001, Session: WKW
2025-09-10 13:41:39 - [INFO] - [DEBUG] Original path: F:\projek dosen\prototype riset\hotspot-analyzer\data\PLANAR\WKW\5001\20250115\5001_1.dcm
2025-09-10 13:41:39 - [INFO] - [DEBUG] Study date: 20250115
2025-09-10 13:41:39 - [INFO] - [DEBUG] Patient ID: 5001
2025-09-10 13:41:39 - [INFO] - [DEBUG] Session code: WKW
2025-09-10 13:41:39 - [INFO] - [DEBUG] Study date folder: F:\projek dosen\prototype riset\hotspot-analyzer\data\PLANAR\WKW\5001\20250115
2025-09-10 13:41:39 - [INFO] - [DEBUG] Loading original image for Anterior
2025-09-10 13:41:39 - [INFO] - [DEBUG] Looking for original PNG in study_date dir: F:\projek dosen\prototype riset\hotspot-analyzer\data\PLANAR\WKW\5001\20250115\ant_original.png
2025-09-10 13:41:39 - [DEBUG] - STREAM b'IHDR' 16 13
2025-09-10 13:41:39 - [DEBUG] - STREAM b'IDAT' 41 65536
2025-09-10 13:41:39 - [INFO] - [DEBUG] Loaded original PNG from study_date dir: (256, 1024)
2025-09-10 13:41:39 - [INFO] - [DEBUG] Original image loaded: (256, 1024)
2025-09-10 13:41:39 - [INFO] - [DEBUG] Applying invert to original image
2025-09-10 13:41:39 - [INFO] - [DEBUG] simple_invert_pil_image: Processing L image, size = (256, 1024)
2025-09-10 13:41:39 - [INFO] - [DEBUG] simple_invert_image: input shape = (1024, 256), dtype = uint8
2025-09-10 13:41:39 - [INFO] - [DEBUG] Simple inversion completed: [0-255] -> [0-255]
2025-09-10 13:41:39 - [INFO] - [DEBUG] simple_invert_pil_image: completed
2025-09-10 13:41:39 - [INFO] - [DEBUG] Using STORED B/C values: B=0.00, C=1.00
2025-09-10 13:41:39 - [INFO] - [DEBUG]   Image layer loaded and processed
2025-09-10 13:41:39 - [INFO] - [DEBUG] Loading segmentation layer for Anterior
2025-09-10 13:41:39 - [INFO] - [DEBUG] Looking for segmentation (NEWEST): F:\projek dosen\prototype riset\hotspot-analyzer\data\PLANAR\WKW\5001\20250115\ant_segm.png
2025-09-10 13:41:39 - [DEBUG] - STREAM b'IHDR' 16 13
2025-09-10 13:41:39 - [DEBUG] - STREAM b'IDAT' 41 6383
2025-09-10 13:41:39 - [INFO] - [DEBUG]   Loaded segmentation with transparency: F:\projek dosen\prototype riset\hotspot-analyzer\data\PLANAR\WKW\5001\20250115\ant_segm.png
2025-09-10 13:41:39 - [INFO] - [DEBUG] Segmentation type: ORIGINAL
2025-09-10 13:41:39 - [INFO] - [DEBUG] Loading hotspot layer for Anterior
2025-09-10 13:41:39 - [INFO] - [DEBUG] Looking for hotspot classification (NEWEST): F:\projek dosen\prototype riset\hotspot-analyzer\data\PLANAR\WKW\5001\20250115\20250910\ant_hotspot_classification_133505.png
2025-09-10 13:41:39 - [DEBUG] - STREAM b'IHDR' 16 13
2025-09-10 13:41:39 - [DEBUG] - STREAM b'IDAT' 41 1389
2025-09-10 13:41:39 - [INFO] - [DEBUG]   Loaded hotspot layer: F:\projek dosen\prototype riset\hotspot-analyzer\data\PLANAR\WKW\5001\20250115\20250910\ant_hotspot_classification_133505.png
2025-09-10 13:41:39 - [INFO] - [DEBUG] Hotspot type: EDITED
2025-09-10 13:41:39 - [INFO] - [DEBUG] Loading bbox layer for Anterior
2025-09-10 13:41:39 - [INFO] - [DEBUG] Looking for classification XML (NEWEST): F:\projek dosen\prototype riset\hotspot-analyzer\data\PLANAR\WKW\5001\20250115\20250910\ant_hotspot_classification_133505.xml
2025-09-10 13:41:39 - [INFO] - [DEBUG] Loading CLASSIFICATION XML for bbox: F:\projek dosen\prototype riset\hotspot-analyzer\data\PLANAR\WKW\5001\20250115\20250910\ant_hotspot_classification_133505.xml
2025-09-10 13:41:39 - [INFO] - [DEBUG] Drew CLASSIFICATION Abnormal bbox: (194,150) -> (214,171)
2025-09-10 13:41:39 - [INFO] - [DEBUG] Drew CLASSIFICATION Abnormal bbox: (156,480) -> (188,511)
2025-09-10 13:41:39 - [INFO] - [DEBUG] Drew CLASSIFICATION Normal bbox: (63,210) -> (98,271)
2025-09-10 13:41:39 - [INFO] - [DEBUG]   Created CLASSIFICATION bbox visualization with 3 boxes
2025-09-10 13:41:39 - [INFO] - [DEBUG]   Loaded bbox layer: F:\projek dosen\prototype riset\hotspot-analyzer\data\PLANAR\WKW\5001\20250115\20250910\ant_hotspot_classification_133505.xml
2025-09-10 13:41:39 - [INFO] - [DEBUG] BBox XML type: EDITED
2025-09-10 13:41:39 - [INFO] - [CACHE STORE] Not caching due to adjustments/overrides/invert
2025-09-10 13:41:39 - [INFO] - [DEBUG]   Loaded 4 layers for Anterior: ['Image', 'Segmentation', 'Hotspot', 'HotspotBBox']
2025-09-10 13:41:39 - [INFO] - [DEBUG] Available CLASSIFICATION layers in files: ['Image', 'Segmentation', 'Hotspot', 'HotspotBBox']
2025-09-10 13:41:39 - [INFO] - [DEBUG]   Added CLASSIFICATION Image to card 0 (opacity: 1.00)
2025-09-10 13:41:39 - [INFO] - [DEBUG]   CLASSIFICATION card 0 composite created with layers: ['Image']
2025-09-10 13:41:39 - [INFO] - [DEBUG] Creating CLASSIFICATION card 0 for view: Posterior
2025-09-10 13:41:39 - [INFO] - [DEBUG] Active layers selected: ['Image']
2025-09-10 13:41:39 - [INFO] - [DEBUG] DICOM path: F:\projek dosen\prototype riset\hotspot-analyzer\data\PLANAR\WKW\5001\20250115\5001_1.dcm
2025-09-10 13:41:39 - [INFO] - [DEBUG] Current view: Posterior
2025-09-10 13:41:39 - [INFO] - [CACHE DEBUG] use_cache=False
2025-09-10 13:41:39 - [INFO] - [CACHE DEBUG] has_adjustments=False (B=0.00, C=1.00)
2025-09-10 13:41:39 - [INFO] - [CACHE DEBUG] has_overrides=False (override_b=None, override_c=None)
2025-09-10 13:41:39 - [INFO] - [CACHE DEBUG] invert_original=True
2025-09-10 13:41:39 - [INFO] - [CACHE SKIP] Skipping cache due to adjustments/overrides/invert
2025-09-10 13:41:39 - [INFO] - [DEBUG] Path extraction: session=WKW, patient=5001, study_date=20250115
2025-09-10 13:41:39 - [INFO] - [DEBUG] Extracted patient info - ID: 5001, Session: WKW
2025-09-10 13:41:39 - [INFO] - [DEBUG] Original path: F:\projek dosen\prototype riset\hotspot-analyzer\data\PLANAR\WKW\5001\20250115\5001_1.dcm
2025-09-10 13:41:39 - [INFO] - [DEBUG] Study date: 20250115
2025-09-10 13:41:39 - [INFO] - [DEBUG] Patient ID: 5001
2025-09-10 13:41:39 - [INFO] - [DEBUG] Session code: WKW
2025-09-10 13:41:39 - [INFO] - [DEBUG] Study date folder: F:\projek dosen\prototype riset\hotspot-analyzer\data\PLANAR\WKW\5001\20250115
2025-09-10 13:41:39 - [INFO] - [DEBUG] Loading original image for Posterior
2025-09-10 13:41:39 - [INFO] - [DEBUG] Looking for original PNG in study_date dir: F:\projek dosen\prototype riset\hotspot-analyzer\data\PLANAR\WKW\5001\20250115\post_original.png
2025-09-10 13:41:39 - [DEBUG] - STREAM b'IHDR' 16 13
2025-09-10 13:41:39 - [DEBUG] - STREAM b'IDAT' 41 65536
2025-09-10 13:41:39 - [INFO] - [DEBUG] Loaded original PNG from study_date dir: (256, 1024)
2025-09-10 13:41:39 - [INFO] - [DEBUG] Original image loaded: (256, 1024)
2025-09-10 13:41:39 - [INFO] - [DEBUG] Applying invert to original image
2025-09-10 13:41:39 - [INFO] - [DEBUG] simple_invert_pil_image: Processing L image, size = (256, 1024)
2025-09-10 13:41:39 - [INFO] - [DEBUG] simple_invert_image: input shape = (1024, 256), dtype = uint8
2025-09-10 13:41:39 - [INFO] - [DEBUG] Simple inversion completed: [0-255] -> [0-255]
2025-09-10 13:41:39 - [INFO] - [DEBUG] simple_invert_pil_image: completed
2025-09-10 13:41:39 - [INFO] - [DEBUG] Using STORED B/C values: B=0.00, C=1.00
2025-09-10 13:41:39 - [INFO] - [DEBUG]   Image layer loaded and processed
2025-09-10 13:41:39 - [INFO] - [DEBUG] Loading segmentation layer for Posterior
2025-09-10 13:41:39 - [INFO] - [DEBUG] Looking for segmentation (NEWEST): F:\projek dosen\prototype riset\hotspot-analyzer\data\PLANAR\WKW\5001\20250115\post_segm.png
2025-09-10 13:41:39 - [DEBUG] - STREAM b'IHDR' 16 13
2025-09-10 13:41:39 - [DEBUG] - STREAM b'IDAT' 41 6139
2025-09-10 13:41:39 - [INFO] - [DEBUG]   Loaded segmentation with transparency: F:\projek dosen\prototype riset\hotspot-analyzer\data\PLANAR\WKW\5001\20250115\post_segm.png
2025-09-10 13:41:39 - [INFO] - [DEBUG] Segmentation type: ORIGINAL
2025-09-10 13:41:39 - [INFO] - [DEBUG] Loading hotspot layer for Posterior
2025-09-10 13:41:39 - [INFO] - [DEBUG] Looking for hotspot classification (NEWEST): F:\projek dosen\prototype riset\hotspot-analyzer\data\PLANAR\WKW\5001\20250115\post_hotspot_classification.png
2025-09-10 13:41:39 - [DEBUG] - STREAM b'IHDR' 16 13
2025-09-10 13:41:39 - [DEBUG] - STREAM b'IDAT' 41 1317
2025-09-10 13:41:39 - [INFO] - [DEBUG]   Loaded hotspot layer: F:\projek dosen\prototype riset\hotspot-analyzer\data\PLANAR\WKW\5001\20250115\post_hotspot_classification.png
2025-09-10 13:41:39 - [INFO] - [DEBUG] Hotspot type: ORIGINAL
2025-09-10 13:41:39 - [INFO] - [DEBUG] Loading bbox layer for Posterior
2025-09-10 13:41:39 - [INFO] - [DEBUG] Looking for classification XML (NEWEST): F:\projek dosen\prototype riset\hotspot-analyzer\data\PLANAR\WKW\5001\20250115\post_hotspot_classification.xml
2025-09-10 13:41:39 - [INFO] - [DEBUG] Loading CLASSIFICATION XML for bbox: F:\projek dosen\prototype riset\hotspot-analyzer\data\PLANAR\WKW\5001\20250115\post_hotspot_classification.xml
2025-09-10 13:41:39 - [INFO] - [DEBUG] Drew CLASSIFICATION Abnormal bbox: (44,482) -> (95,537)
2025-09-10 13:41:39 - [INFO] - [DEBUG] Drew CLASSIFICATION Abnormal bbox: (111,344) -> (132,365)
2025-09-10 13:41:39 - [INFO] - [DEBUG] Drew CLASSIFICATION Abnormal bbox: (96,51) -> (117,75)
2025-09-10 13:41:39 - [INFO] - [DEBUG] Drew CLASSIFICATION Abnormal bbox: (54,483) -> (91,527)
2025-09-10 13:41:39 - [INFO] - [DEBUG]   Created CLASSIFICATION bbox visualization with 4 boxes
2025-09-10 13:41:39 - [INFO] - [DEBUG]   Loaded bbox layer: F:\projek dosen\prototype riset\hotspot-analyzer\data\PLANAR\WKW\5001\20250115\post_hotspot_classification.xml
2025-09-10 13:41:39 - [INFO] - [DEBUG] BBox XML type: ORIGINAL
2025-09-10 13:41:39 - [INFO] - [CACHE STORE] Not caching due to adjustments/overrides/invert
2025-09-10 13:41:39 - [INFO] - [DEBUG]   Loaded 4 layers for Posterior: ['Image', 'Segmentation', 'Hotspot', 'HotspotBBox']
2025-09-10 13:41:39 - [INFO] - [DEBUG] Available CLASSIFICATION layers in files: ['Image', 'Segmentation', 'Hotspot', 'HotspotBBox']
2025-09-10 13:41:39 - [INFO] - [DEBUG]   Added CLASSIFICATION Image to card 0 (opacity: 1.00)
2025-09-10 13:41:39 - [INFO] - [DEBUG]   CLASSIFICATION card 0 composite created with layers: ['Image']
2025-09-10 13:41:39 - [INFO] - [SMART UPDATE] State updated - Type: full
2025-09-10 13:41:39 - [INFO] - [SMART UPDATE] State updated - Type: layers
2025-09-10 13:41:39 - [INFO] - [DEBUG] Path extraction: session=WKW, patient=5001, study_date=20250115
2025-09-10 13:41:39 - [INFO] - [DEBUG] Extracted patient info - ID: 5001, Session: WKW
2025-09-10 13:41:39 - [INFO] - [DEBUG] Original path: F:\projek dosen\prototype riset\hotspot-analyzer\data\PLANAR\WKW\5001\20250115\5001_1.dcm
2025-09-10 13:41:39 - [INFO] - [EDIT BUTTONS] Has scan: True, Has seg data: True, Can edit hotspot: True
2025-09-10 13:41:39 - [INFO] - [EDIT BUTTONS] Seg button enabled: True, Hotspot button enabled: True
2025-09-10 13:41:39 - [INFO] - [DEBUG] All data loaded. Total scans: 1
2025-09-10 13:41:39 - [INFO] - [DEBUG] Layers changed to: []
2025-09-10 13:41:39 - [INFO] - [SMART UPDATE] Change type: layers
2025-09-10 13:41:39 - [INFO] - [SMART UPDATE] Layers removed: ['Image']
2025-09-10 13:41:39 - [INFO] - [DEBUG] Timeline active layers set to: []
2025-09-10 13:41:39 - [INFO] - [SMART UPDATE] Full rebuild required for change type: layers
2025-09-10 13:41:39 - [INFO] - [DEBUG] Rebuilding timeline for active scan index: 0
2025-09-10 13:41:39 - [INFO] - [DEBUG] Creating CLASSIFICATION card 0 for view: Anterior
2025-09-10 13:41:39 - [INFO] - [DEBUG] Active layers selected: []
2025-09-10 13:41:39 - [INFO] - [DEBUG] DICOM path: F:\projek dosen\prototype riset\hotspot-analyzer\data\PLANAR\WKW\5001\20250115\5001_1.dcm
2025-09-10 13:41:39 - [INFO] - [DEBUG] Current view: Anterior
2025-09-10 13:41:39 - [INFO] - [CACHE DEBUG] use_cache=False
2025-09-10 13:41:39 - [INFO] - [CACHE DEBUG] has_adjustments=False (B=0.00, C=1.00)
2025-09-10 13:41:39 - [INFO] - [CACHE DEBUG] has_overrides=False (override_b=None, override_c=None)
2025-09-10 13:41:39 - [INFO] - [CACHE DEBUG] invert_original=True
2025-09-10 13:41:39 - [INFO] - [CACHE SKIP] Skipping cache due to adjustments/overrides/invert
2025-09-10 13:41:39 - [INFO] - [DEBUG] Path extraction: session=WKW, patient=5001, study_date=20250115
2025-09-10 13:41:39 - [INFO] - [DEBUG] Extracted patient info - ID: 5001, Session: WKW
2025-09-10 13:41:39 - [INFO] - [DEBUG] Original path: F:\projek dosen\prototype riset\hotspot-analyzer\data\PLANAR\WKW\5001\20250115\5001_1.dcm
2025-09-10 13:41:39 - [INFO] - [DEBUG] Study date: 20250115
2025-09-10 13:41:39 - [INFO] - [DEBUG] Patient ID: 5001
2025-09-10 13:41:39 - [INFO] - [DEBUG] Session code: WKW
2025-09-10 13:41:39 - [INFO] - [DEBUG] Study date folder: F:\projek dosen\prototype riset\hotspot-analyzer\data\PLANAR\WKW\5001\20250115
2025-09-10 13:41:39 - [INFO] - [DEBUG] Loading original image for Anterior
2025-09-10 13:41:39 - [INFO] - [DEBUG] Looking for original PNG in study_date dir: F:\projek dosen\prototype riset\hotspot-analyzer\data\PLANAR\WKW\5001\20250115\ant_original.png
2025-09-10 13:41:39 - [DEBUG] - STREAM b'IHDR' 16 13
2025-09-10 13:41:39 - [DEBUG] - STREAM b'IDAT' 41 65536
2025-09-10 13:41:39 - [INFO] - [DEBUG] Loaded original PNG from study_date dir: (256, 1024)
2025-09-10 13:41:39 - [INFO] - [DEBUG] Original image loaded: (256, 1024)
2025-09-10 13:41:39 - [INFO] - [DEBUG] Applying invert to original image
2025-09-10 13:41:39 - [INFO] - [DEBUG] simple_invert_pil_image: Processing L image, size = (256, 1024)
2025-09-10 13:41:39 - [INFO] - [DEBUG] simple_invert_image: input shape = (1024, 256), dtype = uint8
2025-09-10 13:41:39 - [INFO] - [DEBUG] Simple inversion completed: [0-255] -> [0-255]
2025-09-10 13:41:39 - [INFO] - [DEBUG] simple_invert_pil_image: completed
2025-09-10 13:41:39 - [INFO] - [DEBUG] Using STORED B/C values: B=0.00, C=1.00
2025-09-10 13:41:39 - [INFO] - [DEBUG]   Image layer loaded and processed
2025-09-10 13:41:39 - [INFO] - [DEBUG] Loading segmentation layer for Anterior
2025-09-10 13:41:39 - [INFO] - [DEBUG] Looking for segmentation (NEWEST): F:\projek dosen\prototype riset\hotspot-analyzer\data\PLANAR\WKW\5001\20250115\ant_segm.png
2025-09-10 13:41:39 - [DEBUG] - STREAM b'IHDR' 16 13
2025-09-10 13:41:39 - [DEBUG] - STREAM b'IDAT' 41 6383
2025-09-10 13:41:39 - [INFO] - [DEBUG]   Loaded segmentation with transparency: F:\projek dosen\prototype riset\hotspot-analyzer\data\PLANAR\WKW\5001\20250115\ant_segm.png
2025-09-10 13:41:39 - [INFO] - [DEBUG] Segmentation type: ORIGINAL
2025-09-10 13:41:39 - [INFO] - [DEBUG] Loading hotspot layer for Anterior
2025-09-10 13:41:39 - [INFO] - [DEBUG] Looking for hotspot classification (NEWEST): F:\projek dosen\prototype riset\hotspot-analyzer\data\PLANAR\WKW\5001\20250115\20250910\ant_hotspot_classification_133505.png
2025-09-10 13:41:39 - [DEBUG] - STREAM b'IHDR' 16 13
2025-09-10 13:41:39 - [DEBUG] - STREAM b'IDAT' 41 1389
2025-09-10 13:41:39 - [INFO] - [DEBUG]   Loaded hotspot layer: F:\projek dosen\prototype riset\hotspot-analyzer\data\PLANAR\WKW\5001\20250115\20250910\ant_hotspot_classification_133505.png
2025-09-10 13:41:39 - [INFO] - [DEBUG] Hotspot type: EDITED
2025-09-10 13:41:39 - [INFO] - [DEBUG] Loading bbox layer for Anterior
2025-09-10 13:41:39 - [INFO] - [DEBUG] Looking for classification XML (NEWEST): F:\projek dosen\prototype riset\hotspot-analyzer\data\PLANAR\WKW\5001\20250115\20250910\ant_hotspot_classification_133505.xml
2025-09-10 13:41:39 - [INFO] - [DEBUG] Loading CLASSIFICATION XML for bbox: F:\projek dosen\prototype riset\hotspot-analyzer\data\PLANAR\WKW\5001\20250115\20250910\ant_hotspot_classification_133505.xml
2025-09-10 13:41:39 - [INFO] - [DEBUG] Drew CLASSIFICATION Abnormal bbox: (194,150) -> (214,171)
2025-09-10 13:41:39 - [INFO] - [DEBUG] Drew CLASSIFICATION Abnormal bbox: (156,480) -> (188,511)
2025-09-10 13:41:39 - [INFO] - [DEBUG] Drew CLASSIFICATION Normal bbox: (63,210) -> (98,271)
2025-09-10 13:41:39 - [INFO] - [DEBUG]   Created CLASSIFICATION bbox visualization with 3 boxes
2025-09-10 13:41:39 - [INFO] - [DEBUG]   Loaded bbox layer: F:\projek dosen\prototype riset\hotspot-analyzer\data\PLANAR\WKW\5001\20250115\20250910\ant_hotspot_classification_133505.xml
2025-09-10 13:41:39 - [INFO] - [DEBUG] BBox XML type: EDITED
2025-09-10 13:41:39 - [INFO] - [CACHE STORE] Not caching due to adjustments/overrides/invert
2025-09-10 13:41:39 - [INFO] - [DEBUG]   Loaded 4 layers for Anterior: ['Image', 'Segmentation', 'Hotspot', 'HotspotBBox']
2025-09-10 13:41:39 - [INFO] - [DEBUG] Available CLASSIFICATION layers in files: ['Image', 'Segmentation', 'Hotspot', 'HotspotBBox']
2025-09-10 13:41:39 - [INFO] - [DEBUG] Creating CLASSIFICATION card 0 for view: Posterior
2025-09-10 13:41:39 - [INFO] - [DEBUG] Active layers selected: []
2025-09-10 13:41:39 - [INFO] - [DEBUG] DICOM path: F:\projek dosen\prototype riset\hotspot-analyzer\data\PLANAR\WKW\5001\20250115\5001_1.dcm
2025-09-10 13:41:39 - [INFO] - [DEBUG] Current view: Posterior
2025-09-10 13:41:39 - [INFO] - [CACHE DEBUG] use_cache=False
2025-09-10 13:41:39 - [INFO] - [CACHE DEBUG] has_adjustments=False (B=0.00, C=1.00)
2025-09-10 13:41:39 - [INFO] - [CACHE DEBUG] has_overrides=False (override_b=None, override_c=None)
2025-09-10 13:41:39 - [INFO] - [CACHE DEBUG] invert_original=True
2025-09-10 13:41:39 - [INFO] - [CACHE SKIP] Skipping cache due to adjustments/overrides/invert
2025-09-10 13:41:39 - [INFO] - [DEBUG] Path extraction: session=WKW, patient=5001, study_date=20250115
2025-09-10 13:41:39 - [INFO] - [DEBUG] Extracted patient info - ID: 5001, Session: WKW
2025-09-10 13:41:39 - [INFO] - [DEBUG] Original path: F:\projek dosen\prototype riset\hotspot-analyzer\data\PLANAR\WKW\5001\20250115\5001_1.dcm
2025-09-10 13:41:39 - [INFO] - [DEBUG] Study date: 20250115
2025-09-10 13:41:39 - [INFO] - [DEBUG] Patient ID: 5001
2025-09-10 13:41:39 - [INFO] - [DEBUG] Session code: WKW
2025-09-10 13:41:39 - [INFO] - [DEBUG] Study date folder: F:\projek dosen\prototype riset\hotspot-analyzer\data\PLANAR\WKW\5001\20250115
2025-09-10 13:41:39 - [INFO] - [DEBUG] Loading original image for Posterior
2025-09-10 13:41:39 - [INFO] - [DEBUG] Looking for original PNG in study_date dir: F:\projek dosen\prototype riset\hotspot-analyzer\data\PLANAR\WKW\5001\20250115\post_original.png
2025-09-10 13:41:39 - [DEBUG] - STREAM b'IHDR' 16 13
2025-09-10 13:41:39 - [DEBUG] - STREAM b'IDAT' 41 65536
2025-09-10 13:41:39 - [INFO] - [DEBUG] Loaded original PNG from study_date dir: (256, 1024)
2025-09-10 13:41:39 - [INFO] - [DEBUG] Original image loaded: (256, 1024)
2025-09-10 13:41:39 - [INFO] - [DEBUG] Applying invert to original image
2025-09-10 13:41:39 - [INFO] - [DEBUG] simple_invert_pil_image: Processing L image, size = (256, 1024)
2025-09-10 13:41:39 - [INFO] - [DEBUG] simple_invert_image: input shape = (1024, 256), dtype = uint8
2025-09-10 13:41:39 - [INFO] - [DEBUG] Simple inversion completed: [0-255] -> [0-255]
2025-09-10 13:41:39 - [INFO] - [DEBUG] simple_invert_pil_image: completed
2025-09-10 13:41:39 - [INFO] - [DEBUG] Using STORED B/C values: B=0.00, C=1.00
2025-09-10 13:41:39 - [INFO] - [DEBUG]   Image layer loaded and processed
2025-09-10 13:41:39 - [INFO] - [DEBUG] Loading segmentation layer for Posterior
2025-09-10 13:41:39 - [INFO] - [DEBUG] Looking for segmentation (NEWEST): F:\projek dosen\prototype riset\hotspot-analyzer\data\PLANAR\WKW\5001\20250115\post_segm.png
2025-09-10 13:41:39 - [DEBUG] - STREAM b'IHDR' 16 13
2025-09-10 13:41:39 - [DEBUG] - STREAM b'IDAT' 41 6139
2025-09-10 13:41:39 - [INFO] - [DEBUG]   Loaded segmentation with transparency: F:\projek dosen\prototype riset\hotspot-analyzer\data\PLANAR\WKW\5001\20250115\post_segm.png
2025-09-10 13:41:39 - [INFO] - [DEBUG] Segmentation type: ORIGINAL
2025-09-10 13:41:39 - [INFO] - [DEBUG] Loading hotspot layer for Posterior
2025-09-10 13:41:39 - [INFO] - [DEBUG] Looking for hotspot classification (NEWEST): F:\projek dosen\prototype riset\hotspot-analyzer\data\PLANAR\WKW\5001\20250115\post_hotspot_classification.png
2025-09-10 13:41:39 - [DEBUG] - STREAM b'IHDR' 16 13
2025-09-10 13:41:39 - [DEBUG] - STREAM b'IDAT' 41 1317
2025-09-10 13:41:39 - [INFO] - [DEBUG]   Loaded hotspot layer: F:\projek dosen\prototype riset\hotspot-analyzer\data\PLANAR\WKW\5001\20250115\post_hotspot_classification.png
2025-09-10 13:41:39 - [INFO] - [DEBUG] Hotspot type: ORIGINAL
2025-09-10 13:41:39 - [INFO] - [DEBUG] Loading bbox layer for Posterior
2025-09-10 13:41:39 - [INFO] - [DEBUG] Looking for classification XML (NEWEST): F:\projek dosen\prototype riset\hotspot-analyzer\data\PLANAR\WKW\5001\20250115\post_hotspot_classification.xml
2025-09-10 13:41:39 - [INFO] - [DEBUG] Loading CLASSIFICATION XML for bbox: F:\projek dosen\prototype riset\hotspot-analyzer\data\PLANAR\WKW\5001\20250115\post_hotspot_classification.xml
2025-09-10 13:41:39 - [INFO] - [DEBUG] Drew CLASSIFICATION Abnormal bbox: (44,482) -> (95,537)
2025-09-10 13:41:39 - [INFO] - [DEBUG] Drew CLASSIFICATION Abnormal bbox: (111,344) -> (132,365)
2025-09-10 13:41:39 - [INFO] - [DEBUG] Drew CLASSIFICATION Abnormal bbox: (96,51) -> (117,75)
2025-09-10 13:41:39 - [INFO] - [DEBUG] Drew CLASSIFICATION Abnormal bbox: (54,483) -> (91,527)
2025-09-10 13:41:39 - [INFO] - [DEBUG]   Created CLASSIFICATION bbox visualization with 4 boxes
2025-09-10 13:41:39 - [INFO] - [DEBUG]   Loaded bbox layer: F:\projek dosen\prototype riset\hotspot-analyzer\data\PLANAR\WKW\5001\20250115\post_hotspot_classification.xml
2025-09-10 13:41:39 - [INFO] - [DEBUG] BBox XML type: ORIGINAL
2025-09-10 13:41:39 - [INFO] - [CACHE STORE] Not caching due to adjustments/overrides/invert
2025-09-10 13:41:39 - [INFO] - [DEBUG]   Loaded 4 layers for Posterior: ['Image', 'Segmentation', 'Hotspot', 'HotspotBBox']
2025-09-10 13:41:39 - [INFO] - [DEBUG] Available CLASSIFICATION layers in files: ['Image', 'Segmentation', 'Hotspot', 'HotspotBBox']
2025-09-10 13:41:39 - [INFO] - [SMART UPDATE] State updated - Type: full
2025-09-10 13:41:39 - [INFO] - [SMART UPDATE] State updated - Type: layers
2025-09-10 13:41:39 - [INFO] - [DEBUG] Path extraction: session=WKW, patient=5001, study_date=20250115
2025-09-10 13:41:39 - [INFO] - [DEBUG] Extracted patient info - ID: 5001, Session: WKW
2025-09-10 13:41:39 - [INFO] - [DEBUG] Original path: F:\projek dosen\prototype riset\hotspot-analyzer\data\PLANAR\WKW\5001\20250115\5001_1.dcm
2025-09-10 13:41:39 - [INFO] - [EDIT BUTTONS] Has scan: True, Has seg data: True, Can edit hotspot: True
2025-09-10 13:41:39 - [INFO] - [EDIT BUTTONS] Seg button enabled: True, Hotspot button enabled: True
2025-09-10 13:41:39 - [INFO] - [SMART UPDATE] Change type: none
2025-09-10 13:41:39 - [INFO] - [DEBUG] Timeline active layers set to: []
2025-09-10 13:41:39 - [INFO] - [SMART UPDATE] No changes detected, skipping update
2025-09-10 13:41:39 - [INFO] - [DEBUG] Set Image opacity to 1.00
2025-09-10 13:41:39 - [INFO] - [SMART UPDATE] Change type: none
2025-09-10 13:41:39 - [INFO] - [SMART UPDATE] Using full rebuild for opacity change
2025-09-10 13:41:39 - [INFO] - [DEBUG] Rebuilding timeline for active scan index: 0
2025-09-10 13:41:39 - [INFO] - [DEBUG] Creating CLASSIFICATION card 0 for view: Anterior
2025-09-10 13:41:39 - [INFO] - [DEBUG] Active layers selected: []
2025-09-10 13:41:39 - [INFO] - [DEBUG] DICOM path: F:\projek dosen\prototype riset\hotspot-analyzer\data\PLANAR\WKW\5001\20250115\5001_1.dcm
2025-09-10 13:41:39 - [INFO] - [DEBUG] Current view: Anterior
2025-09-10 13:41:39 - [INFO] - [CACHE DEBUG] use_cache=False
2025-09-10 13:41:39 - [INFO] - [CACHE DEBUG] has_adjustments=False (B=0.00, C=1.00)
2025-09-10 13:41:39 - [INFO] - [CACHE DEBUG] has_overrides=False (override_b=None, override_c=None)
2025-09-10 13:41:39 - [INFO] - [CACHE DEBUG] invert_original=True
2025-09-10 13:41:39 - [INFO] - [CACHE SKIP] Skipping cache due to adjustments/overrides/invert
2025-09-10 13:41:39 - [INFO] - [DEBUG] Path extraction: session=WKW, patient=5001, study_date=20250115
2025-09-10 13:41:39 - [INFO] - [DEBUG] Extracted patient info - ID: 5001, Session: WKW
2025-09-10 13:41:39 - [INFO] - [DEBUG] Original path: F:\projek dosen\prototype riset\hotspot-analyzer\data\PLANAR\WKW\5001\20250115\5001_1.dcm
2025-09-10 13:41:39 - [INFO] - [DEBUG] Study date: 20250115
2025-09-10 13:41:39 - [INFO] - [DEBUG] Patient ID: 5001
2025-09-10 13:41:39 - [INFO] - [DEBUG] Session code: WKW
2025-09-10 13:41:39 - [INFO] - [DEBUG] Study date folder: F:\projek dosen\prototype riset\hotspot-analyzer\data\PLANAR\WKW\5001\20250115
2025-09-10 13:41:39 - [INFO] - [DEBUG] Loading original image for Anterior
2025-09-10 13:41:39 - [INFO] - [DEBUG] Looking for original PNG in study_date dir: F:\projek dosen\prototype riset\hotspot-analyzer\data\PLANAR\WKW\5001\20250115\ant_original.png
2025-09-10 13:41:39 - [DEBUG] - STREAM b'IHDR' 16 13
2025-09-10 13:41:39 - [DEBUG] - STREAM b'IDAT' 41 65536
2025-09-10 13:41:39 - [INFO] - [DEBUG] Loaded original PNG from study_date dir: (256, 1024)
2025-09-10 13:41:39 - [INFO] - [DEBUG] Original image loaded: (256, 1024)
2025-09-10 13:41:39 - [INFO] - [DEBUG] Applying invert to original image
2025-09-10 13:41:39 - [INFO] - [DEBUG] simple_invert_pil_image: Processing L image, size = (256, 1024)
2025-09-10 13:41:39 - [INFO] - [DEBUG] simple_invert_image: input shape = (1024, 256), dtype = uint8
2025-09-10 13:41:39 - [INFO] - [DEBUG] Simple inversion completed: [0-255] -> [0-255]
2025-09-10 13:41:39 - [INFO] - [DEBUG] simple_invert_pil_image: completed
2025-09-10 13:41:39 - [INFO] - [DEBUG] Using STORED B/C values: B=0.00, C=1.00
2025-09-10 13:41:39 - [INFO] - [DEBUG]   Image layer loaded and processed
2025-09-10 13:41:39 - [INFO] - [DEBUG] Loading segmentation layer for Anterior
2025-09-10 13:41:39 - [INFO] - [DEBUG] Looking for segmentation (NEWEST): F:\projek dosen\prototype riset\hotspot-analyzer\data\PLANAR\WKW\5001\20250115\ant_segm.png
2025-09-10 13:41:39 - [DEBUG] - STREAM b'IHDR' 16 13
2025-09-10 13:41:39 - [DEBUG] - STREAM b'IDAT' 41 6383
2025-09-10 13:41:39 - [INFO] - [DEBUG]   Loaded segmentation with transparency: F:\projek dosen\prototype riset\hotspot-analyzer\data\PLANAR\WKW\5001\20250115\ant_segm.png
2025-09-10 13:41:39 - [INFO] - [DEBUG] Segmentation type: ORIGINAL
2025-09-10 13:41:39 - [INFO] - [DEBUG] Loading hotspot layer for Anterior
2025-09-10 13:41:39 - [INFO] - [DEBUG] Looking for hotspot classification (NEWEST): F:\projek dosen\prototype riset\hotspot-analyzer\data\PLANAR\WKW\5001\20250115\20250910\ant_hotspot_classification_133505.png
2025-09-10 13:41:39 - [DEBUG] - STREAM b'IHDR' 16 13
2025-09-10 13:41:39 - [DEBUG] - STREAM b'IDAT' 41 1389
2025-09-10 13:41:39 - [INFO] - [DEBUG]   Loaded hotspot layer: F:\projek dosen\prototype riset\hotspot-analyzer\data\PLANAR\WKW\5001\20250115\20250910\ant_hotspot_classification_133505.png
2025-09-10 13:41:39 - [INFO] - [DEBUG] Hotspot type: EDITED
2025-09-10 13:41:39 - [INFO] - [DEBUG] Loading bbox layer for Anterior
2025-09-10 13:41:39 - [INFO] - [DEBUG] Looking for classification XML (NEWEST): F:\projek dosen\prototype riset\hotspot-analyzer\data\PLANAR\WKW\5001\20250115\20250910\ant_hotspot_classification_133505.xml
2025-09-10 13:41:39 - [INFO] - [DEBUG] Loading CLASSIFICATION XML for bbox: F:\projek dosen\prototype riset\hotspot-analyzer\data\PLANAR\WKW\5001\20250115\20250910\ant_hotspot_classification_133505.xml
2025-09-10 13:41:39 - [INFO] - [DEBUG] Drew CLASSIFICATION Abnormal bbox: (194,150) -> (214,171)
2025-09-10 13:41:39 - [INFO] - [DEBUG] Drew CLASSIFICATION Abnormal bbox: (156,480) -> (188,511)
2025-09-10 13:41:39 - [INFO] - [DEBUG] Drew CLASSIFICATION Normal bbox: (63,210) -> (98,271)
2025-09-10 13:41:39 - [INFO] - [DEBUG]   Created CLASSIFICATION bbox visualization with 3 boxes
2025-09-10 13:41:39 - [INFO] - [DEBUG]   Loaded bbox layer: F:\projek dosen\prototype riset\hotspot-analyzer\data\PLANAR\WKW\5001\20250115\20250910\ant_hotspot_classification_133505.xml
2025-09-10 13:41:39 - [INFO] - [DEBUG] BBox XML type: EDITED
2025-09-10 13:41:39 - [INFO] - [CACHE STORE] Not caching due to adjustments/overrides/invert
2025-09-10 13:41:39 - [INFO] - [DEBUG]   Loaded 4 layers for Anterior: ['Image', 'Segmentation', 'Hotspot', 'HotspotBBox']
2025-09-10 13:41:39 - [INFO] - [DEBUG] Available CLASSIFICATION layers in files: ['Image', 'Segmentation', 'Hotspot', 'HotspotBBox']
2025-09-10 13:41:39 - [INFO] - [DEBUG] Creating CLASSIFICATION card 0 for view: Posterior
2025-09-10 13:41:39 - [INFO] - [DEBUG] Active layers selected: []
2025-09-10 13:41:39 - [INFO] - [DEBUG] DICOM path: F:\projek dosen\prototype riset\hotspot-analyzer\data\PLANAR\WKW\5001\20250115\5001_1.dcm
2025-09-10 13:41:39 - [INFO] - [DEBUG] Current view: Posterior
2025-09-10 13:41:39 - [INFO] - [CACHE DEBUG] use_cache=False
2025-09-10 13:41:39 - [INFO] - [CACHE DEBUG] has_adjustments=False (B=0.00, C=1.00)
2025-09-10 13:41:39 - [INFO] - [CACHE DEBUG] has_overrides=False (override_b=None, override_c=None)
2025-09-10 13:41:39 - [INFO] - [CACHE DEBUG] invert_original=True
2025-09-10 13:41:39 - [INFO] - [CACHE SKIP] Skipping cache due to adjustments/overrides/invert
2025-09-10 13:41:39 - [INFO] - [DEBUG] Path extraction: session=WKW, patient=5001, study_date=20250115
2025-09-10 13:41:39 - [INFO] - [DEBUG] Extracted patient info - ID: 5001, Session: WKW
2025-09-10 13:41:39 - [INFO] - [DEBUG] Original path: F:\projek dosen\prototype riset\hotspot-analyzer\data\PLANAR\WKW\5001\20250115\5001_1.dcm
2025-09-10 13:41:39 - [INFO] - [DEBUG] Study date: 20250115
2025-09-10 13:41:39 - [INFO] - [DEBUG] Patient ID: 5001
2025-09-10 13:41:39 - [INFO] - [DEBUG] Session code: WKW
2025-09-10 13:41:39 - [INFO] - [DEBUG] Study date folder: F:\projek dosen\prototype riset\hotspot-analyzer\data\PLANAR\WKW\5001\20250115
2025-09-10 13:41:39 - [INFO] - [DEBUG] Loading original image for Posterior
2025-09-10 13:41:39 - [INFO] - [DEBUG] Looking for original PNG in study_date dir: F:\projek dosen\prototype riset\hotspot-analyzer\data\PLANAR\WKW\5001\20250115\post_original.png
2025-09-10 13:41:39 - [DEBUG] - STREAM b'IHDR' 16 13
2025-09-10 13:41:39 - [DEBUG] - STREAM b'IDAT' 41 65536
2025-09-10 13:41:39 - [INFO] - [DEBUG] Loaded original PNG from study_date dir: (256, 1024)
2025-09-10 13:41:39 - [INFO] - [DEBUG] Original image loaded: (256, 1024)
2025-09-10 13:41:39 - [INFO] - [DEBUG] Applying invert to original image
2025-09-10 13:41:39 - [INFO] - [DEBUG] simple_invert_pil_image: Processing L image, size = (256, 1024)
2025-09-10 13:41:39 - [INFO] - [DEBUG] simple_invert_image: input shape = (1024, 256), dtype = uint8
2025-09-10 13:41:39 - [INFO] - [DEBUG] Simple inversion completed: [0-255] -> [0-255]
2025-09-10 13:41:39 - [INFO] - [DEBUG] simple_invert_pil_image: completed
2025-09-10 13:41:39 - [INFO] - [DEBUG] Using STORED B/C values: B=0.00, C=1.00
2025-09-10 13:41:39 - [INFO] - [DEBUG]   Image layer loaded and processed
2025-09-10 13:41:39 - [INFO] - [DEBUG] Loading segmentation layer for Posterior
2025-09-10 13:41:39 - [INFO] - [DEBUG] Looking for segmentation (NEWEST): F:\projek dosen\prototype riset\hotspot-analyzer\data\PLANAR\WKW\5001\20250115\post_segm.png
2025-09-10 13:41:39 - [DEBUG] - STREAM b'IHDR' 16 13
2025-09-10 13:41:39 - [DEBUG] - STREAM b'IDAT' 41 6139
2025-09-10 13:41:39 - [INFO] - [DEBUG]   Loaded segmentation with transparency: F:\projek dosen\prototype riset\hotspot-analyzer\data\PLANAR\WKW\5001\20250115\post_segm.png
2025-09-10 13:41:39 - [INFO] - [DEBUG] Segmentation type: ORIGINAL
2025-09-10 13:41:39 - [INFO] - [DEBUG] Loading hotspot layer for Posterior
2025-09-10 13:41:39 - [INFO] - [DEBUG] Looking for hotspot classification (NEWEST): F:\projek dosen\prototype riset\hotspot-analyzer\data\PLANAR\WKW\5001\20250115\post_hotspot_classification.png
2025-09-10 13:41:39 - [DEBUG] - STREAM b'IHDR' 16 13
2025-09-10 13:41:39 - [DEBUG] - STREAM b'IDAT' 41 1317
2025-09-10 13:41:39 - [INFO] - [DEBUG]   Loaded hotspot layer: F:\projek dosen\prototype riset\hotspot-analyzer\data\PLANAR\WKW\5001\20250115\post_hotspot_classification.png
2025-09-10 13:41:39 - [INFO] - [DEBUG] Hotspot type: ORIGINAL
2025-09-10 13:41:39 - [INFO] - [DEBUG] Loading bbox layer for Posterior
2025-09-10 13:41:39 - [INFO] - [DEBUG] Looking for classification XML (NEWEST): F:\projek dosen\prototype riset\hotspot-analyzer\data\PLANAR\WKW\5001\20250115\post_hotspot_classification.xml
2025-09-10 13:41:39 - [INFO] - [DEBUG] Loading CLASSIFICATION XML for bbox: F:\projek dosen\prototype riset\hotspot-analyzer\data\PLANAR\WKW\5001\20250115\post_hotspot_classification.xml
2025-09-10 13:41:39 - [INFO] - [DEBUG] Drew CLASSIFICATION Abnormal bbox: (44,482) -> (95,537)
2025-09-10 13:41:39 - [INFO] - [DEBUG] Drew CLASSIFICATION Abnormal bbox: (111,344) -> (132,365)
2025-09-10 13:41:39 - [INFO] - [DEBUG] Drew CLASSIFICATION Abnormal bbox: (96,51) -> (117,75)
2025-09-10 13:41:39 - [INFO] - [DEBUG] Drew CLASSIFICATION Abnormal bbox: (54,483) -> (91,527)
2025-09-10 13:41:39 - [INFO] - [DEBUG]   Created CLASSIFICATION bbox visualization with 4 boxes
2025-09-10 13:41:39 - [INFO] - [DEBUG]   Loaded bbox layer: F:\projek dosen\prototype riset\hotspot-analyzer\data\PLANAR\WKW\5001\20250115\post_hotspot_classification.xml
2025-09-10 13:41:39 - [INFO] - [DEBUG] BBox XML type: ORIGINAL
2025-09-10 13:41:39 - [INFO] - [CACHE STORE] Not caching due to adjustments/overrides/invert
2025-09-10 13:41:39 - [INFO] - [DEBUG]   Loaded 4 layers for Posterior: ['Image', 'Segmentation', 'Hotspot', 'HotspotBBox']
2025-09-10 13:41:39 - [INFO] - [DEBUG] Available CLASSIFICATION layers in files: ['Image', 'Segmentation', 'Hotspot', 'HotspotBBox']
2025-09-10 13:41:39 - [INFO] - [SMART UPDATE] State updated - Type: full
2025-09-10 13:41:39 - [INFO] - [SMART UPDATE] State updated - Type: rebuild
2025-09-10 13:41:39 - [INFO] - [DEBUG] Set Segmentation opacity to 0.35
2025-09-10 13:41:39 - [INFO] - [SMART UPDATE] Change type: none
2025-09-10 13:41:39 - [INFO] - [SMART UPDATE] Using full rebuild for opacity change
2025-09-10 13:41:39 - [INFO] - [DEBUG] Rebuilding timeline for active scan index: 0
2025-09-10 13:41:39 - [INFO] - [DEBUG] Creating CLASSIFICATION card 0 for view: Anterior
2025-09-10 13:41:39 - [INFO] - [DEBUG] Active layers selected: []
2025-09-10 13:41:39 - [INFO] - [DEBUG] DICOM path: F:\projek dosen\prototype riset\hotspot-analyzer\data\PLANAR\WKW\5001\20250115\5001_1.dcm
2025-09-10 13:41:39 - [INFO] - [DEBUG] Current view: Anterior
2025-09-10 13:41:39 - [INFO] - [CACHE DEBUG] use_cache=False
2025-09-10 13:41:39 - [INFO] - [CACHE DEBUG] has_adjustments=False (B=0.00, C=1.00)
2025-09-10 13:41:39 - [INFO] - [CACHE DEBUG] has_overrides=False (override_b=None, override_c=None)
2025-09-10 13:41:39 - [INFO] - [CACHE DEBUG] invert_original=True
2025-09-10 13:41:39 - [INFO] - [CACHE SKIP] Skipping cache due to adjustments/overrides/invert
2025-09-10 13:41:39 - [INFO] - [DEBUG] Path extraction: session=WKW, patient=5001, study_date=20250115
2025-09-10 13:41:39 - [INFO] - [DEBUG] Extracted patient info - ID: 5001, Session: WKW
2025-09-10 13:41:39 - [INFO] - [DEBUG] Original path: F:\projek dosen\prototype riset\hotspot-analyzer\data\PLANAR\WKW\5001\20250115\5001_1.dcm
2025-09-10 13:41:39 - [INFO] - [DEBUG] Study date: 20250115
2025-09-10 13:41:39 - [INFO] - [DEBUG] Patient ID: 5001
2025-09-10 13:41:39 - [INFO] - [DEBUG] Session code: WKW
2025-09-10 13:41:39 - [INFO] - [DEBUG] Study date folder: F:\projek dosen\prototype riset\hotspot-analyzer\data\PLANAR\WKW\5001\20250115
2025-09-10 13:41:39 - [INFO] - [DEBUG] Loading original image for Anterior
2025-09-10 13:41:39 - [INFO] - [DEBUG] Looking for original PNG in study_date dir: F:\projek dosen\prototype riset\hotspot-analyzer\data\PLANAR\WKW\5001\20250115\ant_original.png
2025-09-10 13:41:39 - [DEBUG] - STREAM b'IHDR' 16 13
2025-09-10 13:41:39 - [DEBUG] - STREAM b'IDAT' 41 65536
2025-09-10 13:41:39 - [INFO] - [DEBUG] Loaded original PNG from study_date dir: (256, 1024)
2025-09-10 13:41:39 - [INFO] - [DEBUG] Original image loaded: (256, 1024)
2025-09-10 13:41:39 - [INFO] - [DEBUG] Applying invert to original image
2025-09-10 13:41:39 - [INFO] - [DEBUG] simple_invert_pil_image: Processing L image, size = (256, 1024)
2025-09-10 13:41:39 - [INFO] - [DEBUG] simple_invert_image: input shape = (1024, 256), dtype = uint8
2025-09-10 13:41:39 - [INFO] - [DEBUG] Simple inversion completed: [0-255] -> [0-255]
2025-09-10 13:41:39 - [INFO] - [DEBUG] simple_invert_pil_image: completed
2025-09-10 13:41:39 - [INFO] - [DEBUG] Using STORED B/C values: B=0.00, C=1.00
2025-09-10 13:41:39 - [INFO] - [DEBUG]   Image layer loaded and processed
2025-09-10 13:41:39 - [INFO] - [DEBUG] Loading segmentation layer for Anterior
2025-09-10 13:41:39 - [INFO] - [DEBUG] Looking for segmentation (NEWEST): F:\projek dosen\prototype riset\hotspot-analyzer\data\PLANAR\WKW\5001\20250115\ant_segm.png
2025-09-10 13:41:39 - [DEBUG] - STREAM b'IHDR' 16 13
2025-09-10 13:41:39 - [DEBUG] - STREAM b'IDAT' 41 6383
2025-09-10 13:41:39 - [INFO] - [DEBUG]   Loaded segmentation with transparency: F:\projek dosen\prototype riset\hotspot-analyzer\data\PLANAR\WKW\5001\20250115\ant_segm.png
2025-09-10 13:41:39 - [INFO] - [DEBUG] Segmentation type: ORIGINAL
2025-09-10 13:41:39 - [INFO] - [DEBUG] Loading hotspot layer for Anterior
2025-09-10 13:41:39 - [INFO] - [DEBUG] Looking for hotspot classification (NEWEST): F:\projek dosen\prototype riset\hotspot-analyzer\data\PLANAR\WKW\5001\20250115\20250910\ant_hotspot_classification_133505.png
2025-09-10 13:41:39 - [DEBUG] - STREAM b'IHDR' 16 13
2025-09-10 13:41:39 - [DEBUG] - STREAM b'IDAT' 41 1389
2025-09-10 13:41:39 - [INFO] - [DEBUG]   Loaded hotspot layer: F:\projek dosen\prototype riset\hotspot-analyzer\data\PLANAR\WKW\5001\20250115\20250910\ant_hotspot_classification_133505.png
2025-09-10 13:41:39 - [INFO] - [DEBUG] Hotspot type: EDITED
2025-09-10 13:41:39 - [INFO] - [DEBUG] Loading bbox layer for Anterior
2025-09-10 13:41:39 - [INFO] - [DEBUG] Looking for classification XML (NEWEST): F:\projek dosen\prototype riset\hotspot-analyzer\data\PLANAR\WKW\5001\20250115\20250910\ant_hotspot_classification_133505.xml
2025-09-10 13:41:39 - [INFO] - [DEBUG] Loading CLASSIFICATION XML for bbox: F:\projek dosen\prototype riset\hotspot-analyzer\data\PLANAR\WKW\5001\20250115\20250910\ant_hotspot_classification_133505.xml
2025-09-10 13:41:39 - [INFO] - [DEBUG] Drew CLASSIFICATION Abnormal bbox: (194,150) -> (214,171)
2025-09-10 13:41:39 - [INFO] - [DEBUG] Drew CLASSIFICATION Abnormal bbox: (156,480) -> (188,511)
2025-09-10 13:41:39 - [INFO] - [DEBUG] Drew CLASSIFICATION Normal bbox: (63,210) -> (98,271)
2025-09-10 13:41:39 - [INFO] - [DEBUG]   Created CLASSIFICATION bbox visualization with 3 boxes
2025-09-10 13:41:39 - [INFO] - [DEBUG]   Loaded bbox layer: F:\projek dosen\prototype riset\hotspot-analyzer\data\PLANAR\WKW\5001\20250115\20250910\ant_hotspot_classification_133505.xml
2025-09-10 13:41:39 - [INFO] - [DEBUG] BBox XML type: EDITED
2025-09-10 13:41:39 - [INFO] - [CACHE STORE] Not caching due to adjustments/overrides/invert
2025-09-10 13:41:39 - [INFO] - [DEBUG]   Loaded 4 layers for Anterior: ['Image', 'Segmentation', 'Hotspot', 'HotspotBBox']
2025-09-10 13:41:39 - [INFO] - [DEBUG] Available CLASSIFICATION layers in files: ['Image', 'Segmentation', 'Hotspot', 'HotspotBBox']
2025-09-10 13:41:39 - [INFO] - [DEBUG] Creating CLASSIFICATION card 0 for view: Posterior
2025-09-10 13:41:39 - [INFO] - [DEBUG] Active layers selected: []
2025-09-10 13:41:39 - [INFO] - [DEBUG] DICOM path: F:\projek dosen\prototype riset\hotspot-analyzer\data\PLANAR\WKW\5001\20250115\5001_1.dcm
2025-09-10 13:41:39 - [INFO] - [DEBUG] Current view: Posterior
2025-09-10 13:41:39 - [INFO] - [CACHE DEBUG] use_cache=False
2025-09-10 13:41:39 - [INFO] - [CACHE DEBUG] has_adjustments=False (B=0.00, C=1.00)
2025-09-10 13:41:39 - [INFO] - [CACHE DEBUG] has_overrides=False (override_b=None, override_c=None)
2025-09-10 13:41:39 - [INFO] - [CACHE DEBUG] invert_original=True
2025-09-10 13:41:39 - [INFO] - [CACHE SKIP] Skipping cache due to adjustments/overrides/invert
2025-09-10 13:41:39 - [INFO] - [DEBUG] Path extraction: session=WKW, patient=5001, study_date=20250115
2025-09-10 13:41:39 - [INFO] - [DEBUG] Extracted patient info - ID: 5001, Session: WKW
2025-09-10 13:41:39 - [INFO] - [DEBUG] Original path: F:\projek dosen\prototype riset\hotspot-analyzer\data\PLANAR\WKW\5001\20250115\5001_1.dcm
2025-09-10 13:41:39 - [INFO] - [DEBUG] Study date: 20250115
2025-09-10 13:41:39 - [INFO] - [DEBUG] Patient ID: 5001
2025-09-10 13:41:39 - [INFO] - [DEBUG] Session code: WKW
2025-09-10 13:41:39 - [INFO] - [DEBUG] Study date folder: F:\projek dosen\prototype riset\hotspot-analyzer\data\PLANAR\WKW\5001\20250115
2025-09-10 13:41:39 - [INFO] - [DEBUG] Loading original image for Posterior
2025-09-10 13:41:39 - [INFO] - [DEBUG] Looking for original PNG in study_date dir: F:\projek dosen\prototype riset\hotspot-analyzer\data\PLANAR\WKW\5001\20250115\post_original.png
2025-09-10 13:41:39 - [DEBUG] - STREAM b'IHDR' 16 13
2025-09-10 13:41:39 - [DEBUG] - STREAM b'IDAT' 41 65536
2025-09-10 13:41:39 - [INFO] - [DEBUG] Loaded original PNG from study_date dir: (256, 1024)
2025-09-10 13:41:39 - [INFO] - [DEBUG] Original image loaded: (256, 1024)
2025-09-10 13:41:39 - [INFO] - [DEBUG] Applying invert to original image
2025-09-10 13:41:39 - [INFO] - [DEBUG] simple_invert_pil_image: Processing L image, size = (256, 1024)
2025-09-10 13:41:39 - [INFO] - [DEBUG] simple_invert_image: input shape = (1024, 256), dtype = uint8
2025-09-10 13:41:39 - [INFO] - [DEBUG] Simple inversion completed: [0-255] -> [0-255]
2025-09-10 13:41:39 - [INFO] - [DEBUG] simple_invert_pil_image: completed
2025-09-10 13:41:39 - [INFO] - [DEBUG] Using STORED B/C values: B=0.00, C=1.00
2025-09-10 13:41:39 - [INFO] - [DEBUG]   Image layer loaded and processed
2025-09-10 13:41:39 - [INFO] - [DEBUG] Loading segmentation layer for Posterior
2025-09-10 13:41:39 - [INFO] - [DEBUG] Looking for segmentation (NEWEST): F:\projek dosen\prototype riset\hotspot-analyzer\data\PLANAR\WKW\5001\20250115\post_segm.png
2025-09-10 13:41:39 - [DEBUG] - STREAM b'IHDR' 16 13
2025-09-10 13:41:39 - [DEBUG] - STREAM b'IDAT' 41 6139
2025-09-10 13:41:39 - [INFO] - [DEBUG]   Loaded segmentation with transparency: F:\projek dosen\prototype riset\hotspot-analyzer\data\PLANAR\WKW\5001\20250115\post_segm.png
2025-09-10 13:41:39 - [INFO] - [DEBUG] Segmentation type: ORIGINAL
2025-09-10 13:41:39 - [INFO] - [DEBUG] Loading hotspot layer for Posterior
2025-09-10 13:41:39 - [INFO] - [DEBUG] Looking for hotspot classification (NEWEST): F:\projek dosen\prototype riset\hotspot-analyzer\data\PLANAR\WKW\5001\20250115\post_hotspot_classification.png
2025-09-10 13:41:39 - [DEBUG] - STREAM b'IHDR' 16 13
2025-09-10 13:41:39 - [DEBUG] - STREAM b'IDAT' 41 1317
2025-09-10 13:41:39 - [INFO] - [DEBUG]   Loaded hotspot layer: F:\projek dosen\prototype riset\hotspot-analyzer\data\PLANAR\WKW\5001\20250115\post_hotspot_classification.png
2025-09-10 13:41:39 - [INFO] - [DEBUG] Hotspot type: ORIGINAL
2025-09-10 13:41:39 - [INFO] - [DEBUG] Loading bbox layer for Posterior
2025-09-10 13:41:39 - [INFO] - [DEBUG] Looking for classification XML (NEWEST): F:\projek dosen\prototype riset\hotspot-analyzer\data\PLANAR\WKW\5001\20250115\post_hotspot_classification.xml
2025-09-10 13:41:39 - [INFO] - [DEBUG] Loading CLASSIFICATION XML for bbox: F:\projek dosen\prototype riset\hotspot-analyzer\data\PLANAR\WKW\5001\20250115\post_hotspot_classification.xml
2025-09-10 13:41:39 - [INFO] - [DEBUG] Drew CLASSIFICATION Abnormal bbox: (44,482) -> (95,537)
2025-09-10 13:41:39 - [INFO] - [DEBUG] Drew CLASSIFICATION Abnormal bbox: (111,344) -> (132,365)
2025-09-10 13:41:39 - [INFO] - [DEBUG] Drew CLASSIFICATION Abnormal bbox: (96,51) -> (117,75)
2025-09-10 13:41:39 - [INFO] - [DEBUG] Drew CLASSIFICATION Abnormal bbox: (54,483) -> (91,527)
2025-09-10 13:41:39 - [INFO] - [DEBUG]   Created CLASSIFICATION bbox visualization with 4 boxes
2025-09-10 13:41:39 - [INFO] - [DEBUG]   Loaded bbox layer: F:\projek dosen\prototype riset\hotspot-analyzer\data\PLANAR\WKW\5001\20250115\post_hotspot_classification.xml
2025-09-10 13:41:39 - [INFO] - [DEBUG] BBox XML type: ORIGINAL
2025-09-10 13:41:39 - [INFO] - [CACHE STORE] Not caching due to adjustments/overrides/invert
2025-09-10 13:41:39 - [INFO] - [DEBUG]   Loaded 4 layers for Posterior: ['Image', 'Segmentation', 'Hotspot', 'HotspotBBox']
2025-09-10 13:41:39 - [INFO] - [DEBUG] Available CLASSIFICATION layers in files: ['Image', 'Segmentation', 'Hotspot', 'HotspotBBox']
2025-09-10 13:41:39 - [INFO] - [SMART UPDATE] State updated - Type: full
2025-09-10 13:41:39 - [INFO] - [SMART UPDATE] State updated - Type: rebuild
2025-09-10 13:41:39 - [INFO] - [DEBUG] Set Hotspot opacity to 0.50
2025-09-10 13:41:39 - [INFO] - [SMART UPDATE] Change type: none
2025-09-10 13:41:39 - [INFO] - [SMART UPDATE] Using full rebuild for opacity change
2025-09-10 13:41:39 - [INFO] - [DEBUG] Rebuilding timeline for active scan index: 0
2025-09-10 13:41:39 - [INFO] - [DEBUG] Creating CLASSIFICATION card 0 for view: Anterior
2025-09-10 13:41:39 - [INFO] - [DEBUG] Active layers selected: []
2025-09-10 13:41:39 - [INFO] - [DEBUG] DICOM path: F:\projek dosen\prototype riset\hotspot-analyzer\data\PLANAR\WKW\5001\20250115\5001_1.dcm
2025-09-10 13:41:39 - [INFO] - [DEBUG] Current view: Anterior
2025-09-10 13:41:39 - [INFO] - [CACHE DEBUG] use_cache=False
2025-09-10 13:41:39 - [INFO] - [CACHE DEBUG] has_adjustments=False (B=0.00, C=1.00)
2025-09-10 13:41:39 - [INFO] - [CACHE DEBUG] has_overrides=False (override_b=None, override_c=None)
2025-09-10 13:41:39 - [INFO] - [CACHE DEBUG] invert_original=True
2025-09-10 13:41:39 - [INFO] - [CACHE SKIP] Skipping cache due to adjustments/overrides/invert
2025-09-10 13:41:39 - [INFO] - [DEBUG] Path extraction: session=WKW, patient=5001, study_date=20250115
2025-09-10 13:41:39 - [INFO] - [DEBUG] Extracted patient info - ID: 5001, Session: WKW
2025-09-10 13:41:39 - [INFO] - [DEBUG] Original path: F:\projek dosen\prototype riset\hotspot-analyzer\data\PLANAR\WKW\5001\20250115\5001_1.dcm
2025-09-10 13:41:39 - [INFO] - [DEBUG] Study date: 20250115
2025-09-10 13:41:39 - [INFO] - [DEBUG] Patient ID: 5001
2025-09-10 13:41:39 - [INFO] - [DEBUG] Session code: WKW
2025-09-10 13:41:39 - [INFO] - [DEBUG] Study date folder: F:\projek dosen\prototype riset\hotspot-analyzer\data\PLANAR\WKW\5001\20250115
2025-09-10 13:41:39 - [INFO] - [DEBUG] Loading original image for Anterior
2025-09-10 13:41:39 - [INFO] - [DEBUG] Looking for original PNG in study_date dir: F:\projek dosen\prototype riset\hotspot-analyzer\data\PLANAR\WKW\5001\20250115\ant_original.png
2025-09-10 13:41:39 - [DEBUG] - STREAM b'IHDR' 16 13
2025-09-10 13:41:39 - [DEBUG] - STREAM b'IDAT' 41 65536
2025-09-10 13:41:39 - [INFO] - [DEBUG] Loaded original PNG from study_date dir: (256, 1024)
2025-09-10 13:41:39 - [INFO] - [DEBUG] Original image loaded: (256, 1024)
2025-09-10 13:41:39 - [INFO] - [DEBUG] Applying invert to original image
2025-09-10 13:41:39 - [INFO] - [DEBUG] simple_invert_pil_image: Processing L image, size = (256, 1024)
2025-09-10 13:41:39 - [INFO] - [DEBUG] simple_invert_image: input shape = (1024, 256), dtype = uint8
2025-09-10 13:41:39 - [INFO] - [DEBUG] Simple inversion completed: [0-255] -> [0-255]
2025-09-10 13:41:39 - [INFO] - [DEBUG] simple_invert_pil_image: completed
2025-09-10 13:41:39 - [INFO] - [DEBUG] Using STORED B/C values: B=0.00, C=1.00
2025-09-10 13:41:39 - [INFO] - [DEBUG]   Image layer loaded and processed
2025-09-10 13:41:39 - [INFO] - [DEBUG] Loading segmentation layer for Anterior
2025-09-10 13:41:39 - [INFO] - [DEBUG] Looking for segmentation (NEWEST): F:\projek dosen\prototype riset\hotspot-analyzer\data\PLANAR\WKW\5001\20250115\ant_segm.png
2025-09-10 13:41:39 - [DEBUG] - STREAM b'IHDR' 16 13
2025-09-10 13:41:39 - [DEBUG] - STREAM b'IDAT' 41 6383
2025-09-10 13:41:39 - [INFO] - [DEBUG]   Loaded segmentation with transparency: F:\projek dosen\prototype riset\hotspot-analyzer\data\PLANAR\WKW\5001\20250115\ant_segm.png
2025-09-10 13:41:39 - [INFO] - [DEBUG] Segmentation type: ORIGINAL
2025-09-10 13:41:39 - [INFO] - [DEBUG] Loading hotspot layer for Anterior
2025-09-10 13:41:39 - [INFO] - [DEBUG] Looking for hotspot classification (NEWEST): F:\projek dosen\prototype riset\hotspot-analyzer\data\PLANAR\WKW\5001\20250115\20250910\ant_hotspot_classification_133505.png
2025-09-10 13:41:39 - [DEBUG] - STREAM b'IHDR' 16 13
2025-09-10 13:41:39 - [DEBUG] - STREAM b'IDAT' 41 1389
2025-09-10 13:41:39 - [INFO] - [DEBUG]   Loaded hotspot layer: F:\projek dosen\prototype riset\hotspot-analyzer\data\PLANAR\WKW\5001\20250115\20250910\ant_hotspot_classification_133505.png
2025-09-10 13:41:39 - [INFO] - [DEBUG] Hotspot type: EDITED
2025-09-10 13:41:39 - [INFO] - [DEBUG] Loading bbox layer for Anterior
2025-09-10 13:41:39 - [INFO] - [DEBUG] Looking for classification XML (NEWEST): F:\projek dosen\prototype riset\hotspot-analyzer\data\PLANAR\WKW\5001\20250115\20250910\ant_hotspot_classification_133505.xml
2025-09-10 13:41:39 - [INFO] - [DEBUG] Loading CLASSIFICATION XML for bbox: F:\projek dosen\prototype riset\hotspot-analyzer\data\PLANAR\WKW\5001\20250115\20250910\ant_hotspot_classification_133505.xml
2025-09-10 13:41:39 - [INFO] - [DEBUG] Drew CLASSIFICATION Abnormal bbox: (194,150) -> (214,171)
2025-09-10 13:41:39 - [INFO] - [DEBUG] Drew CLASSIFICATION Abnormal bbox: (156,480) -> (188,511)
2025-09-10 13:41:39 - [INFO] - [DEBUG] Drew CLASSIFICATION Normal bbox: (63,210) -> (98,271)
2025-09-10 13:41:39 - [INFO] - [DEBUG]   Created CLASSIFICATION bbox visualization with 3 boxes
2025-09-10 13:41:39 - [INFO] - [DEBUG]   Loaded bbox layer: F:\projek dosen\prototype riset\hotspot-analyzer\data\PLANAR\WKW\5001\20250115\20250910\ant_hotspot_classification_133505.xml
2025-09-10 13:41:39 - [INFO] - [DEBUG] BBox XML type: EDITED
2025-09-10 13:41:39 - [INFO] - [CACHE STORE] Not caching due to adjustments/overrides/invert
2025-09-10 13:41:39 - [INFO] - [DEBUG]   Loaded 4 layers for Anterior: ['Image', 'Segmentation', 'Hotspot', 'HotspotBBox']
2025-09-10 13:41:39 - [INFO] - [DEBUG] Available CLASSIFICATION layers in files: ['Image', 'Segmentation', 'Hotspot', 'HotspotBBox']
2025-09-10 13:41:39 - [INFO] - [DEBUG] Creating CLASSIFICATION card 0 for view: Posterior
2025-09-10 13:41:39 - [INFO] - [DEBUG] Active layers selected: []
2025-09-10 13:41:39 - [INFO] - [DEBUG] DICOM path: F:\projek dosen\prototype riset\hotspot-analyzer\data\PLANAR\WKW\5001\20250115\5001_1.dcm
2025-09-10 13:41:39 - [INFO] - [DEBUG] Current view: Posterior
2025-09-10 13:41:39 - [INFO] - [CACHE DEBUG] use_cache=False
2025-09-10 13:41:39 - [INFO] - [CACHE DEBUG] has_adjustments=False (B=0.00, C=1.00)
2025-09-10 13:41:39 - [INFO] - [CACHE DEBUG] has_overrides=False (override_b=None, override_c=None)
2025-09-10 13:41:39 - [INFO] - [CACHE DEBUG] invert_original=True
2025-09-10 13:41:39 - [INFO] - [CACHE SKIP] Skipping cache due to adjustments/overrides/invert
2025-09-10 13:41:39 - [INFO] - [DEBUG] Path extraction: session=WKW, patient=5001, study_date=20250115
2025-09-10 13:41:39 - [INFO] - [DEBUG] Extracted patient info - ID: 5001, Session: WKW
2025-09-10 13:41:39 - [INFO] - [DEBUG] Original path: F:\projek dosen\prototype riset\hotspot-analyzer\data\PLANAR\WKW\5001\20250115\5001_1.dcm
2025-09-10 13:41:39 - [INFO] - [DEBUG] Study date: 20250115
2025-09-10 13:41:39 - [INFO] - [DEBUG] Patient ID: 5001
2025-09-10 13:41:39 - [INFO] - [DEBUG] Session code: WKW
2025-09-10 13:41:39 - [INFO] - [DEBUG] Study date folder: F:\projek dosen\prototype riset\hotspot-analyzer\data\PLANAR\WKW\5001\20250115
2025-09-10 13:41:39 - [INFO] - [DEBUG] Loading original image for Posterior
2025-09-10 13:41:39 - [INFO] - [DEBUG] Looking for original PNG in study_date dir: F:\projek dosen\prototype riset\hotspot-analyzer\data\PLANAR\WKW\5001\20250115\post_original.png
2025-09-10 13:41:39 - [DEBUG] - STREAM b'IHDR' 16 13
2025-09-10 13:41:39 - [DEBUG] - STREAM b'IDAT' 41 65536
2025-09-10 13:41:39 - [INFO] - [DEBUG] Loaded original PNG from study_date dir: (256, 1024)
2025-09-10 13:41:39 - [INFO] - [DEBUG] Original image loaded: (256, 1024)
2025-09-10 13:41:39 - [INFO] - [DEBUG] Applying invert to original image
2025-09-10 13:41:39 - [INFO] - [DEBUG] simple_invert_pil_image: Processing L image, size = (256, 1024)
2025-09-10 13:41:39 - [INFO] - [DEBUG] simple_invert_image: input shape = (1024, 256), dtype = uint8
2025-09-10 13:41:39 - [INFO] - [DEBUG] Simple inversion completed: [0-255] -> [0-255]
2025-09-10 13:41:39 - [INFO] - [DEBUG] simple_invert_pil_image: completed
2025-09-10 13:41:39 - [INFO] - [DEBUG] Using STORED B/C values: B=0.00, C=1.00
2025-09-10 13:41:39 - [INFO] - [DEBUG]   Image layer loaded and processed
2025-09-10 13:41:39 - [INFO] - [DEBUG] Loading segmentation layer for Posterior
2025-09-10 13:41:39 - [INFO] - [DEBUG] Looking for segmentation (NEWEST): F:\projek dosen\prototype riset\hotspot-analyzer\data\PLANAR\WKW\5001\20250115\post_segm.png
2025-09-10 13:41:39 - [DEBUG] - STREAM b'IHDR' 16 13
2025-09-10 13:41:39 - [DEBUG] - STREAM b'IDAT' 41 6139
2025-09-10 13:41:39 - [INFO] - [DEBUG]   Loaded segmentation with transparency: F:\projek dosen\prototype riset\hotspot-analyzer\data\PLANAR\WKW\5001\20250115\post_segm.png
2025-09-10 13:41:39 - [INFO] - [DEBUG] Segmentation type: ORIGINAL
2025-09-10 13:41:39 - [INFO] - [DEBUG] Loading hotspot layer for Posterior
2025-09-10 13:41:39 - [INFO] - [DEBUG] Looking for hotspot classification (NEWEST): F:\projek dosen\prototype riset\hotspot-analyzer\data\PLANAR\WKW\5001\20250115\post_hotspot_classification.png
2025-09-10 13:41:39 - [DEBUG] - STREAM b'IHDR' 16 13
2025-09-10 13:41:39 - [DEBUG] - STREAM b'IDAT' 41 1317
2025-09-10 13:41:39 - [INFO] - [DEBUG]   Loaded hotspot layer: F:\projek dosen\prototype riset\hotspot-analyzer\data\PLANAR\WKW\5001\20250115\post_hotspot_classification.png
2025-09-10 13:41:39 - [INFO] - [DEBUG] Hotspot type: ORIGINAL
2025-09-10 13:41:39 - [INFO] - [DEBUG] Loading bbox layer for Posterior
2025-09-10 13:41:39 - [INFO] - [DEBUG] Looking for classification XML (NEWEST): F:\projek dosen\prototype riset\hotspot-analyzer\data\PLANAR\WKW\5001\20250115\post_hotspot_classification.xml
2025-09-10 13:41:39 - [INFO] - [DEBUG] Loading CLASSIFICATION XML for bbox: F:\projek dosen\prototype riset\hotspot-analyzer\data\PLANAR\WKW\5001\20250115\post_hotspot_classification.xml
2025-09-10 13:41:39 - [INFO] - [DEBUG] Drew CLASSIFICATION Abnormal bbox: (44,482) -> (95,537)
2025-09-10 13:41:39 - [INFO] - [DEBUG] Drew CLASSIFICATION Abnormal bbox: (111,344) -> (132,365)
2025-09-10 13:41:39 - [INFO] - [DEBUG] Drew CLASSIFICATION Abnormal bbox: (96,51) -> (117,75)
2025-09-10 13:41:39 - [INFO] - [DEBUG] Drew CLASSIFICATION Abnormal bbox: (54,483) -> (91,527)
2025-09-10 13:41:39 - [INFO] - [DEBUG]   Created CLASSIFICATION bbox visualization with 4 boxes
2025-09-10 13:41:39 - [INFO] - [DEBUG]   Loaded bbox layer: F:\projek dosen\prototype riset\hotspot-analyzer\data\PLANAR\WKW\5001\20250115\post_hotspot_classification.xml
2025-09-10 13:41:39 - [INFO] - [DEBUG] BBox XML type: ORIGINAL
2025-09-10 13:41:39 - [INFO] - [CACHE STORE] Not caching due to adjustments/overrides/invert
2025-09-10 13:41:39 - [INFO] - [DEBUG]   Loaded 4 layers for Posterior: ['Image', 'Segmentation', 'Hotspot', 'HotspotBBox']
2025-09-10 13:41:39 - [INFO] - [DEBUG] Available CLASSIFICATION layers in files: ['Image', 'Segmentation', 'Hotspot', 'HotspotBBox']
2025-09-10 13:41:39 - [INFO] - [SMART UPDATE] State updated - Type: full
2025-09-10 13:41:39 - [INFO] - [SMART UPDATE] State updated - Type: rebuild
2025-09-10 13:41:39 - [INFO] - [DEBUG] Set HotspotBBox opacity to 1.00
2025-09-10 13:41:39 - [INFO] - [SMART UPDATE] Change type: none
2025-09-10 13:41:39 - [INFO] - [SMART UPDATE] Using full rebuild for opacity change
2025-09-10 13:41:39 - [INFO] - [DEBUG] Rebuilding timeline for active scan index: 0
2025-09-10 13:41:39 - [INFO] - [DEBUG] Creating CLASSIFICATION card 0 for view: Anterior
2025-09-10 13:41:39 - [INFO] - [DEBUG] Active layers selected: []
2025-09-10 13:41:39 - [INFO] - [DEBUG] DICOM path: F:\projek dosen\prototype riset\hotspot-analyzer\data\PLANAR\WKW\5001\20250115\5001_1.dcm
2025-09-10 13:41:39 - [INFO] - [DEBUG] Current view: Anterior
2025-09-10 13:41:39 - [INFO] - [CACHE DEBUG] use_cache=False
2025-09-10 13:41:39 - [INFO] - [CACHE DEBUG] has_adjustments=False (B=0.00, C=1.00)
2025-09-10 13:41:39 - [INFO] - [CACHE DEBUG] has_overrides=False (override_b=None, override_c=None)
2025-09-10 13:41:39 - [INFO] - [CACHE DEBUG] invert_original=True
2025-09-10 13:41:39 - [INFO] - [CACHE SKIP] Skipping cache due to adjustments/overrides/invert
2025-09-10 13:41:39 - [INFO] - [DEBUG] Path extraction: session=WKW, patient=5001, study_date=20250115
2025-09-10 13:41:39 - [INFO] - [DEBUG] Extracted patient info - ID: 5001, Session: WKW
2025-09-10 13:41:39 - [INFO] - [DEBUG] Original path: F:\projek dosen\prototype riset\hotspot-analyzer\data\PLANAR\WKW\5001\20250115\5001_1.dcm
2025-09-10 13:41:39 - [INFO] - [DEBUG] Study date: 20250115
2025-09-10 13:41:39 - [INFO] - [DEBUG] Patient ID: 5001
2025-09-10 13:41:39 - [INFO] - [DEBUG] Session code: WKW
2025-09-10 13:41:39 - [INFO] - [DEBUG] Study date folder: F:\projek dosen\prototype riset\hotspot-analyzer\data\PLANAR\WKW\5001\20250115
2025-09-10 13:41:39 - [INFO] - [DEBUG] Loading original image for Anterior
2025-09-10 13:41:39 - [INFO] - [DEBUG] Looking for original PNG in study_date dir: F:\projek dosen\prototype riset\hotspot-analyzer\data\PLANAR\WKW\5001\20250115\ant_original.png
2025-09-10 13:41:39 - [DEBUG] - STREAM b'IHDR' 16 13
2025-09-10 13:41:39 - [DEBUG] - STREAM b'IDAT' 41 65536
2025-09-10 13:41:39 - [INFO] - [DEBUG] Loaded original PNG from study_date dir: (256, 1024)
2025-09-10 13:41:39 - [INFO] - [DEBUG] Original image loaded: (256, 1024)
2025-09-10 13:41:39 - [INFO] - [DEBUG] Applying invert to original image
2025-09-10 13:41:39 - [INFO] - [DEBUG] simple_invert_pil_image: Processing L image, size = (256, 1024)
2025-09-10 13:41:39 - [INFO] - [DEBUG] simple_invert_image: input shape = (1024, 256), dtype = uint8
2025-09-10 13:41:39 - [INFO] - [DEBUG] Simple inversion completed: [0-255] -> [0-255]
2025-09-10 13:41:39 - [INFO] - [DEBUG] simple_invert_pil_image: completed
2025-09-10 13:41:39 - [INFO] - [DEBUG] Using STORED B/C values: B=0.00, C=1.00
2025-09-10 13:41:39 - [INFO] - [DEBUG]   Image layer loaded and processed
2025-09-10 13:41:39 - [INFO] - [DEBUG] Loading segmentation layer for Anterior
2025-09-10 13:41:39 - [INFO] - [DEBUG] Looking for segmentation (NEWEST): F:\projek dosen\prototype riset\hotspot-analyzer\data\PLANAR\WKW\5001\20250115\ant_segm.png
2025-09-10 13:41:39 - [DEBUG] - STREAM b'IHDR' 16 13
2025-09-10 13:41:39 - [DEBUG] - STREAM b'IDAT' 41 6383
2025-09-10 13:41:39 - [INFO] - [DEBUG]   Loaded segmentation with transparency: F:\projek dosen\prototype riset\hotspot-analyzer\data\PLANAR\WKW\5001\20250115\ant_segm.png
2025-09-10 13:41:39 - [INFO] - [DEBUG] Segmentation type: ORIGINAL
2025-09-10 13:41:39 - [INFO] - [DEBUG] Loading hotspot layer for Anterior
2025-09-10 13:41:39 - [INFO] - [DEBUG] Looking for hotspot classification (NEWEST): F:\projek dosen\prototype riset\hotspot-analyzer\data\PLANAR\WKW\5001\20250115\20250910\ant_hotspot_classification_133505.png
2025-09-10 13:41:39 - [DEBUG] - STREAM b'IHDR' 16 13
2025-09-10 13:41:39 - [DEBUG] - STREAM b'IDAT' 41 1389
2025-09-10 13:41:39 - [INFO] - [DEBUG]   Loaded hotspot layer: F:\projek dosen\prototype riset\hotspot-analyzer\data\PLANAR\WKW\5001\20250115\20250910\ant_hotspot_classification_133505.png
2025-09-10 13:41:39 - [INFO] - [DEBUG] Hotspot type: EDITED
2025-09-10 13:41:39 - [INFO] - [DEBUG] Loading bbox layer for Anterior
2025-09-10 13:41:39 - [INFO] - [DEBUG] Looking for classification XML (NEWEST): F:\projek dosen\prototype riset\hotspot-analyzer\data\PLANAR\WKW\5001\20250115\20250910\ant_hotspot_classification_133505.xml
2025-09-10 13:41:39 - [INFO] - [DEBUG] Loading CLASSIFICATION XML for bbox: F:\projek dosen\prototype riset\hotspot-analyzer\data\PLANAR\WKW\5001\20250115\20250910\ant_hotspot_classification_133505.xml
2025-09-10 13:41:39 - [INFO] - [DEBUG] Drew CLASSIFICATION Abnormal bbox: (194,150) -> (214,171)
2025-09-10 13:41:39 - [INFO] - [DEBUG] Drew CLASSIFICATION Abnormal bbox: (156,480) -> (188,511)
2025-09-10 13:41:39 - [INFO] - [DEBUG] Drew CLASSIFICATION Normal bbox: (63,210) -> (98,271)
2025-09-10 13:41:39 - [INFO] - [DEBUG]   Created CLASSIFICATION bbox visualization with 3 boxes
2025-09-10 13:41:39 - [INFO] - [DEBUG]   Loaded bbox layer: F:\projek dosen\prototype riset\hotspot-analyzer\data\PLANAR\WKW\5001\20250115\20250910\ant_hotspot_classification_133505.xml
2025-09-10 13:41:39 - [INFO] - [DEBUG] BBox XML type: EDITED
2025-09-10 13:41:39 - [INFO] - [CACHE STORE] Not caching due to adjustments/overrides/invert
2025-09-10 13:41:39 - [INFO] - [DEBUG]   Loaded 4 layers for Anterior: ['Image', 'Segmentation', 'Hotspot', 'HotspotBBox']
2025-09-10 13:41:39 - [INFO] - [DEBUG] Available CLASSIFICATION layers in files: ['Image', 'Segmentation', 'Hotspot', 'HotspotBBox']
2025-09-10 13:41:39 - [INFO] - [DEBUG] Creating CLASSIFICATION card 0 for view: Posterior
2025-09-10 13:41:39 - [INFO] - [DEBUG] Active layers selected: []
2025-09-10 13:41:39 - [INFO] - [DEBUG] DICOM path: F:\projek dosen\prototype riset\hotspot-analyzer\data\PLANAR\WKW\5001\20250115\5001_1.dcm
2025-09-10 13:41:39 - [INFO] - [DEBUG] Current view: Posterior
2025-09-10 13:41:39 - [INFO] - [CACHE DEBUG] use_cache=False
2025-09-10 13:41:39 - [INFO] - [CACHE DEBUG] has_adjustments=False (B=0.00, C=1.00)
2025-09-10 13:41:39 - [INFO] - [CACHE DEBUG] has_overrides=False (override_b=None, override_c=None)
2025-09-10 13:41:39 - [INFO] - [CACHE DEBUG] invert_original=True
2025-09-10 13:41:39 - [INFO] - [CACHE SKIP] Skipping cache due to adjustments/overrides/invert
2025-09-10 13:41:39 - [INFO] - [DEBUG] Path extraction: session=WKW, patient=5001, study_date=20250115
2025-09-10 13:41:39 - [INFO] - [DEBUG] Extracted patient info - ID: 5001, Session: WKW
2025-09-10 13:41:39 - [INFO] - [DEBUG] Original path: F:\projek dosen\prototype riset\hotspot-analyzer\data\PLANAR\WKW\5001\20250115\5001_1.dcm
2025-09-10 13:41:39 - [INFO] - [DEBUG] Study date: 20250115
2025-09-10 13:41:39 - [INFO] - [DEBUG] Patient ID: 5001
2025-09-10 13:41:39 - [INFO] - [DEBUG] Session code: WKW
2025-09-10 13:41:39 - [INFO] - [DEBUG] Study date folder: F:\projek dosen\prototype riset\hotspot-analyzer\data\PLANAR\WKW\5001\20250115
2025-09-10 13:41:39 - [INFO] - [DEBUG] Loading original image for Posterior
2025-09-10 13:41:39 - [INFO] - [DEBUG] Looking for original PNG in study_date dir: F:\projek dosen\prototype riset\hotspot-analyzer\data\PLANAR\WKW\5001\20250115\post_original.png
2025-09-10 13:41:39 - [DEBUG] - STREAM b'IHDR' 16 13
2025-09-10 13:41:39 - [DEBUG] - STREAM b'IDAT' 41 65536
2025-09-10 13:41:39 - [INFO] - [DEBUG] Loaded original PNG from study_date dir: (256, 1024)
2025-09-10 13:41:39 - [INFO] - [DEBUG] Original image loaded: (256, 1024)
2025-09-10 13:41:39 - [INFO] - [DEBUG] Applying invert to original image
2025-09-10 13:41:39 - [INFO] - [DEBUG] simple_invert_pil_image: Processing L image, size = (256, 1024)
2025-09-10 13:41:39 - [INFO] - [DEBUG] simple_invert_image: input shape = (1024, 256), dtype = uint8
2025-09-10 13:41:39 - [INFO] - [DEBUG] Simple inversion completed: [0-255] -> [0-255]
2025-09-10 13:41:39 - [INFO] - [DEBUG] simple_invert_pil_image: completed
2025-09-10 13:41:39 - [INFO] - [DEBUG] Using STORED B/C values: B=0.00, C=1.00
2025-09-10 13:41:39 - [INFO] - [DEBUG]   Image layer loaded and processed
2025-09-10 13:41:39 - [INFO] - [DEBUG] Loading segmentation layer for Posterior
2025-09-10 13:41:39 - [INFO] - [DEBUG] Looking for segmentation (NEWEST): F:\projek dosen\prototype riset\hotspot-analyzer\data\PLANAR\WKW\5001\20250115\post_segm.png
2025-09-10 13:41:39 - [DEBUG] - STREAM b'IHDR' 16 13
2025-09-10 13:41:39 - [DEBUG] - STREAM b'IDAT' 41 6139
2025-09-10 13:41:39 - [INFO] - [DEBUG]   Loaded segmentation with transparency: F:\projek dosen\prototype riset\hotspot-analyzer\data\PLANAR\WKW\5001\20250115\post_segm.png
2025-09-10 13:41:39 - [INFO] - [DEBUG] Segmentation type: ORIGINAL
2025-09-10 13:41:39 - [INFO] - [DEBUG] Loading hotspot layer for Posterior
2025-09-10 13:41:39 - [INFO] - [DEBUG] Looking for hotspot classification (NEWEST): F:\projek dosen\prototype riset\hotspot-analyzer\data\PLANAR\WKW\5001\20250115\post_hotspot_classification.png
2025-09-10 13:41:39 - [DEBUG] - STREAM b'IHDR' 16 13
2025-09-10 13:41:39 - [DEBUG] - STREAM b'IDAT' 41 1317
2025-09-10 13:41:39 - [INFO] - [DEBUG]   Loaded hotspot layer: F:\projek dosen\prototype riset\hotspot-analyzer\data\PLANAR\WKW\5001\20250115\post_hotspot_classification.png
2025-09-10 13:41:39 - [INFO] - [DEBUG] Hotspot type: ORIGINAL
2025-09-10 13:41:39 - [INFO] - [DEBUG] Loading bbox layer for Posterior
2025-09-10 13:41:39 - [INFO] - [DEBUG] Looking for classification XML (NEWEST): F:\projek dosen\prototype riset\hotspot-analyzer\data\PLANAR\WKW\5001\20250115\post_hotspot_classification.xml
2025-09-10 13:41:39 - [INFO] - [DEBUG] Loading CLASSIFICATION XML for bbox: F:\projek dosen\prototype riset\hotspot-analyzer\data\PLANAR\WKW\5001\20250115\post_hotspot_classification.xml
2025-09-10 13:41:39 - [INFO] - [DEBUG] Drew CLASSIFICATION Abnormal bbox: (44,482) -> (95,537)
2025-09-10 13:41:39 - [INFO] - [DEBUG] Drew CLASSIFICATION Abnormal bbox: (111,344) -> (132,365)
2025-09-10 13:41:39 - [INFO] - [DEBUG] Drew CLASSIFICATION Abnormal bbox: (96,51) -> (117,75)
2025-09-10 13:41:39 - [INFO] - [DEBUG] Drew CLASSIFICATION Abnormal bbox: (54,483) -> (91,527)
2025-09-10 13:41:39 - [INFO] - [DEBUG]   Created CLASSIFICATION bbox visualization with 4 boxes
2025-09-10 13:41:39 - [INFO] - [DEBUG]   Loaded bbox layer: F:\projek dosen\prototype riset\hotspot-analyzer\data\PLANAR\WKW\5001\20250115\post_hotspot_classification.xml
2025-09-10 13:41:39 - [INFO] - [DEBUG] BBox XML type: ORIGINAL
2025-09-10 13:41:39 - [INFO] - [CACHE STORE] Not caching due to adjustments/overrides/invert
2025-09-10 13:41:39 - [INFO] - [DEBUG]   Loaded 4 layers for Posterior: ['Image', 'Segmentation', 'Hotspot', 'HotspotBBox']
2025-09-10 13:41:39 - [INFO] - [DEBUG] Available CLASSIFICATION layers in files: ['Image', 'Segmentation', 'Hotspot', 'HotspotBBox']
2025-09-10 13:41:39 - [INFO] - [SMART UPDATE] State updated - Type: full
2025-09-10 13:41:39 - [INFO] - [SMART UPDATE] State updated - Type: rebuild
2025-09-10 13:41:39 - [INFO] - [DEBUG] Setting default layers: 'Image' checkbox should now be ON.
2025-09-10 13:41:39 - [INFO] - [DEBUG] Active layers: ['Image']
2025-09-10 13:41:39 - [INFO] - [DEBUG] Layers changed to: ['Image']
2025-09-10 13:41:39 - [INFO] - [SMART UPDATE] Change type: layers
2025-09-10 13:41:39 - [INFO] - [SMART UPDATE] Layers added: ['Image']
2025-09-10 13:41:39 - [INFO] - [DEBUG] Timeline active layers set to: ['Image']
2025-09-10 13:41:39 - [INFO] - [SMART UPDATE] Full rebuild required for change type: layers
2025-09-10 13:41:39 - [INFO] - [DEBUG] Rebuilding timeline for active scan index: 0
2025-09-10 13:41:39 - [INFO] - [DEBUG] Creating CLASSIFICATION card 0 for view: Anterior
2025-09-10 13:41:39 - [INFO] - [DEBUG] Active layers selected: ['Image']
2025-09-10 13:41:39 - [INFO] - [DEBUG] DICOM path: F:\projek dosen\prototype riset\hotspot-analyzer\data\PLANAR\WKW\5001\20250115\5001_1.dcm
2025-09-10 13:41:39 - [INFO] - [DEBUG] Current view: Anterior
2025-09-10 13:41:39 - [INFO] - [CACHE DEBUG] use_cache=False
2025-09-10 13:41:39 - [INFO] - [CACHE DEBUG] has_adjustments=False (B=0.00, C=1.00)
2025-09-10 13:41:39 - [INFO] - [CACHE DEBUG] has_overrides=False (override_b=None, override_c=None)
2025-09-10 13:41:39 - [INFO] - [CACHE DEBUG] invert_original=True
2025-09-10 13:41:39 - [INFO] - [CACHE SKIP] Skipping cache due to adjustments/overrides/invert
2025-09-10 13:41:39 - [INFO] - [DEBUG] Path extraction: session=WKW, patient=5001, study_date=20250115
2025-09-10 13:41:39 - [INFO] - [DEBUG] Extracted patient info - ID: 5001, Session: WKW
2025-09-10 13:41:39 - [INFO] - [DEBUG] Original path: F:\projek dosen\prototype riset\hotspot-analyzer\data\PLANAR\WKW\5001\20250115\5001_1.dcm
2025-09-10 13:41:39 - [INFO] - [DEBUG] Study date: 20250115
2025-09-10 13:41:39 - [INFO] - [DEBUG] Patient ID: 5001
2025-09-10 13:41:39 - [INFO] - [DEBUG] Session code: WKW
2025-09-10 13:41:39 - [INFO] - [DEBUG] Study date folder: F:\projek dosen\prototype riset\hotspot-analyzer\data\PLANAR\WKW\5001\20250115
2025-09-10 13:41:39 - [INFO] - [DEBUG] Loading original image for Anterior
2025-09-10 13:41:39 - [INFO] - [DEBUG] Looking for original PNG in study_date dir: F:\projek dosen\prototype riset\hotspot-analyzer\data\PLANAR\WKW\5001\20250115\ant_original.png
2025-09-10 13:41:39 - [DEBUG] - STREAM b'IHDR' 16 13
2025-09-10 13:41:39 - [DEBUG] - STREAM b'IDAT' 41 65536
2025-09-10 13:41:39 - [INFO] - [DEBUG] Loaded original PNG from study_date dir: (256, 1024)
2025-09-10 13:41:39 - [INFO] - [DEBUG] Original image loaded: (256, 1024)
2025-09-10 13:41:39 - [INFO] - [DEBUG] Applying invert to original image
2025-09-10 13:41:39 - [INFO] - [DEBUG] simple_invert_pil_image: Processing L image, size = (256, 1024)
2025-09-10 13:41:39 - [INFO] - [DEBUG] simple_invert_image: input shape = (1024, 256), dtype = uint8
2025-09-10 13:41:39 - [INFO] - [DEBUG] Simple inversion completed: [0-255] -> [0-255]
2025-09-10 13:41:39 - [INFO] - [DEBUG] simple_invert_pil_image: completed
2025-09-10 13:41:39 - [INFO] - [DEBUG] Using STORED B/C values: B=0.00, C=1.00
2025-09-10 13:41:39 - [INFO] - [DEBUG]   Image layer loaded and processed
2025-09-10 13:41:39 - [INFO] - [DEBUG] Loading segmentation layer for Anterior
2025-09-10 13:41:39 - [INFO] - [DEBUG] Looking for segmentation (NEWEST): F:\projek dosen\prototype riset\hotspot-analyzer\data\PLANAR\WKW\5001\20250115\ant_segm.png
2025-09-10 13:41:39 - [DEBUG] - STREAM b'IHDR' 16 13
2025-09-10 13:41:39 - [DEBUG] - STREAM b'IDAT' 41 6383
2025-09-10 13:41:39 - [INFO] - [DEBUG]   Loaded segmentation with transparency: F:\projek dosen\prototype riset\hotspot-analyzer\data\PLANAR\WKW\5001\20250115\ant_segm.png
2025-09-10 13:41:39 - [INFO] - [DEBUG] Segmentation type: ORIGINAL
2025-09-10 13:41:39 - [INFO] - [DEBUG] Loading hotspot layer for Anterior
2025-09-10 13:41:39 - [INFO] - [DEBUG] Looking for hotspot classification (NEWEST): F:\projek dosen\prototype riset\hotspot-analyzer\data\PLANAR\WKW\5001\20250115\20250910\ant_hotspot_classification_133505.png
2025-09-10 13:41:39 - [DEBUG] - STREAM b'IHDR' 16 13
2025-09-10 13:41:39 - [DEBUG] - STREAM b'IDAT' 41 1389
2025-09-10 13:41:39 - [INFO] - [DEBUG]   Loaded hotspot layer: F:\projek dosen\prototype riset\hotspot-analyzer\data\PLANAR\WKW\5001\20250115\20250910\ant_hotspot_classification_133505.png
2025-09-10 13:41:39 - [INFO] - [DEBUG] Hotspot type: EDITED
2025-09-10 13:41:39 - [INFO] - [DEBUG] Loading bbox layer for Anterior
2025-09-10 13:41:39 - [INFO] - [DEBUG] Looking for classification XML (NEWEST): F:\projek dosen\prototype riset\hotspot-analyzer\data\PLANAR\WKW\5001\20250115\20250910\ant_hotspot_classification_133505.xml
2025-09-10 13:41:39 - [INFO] - [DEBUG] Loading CLASSIFICATION XML for bbox: F:\projek dosen\prototype riset\hotspot-analyzer\data\PLANAR\WKW\5001\20250115\20250910\ant_hotspot_classification_133505.xml
2025-09-10 13:41:39 - [INFO] - [DEBUG] Drew CLASSIFICATION Abnormal bbox: (194,150) -> (214,171)
2025-09-10 13:41:39 - [INFO] - [DEBUG] Drew CLASSIFICATION Abnormal bbox: (156,480) -> (188,511)
2025-09-10 13:41:39 - [INFO] - [DEBUG] Drew CLASSIFICATION Normal bbox: (63,210) -> (98,271)
2025-09-10 13:41:39 - [INFO] - [DEBUG]   Created CLASSIFICATION bbox visualization with 3 boxes
2025-09-10 13:41:39 - [INFO] - [DEBUG]   Loaded bbox layer: F:\projek dosen\prototype riset\hotspot-analyzer\data\PLANAR\WKW\5001\20250115\20250910\ant_hotspot_classification_133505.xml
2025-09-10 13:41:39 - [INFO] - [DEBUG] BBox XML type: EDITED
2025-09-10 13:41:39 - [INFO] - [CACHE STORE] Not caching due to adjustments/overrides/invert
2025-09-10 13:41:39 - [INFO] - [DEBUG]   Loaded 4 layers for Anterior: ['Image', 'Segmentation', 'Hotspot', 'HotspotBBox']
2025-09-10 13:41:39 - [INFO] - [DEBUG] Available CLASSIFICATION layers in files: ['Image', 'Segmentation', 'Hotspot', 'HotspotBBox']
2025-09-10 13:41:39 - [INFO] - [DEBUG]   Added CLASSIFICATION Image to card 0 (opacity: 1.00)
2025-09-10 13:41:39 - [INFO] - [DEBUG]   CLASSIFICATION card 0 composite created with layers: ['Image']
2025-09-10 13:41:39 - [INFO] - [DEBUG] Creating CLASSIFICATION card 0 for view: Posterior
2025-09-10 13:41:39 - [INFO] - [DEBUG] Active layers selected: ['Image']
2025-09-10 13:41:39 - [INFO] - [DEBUG] DICOM path: F:\projek dosen\prototype riset\hotspot-analyzer\data\PLANAR\WKW\5001\20250115\5001_1.dcm
2025-09-10 13:41:39 - [INFO] - [DEBUG] Current view: Posterior
2025-09-10 13:41:39 - [INFO] - [CACHE DEBUG] use_cache=False
2025-09-10 13:41:39 - [INFO] - [CACHE DEBUG] has_adjustments=False (B=0.00, C=1.00)
2025-09-10 13:41:39 - [INFO] - [CACHE DEBUG] has_overrides=False (override_b=None, override_c=None)
2025-09-10 13:41:39 - [INFO] - [CACHE DEBUG] invert_original=True
2025-09-10 13:41:39 - [INFO] - [CACHE SKIP] Skipping cache due to adjustments/overrides/invert
2025-09-10 13:41:39 - [INFO] - [DEBUG] Path extraction: session=WKW, patient=5001, study_date=20250115
2025-09-10 13:41:39 - [INFO] - [DEBUG] Extracted patient info - ID: 5001, Session: WKW
2025-09-10 13:41:39 - [INFO] - [DEBUG] Original path: F:\projek dosen\prototype riset\hotspot-analyzer\data\PLANAR\WKW\5001\20250115\5001_1.dcm
2025-09-10 13:41:39 - [INFO] - [DEBUG] Study date: 20250115
2025-09-10 13:41:39 - [INFO] - [DEBUG] Patient ID: 5001
2025-09-10 13:41:39 - [INFO] - [DEBUG] Session code: WKW
2025-09-10 13:41:39 - [INFO] - [DEBUG] Study date folder: F:\projek dosen\prototype riset\hotspot-analyzer\data\PLANAR\WKW\5001\20250115
2025-09-10 13:41:39 - [INFO] - [DEBUG] Loading original image for Posterior
2025-09-10 13:41:39 - [INFO] - [DEBUG] Looking for original PNG in study_date dir: F:\projek dosen\prototype riset\hotspot-analyzer\data\PLANAR\WKW\5001\20250115\post_original.png
2025-09-10 13:41:39 - [DEBUG] - STREAM b'IHDR' 16 13
2025-09-10 13:41:39 - [DEBUG] - STREAM b'IDAT' 41 65536
2025-09-10 13:41:39 - [INFO] - [DEBUG] Loaded original PNG from study_date dir: (256, 1024)
2025-09-10 13:41:39 - [INFO] - [DEBUG] Original image loaded: (256, 1024)
2025-09-10 13:41:39 - [INFO] - [DEBUG] Applying invert to original image
2025-09-10 13:41:39 - [INFO] - [DEBUG] simple_invert_pil_image: Processing L image, size = (256, 1024)
2025-09-10 13:41:39 - [INFO] - [DEBUG] simple_invert_image: input shape = (1024, 256), dtype = uint8
2025-09-10 13:41:39 - [INFO] - [DEBUG] Simple inversion completed: [0-255] -> [0-255]
2025-09-10 13:41:39 - [INFO] - [DEBUG] simple_invert_pil_image: completed
2025-09-10 13:41:39 - [INFO] - [DEBUG] Using STORED B/C values: B=0.00, C=1.00
2025-09-10 13:41:39 - [INFO] - [DEBUG]   Image layer loaded and processed
2025-09-10 13:41:39 - [INFO] - [DEBUG] Loading segmentation layer for Posterior
2025-09-10 13:41:39 - [INFO] - [DEBUG] Looking for segmentation (NEWEST): F:\projek dosen\prototype riset\hotspot-analyzer\data\PLANAR\WKW\5001\20250115\post_segm.png
2025-09-10 13:41:39 - [DEBUG] - STREAM b'IHDR' 16 13
2025-09-10 13:41:39 - [DEBUG] - STREAM b'IDAT' 41 6139
2025-09-10 13:41:39 - [INFO] - [DEBUG]   Loaded segmentation with transparency: F:\projek dosen\prototype riset\hotspot-analyzer\data\PLANAR\WKW\5001\20250115\post_segm.png
2025-09-10 13:41:39 - [INFO] - [DEBUG] Segmentation type: ORIGINAL
2025-09-10 13:41:39 - [INFO] - [DEBUG] Loading hotspot layer for Posterior
2025-09-10 13:41:39 - [INFO] - [DEBUG] Looking for hotspot classification (NEWEST): F:\projek dosen\prototype riset\hotspot-analyzer\data\PLANAR\WKW\5001\20250115\post_hotspot_classification.png
2025-09-10 13:41:39 - [DEBUG] - STREAM b'IHDR' 16 13
2025-09-10 13:41:39 - [DEBUG] - STREAM b'IDAT' 41 1317
2025-09-10 13:41:39 - [INFO] - [DEBUG]   Loaded hotspot layer: F:\projek dosen\prototype riset\hotspot-analyzer\data\PLANAR\WKW\5001\20250115\post_hotspot_classification.png
2025-09-10 13:41:39 - [INFO] - [DEBUG] Hotspot type: ORIGINAL
2025-09-10 13:41:39 - [INFO] - [DEBUG] Loading bbox layer for Posterior
2025-09-10 13:41:39 - [INFO] - [DEBUG] Looking for classification XML (NEWEST): F:\projek dosen\prototype riset\hotspot-analyzer\data\PLANAR\WKW\5001\20250115\post_hotspot_classification.xml
2025-09-10 13:41:39 - [INFO] - [DEBUG] Loading CLASSIFICATION XML for bbox: F:\projek dosen\prototype riset\hotspot-analyzer\data\PLANAR\WKW\5001\20250115\post_hotspot_classification.xml
2025-09-10 13:41:39 - [INFO] - [DEBUG] Drew CLASSIFICATION Abnormal bbox: (44,482) -> (95,537)
2025-09-10 13:41:39 - [INFO] - [DEBUG] Drew CLASSIFICATION Abnormal bbox: (111,344) -> (132,365)
2025-09-10 13:41:39 - [INFO] - [DEBUG] Drew CLASSIFICATION Abnormal bbox: (96,51) -> (117,75)
2025-09-10 13:41:39 - [INFO] - [DEBUG] Drew CLASSIFICATION Abnormal bbox: (54,483) -> (91,527)
2025-09-10 13:41:39 - [INFO] - [DEBUG]   Created CLASSIFICATION bbox visualization with 4 boxes
2025-09-10 13:41:39 - [INFO] - [DEBUG]   Loaded bbox layer: F:\projek dosen\prototype riset\hotspot-analyzer\data\PLANAR\WKW\5001\20250115\post_hotspot_classification.xml
2025-09-10 13:41:39 - [INFO] - [DEBUG] BBox XML type: ORIGINAL
2025-09-10 13:41:39 - [INFO] - [CACHE STORE] Not caching due to adjustments/overrides/invert
2025-09-10 13:41:39 - [INFO] - [DEBUG]   Loaded 4 layers for Posterior: ['Image', 'Segmentation', 'Hotspot', 'HotspotBBox']
2025-09-10 13:41:39 - [INFO] - [DEBUG] Available CLASSIFICATION layers in files: ['Image', 'Segmentation', 'Hotspot', 'HotspotBBox']
2025-09-10 13:41:39 - [INFO] - [DEBUG]   Added CLASSIFICATION Image to card 0 (opacity: 1.00)
2025-09-10 13:41:39 - [INFO] - [DEBUG]   CLASSIFICATION card 0 composite created with layers: ['Image']
2025-09-10 13:41:39 - [INFO] - [SMART UPDATE] State updated - Type: full
2025-09-10 13:41:39 - [INFO] - [SMART UPDATE] State updated - Type: layers
2025-09-10 13:41:39 - [INFO] - [DEBUG] Path extraction: session=WKW, patient=5001, study_date=20250115
2025-09-10 13:41:39 - [INFO] - [DEBUG] Extracted patient info - ID: 5001, Session: WKW
2025-09-10 13:41:39 - [INFO] - [DEBUG] Original path: F:\projek dosen\prototype riset\hotspot-analyzer\data\PLANAR\WKW\5001\20250115\5001_1.dcm
2025-09-10 13:41:39 - [INFO] - [EDIT BUTTONS] Has scan: True, Has seg data: True, Can edit hotspot: True
2025-09-10 13:41:39 - [INFO] - [EDIT BUTTONS] Seg button enabled: True, Hotspot button enabled: True
2025-09-10 13:41:39 - [INFO] - [SMART UPDATE] Change type: none
2025-09-10 13:41:39 - [INFO] - [DEBUG] Timeline active layers set to: ['Image']
2025-09-10 13:41:39 - [INFO] - [SMART UPDATE] No changes detected, skipping update
2025-09-10 13:41:39 - [INFO] - [DEBUG] Set Image opacity to 1.00
2025-09-10 13:41:39 - [INFO] - [SMART UPDATE] Change type: none
2025-09-10 13:41:39 - [INFO] - [SMART UPDATE] Using full rebuild for opacity change
2025-09-10 13:41:39 - [INFO] - [DEBUG] Rebuilding timeline for active scan index: 0
2025-09-10 13:41:39 - [INFO] - [DEBUG] Creating CLASSIFICATION card 0 for view: Anterior
2025-09-10 13:41:39 - [INFO] - [DEBUG] Active layers selected: ['Image']
2025-09-10 13:41:39 - [INFO] - [DEBUG] DICOM path: F:\projek dosen\prototype riset\hotspot-analyzer\data\PLANAR\WKW\5001\20250115\5001_1.dcm
2025-09-10 13:41:39 - [INFO] - [DEBUG] Current view: Anterior
2025-09-10 13:41:39 - [INFO] - [CACHE DEBUG] use_cache=False
2025-09-10 13:41:39 - [INFO] - [CACHE DEBUG] has_adjustments=False (B=0.00, C=1.00)
2025-09-10 13:41:39 - [INFO] - [CACHE DEBUG] has_overrides=False (override_b=None, override_c=None)
2025-09-10 13:41:39 - [INFO] - [CACHE DEBUG] invert_original=True
2025-09-10 13:41:39 - [INFO] - [CACHE SKIP] Skipping cache due to adjustments/overrides/invert
2025-09-10 13:41:39 - [INFO] - [DEBUG] Path extraction: session=WKW, patient=5001, study_date=20250115
2025-09-10 13:41:39 - [INFO] - [DEBUG] Extracted patient info - ID: 5001, Session: WKW
2025-09-10 13:41:39 - [INFO] - [DEBUG] Original path: F:\projek dosen\prototype riset\hotspot-analyzer\data\PLANAR\WKW\5001\20250115\5001_1.dcm
2025-09-10 13:41:39 - [INFO] - [DEBUG] Study date: 20250115
2025-09-10 13:41:39 - [INFO] - [DEBUG] Patient ID: 5001
2025-09-10 13:41:39 - [INFO] - [DEBUG] Session code: WKW
2025-09-10 13:41:39 - [INFO] - [DEBUG] Study date folder: F:\projek dosen\prototype riset\hotspot-analyzer\data\PLANAR\WKW\5001\20250115
2025-09-10 13:41:39 - [INFO] - [DEBUG] Loading original image for Anterior
2025-09-10 13:41:39 - [INFO] - [DEBUG] Looking for original PNG in study_date dir: F:\projek dosen\prototype riset\hotspot-analyzer\data\PLANAR\WKW\5001\20250115\ant_original.png
2025-09-10 13:41:39 - [DEBUG] - STREAM b'IHDR' 16 13
2025-09-10 13:41:39 - [DEBUG] - STREAM b'IDAT' 41 65536
2025-09-10 13:41:39 - [INFO] - [DEBUG] Loaded original PNG from study_date dir: (256, 1024)
2025-09-10 13:41:39 - [INFO] - [DEBUG] Original image loaded: (256, 1024)
2025-09-10 13:41:39 - [INFO] - [DEBUG] Applying invert to original image
2025-09-10 13:41:39 - [INFO] - [DEBUG] simple_invert_pil_image: Processing L image, size = (256, 1024)
2025-09-10 13:41:39 - [INFO] - [DEBUG] simple_invert_image: input shape = (1024, 256), dtype = uint8
2025-09-10 13:41:39 - [INFO] - [DEBUG] Simple inversion completed: [0-255] -> [0-255]
2025-09-10 13:41:39 - [INFO] - [DEBUG] simple_invert_pil_image: completed
2025-09-10 13:41:39 - [INFO] - [DEBUG] Using STORED B/C values: B=0.00, C=1.00
2025-09-10 13:41:39 - [INFO] - [DEBUG]   Image layer loaded and processed
2025-09-10 13:41:39 - [INFO] - [DEBUG] Loading segmentation layer for Anterior
2025-09-10 13:41:39 - [INFO] - [DEBUG] Looking for segmentation (NEWEST): F:\projek dosen\prototype riset\hotspot-analyzer\data\PLANAR\WKW\5001\20250115\ant_segm.png
2025-09-10 13:41:39 - [DEBUG] - STREAM b'IHDR' 16 13
2025-09-10 13:41:39 - [DEBUG] - STREAM b'IDAT' 41 6383
2025-09-10 13:41:39 - [INFO] - [DEBUG]   Loaded segmentation with transparency: F:\projek dosen\prototype riset\hotspot-analyzer\data\PLANAR\WKW\5001\20250115\ant_segm.png
2025-09-10 13:41:39 - [INFO] - [DEBUG] Segmentation type: ORIGINAL
2025-09-10 13:41:39 - [INFO] - [DEBUG] Loading hotspot layer for Anterior
2025-09-10 13:41:39 - [INFO] - [DEBUG] Looking for hotspot classification (NEWEST): F:\projek dosen\prototype riset\hotspot-analyzer\data\PLANAR\WKW\5001\20250115\20250910\ant_hotspot_classification_133505.png
2025-09-10 13:41:39 - [DEBUG] - STREAM b'IHDR' 16 13
2025-09-10 13:41:39 - [DEBUG] - STREAM b'IDAT' 41 1389
2025-09-10 13:41:39 - [INFO] - [DEBUG]   Loaded hotspot layer: F:\projek dosen\prototype riset\hotspot-analyzer\data\PLANAR\WKW\5001\20250115\20250910\ant_hotspot_classification_133505.png
2025-09-10 13:41:39 - [INFO] - [DEBUG] Hotspot type: EDITED
2025-09-10 13:41:39 - [INFO] - [DEBUG] Loading bbox layer for Anterior
2025-09-10 13:41:39 - [INFO] - [DEBUG] Looking for classification XML (NEWEST): F:\projek dosen\prototype riset\hotspot-analyzer\data\PLANAR\WKW\5001\20250115\20250910\ant_hotspot_classification_133505.xml
2025-09-10 13:41:39 - [INFO] - [DEBUG] Loading CLASSIFICATION XML for bbox: F:\projek dosen\prototype riset\hotspot-analyzer\data\PLANAR\WKW\5001\20250115\20250910\ant_hotspot_classification_133505.xml
2025-09-10 13:41:39 - [INFO] - [DEBUG] Drew CLASSIFICATION Abnormal bbox: (194,150) -> (214,171)
2025-09-10 13:41:39 - [INFO] - [DEBUG] Drew CLASSIFICATION Abnormal bbox: (156,480) -> (188,511)
2025-09-10 13:41:39 - [INFO] - [DEBUG] Drew CLASSIFICATION Normal bbox: (63,210) -> (98,271)
2025-09-10 13:41:39 - [INFO] - [DEBUG]   Created CLASSIFICATION bbox visualization with 3 boxes
2025-09-10 13:41:39 - [INFO] - [DEBUG]   Loaded bbox layer: F:\projek dosen\prototype riset\hotspot-analyzer\data\PLANAR\WKW\5001\20250115\20250910\ant_hotspot_classification_133505.xml
2025-09-10 13:41:39 - [INFO] - [DEBUG] BBox XML type: EDITED
2025-09-10 13:41:39 - [INFO] - [CACHE STORE] Not caching due to adjustments/overrides/invert
2025-09-10 13:41:39 - [INFO] - [DEBUG]   Loaded 4 layers for Anterior: ['Image', 'Segmentation', 'Hotspot', 'HotspotBBox']
2025-09-10 13:41:39 - [INFO] - [DEBUG] Available CLASSIFICATION layers in files: ['Image', 'Segmentation', 'Hotspot', 'HotspotBBox']
2025-09-10 13:41:39 - [INFO] - [DEBUG]   Added CLASSIFICATION Image to card 0 (opacity: 1.00)
2025-09-10 13:41:39 - [INFO] - [DEBUG]   CLASSIFICATION card 0 composite created with layers: ['Image']
2025-09-10 13:41:39 - [INFO] - [DEBUG] Creating CLASSIFICATION card 0 for view: Posterior
2025-09-10 13:41:39 - [INFO] - [DEBUG] Active layers selected: ['Image']
2025-09-10 13:41:39 - [INFO] - [DEBUG] DICOM path: F:\projek dosen\prototype riset\hotspot-analyzer\data\PLANAR\WKW\5001\20250115\5001_1.dcm
2025-09-10 13:41:39 - [INFO] - [DEBUG] Current view: Posterior
2025-09-10 13:41:39 - [INFO] - [CACHE DEBUG] use_cache=False
2025-09-10 13:41:39 - [INFO] - [CACHE DEBUG] has_adjustments=False (B=0.00, C=1.00)
2025-09-10 13:41:39 - [INFO] - [CACHE DEBUG] has_overrides=False (override_b=None, override_c=None)
2025-09-10 13:41:39 - [INFO] - [CACHE DEBUG] invert_original=True
2025-09-10 13:41:39 - [INFO] - [CACHE SKIP] Skipping cache due to adjustments/overrides/invert
2025-09-10 13:41:39 - [INFO] - [DEBUG] Path extraction: session=WKW, patient=5001, study_date=20250115
2025-09-10 13:41:39 - [INFO] - [DEBUG] Extracted patient info - ID: 5001, Session: WKW
2025-09-10 13:41:39 - [INFO] - [DEBUG] Original path: F:\projek dosen\prototype riset\hotspot-analyzer\data\PLANAR\WKW\5001\20250115\5001_1.dcm
2025-09-10 13:41:39 - [INFO] - [DEBUG] Study date: 20250115
2025-09-10 13:41:39 - [INFO] - [DEBUG] Patient ID: 5001
2025-09-10 13:41:39 - [INFO] - [DEBUG] Session code: WKW
2025-09-10 13:41:39 - [INFO] - [DEBUG] Study date folder: F:\projek dosen\prototype riset\hotspot-analyzer\data\PLANAR\WKW\5001\20250115
2025-09-10 13:41:39 - [INFO] - [DEBUG] Loading original image for Posterior
2025-09-10 13:41:39 - [INFO] - [DEBUG] Looking for original PNG in study_date dir: F:\projek dosen\prototype riset\hotspot-analyzer\data\PLANAR\WKW\5001\20250115\post_original.png
2025-09-10 13:41:39 - [DEBUG] - STREAM b'IHDR' 16 13
2025-09-10 13:41:39 - [DEBUG] - STREAM b'IDAT' 41 65536
2025-09-10 13:41:39 - [INFO] - [DEBUG] Loaded original PNG from study_date dir: (256, 1024)
2025-09-10 13:41:39 - [INFO] - [DEBUG] Original image loaded: (256, 1024)
2025-09-10 13:41:39 - [INFO] - [DEBUG] Applying invert to original image
2025-09-10 13:41:39 - [INFO] - [DEBUG] simple_invert_pil_image: Processing L image, size = (256, 1024)
2025-09-10 13:41:39 - [INFO] - [DEBUG] simple_invert_image: input shape = (1024, 256), dtype = uint8
2025-09-10 13:41:39 - [INFO] - [DEBUG] Simple inversion completed: [0-255] -> [0-255]
2025-09-10 13:41:39 - [INFO] - [DEBUG] simple_invert_pil_image: completed
2025-09-10 13:41:39 - [INFO] - [DEBUG] Using STORED B/C values: B=0.00, C=1.00
2025-09-10 13:41:39 - [INFO] - [DEBUG]   Image layer loaded and processed
2025-09-10 13:41:39 - [INFO] - [DEBUG] Loading segmentation layer for Posterior
2025-09-10 13:41:39 - [INFO] - [DEBUG] Looking for segmentation (NEWEST): F:\projek dosen\prototype riset\hotspot-analyzer\data\PLANAR\WKW\5001\20250115\post_segm.png
2025-09-10 13:41:39 - [DEBUG] - STREAM b'IHDR' 16 13
2025-09-10 13:41:39 - [DEBUG] - STREAM b'IDAT' 41 6139
2025-09-10 13:41:39 - [INFO] - [DEBUG]   Loaded segmentation with transparency: F:\projek dosen\prototype riset\hotspot-analyzer\data\PLANAR\WKW\5001\20250115\post_segm.png
2025-09-10 13:41:39 - [INFO] - [DEBUG] Segmentation type: ORIGINAL
2025-09-10 13:41:39 - [INFO] - [DEBUG] Loading hotspot layer for Posterior
2025-09-10 13:41:39 - [INFO] - [DEBUG] Looking for hotspot classification (NEWEST): F:\projek dosen\prototype riset\hotspot-analyzer\data\PLANAR\WKW\5001\20250115\post_hotspot_classification.png
2025-09-10 13:41:39 - [DEBUG] - STREAM b'IHDR' 16 13
2025-09-10 13:41:39 - [DEBUG] - STREAM b'IDAT' 41 1317
2025-09-10 13:41:40 - [INFO] - [DEBUG]   Loaded hotspot layer: F:\projek dosen\prototype riset\hotspot-analyzer\data\PLANAR\WKW\5001\20250115\post_hotspot_classification.png
2025-09-10 13:41:40 - [INFO] - [DEBUG] Hotspot type: ORIGINAL
2025-09-10 13:41:40 - [INFO] - [DEBUG] Loading bbox layer for Posterior
2025-09-10 13:41:40 - [INFO] - [DEBUG] Looking for classification XML (NEWEST): F:\projek dosen\prototype riset\hotspot-analyzer\data\PLANAR\WKW\5001\20250115\post_hotspot_classification.xml
2025-09-10 13:41:40 - [INFO] - [DEBUG] Loading CLASSIFICATION XML for bbox: F:\projek dosen\prototype riset\hotspot-analyzer\data\PLANAR\WKW\5001\20250115\post_hotspot_classification.xml
2025-09-10 13:41:40 - [INFO] - [DEBUG] Drew CLASSIFICATION Abnormal bbox: (44,482) -> (95,537)
2025-09-10 13:41:40 - [INFO] - [DEBUG] Drew CLASSIFICATION Abnormal bbox: (111,344) -> (132,365)
2025-09-10 13:41:40 - [INFO] - [DEBUG] Drew CLASSIFICATION Abnormal bbox: (96,51) -> (117,75)
2025-09-10 13:41:40 - [INFO] - [DEBUG] Drew CLASSIFICATION Abnormal bbox: (54,483) -> (91,527)
2025-09-10 13:41:40 - [INFO] - [DEBUG]   Created CLASSIFICATION bbox visualization with 4 boxes
2025-09-10 13:41:40 - [INFO] - [DEBUG]   Loaded bbox layer: F:\projek dosen\prototype riset\hotspot-analyzer\data\PLANAR\WKW\5001\20250115\post_hotspot_classification.xml
2025-09-10 13:41:40 - [INFO] - [DEBUG] BBox XML type: ORIGINAL
2025-09-10 13:41:40 - [INFO] - [CACHE STORE] Not caching due to adjustments/overrides/invert
2025-09-10 13:41:40 - [INFO] - [DEBUG]   Loaded 4 layers for Posterior: ['Image', 'Segmentation', 'Hotspot', 'HotspotBBox']
2025-09-10 13:41:40 - [INFO] - [DEBUG] Available CLASSIFICATION layers in files: ['Image', 'Segmentation', 'Hotspot', 'HotspotBBox']
2025-09-10 13:41:40 - [INFO] - [DEBUG]   Added CLASSIFICATION Image to card 0 (opacity: 1.00)
2025-09-10 13:41:40 - [INFO] - [DEBUG]   CLASSIFICATION card 0 composite created with layers: ['Image']
2025-09-10 13:41:40 - [INFO] - [SMART UPDATE] State updated - Type: full
2025-09-10 13:41:40 - [INFO] - [SMART UPDATE] State updated - Type: rebuild
2025-09-10 13:41:40 - [INFO] - [DEBUG] Set Segmentation opacity to 0.40
2025-09-10 13:41:40 - [INFO] - [SMART UPDATE] Change type: none
2025-09-10 13:41:40 - [INFO] - [SMART UPDATE] Using full rebuild for opacity change
2025-09-10 13:41:40 - [INFO] - [DEBUG] Rebuilding timeline for active scan index: 0
2025-09-10 13:41:40 - [INFO] - [DEBUG] Creating CLASSIFICATION card 0 for view: Anterior
2025-09-10 13:41:40 - [INFO] - [DEBUG] Active layers selected: ['Image']
2025-09-10 13:41:40 - [INFO] - [DEBUG] DICOM path: F:\projek dosen\prototype riset\hotspot-analyzer\data\PLANAR\WKW\5001\20250115\5001_1.dcm
2025-09-10 13:41:40 - [INFO] - [DEBUG] Current view: Anterior
2025-09-10 13:41:40 - [INFO] - [CACHE DEBUG] use_cache=False
2025-09-10 13:41:40 - [INFO] - [CACHE DEBUG] has_adjustments=False (B=0.00, C=1.00)
2025-09-10 13:41:40 - [INFO] - [CACHE DEBUG] has_overrides=False (override_b=None, override_c=None)
2025-09-10 13:41:40 - [INFO] - [CACHE DEBUG] invert_original=True
2025-09-10 13:41:40 - [INFO] - [CACHE SKIP] Skipping cache due to adjustments/overrides/invert
2025-09-10 13:41:40 - [INFO] - [DEBUG] Path extraction: session=WKW, patient=5001, study_date=20250115
2025-09-10 13:41:40 - [INFO] - [DEBUG] Extracted patient info - ID: 5001, Session: WKW
2025-09-10 13:41:40 - [INFO] - [DEBUG] Original path: F:\projek dosen\prototype riset\hotspot-analyzer\data\PLANAR\WKW\5001\20250115\5001_1.dcm
2025-09-10 13:41:40 - [INFO] - [DEBUG] Study date: 20250115
2025-09-10 13:41:40 - [INFO] - [DEBUG] Patient ID: 5001
2025-09-10 13:41:40 - [INFO] - [DEBUG] Session code: WKW
2025-09-10 13:41:40 - [INFO] - [DEBUG] Study date folder: F:\projek dosen\prototype riset\hotspot-analyzer\data\PLANAR\WKW\5001\20250115
2025-09-10 13:41:40 - [INFO] - [DEBUG] Loading original image for Anterior
2025-09-10 13:41:40 - [INFO] - [DEBUG] Looking for original PNG in study_date dir: F:\projek dosen\prototype riset\hotspot-analyzer\data\PLANAR\WKW\5001\20250115\ant_original.png
2025-09-10 13:41:40 - [DEBUG] - STREAM b'IHDR' 16 13
2025-09-10 13:41:40 - [DEBUG] - STREAM b'IDAT' 41 65536
2025-09-10 13:41:40 - [INFO] - [DEBUG] Loaded original PNG from study_date dir: (256, 1024)
2025-09-10 13:41:40 - [INFO] - [DEBUG] Original image loaded: (256, 1024)
2025-09-10 13:41:40 - [INFO] - [DEBUG] Applying invert to original image
2025-09-10 13:41:40 - [INFO] - [DEBUG] simple_invert_pil_image: Processing L image, size = (256, 1024)
2025-09-10 13:41:40 - [INFO] - [DEBUG] simple_invert_image: input shape = (1024, 256), dtype = uint8
2025-09-10 13:41:40 - [INFO] - [DEBUG] Simple inversion completed: [0-255] -> [0-255]
2025-09-10 13:41:40 - [INFO] - [DEBUG] simple_invert_pil_image: completed
2025-09-10 13:41:40 - [INFO] - [DEBUG] Using STORED B/C values: B=0.00, C=1.00
2025-09-10 13:41:40 - [INFO] - [DEBUG]   Image layer loaded and processed
2025-09-10 13:41:40 - [INFO] - [DEBUG] Loading segmentation layer for Anterior
2025-09-10 13:41:40 - [INFO] - [DEBUG] Looking for segmentation (NEWEST): F:\projek dosen\prototype riset\hotspot-analyzer\data\PLANAR\WKW\5001\20250115\ant_segm.png
2025-09-10 13:41:40 - [DEBUG] - STREAM b'IHDR' 16 13
2025-09-10 13:41:40 - [DEBUG] - STREAM b'IDAT' 41 6383
2025-09-10 13:41:40 - [INFO] - [DEBUG]   Loaded segmentation with transparency: F:\projek dosen\prototype riset\hotspot-analyzer\data\PLANAR\WKW\5001\20250115\ant_segm.png
2025-09-10 13:41:40 - [INFO] - [DEBUG] Segmentation type: ORIGINAL
2025-09-10 13:41:40 - [INFO] - [DEBUG] Loading hotspot layer for Anterior
2025-09-10 13:41:40 - [INFO] - [DEBUG] Looking for hotspot classification (NEWEST): F:\projek dosen\prototype riset\hotspot-analyzer\data\PLANAR\WKW\5001\20250115\20250910\ant_hotspot_classification_133505.png
2025-09-10 13:41:40 - [DEBUG] - STREAM b'IHDR' 16 13
2025-09-10 13:41:40 - [DEBUG] - STREAM b'IDAT' 41 1389
2025-09-10 13:41:40 - [INFO] - [DEBUG]   Loaded hotspot layer: F:\projek dosen\prototype riset\hotspot-analyzer\data\PLANAR\WKW\5001\20250115\20250910\ant_hotspot_classification_133505.png
2025-09-10 13:41:40 - [INFO] - [DEBUG] Hotspot type: EDITED
2025-09-10 13:41:40 - [INFO] - [DEBUG] Loading bbox layer for Anterior
2025-09-10 13:41:40 - [INFO] - [DEBUG] Looking for classification XML (NEWEST): F:\projek dosen\prototype riset\hotspot-analyzer\data\PLANAR\WKW\5001\20250115\20250910\ant_hotspot_classification_133505.xml
2025-09-10 13:41:40 - [INFO] - [DEBUG] Loading CLASSIFICATION XML for bbox: F:\projek dosen\prototype riset\hotspot-analyzer\data\PLANAR\WKW\5001\20250115\20250910\ant_hotspot_classification_133505.xml
2025-09-10 13:41:40 - [INFO] - [DEBUG] Drew CLASSIFICATION Abnormal bbox: (194,150) -> (214,171)
2025-09-10 13:41:40 - [INFO] - [DEBUG] Drew CLASSIFICATION Abnormal bbox: (156,480) -> (188,511)
2025-09-10 13:41:40 - [INFO] - [DEBUG] Drew CLASSIFICATION Normal bbox: (63,210) -> (98,271)
2025-09-10 13:41:40 - [INFO] - [DEBUG]   Created CLASSIFICATION bbox visualization with 3 boxes
2025-09-10 13:41:40 - [INFO] - [DEBUG]   Loaded bbox layer: F:\projek dosen\prototype riset\hotspot-analyzer\data\PLANAR\WKW\5001\20250115\20250910\ant_hotspot_classification_133505.xml
2025-09-10 13:41:40 - [INFO] - [DEBUG] BBox XML type: EDITED
2025-09-10 13:41:40 - [INFO] - [CACHE STORE] Not caching due to adjustments/overrides/invert
2025-09-10 13:41:40 - [INFO] - [DEBUG]   Loaded 4 layers for Anterior: ['Image', 'Segmentation', 'Hotspot', 'HotspotBBox']
2025-09-10 13:41:40 - [INFO] - [DEBUG] Available CLASSIFICATION layers in files: ['Image', 'Segmentation', 'Hotspot', 'HotspotBBox']
2025-09-10 13:41:40 - [INFO] - [DEBUG]   Added CLASSIFICATION Image to card 0 (opacity: 1.00)
2025-09-10 13:41:40 - [INFO] - [DEBUG]   CLASSIFICATION card 0 composite created with layers: ['Image']
2025-09-10 13:41:40 - [INFO] - [DEBUG] Creating CLASSIFICATION card 0 for view: Posterior
2025-09-10 13:41:40 - [INFO] - [DEBUG] Active layers selected: ['Image']
2025-09-10 13:41:40 - [INFO] - [DEBUG] DICOM path: F:\projek dosen\prototype riset\hotspot-analyzer\data\PLANAR\WKW\5001\20250115\5001_1.dcm
2025-09-10 13:41:40 - [INFO] - [DEBUG] Current view: Posterior
2025-09-10 13:41:40 - [INFO] - [CACHE DEBUG] use_cache=False
2025-09-10 13:41:40 - [INFO] - [CACHE DEBUG] has_adjustments=False (B=0.00, C=1.00)
2025-09-10 13:41:40 - [INFO] - [CACHE DEBUG] has_overrides=False (override_b=None, override_c=None)
2025-09-10 13:41:40 - [INFO] - [CACHE DEBUG] invert_original=True
2025-09-10 13:41:40 - [INFO] - [CACHE SKIP] Skipping cache due to adjustments/overrides/invert
2025-09-10 13:41:40 - [INFO] - [DEBUG] Path extraction: session=WKW, patient=5001, study_date=20250115
2025-09-10 13:41:40 - [INFO] - [DEBUG] Extracted patient info - ID: 5001, Session: WKW
2025-09-10 13:41:40 - [INFO] - [DEBUG] Original path: F:\projek dosen\prototype riset\hotspot-analyzer\data\PLANAR\WKW\5001\20250115\5001_1.dcm
2025-09-10 13:41:40 - [INFO] - [DEBUG] Study date: 20250115
2025-09-10 13:41:40 - [INFO] - [DEBUG] Patient ID: 5001
2025-09-10 13:41:40 - [INFO] - [DEBUG] Session code: WKW
2025-09-10 13:41:40 - [INFO] - [DEBUG] Study date folder: F:\projek dosen\prototype riset\hotspot-analyzer\data\PLANAR\WKW\5001\20250115
2025-09-10 13:41:40 - [INFO] - [DEBUG] Loading original image for Posterior
2025-09-10 13:41:40 - [INFO] - [DEBUG] Looking for original PNG in study_date dir: F:\projek dosen\prototype riset\hotspot-analyzer\data\PLANAR\WKW\5001\20250115\post_original.png
2025-09-10 13:41:40 - [DEBUG] - STREAM b'IHDR' 16 13
2025-09-10 13:41:40 - [DEBUG] - STREAM b'IDAT' 41 65536
2025-09-10 13:41:40 - [INFO] - [DEBUG] Loaded original PNG from study_date dir: (256, 1024)
2025-09-10 13:41:40 - [INFO] - [DEBUG] Original image loaded: (256, 1024)
2025-09-10 13:41:40 - [INFO] - [DEBUG] Applying invert to original image
2025-09-10 13:41:40 - [INFO] - [DEBUG] simple_invert_pil_image: Processing L image, size = (256, 1024)
2025-09-10 13:41:40 - [INFO] - [DEBUG] simple_invert_image: input shape = (1024, 256), dtype = uint8
2025-09-10 13:41:40 - [INFO] - [DEBUG] Simple inversion completed: [0-255] -> [0-255]
2025-09-10 13:41:40 - [INFO] - [DEBUG] simple_invert_pil_image: completed
2025-09-10 13:41:40 - [INFO] - [DEBUG] Using STORED B/C values: B=0.00, C=1.00
2025-09-10 13:41:40 - [INFO] - [DEBUG]   Image layer loaded and processed
2025-09-10 13:41:40 - [INFO] - [DEBUG] Loading segmentation layer for Posterior
2025-09-10 13:41:40 - [INFO] - [DEBUG] Looking for segmentation (NEWEST): F:\projek dosen\prototype riset\hotspot-analyzer\data\PLANAR\WKW\5001\20250115\post_segm.png
2025-09-10 13:41:40 - [DEBUG] - STREAM b'IHDR' 16 13
2025-09-10 13:41:40 - [DEBUG] - STREAM b'IDAT' 41 6139
2025-09-10 13:41:40 - [INFO] - [DEBUG]   Loaded segmentation with transparency: F:\projek dosen\prototype riset\hotspot-analyzer\data\PLANAR\WKW\5001\20250115\post_segm.png
2025-09-10 13:41:40 - [INFO] - [DEBUG] Segmentation type: ORIGINAL
2025-09-10 13:41:40 - [INFO] - [DEBUG] Loading hotspot layer for Posterior
2025-09-10 13:41:40 - [INFO] - [DEBUG] Looking for hotspot classification (NEWEST): F:\projek dosen\prototype riset\hotspot-analyzer\data\PLANAR\WKW\5001\20250115\post_hotspot_classification.png
2025-09-10 13:41:40 - [DEBUG] - STREAM b'IHDR' 16 13
2025-09-10 13:41:40 - [DEBUG] - STREAM b'IDAT' 41 1317
2025-09-10 13:41:40 - [INFO] - [DEBUG]   Loaded hotspot layer: F:\projek dosen\prototype riset\hotspot-analyzer\data\PLANAR\WKW\5001\20250115\post_hotspot_classification.png
2025-09-10 13:41:40 - [INFO] - [DEBUG] Hotspot type: ORIGINAL
2025-09-10 13:41:40 - [INFO] - [DEBUG] Loading bbox layer for Posterior
2025-09-10 13:41:40 - [INFO] - [DEBUG] Looking for classification XML (NEWEST): F:\projek dosen\prototype riset\hotspot-analyzer\data\PLANAR\WKW\5001\20250115\post_hotspot_classification.xml
2025-09-10 13:41:40 - [INFO] - [DEBUG] Loading CLASSIFICATION XML for bbox: F:\projek dosen\prototype riset\hotspot-analyzer\data\PLANAR\WKW\5001\20250115\post_hotspot_classification.xml
2025-09-10 13:41:40 - [INFO] - [DEBUG] Drew CLASSIFICATION Abnormal bbox: (44,482) -> (95,537)
2025-09-10 13:41:40 - [INFO] - [DEBUG] Drew CLASSIFICATION Abnormal bbox: (111,344) -> (132,365)
2025-09-10 13:41:40 - [INFO] - [DEBUG] Drew CLASSIFICATION Abnormal bbox: (96,51) -> (117,75)
2025-09-10 13:41:40 - [INFO] - [DEBUG] Drew CLASSIFICATION Abnormal bbox: (54,483) -> (91,527)
2025-09-10 13:41:40 - [INFO] - [DEBUG]   Created CLASSIFICATION bbox visualization with 4 boxes
2025-09-10 13:41:40 - [INFO] - [DEBUG]   Loaded bbox layer: F:\projek dosen\prototype riset\hotspot-analyzer\data\PLANAR\WKW\5001\20250115\post_hotspot_classification.xml
2025-09-10 13:41:40 - [INFO] - [DEBUG] BBox XML type: ORIGINAL
2025-09-10 13:41:40 - [INFO] - [CACHE STORE] Not caching due to adjustments/overrides/invert
2025-09-10 13:41:40 - [INFO] - [DEBUG]   Loaded 4 layers for Posterior: ['Image', 'Segmentation', 'Hotspot', 'HotspotBBox']
2025-09-10 13:41:40 - [INFO] - [DEBUG] Available CLASSIFICATION layers in files: ['Image', 'Segmentation', 'Hotspot', 'HotspotBBox']
2025-09-10 13:41:40 - [INFO] - [DEBUG]   Added CLASSIFICATION Image to card 0 (opacity: 1.00)
2025-09-10 13:41:40 - [INFO] - [DEBUG]   CLASSIFICATION card 0 composite created with layers: ['Image']
2025-09-10 13:41:40 - [INFO] - [SMART UPDATE] State updated - Type: full
2025-09-10 13:41:40 - [INFO] - [SMART UPDATE] State updated - Type: rebuild
2025-09-10 13:41:40 - [INFO] - [DEBUG] Set Hotspot opacity to 0.50
2025-09-10 13:41:40 - [INFO] - [SMART UPDATE] Change type: none
2025-09-10 13:41:40 - [INFO] - [SMART UPDATE] Using full rebuild for opacity change
2025-09-10 13:41:40 - [INFO] - [DEBUG] Rebuilding timeline for active scan index: 0
2025-09-10 13:41:40 - [INFO] - [DEBUG] Creating CLASSIFICATION card 0 for view: Anterior
2025-09-10 13:41:40 - [INFO] - [DEBUG] Active layers selected: ['Image']
2025-09-10 13:41:40 - [INFO] - [DEBUG] DICOM path: F:\projek dosen\prototype riset\hotspot-analyzer\data\PLANAR\WKW\5001\20250115\5001_1.dcm
2025-09-10 13:41:40 - [INFO] - [DEBUG] Current view: Anterior
2025-09-10 13:41:40 - [INFO] - [CACHE DEBUG] use_cache=False
2025-09-10 13:41:40 - [INFO] - [CACHE DEBUG] has_adjustments=False (B=0.00, C=1.00)
2025-09-10 13:41:40 - [INFO] - [CACHE DEBUG] has_overrides=False (override_b=None, override_c=None)
2025-09-10 13:41:40 - [INFO] - [CACHE DEBUG] invert_original=True
2025-09-10 13:41:40 - [INFO] - [CACHE SKIP] Skipping cache due to adjustments/overrides/invert
2025-09-10 13:41:40 - [INFO] - [DEBUG] Path extraction: session=WKW, patient=5001, study_date=20250115
2025-09-10 13:41:40 - [INFO] - [DEBUG] Extracted patient info - ID: 5001, Session: WKW
2025-09-10 13:41:40 - [INFO] - [DEBUG] Original path: F:\projek dosen\prototype riset\hotspot-analyzer\data\PLANAR\WKW\5001\20250115\5001_1.dcm
2025-09-10 13:41:40 - [INFO] - [DEBUG] Study date: 20250115
2025-09-10 13:41:40 - [INFO] - [DEBUG] Patient ID: 5001
2025-09-10 13:41:40 - [INFO] - [DEBUG] Session code: WKW
2025-09-10 13:41:40 - [INFO] - [DEBUG] Study date folder: F:\projek dosen\prototype riset\hotspot-analyzer\data\PLANAR\WKW\5001\20250115
2025-09-10 13:41:40 - [INFO] - [DEBUG] Loading original image for Anterior
2025-09-10 13:41:40 - [INFO] - [DEBUG] Looking for original PNG in study_date dir: F:\projek dosen\prototype riset\hotspot-analyzer\data\PLANAR\WKW\5001\20250115\ant_original.png
2025-09-10 13:41:40 - [DEBUG] - STREAM b'IHDR' 16 13
2025-09-10 13:41:40 - [DEBUG] - STREAM b'IDAT' 41 65536
2025-09-10 13:41:40 - [INFO] - [DEBUG] Loaded original PNG from study_date dir: (256, 1024)
2025-09-10 13:41:40 - [INFO] - [DEBUG] Original image loaded: (256, 1024)
2025-09-10 13:41:40 - [INFO] - [DEBUG] Applying invert to original image
2025-09-10 13:41:40 - [INFO] - [DEBUG] simple_invert_pil_image: Processing L image, size = (256, 1024)
2025-09-10 13:41:40 - [INFO] - [DEBUG] simple_invert_image: input shape = (1024, 256), dtype = uint8
2025-09-10 13:41:40 - [INFO] - [DEBUG] Simple inversion completed: [0-255] -> [0-255]
2025-09-10 13:41:40 - [INFO] - [DEBUG] simple_invert_pil_image: completed
2025-09-10 13:41:40 - [INFO] - [DEBUG] Using STORED B/C values: B=0.00, C=1.00
2025-09-10 13:41:40 - [INFO] - [DEBUG]   Image layer loaded and processed
2025-09-10 13:41:40 - [INFO] - [DEBUG] Loading segmentation layer for Anterior
2025-09-10 13:41:40 - [INFO] - [DEBUG] Looking for segmentation (NEWEST): F:\projek dosen\prototype riset\hotspot-analyzer\data\PLANAR\WKW\5001\20250115\ant_segm.png
2025-09-10 13:41:40 - [DEBUG] - STREAM b'IHDR' 16 13
2025-09-10 13:41:40 - [DEBUG] - STREAM b'IDAT' 41 6383
2025-09-10 13:41:40 - [INFO] - [DEBUG]   Loaded segmentation with transparency: F:\projek dosen\prototype riset\hotspot-analyzer\data\PLANAR\WKW\5001\20250115\ant_segm.png
2025-09-10 13:41:40 - [INFO] - [DEBUG] Segmentation type: ORIGINAL
2025-09-10 13:41:40 - [INFO] - [DEBUG] Loading hotspot layer for Anterior
2025-09-10 13:41:40 - [INFO] - [DEBUG] Looking for hotspot classification (NEWEST): F:\projek dosen\prototype riset\hotspot-analyzer\data\PLANAR\WKW\5001\20250115\20250910\ant_hotspot_classification_133505.png
2025-09-10 13:41:40 - [DEBUG] - STREAM b'IHDR' 16 13
2025-09-10 13:41:40 - [DEBUG] - STREAM b'IDAT' 41 1389
2025-09-10 13:41:40 - [INFO] - [DEBUG]   Loaded hotspot layer: F:\projek dosen\prototype riset\hotspot-analyzer\data\PLANAR\WKW\5001\20250115\20250910\ant_hotspot_classification_133505.png
2025-09-10 13:41:40 - [INFO] - [DEBUG] Hotspot type: EDITED
2025-09-10 13:41:40 - [INFO] - [DEBUG] Loading bbox layer for Anterior
2025-09-10 13:41:40 - [INFO] - [DEBUG] Looking for classification XML (NEWEST): F:\projek dosen\prototype riset\hotspot-analyzer\data\PLANAR\WKW\5001\20250115\20250910\ant_hotspot_classification_133505.xml
2025-09-10 13:41:40 - [INFO] - [DEBUG] Loading CLASSIFICATION XML for bbox: F:\projek dosen\prototype riset\hotspot-analyzer\data\PLANAR\WKW\5001\20250115\20250910\ant_hotspot_classification_133505.xml
2025-09-10 13:41:40 - [INFO] - [DEBUG] Drew CLASSIFICATION Abnormal bbox: (194,150) -> (214,171)
2025-09-10 13:41:40 - [INFO] - [DEBUG] Drew CLASSIFICATION Abnormal bbox: (156,480) -> (188,511)
2025-09-10 13:41:40 - [INFO] - [DEBUG] Drew CLASSIFICATION Normal bbox: (63,210) -> (98,271)
2025-09-10 13:41:40 - [INFO] - [DEBUG]   Created CLASSIFICATION bbox visualization with 3 boxes
2025-09-10 13:41:40 - [INFO] - [DEBUG]   Loaded bbox layer: F:\projek dosen\prototype riset\hotspot-analyzer\data\PLANAR\WKW\5001\20250115\20250910\ant_hotspot_classification_133505.xml
2025-09-10 13:41:40 - [INFO] - [DEBUG] BBox XML type: EDITED
2025-09-10 13:41:40 - [INFO] - [CACHE STORE] Not caching due to adjustments/overrides/invert
2025-09-10 13:41:40 - [INFO] - [DEBUG]   Loaded 4 layers for Anterior: ['Image', 'Segmentation', 'Hotspot', 'HotspotBBox']
2025-09-10 13:41:40 - [INFO] - [DEBUG] Available CLASSIFICATION layers in files: ['Image', 'Segmentation', 'Hotspot', 'HotspotBBox']
2025-09-10 13:41:40 - [INFO] - [DEBUG]   Added CLASSIFICATION Image to card 0 (opacity: 1.00)
2025-09-10 13:41:40 - [INFO] - [DEBUG]   CLASSIFICATION card 0 composite created with layers: ['Image']
2025-09-10 13:41:40 - [INFO] - [DEBUG] Creating CLASSIFICATION card 0 for view: Posterior
2025-09-10 13:41:40 - [INFO] - [DEBUG] Active layers selected: ['Image']
2025-09-10 13:41:40 - [INFO] - [DEBUG] DICOM path: F:\projek dosen\prototype riset\hotspot-analyzer\data\PLANAR\WKW\5001\20250115\5001_1.dcm
2025-09-10 13:41:40 - [INFO] - [DEBUG] Current view: Posterior
2025-09-10 13:41:40 - [INFO] - [CACHE DEBUG] use_cache=False
2025-09-10 13:41:40 - [INFO] - [CACHE DEBUG] has_adjustments=False (B=0.00, C=1.00)
2025-09-10 13:41:40 - [INFO] - [CACHE DEBUG] has_overrides=False (override_b=None, override_c=None)
2025-09-10 13:41:40 - [INFO] - [CACHE DEBUG] invert_original=True
2025-09-10 13:41:40 - [INFO] - [CACHE SKIP] Skipping cache due to adjustments/overrides/invert
2025-09-10 13:41:40 - [INFO] - [DEBUG] Path extraction: session=WKW, patient=5001, study_date=20250115
2025-09-10 13:41:40 - [INFO] - [DEBUG] Extracted patient info - ID: 5001, Session: WKW
2025-09-10 13:41:40 - [INFO] - [DEBUG] Original path: F:\projek dosen\prototype riset\hotspot-analyzer\data\PLANAR\WKW\5001\20250115\5001_1.dcm
2025-09-10 13:41:40 - [INFO] - [DEBUG] Study date: 20250115
2025-09-10 13:41:40 - [INFO] - [DEBUG] Patient ID: 5001
2025-09-10 13:41:40 - [INFO] - [DEBUG] Session code: WKW
2025-09-10 13:41:40 - [INFO] - [DEBUG] Study date folder: F:\projek dosen\prototype riset\hotspot-analyzer\data\PLANAR\WKW\5001\20250115
2025-09-10 13:41:40 - [INFO] - [DEBUG] Loading original image for Posterior
2025-09-10 13:41:40 - [INFO] - [DEBUG] Looking for original PNG in study_date dir: F:\projek dosen\prototype riset\hotspot-analyzer\data\PLANAR\WKW\5001\20250115\post_original.png
2025-09-10 13:41:40 - [DEBUG] - STREAM b'IHDR' 16 13
2025-09-10 13:41:40 - [DEBUG] - STREAM b'IDAT' 41 65536
2025-09-10 13:41:40 - [INFO] - [DEBUG] Loaded original PNG from study_date dir: (256, 1024)
2025-09-10 13:41:40 - [INFO] - [DEBUG] Original image loaded: (256, 1024)
2025-09-10 13:41:40 - [INFO] - [DEBUG] Applying invert to original image
2025-09-10 13:41:40 - [INFO] - [DEBUG] simple_invert_pil_image: Processing L image, size = (256, 1024)
2025-09-10 13:41:40 - [INFO] - [DEBUG] simple_invert_image: input shape = (1024, 256), dtype = uint8
2025-09-10 13:41:40 - [INFO] - [DEBUG] Simple inversion completed: [0-255] -> [0-255]
2025-09-10 13:41:40 - [INFO] - [DEBUG] simple_invert_pil_image: completed
2025-09-10 13:41:40 - [INFO] - [DEBUG] Using STORED B/C values: B=0.00, C=1.00
2025-09-10 13:41:40 - [INFO] - [DEBUG]   Image layer loaded and processed
2025-09-10 13:41:40 - [INFO] - [DEBUG] Loading segmentation layer for Posterior
2025-09-10 13:41:40 - [INFO] - [DEBUG] Looking for segmentation (NEWEST): F:\projek dosen\prototype riset\hotspot-analyzer\data\PLANAR\WKW\5001\20250115\post_segm.png
2025-09-10 13:41:40 - [DEBUG] - STREAM b'IHDR' 16 13
2025-09-10 13:41:40 - [DEBUG] - STREAM b'IDAT' 41 6139
2025-09-10 13:41:40 - [INFO] - [DEBUG]   Loaded segmentation with transparency: F:\projek dosen\prototype riset\hotspot-analyzer\data\PLANAR\WKW\5001\20250115\post_segm.png
2025-09-10 13:41:40 - [INFO] - [DEBUG] Segmentation type: ORIGINAL
2025-09-10 13:41:40 - [INFO] - [DEBUG] Loading hotspot layer for Posterior
2025-09-10 13:41:40 - [INFO] - [DEBUG] Looking for hotspot classification (NEWEST): F:\projek dosen\prototype riset\hotspot-analyzer\data\PLANAR\WKW\5001\20250115\post_hotspot_classification.png
2025-09-10 13:41:40 - [DEBUG] - STREAM b'IHDR' 16 13
2025-09-10 13:41:40 - [DEBUG] - STREAM b'IDAT' 41 1317
2025-09-10 13:41:40 - [INFO] - [DEBUG]   Loaded hotspot layer: F:\projek dosen\prototype riset\hotspot-analyzer\data\PLANAR\WKW\5001\20250115\post_hotspot_classification.png
2025-09-10 13:41:40 - [INFO] - [DEBUG] Hotspot type: ORIGINAL
2025-09-10 13:41:40 - [INFO] - [DEBUG] Loading bbox layer for Posterior
2025-09-10 13:41:40 - [INFO] - [DEBUG] Looking for classification XML (NEWEST): F:\projek dosen\prototype riset\hotspot-analyzer\data\PLANAR\WKW\5001\20250115\post_hotspot_classification.xml
2025-09-10 13:41:40 - [INFO] - [DEBUG] Loading CLASSIFICATION XML for bbox: F:\projek dosen\prototype riset\hotspot-analyzer\data\PLANAR\WKW\5001\20250115\post_hotspot_classification.xml
2025-09-10 13:41:40 - [INFO] - [DEBUG] Drew CLASSIFICATION Abnormal bbox: (44,482) -> (95,537)
2025-09-10 13:41:40 - [INFO] - [DEBUG] Drew CLASSIFICATION Abnormal bbox: (111,344) -> (132,365)
2025-09-10 13:41:40 - [INFO] - [DEBUG] Drew CLASSIFICATION Abnormal bbox: (96,51) -> (117,75)
2025-09-10 13:41:40 - [INFO] - [DEBUG] Drew CLASSIFICATION Abnormal bbox: (54,483) -> (91,527)
2025-09-10 13:41:40 - [INFO] - [DEBUG]   Created CLASSIFICATION bbox visualization with 4 boxes
2025-09-10 13:41:40 - [INFO] - [DEBUG]   Loaded bbox layer: F:\projek dosen\prototype riset\hotspot-analyzer\data\PLANAR\WKW\5001\20250115\post_hotspot_classification.xml
2025-09-10 13:41:40 - [INFO] - [DEBUG] BBox XML type: ORIGINAL
2025-09-10 13:41:40 - [INFO] - [CACHE STORE] Not caching due to adjustments/overrides/invert
2025-09-10 13:41:40 - [INFO] - [DEBUG]   Loaded 4 layers for Posterior: ['Image', 'Segmentation', 'Hotspot', 'HotspotBBox']
2025-09-10 13:41:40 - [INFO] - [DEBUG] Available CLASSIFICATION layers in files: ['Image', 'Segmentation', 'Hotspot', 'HotspotBBox']
2025-09-10 13:41:40 - [INFO] - [DEBUG]   Added CLASSIFICATION Image to card 0 (opacity: 1.00)
2025-09-10 13:41:40 - [INFO] - [DEBUG]   CLASSIFICATION card 0 composite created with layers: ['Image']
2025-09-10 13:41:40 - [INFO] - [SMART UPDATE] State updated - Type: full
2025-09-10 13:41:40 - [INFO] - [SMART UPDATE] State updated - Type: rebuild
2025-09-10 13:41:40 - [INFO] - [DEBUG] Set HotspotBBox opacity to 1.00
2025-09-10 13:41:40 - [INFO] - [SMART UPDATE] Change type: none
2025-09-10 13:41:40 - [INFO] - [SMART UPDATE] Using full rebuild for opacity change
2025-09-10 13:41:40 - [INFO] - [DEBUG] Rebuilding timeline for active scan index: 0
2025-09-10 13:41:40 - [INFO] - [DEBUG] Creating CLASSIFICATION card 0 for view: Anterior
2025-09-10 13:41:40 - [INFO] - [DEBUG] Active layers selected: ['Image']
2025-09-10 13:41:40 - [INFO] - [DEBUG] DICOM path: F:\projek dosen\prototype riset\hotspot-analyzer\data\PLANAR\WKW\5001\20250115\5001_1.dcm
2025-09-10 13:41:40 - [INFO] - [DEBUG] Current view: Anterior
2025-09-10 13:41:40 - [INFO] - [CACHE DEBUG] use_cache=False
2025-09-10 13:41:40 - [INFO] - [CACHE DEBUG] has_adjustments=False (B=0.00, C=1.00)
2025-09-10 13:41:40 - [INFO] - [CACHE DEBUG] has_overrides=False (override_b=None, override_c=None)
2025-09-10 13:41:40 - [INFO] - [CACHE DEBUG] invert_original=True
2025-09-10 13:41:40 - [INFO] - [CACHE SKIP] Skipping cache due to adjustments/overrides/invert
2025-09-10 13:41:40 - [INFO] - [DEBUG] Path extraction: session=WKW, patient=5001, study_date=20250115
2025-09-10 13:41:40 - [INFO] - [DEBUG] Extracted patient info - ID: 5001, Session: WKW
2025-09-10 13:41:40 - [INFO] - [DEBUG] Original path: F:\projek dosen\prototype riset\hotspot-analyzer\data\PLANAR\WKW\5001\20250115\5001_1.dcm
2025-09-10 13:41:40 - [INFO] - [DEBUG] Study date: 20250115
2025-09-10 13:41:40 - [INFO] - [DEBUG] Patient ID: 5001
2025-09-10 13:41:40 - [INFO] - [DEBUG] Session code: WKW
2025-09-10 13:41:40 - [INFO] - [DEBUG] Study date folder: F:\projek dosen\prototype riset\hotspot-analyzer\data\PLANAR\WKW\5001\20250115
2025-09-10 13:41:40 - [INFO] - [DEBUG] Loading original image for Anterior
2025-09-10 13:41:40 - [INFO] - [DEBUG] Looking for original PNG in study_date dir: F:\projek dosen\prototype riset\hotspot-analyzer\data\PLANAR\WKW\5001\20250115\ant_original.png
2025-09-10 13:41:40 - [DEBUG] - STREAM b'IHDR' 16 13
2025-09-10 13:41:40 - [DEBUG] - STREAM b'IDAT' 41 65536
2025-09-10 13:41:40 - [INFO] - [DEBUG] Loaded original PNG from study_date dir: (256, 1024)
2025-09-10 13:41:40 - [INFO] - [DEBUG] Original image loaded: (256, 1024)
2025-09-10 13:41:40 - [INFO] - [DEBUG] Applying invert to original image
2025-09-10 13:41:40 - [INFO] - [DEBUG] simple_invert_pil_image: Processing L image, size = (256, 1024)
2025-09-10 13:41:40 - [INFO] - [DEBUG] simple_invert_image: input shape = (1024, 256), dtype = uint8
2025-09-10 13:41:40 - [INFO] - [DEBUG] Simple inversion completed: [0-255] -> [0-255]
2025-09-10 13:41:40 - [INFO] - [DEBUG] simple_invert_pil_image: completed
2025-09-10 13:41:40 - [INFO] - [DEBUG] Using STORED B/C values: B=0.00, C=1.00
2025-09-10 13:41:40 - [INFO] - [DEBUG]   Image layer loaded and processed
2025-09-10 13:41:40 - [INFO] - [DEBUG] Loading segmentation layer for Anterior
2025-09-10 13:41:40 - [INFO] - [DEBUG] Looking for segmentation (NEWEST): F:\projek dosen\prototype riset\hotspot-analyzer\data\PLANAR\WKW\5001\20250115\ant_segm.png
2025-09-10 13:41:40 - [DEBUG] - STREAM b'IHDR' 16 13
2025-09-10 13:41:40 - [DEBUG] - STREAM b'IDAT' 41 6383
2025-09-10 13:41:40 - [INFO] - [DEBUG]   Loaded segmentation with transparency: F:\projek dosen\prototype riset\hotspot-analyzer\data\PLANAR\WKW\5001\20250115\ant_segm.png
2025-09-10 13:41:40 - [INFO] - [DEBUG] Segmentation type: ORIGINAL
2025-09-10 13:41:40 - [INFO] - [DEBUG] Loading hotspot layer for Anterior
2025-09-10 13:41:40 - [INFO] - [DEBUG] Looking for hotspot classification (NEWEST): F:\projek dosen\prototype riset\hotspot-analyzer\data\PLANAR\WKW\5001\20250115\20250910\ant_hotspot_classification_133505.png
2025-09-10 13:41:40 - [DEBUG] - STREAM b'IHDR' 16 13
2025-09-10 13:41:40 - [DEBUG] - STREAM b'IDAT' 41 1389
2025-09-10 13:41:40 - [INFO] - [DEBUG]   Loaded hotspot layer: F:\projek dosen\prototype riset\hotspot-analyzer\data\PLANAR\WKW\5001\20250115\20250910\ant_hotspot_classification_133505.png
2025-09-10 13:41:40 - [INFO] - [DEBUG] Hotspot type: EDITED
2025-09-10 13:41:40 - [INFO] - [DEBUG] Loading bbox layer for Anterior
2025-09-10 13:41:40 - [INFO] - [DEBUG] Looking for classification XML (NEWEST): F:\projek dosen\prototype riset\hotspot-analyzer\data\PLANAR\WKW\5001\20250115\20250910\ant_hotspot_classification_133505.xml
2025-09-10 13:41:40 - [INFO] - [DEBUG] Loading CLASSIFICATION XML for bbox: F:\projek dosen\prototype riset\hotspot-analyzer\data\PLANAR\WKW\5001\20250115\20250910\ant_hotspot_classification_133505.xml
2025-09-10 13:41:40 - [INFO] - [DEBUG] Drew CLASSIFICATION Abnormal bbox: (194,150) -> (214,171)
2025-09-10 13:41:40 - [INFO] - [DEBUG] Drew CLASSIFICATION Abnormal bbox: (156,480) -> (188,511)
2025-09-10 13:41:40 - [INFO] - [DEBUG] Drew CLASSIFICATION Normal bbox: (63,210) -> (98,271)
2025-09-10 13:41:40 - [INFO] - [DEBUG]   Created CLASSIFICATION bbox visualization with 3 boxes
2025-09-10 13:41:40 - [INFO] - [DEBUG]   Loaded bbox layer: F:\projek dosen\prototype riset\hotspot-analyzer\data\PLANAR\WKW\5001\20250115\20250910\ant_hotspot_classification_133505.xml
2025-09-10 13:41:40 - [INFO] - [DEBUG] BBox XML type: EDITED
2025-09-10 13:41:40 - [INFO] - [CACHE STORE] Not caching due to adjustments/overrides/invert
2025-09-10 13:41:40 - [INFO] - [DEBUG]   Loaded 4 layers for Anterior: ['Image', 'Segmentation', 'Hotspot', 'HotspotBBox']
2025-09-10 13:41:40 - [INFO] - [DEBUG] Available CLASSIFICATION layers in files: ['Image', 'Segmentation', 'Hotspot', 'HotspotBBox']
2025-09-10 13:41:40 - [INFO] - [DEBUG]   Added CLASSIFICATION Image to card 0 (opacity: 1.00)
2025-09-10 13:41:40 - [INFO] - [DEBUG]   CLASSIFICATION card 0 composite created with layers: ['Image']
2025-09-10 13:41:40 - [INFO] - [DEBUG] Creating CLASSIFICATION card 0 for view: Posterior
2025-09-10 13:41:40 - [INFO] - [DEBUG] Active layers selected: ['Image']
2025-09-10 13:41:40 - [INFO] - [DEBUG] DICOM path: F:\projek dosen\prototype riset\hotspot-analyzer\data\PLANAR\WKW\5001\20250115\5001_1.dcm
2025-09-10 13:41:40 - [INFO] - [DEBUG] Current view: Posterior
2025-09-10 13:41:40 - [INFO] - [CACHE DEBUG] use_cache=False
2025-09-10 13:41:40 - [INFO] - [CACHE DEBUG] has_adjustments=False (B=0.00, C=1.00)
2025-09-10 13:41:40 - [INFO] - [CACHE DEBUG] has_overrides=False (override_b=None, override_c=None)
2025-09-10 13:41:40 - [INFO] - [CACHE DEBUG] invert_original=True
2025-09-10 13:41:40 - [INFO] - [CACHE SKIP] Skipping cache due to adjustments/overrides/invert
2025-09-10 13:41:40 - [INFO] - [DEBUG] Path extraction: session=WKW, patient=5001, study_date=20250115
2025-09-10 13:41:40 - [INFO] - [DEBUG] Extracted patient info - ID: 5001, Session: WKW
2025-09-10 13:41:40 - [INFO] - [DEBUG] Original path: F:\projek dosen\prototype riset\hotspot-analyzer\data\PLANAR\WKW\5001\20250115\5001_1.dcm
2025-09-10 13:41:40 - [INFO] - [DEBUG] Study date: 20250115
2025-09-10 13:41:40 - [INFO] - [DEBUG] Patient ID: 5001
2025-09-10 13:41:40 - [INFO] - [DEBUG] Session code: WKW
2025-09-10 13:41:40 - [INFO] - [DEBUG] Study date folder: F:\projek dosen\prototype riset\hotspot-analyzer\data\PLANAR\WKW\5001\20250115
2025-09-10 13:41:40 - [INFO] - [DEBUG] Loading original image for Posterior
2025-09-10 13:41:40 - [INFO] - [DEBUG] Looking for original PNG in study_date dir: F:\projek dosen\prototype riset\hotspot-analyzer\data\PLANAR\WKW\5001\20250115\post_original.png
2025-09-10 13:41:40 - [DEBUG] - STREAM b'IHDR' 16 13
2025-09-10 13:41:40 - [DEBUG] - STREAM b'IDAT' 41 65536
2025-09-10 13:41:40 - [INFO] - [DEBUG] Loaded original PNG from study_date dir: (256, 1024)
2025-09-10 13:41:40 - [INFO] - [DEBUG] Original image loaded: (256, 1024)
2025-09-10 13:41:40 - [INFO] - [DEBUG] Applying invert to original image
2025-09-10 13:41:40 - [INFO] - [DEBUG] simple_invert_pil_image: Processing L image, size = (256, 1024)
2025-09-10 13:41:40 - [INFO] - [DEBUG] simple_invert_image: input shape = (1024, 256), dtype = uint8
2025-09-10 13:41:40 - [INFO] - [DEBUG] Simple inversion completed: [0-255] -> [0-255]
2025-09-10 13:41:40 - [INFO] - [DEBUG] simple_invert_pil_image: completed
2025-09-10 13:41:40 - [INFO] - [DEBUG] Using STORED B/C values: B=0.00, C=1.00
2025-09-10 13:41:40 - [INFO] - [DEBUG]   Image layer loaded and processed
2025-09-10 13:41:40 - [INFO] - [DEBUG] Loading segmentation layer for Posterior
2025-09-10 13:41:40 - [INFO] - [DEBUG] Looking for segmentation (NEWEST): F:\projek dosen\prototype riset\hotspot-analyzer\data\PLANAR\WKW\5001\20250115\post_segm.png
2025-09-10 13:41:40 - [DEBUG] - STREAM b'IHDR' 16 13
2025-09-10 13:41:40 - [DEBUG] - STREAM b'IDAT' 41 6139
2025-09-10 13:41:40 - [INFO] - [DEBUG]   Loaded segmentation with transparency: F:\projek dosen\prototype riset\hotspot-analyzer\data\PLANAR\WKW\5001\20250115\post_segm.png
2025-09-10 13:41:40 - [INFO] - [DEBUG] Segmentation type: ORIGINAL
2025-09-10 13:41:40 - [INFO] - [DEBUG] Loading hotspot layer for Posterior
2025-09-10 13:41:40 - [INFO] - [DEBUG] Looking for hotspot classification (NEWEST): F:\projek dosen\prototype riset\hotspot-analyzer\data\PLANAR\WKW\5001\20250115\post_hotspot_classification.png
2025-09-10 13:41:40 - [DEBUG] - STREAM b'IHDR' 16 13
2025-09-10 13:41:40 - [DEBUG] - STREAM b'IDAT' 41 1317
2025-09-10 13:41:40 - [INFO] - [DEBUG]   Loaded hotspot layer: F:\projek dosen\prototype riset\hotspot-analyzer\data\PLANAR\WKW\5001\20250115\post_hotspot_classification.png
2025-09-10 13:41:40 - [INFO] - [DEBUG] Hotspot type: ORIGINAL
2025-09-10 13:41:40 - [INFO] - [DEBUG] Loading bbox layer for Posterior
2025-09-10 13:41:40 - [INFO] - [DEBUG] Looking for classification XML (NEWEST): F:\projek dosen\prototype riset\hotspot-analyzer\data\PLANAR\WKW\5001\20250115\post_hotspot_classification.xml
2025-09-10 13:41:40 - [INFO] - [DEBUG] Loading CLASSIFICATION XML for bbox: F:\projek dosen\prototype riset\hotspot-analyzer\data\PLANAR\WKW\5001\20250115\post_hotspot_classification.xml
2025-09-10 13:41:40 - [INFO] - [DEBUG] Drew CLASSIFICATION Abnormal bbox: (44,482) -> (95,537)
2025-09-10 13:41:40 - [INFO] - [DEBUG] Drew CLASSIFICATION Abnormal bbox: (111,344) -> (132,365)
2025-09-10 13:41:40 - [INFO] - [DEBUG] Drew CLASSIFICATION Abnormal bbox: (96,51) -> (117,75)
2025-09-10 13:41:40 - [INFO] - [DEBUG] Drew CLASSIFICATION Abnormal bbox: (54,483) -> (91,527)
2025-09-10 13:41:40 - [INFO] - [DEBUG]   Created CLASSIFICATION bbox visualization with 4 boxes
2025-09-10 13:41:40 - [INFO] - [DEBUG]   Loaded bbox layer: F:\projek dosen\prototype riset\hotspot-analyzer\data\PLANAR\WKW\5001\20250115\post_hotspot_classification.xml
2025-09-10 13:41:40 - [INFO] - [DEBUG] BBox XML type: ORIGINAL
2025-09-10 13:41:40 - [INFO] - [CACHE STORE] Not caching due to adjustments/overrides/invert
2025-09-10 13:41:40 - [INFO] - [DEBUG]   Loaded 4 layers for Posterior: ['Image', 'Segmentation', 'Hotspot', 'HotspotBBox']
2025-09-10 13:41:40 - [INFO] - [DEBUG] Available CLASSIFICATION layers in files: ['Image', 'Segmentation', 'Hotspot', 'HotspotBBox']
2025-09-10 13:41:40 - [INFO] - [DEBUG]   Added CLASSIFICATION Image to card 0 (opacity: 1.00)
2025-09-10 13:41:40 - [INFO] - [DEBUG]   CLASSIFICATION card 0 composite created with layers: ['Image']
2025-09-10 13:41:40 - [INFO] - [SMART UPDATE] State updated - Type: full
2025-09-10 13:41:40 - [INFO] - [SMART UPDATE] State updated - Type: rebuild
2025-09-10 13:41:40 - [INFO] - [MainWindow] Updating timeline with 1 scans
2025-09-10 13:41:40 - [INFO] - [BSI META INTEGRATION] Updating scan meta with BSI data
2025-09-10 13:41:40 - [INFO] - [BSI META INTEGRATION] Session code: WKW
2025-09-10 13:41:40 - [INFO] - [BSI META INTEGRATION] Scan path: F:\projek dosen\prototype riset\hotspot-analyzer\data\PLANAR\WKW\5002\20250115\5002_1.dcm
2025-09-10 13:41:40 - [INFO] - [BSI EXTRACT INFO] Extracting from path: F:\projek dosen\prototype riset\hotspot-analyzer\data\PLANAR\WKW\5002\20250115\5002_1.dcm
2025-09-10 13:41:40 - [INFO] - [BSI EXTRACT INFO] Extracted study_date from DICOM: 20250115
2025-09-10 13:41:40 - [INFO] - [BSI EXTRACT INFO] Extracted patient_id from study_date structure: 5002
2025-09-10 13:41:40 - [INFO] - [BSI EXTRACT INFO] Final result - Patient: 5002, Study: 20250115
2025-09-10 13:41:40 - [INFO] - [BSI META INTEGRATION] Extracted - Patient: 5002, Study: 20250115
2025-09-10 13:41:40 - [INFO] - [DEBUG QUANT FILES] Getting quantification files for: F:\projek dosen\prototype riset\hotspot-analyzer\data\PLANAR\WKW\5002\20250115
2025-09-10 13:41:40 - [INFO] - [DEBUG QUANT FILES] Detected study_date folder: F:\projek dosen\prototype riset\hotspot-analyzer\data\PLANAR\WKW\5002\20250115
2025-09-10 13:41:40 - [INFO] - [DEBUG QUANT FILES] Generated paths:
2025-09-10 13:41:40 - [INFO] - [DEBUG QUANT FILES]   bsi_json_ant: F:\projek dosen\prototype riset\hotspot-analyzer\data\PLANAR\WKW\5002\20250115\bsi_quantification_ant.json (exists: False)
2025-09-10 13:41:40 - [INFO] - [DEBUG QUANT FILES]   bsi_json_post: F:\projek dosen\prototype riset\hotspot-analyzer\data\PLANAR\WKW\5002\20250115\bsi_quantification_post.json (exists: True)
2025-09-10 13:41:40 - [INFO] - [BSI META INTEGRATION] Found BSI files in study_date folder: F:\projek dosen\prototype riset\hotspot-analyzer\data\PLANAR\WKW\5002\20250115
2025-09-10 13:41:40 - [INFO] - [BSI META INTEGRATION] Using patient folder: F:\projek dosen\prototype riset\hotspot-analyzer\data\PLANAR\WKW\5002\20250115
2025-09-10 13:41:40 - [INFO] - [DEBUG BSI] Detected study_date folder, using parent: F:\projek dosen\prototype riset\hotspot-analyzer\data\PLANAR\WKW\5002
2025-09-10 13:41:40 - [INFO] - [DEBUG BSI] Found study_date folder: 20250115
2025-09-10 13:41:40 - [INFO] - [DEBUG BSI]     - 20250115 (DIR)
2025-09-10 13:41:40 - [INFO] - [DEBUG BSI]     - 5002_1.dcm (FILE)
2025-09-10 13:41:40 - [INFO] - [DEBUG BSI]     - ant_hotspot_otsu_colored.png (FILE)
2025-09-10 13:41:40 - [INFO] - [DEBUG BSI]     - ant_hotspot_otsu_colored_blend.png (FILE)
2025-09-10 13:41:40 - [INFO] - [DEBUG BSI]     - ant_hotspot_otsu_grayscale.png (FILE)
2025-09-10 13:41:40 - [INFO] - [DEBUG BSI]     - ant_hotspot_yolo.xml (FILE)
2025-09-10 13:41:40 - [INFO] - [DEBUG BSI]     - ant_mask.png (FILE)
2025-09-10 13:41:40 - [INFO] - [DEBUG BSI]     - ant_original.png (FILE)
2025-09-10 13:41:40 - [INFO] - [DEBUG BSI]     - ant_segm.png (FILE)
2025-09-10 13:41:40 - [INFO] - [DEBUG BSI]     - bsi_quantification_post.json (FILE)
2025-09-10 13:41:40 - [INFO] - [DEBUG BSI]     - post_hotspot_classification.json (FILE)
2025-09-10 13:41:40 - [INFO] - [DEBUG BSI]     - post_hotspot_classification.png (FILE)
2025-09-10 13:41:40 - [INFO] - [DEBUG BSI]     - post_hotspot_classification.xml (FILE)
2025-09-10 13:41:40 - [INFO] - [DEBUG BSI]     - post_hotspot_otsu_colored.png (FILE)
2025-09-10 13:41:40 - [INFO] - [DEBUG BSI]     - post_hotspot_otsu_colored_blend.png (FILE)
2025-09-10 13:41:40 - [INFO] - [DEBUG BSI]     - post_hotspot_otsu_grayscale.png (FILE)
2025-09-10 13:41:40 - [INFO] - [DEBUG BSI]     - post_hotspot_yolo.xml (FILE)
2025-09-10 13:41:40 - [INFO] - [DEBUG BSI]     - post_mask.png (FILE)
2025-09-10 13:41:40 - [INFO] - [DEBUG BSI]     - post_original.png (FILE)
2025-09-10 13:41:40 - [INFO] - [DEBUG BSI]     - post_segm.png (FILE)
2025-09-10 13:41:40 - [INFO] - [DEBUG BSI]     - 20250115 (DIR)
2025-09-10 13:41:40 - [INFO] - [BSI META INTEGRATION] Found BSI data: {'study_date': '20250115', 'anterior_bsi': 0.0, 'posterior_bsi': 0.25919294528647707, 'combined_bsi': 0.25919294528647707, 'bsi_score': 0.25919294528647707, 'file_source': 'bsi_quantification_post.json', 'processing_mode': 'single_view_posterior', 'is_v2': True, 'note': 'Only posterior view available', 'source_location': 'Study date folder'}
2025-09-10 13:41:40 - [INFO] - [BSI META INTEGRATION]   Updated meta with BSI data:
2025-09-10 13:41:40 - [INFO] - [BSI META INTEGRATION]   Anterior BSI: 0.0
2025-09-10 13:41:40 - [INFO] - [BSI META INTEGRATION]   Posterior BSI: 0.25919294528647707
2025-09-10 13:41:40 - [INFO] - [BSI META INTEGRATION]   Processing mode: single_view_posterior
2025-09-10 13:41:40 - [INFO] - [MainWindow]   BSI integration completed for 1 scans
2025-09-10 13:41:40 - [INFO] - [MainWindow DEBUG] First scan meta keys: ['patient_id', 'patient_name', 'patient_birth_date', 'patient_sex', 'patient_weight', 'patient_size', 'patient_age', 'study_date', 'series_date', 'study_time', 'modality', 'series_description', 'study_instance_uid', 'series_instance_uid', 'has_bsi', 'bsi_anterior', 'bsi_posterior', 'bsi_combined', 'bsi_processing_mode', 'bsi_file_source']
2025-09-10 13:41:40 - [INFO] - [MainWindow DEBUG] has_bsi: True
2025-09-10 13:41:40 - [INFO] - [MainWindow DEBUG] bsi_anterior: 0.0
2025-09-10 13:41:40 - [INFO] - [MainWindow DEBUG] bsi_posterior: 0.25919294528647707
2025-09-10 13:41:40 - [INFO] - [DEBUG] display_timeline called with 1 scan(s), focusing on index = 0
2025-09-10 13:41:40 - [INFO] - [BSI META INTEGRATION] Updating scan meta with BSI data
2025-09-10 13:41:40 - [INFO] - [BSI META INTEGRATION] Session code: WKW
2025-09-10 13:41:40 - [INFO] - [BSI META INTEGRATION] Scan path: F:\projek dosen\prototype riset\hotspot-analyzer\data\PLANAR\WKW\5002\20250115\5002_1.dcm
2025-09-10 13:41:40 - [INFO] - [BSI EXTRACT INFO] Extracting from path: F:\projek dosen\prototype riset\hotspot-analyzer\data\PLANAR\WKW\5002\20250115\5002_1.dcm
2025-09-10 13:41:40 - [INFO] - [BSI EXTRACT INFO] Extracted study_date from DICOM: 20250115
2025-09-10 13:41:40 - [INFO] - [BSI EXTRACT INFO] Extracted patient_id from study_date structure: 5002
2025-09-10 13:41:40 - [INFO] - [BSI EXTRACT INFO] Final result - Patient: 5002, Study: 20250115
2025-09-10 13:41:40 - [INFO] - [BSI META INTEGRATION] Extracted - Patient: 5002, Study: 20250115
2025-09-10 13:41:40 - [INFO] - [DEBUG QUANT FILES] Getting quantification files for: F:\projek dosen\prototype riset\hotspot-analyzer\data\PLANAR\WKW\5002\20250115
2025-09-10 13:41:40 - [INFO] - [DEBUG QUANT FILES] Detected study_date folder: F:\projek dosen\prototype riset\hotspot-analyzer\data\PLANAR\WKW\5002\20250115
2025-09-10 13:41:40 - [INFO] - [DEBUG QUANT FILES] Generated paths:
2025-09-10 13:41:40 - [INFO] - [DEBUG QUANT FILES]   bsi_json_ant: F:\projek dosen\prototype riset\hotspot-analyzer\data\PLANAR\WKW\5002\20250115\bsi_quantification_ant.json (exists: False)
2025-09-10 13:41:40 - [INFO] - [DEBUG QUANT FILES]   bsi_json_post: F:\projek dosen\prototype riset\hotspot-analyzer\data\PLANAR\WKW\5002\20250115\bsi_quantification_post.json (exists: True)
2025-09-10 13:41:40 - [INFO] - [BSI META INTEGRATION] Found BSI files in study_date folder: F:\projek dosen\prototype riset\hotspot-analyzer\data\PLANAR\WKW\5002\20250115
2025-09-10 13:41:40 - [INFO] - [BSI META INTEGRATION] Using patient folder: F:\projek dosen\prototype riset\hotspot-analyzer\data\PLANAR\WKW\5002\20250115
2025-09-10 13:41:40 - [INFO] - [DEBUG BSI] Detected study_date folder, using parent: F:\projek dosen\prototype riset\hotspot-analyzer\data\PLANAR\WKW\5002
2025-09-10 13:41:40 - [INFO] - [DEBUG BSI] Found study_date folder: 20250115
2025-09-10 13:41:40 - [INFO] - [DEBUG BSI]     - 20250115 (DIR)
2025-09-10 13:41:40 - [INFO] - [DEBUG BSI]     - 5002_1.dcm (FILE)
2025-09-10 13:41:40 - [INFO] - [DEBUG BSI]     - ant_hotspot_otsu_colored.png (FILE)
2025-09-10 13:41:40 - [INFO] - [DEBUG BSI]     - ant_hotspot_otsu_colored_blend.png (FILE)
2025-09-10 13:41:40 - [INFO] - [DEBUG BSI]     - ant_hotspot_otsu_grayscale.png (FILE)
2025-09-10 13:41:40 - [INFO] - [DEBUG BSI]     - ant_hotspot_yolo.xml (FILE)
2025-09-10 13:41:40 - [INFO] - [DEBUG BSI]     - ant_mask.png (FILE)
2025-09-10 13:41:40 - [INFO] - [DEBUG BSI]     - ant_original.png (FILE)
2025-09-10 13:41:40 - [INFO] - [DEBUG BSI]     - ant_segm.png (FILE)
2025-09-10 13:41:40 - [INFO] - [DEBUG BSI]     - bsi_quantification_post.json (FILE)
2025-09-10 13:41:40 - [INFO] - [DEBUG BSI]     - post_hotspot_classification.json (FILE)
2025-09-10 13:41:40 - [INFO] - [DEBUG BSI]     - post_hotspot_classification.png (FILE)
2025-09-10 13:41:40 - [INFO] - [DEBUG BSI]     - post_hotspot_classification.xml (FILE)
2025-09-10 13:41:40 - [INFO] - [DEBUG BSI]     - post_hotspot_otsu_colored.png (FILE)
2025-09-10 13:41:40 - [INFO] - [DEBUG BSI]     - post_hotspot_otsu_colored_blend.png (FILE)
2025-09-10 13:41:40 - [INFO] - [DEBUG BSI]     - post_hotspot_otsu_grayscale.png (FILE)
2025-09-10 13:41:40 - [INFO] - [DEBUG BSI]     - post_hotspot_yolo.xml (FILE)
2025-09-10 13:41:40 - [INFO] - [DEBUG BSI]     - post_mask.png (FILE)
2025-09-10 13:41:40 - [INFO] - [DEBUG BSI]     - post_original.png (FILE)
2025-09-10 13:41:40 - [INFO] - [DEBUG BSI]     - post_segm.png (FILE)
2025-09-10 13:41:40 - [INFO] - [DEBUG BSI]     - 20250115 (DIR)
2025-09-10 13:41:40 - [INFO] - [BSI META INTEGRATION] Found BSI data: {'study_date': '20250115', 'anterior_bsi': 0.0, 'posterior_bsi': 0.25919294528647707, 'combined_bsi': 0.25919294528647707, 'bsi_score': 0.25919294528647707, 'file_source': 'bsi_quantification_post.json', 'processing_mode': 'single_view_posterior', 'is_v2': True, 'note': 'Only posterior view available', 'source_location': 'Study date folder'}
2025-09-10 13:41:40 - [INFO] - [BSI META INTEGRATION]   Updated meta with BSI data:
2025-09-10 13:41:40 - [INFO] - [BSI META INTEGRATION]   Anterior BSI: 0.0
2025-09-10 13:41:40 - [INFO] - [BSI META INTEGRATION]   Posterior BSI: 0.25919294528647707
2025-09-10 13:41:40 - [INFO] - [BSI META INTEGRATION]   Processing mode: single_view_posterior
2025-09-10 13:41:40 - [INFO] - [DEBUG] Rebuilding timeline for active scan index: 0
2025-09-10 13:41:40 - [INFO] - [DEBUG] Creating CLASSIFICATION card 0 for view: Anterior
2025-09-10 13:41:40 - [INFO] - [DEBUG] Active layers selected: ['Image']
2025-09-10 13:41:40 - [INFO] - [DEBUG] DICOM path: F:\projek dosen\prototype riset\hotspot-analyzer\data\PLANAR\WKW\5002\20250115\5002_1.dcm
2025-09-10 13:41:40 - [INFO] - [DEBUG] Current view: Anterior
2025-09-10 13:41:40 - [INFO] - [CACHE DEBUG] use_cache=False
2025-09-10 13:41:40 - [INFO] - [CACHE DEBUG] has_adjustments=False (B=0.00, C=1.00)
2025-09-10 13:41:40 - [INFO] - [CACHE DEBUG] has_overrides=False (override_b=None, override_c=None)
2025-09-10 13:41:40 - [INFO] - [CACHE DEBUG] invert_original=True
2025-09-10 13:41:40 - [INFO] - [CACHE SKIP] Skipping cache due to adjustments/overrides/invert
2025-09-10 13:41:40 - [INFO] - [DEBUG] Path extraction: session=WKW, patient=5002, study_date=20250115
2025-09-10 13:41:40 - [INFO] - [DEBUG] Extracted patient info - ID: 5002, Session: WKW
2025-09-10 13:41:40 - [INFO] - [DEBUG] Original path: F:\projek dosen\prototype riset\hotspot-analyzer\data\PLANAR\WKW\5002\20250115\5002_1.dcm
2025-09-10 13:41:40 - [INFO] - [DEBUG] Study date: 20250115
2025-09-10 13:41:40 - [INFO] - [DEBUG] Patient ID: 5002
2025-09-10 13:41:40 - [INFO] - [DEBUG] Session code: WKW
2025-09-10 13:41:40 - [INFO] - [DEBUG] Study date folder: F:\projek dosen\prototype riset\hotspot-analyzer\data\PLANAR\WKW\5002\20250115
2025-09-10 13:41:40 - [INFO] - [DEBUG] Loading original image for Anterior
2025-09-10 13:41:40 - [INFO] - [DEBUG] Looking for original PNG in study_date dir: F:\projek dosen\prototype riset\hotspot-analyzer\data\PLANAR\WKW\5002\20250115\ant_original.png
2025-09-10 13:41:40 - [DEBUG] - STREAM b'IHDR' 16 13
2025-09-10 13:41:40 - [DEBUG] - STREAM b'IDAT' 41 65338
2025-09-10 13:41:40 - [INFO] - [DEBUG] Loaded original PNG from study_date dir: (256, 1024)
2025-09-10 13:41:40 - [INFO] - [DEBUG] Original image loaded: (256, 1024)
2025-09-10 13:41:40 - [INFO] - [DEBUG] Applying invert to original image
2025-09-10 13:41:40 - [INFO] - [DEBUG] simple_invert_pil_image: Processing L image, size = (256, 1024)
2025-09-10 13:41:40 - [INFO] - [DEBUG] simple_invert_image: input shape = (1024, 256), dtype = uint8
2025-09-10 13:41:40 - [INFO] - [DEBUG] Simple inversion completed: [0-255] -> [0-255]
2025-09-10 13:41:40 - [INFO] - [DEBUG] simple_invert_pil_image: completed
2025-09-10 13:41:40 - [INFO] - [DEBUG] Using STORED B/C values: B=0.00, C=1.00
2025-09-10 13:41:40 - [INFO] - [DEBUG]   Image layer loaded and processed
2025-09-10 13:41:40 - [INFO] - [DEBUG] Loading segmentation layer for Anterior
2025-09-10 13:41:40 - [INFO] - [DEBUG] Looking for segmentation (NEWEST): F:\projek dosen\prototype riset\hotspot-analyzer\data\PLANAR\WKW\5002\20250115\ant_segm.png
2025-09-10 13:41:40 - [DEBUG] - STREAM b'IHDR' 16 13
2025-09-10 13:41:40 - [DEBUG] - STREAM b'IDAT' 41 17199
2025-09-10 13:41:40 - [INFO] - [DEBUG]   Loaded segmentation with transparency: F:\projek dosen\prototype riset\hotspot-analyzer\data\PLANAR\WKW\5002\20250115\ant_segm.png
2025-09-10 13:41:40 - [INFO] - [DEBUG] Segmentation type: ORIGINAL
2025-09-10 13:41:40 - [INFO] - [DEBUG] Loading hotspot layer for Anterior
2025-09-10 13:41:40 - [INFO] - [DEBUG] Looking for hotspot classification (NEWEST): F:\projek dosen\prototype riset\hotspot-analyzer\data\PLANAR\WKW\5002\20250115\ant_hotspot_classification.png
2025-09-10 13:41:40 - [INFO] - [DEBUG] No hotspot classification found: F:\projek dosen\prototype riset\hotspot-analyzer\data\PLANAR\WKW\5002\20250115\ant_hotspot_classification.png
2025-09-10 13:41:40 - [INFO] - [DEBUG] Loading bbox layer for Anterior
2025-09-10 13:41:40 - [INFO] - [DEBUG] Looking for classification XML (NEWEST): F:\projek dosen\prototype riset\hotspot-analyzer\data\PLANAR\WKW\5002\20250115\ant_hotspot_classification.xml
2025-09-10 13:41:40 - [INFO] - [DEBUG] No classification XML found: F:\projek dosen\prototype riset\hotspot-analyzer\data\PLANAR\WKW\5002\20250115\ant_hotspot_classification.xml
2025-09-10 13:41:40 - [INFO] - [CACHE STORE] Not caching due to adjustments/overrides/invert
2025-09-10 13:41:40 - [INFO] - [DEBUG]   Loaded 2 layers for Anterior: ['Image', 'Segmentation']
2025-09-10 13:41:40 - [INFO] - [DEBUG] Available CLASSIFICATION layers in files: ['Image', 'Segmentation']
2025-09-10 13:41:40 - [INFO] - [DEBUG]   Added CLASSIFICATION Image to card 0 (opacity: 1.00)
2025-09-10 13:41:40 - [INFO] - [DEBUG]   CLASSIFICATION card 0 composite created with layers: ['Image']
2025-09-10 13:41:40 - [INFO] - [DEBUG] Creating CLASSIFICATION card 0 for view: Posterior
2025-09-10 13:41:40 - [INFO] - [DEBUG] Active layers selected: ['Image']
2025-09-10 13:41:40 - [INFO] - [DEBUG] DICOM path: F:\projek dosen\prototype riset\hotspot-analyzer\data\PLANAR\WKW\5002\20250115\5002_1.dcm
2025-09-10 13:41:40 - [INFO] - [DEBUG] Current view: Posterior
2025-09-10 13:41:40 - [INFO] - [CACHE DEBUG] use_cache=False
2025-09-10 13:41:40 - [INFO] - [CACHE DEBUG] has_adjustments=False (B=0.00, C=1.00)
2025-09-10 13:41:40 - [INFO] - [CACHE DEBUG] has_overrides=False (override_b=None, override_c=None)
2025-09-10 13:41:40 - [INFO] - [CACHE DEBUG] invert_original=True
2025-09-10 13:41:40 - [INFO] - [CACHE SKIP] Skipping cache due to adjustments/overrides/invert
2025-09-10 13:41:40 - [INFO] - [DEBUG] Path extraction: session=WKW, patient=5002, study_date=20250115
2025-09-10 13:41:40 - [INFO] - [DEBUG] Extracted patient info - ID: 5002, Session: WKW
2025-09-10 13:41:40 - [INFO] - [DEBUG] Original path: F:\projek dosen\prototype riset\hotspot-analyzer\data\PLANAR\WKW\5002\20250115\5002_1.dcm
2025-09-10 13:41:40 - [INFO] - [DEBUG] Study date: 20250115
2025-09-10 13:41:40 - [INFO] - [DEBUG] Patient ID: 5002
2025-09-10 13:41:40 - [INFO] - [DEBUG] Session code: WKW
2025-09-10 13:41:40 - [INFO] - [DEBUG] Study date folder: F:\projek dosen\prototype riset\hotspot-analyzer\data\PLANAR\WKW\5002\20250115
2025-09-10 13:41:40 - [INFO] - [DEBUG] Loading original image for Posterior
2025-09-10 13:41:40 - [INFO] - [DEBUG] Looking for original PNG in study_date dir: F:\projek dosen\prototype riset\hotspot-analyzer\data\PLANAR\WKW\5002\20250115\post_original.png
2025-09-10 13:41:40 - [DEBUG] - STREAM b'IHDR' 16 13
2025-09-10 13:41:40 - [DEBUG] - STREAM b'IDAT' 41 63967
2025-09-10 13:41:40 - [INFO] - [DEBUG] Loaded original PNG from study_date dir: (256, 1024)
2025-09-10 13:41:40 - [INFO] - [DEBUG] Original image loaded: (256, 1024)
2025-09-10 13:41:40 - [INFO] - [DEBUG] Applying invert to original image
2025-09-10 13:41:40 - [INFO] - [DEBUG] simple_invert_pil_image: Processing L image, size = (256, 1024)
2025-09-10 13:41:40 - [INFO] - [DEBUG] simple_invert_image: input shape = (1024, 256), dtype = uint8
2025-09-10 13:41:40 - [INFO] - [DEBUG] Simple inversion completed: [0-255] -> [0-255]
2025-09-10 13:41:40 - [INFO] - [DEBUG] simple_invert_pil_image: completed
2025-09-10 13:41:40 - [INFO] - [DEBUG] Using STORED B/C values: B=0.00, C=1.00
2025-09-10 13:41:40 - [INFO] - [DEBUG]   Image layer loaded and processed
2025-09-10 13:41:40 - [INFO] - [DEBUG] Loading segmentation layer for Posterior
2025-09-10 13:41:40 - [INFO] - [DEBUG] Looking for segmentation (NEWEST): F:\projek dosen\prototype riset\hotspot-analyzer\data\PLANAR\WKW\5002\20250115\post_segm.png
2025-09-10 13:41:40 - [DEBUG] - STREAM b'IHDR' 16 13
2025-09-10 13:41:40 - [DEBUG] - STREAM b'IDAT' 41 5974
2025-09-10 13:41:40 - [INFO] - [DEBUG]   Loaded segmentation with transparency: F:\projek dosen\prototype riset\hotspot-analyzer\data\PLANAR\WKW\5002\20250115\post_segm.png
2025-09-10 13:41:40 - [INFO] - [DEBUG] Segmentation type: ORIGINAL
2025-09-10 13:41:40 - [INFO] - [DEBUG] Loading hotspot layer for Posterior
2025-09-10 13:41:40 - [INFO] - [DEBUG] Looking for hotspot classification (NEWEST): F:\projek dosen\prototype riset\hotspot-analyzer\data\PLANAR\WKW\5002\20250115\post_hotspot_classification.png
2025-09-10 13:41:40 - [DEBUG] - STREAM b'IHDR' 16 13
2025-09-10 13:41:40 - [DEBUG] - STREAM b'IDAT' 41 1102
2025-09-10 13:41:40 - [INFO] - [DEBUG]   Loaded hotspot layer: F:\projek dosen\prototype riset\hotspot-analyzer\data\PLANAR\WKW\5002\20250115\post_hotspot_classification.png
2025-09-10 13:41:40 - [INFO] - [DEBUG] Hotspot type: ORIGINAL
2025-09-10 13:41:40 - [INFO] - [DEBUG] Loading bbox layer for Posterior
2025-09-10 13:41:40 - [INFO] - [DEBUG] Looking for classification XML (NEWEST): F:\projek dosen\prototype riset\hotspot-analyzer\data\PLANAR\WKW\5002\20250115\post_hotspot_classification.xml
2025-09-10 13:41:40 - [INFO] - [DEBUG] Loading CLASSIFICATION XML for bbox: F:\projek dosen\prototype riset\hotspot-analyzer\data\PLANAR\WKW\5002\20250115\post_hotspot_classification.xml
2025-09-10 13:41:40 - [INFO] - [DEBUG] Drew CLASSIFICATION Abnormal bbox: (103,95) -> (126,112)
2025-09-10 13:41:40 - [INFO] - [DEBUG] Drew CLASSIFICATION Abnormal bbox: (160,503) -> (187,555)
2025-09-10 13:41:40 - [INFO] - [DEBUG]   Created CLASSIFICATION bbox visualization with 2 boxes
2025-09-10 13:41:40 - [INFO] - [DEBUG]   Loaded bbox layer: F:\projek dosen\prototype riset\hotspot-analyzer\data\PLANAR\WKW\5002\20250115\post_hotspot_classification.xml
2025-09-10 13:41:40 - [INFO] - [DEBUG] BBox XML type: ORIGINAL
2025-09-10 13:41:40 - [INFO] - [CACHE STORE] Not caching due to adjustments/overrides/invert
2025-09-10 13:41:40 - [INFO] - [DEBUG]   Loaded 4 layers for Posterior: ['Image', 'Segmentation', 'Hotspot', 'HotspotBBox']
2025-09-10 13:41:40 - [INFO] - [DEBUG] Available CLASSIFICATION layers in files: ['Image', 'Segmentation', 'Hotspot', 'HotspotBBox']
2025-09-10 13:41:40 - [INFO] - [DEBUG]   Added CLASSIFICATION Image to card 0 (opacity: 1.00)
2025-09-10 13:41:40 - [INFO] - [DEBUG]   CLASSIFICATION card 0 composite created with layers: ['Image']
2025-09-10 13:41:40 - [INFO] - [SMART UPDATE] State updated - Type: full
2025-09-10 13:41:40 - [INFO] - [MainWindow]   Timeline updated with BSI integration
2025-09-10 13:41:40 - [INFO] - 
2025-09-10 13:41:40 - [INFO] - 🏠 [DEBUG MAIN GANTENG] ===================
2025-09-10 13:41:40 - [INFO] - 🏠 [DEBUG MAIN] Loading BSI data for selected scan
2025-09-10 13:41:40 - [INFO] - 🏠 [DEBUG MAIN] Session code: WKW
2025-09-10 13:41:40 - [INFO] - 🏠 [DEBUG MAIN] Scan data keys: ['meta', 'frames', 'path', 'workflow_files']
2025-09-10 13:41:40 - [INFO] - 🏠 [DEBUG MAIN] DICOM path: F:\projek dosen\prototype riset\hotspot-analyzer\data\PLANAR\WKW\5002\20250115\5002_1.dcm
2025-09-10 13:41:40 - [INFO] - 🏠 [DEBUG MAIN] DICOM exists: True
2025-09-10 13:41:40 - [INFO] - 🏠 [DEBUG MAIN] Initial patient folder: F:\projek dosen\prototype riset\hotspot-analyzer\data\PLANAR\WKW\5002\20250115
2025-09-10 13:41:40 - [INFO] - 🏠 [DEBUG MAIN] Initial patient folder exists: True
2025-09-10 13:41:40 - [INFO] - 🏠 [DEBUG MAIN] Initial patient folder name: 20250115
2025-09-10 13:41:40 - [INFO] - 🏠 [DEBUG MAIN] Study date from DICOM: 20250115
2025-09-10 13:41:40 - [INFO] - 🏠 [DEBUG MAIN] Detected study_date folder structure
2025-09-10 13:41:40 - [INFO] - 🏠 [DEBUG MAIN] Corrected patient folder: F:\projek dosen\prototype riset\hotspot-analyzer\data\PLANAR\WKW\5002
2025-09-10 13:41:40 - [INFO] - 🏠 [DEBUG MAIN] Corrected patient ID: 5002
2025-09-10 13:41:40 - [INFO] - 🏠 [DEBUG MAIN] Corrected study date: 20250115
2025-09-10 13:41:40 - [INFO] - [DEBUG QUANT FILES] Getting quantification files for: F:\projek dosen\prototype riset\hotspot-analyzer\data\PLANAR\WKW\5002\20250115
2025-09-10 13:41:40 - [INFO] - [DEBUG QUANT FILES] Detected study_date folder: F:\projek dosen\prototype riset\hotspot-analyzer\data\PLANAR\WKW\5002\20250115
2025-09-10 13:41:40 - [INFO] - [DEBUG QUANT FILES] Generated paths:
2025-09-10 13:41:40 - [INFO] - [DEBUG QUANT FILES]   bsi_json_ant: F:\projek dosen\prototype riset\hotspot-analyzer\data\PLANAR\WKW\5002\20250115\bsi_quantification_ant.json (exists: False)
2025-09-10 13:41:40 - [INFO] - [DEBUG QUANT FILES]   bsi_json_post: F:\projek dosen\prototype riset\hotspot-analyzer\data\PLANAR\WKW\5002\20250115\bsi_quantification_post.json (exists: True)
2025-09-10 13:41:40 - [INFO] - 🏠 [DEBUG MAIN] BSI files in study_date folder:
2025-09-10 13:41:40 - [INFO] - 🏠 [DEBUG MAIN]   Anterior: False
2025-09-10 13:41:40 - [INFO] - 🏠 [DEBUG MAIN]   Posterior: True
2025-09-10 13:41:40 - [INFO] - 🏠 [DEBUG MAIN] Found BSI files in study_date folder, using it
2025-09-10 13:41:40 - [INFO] - [BSI CANVAS] Using patient folder for trend: F:\projek dosen\prototype riset\hotspot-analyzer\data\PLANAR\WKW\5002
2025-09-10 13:41:40 - [INFO] - [DEBUG BSI] Using patient folder directly: F:\projek dosen\prototype riset\hotspot-analyzer\data\PLANAR\WKW\5002
2025-09-10 13:41:40 - [INFO] - [DEBUG BSI] Found study_date folder: 20250115
2025-09-10 13:41:40 - [INFO] - [DEBUG BSI]     - 20250115 (DIR)
2025-09-10 13:41:40 - [INFO] - [DEBUG BSI]     - 5002_1.dcm (FILE)
2025-09-10 13:41:40 - [INFO] - [DEBUG BSI]     - ant_hotspot_otsu_colored.png (FILE)
2025-09-10 13:41:40 - [INFO] - [DEBUG BSI]     - ant_hotspot_otsu_colored_blend.png (FILE)
2025-09-10 13:41:40 - [INFO] - [DEBUG BSI]     - ant_hotspot_otsu_grayscale.png (FILE)
2025-09-10 13:41:40 - [INFO] - [DEBUG BSI]     - ant_hotspot_yolo.xml (FILE)
2025-09-10 13:41:40 - [INFO] - [DEBUG BSI]     - ant_mask.png (FILE)
2025-09-10 13:41:40 - [INFO] - [DEBUG BSI]     - ant_original.png (FILE)
2025-09-10 13:41:40 - [INFO] - [DEBUG BSI]     - ant_segm.png (FILE)
2025-09-10 13:41:40 - [INFO] - [DEBUG BSI]     - bsi_quantification_post.json (FILE)
2025-09-10 13:41:40 - [INFO] - [DEBUG BSI]     - post_hotspot_classification.json (FILE)
2025-09-10 13:41:40 - [INFO] - [DEBUG BSI]     - post_hotspot_classification.png (FILE)
2025-09-10 13:41:40 - [INFO] - [DEBUG BSI]     - post_hotspot_classification.xml (FILE)
2025-09-10 13:41:40 - [INFO] - [DEBUG BSI]     - post_hotspot_otsu_colored.png (FILE)
2025-09-10 13:41:40 - [INFO] - [DEBUG BSI]     - post_hotspot_otsu_colored_blend.png (FILE)
2025-09-10 13:41:40 - [INFO] - [DEBUG BSI]     - post_hotspot_otsu_grayscale.png (FILE)
2025-09-10 13:41:40 - [INFO] - [DEBUG BSI]     - post_hotspot_yolo.xml (FILE)
2025-09-10 13:41:40 - [INFO] - [DEBUG BSI]     - post_mask.png (FILE)
2025-09-10 13:41:40 - [INFO] - [DEBUG BSI]     - post_original.png (FILE)
2025-09-10 13:41:40 - [INFO] - [DEBUG BSI]     - post_segm.png (FILE)
2025-09-10 13:41:40 - [INFO] - [DEBUG BSI CANVAS] Processing date: 20250115, mode: single_view_posterior
2025-09-10 13:41:40 - [INFO] - [DEBUG BSI CANVAS] Added: Ant=None Post=0.25919294528647707
2025-09-10 13:41:40 - [INFO] - [DEBUG QUANT FILES] Getting quantification files for: F:\projek dosen\prototype riset\hotspot-analyzer\data\PLANAR\WKW\5002\20250115
2025-09-10 13:41:40 - [INFO] - [DEBUG QUANT FILES] Detected study_date folder: F:\projek dosen\prototype riset\hotspot-analyzer\data\PLANAR\WKW\5002\20250115
2025-09-10 13:41:40 - [INFO] - [DEBUG QUANT FILES] Generated paths:
2025-09-10 13:41:40 - [INFO] - [DEBUG QUANT FILES]   bsi_json_ant: F:\projek dosen\prototype riset\hotspot-analyzer\data\PLANAR\WKW\5002\20250115\bsi_quantification_ant.json (exists: False)
2025-09-10 13:41:40 - [INFO] - [DEBUG QUANT FILES]   bsi_json_post: F:\projek dosen\prototype riset\hotspot-analyzer\data\PLANAR\WKW\5002\20250115\bsi_quantification_post.json (exists: True)
2025-09-10 13:41:40 - [INFO] - 📖 [DEBUG RESULTS]   Successfully loaded V1.2 results
2025-09-10 13:41:40 - [INFO] - 🏠 [DEBUG MAIN] BSI panel load result: True
2025-09-10 13:41:40 - [INFO] - [DEBUG] Path extraction: session=WKW, patient=5002, study_date=20250115
2025-09-10 13:41:40 - [INFO] - [DEBUG] Extracted patient info - ID: 5002, Session: WKW
2025-09-10 13:41:40 - [INFO] - [DEBUG] Original path: F:\projek dosen\prototype riset\hotspot-analyzer\data\PLANAR\WKW\5002\20250115\5002_1.dcm
2025-09-10 13:41:40 - [INFO] - [EDIT BUTTONS] Has scan: True, Has seg data: True, Can edit hotspot: True
2025-09-10 13:41:40 - [INFO] - [EDIT BUTTONS] Seg button enabled: True, Hotspot button enabled: True
2025-09-10 13:41:54 - [INFO] - [DEBUG] Opening DICOM import dialog...
2025-09-10 13:42:25 - [INFO] -   [DUPLICATE DEBUG] Starting duplicate check for 1 selected files
2025-09-10 13:42:25 - [INFO] -   [DUPLICATE DEBUG] Session code: WKW
2025-09-10 13:42:25 - [INFO] -    1. ANT001_DS.dcm
2025-09-10 13:42:25 - [INFO] -   [DUPLICATE DEBUG]   Successfully imported duplicate checking functions
2025-09-10 13:42:25 - [INFO] -   [MANUAL TEST] Testing duplicate check function...
2025-09-10 13:42:25 - [INFO] - [CHECK_DICOM_EXISTS] Checking: session=ATL, patient=0001158915, study_date=20241204
2025-09-10 13:42:25 - [INFO] - [CHECK_DICOM_EXISTS] Expected path: F:\projek dosen\prototype riset\hotspot-analyzer\data\PLANAR\ATL\0001158915\20241204
2025-09-10 13:42:25 - [INFO] - [CHECK_DICOM_EXISTS] Found 1 DICOM files
2025-09-10 13:42:25 - [INFO] - [CHECK_DICOM_EXISTS] Found 7 processed files
2025-09-10 13:42:25 - [INFO] - [CHECK_DICOM_EXISTS] Final result: True
2025-09-10 13:42:25 - [INFO] -   [MANUAL TEST] check_dicom_exists('ATL', '0001158915', '20241204') = True
2025-09-10 13:42:25 - [INFO] -   [MANUAL TEST] Existing info: {'exists': True, 'study_date_path': WindowsPath('F:/projek dosen/prototype riset/hotspot-analyzer/data/PLANAR/ATL/0001158915/20241204'), 'dicom_count': 1, 'dicom_files': ['ANT001_DS.dcm'], 'has_processed_files': True, 'last_modified': 1755090376.0898347}
2025-09-10 13:42:25 - [INFO] -   [DUPLICATE DEBUG] Starting individual file analysis...
2025-09-10 13:42:25 - [INFO] -   [DUPLICATE DEBUG] Analyzing file 1/1: ANT001_DS.dcm
2025-09-10 13:42:25 - [INFO] -    📄 Reading DICOM metadata...
2025-09-10 13:42:25 - [INFO] -    📋 Patient ID: 0001077172
2025-09-10 13:42:25 - [INFO] -    📅 Study Date: 20250807
2025-09-10 13:42:25 - [INFO] -    🔑 Combination Key: ('0001077172', '20250807')
2025-09-10 13:42:25 - [INFO] -      Checking against existing data in session WKW...
2025-09-10 13:42:25 - [INFO] - [CHECK_DICOM_EXISTS] Checking: session=WKW, patient=0001077172, study_date=20250807
2025-09-10 13:42:25 - [INFO] - [CHECK_DICOM_EXISTS] Expected path: F:\projek dosen\prototype riset\hotspot-analyzer\data\PLANAR\WKW\0001077172\20250807
2025-09-10 13:42:25 - [INFO] - [CHECK_DICOM_EXISTS] Path does not exist - NOT DUPLICATE
2025-09-10 13:42:25 - [INFO] -      check_dicom_exists result: False
2025-09-10 13:42:25 - [INFO] -      No duplicate found in system
2025-09-10 13:42:25 - [INFO] -    ➕ Adding as NEW file
2025-09-10 13:42:25 - [INFO] -   [DUPLICATE DEBUG] Analysis complete:
2025-09-10 13:42:25 - [INFO] -      New files: 1
2025-09-10 13:42:25 - [INFO] -    🔄 System duplicates: 0
2025-09-10 13:42:25 - [INFO] -    🔄 Internal duplicates: 0
2025-09-10 13:42:25 - [INFO] -     Errors: 0
2025-09-10 13:42:25 - [INFO] -   Selected 1 file(s) for import:
2025-09-10 13:42:25 - [INFO] -      1 new file(s) will be imported
2025-09-10 13:42:25 - [INFO] -   DEBUG: About to add 1 new files to selected_files list
2025-09-10 13:42:25 - [INFO] -    ➕ Added to processing queue: ANT001_DS.dcm
2025-09-10 13:42:25 - [INFO] -   DEBUG: About to add 0 duplicate files to UI (display only)
2025-09-10 13:42:25 - [INFO] -   DEBUG: Final counts - New files: 1, Duplicate files shown: 0
2025-09-10 13:42:25 - [INFO] -   DEBUG: selected_files now contains 1 files
2025-09-10 13:42:25 - [INFO] - DEBUG: Added 1 new files
2025-09-10 13:42:25 - [INFO] - ➕ Successfully added 1 new file(s) to import queue
2025-09-10 13:42:25 - [INFO] -   Starting instant view detection analysis for new files...
2025-09-10 13:42:25 - [INFO] - DEBUG: Starting quick detection for 1 files...
2025-09-10 13:42:25 - [INFO] - DEBUG: Processing detection result for ANT001_DS.dcm
2025-09-10 13:42:25 - [INFO] - 📊 Detection Analysis Complete:
2025-09-10 13:42:25 - [INFO] -      1 files fully auto-tagged
2025-09-10 13:42:25 - [INFO] - 🎉 All files auto-tagged! You can proceed directly to import.
2025-09-10 13:42:25 - [INFO] - Next step: Configure Views (or proceed if all auto-tagged)
2025-09-10 13:42:25 - [INFO] -   ANT001_DS.dcm: Fully auto-tagged (2 frames)
2025-09-10 13:42:26 - [INFO] -   Opening enhanced view configuration dialog...
2025-09-10 13:42:26 - [INFO] - DEBUG: Opening view selector with 1 files
2025-09-10 13:42:26 - [INFO] -   DEBUG: Opening view configuration with 1 files:
2025-09-10 13:42:26 - [INFO] -    1. ANT001_DS.dcm
2025-09-10 13:42:26 - [INFO] -      No duplicates found in selected_files
2025-09-10 13:42:27 - [INFO] - DEBUG: Connecting signals...
2025-09-10 13:42:27 - [INFO] - DEBUG: Executing dialog...
2025-09-10 13:42:27 - [INFO] - DEBUG: Processing 2 frames from ANT001_DS.dcm
2025-09-10 13:42:27 - [INFO] - Frame 0: 'anterior'
2025-09-10 13:42:27 - [INFO] - Detected: Anterior (confidence: high)
2025-09-10 13:42:27 - [INFO] - auto-tagged: Anterior (high confidence)
2025-09-10 13:42:27 - [INFO] - 
2025-09-10 13:42:27 - [INFO] - STARTING BACKGROUND ANALYSIS FOR FRAME 0...
2025-09-10 13:42:27 - [INFO] - 
2025-09-10 13:42:27 - [INFO] - === BACKGROUND ANALYSIS DEBUG ===
2025-09-10 13:42:27 - [INFO] - Frame shape: (1024, 256)
2025-09-10 13:42:27 - [INFO] - Frame dtype: uint16
2025-09-10 13:42:27 - [INFO] - Frame range: 0 to 235
2025-09-10 13:42:27 - [INFO] - 🔄 Normalized to uint8: 0 to 255
2025-09-10 13:42:27 - [INFO] - 📐 Image dimensions: 256x1024 (262,144 pixels)
2025-09-10 13:42:27 - [INFO] - 🏠 Corner analysis with size: 20x20
2025-09-10 13:42:27 - [INFO] - 🏠 Corner means: [0.0075, 0.02, 0.0, 0.0]
2025-09-10 13:42:27 - [INFO] - 🏠 Overall corner mean: 0.0
2025-09-10 13:42:27 - [INFO] - 🔲 Edge analysis:
2025-09-10 13:42:27 - [INFO] - Edge mean: 0.0
2025-09-10 13:42:27 - [INFO] - Dark edges (<50): 2560/2560 (100.0%)
2025-09-10 13:42:27 - [INFO] - Bright edges (>200): 0/2560 (0.0%)
2025-09-10 13:42:27 - [INFO] - 📊 Overall statistics:
2025-09-10 13:42:27 - [INFO] - Image mean: 12.1
2025-09-10 13:42:27 - [INFO] - Dark pixels (<50): 245,973 (93.8%)
2025-09-10 13:42:27 - [INFO] - Bright pixels (>200): 36 (0.0%)
2025-09-10 13:42:27 - [INFO] - Mid-range pixels: 16,135 (6.2%)
2025-09-10 13:42:27 - [INFO] - 📈 Histogram analysis:
2025-09-10 13:42:27 - [INFO] - Found 1 peaks: [(25, 9279)]
2025-09-10 13:42:27 - [INFO] - 
2025-09-10 13:42:27 - [INFO] - DECISION PROCESS:
2025-09-10 13:42:27 - [INFO] - 
2025-09-10 13:42:27 - [INFO] - 📋 DECISION FACTORS:
2025-09-10 13:42:27 - [INFO] - Dark corners (0.0 < 50) → BLACK (+40)
2025-09-10 13:42:27 - [INFO] - Dark edges (100.0%) support BLACK (+30)
2025-09-10 13:42:27 - [INFO] - Dark image (12.1 < 80) supports BLACK (+10)
2025-09-10 13:42:27 - [INFO] - 
2025-09-10 13:42:27 - [INFO] - FINAL DECISION:
2025-09-10 13:42:27 - [INFO] - Background Type: BLACK
2025-09-10 13:42:27 - [INFO] - Confidence: 80%
2025-09-10 13:42:27 - [INFO] - Reasoning: 3 factors analyzed
2025-09-10 13:42:27 - [INFO] - 📊 RESULT: {'background_type': 'black', 'confidence': 80, 'background_pixels': 245973, 'object_pixels': 16171, 'background_percentage': 93.83125305175781, 'total_pixels': 262144, 'debug_info': {'corner_mean': 0.006875, 'edge_mean': 0.0, 'image_mean': 12.118404388427734, 'dark_edge_ratio': 1.0, 'bright_edge_ratio': 0.0, 'decision_factors': ['  Dark corners (0.0 < 50) → BLACK (+40)', '  Dark edges (100.0%) support BLACK (+30)', '  Dark image (12.1 < 80) supports BLACK (+10)']}}
2025-09-10 13:42:27 - [INFO] - === END BACKGROUND ANALYSIS ===
2025-09-10 13:42:27 - [INFO] - BACKGROUND ANALYSIS RESULT:
2025-09-10 13:42:27 - [INFO] - Type: black
2025-09-10 13:42:27 - [INFO] - Confidence: 80%
2025-09-10 13:42:27 - [INFO] - Background area: 93.8%
2025-09-10 13:42:27 - [INFO] - Will auto-select: black radio button
2025-09-10 13:42:27 - [INFO] - Factors: 3
2025-09-10 13:42:27 - [INFO] - ⚠️ manual tagged REQUIRED: 80 confidence
2025-09-10 13:42:27 - [INFO] - Frame 1: 'posterior'
2025-09-10 13:42:27 - [INFO] - Detected: Posterior (confidence: high)
2025-09-10 13:42:27 - [INFO] - auto-tagged: Posterior (high confidence)
2025-09-10 13:42:27 - [INFO] - 
2025-09-10 13:42:27 - [INFO] - STARTING BACKGROUND ANALYSIS FOR FRAME 1...
2025-09-10 13:42:27 - [INFO] - 
2025-09-10 13:42:27 - [INFO] - === BACKGROUND ANALYSIS DEBUG ===
2025-09-10 13:42:27 - [INFO] - Frame shape: (1024, 256)
2025-09-10 13:42:27 - [INFO] - Frame dtype: uint16
2025-09-10 13:42:27 - [INFO] - Frame range: 0 to 164
2025-09-10 13:42:27 - [INFO] - 🔄 Normalized to uint8: 0 to 255
2025-09-10 13:42:27 - [INFO] - 📐 Image dimensions: 256x1024 (262,144 pixels)
2025-09-10 13:42:27 - [INFO] - 🏠 Corner analysis with size: 20x20
2025-09-10 13:42:27 - [INFO] - 🏠 Corner means: [0.06, 0.025, 0.0, 0.0]
2025-09-10 13:42:27 - [INFO] - 🏠 Overall corner mean: 0.0
2025-09-10 13:42:27 - [INFO] - 🔲 Edge analysis:
2025-09-10 13:42:27 - [INFO] - Edge mean: 0.0
2025-09-10 13:42:27 - [INFO] - Dark edges (<50): 2560/2560 (100.0%)
2025-09-10 13:42:27 - [INFO] - Bright edges (>200): 0/2560 (0.0%)
2025-09-10 13:42:27 - [INFO] - 📊 Overall statistics:
2025-09-10 13:42:27 - [INFO] - Image mean: 16.0
2025-09-10 13:42:27 - [INFO] - Dark pixels (<50): 235,358 (89.8%)
2025-09-10 13:42:27 - [INFO] - Bright pixels (>200): 172 (0.1%)
2025-09-10 13:42:27 - [INFO] - Mid-range pixels: 26,614 (10.2%)
2025-09-10 13:42:27 - [INFO] - 📈 Histogram analysis:
2025-09-10 13:42:27 - [INFO] - Found 2 peaks: [(10, 15742), (30, 8703)]
2025-09-10 13:42:27 - [INFO] - 
2025-09-10 13:42:27 - [INFO] - DECISION PROCESS:
2025-09-10 13:42:27 - [INFO] - 
2025-09-10 13:42:27 - [INFO] - 📋 DECISION FACTORS:
2025-09-10 13:42:27 - [INFO] - Dark corners (0.0 < 50) → BLACK (+40)
2025-09-10 13:42:27 - [INFO] - Dark edges (100.0%) support BLACK (+30)
2025-09-10 13:42:27 - [INFO] - Dark image (16.0 < 80) supports BLACK (+10)
2025-09-10 13:42:27 - [INFO] - 
2025-09-10 13:42:27 - [INFO] - FINAL DECISION:
2025-09-10 13:42:27 - [INFO] - Background Type: BLACK
2025-09-10 13:42:27 - [INFO] - Confidence: 80%
2025-09-10 13:42:27 - [INFO] - Reasoning: 3 factors analyzed
2025-09-10 13:42:27 - [INFO] - 📊 RESULT: {'background_type': 'black', 'confidence': 80, 'background_pixels': 235358, 'object_pixels': 26786, 'background_percentage': 89.78195190429688, 'total_pixels': 262144, 'debug_info': {'corner_mean': 0.02125, 'edge_mean': 0.0, 'image_mean': 16.017650604248047, 'dark_edge_ratio': 1.0, 'bright_edge_ratio': 0.0, 'decision_factors': ['  Dark corners (0.0 < 50) → BLACK (+40)', '  Dark edges (100.0%) support BLACK (+30)', '  Dark image (16.0 < 80) supports BLACK (+10)']}}
2025-09-10 13:42:27 - [INFO] - === END BACKGROUND ANALYSIS ===
2025-09-10 13:42:27 - [INFO] - BACKGROUND ANALYSIS RESULT:
2025-09-10 13:42:27 - [INFO] - Type: black
2025-09-10 13:42:27 - [INFO] - Confidence: 80%
2025-09-10 13:42:27 - [INFO] - Background area: 89.8%
2025-09-10 13:42:27 - [INFO] - Will auto-select: black radio button
2025-09-10 13:42:27 - [INFO] - Factors: 3
2025-09-10 13:42:27 - [INFO] - ⚠️ manual tagged REQUIRED: 80 confidence
2025-09-10 13:42:27 - [INFO] - Summary: ANT001_DS.dcm
2025-09-10 13:42:27 - [INFO] - Reliable detections: 2/2
2025-09-10 13:42:27 - [INFO] - Has reliable detection: True
2025-09-10 13:42:27 - [INFO] - Needs manual tagged: False
2025-09-10 13:42:27 - [INFO] - Loaded DICOM info for: ANT001_DS.dcm
2025-09-10 13:42:27 - [INFO] - Reliable detection: True
2025-09-10 13:42:27 - [INFO] - Needs manual tagged: False
2025-09-10 13:42:27 - [INFO] - DEBUG: Loading finished. Loaded 1 DICOM info objects
2025-09-10 13:42:27 - [INFO] - DEBUG: Starting widget setup...
2025-09-10 13:42:27 - [INFO] - DEBUG: Processing 1 files in optimized order...
2025-09-10 13:42:27 - [INFO] - ANT001_DS.dcm: auto
2025-09-10 13:42:27 - [INFO] - DEBUG: Creating widget 1/1 for ANT001_DS.dcm...
2025-09-10 13:42:27 - [INFO] - DEBUG: Creating DicomFileWidget with 2 frames...
2025-09-10 13:42:27 - [INFO] - DEBUG: Initializing DicomFileWidget for ANT001_DS.dcm with 2 frames
2025-09-10 13:42:27 - [INFO] - DEBUG: Setting up UI for ANT001_DS.dcm...
2025-09-10 13:42:27 - [INFO] - DEBUG: Initializing FrameWidget for frame 0 from ANT001_DS.dcm
2025-09-10 13:42:27 - [INFO] - DEBUG: Setting up UI for frame 0...
2025-09-10 13:42:27 - [INFO] - DEBUG: ZoomableImageLabel init - shape: (1024, 256), dtype: uint16
2025-09-10 13:42:27 - [INFO] - DEBUG: Medical image detected: True
2025-09-10 13:42:27 - [INFO] - DEBUG: Creating pixmap...
2025-09-10 13:42:27 - [INFO] - DEBUG: Starting pixmap creation - shape: (1024, 256)
2025-09-10 13:42:27 - [INFO] - DEBUG: Frame data copied - dtype: uint16
2025-09-10 13:42:27 - [INFO] - DEBUG: Converting from uint16 to uint8...
2025-09-10 13:42:27 - [INFO] - DEBUG: Data range: 0 to 235
2025-09-10 13:42:27 - [INFO] - Normalization completed
2025-09-10 13:42:27 - [INFO] - DEBUG: Final frame dimensions: 256x1024
2025-09-10 13:42:27 - [INFO] - DEBUG: Enhancing medical image display...
2025-09-10 13:42:27 - [INFO] - Image already uint8, no enhancement needed
2025-09-10 13:42:27 - [INFO] - Medical image enhancement applied
2025-09-10 13:42:27 - [INFO] - DEBUG: Creating PIL Image...
2025-09-10 13:42:27 - [INFO] - PIL Image created
2025-09-10 13:42:27 - [INFO] - DEBUG: Detected potential medical scan
2025-09-10 13:42:27 - [INFO] - DEBUG: High aspect ratio (4.0), checking for rotation...
2025-09-10 13:42:27 - [INFO] - DEBUG: Rotation did not improve, keeping original orientation
2025-09-10 13:42:27 - [INFO] - PIL Image finalized - size: (256, 1024)
2025-09-10 13:42:27 - [INFO] - DEBUG: Original dimensions: 256x1024
2025-09-10 13:42:27 - [INFO] - DEBUG: Tall image - resize to 70x280
2025-09-10 13:42:27 - [INFO] - DEBUG: Final resize dimensions: 70x280
2025-09-10 13:42:27 - [INFO] - DEBUG: Using NEAREST resampling for medical image
2025-09-10 13:42:27 - [INFO] - Image resized
2025-09-10 13:42:27 - [INFO] - QPixmap created successfully
2025-09-10 13:42:27 - [INFO] - DEBUG: Updating display...
2025-09-10 13:42:27 - [INFO] - DEBUG: Using Smooth transformation for medical image
2025-09-10 13:42:27 - [INFO] - ZoomableImageLabel initialized successfully
2025-09-10 13:42:27 - [INFO] - 
2025-09-10 13:42:27 - [INFO] - FRAME 0 AUTO-SELECTION DEBUG:
2025-09-10 13:42:27 - [INFO] - detected_bg: 'black'
2025-09-10 13:42:27 - [INFO] - pixel_analysis exists: True
2025-09-10 13:42:27 - [INFO] - analysis.background_type: 'black'
2025-09-10 13:42:27 - [INFO] - analysis.confidence: 80%
2025-09-10 13:42:27 - [INFO] - corner_mean: 0.006875
2025-09-10 13:42:27 - [INFO] - edge_mean: 0.0
2025-09-10 13:42:27 - [INFO] - image_mean: 12.118404388427734
2025-09-10 13:42:27 - [INFO] - AUTO-SELECTED: BLACK background radio button
2025-09-10 13:42:27 - [INFO] - Final state - Black checked: True
2025-09-10 13:42:27 - [INFO] - Final state - White checked: False
2025-09-10 13:42:27 - [INFO] - DEBUG: Connecting signals for frame 0...
2025-09-10 13:42:27 - [INFO] - FrameWidget setup completed for frame 0
2025-09-10 13:42:27 - [INFO] - DEBUG: Initializing FrameWidget for frame 1 from ANT001_DS.dcm
2025-09-10 13:42:27 - [INFO] - DEBUG: Setting up UI for frame 1...
2025-09-10 13:42:27 - [INFO] - DEBUG: ZoomableImageLabel init - shape: (1024, 256), dtype: uint16
2025-09-10 13:42:27 - [INFO] - DEBUG: Medical image detected: True
2025-09-10 13:42:27 - [INFO] - DEBUG: Creating pixmap...
2025-09-10 13:42:27 - [INFO] - DEBUG: Starting pixmap creation - shape: (1024, 256)
2025-09-10 13:42:27 - [INFO] - DEBUG: Frame data copied - dtype: uint16
2025-09-10 13:42:27 - [INFO] - DEBUG: Converting from uint16 to uint8...
2025-09-10 13:42:27 - [INFO] - DEBUG: Data range: 0 to 164
2025-09-10 13:42:27 - [INFO] - Normalization completed
2025-09-10 13:42:27 - [INFO] - DEBUG: Final frame dimensions: 256x1024
2025-09-10 13:42:27 - [INFO] - DEBUG: Enhancing medical image display...
2025-09-10 13:42:27 - [INFO] - Image already uint8, no enhancement needed
2025-09-10 13:42:27 - [INFO] - Medical image enhancement applied
2025-09-10 13:42:27 - [INFO] - DEBUG: Creating PIL Image...
2025-09-10 13:42:27 - [INFO] - PIL Image created
2025-09-10 13:42:27 - [INFO] - DEBUG: Detected potential medical scan
2025-09-10 13:42:27 - [INFO] - DEBUG: High aspect ratio (4.0), checking for rotation...
2025-09-10 13:42:27 - [INFO] - DEBUG: Rotation did not improve, keeping original orientation
2025-09-10 13:42:27 - [INFO] - PIL Image finalized - size: (256, 1024)
2025-09-10 13:42:27 - [INFO] - DEBUG: Original dimensions: 256x1024
2025-09-10 13:42:27 - [INFO] - DEBUG: Tall image - resize to 70x280
2025-09-10 13:42:27 - [INFO] - DEBUG: Final resize dimensions: 70x280
2025-09-10 13:42:27 - [INFO] - DEBUG: Using NEAREST resampling for medical image
2025-09-10 13:42:27 - [INFO] - Image resized
2025-09-10 13:42:27 - [INFO] - QPixmap created successfully
2025-09-10 13:42:27 - [INFO] - DEBUG: Updating display...
2025-09-10 13:42:27 - [INFO] - DEBUG: Using Smooth transformation for medical image
2025-09-10 13:42:27 - [INFO] - ZoomableImageLabel initialized successfully
2025-09-10 13:42:27 - [INFO] - 
2025-09-10 13:42:27 - [INFO] - FRAME 1 AUTO-SELECTION DEBUG:
2025-09-10 13:42:27 - [INFO] - detected_bg: 'black'
2025-09-10 13:42:27 - [INFO] - pixel_analysis exists: True
2025-09-10 13:42:27 - [INFO] - analysis.background_type: 'black'
2025-09-10 13:42:27 - [INFO] - analysis.confidence: 80%
2025-09-10 13:42:27 - [INFO] - corner_mean: 0.02125
2025-09-10 13:42:27 - [INFO] - edge_mean: 0.0
2025-09-10 13:42:27 - [INFO] - image_mean: 16.017650604248047
2025-09-10 13:42:27 - [INFO] - AUTO-SELECTED: BLACK background radio button
2025-09-10 13:42:27 - [INFO] - Final state - Black checked: True
2025-09-10 13:42:27 - [INFO] - Final state - White checked: False
2025-09-10 13:42:27 - [INFO] - DEBUG: Connecting signals for frame 1...
2025-09-10 13:42:27 - [INFO] - FrameWidget setup completed for frame 1
2025-09-10 13:42:27 - [INFO] - UI setup completed for ANT001_DS.dcm
2025-09-10 13:42:27 - [INFO] - DEBUG: Widget created successfully, connecting signals...
2025-09-10 13:42:27 - [INFO] - DEBUG: Signals connected, adding to layout...
2025-09-10 13:42:27 - [INFO] - Successfully created widget for ANT001_DS.dcm
2025-09-10 13:42:27 - [INFO] - 📊 Widget creation summary:
2025-09-10 13:42:27 - [INFO] - Success: 1
2025-09-10 13:42:27 - [INFO] - Errors: 0
2025-09-10 13:42:27 - [INFO] - auto-tagged: 1
2025-09-10 13:42:27 - [INFO] - Manual required: 0
2025-09-10 13:42:27 - [INFO] - DEBUG: Widget setup completed, updating validation...
2025-09-10 13:42:27 - [INFO] - DEBUG: Validating 1 widgets...
2025-09-10 13:42:27 - [INFO] - DEBUG: Validating widget 1/1...
2025-09-10 13:42:27 - [INFO] - DICOM widgets setup completed successfully
2025-09-10 13:42:29 - [INFO] - 🎨 Frame 0: Selected white background
2025-09-10 13:42:29 - [INFO] - DEBUG: Validating 1 widgets...
2025-09-10 13:42:29 - [INFO] - DEBUG: Validating widget 1/1...
2025-09-10 13:42:31 - [INFO] - 🎨 Frame 0: Selected black background
2025-09-10 13:42:31 - [INFO] - DEBUG: Validating 1 widgets...
2025-09-10 13:42:31 - [INFO] - DEBUG: Validating widget 1/1...
2025-09-10 13:42:32 - [INFO] - 🎨 Frame 1: Selected white background
2025-09-10 13:42:32 - [INFO] - DEBUG: Validating 1 widgets...
2025-09-10 13:42:32 - [INFO] - DEBUG: Validating widget 1/1...
2025-09-10 13:42:33 - [INFO] - DEBUG: Using Smooth transformation for medical image
2025-09-10 13:42:35 - [INFO] - DEBUG: Confirming selections...
2025-09-10 13:42:35 - [INFO] - 📄 ANT001_DS.dcm: {0: 'Anterior', 1: 'Posterior'}
2025-09-10 13:42:35 - [INFO] - 🎨 Background selections: {0: {'view': 'Anterior', 'background': 'black'}, 1: {'view': 'Posterior', 'background': 'white'}}
2025-09-10 13:42:35 - [INFO] - Validation passed - emitting signal
2025-09-10 13:42:35 - [INFO] - DEBUG: About to emit views_confirmed signal with 1 files
2025-09-10 13:42:35 - [INFO] - DEBUG: Emitting views_confirmed signal (string paths)...
2025-09-10 13:42:35 - [INFO] - DEBUG: Emitting views_confirmed signal with background data...
2025-09-10 13:42:35 - [INFO] - DEBUG: Signal received! Processing 2 assignments
2025-09-10 13:42:35 - [INFO] - DEBUG: _on_views_configured called with payload keys: ['background_assignments', 'view_assignments']
2025-09-10 13:42:35 - [INFO] - DEBUG: view_assignments contains 1 files
2025-09-10 13:42:35 - [INFO] - 📄 F:\projek dosen\prototype riset\DicomP10\Export\1.2.840.113619.2.280.2.1.7082025104743619.563028066\ANT001_DS.dcm
2025-09-10 13:42:35 - [INFO] - 🎨 Background assignments received: 1 files
2025-09-10 13:42:35 - [INFO] -   View assignments and background selections configured
2025-09-10 13:42:35 - [INFO] - Files with assignments: 1
2025-09-10 13:42:35 - [INFO] - Files with background selections: 1
2025-09-10 13:42:35 - [INFO] - DEBUG: Signal emitted, closing dialog...
2025-09-10 13:42:35 - [INFO] - DEBUG: Dialog finished, cleaning up...
2025-09-10 13:42:35 - [INFO] - DEBUG: Dialog accepted and closed
2025-09-10 13:42:35 - [INFO] - DEBUG: View dialog result: 1
2025-09-10 13:42:35 - [INFO] - Dialog accepted
2025-09-10 13:42:38 - [INFO] -   DEBUG: Starting duplicate filter check...
2025-09-10 13:42:38 - [INFO] -   DEBUG: view_assignments contains 1 files
2025-09-10 13:42:38 - [INFO] -   DEBUG: file_list contains 1 items
2025-09-10 13:42:38 - [INFO] -   DEBUG: Checking file: ANT001_DS.dcm
2025-09-10 13:42:38 - [INFO] -    📍 Found in UI list at position 0
2025-09-10 13:42:38 - [INFO] -    🏷️ Duplicate flag: None
2025-09-10 13:42:38 - [INFO] -      NOT marked as duplicate - will process
2025-09-10 13:42:38 - [INFO] -    ➕ Added to processing queue
2025-09-10 13:42:38 - [INFO] -   DEBUG: Filter results:
2025-09-10 13:42:38 - [INFO] -    Original files in view_assignments: 1
2025-09-10 13:42:38 - [INFO] -    Files to actually process: 1
2025-09-10 13:42:38 - [INFO] -    Skipped duplicates: 0
2025-09-10 13:42:38 - [INFO] -   No duplicates found in processing queue
2025-09-10 13:42:38 - [INFO] - Starting enhanced import process...
2025-09-10 13:42:38 - [INFO] - Processing 1 files with view assignments
2025-09-10 13:42:38 - [INFO] - Session: WKW
2025-09-10 13:42:38 - [INFO] - Target: data/PLANAR/WKW/[patient_id]/
2025-09-10 13:42:38 - [INFO] - Configuration: All 1 files auto-tagged
2025-09-10 13:42:38 - [INFO] - Enforced naming: Anterior/Posterior views only
2025-09-10 13:42:38 - [INFO] - [LOG]
2025-09-10 13:42:38 - [INFO] - ## Background assignments provided for 1 files
2025-09-10 13:42:38 - [INFO] - [LOG]
2025-09-10 13:42:38 - [INFO] - ## Starting batch import with view assignments: 1 file(s)
2025-09-10 13:42:38 - [INFO] - [LOG]
2025-09-10 13:42:38 - [INFO] - ## Session code: WKW
2025-09-10 13:42:38 - [INFO] - [LOG]
2025-09-10 13:42:38 - [INFO] - ## Target directory: data/PLANAR/WKW/[patient_id]/
2025-09-10 13:42:38 - [INFO] - [LOG]
2025-09-10 13:42:38 - [INFO] - ##   DICOM PROTECTION: Original DICOM files will NOT be modified
2025-09-10 13:42:38 - [INFO] - [LOG]
2025-09-10 13:42:38 - [INFO] - ##   OUTPUT ONLY: PNG/XML files for analysis results
2025-09-10 13:42:38 - [INFO] - [LOG]
2025-09-10 13:42:38 - [INFO] - ## 🎨 BACKGROUND PROCESSING: 1 files have background selections
2025-09-10 13:42:38 - [INFO] - [LOG]
2025-09-10 13:42:38 - [INFO] - ## Background conversion: White → Black (for model compatibility)
2025-09-10 13:42:38 - [INFO] - [LOG]
2025-09-10 13:42:38 - [INFO] - ## Processing workflow: Copy Original → PNG outputs → Segmentation → YOLO → Otsu → Classification → Quantification → Upload PNG
2025-09-10 13:42:38 - [INFO] - [LOG]
2025-09-10 13:42:38 - [INFO] - 
2025-09-10 13:42:38 - [INFO] - ## Processing file 1/1: ANT001_DS.dcm
2025-09-10 13:42:38 - [INFO] - [LOG]
2025-09-10 13:42:38 - [INFO] - 
2025-09-10 13:42:38 - [INFO] - === Processing ANT001_DS.dcm ===
2025-09-10 13:42:38 - [INFO] - [LOG]
2025-09-10 13:42:38 - [INFO] - Patient ID: 0001077172
2025-09-10 13:42:38 - [INFO] - [LOG]
2025-09-10 13:42:38 - [INFO] - Study Date: 20250807
2025-09-10 13:42:38 - [INFO] - [LOG]
2025-09-10 13:42:38 - [INFO] - Path structure validated: F:\projek dosen\prototype riset\hotspot-analyzer\data\PLANAR\WKW\0001077172\20250807
2025-09-10 13:42:38 - [INFO] - [LOG]
2025-09-10 13:42:38 - [INFO] - >> Copying ORIGINAL DICOM without modification...
2025-09-10 13:42:38 - [INFO] - [LOG]
2025-09-10 13:42:38 - [INFO] - Copied ORIGINAL → F:\projek dosen\prototype riset\hotspot-analyzer\data\PLA...
2025-09-10 13:42:38 - [INFO] - [LOG]
2025-09-10 13:42:38 - [INFO] - >> Loading ORIGINAL DICOM frames with view assignments...
2025-09-10 13:42:38 - [INFO] - [LOG]
2025-09-10 13:42:38 - [INFO] - Frames detected: ['anterior', 'posterior']
2025-09-10 13:42:38 - [INFO] - [LOG]
2025-09-10 13:42:38 - [INFO] - >> Processing background selections...
2025-09-10 13:42:38 - [INFO] - [LOG]
2025-09-10 13:42:38 - [INFO] - Processing anterior with black background
2025-09-10 13:42:38 - [INFO] - Keeping black background
2025-09-10 13:42:38 - [INFO] - [LOG]
2025-09-10 13:42:38 - [INFO] - anterior background processed
2025-09-10 13:42:38 - [INFO] - [LOG]
2025-09-10 13:42:38 - [INFO] - Processing posterior with white background
2025-09-10 13:42:38 - [INFO] - 🔄 Converting white background to black (inverting)
2025-09-10 13:42:38 - [INFO] - White background inverted to black
2025-09-10 13:42:38 - [INFO] - [LOG]
2025-09-10 13:42:38 - [INFO] - posterior background processed
2025-09-10 13:42:38 - [INFO] - [LOG]
2025-09-10 13:42:38 - [INFO] - Background processing completed
2025-09-10 13:42:38 - [INFO] - [LOG]
2025-09-10 13:42:38 - [INFO] - >> Normalized 'anterior' → 'Anterior'
2025-09-10 13:42:38 - [INFO] - [LOG]
2025-09-10 13:42:38 - [INFO] - >> Normalized 'posterior' → 'Posterior'
2025-09-10 13:42:38 - [INFO] - [LOG]
2025-09-10 13:42:38 - [INFO] - Final views: ['Anterior', 'Posterior']
2025-09-10 13:42:38 - [INFO] - [LOG]
2025-09-10 13:42:38 - [INFO] - Normalized views: ['Anterior', 'Posterior']
2025-09-10 13:42:38 - [INFO] - [LOG]
2025-09-10 13:42:38 - [INFO] - >> Saving original frames for classification...
2025-09-10 13:42:38 - [INFO] - [LOG]
2025-09-10 13:42:38 - [INFO] - Original frame saved: ant_original.png
2025-09-10 13:42:38 - [INFO] - [LOG]
2025-09-10 13:42:38 - [INFO] - Original frame saved: post_original.png
2025-09-10 13:42:38 - [INFO] - [LOG]
2025-09-10 13:42:38 - [INFO] - >> Generating segmentation masks and colored overlays...
2025-09-10 13:42:38 - [INFO] - [LOG]
2025-09-10 13:42:38 - [INFO] - >> [1/2] Processing Anterior
2025-09-10 13:42:38 - [INFO] - [LOG]
2025-09-10 13:42:38 - [INFO] - Segmenting bone mask...
2025-09-10 13:42:38 - [INFO] - [INFO]  Starting bone mask segmentation...
2025-09-10 13:42:38 - [INFO] - [INFO]  Input image shape: (1024, 256), dtype: uint16
2025-09-10 13:42:38 - [INFO] - [INFO]  Preprocessing: resizing to (256, 1024)...
2025-09-10 13:42:38 - [INFO] - [INFO]  Preprocessing completed
2025-09-10 13:42:38 - [INFO] - [INFO]  Loading segmentation model...
2025-09-10 13:42:41 - [INFO] - [INFO]  Loading bone segmentation model...
2025-09-10 13:42:41 - [INFO] - [INFO]  Model path: F:\projek dosen\prototype riset\hotspot-analyzer\models\s...
2025-09-10 13:42:41 - [INFO] - [LOG]
2025-09-10 13:42:41 - [INFO] - [INFO]  CUDA available: False – using cpu
2025-09-10 13:42:41 - [INFO] - perform_everything_on_device=True is only supported for cuda devices! Setting this to False
2025-09-10 13:42:41 - [INFO] - [INFO]  Primary predictor created successfully (Device: cpu)
2025-09-10 13:42:41 - [INFO] - [INFO]  Switching to CPU-only fallback configuration.
2025-09-10 13:42:41 - [INFO] - perform_everything_on_device=True is only supported for cuda devices! Setting this to False
2025-09-10 13:42:41 - [INFO] - [INFO]  Initializing model from trained weights on device: cpu...
2025-09-10 13:42:42 - [DEBUG] - Loaded backend agg version v2.2.
2025-09-10 13:42:46 - [INFO] - [INFO]  Bone segmentation model loaded successfully
2025-09-10 13:42:46 - [INFO] - [INFO]  Performing bone segmentation inference...
2025-09-10 13:42:46 - [INFO] - [LOG]
2025-09-10 13:42:46 - [INFO] - [INFO]  Running sliding window inference...
2025-09-10 13:42:46 - [INFO] - [LOG]
2025-09-10 13:42:46 - [INFO] - [INFO]  Input image shape: (1024, 256)
2025-09-10 13:42:47 - [INFO] - [LOG]
2025-09-10 13:42:47 - [INFO] - [INFO]  Prediction completed, output shape: (1024, 256)
2025-09-10 13:42:47 - [INFO] - [INFO]  Segmentation completed in 8.56s
2025-09-10 13:42:47 - [INFO] - [INFO]  Output mask shape: (1024, 256)
2025-09-10 13:42:47 - [INFO] - [INFO]  Unique labels found: [0, 1, 2, 3, 4, 5, 6, 7, 8, 9, 10, 11, 12]
2025-09-10 13:42:47 - [INFO] - [INFO]  Returning raw segmentation mask
2025-09-10 13:42:47 - [INFO] - [LOG]
2025-09-10 13:42:47 - [INFO] - Generating colored overlay...
2025-09-10 13:42:47 - [INFO] - [INFO]  Starting bone mask segmentation...
2025-09-10 13:42:47 - [INFO] - [INFO]  Input image shape: (1024, 256), dtype: uint16
2025-09-10 13:42:47 - [INFO] - [INFO]  Preprocessing: resizing to (256, 1024)...
2025-09-10 13:42:47 - [INFO] - [INFO]  Preprocessing completed
2025-09-10 13:42:47 - [INFO] - [INFO]  Loading segmentation model...
2025-09-10 13:42:47 - [INFO] - [INFO]  Performing bone segmentation inference...
2025-09-10 13:42:47 - [INFO] - [LOG]
2025-09-10 13:42:47 - [INFO] - [INFO]  Running sliding window inference...
2025-09-10 13:42:47 - [INFO] - [LOG]
2025-09-10 13:42:47 - [INFO] - [INFO]  Input image shape: (1024, 256)
2025-09-10 13:42:48 - [INFO] - [LOG]
2025-09-10 13:42:48 - [INFO] - [INFO]  Prediction completed, output shape: (1024, 256)
2025-09-10 13:42:48 - [INFO] - [INFO]  Segmentation completed in 0.98s
2025-09-10 13:42:48 - [INFO] - [INFO]  Output mask shape: (1024, 256)
2025-09-10 13:42:48 - [INFO] - [INFO]  Unique labels found: [0, 1, 2, 3, 4, 5, 6, 7, 8, 9, 10, 11, 12]
2025-09-10 13:42:48 - [INFO] - [INFO]  Converting mask to colored RGB image...
2025-09-10 13:42:48 - [INFO] - [INFO]  RGB conversion completed, shape: (1024, 256, 3)
2025-09-10 13:42:48 - [INFO] - [LOG]
2025-09-10 13:42:48 - [INFO] - Segmentation completed for Anterior
2025-09-10 13:42:48 - [INFO] - [LOG]
2025-09-10 13:42:48 - [INFO] - Saved: ant_mask.png, ant_segm.png
2025-09-10 13:42:48 - [INFO] - [LOG]
2025-09-10 13:42:48 - [INFO] - >> [2/2] Processing Posterior
2025-09-10 13:42:48 - [INFO] - [LOG]
2025-09-10 13:42:48 - [INFO] - Segmenting bone mask...
2025-09-10 13:42:48 - [INFO] - [INFO]  Starting bone mask segmentation...
2025-09-10 13:42:48 - [INFO] - [INFO]  Input image shape: (1024, 256), dtype: uint8
2025-09-10 13:42:48 - [INFO] - [INFO]  Preprocessing: resizing to (256, 1024)...
2025-09-10 13:42:48 - [INFO] - [INFO]  Preprocessing completed
2025-09-10 13:42:48 - [INFO] - [INFO]  Loading segmentation model...
2025-09-10 13:42:48 - [INFO] - [INFO]  Performing bone segmentation inference...
2025-09-10 13:42:48 - [INFO] - [LOG]
2025-09-10 13:42:48 - [INFO] - [INFO]  Running sliding window inference...
2025-09-10 13:42:48 - [INFO] - [LOG]
2025-09-10 13:42:48 - [INFO] - [INFO]  Input image shape: (1024, 256)
2025-09-10 13:42:49 - [INFO] - [LOG]
2025-09-10 13:42:49 - [INFO] - [INFO]  Prediction completed, output shape: (1024, 256)
2025-09-10 13:42:49 - [INFO] - [INFO]  Segmentation completed in 0.87s
2025-09-10 13:42:49 - [INFO] - [INFO]  Output mask shape: (1024, 256)
2025-09-10 13:42:49 - [INFO] - [INFO]  Unique labels found: [0, 1, 2, 3, 4, 5, 6, 7, 8, 9, 10, 11, 12]
2025-09-10 13:42:49 - [INFO] - [INFO]  Returning raw segmentation mask
2025-09-10 13:42:49 - [INFO] - [LOG]
2025-09-10 13:42:49 - [INFO] - Generating colored overlay...
2025-09-10 13:42:49 - [INFO] - [INFO]  Starting bone mask segmentation...
2025-09-10 13:42:49 - [INFO] - [INFO]  Input image shape: (1024, 256), dtype: uint8
2025-09-10 13:42:49 - [INFO] - [INFO]  Preprocessing: resizing to (256, 1024)...
2025-09-10 13:42:49 - [INFO] - [INFO]  Preprocessing completed
2025-09-10 13:42:49 - [INFO] - [INFO]  Loading segmentation model...
2025-09-10 13:42:49 - [INFO] - [INFO]  Performing bone segmentation inference...
2025-09-10 13:42:49 - [INFO] - [LOG]
2025-09-10 13:42:49 - [INFO] - [INFO]  Running sliding window inference...
2025-09-10 13:42:49 - [INFO] - [LOG]
2025-09-10 13:42:49 - [INFO] - [INFO]  Input image shape: (1024, 256)
2025-09-10 13:42:49 - [INFO] - [LOG]
2025-09-10 13:42:49 - [INFO] - [INFO]  Prediction completed, output shape: (1024, 256)
2025-09-10 13:42:49 - [INFO] - [INFO]  Segmentation completed in 0.94s
2025-09-10 13:42:49 - [INFO] - [INFO]  Output mask shape: (1024, 256)
2025-09-10 13:42:49 - [INFO] - [INFO]  Unique labels found: [0, 1, 2, 3, 4, 5, 6, 7, 8, 9, 10, 11, 12]
2025-09-10 13:42:49 - [INFO] - [INFO]  Converting mask to colored RGB image...
2025-09-10 13:42:49 - [INFO] - [INFO]  RGB conversion completed, shape: (1024, 256, 3)
2025-09-10 13:42:49 - [INFO] - [LOG]
2025-09-10 13:42:49 - [INFO] - Segmentation completed for Posterior
2025-09-10 13:42:50 - [INFO] - [LOG]
2025-09-10 13:42:50 - [INFO] - Saved: post_mask.png, post_segm.png
2025-09-10 13:42:50 - [INFO] - [LOG]
2025-09-10 13:42:50 - [INFO] - >> Running YOLO hotspot detection...
2025-09-10 13:42:50 - [INFO] - [YOLO WRAPPER] Starting YOLO detection for 0001077172
2025-09-10 13:42:50 - [INFO] - [YOLO WRAPPER] Model path: F:\projek dosen\prototype riset\hotspot-analyzer\models\hotspot_detection\models\model_detection_hs_yolov8.pt
2025-09-10 13:42:50 - [INFO] - [YOLO WRAPPER] DICOM path: F:\projek dosen\prototype riset\hotspot-analyzer\data\PLANAR\WKW\0001077172\20250807\ANT001_DS.dcm
2025-09-10 13:42:50 - [INFO] - [YOLO WRAPPER] Starting detection for patient 0001077172
2025-09-10 13:42:50 - [INFO] - [YOLO WRAPPER] DICOM file: F:\projek dosen\prototype riset\hotspot-analyzer\data\PLANAR\WKW\0001077172\20250807\ANT001_DS.dcm
2025-09-10 13:42:50 - [INFO] - [YOLO] FORCING model load - application requires YOLO functionality
2025-09-10 13:42:50 - [INFO] - [YOLO WRAPPER] Extracted session from path: WKW
2025-09-10 13:42:50 - [INFO] - [DETECTION] Processing DICOM: F:\projek dosen\prototype riset\hotspot-analyzer\data\PLANAR\WKW\0001077172\20250807\ANT001_DS.dcm
2025-09-10 13:42:50 - [INFO] - [DETECTION] FORCED YOLO execution - application requires this functionality
2025-09-10 13:42:50 - [INFO] - [DETECTION] Patient: 0001077172, Session: WKW, Study Date: 20250807
2025-09-10 13:42:50 - [INFO] - [DETECTION] Loaded 2 frames: ['anterior', 'posterior']
2025-09-10 13:42:50 - [INFO] - [DETECTION] Processing view: anterior -> anterior
2025-09-10 13:42:50 - [INFO] - [HOTSPOT FILES] Final selection for ant:
2025-09-10 13:42:50 - [INFO] - [HOTSPOT FILES]   yolo_xml: F:\projek dosen\prototype riset\hotspot-analyzer\data\PLANAR\WKW\0001077172\20250807\ant_hotspot_yolo.xml (exists: False, type: original)
2025-09-10 13:42:50 - [INFO] - [HOTSPOT FILES]   otsu_colored: F:\projek dosen\prototype riset\hotspot-analyzer\data\PLANAR\WKW\0001077172\20250807\ant_hotspot_otsu_colored.png (exists: False, type: original)
2025-09-10 13:42:50 - [INFO] - [HOTSPOT FILES]   otsu_colored_blend: F:\projek dosen\prototype riset\hotspot-analyzer\data\PLANAR\WKW\0001077172\20250807\ant_hotspot_otsu_colored_blend.png (exists: False, type: original)
2025-09-10 13:42:50 - [INFO] - [HOTSPOT FILES]   otsu_grayscale: F:\projek dosen\prototype riset\hotspot-analyzer\data\PLANAR\WKW\0001077172\20250807\ant_hotspot_otsu_grayscale.png (exists: False, type: original)
2025-09-10 13:42:50 - [INFO] - [HOTSPOT FILES]   classification_xml: F:\projek dosen\prototype riset\hotspot-analyzer\data\PLANAR\WKW\0001077172\20250807\ant_hotspot_classification.xml (exists: False, type: original)
2025-09-10 13:42:50 - [INFO] - [HOTSPOT FILES]   classification_png: F:\projek dosen\prototype riset\hotspot-analyzer\data\PLANAR\WKW\0001077172\20250807\ant_hotspot_classification.png (exists: False, type: original)
2025-09-10 13:42:50 - [INFO] - [DETECTION] Running YOLO on anterior view...
2025-09-10 13:42:50 - [INFO] - [YOLO] FORCING model load - application critical functionality
2025-09-10 13:42:50 - [INFO] - [YOLO] Loading model on-demand (FORCED, thread-safe)...
2025-09-10 13:42:50 - [INFO] - [YOLO] FORCING model initialization - critical for application
2025-09-10 13:42:50 - [INFO] - [YOLO] Attempting to load model from: F:\projek dosen\prototype riset\hotspot-analyzer\models\hotspot_detection\models\model_detection_hs_yolov8.pt
2025-09-10 13:42:50 - [INFO] - [YOLO] Model loaded successfully (FORCED CPU mode)
2025-09-10 13:42:50 - [INFO] - 0: 640x160 1 Normal, 105.4ms
2025-09-10 13:42:50 - [INFO] - Speed: 1.4ms preprocess, 105.4ms inference, 1.0ms postprocess per image at shape (1, 3, 640, 160)
2025-09-10 13:42:50 - [INFO] - [DETECTION] Found 1 hotspots in anterior
2025-09-10 13:42:50 - [INFO] - [XML] Saved detection XML to: F:\projek dosen\prototype riset\hotspot-analyzer\data\PLANAR\WKW\0001077172\20250807\ant_hotspot_yolo.xml
2025-09-10 13:42:50 - [INFO] - [DETECTION] Processing view: posterior -> posterior
2025-09-10 13:42:50 - [INFO] - [HOTSPOT FILES] Final selection for post:
2025-09-10 13:42:50 - [INFO] - [HOTSPOT FILES]   yolo_xml: F:\projek dosen\prototype riset\hotspot-analyzer\data\PLANAR\WKW\0001077172\20250807\post_hotspot_yolo.xml (exists: False, type: original)
2025-09-10 13:42:50 - [INFO] - [HOTSPOT FILES]   otsu_colored: F:\projek dosen\prototype riset\hotspot-analyzer\data\PLANAR\WKW\0001077172\20250807\post_hotspot_otsu_colored.png (exists: False, type: original)
2025-09-10 13:42:50 - [INFO] - [HOTSPOT FILES]   otsu_colored_blend: F:\projek dosen\prototype riset\hotspot-analyzer\data\PLANAR\WKW\0001077172\20250807\post_hotspot_otsu_colored_blend.png (exists: False, type: original)
2025-09-10 13:42:50 - [INFO] - [HOTSPOT FILES]   otsu_grayscale: F:\projek dosen\prototype riset\hotspot-analyzer\data\PLANAR\WKW\0001077172\20250807\post_hotspot_otsu_grayscale.png (exists: False, type: original)
2025-09-10 13:42:50 - [INFO] - [HOTSPOT FILES]   classification_xml: F:\projek dosen\prototype riset\hotspot-analyzer\data\PLANAR\WKW\0001077172\20250807\post_hotspot_classification.xml (exists: False, type: original)
2025-09-10 13:42:50 - [INFO] - [HOTSPOT FILES]   classification_png: F:\projek dosen\prototype riset\hotspot-analyzer\data\PLANAR\WKW\0001077172\20250807\post_hotspot_classification.png (exists: False, type: original)
2025-09-10 13:42:50 - [INFO] - [DETECTION] Running YOLO on posterior view...
2025-09-10 13:42:50 - [INFO] - 0: 640x160 (no detections), 90.0ms
2025-09-10 13:42:50 - [INFO] - Speed: 1.1ms preprocess, 90.0ms inference, 0.6ms postprocess per image at shape (1, 3, 640, 160)
2025-09-10 13:42:50 - [INFO] - [DETECTION] No detections found, creating empty XML for pipeline continuity
2025-09-10 13:42:50 - [INFO] - [DETECTION] No hotspots detected in posterior
2025-09-10 13:42:50 - [INFO] - [XML] Saved detection XML to: F:\projek dosen\prototype riset\hotspot-analyzer\data\PLANAR\WKW\0001077172\20250807\post_hotspot_yolo.xml
2025-09-10 13:42:50 - [INFO] - [YOLO WRAPPER] Detection completed:
2025-09-10 13:42:50 - [INFO] - Anterior: ✓
2025-09-10 13:42:50 - [INFO] - Posterior: ✓
2025-09-10 13:42:50 - [INFO] - [YOLO WRAPPER] Detection completed with results: {'anterior': True, 'posterior': True}
2025-09-10 13:42:50 - [INFO] - [LOG]
2025-09-10 13:42:50 - [INFO] - YOLO detection completed - XML files created
2025-09-10 13:42:50 - [INFO] - [LOG]
2025-09-10 13:42:50 - [INFO] - >> Running Otsu hotspot processing...
2025-09-10 13:42:50 - [INFO] - --- MENJALANKAN FUNGSI HOTSPOT DENGAN LOGIKA PENYIMPANAN FILE ---
2025-09-10 13:42:50 - [INFO] - [SESSION] Found session code from config: WKW
2025-09-10 13:42:50 - [INFO] - [DEBUG] Using session: WKW, patient: 0001077172, study_date: 20250807
2025-09-10 13:42:50 - [INFO] - [DEBUG] Expected patient folder: F:\projek dosen\prototype riset\hotspot-analyzer\data\PLANAR\WKW\0001077172\20250807
2025-09-10 13:42:50 - [INFO] - 
2025-09-10 13:42:50 - [INFO] - [DEBUG PRIORITY GANTENG] ===================
2025-09-10 13:42:50 - [INFO] - [DEBUG PRIORITY] Looking for: ant_hotspot_classification.png
2025-09-10 13:42:50 - [INFO] - [DEBUG PRIORITY] In path: F:\projek dosen\prototype riset\hotspot-analyzer\data\PLANAR\WKW\0001077172\20250807
2025-09-10 13:42:50 - [INFO] - [DEBUG PRIORITY] Session code: None
2025-09-10 13:42:50 - [INFO] - [DEBUG PRIORITY] Original file: F:\projek dosen\prototype riset\hotspot-analyzer\data\PLANAR\WKW\0001077172\20250807\ant_hotspot_classification.png
2025-09-10 13:42:50 - [INFO] - [DEBUG PRIORITY] Original exists: False
2025-09-10 13:42:50 - [INFO] - [DEBUG PRIORITY] File is editable, checking for timestamp version...
2025-09-10 13:42:50 - [INFO] - 
2025-09-10 13:42:50 - [INFO] - [DEBUG TIMESTAMP GANTENG] ===================
2025-09-10 13:42:50 - [INFO] - [DEBUG TIMESTAMP] Looking for: ant_hotspot_classification.png
2025-09-10 13:42:50 - [INFO] - [DEBUG TIMESTAMP] In folder: F:\projek dosen\prototype riset\hotspot-analyzer\data\PLANAR\WKW\0001077172\20250807
2025-09-10 13:42:50 - [INFO] - [DEBUG TIMESTAMP] Session code: None
2025-09-10 13:42:50 - [INFO] - [DEBUG TIMESTAMP] Is editable: True
2025-09-10 13:42:50 - [INFO] - [DEBUG TIMESTAMP] Folder contents:
2025-09-10 13:42:50 - [INFO] - [DEBUG TIMESTAMP]   FILE: ANT001_DS.dcm
2025-09-10 13:42:50 - [INFO] - [DEBUG TIMESTAMP]   FILE: ant_hotspot_yolo.xml
2025-09-10 13:42:50 - [INFO] - [DEBUG TIMESTAMP]   FILE: ant_mask.png
2025-09-10 13:42:50 - [INFO] - [DEBUG TIMESTAMP]   FILE: ant_original.png
2025-09-10 13:42:50 - [INFO] - [DEBUG TIMESTAMP]   FILE: ant_segm.png
2025-09-10 13:42:50 - [INFO] - [DEBUG TIMESTAMP]   FILE: post_hotspot_yolo.xml
2025-09-10 13:42:50 - [INFO] - [DEBUG TIMESTAMP]   FILE: post_mask.png
2025-09-10 13:42:50 - [INFO] - [DEBUG TIMESTAMP]   FILE: post_original.png
2025-09-10 13:42:50 - [INFO] - [DEBUG TIMESTAMP]   FILE: post_segm.png
2025-09-10 13:42:50 - [INFO] - [DEBUG TIMESTAMP] Running get_latest_timestamp_file...
2025-09-10 13:42:50 - [INFO] - [DEBUG TIMESTAMP] Result: None
2025-09-10 13:42:50 - [INFO] - [DEBUG PRIORITY]  No edited version found
2025-09-10 13:42:50 - [INFO] - [DEBUG PRIORITY]  No file found at all
2025-09-10 13:42:50 - [INFO] - [PRIORITY] Using original PNG: F:\projek dosen\prototype riset\hotspot-analyzer\data\PLANAR\WKW\0001077172\20250807\ant_hotspot_classification.png
2025-09-10 13:42:50 - [INFO] - [HOTSPOT FILES] Final selection for ant:
2025-09-10 13:42:50 - [INFO] - [HOTSPOT FILES]   yolo_xml: F:\projek dosen\prototype riset\hotspot-analyzer\data\PLANAR\WKW\0001077172\20250807\ant_hotspot_yolo.xml (exists: True, type: original)
2025-09-10 13:42:50 - [INFO] - [HOTSPOT FILES]   otsu_colored: F:\projek dosen\prototype riset\hotspot-analyzer\data\PLANAR\WKW\0001077172\20250807\ant_hotspot_otsu_colored.png (exists: False, type: original)
2025-09-10 13:42:50 - [INFO] - [HOTSPOT FILES]   otsu_colored_blend: F:\projek dosen\prototype riset\hotspot-analyzer\data\PLANAR\WKW\0001077172\20250807\ant_hotspot_otsu_colored_blend.png (exists: False, type: original)
2025-09-10 13:42:50 - [INFO] - [HOTSPOT FILES]   otsu_grayscale: F:\projek dosen\prototype riset\hotspot-analyzer\data\PLANAR\WKW\0001077172\20250807\ant_hotspot_otsu_grayscale.png (exists: False, type: original)
2025-09-10 13:42:50 - [INFO] - [HOTSPOT FILES]   classification_xml: F:\projek dosen\prototype riset\hotspot-analyzer\data\PLANAR\WKW\0001077172\20250807\ant_hotspot_classification.xml (exists: False, type: original)
2025-09-10 13:42:50 - [INFO] - [HOTSPOT FILES]   classification_png: F:\projek dosen\prototype riset\hotspot-analyzer\data\PLANAR\WKW\0001077172\20250807\ant_hotspot_classification.png (exists: False, type: original)
2025-09-10 13:42:50 - [INFO] - 
2025-09-10 13:42:50 - [INFO] - [DEBUG PRIORITY GANTENG] ===================
2025-09-10 13:42:50 - [INFO] - [DEBUG PRIORITY] Looking for: post_hotspot_classification.png
2025-09-10 13:42:50 - [INFO] - [DEBUG PRIORITY] In path: F:\projek dosen\prototype riset\hotspot-analyzer\data\PLANAR\WKW\0001077172\20250807
2025-09-10 13:42:50 - [INFO] - [DEBUG PRIORITY] Session code: None
2025-09-10 13:42:50 - [INFO] - [DEBUG PRIORITY] Original file: F:\projek dosen\prototype riset\hotspot-analyzer\data\PLANAR\WKW\0001077172\20250807\post_hotspot_classification.png
2025-09-10 13:42:50 - [INFO] - [DEBUG PRIORITY] Original exists: False
2025-09-10 13:42:50 - [INFO] - [DEBUG PRIORITY] File is editable, checking for timestamp version...
2025-09-10 13:42:50 - [INFO] - 
2025-09-10 13:42:50 - [INFO] - [DEBUG TIMESTAMP GANTENG] ===================
2025-09-10 13:42:50 - [INFO] - [DEBUG TIMESTAMP] Looking for: post_hotspot_classification.png
2025-09-10 13:42:50 - [INFO] - [DEBUG TIMESTAMP] In folder: F:\projek dosen\prototype riset\hotspot-analyzer\data\PLANAR\WKW\0001077172\20250807
2025-09-10 13:42:50 - [INFO] - [DEBUG TIMESTAMP] Session code: None
2025-09-10 13:42:50 - [INFO] - [DEBUG TIMESTAMP] Is editable: True
2025-09-10 13:42:50 - [INFO] - [DEBUG TIMESTAMP] Folder contents:
2025-09-10 13:42:50 - [INFO] - [DEBUG TIMESTAMP]   FILE: ANT001_DS.dcm
2025-09-10 13:42:50 - [INFO] - [DEBUG TIMESTAMP]   FILE: ant_hotspot_yolo.xml
2025-09-10 13:42:50 - [INFO] - [DEBUG TIMESTAMP]   FILE: ant_mask.png
2025-09-10 13:42:50 - [INFO] - [DEBUG TIMESTAMP]   FILE: ant_original.png
2025-09-10 13:42:50 - [INFO] - [DEBUG TIMESTAMP]   FILE: ant_segm.png
2025-09-10 13:42:50 - [INFO] - [DEBUG TIMESTAMP]   FILE: post_hotspot_yolo.xml
2025-09-10 13:42:50 - [INFO] - [DEBUG TIMESTAMP]   FILE: post_mask.png
2025-09-10 13:42:50 - [INFO] - [DEBUG TIMESTAMP]   FILE: post_original.png
2025-09-10 13:42:50 - [INFO] - [DEBUG TIMESTAMP]   FILE: post_segm.png
2025-09-10 13:42:50 - [INFO] - [DEBUG TIMESTAMP] Running get_latest_timestamp_file...
2025-09-10 13:42:50 - [INFO] - [DEBUG TIMESTAMP] Result: None
2025-09-10 13:42:50 - [INFO] - [DEBUG PRIORITY]  No edited version found
2025-09-10 13:42:50 - [INFO] - [DEBUG PRIORITY]  No file found at all
2025-09-10 13:42:50 - [INFO] - [PRIORITY] Using original PNG: F:\projek dosen\prototype riset\hotspot-analyzer\data\PLANAR\WKW\0001077172\20250807\post_hotspot_classification.png
2025-09-10 13:42:50 - [INFO] - [HOTSPOT FILES] Final selection for post:
2025-09-10 13:42:50 - [INFO] - [HOTSPOT FILES]   yolo_xml: F:\projek dosen\prototype riset\hotspot-analyzer\data\PLANAR\WKW\0001077172\20250807\post_hotspot_yolo.xml (exists: True, type: original)
2025-09-10 13:42:50 - [INFO] - [HOTSPOT FILES]   otsu_colored: F:\projek dosen\prototype riset\hotspot-analyzer\data\PLANAR\WKW\0001077172\20250807\post_hotspot_otsu_colored.png (exists: False, type: original)
2025-09-10 13:42:50 - [INFO] - [HOTSPOT FILES]   otsu_colored_blend: F:\projek dosen\prototype riset\hotspot-analyzer\data\PLANAR\WKW\0001077172\20250807\post_hotspot_otsu_colored_blend.png (exists: False, type: original)
2025-09-10 13:42:50 - [INFO] - [HOTSPOT FILES]   otsu_grayscale: F:\projek dosen\prototype riset\hotspot-analyzer\data\PLANAR\WKW\0001077172\20250807\post_hotspot_otsu_grayscale.png (exists: False, type: original)
2025-09-10 13:42:50 - [INFO] - [HOTSPOT FILES]   classification_xml: F:\projek dosen\prototype riset\hotspot-analyzer\data\PLANAR\WKW\0001077172\20250807\post_hotspot_classification.xml (exists: False, type: original)
2025-09-10 13:42:50 - [INFO] - [HOTSPOT FILES]   classification_png: F:\projek dosen\prototype riset\hotspot-analyzer\data\PLANAR\WKW\0001077172\20250807\post_hotspot_classification.png (exists: False, type: original)
2025-09-10 13:42:50 - [INFO] - [DEBUG] Processing anterior with XML: F:\projek dosen\prototype riset\hotspot-analyzer\data\PLANAR\WKW\0001077172\20250807\ant_hotspot_yolo.xml
2025-09-10 13:42:50 - [INFO] - root
2025-09-10 13:42:50 - [INFO] - [<Element 'object' at 0x0000020EBE442160>]
2025-09-10 13:42:50 - [INFO] - [DEBUG] Processing frame with study_date: 20250807
2025-09-10 13:42:50 - [INFO] - [SESSION] Found session code from config: WKW
2025-09-10 13:42:50 - [DEBUG] - STREAM b'IHDR' 16 13
2025-09-10 13:42:50 - [DEBUG] - STREAM b'IDAT' 41 65536
2025-09-10 13:42:50 - [DEBUG] - STREAM b'IHDR' 16 13
2025-09-10 13:42:50 - [DEBUG] - STREAM b'IDAT' 41 65536
2025-09-10 13:42:50 - [INFO] - [HOTSPOT FILES] Final selection for ant:
2025-09-10 13:42:50 - [INFO] - [HOTSPOT FILES]   yolo_xml: F:\projek dosen\prototype riset\hotspot-analyzer\data\PLANAR\WKW\0001077172\20250807\ant_hotspot_yolo.xml (exists: True, type: original)
2025-09-10 13:42:50 - [INFO] - [HOTSPOT FILES]   otsu_colored: F:\projek dosen\prototype riset\hotspot-analyzer\data\PLANAR\WKW\0001077172\20250807\ant_hotspot_otsu_colored.png (exists: False, type: original)
2025-09-10 13:42:50 - [INFO] - [HOTSPOT FILES]   otsu_colored_blend: F:\projek dosen\prototype riset\hotspot-analyzer\data\PLANAR\WKW\0001077172\20250807\ant_hotspot_otsu_colored_blend.png (exists: False, type: original)
2025-09-10 13:42:50 - [INFO] - [HOTSPOT FILES]   otsu_grayscale: F:\projek dosen\prototype riset\hotspot-analyzer\data\PLANAR\WKW\0001077172\20250807\ant_hotspot_otsu_grayscale.png (exists: False, type: original)
2025-09-10 13:42:50 - [INFO] - [HOTSPOT FILES]   classification_xml: F:\projek dosen\prototype riset\hotspot-analyzer\data\PLANAR\WKW\0001077172\20250807\ant_hotspot_classification.xml (exists: False, type: original)
2025-09-10 13:42:50 - [INFO] - [HOTSPOT FILES]   classification_png: F:\projek dosen\prototype riset\hotspot-analyzer\data\PLANAR\WKW\0001077172\20250807\ant_hotspot_classification.png (exists: False, type: original)
2025-09-10 13:42:50 - [INFO] - Blended hotspot image saved: F:\projek dosen\prototype riset\hotspot-analyzer\data\PLANAR\WKW\0001077172\20250807\ant_hotspot_otsu_colored_blend.png
2025-09-10 13:42:50 - [INFO] - Pure hotspot image saved: F:\projek dosen\prototype riset\hotspot-analyzer\data\PLANAR\WKW\0001077172\20250807\ant_hotspot_otsu_colored.png
2025-09-10 13:42:50 - [INFO] - Hotspot mask saved: F:\projek dosen\prototype riset\hotspot-analyzer\data\PLANAR\WKW\0001077172\20250807\ant_hotspot_otsu_grayscale.png
2025-09-10 13:42:50 - [INFO] - [PROCESS] Anterior hotspot processing completed
2025-09-10 13:42:50 - [INFO] - [DEBUG] Processing posterior with XML: F:\projek dosen\prototype riset\hotspot-analyzer\data\PLANAR\WKW\0001077172\20250807\post_hotspot_yolo.xml
2025-09-10 13:42:50 - [INFO] - root
2025-09-10 13:42:50 - [INFO] - []
2025-09-10 13:42:50 - [INFO] - [PROCESS] Posterior processing failed, using original frame
2025-09-10 13:42:50 - [INFO] - [PROCESS] Hotspot processing completed for ANT001_DS.dcm
2025-09-10 13:42:50 - [INFO] - [LOG]
2025-09-10 13:42:50 - [INFO] - Otsu processing completed - hotspot PNG files created
2025-09-10 13:42:50 - [INFO] - [LOG]
2025-09-10 13:42:50 - [INFO] - >> Running hotspot classification inference...
2025-09-10 13:42:50 - [INFO] - [HOTSPOT FILES] Final selection for ant:
2025-09-10 13:42:50 - [INFO] - [HOTSPOT FILES]   yolo_xml: F:\projek dosen\prototype riset\hotspot-analyzer\data\PLANAR\WKW\0001077172\20250807\ant_hotspot_yolo.xml (exists: True, type: original)
2025-09-10 13:42:50 - [INFO] - [HOTSPOT FILES]   otsu_colored: F:\projek dosen\prototype riset\hotspot-analyzer\data\PLANAR\WKW\0001077172\20250807\ant_hotspot_otsu_colored.png (exists: True, type: original)
2025-09-10 13:42:50 - [INFO] - [HOTSPOT FILES]   otsu_colored_blend: F:\projek dosen\prototype riset\hotspot-analyzer\data\PLANAR\WKW\0001077172\20250807\ant_hotspot_otsu_colored_blend.png (exists: True, type: original)
2025-09-10 13:42:50 - [INFO] - [HOTSPOT FILES]   otsu_grayscale: F:\projek dosen\prototype riset\hotspot-analyzer\data\PLANAR\WKW\0001077172\20250807\ant_hotspot_otsu_grayscale.png (exists: True, type: original)
2025-09-10 13:42:50 - [INFO] - [HOTSPOT FILES]   classification_xml: F:\projek dosen\prototype riset\hotspot-analyzer\data\PLANAR\WKW\0001077172\20250807\ant_hotspot_classification.xml (exists: False, type: original)
2025-09-10 13:42:50 - [INFO] - [HOTSPOT FILES]   classification_png: F:\projek dosen\prototype riset\hotspot-analyzer\data\PLANAR\WKW\0001077172\20250807\ant_hotspot_classification.png (exists: False, type: original)
2025-09-10 13:42:50 - [INFO] - [HOTSPOT FILES] Final selection for post:
2025-09-10 13:42:50 - [INFO] - [HOTSPOT FILES]   yolo_xml: F:\projek dosen\prototype riset\hotspot-analyzer\data\PLANAR\WKW\0001077172\20250807\post_hotspot_yolo.xml (exists: True, type: original)
2025-09-10 13:42:50 - [INFO] - [HOTSPOT FILES]   otsu_colored: F:\projek dosen\prototype riset\hotspot-analyzer\data\PLANAR\WKW\0001077172\20250807\post_hotspot_otsu_colored.png (exists: False, type: original)
2025-09-10 13:42:50 - [INFO] - [HOTSPOT FILES]   otsu_colored_blend: F:\projek dosen\prototype riset\hotspot-analyzer\data\PLANAR\WKW\0001077172\20250807\post_hotspot_otsu_colored_blend.png (exists: False, type: original)
2025-09-10 13:42:50 - [INFO] - [HOTSPOT FILES]   otsu_grayscale: F:\projek dosen\prototype riset\hotspot-analyzer\data\PLANAR\WKW\0001077172\20250807\post_hotspot_otsu_grayscale.png (exists: False, type: original)
2025-09-10 13:42:50 - [INFO] - [HOTSPOT FILES]   classification_xml: F:\projek dosen\prototype riset\hotspot-analyzer\data\PLANAR\WKW\0001077172\20250807\post_hotspot_classification.xml (exists: False, type: original)
2025-09-10 13:42:50 - [INFO] - [HOTSPOT FILES]   classification_png: F:\projek dosen\prototype riset\hotspot-analyzer\data\PLANAR\WKW\0001077172\20250807\post_hotspot_classification.png (exists: False, type: original)
2025-09-10 13:42:50 - [INFO] - [LOG]
2025-09-10 13:42:50 - [INFO] - Mapped: ant_original.png -> 0001077172_20250807_anterior_original.png
2025-09-10 13:42:50 - [INFO] - [LOG]
2025-09-10 13:42:50 - [INFO] - Mapped: post_original.png -> 0001077172_20250807_posterior_original.png
2025-09-10 13:42:50 - [INFO] - [LOG]
2025-09-10 13:42:50 - [INFO] - Mapped: ant_segm.png -> 0001077172_20250807_anterior_colored.png
2025-09-10 13:42:50 - [INFO] - [LOG]
2025-09-10 13:42:50 - [INFO] - Mapped: post_segm.png -> 0001077172_20250807_posterior_colored.png
2025-09-10 13:42:50 - [INFO] - [LOG]
2025-09-10 13:42:50 - [INFO] - Mapped: ant_hotspot_otsu_grayscale.png -> 0001077172_20250807_ant_hotspot_mask.png
2025-09-10 13:42:50 - [INFO] - [LOG]
2025-09-10 13:42:50 - [INFO] - Missing: F:\projek dosen\prototype riset\hotspot-analyzer\data\PLANAR\WKW\0001077172\20250807\post_hotspot_otsu_grayscale.png -> 0001077172_20250807_post_hotspot_mask.png
2025-09-10 13:42:50 - [INFO] - [LOG]
2025-09-10 13:42:50 - [INFO] - Mapped: ant_hotspot_yolo.xml -> 0001077172_20250807_ant.xml
2025-09-10 13:42:50 - [INFO] - [LOG]
2025-09-10 13:42:50 - [INFO] - Mapped: post_hotspot_yolo.xml -> 0001077172_20250807_post.xml
2025-09-10 13:42:50 - [INFO] - [LOG]
2025-09-10 13:42:50 - [INFO] - Successfully mapped 7 files for classification
2025-09-10 13:42:50 - [INFO] - [LOG]
2025-09-10 13:42:50 - [INFO] - Running classification in temp directory: F:\projek dosen\prototype riset\hotspot-analyzer\data\PLANAR\WKW\0001077172\20250807\temp_classification
2025-09-10 13:42:50 - [INFO] - [CLASSIFICATION] Starting classification for patient 0001077172
2025-09-10 13:42:50 - [INFO] - [SESSION] Found session code from config: WKW
2025-09-10 13:42:50 - [INFO] - [CLASSIFICATION] Using session: WKW
2025-09-10 13:42:50 - [INFO] - >>>>>> [BUKTI] MEMUAT classification_wrapper.py VERSI TERBARU <<<<<<
2025-09-10 13:42:50 - [INFO] - [LOG]
2025-09-10 13:42:50 - [INFO] - Starting classification for patient 0001077172
2025-09-10 13:42:50 - [INFO] - [LOG]
2025-09-10 13:42:50 - [INFO] - Study date: 20250807
2025-09-10 13:42:50 - [INFO] - [LOG]
2025-09-10 13:42:50 - [INFO] - Session: 0001077172
2025-09-10 13:42:50 - [INFO] - [LOG]
2025-09-10 13:42:50 - [INFO] - Grayscale conversion: Enabled
2025-09-10 13:42:50 - [INFO] - [LOG]
2025-09-10 13:42:50 - [INFO] - Processing anterior view with grayscale conversion...
2025-09-10 13:42:50 - [INFO] - [LOG]
2025-09-10 13:42:50 - [INFO] - Found raw_original: 0001077172_20250807_anterior_original.png
2025-09-10 13:42:50 - [INFO] - [LOG]
2025-09-10 13:42:50 - [INFO] - Found region_mask: 0001077172_20250807_anterior_colored.png
2025-09-10 13:42:50 - [INFO] - [LOG]
2025-09-10 13:42:50 - [INFO] - Found hotspot_mask: 0001077172_20250807_ant_hotspot_mask.png
2025-09-10 13:42:50 - [INFO] - [LOG]
2025-09-10 13:42:50 - [INFO] - Found xml_file: 0001077172_20250807_ant.xml
2025-09-10 13:42:50 - [INFO] - [LOG]
2025-09-10 13:42:50 - [INFO] - [DEBUG] Starting classification inference with automatic conversion
2025-09-10 13:42:50 - [INFO] - [LOG]
2025-09-10 13:42:50 - [INFO] - [DEBUG] Raw PNG path: 0001077172_20250807_anterior_original.png
2025-09-10 13:42:50 - [INFO] - [LOG]
2025-09-10 13:42:50 - [INFO] - [DEBUG] Segment path: 0001077172_20250807_anterior_colored.png
2025-09-10 13:42:50 - [INFO] - [LOG]
2025-09-10 13:42:50 - [INFO] - [DEBUG] Hotspot path: 0001077172_20250807_ant_hotspot_mask.png
2025-09-10 13:42:50 - [INFO] - [LOG]
2025-09-10 13:42:50 - [INFO] - [DEBUG] XML path: 0001077172_20250807_ant.xml
2025-09-10 13:42:50 - [INFO] - [LOG]
2025-09-10 13:42:50 - [INFO] - [DEBUG] Raw PNG file exists: 83942 bytes
2025-09-10 13:42:50 - [INFO] - [LOG]
2025-09-10 13:42:50 - [INFO] - [DEBUG] Segment file exists: 5238 bytes
2025-09-10 13:42:50 - [INFO] - [LOG]
2025-09-10 13:42:50 - [INFO] - [DEBUG] Hotspot file exists: 412 bytes
2025-09-10 13:42:50 - [INFO] - [LOG]
2025-09-10 13:42:50 - [INFO] - [DEBUG] XML file exists: 672 bytes
2025-09-10 13:42:50 - [INFO] - [LOG]
2025-09-10 13:42:50 - [INFO] - [DEBUG] Python path setup completed
2025-09-10 13:42:51 - [ERROR] - C:\Program Files\WindowsApps\PythonSoftwareFoundation.Python.3.11_3.11.2544.0_x64__qbz5n2kfra8p0\Lib\pickle.py:1718: UserWarning: [13:42:51] WARNING: C:\actions-runner\_work\xgboost\xgboost\src\data\../common/error_msg.h:82: If you are loading a serialized model (like pickle in Python, RDS in R) or
2025-09-10 13:42:51 - [ERROR] - configuration generated by an older version of XGBoost, please export the model by calling
2025-09-10 13:42:51 - [ERROR] - `Booster.save_model` from that version first, then load it back in current version. See:
2025-09-10 13:42:51 - [ERROR] - 
2025-09-10 13:42:51 - [ERROR] - https://xgboost.readthedocs.io/en/stable/tutorials/saving_model.html
2025-09-10 13:42:51 - [ERROR] - 
2025-09-10 13:42:51 - [ERROR] - for more details about differences between saving model and serializing.
2025-09-10 13:42:51 - [ERROR] - 
2025-09-10 13:42:51 - [ERROR] - setstate(state)
2025-09-10 13:42:51 - [ERROR] - F:\projek dosen\prototype riset\hotspot-analyzer\.venv\Lib\site-packages\sklearn\base.py:440: InconsistentVersionWarning: Trying to unpickle estimator StandardScaler from version 1.5.2 when using version 1.7.0. This might lead to breaking code or invalid results. Use at your own risk. For more info please refer to:
2025-09-10 13:42:51 - [ERROR] - https://scikit-learn.org/stable/model_persistence.html#security-maintainability-limitations
2025-09-10 13:42:51 - [ERROR] - warnings.warn(
2025-09-10 13:42:51 - [INFO] - No valid config parameter, using defaults: {'minimumROIDimensions': 2, 'minimumROISize': None, 'normalize': False, 'normalizeScale': 1, 'removeOutliers': None, 'resampledPixelSpacing': None, 'interpolator': 'sitkBSpline', 'preCrop': False, 'padDistance': 5, 'distances': [1], 'force2D': False, 'force2Ddimension': 0, 'resegmentRange': None, 'label': 1, 'additionalInfo': True}
2025-09-10 13:42:51 - [INFO] - Enabled image types: {'Original': {}}
2025-09-10 13:42:51 - [INFO] - Enabled features: {'firstorder': [], 'glcm': [], 'gldm': [], 'glrlm': [], 'glszm': [], 'ngtdm': [], 'shape': []}
2025-09-10 13:42:51 - [INFO] - [LOG]
2025-09-10 13:42:51 - [INFO] - [DEBUG] Module imported successfully
2025-09-10 13:42:51 - [INFO] - [LOG]
2025-09-10 13:42:51 - [INFO] - [DEBUG] Model paths updated
2025-09-10 13:42:51 - [INFO] - [LOG]
2025-09-10 13:42:51 - [INFO] - [DEBUG] Models loaded successfully
2025-09-10 13:42:51 - [INFO] - [LOG]
2025-09-10 13:42:51 - [INFO] - [DEBUG] Loaded 1 bounding boxes from XML
2025-09-10 13:42:51 - [INFO] - [LOG]
2025-09-10 13:42:51 - [INFO] - [DEBUG] Bbox 0: {'label': 'Normal', 'bbox': [116, 343, 142, 364], 'xmin': 116, 'ymin': 343, 'xmax': 142, 'ymax': 364}
2025-09-10 13:42:51 - [INFO] - [LOG]
2025-09-10 13:42:51 - [INFO] - [DEBUG] Image loading test:
2025-09-10 13:42:51 - [INFO] - [LOG]
2025-09-10 13:42:51 - [INFO] - Raw: (1024, 256, 1)
2025-09-10 13:42:51 - [INFO] - [LOG]
2025-09-10 13:42:51 - [INFO] - Segment: (1024, 256, 3) (colored: True)
2025-09-10 13:42:51 - [INFO] - [LOG]
2025-09-10 13:42:51 - [INFO] - Hotspot: (1024, 256, 1)
2025-09-10 13:42:51 - [INFO] - [LOG]
2025-09-10 13:42:51 - [INFO] - [DEBUG] Starting inference_classification with automatic colored-to-grayscale conversion...
2025-09-10 13:42:51 - [INFO] - [LOG]
2025-09-10 13:42:51 - [INFO] - [DEBUG] Conversion will create: 0001077172_20250807_anterior_colored_grayscaledSegmentation.png if needed
2025-09-10 13:42:51 - [INFO] - [INFERENCE DEBUG] Starting inference with automatic conversion
2025-09-10 13:42:51 - [INFO] - [INFERENCE DEBUG] Input paths:
2025-09-10 13:42:51 - [INFO] - Raw: 0001077172_20250807_anterior_original.png
2025-09-10 13:42:51 - [INFO] - Segment: 0001077172_20250807_anterior_colored.png
2025-09-10 13:42:51 - [INFO] - Hotspot: 0001077172_20250807_ant_hotspot_mask.png
2025-09-10 13:42:51 - [INFO] - XML: 1
2025-09-10 13:42:51 - [INFO] - [DEBUG] Checking segmentation: 0001077172_20250807_anterior_colored.png
2025-09-10 13:42:51 - [INFO] - [DEBUG] Detected colored segmentation, converting to grayscale...
2025-09-10 13:42:51 - [INFO] - [DEBUG] Converting colored to grayscale and saving...
2025-09-10 13:42:51 - [DEBUG] - STREAM b'IHDR' 16 13
2025-09-10 13:42:51 - [DEBUG] - STREAM b'IDAT' 41 5181
2025-09-10 13:42:51 - [INFO] - [DEBUG] Saved grayscale segmentation: 0001077172_20250807_anterior_colored_grayscaledSegmentation.png
2025-09-10 13:42:51 - [INFO] - [INFERENCE DEBUG] Using segmentation: 0001077172_20250807_anterior_colored_grayscaledSegmentation.png
2025-09-10 13:42:51 - [INFO] - [INFERENCE DEBUG] Images loaded:
2025-09-10 13:42:51 - [INFO] - Raw: (1024, 256)
2025-09-10 13:42:51 - [INFO] - Segment: (1024, 256)
2025-09-10 13:42:51 - [INFO] - Hotspot: (1024, 256)
2025-09-10 13:42:51 - [INFO] - [INFERENCE DEBUG] Loaded 1 bounding boxes
2025-09-10 13:42:51 - [INFO] - [INFERENCE DEBUG] Processing bbox 0: {'label': 'Normal', 'bbox': [116, 343, 142, 364], 'xmin': 116, 'ymin': 343, 'xmax': 142, 'ymax': 364}
2025-09-10 13:42:51 - [INFO] - [SEGMENT MAPPING] ID 0 → background
2025-09-10 13:42:51 - [INFO] - [INFERENCE DEBUG] Feature extraction failed for bbox 0
2025-09-10 13:42:51 - [INFO] - [INFERENCE DEBUG] No valid features extracted
2025-09-10 13:42:51 - [INFO] - [LOG]
2025-09-10 13:42:51 - [INFO] - [DEBUG] Classification completed
2025-09-10 13:42:51 - [INFO] - [LOG]
2025-09-10 13:42:51 - [INFO] - [DEBUG] Result list length: 0
2025-09-10 13:42:51 - [INFO] - [LOG]
2025-09-10 13:42:51 - [INFO] - [DEBUG] Result mask shape: None
2025-09-10 13:42:51 - [INFO] - [LOG]
2025-09-10 13:42:51 - [INFO] - Anterior classification failed
2025-09-10 13:42:51 - [INFO] - [LOG]
2025-09-10 13:42:51 - [INFO] - Processing posterior view with grayscale conversion...
2025-09-10 13:42:51 - [INFO] - [LOG]
2025-09-10 13:42:51 - [INFO] - Found raw_original: 0001077172_20250807_posterior_original.png
2025-09-10 13:42:51 - [INFO] - [LOG]
2025-09-10 13:42:51 - [INFO] - Found region_mask: 0001077172_20250807_posterior_colored.png
2025-09-10 13:42:51 - [INFO] - [LOG]
2025-09-10 13:42:51 - [INFO] - Found xml_file: 0001077172_20250807_post.xml
2025-09-10 13:42:51 - [INFO] - [LOG]
2025-09-10 13:42:51 - [INFO] - Missing files for posterior: hotspot_mask (0001077172_20250807_post_hotspot_mask.png)
2025-09-10 13:42:51 - [INFO] - [LOG]
2025-09-10 13:42:51 - [INFO] - Classification failed for all views
2025-09-10 13:42:51 - [INFO] - [CLASSIFICATION] Classification failed
2025-09-10 13:42:51 - [INFO] - [LOG]
2025-09-10 13:42:51 - [INFO] - Cleaned up temp directory
2025-09-10 13:42:51 - [INFO] - [LOG]
2025-09-10 13:42:51 - [INFO] - Classification completed - no classifications generated
2025-09-10 13:42:51 - [INFO] - [LOG]
2025-09-10 13:42:51 - [INFO] - >> Running BSI quantification with classification masks...
2025-09-10 13:42:51 - [INFO] - [SESSION] Found session code from config: WKW
2025-09-10 13:42:51 - [INFO] - [PROCESSING] Running V1.2 quantification for patient 0001077172 in session WKW
2025-09-10 13:42:51 - [INFO] - [LOG]
2025-09-10 13:42:51 - [INFO] - Starting V1.2 BSI quantification for patient 0001077172
2025-09-10 13:42:51 - [INFO] - [LOG]
2025-09-10 13:42:51 - [INFO] - New workflow: Color-based segmentation + Single/Dual view processing
2025-09-10 13:42:51 - [INFO] - 
2025-09-10 13:42:51 - [INFO] - 🔧 [DEBUG WRAPPER GANTENG] ===================
2025-09-10 13:42:51 - [INFO] - 🔧 [DEBUG WRAPPER] Getting quantification input paths:
2025-09-10 13:42:51 - [INFO] - 🔧 [DEBUG WRAPPER]   Patient folder: F:\projek dosen\prototype riset\hotspot-analyzer\data\PLANAR\WKW\0001077172\20250807
2025-09-10 13:42:51 - [INFO] - 🔧 [DEBUG WRAPPER]   Filename stem: 0001077172_20250807
2025-09-10 13:42:51 - [INFO] - 🔧 [DEBUG WRAPPER]   Folder exists: True
2025-09-10 13:42:51 - [INFO] - 🔧 [DEBUG WRAPPER] Classification files:
2025-09-10 13:42:51 - [INFO] - 🔧 [DEBUG WRAPPER]   Anterior mask: False
2025-09-10 13:42:51 - [INFO] - 🔧 [DEBUG WRAPPER]   Posterior mask: False
2025-09-10 13:42:51 - [INFO] - 🔧 [DEBUG WRAPPER] Segmentation files:
2025-09-10 13:42:51 - [INFO] - 🔧 [DEBUG WRAPPER]   Anterior seg: True
2025-09-10 13:42:51 - [INFO] - 🔧 [DEBUG WRAPPER]   Posterior seg: True
2025-09-10 13:42:51 - [INFO] - [DEBUG QUANT FILES] Getting quantification files for: F:\projek dosen\prototype riset\hotspot-analyzer\data\PLANAR\WKW\0001077172\20250807
2025-09-10 13:42:51 - [INFO] - [DEBUG QUANT FILES] Detected study_date folder: F:\projek dosen\prototype riset\hotspot-analyzer\data\PLANAR\WKW\0001077172\20250807
2025-09-10 13:42:51 - [INFO] - [DEBUG QUANT FILES] Generated paths:
2025-09-10 13:42:51 - [INFO] - [DEBUG QUANT FILES]   bsi_json_ant: F:\projek dosen\prototype riset\hotspot-analyzer\data\PLANAR\WKW\0001077172\20250807\bsi_quantification_ant.json (exists: False)
2025-09-10 13:42:51 - [INFO] - [DEBUG QUANT FILES]   bsi_json_post: F:\projek dosen\prototype riset\hotspot-analyzer\data\PLANAR\WKW\0001077172\20250807\bsi_quantification_post.json (exists: False)
2025-09-10 13:42:51 - [INFO] - 🔧 [DEBUG WRAPPER] Final paths:
2025-09-10 13:42:51 - [INFO] - 🔧 [DEBUG WRAPPER]   segmentation_anterior: F:\projek dosen\prototype riset\hotspot-analyzer\data\PLANAR\WKW\0001077172\20250807\ant_segm.png (exists: True)
2025-09-10 13:42:51 - [INFO] - 🔧 [DEBUG WRAPPER]   segmentation_posterior: F:\projek dosen\prototype riset\hotspot-analyzer\data\PLANAR\WKW\0001077172\20250807\post_segm.png (exists: True)
2025-09-10 13:42:51 - [INFO] - 🔧 [DEBUG WRAPPER]   hotspot_anterior: F:\projek dosen\prototype riset\hotspot-analyzer\data\PLANAR\WKW\0001077172\20250807\ant_hotspot_classification.png (exists: False)
2025-09-10 13:42:51 - [INFO] - 🔧 [DEBUG WRAPPER]   hotspot_posterior: F:\projek dosen\prototype riset\hotspot-analyzer\data\PLANAR\WKW\0001077172\20250807\post_hotspot_classification.png (exists: False)
2025-09-10 13:42:51 - [INFO] - 🔧 [DEBUG WRAPPER]   output_anterior: F:\projek dosen\prototype riset\hotspot-analyzer\data\PLANAR\WKW\0001077172\20250807\bsi_quantification_ant.json (exists: False)
2025-09-10 13:42:51 - [INFO] - 🔧 [DEBUG WRAPPER]   output_posterior: F:\projek dosen\prototype riset\hotspot-analyzer\data\PLANAR\WKW\0001077172\20250807\bsi_quantification_post.json (exists: False)
2025-09-10 13:42:51 - [INFO] - [LOG]
2025-09-10 13:42:51 - [INFO] - Cannot proceed with V1.2 quantification. Missing files: hotspot_anterior (ant_hotspot_classification.png), hotspot_posterior (post_hotspot_classification.png)
2025-09-10 13:42:51 - [INFO] - [LOG]
2025-09-10 13:42:51 - [INFO] - Need at least ONE complete pair (anterior OR posterior segmentation + classification)
2025-09-10 13:42:51 - [INFO] - [PROCESSING]  V1.2 quantification failed for 0001077172
2025-09-10 13:42:51 - [INFO] - [LOG]
2025-09-10 13:42:51 - [INFO] - BSI quantification failed - missing required files
2025-09-10 13:42:51 - [INFO] - [LOG]
2025-09-10 13:42:51 - [INFO] - >> Cloud storage disabled - skipping upload
2025-09-10 13:42:51 - [INFO] - [LOG]
2025-09-10 13:42:51 - [INFO] - DICOM processing completed - ORIGINAL DICOM UNTOUCHED
2025-09-10 13:42:51 - [INFO] - [LOG]
2025-09-10 13:42:51 - [INFO] - Files saved locally: 6 PNG output files
2025-09-10 13:42:51 - [INFO] - [LOG]
2025-09-10 13:42:51 - [INFO] - Views processed: ['Anterior', 'Posterior']
2025-09-10 13:42:51 - [INFO] - [LOG]
2025-09-10 13:42:51 - [INFO] - ORIGINAL DICOM: ANT001_DS.dcm (NO MODIFICATION)
2025-09-10 13:42:51 - [INFO] - [LOG]
2025-09-10 13:42:51 - [INFO] - ## File 1/1 completed successfully - ORIGINAL DICOM PRESERVED
2025-09-10 13:42:51 - [INFO] - [LOG]
2025-09-10 13:42:51 - [INFO] - ## Batch import process completed
2025-09-10 13:42:51 - [INFO] - [LOG]
2025-09-10 13:42:51 - [INFO] - ##   DICOM PROTECTION: All original DICOM files preserved without modification
2025-09-10 13:42:51 - [INFO] - [LOG]
2025-09-10 13:42:51 - [INFO] - ##   OUTPUT GENERATION: PNG/XML analysis files created successfully
2025-09-10 13:42:51 - [INFO] - [LOG]
2025-09-10 13:42:51 - [INFO] - ##   CLOUD UPLOAD: Original PNG files uploaded to cloud storage
2025-09-10 13:42:51 - [INFO] - [LOG]
2025-09-10 13:42:51 - [INFO] - ## All files use study date naming convention with proper view names.
2025-09-10 13:42:51 - [INFO] - 🎉 Enhanced import workflow completed!
2025-09-10 13:42:51 - [INFO] - All files processed with proper Anterior/Posterior naming
2025-09-10 13:42:51 - [INFO] -   Successfully processed: All 1 auto-tagged files
2025-09-10 13:42:51 - [INFO] - Rescanning folder...
2025-09-10 13:42:51 - [INFO] - [DEBUG] Files imported signal received, rescanning folder...
2025-09-10 13:42:51 - [INFO] - [DEBUG] Starting folder scan for session: WKW
2025-09-10 13:42:51 - [INFO] - [DEBUG] item activated →  @ index -1
2025-09-10 13:42:51 - [INFO] - Ditemukan 25 file DICOM di 'F:\projek dosen\prototype riset\hotspot-analyzer\data\PLANAR'
2025-09-10 13:42:51 - [INFO] - Ditemukan 5 session, 13 pasien (total 25 file DICOM).
2025-09-10 13:42:51 - [INFO] - ALL: 1 pasien, 1 file
2025-09-10 13:42:51 - [INFO] - ATL: 4 pasien, 4 file
2025-09-10 13:42:51 - [INFO] - NBL: 1 pasien, 5 file
2025-09-10 13:42:51 - [INFO] - NSY: 4 pasien, 8 file
2025-09-10 13:42:51 - [INFO] - WKW: 3 pasien, 7 file
2025-09-10 13:42:51 - [INFO] - [DEBUG] Found 5 total sessions: ['ALL', 'ATL', 'NBL', 'NSY', 'WKW']
2025-09-10 13:42:51 - [INFO] - [DEBUG] Filtered to session WKW: 3 patients
2025-09-10 13:42:51 - [INFO] - [DEBUG] Added 3 patients to combo box for session WKW
2025-09-10 13:42:51 - [INFO] - [DEBUG] display_timeline called with 0 scan(s), focusing on index = -1
2025-09-10 13:42:51 - [INFO] - [DEBUG] Rebuilding timeline for active scan index: -1
2025-09-10 13:42:51 - [INFO] - [BSI SIDE PANEL] Clearing data...
2025-09-10 13:42:51 - [INFO] - [DEBUG] Folder scan completed
2025-09-10 13:42:53 - [INFO] - [DEBUG] Import dialog accepted
2025-09-10 13:42:57 - [INFO] - [DEBUG] item activated → ID: 0001077172 (WKW) @ index 0
2025-09-10 13:42:57 - [INFO] - [DEBUG] item activated → ID: 0001077172 (WKW)
2025-09-10 13:42:57 - [INFO] - 
2025-09-10 13:42:57 - [INFO] - [DEBUG SELECT GANTENG] ===================
2025-09-10 13:42:57 - [INFO] - [DEBUG SELECT] Patient selected: ID: 0001077172 (WKW)
2025-09-10 13:42:57 - [INFO] - [DEBUG SELECT] Parsed - Patient: 0001077172, Session: WKW
2025-09-10 13:42:57 - [INFO] - [DEBUG SELECT] Patient path from paths.py: F:\projek dosen\prototype riset\hotspot-analyzer\data\PLANAR\WKW\0001077172
2025-09-10 13:42:57 - [INFO] - [DEBUG SELECT] Patient path exists: True
2025-09-10 13:42:57 - [INFO] - [DEBUG SELECT] Patient path contents:
2025-09-10 13:42:57 - [INFO] - [DEBUG SELECT]   - 20250807 (DIR)
2025-09-10 13:42:57 - [INFO] - 
2025-09-10 13:42:57 - [INFO] - [DEBUG PATHS GANTENG] ===================
2025-09-10 13:42:57 - [INFO] - [DEBUG PATHS] Patient folder: F:\projek dosen\prototype riset\hotspot-analyzer\data\PLANAR\WKW\0001077172
2025-09-10 13:42:57 - [INFO] - [DEBUG PATHS] Patient ID: 0001077172
2025-09-10 13:42:57 - [INFO] - [DEBUG PATHS] Folder exists: True
2025-09-10 13:42:57 - [INFO] - [DEBUG PATHS] Folder structure:
2025-09-10 13:42:57 - [INFO] - [DEBUG PATHS]   DIR:  20250807/
2025-09-10 13:42:57 - [INFO] - [DEBUG PATHS]     Study date folder contents:
2025-09-10 13:42:57 - [INFO] - [DEBUG PATHS]       FILE: ANT001_DS.dcm (1054356 bytes)
2025-09-10 13:42:57 - [INFO] - [DEBUG PATHS]       FILE: ant_hotspot_otsu_colored.png (964 bytes)
2025-09-10 13:42:57 - [INFO] - [DEBUG PATHS]       FILE: ant_hotspot_otsu_colored_blend.png (111400 bytes)
2025-09-10 13:42:57 - [INFO] - [DEBUG PATHS]       FILE: ant_hotspot_otsu_grayscale.png (412 bytes)
2025-09-10 13:42:57 - [INFO] - [DEBUG PATHS]       FILE: ant_hotspot_yolo.xml (672 bytes)
2025-09-10 13:42:57 - [INFO] - [DEBUG PATHS]       FILE: ant_mask.png (2751 bytes)
2025-09-10 13:42:57 - [INFO] - [DEBUG PATHS]       FILE: ant_original.png (83942 bytes)
2025-09-10 13:42:57 - [INFO] - [DEBUG PATHS]       FILE: ant_segm.png (5238 bytes)
2025-09-10 13:42:57 - [INFO] - [DEBUG PATHS]       FILE: post_hotspot_yolo.xml (356 bytes)
2025-09-10 13:42:57 - [INFO] - [DEBUG PATHS]       FILE: post_mask.png (7098 bytes)
2025-09-10 13:42:57 - [INFO] - [DEBUG PATHS]       FILE: post_original.png (88926 bytes)
2025-09-10 13:42:57 - [INFO] - [DEBUG PATHS]       FILE: post_segm.png (13784 bytes)
2025-09-10 13:42:57 - [INFO] - [DEBUG QUANT FILES] Getting quantification files for: F:\projek dosen\prototype riset\hotspot-analyzer\data\PLANAR\WKW\0001077172
2025-09-10 13:42:57 - [INFO] - [DEBUG QUANT FILES] Using latest study_date folder: F:\projek dosen\prototype riset\hotspot-analyzer\data\PLANAR\WKW\0001077172\20250807
2025-09-10 13:42:57 - [INFO] - [DEBUG QUANT FILES] Generated paths:
2025-09-10 13:42:57 - [INFO] - [DEBUG QUANT FILES]   bsi_json_ant: F:\projek dosen\prototype riset\hotspot-analyzer\data\PLANAR\WKW\0001077172\20250807\bsi_quantification_ant.json (exists: False)
2025-09-10 13:42:57 - [INFO] - [DEBUG QUANT FILES]   bsi_json_post: F:\projek dosen\prototype riset\hotspot-analyzer\data\PLANAR\WKW\0001077172\20250807\bsi_quantification_post.json (exists: False)
2025-09-10 13:42:57 - [INFO] - [DEBUG PATHS] New quantification paths:
2025-09-10 13:42:57 - [INFO] - [DEBUG PATHS]   bsi_json_ant: F:\projek dosen\prototype riset\hotspot-analyzer\data\PLANAR\WKW\0001077172\20250807\bsi_quantification_ant.json (exists: False, size: 0 bytes)
2025-09-10 13:42:57 - [INFO] - [DEBUG PATHS]   bsi_json_post: F:\projek dosen\prototype riset\hotspot-analyzer\data\PLANAR\WKW\0001077172\20250807\bsi_quantification_post.json (exists: False, size: 0 bytes)
2025-09-10 13:42:57 - [INFO] - [DEBUG PATHS] Old pattern search:
2025-09-10 13:42:57 - [INFO] - [DEBUG PATHS]   Old anterior: []
2025-09-10 13:42:57 - [INFO] - [DEBUG PATHS]   Old posterior: []
2025-09-10 13:42:57 - [INFO] - [DEBUG SELECT] Found DICOM files: 1
2025-09-10 13:42:57 - [INFO] - [DEBUG SELECT]   DICOM: F:\projek dosen\prototype riset\hotspot-analyzer\data\PLANAR\WKW\0001077172\20250807\ANT001_DS.dcm
2025-09-10 13:42:57 - [INFO] - [DEBUG SELECT]   DICOM folder: F:\projek dosen\prototype riset\hotspot-analyzer\data\PLANAR\WKW\0001077172\20250807
2025-09-10 13:42:57 - [INFO] - [DEBUG QUANT FILES] Getting quantification files for: F:\projek dosen\prototype riset\hotspot-analyzer\data\PLANAR\WKW\0001077172\20250807
2025-09-10 13:42:57 - [INFO] - [DEBUG QUANT FILES] Detected study_date folder: F:\projek dosen\prototype riset\hotspot-analyzer\data\PLANAR\WKW\0001077172\20250807
2025-09-10 13:42:57 - [INFO] - [DEBUG QUANT FILES] Generated paths:
2025-09-10 13:42:57 - [INFO] - [DEBUG QUANT FILES]   bsi_json_ant: F:\projek dosen\prototype riset\hotspot-analyzer\data\PLANAR\WKW\0001077172\20250807\bsi_quantification_ant.json (exists: False)
2025-09-10 13:42:57 - [INFO] - [DEBUG QUANT FILES]   bsi_json_post: F:\projek dosen\prototype riset\hotspot-analyzer\data\PLANAR\WKW\0001077172\20250807\bsi_quantification_post.json (exists: False)
2025-09-10 13:42:57 - [INFO] - [DEBUG SELECT]   BSI files near DICOM:
2025-09-10 13:42:57 - [INFO] - [DEBUG SELECT]     Anterior: False
2025-09-10 13:42:57 - [INFO] - [DEBUG SELECT]     Posterior: False
2025-09-10 13:42:57 - [INFO] - [DEBUG] Loading patient: 0001077172 from session: WKW
2025-09-10 13:42:57 - [INFO] - [CACHE DEBUG] Cache key: 0001077172_WKW
2025-09-10 13:42:57 - [INFO] - [CACHE DEBUG] Existing cache keys: ['5001_WKW', '5002_WKW']
2025-09-10 13:42:57 - [INFO] - [DEBUG] Loading scans for 0001077172_WKW from disk...
2025-09-10 13:42:57 - [INFO] - [DEBUG] Found 1 DICOM files for patient 0001077172
2025-09-10 13:42:57 - [INFO] - [DEBUG] Enriched scan data for: ANT001_DS.dcm
2025-09-10 13:42:57 - [INFO] - [DEBUG] Scan files for 0001077172_20250807:
2025-09-10 13:42:57 - [INFO] - [DEBUG] Available files: None
2025-09-10 13:42:57 - [INFO] - [DEBUG] Available PNG files for 0001077172_20250807: None
2025-09-10 13:42:57 - [INFO] - [DEBUG] Saving 1 scans to cache for 0001077172_WKW
2025-09-10 13:42:57 - [INFO] - [DEBUG] Layers changed to: []
2025-09-10 13:42:57 - [INFO] - [SMART UPDATE] Scan changed: 0 -> -1
2025-09-10 13:42:57 - [INFO] - [DEBUG] Timeline active layers set to: []
2025-09-10 13:42:57 - [INFO] - [SMART UPDATE] Full rebuild required for change type: scan
2025-09-10 13:42:57 - [INFO] - [DEBUG] Rebuilding timeline for active scan index: -1
2025-09-10 13:42:57 - [INFO] - [SMART UPDATE] State updated - Type: scan
2025-09-10 13:42:57 - [INFO] - [EDIT BUTTONS] Has scan: False, Has seg data: False, Can edit hotspot: False
2025-09-10 13:42:57 - [INFO] - [EDIT BUTTONS] Seg button enabled: False, Hotspot button enabled: False
2025-09-10 13:42:57 - [INFO] - [SMART UPDATE] Change type: none
2025-09-10 13:42:57 - [INFO] - [DEBUG] Timeline active layers set to: []
2025-09-10 13:42:57 - [INFO] - [SMART UPDATE] No changes detected, skipping update
2025-09-10 13:42:57 - [INFO] - [DEBUG] Set Image opacity to 1.00
2025-09-10 13:42:57 - [INFO] - [SMART UPDATE] Change type: none
2025-09-10 13:42:57 - [INFO] - [SMART UPDATE] Using full rebuild for opacity change
2025-09-10 13:42:57 - [INFO] - [DEBUG] Rebuilding timeline for active scan index: -1
2025-09-10 13:42:57 - [INFO] - [SMART UPDATE] State updated - Type: rebuild
2025-09-10 13:42:57 - [INFO] - [DEBUG] Set Segmentation opacity to 0.35
2025-09-10 13:42:57 - [INFO] - [SMART UPDATE] Change type: none
2025-09-10 13:42:57 - [INFO] - [SMART UPDATE] Using full rebuild for opacity change
2025-09-10 13:42:57 - [INFO] - [DEBUG] Rebuilding timeline for active scan index: -1
2025-09-10 13:42:57 - [INFO] - [SMART UPDATE] State updated - Type: rebuild
2025-09-10 13:42:57 - [INFO] - [DEBUG] Set Hotspot opacity to 0.50
2025-09-10 13:42:57 - [INFO] - [SMART UPDATE] Change type: none
2025-09-10 13:42:57 - [INFO] - [SMART UPDATE] Using full rebuild for opacity change
2025-09-10 13:42:57 - [INFO] - [DEBUG] Rebuilding timeline for active scan index: -1
2025-09-10 13:42:57 - [INFO] - [SMART UPDATE] State updated - Type: rebuild
2025-09-10 13:42:57 - [INFO] - [DEBUG] Set HotspotBBox opacity to 1.00
2025-09-10 13:42:57 - [INFO] - [SMART UPDATE] Change type: none
2025-09-10 13:42:57 - [INFO] - [SMART UPDATE] Using full rebuild for opacity change
2025-09-10 13:42:57 - [INFO] - [DEBUG] Rebuilding timeline for active scan index: -1
2025-09-10 13:42:57 - [INFO] - [SMART UPDATE] State updated - Type: rebuild
2025-09-10 13:42:57 - [INFO] - [DEBUG] Setting default layers: 'Image' checkbox should now be ON.
2025-09-10 13:42:57 - [INFO] - [DEBUG] Active layers: ['Image']
2025-09-10 13:42:57 - [INFO] - [DEBUG] Layers changed to: ['Image']
2025-09-10 13:42:57 - [INFO] - [SMART UPDATE] Change type: layers
2025-09-10 13:42:57 - [INFO] - [SMART UPDATE] Layers added: ['Image']
2025-09-10 13:42:57 - [INFO] - [DEBUG] Timeline active layers set to: ['Image']
2025-09-10 13:42:57 - [INFO] - [SMART UPDATE] Full rebuild required for change type: layers
2025-09-10 13:42:57 - [INFO] - [DEBUG] Rebuilding timeline for active scan index: -1
2025-09-10 13:42:57 - [INFO] - [SMART UPDATE] State updated - Type: layers
2025-09-10 13:42:57 - [INFO] - [EDIT BUTTONS] Has scan: False, Has seg data: False, Can edit hotspot: False
2025-09-10 13:42:57 - [INFO] - [EDIT BUTTONS] Seg button enabled: False, Hotspot button enabled: False
2025-09-10 13:42:57 - [INFO] - [DEBUG] All data loaded. Total scans: 1
2025-09-10 13:42:57 - [INFO] - [DEBUG] Layers changed to: []
2025-09-10 13:42:57 - [INFO] - [SMART UPDATE] Change type: layers
2025-09-10 13:42:57 - [INFO] - [SMART UPDATE] Layers removed: ['Image']
2025-09-10 13:42:57 - [INFO] - [DEBUG] Timeline active layers set to: []
2025-09-10 13:42:57 - [INFO] - [SMART UPDATE] Full rebuild required for change type: layers
2025-09-10 13:42:57 - [INFO] - [DEBUG] Rebuilding timeline for active scan index: -1
2025-09-10 13:42:57 - [INFO] - [SMART UPDATE] State updated - Type: layers
2025-09-10 13:42:57 - [INFO] - [EDIT BUTTONS] Has scan: False, Has seg data: False, Can edit hotspot: False
2025-09-10 13:42:57 - [INFO] - [EDIT BUTTONS] Seg button enabled: False, Hotspot button enabled: False
2025-09-10 13:42:57 - [INFO] - [SMART UPDATE] Change type: none
2025-09-10 13:42:57 - [INFO] - [DEBUG] Timeline active layers set to: []
2025-09-10 13:42:57 - [INFO] - [SMART UPDATE] No changes detected, skipping update
2025-09-10 13:42:57 - [INFO] - [DEBUG] Set Image opacity to 1.00
2025-09-10 13:42:57 - [INFO] - [SMART UPDATE] Change type: none
2025-09-10 13:42:57 - [INFO] - [SMART UPDATE] Using full rebuild for opacity change
2025-09-10 13:42:57 - [INFO] - [DEBUG] Rebuilding timeline for active scan index: -1
2025-09-10 13:42:57 - [INFO] - [SMART UPDATE] State updated - Type: rebuild
2025-09-10 13:42:57 - [INFO] - [DEBUG] Set Segmentation opacity to 0.35
2025-09-10 13:42:57 - [INFO] - [SMART UPDATE] Change type: none
2025-09-10 13:42:57 - [INFO] - [SMART UPDATE] Using full rebuild for opacity change
2025-09-10 13:42:57 - [INFO] - [DEBUG] Rebuilding timeline for active scan index: -1
2025-09-10 13:42:57 - [INFO] - [SMART UPDATE] State updated - Type: rebuild
2025-09-10 13:42:57 - [INFO] - [DEBUG] Set Hotspot opacity to 0.50
2025-09-10 13:42:57 - [INFO] - [SMART UPDATE] Change type: none
2025-09-10 13:42:57 - [INFO] - [SMART UPDATE] Using full rebuild for opacity change
2025-09-10 13:42:57 - [INFO] - [DEBUG] Rebuilding timeline for active scan index: -1
2025-09-10 13:42:57 - [INFO] - [SMART UPDATE] State updated - Type: rebuild
2025-09-10 13:42:57 - [INFO] - [DEBUG] Set HotspotBBox opacity to 1.00
2025-09-10 13:42:57 - [INFO] - [SMART UPDATE] Change type: none
2025-09-10 13:42:57 - [INFO] - [SMART UPDATE] Using full rebuild for opacity change
2025-09-10 13:42:57 - [INFO] - [DEBUG] Rebuilding timeline for active scan index: -1
2025-09-10 13:42:57 - [INFO] - [SMART UPDATE] State updated - Type: rebuild
2025-09-10 13:42:57 - [INFO] - [DEBUG] Setting default layers: 'Image' checkbox should now be ON.
2025-09-10 13:42:57 - [INFO] - [DEBUG] Active layers: ['Image']
2025-09-10 13:42:57 - [INFO] - [DEBUG] Layers changed to: ['Image']
2025-09-10 13:42:57 - [INFO] - [SMART UPDATE] Change type: layers
2025-09-10 13:42:57 - [INFO] - [SMART UPDATE] Layers added: ['Image']
2025-09-10 13:42:57 - [INFO] - [DEBUG] Timeline active layers set to: ['Image']
2025-09-10 13:42:57 - [INFO] - [SMART UPDATE] Full rebuild required for change type: layers
2025-09-10 13:42:57 - [INFO] - [DEBUG] Rebuilding timeline for active scan index: -1
2025-09-10 13:42:57 - [INFO] - [SMART UPDATE] State updated - Type: layers
2025-09-10 13:42:57 - [INFO] - [EDIT BUTTONS] Has scan: False, Has seg data: False, Can edit hotspot: False
2025-09-10 13:42:57 - [INFO] - [EDIT BUTTONS] Seg button enabled: False, Hotspot button enabled: False
2025-09-10 13:42:57 - [INFO] - [SMART UPDATE] Change type: none
2025-09-10 13:42:57 - [INFO] - [DEBUG] Timeline active layers set to: ['Image']
2025-09-10 13:42:57 - [INFO] - [SMART UPDATE] No changes detected, skipping update
2025-09-10 13:42:57 - [INFO] - [DEBUG] Set Image opacity to 1.00
2025-09-10 13:42:57 - [INFO] - [SMART UPDATE] Change type: none
2025-09-10 13:42:57 - [INFO] - [SMART UPDATE] Using full rebuild for opacity change
2025-09-10 13:42:57 - [INFO] - [DEBUG] Rebuilding timeline for active scan index: -1
2025-09-10 13:42:57 - [INFO] - [SMART UPDATE] State updated - Type: rebuild
2025-09-10 13:42:57 - [INFO] - [DEBUG] Set Segmentation opacity to 0.40
2025-09-10 13:42:57 - [INFO] - [SMART UPDATE] Change type: none
2025-09-10 13:42:57 - [INFO] - [SMART UPDATE] Using full rebuild for opacity change
2025-09-10 13:42:57 - [INFO] - [DEBUG] Rebuilding timeline for active scan index: -1
2025-09-10 13:42:57 - [INFO] - [SMART UPDATE] State updated - Type: rebuild
2025-09-10 13:42:57 - [INFO] - [DEBUG] Set Hotspot opacity to 0.50
2025-09-10 13:42:57 - [INFO] - [SMART UPDATE] Change type: none
2025-09-10 13:42:57 - [INFO] - [SMART UPDATE] Using full rebuild for opacity change
2025-09-10 13:42:57 - [INFO] - [DEBUG] Rebuilding timeline for active scan index: -1
2025-09-10 13:42:57 - [INFO] - [SMART UPDATE] State updated - Type: rebuild
2025-09-10 13:42:57 - [INFO] - [DEBUG] Set HotspotBBox opacity to 1.00
2025-09-10 13:42:57 - [INFO] - [SMART UPDATE] Change type: none
2025-09-10 13:42:57 - [INFO] - [SMART UPDATE] Using full rebuild for opacity change
2025-09-10 13:42:57 - [INFO] - [DEBUG] Rebuilding timeline for active scan index: -1
2025-09-10 13:42:57 - [INFO] - [SMART UPDATE] State updated - Type: rebuild
2025-09-10 13:42:57 - [INFO] - [MainWindow] Updating timeline with 1 scans
2025-09-10 13:42:57 - [INFO] - [BSI META INTEGRATION] Updating scan meta with BSI data
2025-09-10 13:42:57 - [INFO] - [BSI META INTEGRATION] Session code: WKW
2025-09-10 13:42:57 - [INFO] - [BSI META INTEGRATION] Scan path: F:\projek dosen\prototype riset\hotspot-analyzer\data\PLANAR\WKW\0001077172\20250807\ANT001_DS.dcm
2025-09-10 13:42:57 - [INFO] - [BSI EXTRACT INFO] Extracting from path: F:\projek dosen\prototype riset\hotspot-analyzer\data\PLANAR\WKW\0001077172\20250807\ANT001_DS.dcm
2025-09-10 13:42:57 - [INFO] - [BSI EXTRACT INFO] Extracted study_date from DICOM: 20250807
2025-09-10 13:42:57 - [INFO] - [BSI EXTRACT INFO] Extracted patient_id from study_date structure: 0001077172
2025-09-10 13:42:57 - [INFO] - [BSI EXTRACT INFO] Final result - Patient: 0001077172, Study: 20250807
2025-09-10 13:42:57 - [INFO] - [BSI META INTEGRATION] Extracted - Patient: 0001077172, Study: 20250807
2025-09-10 13:42:57 - [INFO] - [DEBUG QUANT FILES] Getting quantification files for: F:\projek dosen\prototype riset\hotspot-analyzer\data\PLANAR\WKW\0001077172\20250807
2025-09-10 13:42:57 - [INFO] - [DEBUG QUANT FILES] Detected study_date folder: F:\projek dosen\prototype riset\hotspot-analyzer\data\PLANAR\WKW\0001077172\20250807
2025-09-10 13:42:57 - [INFO] - [DEBUG QUANT FILES] Generated paths:
2025-09-10 13:42:57 - [INFO] - [DEBUG QUANT FILES]   bsi_json_ant: F:\projek dosen\prototype riset\hotspot-analyzer\data\PLANAR\WKW\0001077172\20250807\bsi_quantification_ant.json (exists: False)
2025-09-10 13:42:57 - [INFO] - [DEBUG QUANT FILES]   bsi_json_post: F:\projek dosen\prototype riset\hotspot-analyzer\data\PLANAR\WKW\0001077172\20250807\bsi_quantification_post.json (exists: False)
2025-09-10 13:42:57 - [INFO] - [BSI META INTEGRATION] No BSI files in study_date folder, trying patient folder: F:\projek dosen\prototype riset\hotspot-analyzer\data\PLANAR\WKW\0001077172
2025-09-10 13:42:57 - [INFO] - [DEBUG QUANT FILES] Getting quantification files for: F:\projek dosen\prototype riset\hotspot-analyzer\data\PLANAR\WKW\0001077172
2025-09-10 13:42:57 - [INFO] - [DEBUG QUANT FILES] Using latest study_date folder: F:\projek dosen\prototype riset\hotspot-analyzer\data\PLANAR\WKW\0001077172\20250807
2025-09-10 13:42:57 - [INFO] - [DEBUG QUANT FILES] Generated paths:
2025-09-10 13:42:57 - [INFO] - [DEBUG QUANT FILES]   bsi_json_ant: F:\projek dosen\prototype riset\hotspot-analyzer\data\PLANAR\WKW\0001077172\20250807\bsi_quantification_ant.json (exists: False)
2025-09-10 13:42:57 - [INFO] - [DEBUG QUANT FILES]   bsi_json_post: F:\projek dosen\prototype riset\hotspot-analyzer\data\PLANAR\WKW\0001077172\20250807\bsi_quantification_post.json (exists: False)
2025-09-10 13:42:57 - [INFO] - [BSI META INTEGRATION] Could not determine patient folder with BSI files
2025-09-10 13:42:57 - [INFO] - [MainWindow]   BSI integration completed for 1 scans
2025-09-10 13:42:57 - [INFO] - [MainWindow DEBUG] First scan meta keys: ['patient_id', 'patient_name', 'patient_birth_date', 'patient_sex', 'patient_weight', 'patient_size', 'patient_age', 'study_date', 'series_date', 'study_time', 'modality', 'series_description', 'study_instance_uid', 'series_instance_uid', 'has_bsi']
2025-09-10 13:42:57 - [INFO] - [MainWindow DEBUG] has_bsi: False
2025-09-10 13:42:57 - [INFO] - [DEBUG] display_timeline called with 1 scan(s), focusing on index = 0
2025-09-10 13:42:57 - [INFO] - [BSI META INTEGRATION] Updating scan meta with BSI data
2025-09-10 13:42:57 - [INFO] - [BSI META INTEGRATION] Session code: WKW
2025-09-10 13:42:57 - [INFO] - [BSI META INTEGRATION] Scan path: F:\projek dosen\prototype riset\hotspot-analyzer\data\PLANAR\WKW\0001077172\20250807\ANT001_DS.dcm
2025-09-10 13:42:57 - [INFO] - [BSI EXTRACT INFO] Extracting from path: F:\projek dosen\prototype riset\hotspot-analyzer\data\PLANAR\WKW\0001077172\20250807\ANT001_DS.dcm
2025-09-10 13:42:57 - [INFO] - [BSI EXTRACT INFO] Extracted study_date from DICOM: 20250807
2025-09-10 13:42:57 - [INFO] - [BSI EXTRACT INFO] Extracted patient_id from study_date structure: 0001077172
2025-09-10 13:42:57 - [INFO] - [BSI EXTRACT INFO] Final result - Patient: 0001077172, Study: 20250807
2025-09-10 13:42:57 - [INFO] - [BSI META INTEGRATION] Extracted - Patient: 0001077172, Study: 20250807
2025-09-10 13:42:57 - [INFO] - [DEBUG QUANT FILES] Getting quantification files for: F:\projek dosen\prototype riset\hotspot-analyzer\data\PLANAR\WKW\0001077172\20250807
2025-09-10 13:42:57 - [INFO] - [DEBUG QUANT FILES] Detected study_date folder: F:\projek dosen\prototype riset\hotspot-analyzer\data\PLANAR\WKW\0001077172\20250807
2025-09-10 13:42:57 - [INFO] - [DEBUG QUANT FILES] Generated paths:
2025-09-10 13:42:57 - [INFO] - [DEBUG QUANT FILES]   bsi_json_ant: F:\projek dosen\prototype riset\hotspot-analyzer\data\PLANAR\WKW\0001077172\20250807\bsi_quantification_ant.json (exists: False)
2025-09-10 13:42:57 - [INFO] - [DEBUG QUANT FILES]   bsi_json_post: F:\projek dosen\prototype riset\hotspot-analyzer\data\PLANAR\WKW\0001077172\20250807\bsi_quantification_post.json (exists: False)
2025-09-10 13:42:57 - [INFO] - [BSI META INTEGRATION] No BSI files in study_date folder, trying patient folder: F:\projek dosen\prototype riset\hotspot-analyzer\data\PLANAR\WKW\0001077172
2025-09-10 13:42:57 - [INFO] - [DEBUG QUANT FILES] Getting quantification files for: F:\projek dosen\prototype riset\hotspot-analyzer\data\PLANAR\WKW\0001077172
2025-09-10 13:42:57 - [INFO] - [DEBUG QUANT FILES] Using latest study_date folder: F:\projek dosen\prototype riset\hotspot-analyzer\data\PLANAR\WKW\0001077172\20250807
2025-09-10 13:42:57 - [INFO] - [DEBUG QUANT FILES] Generated paths:
2025-09-10 13:42:57 - [INFO] - [DEBUG QUANT FILES]   bsi_json_ant: F:\projek dosen\prototype riset\hotspot-analyzer\data\PLANAR\WKW\0001077172\20250807\bsi_quantification_ant.json (exists: False)
2025-09-10 13:42:57 - [INFO] - [DEBUG QUANT FILES]   bsi_json_post: F:\projek dosen\prototype riset\hotspot-analyzer\data\PLANAR\WKW\0001077172\20250807\bsi_quantification_post.json (exists: False)
2025-09-10 13:42:57 - [INFO] - [BSI META INTEGRATION] Could not determine patient folder with BSI files
2025-09-10 13:42:57 - [INFO] - [DEBUG] Rebuilding timeline for active scan index: 0
2025-09-10 13:42:57 - [INFO] - [DEBUG] Creating CLASSIFICATION card 0 for view: Anterior
2025-09-10 13:42:57 - [INFO] - [DEBUG] Active layers selected: ['Image']
2025-09-10 13:42:57 - [INFO] - [DEBUG] DICOM path: F:\projek dosen\prototype riset\hotspot-analyzer\data\PLANAR\WKW\0001077172\20250807\ANT001_DS.dcm
2025-09-10 13:42:57 - [INFO] - [DEBUG] Current view: Anterior
2025-09-10 13:42:57 - [INFO] - [CACHE DEBUG] use_cache=False
2025-09-10 13:42:57 - [INFO] - [CACHE DEBUG] has_adjustments=False (B=0.00, C=1.00)
2025-09-10 13:42:57 - [INFO] - [CACHE DEBUG] has_overrides=False (override_b=None, override_c=None)
2025-09-10 13:42:57 - [INFO] - [CACHE DEBUG] invert_original=True
2025-09-10 13:42:57 - [INFO] - [CACHE SKIP] Skipping cache due to adjustments/overrides/invert
2025-09-10 13:42:57 - [INFO] - [DEBUG] Path extraction: session=WKW, patient=0001077172, study_date=20250807
2025-09-10 13:42:57 - [INFO] - [DEBUG] Extracted patient info - ID: 0001077172, Session: WKW
2025-09-10 13:42:57 - [INFO] - [DEBUG] Original path: F:\projek dosen\prototype riset\hotspot-analyzer\data\PLANAR\WKW\0001077172\20250807\ANT001_DS.dcm
2025-09-10 13:42:57 - [INFO] - [DEBUG] Study date: 20250807
2025-09-10 13:42:57 - [INFO] - [DEBUG] Patient ID: 0001077172
2025-09-10 13:42:57 - [INFO] - [DEBUG] Session code: WKW
2025-09-10 13:42:57 - [INFO] - [DEBUG] Study date folder: F:\projek dosen\prototype riset\hotspot-analyzer\data\PLANAR\WKW\0001077172\20250807
2025-09-10 13:42:57 - [INFO] - [DEBUG] Loading original image for Anterior
2025-09-10 13:42:57 - [INFO] - [DEBUG] Looking for original PNG in study_date dir: F:\projek dosen\prototype riset\hotspot-analyzer\data\PLANAR\WKW\0001077172\20250807\ant_original.png
2025-09-10 13:42:57 - [DEBUG] - STREAM b'IHDR' 16 13
2025-09-10 13:42:57 - [DEBUG] - STREAM b'IDAT' 41 65536
2025-09-10 13:42:57 - [INFO] - [DEBUG] Loaded original PNG from study_date dir: (256, 1024)
2025-09-10 13:42:57 - [INFO] - [DEBUG] Original image loaded: (256, 1024)
2025-09-10 13:42:57 - [INFO] - [DEBUG] Applying invert to original image
2025-09-10 13:42:57 - [INFO] - [DEBUG] simple_invert_pil_image: Processing L image, size = (256, 1024)
2025-09-10 13:42:57 - [INFO] - [DEBUG] simple_invert_image: input shape = (1024, 256), dtype = uint8
2025-09-10 13:42:57 - [INFO] - [DEBUG] Simple inversion completed: [0-255] -> [0-255]
2025-09-10 13:42:57 - [INFO] - [DEBUG] simple_invert_pil_image: completed
2025-09-10 13:42:57 - [INFO] - [DEBUG] Using STORED B/C values: B=0.00, C=1.00
2025-09-10 13:42:57 - [INFO] - [DEBUG]   Image layer loaded and processed
2025-09-10 13:42:57 - [INFO] - [DEBUG] Loading segmentation layer for Anterior
2025-09-10 13:42:57 - [INFO] - [DEBUG] Looking for segmentation (NEWEST): F:\projek dosen\prototype riset\hotspot-analyzer\data\PLANAR\WKW\0001077172\20250807\ant_segm.png
2025-09-10 13:42:57 - [DEBUG] - STREAM b'IHDR' 16 13
2025-09-10 13:42:57 - [DEBUG] - STREAM b'IDAT' 41 5181
2025-09-10 13:42:57 - [INFO] - [DEBUG]   Loaded segmentation with transparency: F:\projek dosen\prototype riset\hotspot-analyzer\data\PLANAR\WKW\0001077172\20250807\ant_segm.png
2025-09-10 13:42:57 - [INFO] - [DEBUG] Segmentation type: ORIGINAL
2025-09-10 13:42:57 - [INFO] - [DEBUG] Loading hotspot layer for Anterior
2025-09-10 13:42:57 - [INFO] - [DEBUG] Looking for hotspot classification (NEWEST): F:\projek dosen\prototype riset\hotspot-analyzer\data\PLANAR\WKW\0001077172\20250807\ant_hotspot_classification.png
2025-09-10 13:42:57 - [INFO] - [DEBUG] No hotspot classification found: F:\projek dosen\prototype riset\hotspot-analyzer\data\PLANAR\WKW\0001077172\20250807\ant_hotspot_classification.png
2025-09-10 13:42:57 - [INFO] - [DEBUG] Loading bbox layer for Anterior
2025-09-10 13:42:57 - [INFO] - [DEBUG] Looking for classification XML (NEWEST): F:\projek dosen\prototype riset\hotspot-analyzer\data\PLANAR\WKW\0001077172\20250807\ant_hotspot_classification.xml
2025-09-10 13:42:57 - [INFO] - [DEBUG] No classification XML found: F:\projek dosen\prototype riset\hotspot-analyzer\data\PLANAR\WKW\0001077172\20250807\ant_hotspot_classification.xml
2025-09-10 13:42:57 - [INFO] - [CACHE STORE] Not caching due to adjustments/overrides/invert
2025-09-10 13:42:57 - [INFO] - [DEBUG]   Loaded 2 layers for Anterior: ['Image', 'Segmentation']
2025-09-10 13:42:57 - [INFO] - [DEBUG] Available CLASSIFICATION layers in files: ['Image', 'Segmentation']
2025-09-10 13:42:57 - [INFO] - [DEBUG]   Added CLASSIFICATION Image to card 0 (opacity: 1.00)
2025-09-10 13:42:57 - [INFO] - [DEBUG]   CLASSIFICATION card 0 composite created with layers: ['Image']
2025-09-10 13:42:57 - [INFO] - [DEBUG] Creating CLASSIFICATION card 0 for view: Posterior
2025-09-10 13:42:57 - [INFO] - [DEBUG] Active layers selected: ['Image']
2025-09-10 13:42:57 - [INFO] - [DEBUG] DICOM path: F:\projek dosen\prototype riset\hotspot-analyzer\data\PLANAR\WKW\0001077172\20250807\ANT001_DS.dcm
2025-09-10 13:42:57 - [INFO] - [DEBUG] Current view: Posterior
2025-09-10 13:42:57 - [INFO] - [CACHE DEBUG] use_cache=False
2025-09-10 13:42:57 - [INFO] - [CACHE DEBUG] has_adjustments=False (B=0.00, C=1.00)
2025-09-10 13:42:57 - [INFO] - [CACHE DEBUG] has_overrides=False (override_b=None, override_c=None)
2025-09-10 13:42:57 - [INFO] - [CACHE DEBUG] invert_original=True
2025-09-10 13:42:57 - [INFO] - [CACHE SKIP] Skipping cache due to adjustments/overrides/invert
2025-09-10 13:42:57 - [INFO] - [DEBUG] Path extraction: session=WKW, patient=0001077172, study_date=20250807
2025-09-10 13:42:57 - [INFO] - [DEBUG] Extracted patient info - ID: 0001077172, Session: WKW
2025-09-10 13:42:57 - [INFO] - [DEBUG] Original path: F:\projek dosen\prototype riset\hotspot-analyzer\data\PLANAR\WKW\0001077172\20250807\ANT001_DS.dcm
2025-09-10 13:42:57 - [INFO] - [DEBUG] Study date: 20250807
2025-09-10 13:42:57 - [INFO] - [DEBUG] Patient ID: 0001077172
2025-09-10 13:42:57 - [INFO] - [DEBUG] Session code: WKW
2025-09-10 13:42:57 - [INFO] - [DEBUG] Study date folder: F:\projek dosen\prototype riset\hotspot-analyzer\data\PLANAR\WKW\0001077172\20250807
2025-09-10 13:42:57 - [INFO] - [DEBUG] Loading original image for Posterior
2025-09-10 13:42:57 - [INFO] - [DEBUG] Looking for original PNG in study_date dir: F:\projek dosen\prototype riset\hotspot-analyzer\data\PLANAR\WKW\0001077172\20250807\post_original.png
2025-09-10 13:42:57 - [DEBUG] - STREAM b'IHDR' 16 13
2025-09-10 13:42:57 - [DEBUG] - STREAM b'IDAT' 41 65536
2025-09-10 13:42:57 - [INFO] - [DEBUG] Loaded original PNG from study_date dir: (256, 1024)
2025-09-10 13:42:57 - [INFO] - [DEBUG] Original image loaded: (256, 1024)
2025-09-10 13:42:57 - [INFO] - [DEBUG] Applying invert to original image
2025-09-10 13:42:57 - [INFO] - [DEBUG] simple_invert_pil_image: Processing L image, size = (256, 1024)
2025-09-10 13:42:57 - [INFO] - [DEBUG] simple_invert_image: input shape = (1024, 256), dtype = uint8
2025-09-10 13:42:57 - [INFO] - [DEBUG] Simple inversion completed: [0-255] -> [0-255]
2025-09-10 13:42:57 - [INFO] - [DEBUG] simple_invert_pil_image: completed
2025-09-10 13:42:57 - [INFO] - [DEBUG] Using STORED B/C values: B=0.00, C=1.00
2025-09-10 13:42:57 - [INFO] - [DEBUG]   Image layer loaded and processed
2025-09-10 13:42:57 - [INFO] - [DEBUG] Loading segmentation layer for Posterior
2025-09-10 13:42:57 - [INFO] - [DEBUG] Looking for segmentation (NEWEST): F:\projek dosen\prototype riset\hotspot-analyzer\data\PLANAR\WKW\0001077172\20250807\post_segm.png
2025-09-10 13:42:57 - [DEBUG] - STREAM b'IHDR' 16 13
2025-09-10 13:42:57 - [DEBUG] - STREAM b'IDAT' 41 13727
2025-09-10 13:42:57 - [INFO] - [DEBUG]   Loaded segmentation with transparency: F:\projek dosen\prototype riset\hotspot-analyzer\data\PLANAR\WKW\0001077172\20250807\post_segm.png
2025-09-10 13:42:57 - [INFO] - [DEBUG] Segmentation type: ORIGINAL
2025-09-10 13:42:57 - [INFO] - [DEBUG] Loading hotspot layer for Posterior
2025-09-10 13:42:57 - [INFO] - [DEBUG] Looking for hotspot classification (NEWEST): F:\projek dosen\prototype riset\hotspot-analyzer\data\PLANAR\WKW\0001077172\20250807\post_hotspot_classification.png
2025-09-10 13:42:57 - [INFO] - [DEBUG] No hotspot classification found: F:\projek dosen\prototype riset\hotspot-analyzer\data\PLANAR\WKW\0001077172\20250807\post_hotspot_classification.png
2025-09-10 13:42:57 - [INFO] - [DEBUG] Loading bbox layer for Posterior
2025-09-10 13:42:57 - [INFO] - [DEBUG] Looking for classification XML (NEWEST): F:\projek dosen\prototype riset\hotspot-analyzer\data\PLANAR\WKW\0001077172\20250807\post_hotspot_classification.xml
2025-09-10 13:42:57 - [INFO] - [DEBUG] No classification XML found: F:\projek dosen\prototype riset\hotspot-analyzer\data\PLANAR\WKW\0001077172\20250807\post_hotspot_classification.xml
2025-09-10 13:42:57 - [INFO] - [CACHE STORE] Not caching due to adjustments/overrides/invert
2025-09-10 13:42:57 - [INFO] - [DEBUG]   Loaded 2 layers for Posterior: ['Image', 'Segmentation']
2025-09-10 13:42:57 - [INFO] - [DEBUG] Available CLASSIFICATION layers in files: ['Image', 'Segmentation']
2025-09-10 13:42:57 - [INFO] - [DEBUG]   Added CLASSIFICATION Image to card 0 (opacity: 1.00)
2025-09-10 13:42:57 - [INFO] - [DEBUG]   CLASSIFICATION card 0 composite created with layers: ['Image']
2025-09-10 13:42:57 - [INFO] - [SMART UPDATE] State updated - Type: full
2025-09-10 13:42:57 - [INFO] - [MainWindow]   Timeline updated with BSI integration
2025-09-10 13:42:57 - [INFO] - 
2025-09-10 13:42:57 - [INFO] - 🏠 [DEBUG MAIN GANTENG] ===================
2025-09-10 13:42:57 - [INFO] - 🏠 [DEBUG MAIN] Loading BSI data for selected scan
2025-09-10 13:42:57 - [INFO] - 🏠 [DEBUG MAIN] Session code: WKW
2025-09-10 13:42:57 - [INFO] - 🏠 [DEBUG MAIN] Scan data keys: ['meta', 'frames', 'path', 'workflow_files']
2025-09-10 13:42:57 - [INFO] - 🏠 [DEBUG MAIN] DICOM path: F:\projek dosen\prototype riset\hotspot-analyzer\data\PLANAR\WKW\0001077172\20250807\ANT001_DS.dcm
2025-09-10 13:42:57 - [INFO] - 🏠 [DEBUG MAIN] DICOM exists: True
2025-09-10 13:42:57 - [INFO] - 🏠 [DEBUG MAIN] Initial patient folder: F:\projek dosen\prototype riset\hotspot-analyzer\data\PLANAR\WKW\0001077172\20250807
2025-09-10 13:42:57 - [INFO] - 🏠 [DEBUG MAIN] Initial patient folder exists: True
2025-09-10 13:42:57 - [INFO] - 🏠 [DEBUG MAIN] Initial patient folder name: 20250807
2025-09-10 13:42:57 - [INFO] - 🏠 [DEBUG MAIN] Study date from DICOM: 20250807
2025-09-10 13:42:57 - [INFO] - 🏠 [DEBUG MAIN] Detected study_date folder structure
2025-09-10 13:42:57 - [INFO] - 🏠 [DEBUG MAIN] Corrected patient folder: F:\projek dosen\prototype riset\hotspot-analyzer\data\PLANAR\WKW\0001077172
2025-09-10 13:42:57 - [INFO] - 🏠 [DEBUG MAIN] Corrected patient ID: 0001077172
2025-09-10 13:42:57 - [INFO] - 🏠 [DEBUG MAIN] Corrected study date: 20250807
2025-09-10 13:42:57 - [INFO] - [DEBUG QUANT FILES] Getting quantification files for: F:\projek dosen\prototype riset\hotspot-analyzer\data\PLANAR\WKW\0001077172\20250807
2025-09-10 13:42:57 - [INFO] - [DEBUG QUANT FILES] Detected study_date folder: F:\projek dosen\prototype riset\hotspot-analyzer\data\PLANAR\WKW\0001077172\20250807
2025-09-10 13:42:57 - [INFO] - [DEBUG QUANT FILES] Generated paths:
2025-09-10 13:42:57 - [INFO] - [DEBUG QUANT FILES]   bsi_json_ant: F:\projek dosen\prototype riset\hotspot-analyzer\data\PLANAR\WKW\0001077172\20250807\bsi_quantification_ant.json (exists: False)
2025-09-10 13:42:57 - [INFO] - [DEBUG QUANT FILES]   bsi_json_post: F:\projek dosen\prototype riset\hotspot-analyzer\data\PLANAR\WKW\0001077172\20250807\bsi_quantification_post.json (exists: False)
2025-09-10 13:42:57 - [INFO] - 🏠 [DEBUG MAIN] BSI files in study_date folder:
2025-09-10 13:42:57 - [INFO] - 🏠 [DEBUG MAIN]   Anterior: False
2025-09-10 13:42:57 - [INFO] - 🏠 [DEBUG MAIN]   Posterior: False
2025-09-10 13:42:57 - [INFO] - 🏠 [DEBUG MAIN] No BSI files in study_date folder, trying patient folder
2025-09-10 13:42:57 - [INFO] - [DEBUG QUANT FILES] Getting quantification files for: F:\projek dosen\prototype riset\hotspot-analyzer\data\PLANAR\WKW\0001077172
2025-09-10 13:42:57 - [INFO] - [DEBUG QUANT FILES] Using latest study_date folder: F:\projek dosen\prototype riset\hotspot-analyzer\data\PLANAR\WKW\0001077172\20250807
2025-09-10 13:42:57 - [INFO] - [DEBUG QUANT FILES] Generated paths:
2025-09-10 13:42:57 - [INFO] - [DEBUG QUANT FILES]   bsi_json_ant: F:\projek dosen\prototype riset\hotspot-analyzer\data\PLANAR\WKW\0001077172\20250807\bsi_quantification_ant.json (exists: False)
2025-09-10 13:42:57 - [INFO] - [DEBUG QUANT FILES]   bsi_json_post: F:\projek dosen\prototype riset\hotspot-analyzer\data\PLANAR\WKW\0001077172\20250807\bsi_quantification_post.json (exists: False)
2025-09-10 13:42:57 - [INFO] - 🏠 [DEBUG MAIN] BSI files in patient folder:
2025-09-10 13:42:57 - [INFO] - 🏠 [DEBUG MAIN]   Anterior: False
2025-09-10 13:42:57 - [INFO] - 🏠 [DEBUG MAIN]   Posterior: False
2025-09-10 13:42:57 - [INFO] - 🏠 [DEBUG MAIN]  No BSI files found anywhere!
2025-09-10 13:42:57 - [INFO] - 🏠 [DEBUG MAIN] BSI panel load result: False
2025-09-10 13:42:57 - [INFO] - 🏠 [DEBUG MAIN]  BSI loading failed, clearing panel
2025-09-10 13:42:57 - [INFO] - [BSI SIDE PANEL] Clearing data...
2025-09-10 13:42:57 - [INFO] - [DEBUG] Path extraction: session=WKW, patient=0001077172, study_date=20250807
2025-09-10 13:42:57 - [INFO] - [DEBUG] Extracted patient info - ID: 0001077172, Session: WKW
2025-09-10 13:42:57 - [INFO] - [DEBUG] Original path: F:\projek dosen\prototype riset\hotspot-analyzer\data\PLANAR\WKW\0001077172\20250807\ANT001_DS.dcm
2025-09-10 13:42:57 - [INFO] - [EDIT BUTTONS] Has scan: True, Has seg data: True, Can edit hotspot: True
2025-09-10 13:42:57 - [INFO] - [EDIT BUTTONS] Seg button enabled: True, Hotspot button enabled: True
2025-09-10 13:43:05 - [INFO] - [DEBUG] item activated → ID: 5001 (WKW) @ index 1
2025-09-10 13:43:05 - [INFO] - [DEBUG] item activated → ID: 5001 (WKW)
2025-09-10 13:43:05 - [INFO] - 
2025-09-10 13:43:05 - [INFO] - [DEBUG SELECT GANTENG] ===================
2025-09-10 13:43:05 - [INFO] - [DEBUG SELECT] Patient selected: ID: 5001 (WKW)
2025-09-10 13:43:05 - [INFO] - [DEBUG SELECT] Parsed - Patient: 5001, Session: WKW
2025-09-10 13:43:05 - [INFO] - [DEBUG SELECT] Patient path from paths.py: F:\projek dosen\prototype riset\hotspot-analyzer\data\PLANAR\WKW\5001
2025-09-10 13:43:05 - [INFO] - [DEBUG SELECT] Patient path exists: True
2025-09-10 13:43:05 - [INFO] - [DEBUG SELECT] Patient path contents:
2025-09-10 13:43:05 - [INFO] - [DEBUG SELECT]   - 20250115 (DIR)
2025-09-10 13:43:05 - [INFO] - [DEBUG SELECT]   - 20250214 (DIR)
2025-09-10 13:43:05 - [INFO] - [DEBUG SELECT]   - 20250316 (DIR)
2025-09-10 13:43:05 - [INFO] - [DEBUG SELECT]   - 20250415 (DIR)
2025-09-10 13:43:05 - [INFO] - [DEBUG SELECT]   - 20250515 (DIR)
2025-09-10 13:43:05 - [INFO] - 
2025-09-10 13:43:05 - [INFO] - [DEBUG PATHS GANTENG] ===================
2025-09-10 13:43:05 - [INFO] - [DEBUG PATHS] Patient folder: F:\projek dosen\prototype riset\hotspot-analyzer\data\PLANAR\WKW\5001
2025-09-10 13:43:05 - [INFO] - [DEBUG PATHS] Patient ID: 5001
2025-09-10 13:43:05 - [INFO] - [DEBUG PATHS] Folder exists: True
2025-09-10 13:43:05 - [INFO] - [DEBUG PATHS] Folder structure:
2025-09-10 13:43:05 - [INFO] - [DEBUG PATHS]   DIR:  20250115/
2025-09-10 13:43:05 - [INFO] - [DEBUG PATHS]     Study date folder contents:
2025-09-10 13:43:05 - [INFO] - [DEBUG PATHS]       DIR:  20250910/
2025-09-10 13:43:05 - [INFO] - [DEBUG PATHS]       FILE: 5001_1.dcm (1049756 bytes)
2025-09-10 13:43:05 - [INFO] - [DEBUG PATHS]       FILE: ant_hotspot_classification.json (55824 bytes)
2025-09-10 13:43:05 - [INFO] - [DEBUG PATHS]       FILE: ant_hotspot_classification.png (1184 bytes)
2025-09-10 13:43:05 - [INFO] - [DEBUG PATHS]       FILE: ant_hotspot_classification.xml (1374 bytes)
2025-09-10 13:43:05 - [INFO] - [DEBUG PATHS]       FILE: ant_hotspot_otsu_colored.png (1257 bytes)
2025-09-10 13:43:05 - [INFO] - [DEBUG PATHS]       FILE: ant_hotspot_otsu_colored_blend.png (124272 bytes)
2025-09-10 13:43:05 - [INFO] - [DEBUG PATHS]       FILE: ant_hotspot_otsu_grayscale.png (646 bytes)
2025-09-10 13:43:05 - [INFO] - [DEBUG PATHS]       FILE: ant_hotspot_yolo.xml (1304 bytes)
2025-09-10 13:43:05 - [INFO] - [DEBUG PATHS]       FILE: ant_mask.png (3485 bytes)
2025-09-10 13:43:05 - [INFO] - [DEBUG PATHS]       FILE: ant_original.png (83485 bytes)
2025-09-10 13:43:05 - [INFO] - [DEBUG PATHS]       FILE: ant_segm.png (6440 bytes)
2025-09-10 13:43:05 - [INFO] - [DEBUG PATHS]       FILE: bsi_quantification_ant.json (3736 bytes)
2025-09-10 13:43:05 - [INFO] - [DEBUG PATHS]       FILE: bsi_quantification_post.json (3703 bytes)
2025-09-10 13:43:05 - [INFO] - [DEBUG PATHS]       FILE: post_hotspot_classification.json (206470 bytes)
2025-09-10 13:43:05 - [INFO] - [DEBUG PATHS]       FILE: post_hotspot_classification.png (1374 bytes)
2025-09-10 13:43:05 - [INFO] - [DEBUG PATHS]       FILE: post_hotspot_classification.xml (2321 bytes)
2025-09-10 13:43:05 - [INFO] - [DEBUG PATHS]       FILE: post_hotspot_otsu_colored.png (1468 bytes)
2025-09-10 13:43:05 - [INFO] - [DEBUG PATHS]       FILE: post_hotspot_otsu_colored_blend.png (125024 bytes)
2025-09-10 13:43:05 - [INFO] - [DEBUG PATHS]       FILE: post_hotspot_otsu_grayscale.png (854 bytes)
2025-09-10 13:43:05 - [INFO] - [DEBUG PATHS]       FILE: post_hotspot_yolo.xml (1936 bytes)
2025-09-10 13:43:05 - [INFO] - [DEBUG PATHS]       FILE: post_mask.png (3456 bytes)
2025-09-10 13:43:05 - [INFO] - [DEBUG PATHS]       FILE: post_original.png (84361 bytes)
2025-09-10 13:43:05 - [INFO] - [DEBUG PATHS]       FILE: post_segm.png (6196 bytes)
2025-09-10 13:43:05 - [INFO] - [DEBUG PATHS]   DIR:  20250214/
2025-09-10 13:43:05 - [INFO] - [DEBUG PATHS]     Study date folder contents:
2025-09-10 13:43:05 - [INFO] - [DEBUG PATHS]       FILE: 5001_2.dcm (1049756 bytes)
2025-09-10 13:43:05 - [INFO] - [DEBUG PATHS]       FILE: ant_hotspot_classification.json (313056 bytes)
2025-09-10 13:43:05 - [INFO] - [DEBUG PATHS]       FILE: ant_hotspot_classification.png (2102 bytes)
2025-09-10 13:43:05 - [INFO] - [DEBUG PATHS]       FILE: ant_hotspot_classification.xml (7019 bytes)
2025-09-10 13:43:05 - [INFO] - [DEBUG PATHS]       FILE: ant_hotspot_otsu_colored.png (2166 bytes)
2025-09-10 13:43:05 - [INFO] - [DEBUG PATHS]       FILE: ant_hotspot_otsu_colored_blend.png (98294 bytes)
2025-09-10 13:43:05 - [INFO] - [DEBUG PATHS]       FILE: ant_hotspot_otsu_grayscale.png (1396 bytes)
2025-09-10 13:43:05 - [INFO] - [DEBUG PATHS]       FILE: ant_hotspot_yolo.xml (5120 bytes)
2025-09-10 13:43:05 - [INFO] - [DEBUG PATHS]       FILE: ant_mask.png (3501 bytes)
2025-09-10 13:43:05 - [INFO] - [DEBUG PATHS]       FILE: ant_original.png (64390 bytes)
2025-09-10 13:43:05 - [INFO] - [DEBUG PATHS]       FILE: ant_segm.png (6583 bytes)
2025-09-10 13:43:05 - [INFO] - [DEBUG PATHS]       FILE: bsi_quantification_ant.json (3812 bytes)
2025-09-10 13:43:05 - [INFO] - [DEBUG PATHS]       FILE: bsi_quantification_post.json (3792 bytes)
2025-09-10 13:43:05 - [INFO] - [DEBUG PATHS]       FILE: post_hotspot_classification.json (353805 bytes)
2025-09-10 13:43:05 - [INFO] - [DEBUG PATHS]       FILE: post_hotspot_classification.png (2481 bytes)
2025-09-10 13:43:05 - [INFO] - [DEBUG PATHS]       FILE: post_hotspot_classification.xml (8439 bytes)
2025-09-10 13:43:05 - [INFO] - [DEBUG PATHS]       FILE: post_hotspot_otsu_colored.png (2610 bytes)
2025-09-10 13:43:05 - [INFO] - [DEBUG PATHS]       FILE: post_hotspot_otsu_colored_blend.png (105101 bytes)
2025-09-10 13:43:05 - [INFO] - [DEBUG PATHS]       FILE: post_hotspot_otsu_grayscale.png (1766 bytes)
2025-09-10 13:43:05 - [INFO] - [DEBUG PATHS]       FILE: post_hotspot_yolo.xml (6395 bytes)
2025-09-10 13:43:05 - [INFO] - [DEBUG PATHS]       FILE: post_mask.png (3457 bytes)
2025-09-10 13:43:05 - [INFO] - [DEBUG PATHS]       FILE: post_original.png (66472 bytes)
2025-09-10 13:43:05 - [INFO] - [DEBUG PATHS]       FILE: post_segm.png (6155 bytes)
2025-09-10 13:43:05 - [INFO] - [DEBUG PATHS]   DIR:  20250316/
2025-09-10 13:43:05 - [INFO] - [DEBUG PATHS]     Study date folder contents:
2025-09-10 13:43:05 - [INFO] - [DEBUG PATHS]       FILE: 5001_3.dcm (1049756 bytes)
2025-09-10 13:43:05 - [INFO] - [DEBUG PATHS]       FILE: ant_hotspot_classification.json (436855 bytes)
2025-09-10 13:43:05 - [INFO] - [DEBUG PATHS]       FILE: ant_hotspot_classification.png (2340 bytes)
2025-09-10 13:43:05 - [INFO] - [DEBUG PATHS]       FILE: ant_hotspot_classification.xml (8437 bytes)
2025-09-10 13:43:05 - [INFO] - [DEBUG PATHS]       FILE: ant_hotspot_otsu_colored.png (2335 bytes)
2025-09-10 13:43:05 - [INFO] - [DEBUG PATHS]       FILE: ant_hotspot_otsu_colored_blend.png (101769 bytes)
2025-09-10 13:43:05 - [INFO] - [DEBUG PATHS]       FILE: ant_hotspot_otsu_grayscale.png (1572 bytes)
2025-09-10 13:43:05 - [INFO] - [DEBUG PATHS]       FILE: ant_hotspot_yolo.xml (5751 bytes)
2025-09-10 13:43:05 - [INFO] - [DEBUG PATHS]       FILE: ant_mask.png (3454 bytes)
2025-09-10 13:43:05 - [INFO] - [DEBUG PATHS]       FILE: ant_original.png (64961 bytes)
2025-09-10 13:43:05 - [INFO] - [DEBUG PATHS]       FILE: ant_segm.png (6534 bytes)
2025-09-10 13:43:05 - [INFO] - [DEBUG PATHS]       FILE: bsi_quantification_ant.json (3814 bytes)
2025-09-10 13:43:05 - [INFO] - [DEBUG PATHS]       FILE: bsi_quantification_post.json (3807 bytes)
2025-09-10 13:43:05 - [INFO] - [DEBUG PATHS]       FILE: post_hotspot_classification.json (809964 bytes)
2025-09-10 13:43:05 - [INFO] - [DEBUG PATHS]       FILE: post_hotspot_classification.png (2739 bytes)
2025-09-10 13:43:05 - [INFO] - [DEBUG PATHS]       FILE: post_hotspot_classification.xml (9401 bytes)
2025-09-10 13:43:05 - [INFO] - [DEBUG PATHS]       FILE: post_hotspot_otsu_colored.png (2852 bytes)
2025-09-10 13:43:05 - [INFO] - [DEBUG PATHS]       FILE: post_hotspot_otsu_colored_blend.png (92027 bytes)
2025-09-10 13:43:05 - [INFO] - [DEBUG PATHS]       FILE: post_hotspot_otsu_grayscale.png (2024 bytes)
2025-09-10 13:43:05 - [INFO] - [DEBUG PATHS]       FILE: post_hotspot_yolo.xml (6720 bytes)
2025-09-10 13:43:05 - [INFO] - [DEBUG PATHS]       FILE: post_mask.png (3533 bytes)
2025-09-10 13:43:05 - [INFO] - [DEBUG PATHS]       FILE: post_original.png (61581 bytes)
2025-09-10 13:43:05 - [INFO] - [DEBUG PATHS]       FILE: post_segm.png (6392 bytes)
2025-09-10 13:43:05 - [INFO] - [DEBUG PATHS]   DIR:  20250415/
2025-09-10 13:43:05 - [INFO] - [DEBUG PATHS]     Study date folder contents:
2025-09-10 13:43:05 - [INFO] - [DEBUG PATHS]       FILE: 5001_4.dcm (1049756 bytes)
2025-09-10 13:43:05 - [INFO] - [DEBUG PATHS]       FILE: ant_hotspot_classification.json (34463 bytes)
2025-09-10 13:43:05 - [INFO] - [DEBUG PATHS]       FILE: ant_hotspot_classification.png (1146 bytes)
2025-09-10 13:43:05 - [INFO] - [DEBUG PATHS]       FILE: ant_hotspot_classification.xml (1836 bytes)
2025-09-10 13:43:05 - [INFO] - [DEBUG PATHS]       FILE: ant_hotspot_otsu_colored.png (1403 bytes)
2025-09-10 13:43:05 - [INFO] - [DEBUG PATHS]       FILE: ant_hotspot_otsu_colored_blend.png (105051 bytes)
2025-09-10 13:43:05 - [INFO] - [DEBUG PATHS]       FILE: ant_hotspot_otsu_grayscale.png (773 bytes)
2025-09-10 13:43:05 - [INFO] - [DEBUG PATHS]       FILE: ant_hotspot_yolo.xml (1936 bytes)
2025-09-10 13:43:05 - [INFO] - [DEBUG PATHS]       FILE: ant_mask.png (3417 bytes)
2025-09-10 13:43:05 - [INFO] - [DEBUG PATHS]       FILE: ant_original.png (70707 bytes)
2025-09-10 13:43:05 - [INFO] - [DEBUG PATHS]       FILE: ant_segm.png (6525 bytes)
2025-09-10 13:43:05 - [INFO] - [DEBUG PATHS]       FILE: bsi_quantification_ant.json (3722 bytes)
2025-09-10 13:43:05 - [INFO] - [DEBUG PATHS]       FILE: bsi_quantification_post.json (3681 bytes)
2025-09-10 13:43:05 - [INFO] - [DEBUG PATHS]       FILE: post_hotspot_classification.json (50110 bytes)
2025-09-10 13:43:05 - [INFO] - [DEBUG PATHS]       FILE: post_hotspot_classification.png (1079 bytes)
2025-09-10 13:43:05 - [INFO] - [DEBUG PATHS]       FILE: post_hotspot_classification.xml (905 bytes)
2025-09-10 13:43:05 - [INFO] - [DEBUG PATHS]       FILE: post_hotspot_otsu_colored.png (1184 bytes)
2025-09-10 13:43:05 - [INFO] - [DEBUG PATHS]       FILE: post_hotspot_otsu_colored_blend.png (115794 bytes)
2025-09-10 13:43:05 - [INFO] - [DEBUG PATHS]       FILE: post_hotspot_otsu_grayscale.png (616 bytes)
2025-09-10 13:43:05 - [INFO] - [DEBUG PATHS]       FILE: post_hotspot_yolo.xml (984 bytes)
2025-09-10 13:43:05 - [INFO] - [DEBUG PATHS]       FILE: post_mask.png (3323 bytes)
2025-09-10 13:43:05 - [INFO] - [DEBUG PATHS]       FILE: post_original.png (74888 bytes)
2025-09-10 13:43:05 - [INFO] - [DEBUG PATHS]       FILE: post_segm.png (5922 bytes)
2025-09-10 13:43:05 - [INFO] - [DEBUG PATHS]   DIR:  20250515/
2025-09-10 13:43:05 - [INFO] - [DEBUG PATHS]     Study date folder contents:
2025-09-10 13:43:05 - [INFO] - [DEBUG PATHS]       FILE: 5001_5.dcm (1049756 bytes)
2025-09-10 13:43:05 - [INFO] - [DEBUG PATHS]       FILE: ant_hotspot_classification.json (45442 bytes)
2025-09-10 13:43:05 - [INFO] - [DEBUG PATHS]       FILE: ant_hotspot_classification.png (1066 bytes)
2025-09-10 13:43:05 - [INFO] - [DEBUG PATHS]       FILE: ant_hotspot_classification.xml (1370 bytes)
2025-09-10 13:43:05 - [INFO] - [DEBUG PATHS]       FILE: ant_hotspot_otsu_colored.png (1233 bytes)
2025-09-10 13:43:05 - [INFO] - [DEBUG PATHS]       FILE: ant_hotspot_otsu_colored_blend.png (107184 bytes)
2025-09-10 13:43:05 - [INFO] - [DEBUG PATHS]       FILE: ant_hotspot_otsu_grayscale.png (655 bytes)
2025-09-10 13:43:05 - [INFO] - [DEBUG PATHS]       FILE: ant_hotspot_yolo.xml (1937 bytes)
2025-09-10 13:43:05 - [INFO] - [DEBUG PATHS]       FILE: ant_mask.png (3495 bytes)
2025-09-10 13:43:05 - [INFO] - [DEBUG PATHS]       FILE: ant_original.png (70372 bytes)
2025-09-10 13:43:05 - [INFO] - [DEBUG PATHS]       FILE: ant_segm.png (6666 bytes)
2025-09-10 13:43:05 - [INFO] - [DEBUG PATHS]       FILE: bsi_quantification_ant.json (3675 bytes)
2025-09-10 13:43:05 - [INFO] - [DEBUG PATHS]       FILE: bsi_quantification_post.json (3702 bytes)
2025-09-10 13:43:05 - [INFO] - [DEBUG PATHS]       FILE: post_hotspot_classification.json (69885 bytes)
2025-09-10 13:43:05 - [INFO] - [DEBUG PATHS]       FILE: post_hotspot_classification.png (1258 bytes)
2025-09-10 13:43:05 - [INFO] - [DEBUG PATHS]       FILE: post_hotspot_classification.xml (2802 bytes)
2025-09-10 13:43:05 - [INFO] - [DEBUG PATHS]       FILE: post_hotspot_otsu_colored.png (1256 bytes)
2025-09-10 13:43:05 - [INFO] - [DEBUG PATHS]       FILE: post_hotspot_otsu_colored_blend.png (106448 bytes)
2025-09-10 13:43:05 - [INFO] - [DEBUG PATHS]       FILE: post_hotspot_otsu_grayscale.png (643 bytes)
2025-09-10 13:43:05 - [INFO] - [DEBUG PATHS]       FILE: post_hotspot_yolo.xml (1943 bytes)
2025-09-10 13:43:05 - [INFO] - [DEBUG PATHS]       FILE: post_mask.png (3476 bytes)
2025-09-10 13:43:05 - [INFO] - [DEBUG PATHS]       FILE: post_original.png (71532 bytes)
2025-09-10 13:43:05 - [INFO] - [DEBUG PATHS]       FILE: post_segm.png (6263 bytes)
2025-09-10 13:43:05 - [INFO] - [DEBUG QUANT FILES] Getting quantification files for: F:\projek dosen\prototype riset\hotspot-analyzer\data\PLANAR\WKW\5001
2025-09-10 13:43:05 - [INFO] - [DEBUG QUANT FILES] Using latest study_date folder: F:\projek dosen\prototype riset\hotspot-analyzer\data\PLANAR\WKW\5001\20250515
2025-09-10 13:43:05 - [INFO] - [DEBUG QUANT FILES] Generated paths:
2025-09-10 13:43:05 - [INFO] - [DEBUG QUANT FILES]   bsi_json_ant: F:\projek dosen\prototype riset\hotspot-analyzer\data\PLANAR\WKW\5001\20250515\bsi_quantification_ant.json (exists: True)
2025-09-10 13:43:05 - [INFO] - [DEBUG QUANT FILES]   bsi_json_post: F:\projek dosen\prototype riset\hotspot-analyzer\data\PLANAR\WKW\5001\20250515\bsi_quantification_post.json (exists: True)
2025-09-10 13:43:05 - [INFO] - [DEBUG PATHS] New quantification paths:
2025-09-10 13:43:05 - [INFO] - [DEBUG PATHS]   bsi_json_ant: F:\projek dosen\prototype riset\hotspot-analyzer\data\PLANAR\WKW\5001\20250515\bsi_quantification_ant.json (exists: True, size: 3675 bytes)
2025-09-10 13:43:05 - [INFO] - [DEBUG PATHS]     Content preview: {
2025-09-10 13:43:05 - [INFO] - "patient_info": {
2025-09-10 13:43:05 - [INFO] - "patient_id": "5001",
2025-09-10 13:43:05 - [INFO] - "study_date": "20250515",
2025-09-10 13:43:05 - [INFO] - "filename_stem": "...
2025-09-10 13:43:05 - [INFO] - [DEBUG PATHS]   bsi_json_post: F:\projek dosen\prototype riset\hotspot-analyzer\data\PLANAR\WKW\5001\20250515\bsi_quantification_post.json (exists: True, size: 3702 bytes)
2025-09-10 13:43:05 - [INFO] - [DEBUG PATHS]     Content preview: {
2025-09-10 13:43:05 - [INFO] - "patient_info": {
2025-09-10 13:43:05 - [INFO] - "patient_id": "5001",
2025-09-10 13:43:05 - [INFO] - "study_date": "20250515",
2025-09-10 13:43:05 - [INFO] - "filename_stem": "...
2025-09-10 13:43:05 - [INFO] - [DEBUG PATHS] Old pattern search:
2025-09-10 13:43:05 - [INFO] - [DEBUG PATHS]   Old anterior: []
2025-09-10 13:43:05 - [INFO] - [DEBUG PATHS]   Old posterior: []
2025-09-10 13:43:05 - [INFO] - [DEBUG SELECT] Found DICOM files: 5
2025-09-10 13:43:05 - [INFO] - [DEBUG SELECT]   DICOM: F:\projek dosen\prototype riset\hotspot-analyzer\data\PLANAR\WKW\5001\20250115\5001_1.dcm
2025-09-10 13:43:05 - [INFO] - [DEBUG SELECT]   DICOM folder: F:\projek dosen\prototype riset\hotspot-analyzer\data\PLANAR\WKW\5001\20250115
2025-09-10 13:43:05 - [INFO] - [DEBUG QUANT FILES] Getting quantification files for: F:\projek dosen\prototype riset\hotspot-analyzer\data\PLANAR\WKW\5001\20250115
2025-09-10 13:43:05 - [INFO] - [DEBUG QUANT FILES] Detected study_date folder: F:\projek dosen\prototype riset\hotspot-analyzer\data\PLANAR\WKW\5001\20250115
2025-09-10 13:43:05 - [INFO] - [DEBUG QUANT FILES] Generated paths:
2025-09-10 13:43:05 - [INFO] - [DEBUG QUANT FILES]   bsi_json_ant: F:\projek dosen\prototype riset\hotspot-analyzer\data\PLANAR\WKW\5001\20250115\bsi_quantification_ant.json (exists: True)
2025-09-10 13:43:05 - [INFO] - [DEBUG QUANT FILES]   bsi_json_post: F:\projek dosen\prototype riset\hotspot-analyzer\data\PLANAR\WKW\5001\20250115\bsi_quantification_post.json (exists: True)
2025-09-10 13:43:05 - [INFO] - [DEBUG SELECT]   BSI files near DICOM:
2025-09-10 13:43:05 - [INFO] - [DEBUG SELECT]     Anterior: True
2025-09-10 13:43:05 - [INFO] - [DEBUG SELECT]     Posterior: True
2025-09-10 13:43:05 - [INFO] - [DEBUG SELECT]   DICOM: F:\projek dosen\prototype riset\hotspot-analyzer\data\PLANAR\WKW\5001\20250214\5001_2.dcm
2025-09-10 13:43:05 - [INFO] - [DEBUG SELECT]   DICOM folder: F:\projek dosen\prototype riset\hotspot-analyzer\data\PLANAR\WKW\5001\20250214
2025-09-10 13:43:05 - [INFO] - [DEBUG QUANT FILES] Getting quantification files for: F:\projek dosen\prototype riset\hotspot-analyzer\data\PLANAR\WKW\5001\20250214
2025-09-10 13:43:05 - [INFO] - [DEBUG QUANT FILES] Detected study_date folder: F:\projek dosen\prototype riset\hotspot-analyzer\data\PLANAR\WKW\5001\20250214
2025-09-10 13:43:05 - [INFO] - [DEBUG QUANT FILES] Generated paths:
2025-09-10 13:43:05 - [INFO] - [DEBUG QUANT FILES]   bsi_json_ant: F:\projek dosen\prototype riset\hotspot-analyzer\data\PLANAR\WKW\5001\20250214\bsi_quantification_ant.json (exists: True)
2025-09-10 13:43:05 - [INFO] - [DEBUG QUANT FILES]   bsi_json_post: F:\projek dosen\prototype riset\hotspot-analyzer\data\PLANAR\WKW\5001\20250214\bsi_quantification_post.json (exists: True)
2025-09-10 13:43:05 - [INFO] - [DEBUG SELECT]   BSI files near DICOM:
2025-09-10 13:43:05 - [INFO] - [DEBUG SELECT]     Anterior: True
2025-09-10 13:43:05 - [INFO] - [DEBUG SELECT]     Posterior: True
2025-09-10 13:43:05 - [INFO] - [DEBUG SELECT]   DICOM: F:\projek dosen\prototype riset\hotspot-analyzer\data\PLANAR\WKW\5001\20250316\5001_3.dcm
2025-09-10 13:43:05 - [INFO] - [DEBUG SELECT]   DICOM folder: F:\projek dosen\prototype riset\hotspot-analyzer\data\PLANAR\WKW\5001\20250316
2025-09-10 13:43:05 - [INFO] - [DEBUG QUANT FILES] Getting quantification files for: F:\projek dosen\prototype riset\hotspot-analyzer\data\PLANAR\WKW\5001\20250316
2025-09-10 13:43:05 - [INFO] - [DEBUG QUANT FILES] Detected study_date folder: F:\projek dosen\prototype riset\hotspot-analyzer\data\PLANAR\WKW\5001\20250316
2025-09-10 13:43:05 - [INFO] - [DEBUG QUANT FILES] Generated paths:
2025-09-10 13:43:05 - [INFO] - [DEBUG QUANT FILES]   bsi_json_ant: F:\projek dosen\prototype riset\hotspot-analyzer\data\PLANAR\WKW\5001\20250316\bsi_quantification_ant.json (exists: True)
2025-09-10 13:43:05 - [INFO] - [DEBUG QUANT FILES]   bsi_json_post: F:\projek dosen\prototype riset\hotspot-analyzer\data\PLANAR\WKW\5001\20250316\bsi_quantification_post.json (exists: True)
2025-09-10 13:43:05 - [INFO] - [DEBUG SELECT]   BSI files near DICOM:
2025-09-10 13:43:05 - [INFO] - [DEBUG SELECT]     Anterior: True
2025-09-10 13:43:05 - [INFO] - [DEBUG SELECT]     Posterior: True
2025-09-10 13:43:05 - [INFO] - [DEBUG SELECT]   DICOM: F:\projek dosen\prototype riset\hotspot-analyzer\data\PLANAR\WKW\5001\20250415\5001_4.dcm
2025-09-10 13:43:05 - [INFO] - [DEBUG SELECT]   DICOM folder: F:\projek dosen\prototype riset\hotspot-analyzer\data\PLANAR\WKW\5001\20250415
2025-09-10 13:43:05 - [INFO] - [DEBUG QUANT FILES] Getting quantification files for: F:\projek dosen\prototype riset\hotspot-analyzer\data\PLANAR\WKW\5001\20250415
2025-09-10 13:43:05 - [INFO] - [DEBUG QUANT FILES] Detected study_date folder: F:\projek dosen\prototype riset\hotspot-analyzer\data\PLANAR\WKW\5001\20250415
2025-09-10 13:43:05 - [INFO] - [DEBUG QUANT FILES] Generated paths:
2025-09-10 13:43:05 - [INFO] - [DEBUG QUANT FILES]   bsi_json_ant: F:\projek dosen\prototype riset\hotspot-analyzer\data\PLANAR\WKW\5001\20250415\bsi_quantification_ant.json (exists: True)
2025-09-10 13:43:05 - [INFO] - [DEBUG QUANT FILES]   bsi_json_post: F:\projek dosen\prototype riset\hotspot-analyzer\data\PLANAR\WKW\5001\20250415\bsi_quantification_post.json (exists: True)
2025-09-10 13:43:05 - [INFO] - [DEBUG SELECT]   BSI files near DICOM:
2025-09-10 13:43:05 - [INFO] - [DEBUG SELECT]     Anterior: True
2025-09-10 13:43:05 - [INFO] - [DEBUG SELECT]     Posterior: True
2025-09-10 13:43:05 - [INFO] - [DEBUG SELECT]   DICOM: F:\projek dosen\prototype riset\hotspot-analyzer\data\PLANAR\WKW\5001\20250515\5001_5.dcm
2025-09-10 13:43:05 - [INFO] - [DEBUG SELECT]   DICOM folder: F:\projek dosen\prototype riset\hotspot-analyzer\data\PLANAR\WKW\5001\20250515
2025-09-10 13:43:05 - [INFO] - [DEBUG QUANT FILES] Getting quantification files for: F:\projek dosen\prototype riset\hotspot-analyzer\data\PLANAR\WKW\5001\20250515
2025-09-10 13:43:05 - [INFO] - [DEBUG QUANT FILES] Detected study_date folder: F:\projek dosen\prototype riset\hotspot-analyzer\data\PLANAR\WKW\5001\20250515
2025-09-10 13:43:05 - [INFO] - [DEBUG QUANT FILES] Generated paths:
2025-09-10 13:43:05 - [INFO] - [DEBUG QUANT FILES]   bsi_json_ant: F:\projek dosen\prototype riset\hotspot-analyzer\data\PLANAR\WKW\5001\20250515\bsi_quantification_ant.json (exists: True)
2025-09-10 13:43:05 - [INFO] - [DEBUG QUANT FILES]   bsi_json_post: F:\projek dosen\prototype riset\hotspot-analyzer\data\PLANAR\WKW\5001\20250515\bsi_quantification_post.json (exists: True)
2025-09-10 13:43:05 - [INFO] - [DEBUG SELECT]   BSI files near DICOM:
2025-09-10 13:43:05 - [INFO] - [DEBUG SELECT]     Anterior: True
2025-09-10 13:43:05 - [INFO] - [DEBUG SELECT]     Posterior: True
2025-09-10 13:43:05 - [INFO] - [DEBUG] Loading patient: 5001 from session: WKW
2025-09-10 13:43:05 - [INFO] - [CACHE DEBUG] Cache key: 5001_WKW
2025-09-10 13:43:05 - [INFO] - [CACHE DEBUG] Existing cache keys: ['5001_WKW', '5002_WKW', '0001077172_WKW']
2025-09-10 13:43:05 - [INFO] - [DEBUG] Data untuk 5001_WKW ditemukan di cache.
2025-09-10 13:43:05 - [INFO] - [DEBUG] Layers changed to: []
2025-09-10 13:43:05 - [INFO] - [SMART UPDATE] Change type: layers
2025-09-10 13:43:05 - [INFO] - [SMART UPDATE] Layers removed: ['Image']
2025-09-10 13:43:05 - [INFO] - [DEBUG] Timeline active layers set to: []
2025-09-10 13:43:05 - [INFO] - [SMART UPDATE] Full rebuild required for change type: layers
2025-09-10 13:43:05 - [INFO] - [DEBUG] Rebuilding timeline for active scan index: 0
2025-09-10 13:43:05 - [INFO] - [DEBUG] Creating CLASSIFICATION card 0 for view: Anterior
2025-09-10 13:43:05 - [INFO] - [DEBUG] Active layers selected: []
2025-09-10 13:43:05 - [INFO] - [DEBUG] DICOM path: F:\projek dosen\prototype riset\hotspot-analyzer\data\PLANAR\WKW\0001077172\20250807\ANT001_DS.dcm
2025-09-10 13:43:05 - [INFO] - [DEBUG] Current view: Anterior
2025-09-10 13:43:05 - [INFO] - [CACHE DEBUG] use_cache=False
2025-09-10 13:43:05 - [INFO] - [CACHE DEBUG] has_adjustments=False (B=0.00, C=1.00)
2025-09-10 13:43:05 - [INFO] - [CACHE DEBUG] has_overrides=False (override_b=None, override_c=None)
2025-09-10 13:43:05 - [INFO] - [CACHE DEBUG] invert_original=True
2025-09-10 13:43:05 - [INFO] - [CACHE SKIP] Skipping cache due to adjustments/overrides/invert
2025-09-10 13:43:05 - [INFO] - [DEBUG] Path extraction: session=WKW, patient=0001077172, study_date=20250807
2025-09-10 13:43:05 - [INFO] - [DEBUG] Extracted patient info - ID: 0001077172, Session: WKW
2025-09-10 13:43:05 - [INFO] - [DEBUG] Original path: F:\projek dosen\prototype riset\hotspot-analyzer\data\PLANAR\WKW\0001077172\20250807\ANT001_DS.dcm
2025-09-10 13:43:05 - [INFO] - [DEBUG] Study date: 20250807
2025-09-10 13:43:05 - [INFO] - [DEBUG] Patient ID: 0001077172
2025-09-10 13:43:05 - [INFO] - [DEBUG] Session code: WKW
2025-09-10 13:43:05 - [INFO] - [DEBUG] Study date folder: F:\projek dosen\prototype riset\hotspot-analyzer\data\PLANAR\WKW\0001077172\20250807
2025-09-10 13:43:05 - [INFO] - [DEBUG] Loading original image for Anterior
2025-09-10 13:43:05 - [INFO] - [DEBUG] Looking for original PNG in study_date dir: F:\projek dosen\prototype riset\hotspot-analyzer\data\PLANAR\WKW\0001077172\20250807\ant_original.png
2025-09-10 13:43:05 - [DEBUG] - STREAM b'IHDR' 16 13
2025-09-10 13:43:05 - [DEBUG] - STREAM b'IDAT' 41 65536
2025-09-10 13:43:05 - [INFO] - [DEBUG] Loaded original PNG from study_date dir: (256, 1024)
2025-09-10 13:43:05 - [INFO] - [DEBUG] Original image loaded: (256, 1024)
2025-09-10 13:43:05 - [INFO] - [DEBUG] Applying invert to original image
2025-09-10 13:43:05 - [INFO] - [DEBUG] simple_invert_pil_image: Processing L image, size = (256, 1024)
2025-09-10 13:43:05 - [INFO] - [DEBUG] simple_invert_image: input shape = (1024, 256), dtype = uint8
2025-09-10 13:43:05 - [INFO] - [DEBUG] Simple inversion completed: [0-255] -> [0-255]
2025-09-10 13:43:05 - [INFO] - [DEBUG] simple_invert_pil_image: completed
2025-09-10 13:43:05 - [INFO] - [DEBUG] Using STORED B/C values: B=0.00, C=1.00
2025-09-10 13:43:05 - [INFO] - [DEBUG]   Image layer loaded and processed
2025-09-10 13:43:05 - [INFO] - [DEBUG] Loading segmentation layer for Anterior
2025-09-10 13:43:05 - [INFO] - [DEBUG] Looking for segmentation (NEWEST): F:\projek dosen\prototype riset\hotspot-analyzer\data\PLANAR\WKW\0001077172\20250807\ant_segm.png
2025-09-10 13:43:05 - [DEBUG] - STREAM b'IHDR' 16 13
2025-09-10 13:43:05 - [DEBUG] - STREAM b'IDAT' 41 5181
2025-09-10 13:43:05 - [INFO] - [DEBUG]   Loaded segmentation with transparency: F:\projek dosen\prototype riset\hotspot-analyzer\data\PLANAR\WKW\0001077172\20250807\ant_segm.png
2025-09-10 13:43:05 - [INFO] - [DEBUG] Segmentation type: ORIGINAL
2025-09-10 13:43:05 - [INFO] - [DEBUG] Loading hotspot layer for Anterior
2025-09-10 13:43:05 - [INFO] - [DEBUG] Looking for hotspot classification (NEWEST): F:\projek dosen\prototype riset\hotspot-analyzer\data\PLANAR\WKW\0001077172\20250807\ant_hotspot_classification.png
2025-09-10 13:43:05 - [INFO] - [DEBUG] No hotspot classification found: F:\projek dosen\prototype riset\hotspot-analyzer\data\PLANAR\WKW\0001077172\20250807\ant_hotspot_classification.png
2025-09-10 13:43:05 - [INFO] - [DEBUG] Loading bbox layer for Anterior
2025-09-10 13:43:05 - [INFO] - [DEBUG] Looking for classification XML (NEWEST): F:\projek dosen\prototype riset\hotspot-analyzer\data\PLANAR\WKW\0001077172\20250807\ant_hotspot_classification.xml
2025-09-10 13:43:05 - [INFO] - [DEBUG] No classification XML found: F:\projek dosen\prototype riset\hotspot-analyzer\data\PLANAR\WKW\0001077172\20250807\ant_hotspot_classification.xml
2025-09-10 13:43:05 - [INFO] - [CACHE STORE] Not caching due to adjustments/overrides/invert
2025-09-10 13:43:05 - [INFO] - [DEBUG]   Loaded 2 layers for Anterior: ['Image', 'Segmentation']
2025-09-10 13:43:05 - [INFO] - [DEBUG] Available CLASSIFICATION layers in files: ['Image', 'Segmentation']
2025-09-10 13:43:05 - [INFO] - [DEBUG] Creating CLASSIFICATION card 0 for view: Posterior
2025-09-10 13:43:05 - [INFO] - [DEBUG] Active layers selected: []
2025-09-10 13:43:05 - [INFO] - [DEBUG] DICOM path: F:\projek dosen\prototype riset\hotspot-analyzer\data\PLANAR\WKW\0001077172\20250807\ANT001_DS.dcm
2025-09-10 13:43:05 - [INFO] - [DEBUG] Current view: Posterior
2025-09-10 13:43:05 - [INFO] - [CACHE DEBUG] use_cache=False
2025-09-10 13:43:05 - [INFO] - [CACHE DEBUG] has_adjustments=False (B=0.00, C=1.00)
2025-09-10 13:43:05 - [INFO] - [CACHE DEBUG] has_overrides=False (override_b=None, override_c=None)
2025-09-10 13:43:05 - [INFO] - [CACHE DEBUG] invert_original=True
2025-09-10 13:43:05 - [INFO] - [CACHE SKIP] Skipping cache due to adjustments/overrides/invert
2025-09-10 13:43:05 - [INFO] - [DEBUG] Path extraction: session=WKW, patient=0001077172, study_date=20250807
2025-09-10 13:43:05 - [INFO] - [DEBUG] Extracted patient info - ID: 0001077172, Session: WKW
2025-09-10 13:43:05 - [INFO] - [DEBUG] Original path: F:\projek dosen\prototype riset\hotspot-analyzer\data\PLANAR\WKW\0001077172\20250807\ANT001_DS.dcm
2025-09-10 13:43:05 - [INFO] - [DEBUG] Study date: 20250807
2025-09-10 13:43:05 - [INFO] - [DEBUG] Patient ID: 0001077172
2025-09-10 13:43:05 - [INFO] - [DEBUG] Session code: WKW
2025-09-10 13:43:05 - [INFO] - [DEBUG] Study date folder: F:\projek dosen\prototype riset\hotspot-analyzer\data\PLANAR\WKW\0001077172\20250807
2025-09-10 13:43:05 - [INFO] - [DEBUG] Loading original image for Posterior
2025-09-10 13:43:05 - [INFO] - [DEBUG] Looking for original PNG in study_date dir: F:\projek dosen\prototype riset\hotspot-analyzer\data\PLANAR\WKW\0001077172\20250807\post_original.png
2025-09-10 13:43:05 - [DEBUG] - STREAM b'IHDR' 16 13
2025-09-10 13:43:05 - [DEBUG] - STREAM b'IDAT' 41 65536
2025-09-10 13:43:05 - [INFO] - [DEBUG] Loaded original PNG from study_date dir: (256, 1024)
2025-09-10 13:43:05 - [INFO] - [DEBUG] Original image loaded: (256, 1024)
2025-09-10 13:43:05 - [INFO] - [DEBUG] Applying invert to original image
2025-09-10 13:43:05 - [INFO] - [DEBUG] simple_invert_pil_image: Processing L image, size = (256, 1024)
2025-09-10 13:43:05 - [INFO] - [DEBUG] simple_invert_image: input shape = (1024, 256), dtype = uint8
2025-09-10 13:43:05 - [INFO] - [DEBUG] Simple inversion completed: [0-255] -> [0-255]
2025-09-10 13:43:05 - [INFO] - [DEBUG] simple_invert_pil_image: completed
2025-09-10 13:43:05 - [INFO] - [DEBUG] Using STORED B/C values: B=0.00, C=1.00
2025-09-10 13:43:05 - [INFO] - [DEBUG]   Image layer loaded and processed
2025-09-10 13:43:05 - [INFO] - [DEBUG] Loading segmentation layer for Posterior
2025-09-10 13:43:05 - [INFO] - [DEBUG] Looking for segmentation (NEWEST): F:\projek dosen\prototype riset\hotspot-analyzer\data\PLANAR\WKW\0001077172\20250807\post_segm.png
2025-09-10 13:43:05 - [DEBUG] - STREAM b'IHDR' 16 13
2025-09-10 13:43:05 - [DEBUG] - STREAM b'IDAT' 41 13727
2025-09-10 13:43:05 - [INFO] - [DEBUG]   Loaded segmentation with transparency: F:\projek dosen\prototype riset\hotspot-analyzer\data\PLANAR\WKW\0001077172\20250807\post_segm.png
2025-09-10 13:43:05 - [INFO] - [DEBUG] Segmentation type: ORIGINAL
2025-09-10 13:43:05 - [INFO] - [DEBUG] Loading hotspot layer for Posterior
2025-09-10 13:43:05 - [INFO] - [DEBUG] Looking for hotspot classification (NEWEST): F:\projek dosen\prototype riset\hotspot-analyzer\data\PLANAR\WKW\0001077172\20250807\post_hotspot_classification.png
2025-09-10 13:43:05 - [INFO] - [DEBUG] No hotspot classification found: F:\projek dosen\prototype riset\hotspot-analyzer\data\PLANAR\WKW\0001077172\20250807\post_hotspot_classification.png
2025-09-10 13:43:05 - [INFO] - [DEBUG] Loading bbox layer for Posterior
2025-09-10 13:43:05 - [INFO] - [DEBUG] Looking for classification XML (NEWEST): F:\projek dosen\prototype riset\hotspot-analyzer\data\PLANAR\WKW\0001077172\20250807\post_hotspot_classification.xml
2025-09-10 13:43:05 - [INFO] - [DEBUG] No classification XML found: F:\projek dosen\prototype riset\hotspot-analyzer\data\PLANAR\WKW\0001077172\20250807\post_hotspot_classification.xml
2025-09-10 13:43:05 - [INFO] - [CACHE STORE] Not caching due to adjustments/overrides/invert
2025-09-10 13:43:05 - [INFO] - [DEBUG]   Loaded 2 layers for Posterior: ['Image', 'Segmentation']
2025-09-10 13:43:05 - [INFO] - [DEBUG] Available CLASSIFICATION layers in files: ['Image', 'Segmentation']
2025-09-10 13:43:05 - [INFO] - [SMART UPDATE] State updated - Type: full
2025-09-10 13:43:05 - [INFO] - [SMART UPDATE] State updated - Type: layers
2025-09-10 13:43:05 - [INFO] - [DEBUG] Path extraction: session=WKW, patient=0001077172, study_date=20250807
2025-09-10 13:43:05 - [INFO] - [DEBUG] Extracted patient info - ID: 0001077172, Session: WKW
2025-09-10 13:43:05 - [INFO] - [DEBUG] Original path: F:\projek dosen\prototype riset\hotspot-analyzer\data\PLANAR\WKW\0001077172\20250807\ANT001_DS.dcm
2025-09-10 13:43:05 - [INFO] - [EDIT BUTTONS] Has scan: True, Has seg data: True, Can edit hotspot: True
2025-09-10 13:43:05 - [INFO] - [EDIT BUTTONS] Seg button enabled: True, Hotspot button enabled: True
2025-09-10 13:43:05 - [INFO] - [SMART UPDATE] Change type: none
2025-09-10 13:43:05 - [INFO] - [DEBUG] Timeline active layers set to: []
2025-09-10 13:43:05 - [INFO] - [SMART UPDATE] No changes detected, skipping update
2025-09-10 13:43:05 - [INFO] - [DEBUG] Set Image opacity to 1.00
2025-09-10 13:43:05 - [INFO] - [SMART UPDATE] Change type: none
2025-09-10 13:43:05 - [INFO] - [SMART UPDATE] Using full rebuild for opacity change
2025-09-10 13:43:05 - [INFO] - [DEBUG] Rebuilding timeline for active scan index: 0
2025-09-10 13:43:05 - [INFO] - [DEBUG] Creating CLASSIFICATION card 0 for view: Anterior
2025-09-10 13:43:05 - [INFO] - [DEBUG] Active layers selected: []
2025-09-10 13:43:05 - [INFO] - [DEBUG] DICOM path: F:\projek dosen\prototype riset\hotspot-analyzer\data\PLANAR\WKW\0001077172\20250807\ANT001_DS.dcm
2025-09-10 13:43:05 - [INFO] - [DEBUG] Current view: Anterior
2025-09-10 13:43:05 - [INFO] - [CACHE DEBUG] use_cache=False
2025-09-10 13:43:05 - [INFO] - [CACHE DEBUG] has_adjustments=False (B=0.00, C=1.00)
2025-09-10 13:43:05 - [INFO] - [CACHE DEBUG] has_overrides=False (override_b=None, override_c=None)
2025-09-10 13:43:05 - [INFO] - [CACHE DEBUG] invert_original=True
2025-09-10 13:43:05 - [INFO] - [CACHE SKIP] Skipping cache due to adjustments/overrides/invert
2025-09-10 13:43:05 - [INFO] - [DEBUG] Path extraction: session=WKW, patient=0001077172, study_date=20250807
2025-09-10 13:43:05 - [INFO] - [DEBUG] Extracted patient info - ID: 0001077172, Session: WKW
2025-09-10 13:43:05 - [INFO] - [DEBUG] Original path: F:\projek dosen\prototype riset\hotspot-analyzer\data\PLANAR\WKW\0001077172\20250807\ANT001_DS.dcm
2025-09-10 13:43:05 - [INFO] - [DEBUG] Study date: 20250807
2025-09-10 13:43:05 - [INFO] - [DEBUG] Patient ID: 0001077172
2025-09-10 13:43:05 - [INFO] - [DEBUG] Session code: WKW
2025-09-10 13:43:05 - [INFO] - [DEBUG] Study date folder: F:\projek dosen\prototype riset\hotspot-analyzer\data\PLANAR\WKW\0001077172\20250807
2025-09-10 13:43:05 - [INFO] - [DEBUG] Loading original image for Anterior
2025-09-10 13:43:05 - [INFO] - [DEBUG] Looking for original PNG in study_date dir: F:\projek dosen\prototype riset\hotspot-analyzer\data\PLANAR\WKW\0001077172\20250807\ant_original.png
2025-09-10 13:43:05 - [DEBUG] - STREAM b'IHDR' 16 13
2025-09-10 13:43:05 - [DEBUG] - STREAM b'IDAT' 41 65536
2025-09-10 13:43:05 - [INFO] - [DEBUG] Loaded original PNG from study_date dir: (256, 1024)
2025-09-10 13:43:05 - [INFO] - [DEBUG] Original image loaded: (256, 1024)
2025-09-10 13:43:05 - [INFO] - [DEBUG] Applying invert to original image
2025-09-10 13:43:05 - [INFO] - [DEBUG] simple_invert_pil_image: Processing L image, size = (256, 1024)
2025-09-10 13:43:05 - [INFO] - [DEBUG] simple_invert_image: input shape = (1024, 256), dtype = uint8
2025-09-10 13:43:05 - [INFO] - [DEBUG] Simple inversion completed: [0-255] -> [0-255]
2025-09-10 13:43:05 - [INFO] - [DEBUG] simple_invert_pil_image: completed
2025-09-10 13:43:05 - [INFO] - [DEBUG] Using STORED B/C values: B=0.00, C=1.00
2025-09-10 13:43:05 - [INFO] - [DEBUG]   Image layer loaded and processed
2025-09-10 13:43:05 - [INFO] - [DEBUG] Loading segmentation layer for Anterior
2025-09-10 13:43:05 - [INFO] - [DEBUG] Looking for segmentation (NEWEST): F:\projek dosen\prototype riset\hotspot-analyzer\data\PLANAR\WKW\0001077172\20250807\ant_segm.png
2025-09-10 13:43:05 - [DEBUG] - STREAM b'IHDR' 16 13
2025-09-10 13:43:05 - [DEBUG] - STREAM b'IDAT' 41 5181
2025-09-10 13:43:05 - [INFO] - [DEBUG]   Loaded segmentation with transparency: F:\projek dosen\prototype riset\hotspot-analyzer\data\PLANAR\WKW\0001077172\20250807\ant_segm.png
2025-09-10 13:43:05 - [INFO] - [DEBUG] Segmentation type: ORIGINAL
2025-09-10 13:43:05 - [INFO] - [DEBUG] Loading hotspot layer for Anterior
2025-09-10 13:43:05 - [INFO] - [DEBUG] Looking for hotspot classification (NEWEST): F:\projek dosen\prototype riset\hotspot-analyzer\data\PLANAR\WKW\0001077172\20250807\ant_hotspot_classification.png
2025-09-10 13:43:05 - [INFO] - [DEBUG] No hotspot classification found: F:\projek dosen\prototype riset\hotspot-analyzer\data\PLANAR\WKW\0001077172\20250807\ant_hotspot_classification.png
2025-09-10 13:43:05 - [INFO] - [DEBUG] Loading bbox layer for Anterior
2025-09-10 13:43:05 - [INFO] - [DEBUG] Looking for classification XML (NEWEST): F:\projek dosen\prototype riset\hotspot-analyzer\data\PLANAR\WKW\0001077172\20250807\ant_hotspot_classification.xml
2025-09-10 13:43:05 - [INFO] - [DEBUG] No classification XML found: F:\projek dosen\prototype riset\hotspot-analyzer\data\PLANAR\WKW\0001077172\20250807\ant_hotspot_classification.xml
2025-09-10 13:43:05 - [INFO] - [CACHE STORE] Not caching due to adjustments/overrides/invert
2025-09-10 13:43:05 - [INFO] - [DEBUG]   Loaded 2 layers for Anterior: ['Image', 'Segmentation']
2025-09-10 13:43:05 - [INFO] - [DEBUG] Available CLASSIFICATION layers in files: ['Image', 'Segmentation']
2025-09-10 13:43:05 - [INFO] - [DEBUG] Creating CLASSIFICATION card 0 for view: Posterior
2025-09-10 13:43:05 - [INFO] - [DEBUG] Active layers selected: []
2025-09-10 13:43:05 - [INFO] - [DEBUG] DICOM path: F:\projek dosen\prototype riset\hotspot-analyzer\data\PLANAR\WKW\0001077172\20250807\ANT001_DS.dcm
2025-09-10 13:43:05 - [INFO] - [DEBUG] Current view: Posterior
2025-09-10 13:43:05 - [INFO] - [CACHE DEBUG] use_cache=False
2025-09-10 13:43:05 - [INFO] - [CACHE DEBUG] has_adjustments=False (B=0.00, C=1.00)
2025-09-10 13:43:05 - [INFO] - [CACHE DEBUG] has_overrides=False (override_b=None, override_c=None)
2025-09-10 13:43:05 - [INFO] - [CACHE DEBUG] invert_original=True
2025-09-10 13:43:05 - [INFO] - [CACHE SKIP] Skipping cache due to adjustments/overrides/invert
2025-09-10 13:43:05 - [INFO] - [DEBUG] Path extraction: session=WKW, patient=0001077172, study_date=20250807
2025-09-10 13:43:05 - [INFO] - [DEBUG] Extracted patient info - ID: 0001077172, Session: WKW
2025-09-10 13:43:05 - [INFO] - [DEBUG] Original path: F:\projek dosen\prototype riset\hotspot-analyzer\data\PLANAR\WKW\0001077172\20250807\ANT001_DS.dcm
2025-09-10 13:43:05 - [INFO] - [DEBUG] Study date: 20250807
2025-09-10 13:43:05 - [INFO] - [DEBUG] Patient ID: 0001077172
2025-09-10 13:43:05 - [INFO] - [DEBUG] Session code: WKW
2025-09-10 13:43:05 - [INFO] - [DEBUG] Study date folder: F:\projek dosen\prototype riset\hotspot-analyzer\data\PLANAR\WKW\0001077172\20250807
2025-09-10 13:43:05 - [INFO] - [DEBUG] Loading original image for Posterior
2025-09-10 13:43:05 - [INFO] - [DEBUG] Looking for original PNG in study_date dir: F:\projek dosen\prototype riset\hotspot-analyzer\data\PLANAR\WKW\0001077172\20250807\post_original.png
2025-09-10 13:43:05 - [DEBUG] - STREAM b'IHDR' 16 13
2025-09-10 13:43:05 - [DEBUG] - STREAM b'IDAT' 41 65536
2025-09-10 13:43:05 - [INFO] - [DEBUG] Loaded original PNG from study_date dir: (256, 1024)
2025-09-10 13:43:05 - [INFO] - [DEBUG] Original image loaded: (256, 1024)
2025-09-10 13:43:05 - [INFO] - [DEBUG] Applying invert to original image
2025-09-10 13:43:05 - [INFO] - [DEBUG] simple_invert_pil_image: Processing L image, size = (256, 1024)
2025-09-10 13:43:05 - [INFO] - [DEBUG] simple_invert_image: input shape = (1024, 256), dtype = uint8
2025-09-10 13:43:05 - [INFO] - [DEBUG] Simple inversion completed: [0-255] -> [0-255]
2025-09-10 13:43:05 - [INFO] - [DEBUG] simple_invert_pil_image: completed
2025-09-10 13:43:05 - [INFO] - [DEBUG] Using STORED B/C values: B=0.00, C=1.00
2025-09-10 13:43:05 - [INFO] - [DEBUG]   Image layer loaded and processed
2025-09-10 13:43:05 - [INFO] - [DEBUG] Loading segmentation layer for Posterior
2025-09-10 13:43:05 - [INFO] - [DEBUG] Looking for segmentation (NEWEST): F:\projek dosen\prototype riset\hotspot-analyzer\data\PLANAR\WKW\0001077172\20250807\post_segm.png
2025-09-10 13:43:05 - [DEBUG] - STREAM b'IHDR' 16 13
2025-09-10 13:43:05 - [DEBUG] - STREAM b'IDAT' 41 13727
2025-09-10 13:43:05 - [INFO] - [DEBUG]   Loaded segmentation with transparency: F:\projek dosen\prototype riset\hotspot-analyzer\data\PLANAR\WKW\0001077172\20250807\post_segm.png
2025-09-10 13:43:05 - [INFO] - [DEBUG] Segmentation type: ORIGINAL
2025-09-10 13:43:05 - [INFO] - [DEBUG] Loading hotspot layer for Posterior
2025-09-10 13:43:05 - [INFO] - [DEBUG] Looking for hotspot classification (NEWEST): F:\projek dosen\prototype riset\hotspot-analyzer\data\PLANAR\WKW\0001077172\20250807\post_hotspot_classification.png
2025-09-10 13:43:05 - [INFO] - [DEBUG] No hotspot classification found: F:\projek dosen\prototype riset\hotspot-analyzer\data\PLANAR\WKW\0001077172\20250807\post_hotspot_classification.png
2025-09-10 13:43:05 - [INFO] - [DEBUG] Loading bbox layer for Posterior
2025-09-10 13:43:05 - [INFO] - [DEBUG] Looking for classification XML (NEWEST): F:\projek dosen\prototype riset\hotspot-analyzer\data\PLANAR\WKW\0001077172\20250807\post_hotspot_classification.xml
2025-09-10 13:43:05 - [INFO] - [DEBUG] No classification XML found: F:\projek dosen\prototype riset\hotspot-analyzer\data\PLANAR\WKW\0001077172\20250807\post_hotspot_classification.xml
2025-09-10 13:43:05 - [INFO] - [CACHE STORE] Not caching due to adjustments/overrides/invert
2025-09-10 13:43:05 - [INFO] - [DEBUG]   Loaded 2 layers for Posterior: ['Image', 'Segmentation']
2025-09-10 13:43:05 - [INFO] - [DEBUG] Available CLASSIFICATION layers in files: ['Image', 'Segmentation']
2025-09-10 13:43:05 - [INFO] - [SMART UPDATE] State updated - Type: full
2025-09-10 13:43:05 - [INFO] - [SMART UPDATE] State updated - Type: rebuild
2025-09-10 13:43:05 - [INFO] - [DEBUG] Set Segmentation opacity to 0.35
2025-09-10 13:43:05 - [INFO] - [SMART UPDATE] Change type: none
2025-09-10 13:43:05 - [INFO] - [SMART UPDATE] Using full rebuild for opacity change
2025-09-10 13:43:05 - [INFO] - [DEBUG] Rebuilding timeline for active scan index: 0
2025-09-10 13:43:05 - [INFO] - [DEBUG] Creating CLASSIFICATION card 0 for view: Anterior
2025-09-10 13:43:05 - [INFO] - [DEBUG] Active layers selected: []
2025-09-10 13:43:05 - [INFO] - [DEBUG] DICOM path: F:\projek dosen\prototype riset\hotspot-analyzer\data\PLANAR\WKW\0001077172\20250807\ANT001_DS.dcm
2025-09-10 13:43:05 - [INFO] - [DEBUG] Current view: Anterior
2025-09-10 13:43:05 - [INFO] - [CACHE DEBUG] use_cache=False
2025-09-10 13:43:05 - [INFO] - [CACHE DEBUG] has_adjustments=False (B=0.00, C=1.00)
2025-09-10 13:43:05 - [INFO] - [CACHE DEBUG] has_overrides=False (override_b=None, override_c=None)
2025-09-10 13:43:05 - [INFO] - [CACHE DEBUG] invert_original=True
2025-09-10 13:43:05 - [INFO] - [CACHE SKIP] Skipping cache due to adjustments/overrides/invert
2025-09-10 13:43:05 - [INFO] - [DEBUG] Path extraction: session=WKW, patient=0001077172, study_date=20250807
2025-09-10 13:43:05 - [INFO] - [DEBUG] Extracted patient info - ID: 0001077172, Session: WKW
2025-09-10 13:43:05 - [INFO] - [DEBUG] Original path: F:\projek dosen\prototype riset\hotspot-analyzer\data\PLANAR\WKW\0001077172\20250807\ANT001_DS.dcm
2025-09-10 13:43:05 - [INFO] - [DEBUG] Study date: 20250807
2025-09-10 13:43:05 - [INFO] - [DEBUG] Patient ID: 0001077172
2025-09-10 13:43:05 - [INFO] - [DEBUG] Session code: WKW
2025-09-10 13:43:05 - [INFO] - [DEBUG] Study date folder: F:\projek dosen\prototype riset\hotspot-analyzer\data\PLANAR\WKW\0001077172\20250807
2025-09-10 13:43:05 - [INFO] - [DEBUG] Loading original image for Anterior
2025-09-10 13:43:05 - [INFO] - [DEBUG] Looking for original PNG in study_date dir: F:\projek dosen\prototype riset\hotspot-analyzer\data\PLANAR\WKW\0001077172\20250807\ant_original.png
2025-09-10 13:43:05 - [DEBUG] - STREAM b'IHDR' 16 13
2025-09-10 13:43:05 - [DEBUG] - STREAM b'IDAT' 41 65536
2025-09-10 13:43:05 - [INFO] - [DEBUG] Loaded original PNG from study_date dir: (256, 1024)
2025-09-10 13:43:05 - [INFO] - [DEBUG] Original image loaded: (256, 1024)
2025-09-10 13:43:05 - [INFO] - [DEBUG] Applying invert to original image
2025-09-10 13:43:05 - [INFO] - [DEBUG] simple_invert_pil_image: Processing L image, size = (256, 1024)
2025-09-10 13:43:05 - [INFO] - [DEBUG] simple_invert_image: input shape = (1024, 256), dtype = uint8
2025-09-10 13:43:05 - [INFO] - [DEBUG] Simple inversion completed: [0-255] -> [0-255]
2025-09-10 13:43:05 - [INFO] - [DEBUG] simple_invert_pil_image: completed
2025-09-10 13:43:05 - [INFO] - [DEBUG] Using STORED B/C values: B=0.00, C=1.00
2025-09-10 13:43:05 - [INFO] - [DEBUG]   Image layer loaded and processed
2025-09-10 13:43:05 - [INFO] - [DEBUG] Loading segmentation layer for Anterior
2025-09-10 13:43:05 - [INFO] - [DEBUG] Looking for segmentation (NEWEST): F:\projek dosen\prototype riset\hotspot-analyzer\data\PLANAR\WKW\0001077172\20250807\ant_segm.png
2025-09-10 13:43:05 - [DEBUG] - STREAM b'IHDR' 16 13
2025-09-10 13:43:05 - [DEBUG] - STREAM b'IDAT' 41 5181
2025-09-10 13:43:05 - [INFO] - [DEBUG]   Loaded segmentation with transparency: F:\projek dosen\prototype riset\hotspot-analyzer\data\PLANAR\WKW\0001077172\20250807\ant_segm.png
2025-09-10 13:43:05 - [INFO] - [DEBUG] Segmentation type: ORIGINAL
2025-09-10 13:43:05 - [INFO] - [DEBUG] Loading hotspot layer for Anterior
2025-09-10 13:43:05 - [INFO] - [DEBUG] Looking for hotspot classification (NEWEST): F:\projek dosen\prototype riset\hotspot-analyzer\data\PLANAR\WKW\0001077172\20250807\ant_hotspot_classification.png
2025-09-10 13:43:05 - [INFO] - [DEBUG] No hotspot classification found: F:\projek dosen\prototype riset\hotspot-analyzer\data\PLANAR\WKW\0001077172\20250807\ant_hotspot_classification.png
2025-09-10 13:43:05 - [INFO] - [DEBUG] Loading bbox layer for Anterior
2025-09-10 13:43:05 - [INFO] - [DEBUG] Looking for classification XML (NEWEST): F:\projek dosen\prototype riset\hotspot-analyzer\data\PLANAR\WKW\0001077172\20250807\ant_hotspot_classification.xml
2025-09-10 13:43:05 - [INFO] - [DEBUG] No classification XML found: F:\projek dosen\prototype riset\hotspot-analyzer\data\PLANAR\WKW\0001077172\20250807\ant_hotspot_classification.xml
2025-09-10 13:43:05 - [INFO] - [CACHE STORE] Not caching due to adjustments/overrides/invert
2025-09-10 13:43:05 - [INFO] - [DEBUG]   Loaded 2 layers for Anterior: ['Image', 'Segmentation']
2025-09-10 13:43:05 - [INFO] - [DEBUG] Available CLASSIFICATION layers in files: ['Image', 'Segmentation']
2025-09-10 13:43:05 - [INFO] - [DEBUG] Creating CLASSIFICATION card 0 for view: Posterior
2025-09-10 13:43:05 - [INFO] - [DEBUG] Active layers selected: []
2025-09-10 13:43:05 - [INFO] - [DEBUG] DICOM path: F:\projek dosen\prototype riset\hotspot-analyzer\data\PLANAR\WKW\0001077172\20250807\ANT001_DS.dcm
2025-09-10 13:43:05 - [INFO] - [DEBUG] Current view: Posterior
2025-09-10 13:43:05 - [INFO] - [CACHE DEBUG] use_cache=False
2025-09-10 13:43:05 - [INFO] - [CACHE DEBUG] has_adjustments=False (B=0.00, C=1.00)
2025-09-10 13:43:05 - [INFO] - [CACHE DEBUG] has_overrides=False (override_b=None, override_c=None)
2025-09-10 13:43:05 - [INFO] - [CACHE DEBUG] invert_original=True
2025-09-10 13:43:05 - [INFO] - [CACHE SKIP] Skipping cache due to adjustments/overrides/invert
2025-09-10 13:43:05 - [INFO] - [DEBUG] Path extraction: session=WKW, patient=0001077172, study_date=20250807
2025-09-10 13:43:05 - [INFO] - [DEBUG] Extracted patient info - ID: 0001077172, Session: WKW
2025-09-10 13:43:05 - [INFO] - [DEBUG] Original path: F:\projek dosen\prototype riset\hotspot-analyzer\data\PLANAR\WKW\0001077172\20250807\ANT001_DS.dcm
2025-09-10 13:43:05 - [INFO] - [DEBUG] Study date: 20250807
2025-09-10 13:43:05 - [INFO] - [DEBUG] Patient ID: 0001077172
2025-09-10 13:43:05 - [INFO] - [DEBUG] Session code: WKW
2025-09-10 13:43:05 - [INFO] - [DEBUG] Study date folder: F:\projek dosen\prototype riset\hotspot-analyzer\data\PLANAR\WKW\0001077172\20250807
2025-09-10 13:43:05 - [INFO] - [DEBUG] Loading original image for Posterior
2025-09-10 13:43:05 - [INFO] - [DEBUG] Looking for original PNG in study_date dir: F:\projek dosen\prototype riset\hotspot-analyzer\data\PLANAR\WKW\0001077172\20250807\post_original.png
2025-09-10 13:43:05 - [DEBUG] - STREAM b'IHDR' 16 13
2025-09-10 13:43:05 - [DEBUG] - STREAM b'IDAT' 41 65536
2025-09-10 13:43:05 - [INFO] - [DEBUG] Loaded original PNG from study_date dir: (256, 1024)
2025-09-10 13:43:05 - [INFO] - [DEBUG] Original image loaded: (256, 1024)
2025-09-10 13:43:05 - [INFO] - [DEBUG] Applying invert to original image
2025-09-10 13:43:05 - [INFO] - [DEBUG] simple_invert_pil_image: Processing L image, size = (256, 1024)
2025-09-10 13:43:05 - [INFO] - [DEBUG] simple_invert_image: input shape = (1024, 256), dtype = uint8
2025-09-10 13:43:05 - [INFO] - [DEBUG] Simple inversion completed: [0-255] -> [0-255]
2025-09-10 13:43:05 - [INFO] - [DEBUG] simple_invert_pil_image: completed
2025-09-10 13:43:05 - [INFO] - [DEBUG] Using STORED B/C values: B=0.00, C=1.00
2025-09-10 13:43:05 - [INFO] - [DEBUG]   Image layer loaded and processed
2025-09-10 13:43:05 - [INFO] - [DEBUG] Loading segmentation layer for Posterior
2025-09-10 13:43:05 - [INFO] - [DEBUG] Looking for segmentation (NEWEST): F:\projek dosen\prototype riset\hotspot-analyzer\data\PLANAR\WKW\0001077172\20250807\post_segm.png
2025-09-10 13:43:05 - [DEBUG] - STREAM b'IHDR' 16 13
2025-09-10 13:43:05 - [DEBUG] - STREAM b'IDAT' 41 13727
2025-09-10 13:43:05 - [INFO] - [DEBUG]   Loaded segmentation with transparency: F:\projek dosen\prototype riset\hotspot-analyzer\data\PLANAR\WKW\0001077172\20250807\post_segm.png
2025-09-10 13:43:05 - [INFO] - [DEBUG] Segmentation type: ORIGINAL
2025-09-10 13:43:05 - [INFO] - [DEBUG] Loading hotspot layer for Posterior
2025-09-10 13:43:05 - [INFO] - [DEBUG] Looking for hotspot classification (NEWEST): F:\projek dosen\prototype riset\hotspot-analyzer\data\PLANAR\WKW\0001077172\20250807\post_hotspot_classification.png
2025-09-10 13:43:05 - [INFO] - [DEBUG] No hotspot classification found: F:\projek dosen\prototype riset\hotspot-analyzer\data\PLANAR\WKW\0001077172\20250807\post_hotspot_classification.png
2025-09-10 13:43:05 - [INFO] - [DEBUG] Loading bbox layer for Posterior
2025-09-10 13:43:05 - [INFO] - [DEBUG] Looking for classification XML (NEWEST): F:\projek dosen\prototype riset\hotspot-analyzer\data\PLANAR\WKW\0001077172\20250807\post_hotspot_classification.xml
2025-09-10 13:43:05 - [INFO] - [DEBUG] No classification XML found: F:\projek dosen\prototype riset\hotspot-analyzer\data\PLANAR\WKW\0001077172\20250807\post_hotspot_classification.xml
2025-09-10 13:43:05 - [INFO] - [CACHE STORE] Not caching due to adjustments/overrides/invert
2025-09-10 13:43:05 - [INFO] - [DEBUG]   Loaded 2 layers for Posterior: ['Image', 'Segmentation']
2025-09-10 13:43:05 - [INFO] - [DEBUG] Available CLASSIFICATION layers in files: ['Image', 'Segmentation']
2025-09-10 13:43:05 - [INFO] - [SMART UPDATE] State updated - Type: full
2025-09-10 13:43:05 - [INFO] - [SMART UPDATE] State updated - Type: rebuild
2025-09-10 13:43:05 - [INFO] - [DEBUG] Set Hotspot opacity to 0.50
2025-09-10 13:43:05 - [INFO] - [SMART UPDATE] Change type: none
2025-09-10 13:43:05 - [INFO] - [SMART UPDATE] Using full rebuild for opacity change
2025-09-10 13:43:05 - [INFO] - [DEBUG] Rebuilding timeline for active scan index: 0
2025-09-10 13:43:05 - [INFO] - [DEBUG] Creating CLASSIFICATION card 0 for view: Anterior
2025-09-10 13:43:05 - [INFO] - [DEBUG] Active layers selected: []
2025-09-10 13:43:05 - [INFO] - [DEBUG] DICOM path: F:\projek dosen\prototype riset\hotspot-analyzer\data\PLANAR\WKW\0001077172\20250807\ANT001_DS.dcm
2025-09-10 13:43:05 - [INFO] - [DEBUG] Current view: Anterior
2025-09-10 13:43:05 - [INFO] - [CACHE DEBUG] use_cache=False
2025-09-10 13:43:05 - [INFO] - [CACHE DEBUG] has_adjustments=False (B=0.00, C=1.00)
2025-09-10 13:43:05 - [INFO] - [CACHE DEBUG] has_overrides=False (override_b=None, override_c=None)
2025-09-10 13:43:05 - [INFO] - [CACHE DEBUG] invert_original=True
2025-09-10 13:43:05 - [INFO] - [CACHE SKIP] Skipping cache due to adjustments/overrides/invert
2025-09-10 13:43:05 - [INFO] - [DEBUG] Path extraction: session=WKW, patient=0001077172, study_date=20250807
2025-09-10 13:43:05 - [INFO] - [DEBUG] Extracted patient info - ID: 0001077172, Session: WKW
2025-09-10 13:43:05 - [INFO] - [DEBUG] Original path: F:\projek dosen\prototype riset\hotspot-analyzer\data\PLANAR\WKW\0001077172\20250807\ANT001_DS.dcm
2025-09-10 13:43:05 - [INFO] - [DEBUG] Study date: 20250807
2025-09-10 13:43:05 - [INFO] - [DEBUG] Patient ID: 0001077172
2025-09-10 13:43:05 - [INFO] - [DEBUG] Session code: WKW
2025-09-10 13:43:05 - [INFO] - [DEBUG] Study date folder: F:\projek dosen\prototype riset\hotspot-analyzer\data\PLANAR\WKW\0001077172\20250807
2025-09-10 13:43:05 - [INFO] - [DEBUG] Loading original image for Anterior
2025-09-10 13:43:05 - [INFO] - [DEBUG] Looking for original PNG in study_date dir: F:\projek dosen\prototype riset\hotspot-analyzer\data\PLANAR\WKW\0001077172\20250807\ant_original.png
2025-09-10 13:43:05 - [DEBUG] - STREAM b'IHDR' 16 13
2025-09-10 13:43:05 - [DEBUG] - STREAM b'IDAT' 41 65536
2025-09-10 13:43:05 - [INFO] - [DEBUG] Loaded original PNG from study_date dir: (256, 1024)
2025-09-10 13:43:05 - [INFO] - [DEBUG] Original image loaded: (256, 1024)
2025-09-10 13:43:05 - [INFO] - [DEBUG] Applying invert to original image
2025-09-10 13:43:05 - [INFO] - [DEBUG] simple_invert_pil_image: Processing L image, size = (256, 1024)
2025-09-10 13:43:05 - [INFO] - [DEBUG] simple_invert_image: input shape = (1024, 256), dtype = uint8
2025-09-10 13:43:05 - [INFO] - [DEBUG] Simple inversion completed: [0-255] -> [0-255]
2025-09-10 13:43:05 - [INFO] - [DEBUG] simple_invert_pil_image: completed
2025-09-10 13:43:05 - [INFO] - [DEBUG] Using STORED B/C values: B=0.00, C=1.00
2025-09-10 13:43:05 - [INFO] - [DEBUG]   Image layer loaded and processed
2025-09-10 13:43:05 - [INFO] - [DEBUG] Loading segmentation layer for Anterior
2025-09-10 13:43:05 - [INFO] - [DEBUG] Looking for segmentation (NEWEST): F:\projek dosen\prototype riset\hotspot-analyzer\data\PLANAR\WKW\0001077172\20250807\ant_segm.png
2025-09-10 13:43:05 - [DEBUG] - STREAM b'IHDR' 16 13
2025-09-10 13:43:05 - [DEBUG] - STREAM b'IDAT' 41 5181
2025-09-10 13:43:05 - [INFO] - [DEBUG]   Loaded segmentation with transparency: F:\projek dosen\prototype riset\hotspot-analyzer\data\PLANAR\WKW\0001077172\20250807\ant_segm.png
2025-09-10 13:43:05 - [INFO] - [DEBUG] Segmentation type: ORIGINAL
2025-09-10 13:43:05 - [INFO] - [DEBUG] Loading hotspot layer for Anterior
2025-09-10 13:43:05 - [INFO] - [DEBUG] Looking for hotspot classification (NEWEST): F:\projek dosen\prototype riset\hotspot-analyzer\data\PLANAR\WKW\0001077172\20250807\ant_hotspot_classification.png
2025-09-10 13:43:05 - [INFO] - [DEBUG] No hotspot classification found: F:\projek dosen\prototype riset\hotspot-analyzer\data\PLANAR\WKW\0001077172\20250807\ant_hotspot_classification.png
2025-09-10 13:43:05 - [INFO] - [DEBUG] Loading bbox layer for Anterior
2025-09-10 13:43:05 - [INFO] - [DEBUG] Looking for classification XML (NEWEST): F:\projek dosen\prototype riset\hotspot-analyzer\data\PLANAR\WKW\0001077172\20250807\ant_hotspot_classification.xml
2025-09-10 13:43:05 - [INFO] - [DEBUG] No classification XML found: F:\projek dosen\prototype riset\hotspot-analyzer\data\PLANAR\WKW\0001077172\20250807\ant_hotspot_classification.xml
2025-09-10 13:43:05 - [INFO] - [CACHE STORE] Not caching due to adjustments/overrides/invert
2025-09-10 13:43:05 - [INFO] - [DEBUG]   Loaded 2 layers for Anterior: ['Image', 'Segmentation']
2025-09-10 13:43:05 - [INFO] - [DEBUG] Available CLASSIFICATION layers in files: ['Image', 'Segmentation']
2025-09-10 13:43:05 - [INFO] - [DEBUG] Creating CLASSIFICATION card 0 for view: Posterior
2025-09-10 13:43:05 - [INFO] - [DEBUG] Active layers selected: []
2025-09-10 13:43:05 - [INFO] - [DEBUG] DICOM path: F:\projek dosen\prototype riset\hotspot-analyzer\data\PLANAR\WKW\0001077172\20250807\ANT001_DS.dcm
2025-09-10 13:43:05 - [INFO] - [DEBUG] Current view: Posterior
2025-09-10 13:43:05 - [INFO] - [CACHE DEBUG] use_cache=False
2025-09-10 13:43:05 - [INFO] - [CACHE DEBUG] has_adjustments=False (B=0.00, C=1.00)
2025-09-10 13:43:05 - [INFO] - [CACHE DEBUG] has_overrides=False (override_b=None, override_c=None)
2025-09-10 13:43:05 - [INFO] - [CACHE DEBUG] invert_original=True
2025-09-10 13:43:05 - [INFO] - [CACHE SKIP] Skipping cache due to adjustments/overrides/invert
2025-09-10 13:43:05 - [INFO] - [DEBUG] Path extraction: session=WKW, patient=0001077172, study_date=20250807
2025-09-10 13:43:05 - [INFO] - [DEBUG] Extracted patient info - ID: 0001077172, Session: WKW
2025-09-10 13:43:05 - [INFO] - [DEBUG] Original path: F:\projek dosen\prototype riset\hotspot-analyzer\data\PLANAR\WKW\0001077172\20250807\ANT001_DS.dcm
2025-09-10 13:43:05 - [INFO] - [DEBUG] Study date: 20250807
2025-09-10 13:43:05 - [INFO] - [DEBUG] Patient ID: 0001077172
2025-09-10 13:43:05 - [INFO] - [DEBUG] Session code: WKW
2025-09-10 13:43:05 - [INFO] - [DEBUG] Study date folder: F:\projek dosen\prototype riset\hotspot-analyzer\data\PLANAR\WKW\0001077172\20250807
2025-09-10 13:43:05 - [INFO] - [DEBUG] Loading original image for Posterior
2025-09-10 13:43:05 - [INFO] - [DEBUG] Looking for original PNG in study_date dir: F:\projek dosen\prototype riset\hotspot-analyzer\data\PLANAR\WKW\0001077172\20250807\post_original.png
2025-09-10 13:43:05 - [DEBUG] - STREAM b'IHDR' 16 13
2025-09-10 13:43:05 - [DEBUG] - STREAM b'IDAT' 41 65536
2025-09-10 13:43:05 - [INFO] - [DEBUG] Loaded original PNG from study_date dir: (256, 1024)
2025-09-10 13:43:05 - [INFO] - [DEBUG] Original image loaded: (256, 1024)
2025-09-10 13:43:05 - [INFO] - [DEBUG] Applying invert to original image
2025-09-10 13:43:05 - [INFO] - [DEBUG] simple_invert_pil_image: Processing L image, size = (256, 1024)
2025-09-10 13:43:05 - [INFO] - [DEBUG] simple_invert_image: input shape = (1024, 256), dtype = uint8
2025-09-10 13:43:05 - [INFO] - [DEBUG] Simple inversion completed: [0-255] -> [0-255]
2025-09-10 13:43:05 - [INFO] - [DEBUG] simple_invert_pil_image: completed
2025-09-10 13:43:05 - [INFO] - [DEBUG] Using STORED B/C values: B=0.00, C=1.00
2025-09-10 13:43:05 - [INFO] - [DEBUG]   Image layer loaded and processed
2025-09-10 13:43:05 - [INFO] - [DEBUG] Loading segmentation layer for Posterior
2025-09-10 13:43:05 - [INFO] - [DEBUG] Looking for segmentation (NEWEST): F:\projek dosen\prototype riset\hotspot-analyzer\data\PLANAR\WKW\0001077172\20250807\post_segm.png
2025-09-10 13:43:05 - [DEBUG] - STREAM b'IHDR' 16 13
2025-09-10 13:43:05 - [DEBUG] - STREAM b'IDAT' 41 13727
2025-09-10 13:43:05 - [INFO] - [DEBUG]   Loaded segmentation with transparency: F:\projek dosen\prototype riset\hotspot-analyzer\data\PLANAR\WKW\0001077172\20250807\post_segm.png
2025-09-10 13:43:05 - [INFO] - [DEBUG] Segmentation type: ORIGINAL
2025-09-10 13:43:05 - [INFO] - [DEBUG] Loading hotspot layer for Posterior
2025-09-10 13:43:05 - [INFO] - [DEBUG] Looking for hotspot classification (NEWEST): F:\projek dosen\prototype riset\hotspot-analyzer\data\PLANAR\WKW\0001077172\20250807\post_hotspot_classification.png
2025-09-10 13:43:05 - [INFO] - [DEBUG] No hotspot classification found: F:\projek dosen\prototype riset\hotspot-analyzer\data\PLANAR\WKW\0001077172\20250807\post_hotspot_classification.png
2025-09-10 13:43:05 - [INFO] - [DEBUG] Loading bbox layer for Posterior
2025-09-10 13:43:05 - [INFO] - [DEBUG] Looking for classification XML (NEWEST): F:\projek dosen\prototype riset\hotspot-analyzer\data\PLANAR\WKW\0001077172\20250807\post_hotspot_classification.xml
2025-09-10 13:43:05 - [INFO] - [DEBUG] No classification XML found: F:\projek dosen\prototype riset\hotspot-analyzer\data\PLANAR\WKW\0001077172\20250807\post_hotspot_classification.xml
2025-09-10 13:43:05 - [INFO] - [CACHE STORE] Not caching due to adjustments/overrides/invert
2025-09-10 13:43:05 - [INFO] - [DEBUG]   Loaded 2 layers for Posterior: ['Image', 'Segmentation']
2025-09-10 13:43:05 - [INFO] - [DEBUG] Available CLASSIFICATION layers in files: ['Image', 'Segmentation']
2025-09-10 13:43:05 - [INFO] - [SMART UPDATE] State updated - Type: full
2025-09-10 13:43:05 - [INFO] - [SMART UPDATE] State updated - Type: rebuild
2025-09-10 13:43:05 - [INFO] - [DEBUG] Set HotspotBBox opacity to 1.00
2025-09-10 13:43:05 - [INFO] - [SMART UPDATE] Change type: none
2025-09-10 13:43:05 - [INFO] - [SMART UPDATE] Using full rebuild for opacity change
2025-09-10 13:43:05 - [INFO] - [DEBUG] Rebuilding timeline for active scan index: 0
2025-09-10 13:43:05 - [INFO] - [DEBUG] Creating CLASSIFICATION card 0 for view: Anterior
2025-09-10 13:43:05 - [INFO] - [DEBUG] Active layers selected: []
2025-09-10 13:43:05 - [INFO] - [DEBUG] DICOM path: F:\projek dosen\prototype riset\hotspot-analyzer\data\PLANAR\WKW\0001077172\20250807\ANT001_DS.dcm
2025-09-10 13:43:05 - [INFO] - [DEBUG] Current view: Anterior
2025-09-10 13:43:05 - [INFO] - [CACHE DEBUG] use_cache=False
2025-09-10 13:43:05 - [INFO] - [CACHE DEBUG] has_adjustments=False (B=0.00, C=1.00)
2025-09-10 13:43:05 - [INFO] - [CACHE DEBUG] has_overrides=False (override_b=None, override_c=None)
2025-09-10 13:43:05 - [INFO] - [CACHE DEBUG] invert_original=True
2025-09-10 13:43:05 - [INFO] - [CACHE SKIP] Skipping cache due to adjustments/overrides/invert
2025-09-10 13:43:05 - [INFO] - [DEBUG] Path extraction: session=WKW, patient=0001077172, study_date=20250807
2025-09-10 13:43:05 - [INFO] - [DEBUG] Extracted patient info - ID: 0001077172, Session: WKW
2025-09-10 13:43:05 - [INFO] - [DEBUG] Original path: F:\projek dosen\prototype riset\hotspot-analyzer\data\PLANAR\WKW\0001077172\20250807\ANT001_DS.dcm
2025-09-10 13:43:05 - [INFO] - [DEBUG] Study date: 20250807
2025-09-10 13:43:05 - [INFO] - [DEBUG] Patient ID: 0001077172
2025-09-10 13:43:05 - [INFO] - [DEBUG] Session code: WKW
2025-09-10 13:43:05 - [INFO] - [DEBUG] Study date folder: F:\projek dosen\prototype riset\hotspot-analyzer\data\PLANAR\WKW\0001077172\20250807
2025-09-10 13:43:05 - [INFO] - [DEBUG] Loading original image for Anterior
2025-09-10 13:43:05 - [INFO] - [DEBUG] Looking for original PNG in study_date dir: F:\projek dosen\prototype riset\hotspot-analyzer\data\PLANAR\WKW\0001077172\20250807\ant_original.png
2025-09-10 13:43:05 - [DEBUG] - STREAM b'IHDR' 16 13
2025-09-10 13:43:05 - [DEBUG] - STREAM b'IDAT' 41 65536
2025-09-10 13:43:05 - [INFO] - [DEBUG] Loaded original PNG from study_date dir: (256, 1024)
2025-09-10 13:43:05 - [INFO] - [DEBUG] Original image loaded: (256, 1024)
2025-09-10 13:43:05 - [INFO] - [DEBUG] Applying invert to original image
2025-09-10 13:43:05 - [INFO] - [DEBUG] simple_invert_pil_image: Processing L image, size = (256, 1024)
2025-09-10 13:43:05 - [INFO] - [DEBUG] simple_invert_image: input shape = (1024, 256), dtype = uint8
2025-09-10 13:43:05 - [INFO] - [DEBUG] Simple inversion completed: [0-255] -> [0-255]
2025-09-10 13:43:05 - [INFO] - [DEBUG] simple_invert_pil_image: completed
2025-09-10 13:43:05 - [INFO] - [DEBUG] Using STORED B/C values: B=0.00, C=1.00
2025-09-10 13:43:05 - [INFO] - [DEBUG]   Image layer loaded and processed
2025-09-10 13:43:05 - [INFO] - [DEBUG] Loading segmentation layer for Anterior
2025-09-10 13:43:05 - [INFO] - [DEBUG] Looking for segmentation (NEWEST): F:\projek dosen\prototype riset\hotspot-analyzer\data\PLANAR\WKW\0001077172\20250807\ant_segm.png
2025-09-10 13:43:05 - [DEBUG] - STREAM b'IHDR' 16 13
2025-09-10 13:43:05 - [DEBUG] - STREAM b'IDAT' 41 5181
2025-09-10 13:43:05 - [INFO] - [DEBUG]   Loaded segmentation with transparency: F:\projek dosen\prototype riset\hotspot-analyzer\data\PLANAR\WKW\0001077172\20250807\ant_segm.png
2025-09-10 13:43:05 - [INFO] - [DEBUG] Segmentation type: ORIGINAL
2025-09-10 13:43:05 - [INFO] - [DEBUG] Loading hotspot layer for Anterior
2025-09-10 13:43:05 - [INFO] - [DEBUG] Looking for hotspot classification (NEWEST): F:\projek dosen\prototype riset\hotspot-analyzer\data\PLANAR\WKW\0001077172\20250807\ant_hotspot_classification.png
2025-09-10 13:43:05 - [INFO] - [DEBUG] No hotspot classification found: F:\projek dosen\prototype riset\hotspot-analyzer\data\PLANAR\WKW\0001077172\20250807\ant_hotspot_classification.png
2025-09-10 13:43:05 - [INFO] - [DEBUG] Loading bbox layer for Anterior
2025-09-10 13:43:05 - [INFO] - [DEBUG] Looking for classification XML (NEWEST): F:\projek dosen\prototype riset\hotspot-analyzer\data\PLANAR\WKW\0001077172\20250807\ant_hotspot_classification.xml
2025-09-10 13:43:05 - [INFO] - [DEBUG] No classification XML found: F:\projek dosen\prototype riset\hotspot-analyzer\data\PLANAR\WKW\0001077172\20250807\ant_hotspot_classification.xml
2025-09-10 13:43:05 - [INFO] - [CACHE STORE] Not caching due to adjustments/overrides/invert
2025-09-10 13:43:05 - [INFO] - [DEBUG]   Loaded 2 layers for Anterior: ['Image', 'Segmentation']
2025-09-10 13:43:05 - [INFO] - [DEBUG] Available CLASSIFICATION layers in files: ['Image', 'Segmentation']
2025-09-10 13:43:05 - [INFO] - [DEBUG] Creating CLASSIFICATION card 0 for view: Posterior
2025-09-10 13:43:05 - [INFO] - [DEBUG] Active layers selected: []
2025-09-10 13:43:05 - [INFO] - [DEBUG] DICOM path: F:\projek dosen\prototype riset\hotspot-analyzer\data\PLANAR\WKW\0001077172\20250807\ANT001_DS.dcm
2025-09-10 13:43:05 - [INFO] - [DEBUG] Current view: Posterior
2025-09-10 13:43:05 - [INFO] - [CACHE DEBUG] use_cache=False
2025-09-10 13:43:05 - [INFO] - [CACHE DEBUG] has_adjustments=False (B=0.00, C=1.00)
2025-09-10 13:43:05 - [INFO] - [CACHE DEBUG] has_overrides=False (override_b=None, override_c=None)
2025-09-10 13:43:05 - [INFO] - [CACHE DEBUG] invert_original=True
2025-09-10 13:43:05 - [INFO] - [CACHE SKIP] Skipping cache due to adjustments/overrides/invert
2025-09-10 13:43:05 - [INFO] - [DEBUG] Path extraction: session=WKW, patient=0001077172, study_date=20250807
2025-09-10 13:43:05 - [INFO] - [DEBUG] Extracted patient info - ID: 0001077172, Session: WKW
2025-09-10 13:43:05 - [INFO] - [DEBUG] Original path: F:\projek dosen\prototype riset\hotspot-analyzer\data\PLANAR\WKW\0001077172\20250807\ANT001_DS.dcm
2025-09-10 13:43:05 - [INFO] - [DEBUG] Study date: 20250807
2025-09-10 13:43:05 - [INFO] - [DEBUG] Patient ID: 0001077172
2025-09-10 13:43:05 - [INFO] - [DEBUG] Session code: WKW
2025-09-10 13:43:05 - [INFO] - [DEBUG] Study date folder: F:\projek dosen\prototype riset\hotspot-analyzer\data\PLANAR\WKW\0001077172\20250807
2025-09-10 13:43:05 - [INFO] - [DEBUG] Loading original image for Posterior
2025-09-10 13:43:05 - [INFO] - [DEBUG] Looking for original PNG in study_date dir: F:\projek dosen\prototype riset\hotspot-analyzer\data\PLANAR\WKW\0001077172\20250807\post_original.png
2025-09-10 13:43:05 - [DEBUG] - STREAM b'IHDR' 16 13
2025-09-10 13:43:05 - [DEBUG] - STREAM b'IDAT' 41 65536
2025-09-10 13:43:05 - [INFO] - [DEBUG] Loaded original PNG from study_date dir: (256, 1024)
2025-09-10 13:43:05 - [INFO] - [DEBUG] Original image loaded: (256, 1024)
2025-09-10 13:43:05 - [INFO] - [DEBUG] Applying invert to original image
2025-09-10 13:43:05 - [INFO] - [DEBUG] simple_invert_pil_image: Processing L image, size = (256, 1024)
2025-09-10 13:43:05 - [INFO] - [DEBUG] simple_invert_image: input shape = (1024, 256), dtype = uint8
2025-09-10 13:43:05 - [INFO] - [DEBUG] Simple inversion completed: [0-255] -> [0-255]
2025-09-10 13:43:05 - [INFO] - [DEBUG] simple_invert_pil_image: completed
2025-09-10 13:43:05 - [INFO] - [DEBUG] Using STORED B/C values: B=0.00, C=1.00
2025-09-10 13:43:05 - [INFO] - [DEBUG]   Image layer loaded and processed
2025-09-10 13:43:05 - [INFO] - [DEBUG] Loading segmentation layer for Posterior
2025-09-10 13:43:05 - [INFO] - [DEBUG] Looking for segmentation (NEWEST): F:\projek dosen\prototype riset\hotspot-analyzer\data\PLANAR\WKW\0001077172\20250807\post_segm.png
2025-09-10 13:43:05 - [DEBUG] - STREAM b'IHDR' 16 13
2025-09-10 13:43:05 - [DEBUG] - STREAM b'IDAT' 41 13727
2025-09-10 13:43:05 - [INFO] - [DEBUG]   Loaded segmentation with transparency: F:\projek dosen\prototype riset\hotspot-analyzer\data\PLANAR\WKW\0001077172\20250807\post_segm.png
2025-09-10 13:43:05 - [INFO] - [DEBUG] Segmentation type: ORIGINAL
2025-09-10 13:43:05 - [INFO] - [DEBUG] Loading hotspot layer for Posterior
2025-09-10 13:43:05 - [INFO] - [DEBUG] Looking for hotspot classification (NEWEST): F:\projek dosen\prototype riset\hotspot-analyzer\data\PLANAR\WKW\0001077172\20250807\post_hotspot_classification.png
2025-09-10 13:43:05 - [INFO] - [DEBUG] No hotspot classification found: F:\projek dosen\prototype riset\hotspot-analyzer\data\PLANAR\WKW\0001077172\20250807\post_hotspot_classification.png
2025-09-10 13:43:05 - [INFO] - [DEBUG] Loading bbox layer for Posterior
2025-09-10 13:43:05 - [INFO] - [DEBUG] Looking for classification XML (NEWEST): F:\projek dosen\prototype riset\hotspot-analyzer\data\PLANAR\WKW\0001077172\20250807\post_hotspot_classification.xml
2025-09-10 13:43:05 - [INFO] - [DEBUG] No classification XML found: F:\projek dosen\prototype riset\hotspot-analyzer\data\PLANAR\WKW\0001077172\20250807\post_hotspot_classification.xml
2025-09-10 13:43:05 - [INFO] - [CACHE STORE] Not caching due to adjustments/overrides/invert
2025-09-10 13:43:05 - [INFO] - [DEBUG]   Loaded 2 layers for Posterior: ['Image', 'Segmentation']
2025-09-10 13:43:05 - [INFO] - [DEBUG] Available CLASSIFICATION layers in files: ['Image', 'Segmentation']
2025-09-10 13:43:05 - [INFO] - [SMART UPDATE] State updated - Type: full
2025-09-10 13:43:05 - [INFO] - [SMART UPDATE] State updated - Type: rebuild
2025-09-10 13:43:05 - [INFO] - [DEBUG] Setting default layers: 'Image' checkbox should now be ON.
2025-09-10 13:43:05 - [INFO] - [DEBUG] Active layers: ['Image']
2025-09-10 13:43:05 - [INFO] - [DEBUG] Layers changed to: ['Image']
2025-09-10 13:43:05 - [INFO] - [SMART UPDATE] Change type: layers
2025-09-10 13:43:05 - [INFO] - [SMART UPDATE] Layers added: ['Image']
2025-09-10 13:43:05 - [INFO] - [DEBUG] Timeline active layers set to: ['Image']
2025-09-10 13:43:05 - [INFO] - [SMART UPDATE] Full rebuild required for change type: layers
2025-09-10 13:43:05 - [INFO] - [DEBUG] Rebuilding timeline for active scan index: 0
2025-09-10 13:43:05 - [INFO] - [DEBUG] Creating CLASSIFICATION card 0 for view: Anterior
2025-09-10 13:43:05 - [INFO] - [DEBUG] Active layers selected: ['Image']
2025-09-10 13:43:05 - [INFO] - [DEBUG] DICOM path: F:\projek dosen\prototype riset\hotspot-analyzer\data\PLANAR\WKW\0001077172\20250807\ANT001_DS.dcm
2025-09-10 13:43:05 - [INFO] - [DEBUG] Current view: Anterior
2025-09-10 13:43:05 - [INFO] - [CACHE DEBUG] use_cache=False
2025-09-10 13:43:05 - [INFO] - [CACHE DEBUG] has_adjustments=False (B=0.00, C=1.00)
2025-09-10 13:43:05 - [INFO] - [CACHE DEBUG] has_overrides=False (override_b=None, override_c=None)
2025-09-10 13:43:05 - [INFO] - [CACHE DEBUG] invert_original=True
2025-09-10 13:43:05 - [INFO] - [CACHE SKIP] Skipping cache due to adjustments/overrides/invert
2025-09-10 13:43:05 - [INFO] - [DEBUG] Path extraction: session=WKW, patient=0001077172, study_date=20250807
2025-09-10 13:43:05 - [INFO] - [DEBUG] Extracted patient info - ID: 0001077172, Session: WKW
2025-09-10 13:43:05 - [INFO] - [DEBUG] Original path: F:\projek dosen\prototype riset\hotspot-analyzer\data\PLANAR\WKW\0001077172\20250807\ANT001_DS.dcm
2025-09-10 13:43:05 - [INFO] - [DEBUG] Study date: 20250807
2025-09-10 13:43:05 - [INFO] - [DEBUG] Patient ID: 0001077172
2025-09-10 13:43:05 - [INFO] - [DEBUG] Session code: WKW
2025-09-10 13:43:05 - [INFO] - [DEBUG] Study date folder: F:\projek dosen\prototype riset\hotspot-analyzer\data\PLANAR\WKW\0001077172\20250807
2025-09-10 13:43:05 - [INFO] - [DEBUG] Loading original image for Anterior
2025-09-10 13:43:05 - [INFO] - [DEBUG] Looking for original PNG in study_date dir: F:\projek dosen\prototype riset\hotspot-analyzer\data\PLANAR\WKW\0001077172\20250807\ant_original.png
2025-09-10 13:43:05 - [DEBUG] - STREAM b'IHDR' 16 13
2025-09-10 13:43:05 - [DEBUG] - STREAM b'IDAT' 41 65536
2025-09-10 13:43:05 - [INFO] - [DEBUG] Loaded original PNG from study_date dir: (256, 1024)
2025-09-10 13:43:05 - [INFO] - [DEBUG] Original image loaded: (256, 1024)
2025-09-10 13:43:05 - [INFO] - [DEBUG] Applying invert to original image
2025-09-10 13:43:05 - [INFO] - [DEBUG] simple_invert_pil_image: Processing L image, size = (256, 1024)
2025-09-10 13:43:05 - [INFO] - [DEBUG] simple_invert_image: input shape = (1024, 256), dtype = uint8
2025-09-10 13:43:05 - [INFO] - [DEBUG] Simple inversion completed: [0-255] -> [0-255]
2025-09-10 13:43:05 - [INFO] - [DEBUG] simple_invert_pil_image: completed
2025-09-10 13:43:05 - [INFO] - [DEBUG] Using STORED B/C values: B=0.00, C=1.00
2025-09-10 13:43:05 - [INFO] - [DEBUG]   Image layer loaded and processed
2025-09-10 13:43:05 - [INFO] - [DEBUG] Loading segmentation layer for Anterior
2025-09-10 13:43:05 - [INFO] - [DEBUG] Looking for segmentation (NEWEST): F:\projek dosen\prototype riset\hotspot-analyzer\data\PLANAR\WKW\0001077172\20250807\ant_segm.png
2025-09-10 13:43:05 - [DEBUG] - STREAM b'IHDR' 16 13
2025-09-10 13:43:05 - [DEBUG] - STREAM b'IDAT' 41 5181
2025-09-10 13:43:05 - [INFO] - [DEBUG]   Loaded segmentation with transparency: F:\projek dosen\prototype riset\hotspot-analyzer\data\PLANAR\WKW\0001077172\20250807\ant_segm.png
2025-09-10 13:43:05 - [INFO] - [DEBUG] Segmentation type: ORIGINAL
2025-09-10 13:43:05 - [INFO] - [DEBUG] Loading hotspot layer for Anterior
2025-09-10 13:43:05 - [INFO] - [DEBUG] Looking for hotspot classification (NEWEST): F:\projek dosen\prototype riset\hotspot-analyzer\data\PLANAR\WKW\0001077172\20250807\ant_hotspot_classification.png
2025-09-10 13:43:05 - [INFO] - [DEBUG] No hotspot classification found: F:\projek dosen\prototype riset\hotspot-analyzer\data\PLANAR\WKW\0001077172\20250807\ant_hotspot_classification.png
2025-09-10 13:43:05 - [INFO] - [DEBUG] Loading bbox layer for Anterior
2025-09-10 13:43:05 - [INFO] - [DEBUG] Looking for classification XML (NEWEST): F:\projek dosen\prototype riset\hotspot-analyzer\data\PLANAR\WKW\0001077172\20250807\ant_hotspot_classification.xml
2025-09-10 13:43:05 - [INFO] - [DEBUG] No classification XML found: F:\projek dosen\prototype riset\hotspot-analyzer\data\PLANAR\WKW\0001077172\20250807\ant_hotspot_classification.xml
2025-09-10 13:43:05 - [INFO] - [CACHE STORE] Not caching due to adjustments/overrides/invert
2025-09-10 13:43:05 - [INFO] - [DEBUG]   Loaded 2 layers for Anterior: ['Image', 'Segmentation']
2025-09-10 13:43:05 - [INFO] - [DEBUG] Available CLASSIFICATION layers in files: ['Image', 'Segmentation']
2025-09-10 13:43:05 - [INFO] - [DEBUG]   Added CLASSIFICATION Image to card 0 (opacity: 1.00)
2025-09-10 13:43:05 - [INFO] - [DEBUG]   CLASSIFICATION card 0 composite created with layers: ['Image']
2025-09-10 13:43:05 - [INFO] - [DEBUG] Creating CLASSIFICATION card 0 for view: Posterior
2025-09-10 13:43:05 - [INFO] - [DEBUG] Active layers selected: ['Image']
2025-09-10 13:43:05 - [INFO] - [DEBUG] DICOM path: F:\projek dosen\prototype riset\hotspot-analyzer\data\PLANAR\WKW\0001077172\20250807\ANT001_DS.dcm
2025-09-10 13:43:05 - [INFO] - [DEBUG] Current view: Posterior
2025-09-10 13:43:05 - [INFO] - [CACHE DEBUG] use_cache=False
2025-09-10 13:43:05 - [INFO] - [CACHE DEBUG] has_adjustments=False (B=0.00, C=1.00)
2025-09-10 13:43:05 - [INFO] - [CACHE DEBUG] has_overrides=False (override_b=None, override_c=None)
2025-09-10 13:43:05 - [INFO] - [CACHE DEBUG] invert_original=True
2025-09-10 13:43:05 - [INFO] - [CACHE SKIP] Skipping cache due to adjustments/overrides/invert
2025-09-10 13:43:05 - [INFO] - [DEBUG] Path extraction: session=WKW, patient=0001077172, study_date=20250807
2025-09-10 13:43:05 - [INFO] - [DEBUG] Extracted patient info - ID: 0001077172, Session: WKW
2025-09-10 13:43:05 - [INFO] - [DEBUG] Original path: F:\projek dosen\prototype riset\hotspot-analyzer\data\PLANAR\WKW\0001077172\20250807\ANT001_DS.dcm
2025-09-10 13:43:05 - [INFO] - [DEBUG] Study date: 20250807
2025-09-10 13:43:05 - [INFO] - [DEBUG] Patient ID: 0001077172
2025-09-10 13:43:05 - [INFO] - [DEBUG] Session code: WKW
2025-09-10 13:43:05 - [INFO] - [DEBUG] Study date folder: F:\projek dosen\prototype riset\hotspot-analyzer\data\PLANAR\WKW\0001077172\20250807
2025-09-10 13:43:05 - [INFO] - [DEBUG] Loading original image for Posterior
2025-09-10 13:43:05 - [INFO] - [DEBUG] Looking for original PNG in study_date dir: F:\projek dosen\prototype riset\hotspot-analyzer\data\PLANAR\WKW\0001077172\20250807\post_original.png
2025-09-10 13:43:05 - [DEBUG] - STREAM b'IHDR' 16 13
2025-09-10 13:43:05 - [DEBUG] - STREAM b'IDAT' 41 65536
2025-09-10 13:43:05 - [INFO] - [DEBUG] Loaded original PNG from study_date dir: (256, 1024)
2025-09-10 13:43:05 - [INFO] - [DEBUG] Original image loaded: (256, 1024)
2025-09-10 13:43:05 - [INFO] - [DEBUG] Applying invert to original image
2025-09-10 13:43:05 - [INFO] - [DEBUG] simple_invert_pil_image: Processing L image, size = (256, 1024)
2025-09-10 13:43:05 - [INFO] - [DEBUG] simple_invert_image: input shape = (1024, 256), dtype = uint8
2025-09-10 13:43:05 - [INFO] - [DEBUG] Simple inversion completed: [0-255] -> [0-255]
2025-09-10 13:43:05 - [INFO] - [DEBUG] simple_invert_pil_image: completed
2025-09-10 13:43:05 - [INFO] - [DEBUG] Using STORED B/C values: B=0.00, C=1.00
2025-09-10 13:43:05 - [INFO] - [DEBUG]   Image layer loaded and processed
2025-09-10 13:43:05 - [INFO] - [DEBUG] Loading segmentation layer for Posterior
2025-09-10 13:43:05 - [INFO] - [DEBUG] Looking for segmentation (NEWEST): F:\projek dosen\prototype riset\hotspot-analyzer\data\PLANAR\WKW\0001077172\20250807\post_segm.png
2025-09-10 13:43:05 - [DEBUG] - STREAM b'IHDR' 16 13
2025-09-10 13:43:05 - [DEBUG] - STREAM b'IDAT' 41 13727
2025-09-10 13:43:05 - [INFO] - [DEBUG]   Loaded segmentation with transparency: F:\projek dosen\prototype riset\hotspot-analyzer\data\PLANAR\WKW\0001077172\20250807\post_segm.png
2025-09-10 13:43:05 - [INFO] - [DEBUG] Segmentation type: ORIGINAL
2025-09-10 13:43:05 - [INFO] - [DEBUG] Loading hotspot layer for Posterior
2025-09-10 13:43:05 - [INFO] - [DEBUG] Looking for hotspot classification (NEWEST): F:\projek dosen\prototype riset\hotspot-analyzer\data\PLANAR\WKW\0001077172\20250807\post_hotspot_classification.png
2025-09-10 13:43:05 - [INFO] - [DEBUG] No hotspot classification found: F:\projek dosen\prototype riset\hotspot-analyzer\data\PLANAR\WKW\0001077172\20250807\post_hotspot_classification.png
2025-09-10 13:43:05 - [INFO] - [DEBUG] Loading bbox layer for Posterior
2025-09-10 13:43:05 - [INFO] - [DEBUG] Looking for classification XML (NEWEST): F:\projek dosen\prototype riset\hotspot-analyzer\data\PLANAR\WKW\0001077172\20250807\post_hotspot_classification.xml
2025-09-10 13:43:05 - [INFO] - [DEBUG] No classification XML found: F:\projek dosen\prototype riset\hotspot-analyzer\data\PLANAR\WKW\0001077172\20250807\post_hotspot_classification.xml
2025-09-10 13:43:05 - [INFO] - [CACHE STORE] Not caching due to adjustments/overrides/invert
2025-09-10 13:43:05 - [INFO] - [DEBUG]   Loaded 2 layers for Posterior: ['Image', 'Segmentation']
2025-09-10 13:43:05 - [INFO] - [DEBUG] Available CLASSIFICATION layers in files: ['Image', 'Segmentation']
2025-09-10 13:43:05 - [INFO] - [DEBUG]   Added CLASSIFICATION Image to card 0 (opacity: 1.00)
2025-09-10 13:43:05 - [INFO] - [DEBUG]   CLASSIFICATION card 0 composite created with layers: ['Image']
2025-09-10 13:43:05 - [INFO] - [SMART UPDATE] State updated - Type: full
2025-09-10 13:43:05 - [INFO] - [SMART UPDATE] State updated - Type: layers
2025-09-10 13:43:05 - [INFO] - [DEBUG] Path extraction: session=WKW, patient=0001077172, study_date=20250807
2025-09-10 13:43:05 - [INFO] - [DEBUG] Extracted patient info - ID: 0001077172, Session: WKW
2025-09-10 13:43:05 - [INFO] - [DEBUG] Original path: F:\projek dosen\prototype riset\hotspot-analyzer\data\PLANAR\WKW\0001077172\20250807\ANT001_DS.dcm
2025-09-10 13:43:05 - [INFO] - [EDIT BUTTONS] Has scan: True, Has seg data: True, Can edit hotspot: True
2025-09-10 13:43:05 - [INFO] - [EDIT BUTTONS] Seg button enabled: True, Hotspot button enabled: True
2025-09-10 13:43:05 - [INFO] - [DEBUG] All data loaded. Total scans: 5
2025-09-10 13:43:05 - [INFO] - [DEBUG] Layers changed to: []
2025-09-10 13:43:05 - [INFO] - [SMART UPDATE] Change type: layers
2025-09-10 13:43:05 - [INFO] - [SMART UPDATE] Layers removed: ['Image']
2025-09-10 13:43:05 - [INFO] - [DEBUG] Timeline active layers set to: []
2025-09-10 13:43:05 - [INFO] - [SMART UPDATE] Full rebuild required for change type: layers
2025-09-10 13:43:05 - [INFO] - [DEBUG] Rebuilding timeline for active scan index: 0
2025-09-10 13:43:05 - [INFO] - [DEBUG] Creating CLASSIFICATION card 0 for view: Anterior
2025-09-10 13:43:05 - [INFO] - [DEBUG] Active layers selected: []
2025-09-10 13:43:05 - [INFO] - [DEBUG] DICOM path: F:\projek dosen\prototype riset\hotspot-analyzer\data\PLANAR\WKW\0001077172\20250807\ANT001_DS.dcm
2025-09-10 13:43:05 - [INFO] - [DEBUG] Current view: Anterior
2025-09-10 13:43:05 - [INFO] - [CACHE DEBUG] use_cache=False
2025-09-10 13:43:05 - [INFO] - [CACHE DEBUG] has_adjustments=False (B=0.00, C=1.00)
2025-09-10 13:43:05 - [INFO] - [CACHE DEBUG] has_overrides=False (override_b=None, override_c=None)
2025-09-10 13:43:05 - [INFO] - [CACHE DEBUG] invert_original=True
2025-09-10 13:43:05 - [INFO] - [CACHE SKIP] Skipping cache due to adjustments/overrides/invert
2025-09-10 13:43:05 - [INFO] - [DEBUG] Path extraction: session=WKW, patient=0001077172, study_date=20250807
2025-09-10 13:43:05 - [INFO] - [DEBUG] Extracted patient info - ID: 0001077172, Session: WKW
2025-09-10 13:43:05 - [INFO] - [DEBUG] Original path: F:\projek dosen\prototype riset\hotspot-analyzer\data\PLANAR\WKW\0001077172\20250807\ANT001_DS.dcm
2025-09-10 13:43:05 - [INFO] - [DEBUG] Study date: 20250807
2025-09-10 13:43:05 - [INFO] - [DEBUG] Patient ID: 0001077172
2025-09-10 13:43:05 - [INFO] - [DEBUG] Session code: WKW
2025-09-10 13:43:05 - [INFO] - [DEBUG] Study date folder: F:\projek dosen\prototype riset\hotspot-analyzer\data\PLANAR\WKW\0001077172\20250807
2025-09-10 13:43:05 - [INFO] - [DEBUG] Loading original image for Anterior
2025-09-10 13:43:05 - [INFO] - [DEBUG] Looking for original PNG in study_date dir: F:\projek dosen\prototype riset\hotspot-analyzer\data\PLANAR\WKW\0001077172\20250807\ant_original.png
2025-09-10 13:43:05 - [DEBUG] - STREAM b'IHDR' 16 13
2025-09-10 13:43:05 - [DEBUG] - STREAM b'IDAT' 41 65536
2025-09-10 13:43:05 - [INFO] - [DEBUG] Loaded original PNG from study_date dir: (256, 1024)
2025-09-10 13:43:05 - [INFO] - [DEBUG] Original image loaded: (256, 1024)
2025-09-10 13:43:05 - [INFO] - [DEBUG] Applying invert to original image
2025-09-10 13:43:05 - [INFO] - [DEBUG] simple_invert_pil_image: Processing L image, size = (256, 1024)
2025-09-10 13:43:05 - [INFO] - [DEBUG] simple_invert_image: input shape = (1024, 256), dtype = uint8
2025-09-10 13:43:05 - [INFO] - [DEBUG] Simple inversion completed: [0-255] -> [0-255]
2025-09-10 13:43:05 - [INFO] - [DEBUG] simple_invert_pil_image: completed
2025-09-10 13:43:05 - [INFO] - [DEBUG] Using STORED B/C values: B=0.00, C=1.00
2025-09-10 13:43:05 - [INFO] - [DEBUG]   Image layer loaded and processed
2025-09-10 13:43:05 - [INFO] - [DEBUG] Loading segmentation layer for Anterior
2025-09-10 13:43:05 - [INFO] - [DEBUG] Looking for segmentation (NEWEST): F:\projek dosen\prototype riset\hotspot-analyzer\data\PLANAR\WKW\0001077172\20250807\ant_segm.png
2025-09-10 13:43:05 - [DEBUG] - STREAM b'IHDR' 16 13
2025-09-10 13:43:05 - [DEBUG] - STREAM b'IDAT' 41 5181
2025-09-10 13:43:05 - [INFO] - [DEBUG]   Loaded segmentation with transparency: F:\projek dosen\prototype riset\hotspot-analyzer\data\PLANAR\WKW\0001077172\20250807\ant_segm.png
2025-09-10 13:43:05 - [INFO] - [DEBUG] Segmentation type: ORIGINAL
2025-09-10 13:43:05 - [INFO] - [DEBUG] Loading hotspot layer for Anterior
2025-09-10 13:43:05 - [INFO] - [DEBUG] Looking for hotspot classification (NEWEST): F:\projek dosen\prototype riset\hotspot-analyzer\data\PLANAR\WKW\0001077172\20250807\ant_hotspot_classification.png
2025-09-10 13:43:05 - [INFO] - [DEBUG] No hotspot classification found: F:\projek dosen\prototype riset\hotspot-analyzer\data\PLANAR\WKW\0001077172\20250807\ant_hotspot_classification.png
2025-09-10 13:43:05 - [INFO] - [DEBUG] Loading bbox layer for Anterior
2025-09-10 13:43:05 - [INFO] - [DEBUG] Looking for classification XML (NEWEST): F:\projek dosen\prototype riset\hotspot-analyzer\data\PLANAR\WKW\0001077172\20250807\ant_hotspot_classification.xml
2025-09-10 13:43:05 - [INFO] - [DEBUG] No classification XML found: F:\projek dosen\prototype riset\hotspot-analyzer\data\PLANAR\WKW\0001077172\20250807\ant_hotspot_classification.xml
2025-09-10 13:43:05 - [INFO] - [CACHE STORE] Not caching due to adjustments/overrides/invert
2025-09-10 13:43:05 - [INFO] - [DEBUG]   Loaded 2 layers for Anterior: ['Image', 'Segmentation']
2025-09-10 13:43:05 - [INFO] - [DEBUG] Available CLASSIFICATION layers in files: ['Image', 'Segmentation']
2025-09-10 13:43:05 - [INFO] - [DEBUG] Creating CLASSIFICATION card 0 for view: Posterior
2025-09-10 13:43:05 - [INFO] - [DEBUG] Active layers selected: []
2025-09-10 13:43:05 - [INFO] - [DEBUG] DICOM path: F:\projek dosen\prototype riset\hotspot-analyzer\data\PLANAR\WKW\0001077172\20250807\ANT001_DS.dcm
2025-09-10 13:43:05 - [INFO] - [DEBUG] Current view: Posterior
2025-09-10 13:43:05 - [INFO] - [CACHE DEBUG] use_cache=False
2025-09-10 13:43:05 - [INFO] - [CACHE DEBUG] has_adjustments=False (B=0.00, C=1.00)
2025-09-10 13:43:05 - [INFO] - [CACHE DEBUG] has_overrides=False (override_b=None, override_c=None)
2025-09-10 13:43:05 - [INFO] - [CACHE DEBUG] invert_original=True
2025-09-10 13:43:05 - [INFO] - [CACHE SKIP] Skipping cache due to adjustments/overrides/invert
2025-09-10 13:43:05 - [INFO] - [DEBUG] Path extraction: session=WKW, patient=0001077172, study_date=20250807
2025-09-10 13:43:05 - [INFO] - [DEBUG] Extracted patient info - ID: 0001077172, Session: WKW
2025-09-10 13:43:05 - [INFO] - [DEBUG] Original path: F:\projek dosen\prototype riset\hotspot-analyzer\data\PLANAR\WKW\0001077172\20250807\ANT001_DS.dcm
2025-09-10 13:43:05 - [INFO] - [DEBUG] Study date: 20250807
2025-09-10 13:43:05 - [INFO] - [DEBUG] Patient ID: 0001077172
2025-09-10 13:43:05 - [INFO] - [DEBUG] Session code: WKW
2025-09-10 13:43:05 - [INFO] - [DEBUG] Study date folder: F:\projek dosen\prototype riset\hotspot-analyzer\data\PLANAR\WKW\0001077172\20250807
2025-09-10 13:43:05 - [INFO] - [DEBUG] Loading original image for Posterior
2025-09-10 13:43:05 - [INFO] - [DEBUG] Looking for original PNG in study_date dir: F:\projek dosen\prototype riset\hotspot-analyzer\data\PLANAR\WKW\0001077172\20250807\post_original.png
2025-09-10 13:43:05 - [DEBUG] - STREAM b'IHDR' 16 13
2025-09-10 13:43:05 - [DEBUG] - STREAM b'IDAT' 41 65536
2025-09-10 13:43:05 - [INFO] - [DEBUG] Loaded original PNG from study_date dir: (256, 1024)
2025-09-10 13:43:05 - [INFO] - [DEBUG] Original image loaded: (256, 1024)
2025-09-10 13:43:05 - [INFO] - [DEBUG] Applying invert to original image
2025-09-10 13:43:05 - [INFO] - [DEBUG] simple_invert_pil_image: Processing L image, size = (256, 1024)
2025-09-10 13:43:05 - [INFO] - [DEBUG] simple_invert_image: input shape = (1024, 256), dtype = uint8
2025-09-10 13:43:05 - [INFO] - [DEBUG] Simple inversion completed: [0-255] -> [0-255]
2025-09-10 13:43:05 - [INFO] - [DEBUG] simple_invert_pil_image: completed
2025-09-10 13:43:05 - [INFO] - [DEBUG] Using STORED B/C values: B=0.00, C=1.00
2025-09-10 13:43:05 - [INFO] - [DEBUG]   Image layer loaded and processed
2025-09-10 13:43:05 - [INFO] - [DEBUG] Loading segmentation layer for Posterior
2025-09-10 13:43:05 - [INFO] - [DEBUG] Looking for segmentation (NEWEST): F:\projek dosen\prototype riset\hotspot-analyzer\data\PLANAR\WKW\0001077172\20250807\post_segm.png
2025-09-10 13:43:05 - [DEBUG] - STREAM b'IHDR' 16 13
2025-09-10 13:43:05 - [DEBUG] - STREAM b'IDAT' 41 13727
2025-09-10 13:43:05 - [INFO] - [DEBUG]   Loaded segmentation with transparency: F:\projek dosen\prototype riset\hotspot-analyzer\data\PLANAR\WKW\0001077172\20250807\post_segm.png
2025-09-10 13:43:05 - [INFO] - [DEBUG] Segmentation type: ORIGINAL
2025-09-10 13:43:05 - [INFO] - [DEBUG] Loading hotspot layer for Posterior
2025-09-10 13:43:05 - [INFO] - [DEBUG] Looking for hotspot classification (NEWEST): F:\projek dosen\prototype riset\hotspot-analyzer\data\PLANAR\WKW\0001077172\20250807\post_hotspot_classification.png
2025-09-10 13:43:05 - [INFO] - [DEBUG] No hotspot classification found: F:\projek dosen\prototype riset\hotspot-analyzer\data\PLANAR\WKW\0001077172\20250807\post_hotspot_classification.png
2025-09-10 13:43:05 - [INFO] - [DEBUG] Loading bbox layer for Posterior
2025-09-10 13:43:05 - [INFO] - [DEBUG] Looking for classification XML (NEWEST): F:\projek dosen\prototype riset\hotspot-analyzer\data\PLANAR\WKW\0001077172\20250807\post_hotspot_classification.xml
2025-09-10 13:43:05 - [INFO] - [DEBUG] No classification XML found: F:\projek dosen\prototype riset\hotspot-analyzer\data\PLANAR\WKW\0001077172\20250807\post_hotspot_classification.xml
2025-09-10 13:43:05 - [INFO] - [CACHE STORE] Not caching due to adjustments/overrides/invert
2025-09-10 13:43:05 - [INFO] - [DEBUG]   Loaded 2 layers for Posterior: ['Image', 'Segmentation']
2025-09-10 13:43:05 - [INFO] - [DEBUG] Available CLASSIFICATION layers in files: ['Image', 'Segmentation']
2025-09-10 13:43:05 - [INFO] - [SMART UPDATE] State updated - Type: full
2025-09-10 13:43:05 - [INFO] - [SMART UPDATE] State updated - Type: layers
2025-09-10 13:43:05 - [INFO] - [DEBUG] Path extraction: session=WKW, patient=0001077172, study_date=20250807
2025-09-10 13:43:05 - [INFO] - [DEBUG] Extracted patient info - ID: 0001077172, Session: WKW
2025-09-10 13:43:05 - [INFO] - [DEBUG] Original path: F:\projek dosen\prototype riset\hotspot-analyzer\data\PLANAR\WKW\0001077172\20250807\ANT001_DS.dcm
2025-09-10 13:43:05 - [INFO] - [EDIT BUTTONS] Has scan: True, Has seg data: True, Can edit hotspot: True
2025-09-10 13:43:05 - [INFO] - [EDIT BUTTONS] Seg button enabled: True, Hotspot button enabled: True
2025-09-10 13:43:05 - [INFO] - [SMART UPDATE] Change type: none
2025-09-10 13:43:05 - [INFO] - [DEBUG] Timeline active layers set to: []
2025-09-10 13:43:05 - [INFO] - [SMART UPDATE] No changes detected, skipping update
2025-09-10 13:43:05 - [INFO] - [DEBUG] Set Image opacity to 1.00
2025-09-10 13:43:05 - [INFO] - [SMART UPDATE] Change type: none
2025-09-10 13:43:05 - [INFO] - [SMART UPDATE] Using full rebuild for opacity change
2025-09-10 13:43:05 - [INFO] - [DEBUG] Rebuilding timeline for active scan index: 0
2025-09-10 13:43:05 - [INFO] - [DEBUG] Creating CLASSIFICATION card 0 for view: Anterior
2025-09-10 13:43:05 - [INFO] - [DEBUG] Active layers selected: []
2025-09-10 13:43:05 - [INFO] - [DEBUG] DICOM path: F:\projek dosen\prototype riset\hotspot-analyzer\data\PLANAR\WKW\0001077172\20250807\ANT001_DS.dcm
2025-09-10 13:43:05 - [INFO] - [DEBUG] Current view: Anterior
2025-09-10 13:43:05 - [INFO] - [CACHE DEBUG] use_cache=False
2025-09-10 13:43:05 - [INFO] - [CACHE DEBUG] has_adjustments=False (B=0.00, C=1.00)
2025-09-10 13:43:05 - [INFO] - [CACHE DEBUG] has_overrides=False (override_b=None, override_c=None)
2025-09-10 13:43:05 - [INFO] - [CACHE DEBUG] invert_original=True
2025-09-10 13:43:05 - [INFO] - [CACHE SKIP] Skipping cache due to adjustments/overrides/invert
2025-09-10 13:43:05 - [INFO] - [DEBUG] Path extraction: session=WKW, patient=0001077172, study_date=20250807
2025-09-10 13:43:05 - [INFO] - [DEBUG] Extracted patient info - ID: 0001077172, Session: WKW
2025-09-10 13:43:05 - [INFO] - [DEBUG] Original path: F:\projek dosen\prototype riset\hotspot-analyzer\data\PLANAR\WKW\0001077172\20250807\ANT001_DS.dcm
2025-09-10 13:43:05 - [INFO] - [DEBUG] Study date: 20250807
2025-09-10 13:43:05 - [INFO] - [DEBUG] Patient ID: 0001077172
2025-09-10 13:43:05 - [INFO] - [DEBUG] Session code: WKW
2025-09-10 13:43:05 - [INFO] - [DEBUG] Study date folder: F:\projek dosen\prototype riset\hotspot-analyzer\data\PLANAR\WKW\0001077172\20250807
2025-09-10 13:43:05 - [INFO] - [DEBUG] Loading original image for Anterior
2025-09-10 13:43:05 - [INFO] - [DEBUG] Looking for original PNG in study_date dir: F:\projek dosen\prototype riset\hotspot-analyzer\data\PLANAR\WKW\0001077172\20250807\ant_original.png
2025-09-10 13:43:05 - [DEBUG] - STREAM b'IHDR' 16 13
2025-09-10 13:43:05 - [DEBUG] - STREAM b'IDAT' 41 65536
2025-09-10 13:43:05 - [INFO] - [DEBUG] Loaded original PNG from study_date dir: (256, 1024)
2025-09-10 13:43:05 - [INFO] - [DEBUG] Original image loaded: (256, 1024)
2025-09-10 13:43:05 - [INFO] - [DEBUG] Applying invert to original image
2025-09-10 13:43:05 - [INFO] - [DEBUG] simple_invert_pil_image: Processing L image, size = (256, 1024)
2025-09-10 13:43:05 - [INFO] - [DEBUG] simple_invert_image: input shape = (1024, 256), dtype = uint8
2025-09-10 13:43:05 - [INFO] - [DEBUG] Simple inversion completed: [0-255] -> [0-255]
2025-09-10 13:43:05 - [INFO] - [DEBUG] simple_invert_pil_image: completed
2025-09-10 13:43:05 - [INFO] - [DEBUG] Using STORED B/C values: B=0.00, C=1.00
2025-09-10 13:43:05 - [INFO] - [DEBUG]   Image layer loaded and processed
2025-09-10 13:43:05 - [INFO] - [DEBUG] Loading segmentation layer for Anterior
2025-09-10 13:43:05 - [INFO] - [DEBUG] Looking for segmentation (NEWEST): F:\projek dosen\prototype riset\hotspot-analyzer\data\PLANAR\WKW\0001077172\20250807\ant_segm.png
2025-09-10 13:43:05 - [DEBUG] - STREAM b'IHDR' 16 13
2025-09-10 13:43:05 - [DEBUG] - STREAM b'IDAT' 41 5181
2025-09-10 13:43:05 - [INFO] - [DEBUG]   Loaded segmentation with transparency: F:\projek dosen\prototype riset\hotspot-analyzer\data\PLANAR\WKW\0001077172\20250807\ant_segm.png
2025-09-10 13:43:05 - [INFO] - [DEBUG] Segmentation type: ORIGINAL
2025-09-10 13:43:05 - [INFO] - [DEBUG] Loading hotspot layer for Anterior
2025-09-10 13:43:05 - [INFO] - [DEBUG] Looking for hotspot classification (NEWEST): F:\projek dosen\prototype riset\hotspot-analyzer\data\PLANAR\WKW\0001077172\20250807\ant_hotspot_classification.png
2025-09-10 13:43:05 - [INFO] - [DEBUG] No hotspot classification found: F:\projek dosen\prototype riset\hotspot-analyzer\data\PLANAR\WKW\0001077172\20250807\ant_hotspot_classification.png
2025-09-10 13:43:05 - [INFO] - [DEBUG] Loading bbox layer for Anterior
2025-09-10 13:43:05 - [INFO] - [DEBUG] Looking for classification XML (NEWEST): F:\projek dosen\prototype riset\hotspot-analyzer\data\PLANAR\WKW\0001077172\20250807\ant_hotspot_classification.xml
2025-09-10 13:43:05 - [INFO] - [DEBUG] No classification XML found: F:\projek dosen\prototype riset\hotspot-analyzer\data\PLANAR\WKW\0001077172\20250807\ant_hotspot_classification.xml
2025-09-10 13:43:05 - [INFO] - [CACHE STORE] Not caching due to adjustments/overrides/invert
2025-09-10 13:43:05 - [INFO] - [DEBUG]   Loaded 2 layers for Anterior: ['Image', 'Segmentation']
2025-09-10 13:43:05 - [INFO] - [DEBUG] Available CLASSIFICATION layers in files: ['Image', 'Segmentation']
2025-09-10 13:43:05 - [INFO] - [DEBUG] Creating CLASSIFICATION card 0 for view: Posterior
2025-09-10 13:43:05 - [INFO] - [DEBUG] Active layers selected: []
2025-09-10 13:43:05 - [INFO] - [DEBUG] DICOM path: F:\projek dosen\prototype riset\hotspot-analyzer\data\PLANAR\WKW\0001077172\20250807\ANT001_DS.dcm
2025-09-10 13:43:05 - [INFO] - [DEBUG] Current view: Posterior
2025-09-10 13:43:05 - [INFO] - [CACHE DEBUG] use_cache=False
2025-09-10 13:43:05 - [INFO] - [CACHE DEBUG] has_adjustments=False (B=0.00, C=1.00)
2025-09-10 13:43:05 - [INFO] - [CACHE DEBUG] has_overrides=False (override_b=None, override_c=None)
2025-09-10 13:43:05 - [INFO] - [CACHE DEBUG] invert_original=True
2025-09-10 13:43:05 - [INFO] - [CACHE SKIP] Skipping cache due to adjustments/overrides/invert
2025-09-10 13:43:05 - [INFO] - [DEBUG] Path extraction: session=WKW, patient=0001077172, study_date=20250807
2025-09-10 13:43:05 - [INFO] - [DEBUG] Extracted patient info - ID: 0001077172, Session: WKW
2025-09-10 13:43:05 - [INFO] - [DEBUG] Original path: F:\projek dosen\prototype riset\hotspot-analyzer\data\PLANAR\WKW\0001077172\20250807\ANT001_DS.dcm
2025-09-10 13:43:05 - [INFO] - [DEBUG] Study date: 20250807
2025-09-10 13:43:05 - [INFO] - [DEBUG] Patient ID: 0001077172
2025-09-10 13:43:05 - [INFO] - [DEBUG] Session code: WKW
2025-09-10 13:43:05 - [INFO] - [DEBUG] Study date folder: F:\projek dosen\prototype riset\hotspot-analyzer\data\PLANAR\WKW\0001077172\20250807
2025-09-10 13:43:05 - [INFO] - [DEBUG] Loading original image for Posterior
2025-09-10 13:43:05 - [INFO] - [DEBUG] Looking for original PNG in study_date dir: F:\projek dosen\prototype riset\hotspot-analyzer\data\PLANAR\WKW\0001077172\20250807\post_original.png
2025-09-10 13:43:05 - [DEBUG] - STREAM b'IHDR' 16 13
2025-09-10 13:43:05 - [DEBUG] - STREAM b'IDAT' 41 65536
2025-09-10 13:43:05 - [INFO] - [DEBUG] Loaded original PNG from study_date dir: (256, 1024)
2025-09-10 13:43:05 - [INFO] - [DEBUG] Original image loaded: (256, 1024)
2025-09-10 13:43:05 - [INFO] - [DEBUG] Applying invert to original image
2025-09-10 13:43:05 - [INFO] - [DEBUG] simple_invert_pil_image: Processing L image, size = (256, 1024)
2025-09-10 13:43:05 - [INFO] - [DEBUG] simple_invert_image: input shape = (1024, 256), dtype = uint8
2025-09-10 13:43:05 - [INFO] - [DEBUG] Simple inversion completed: [0-255] -> [0-255]
2025-09-10 13:43:05 - [INFO] - [DEBUG] simple_invert_pil_image: completed
2025-09-10 13:43:05 - [INFO] - [DEBUG] Using STORED B/C values: B=0.00, C=1.00
2025-09-10 13:43:05 - [INFO] - [DEBUG]   Image layer loaded and processed
2025-09-10 13:43:05 - [INFO] - [DEBUG] Loading segmentation layer for Posterior
2025-09-10 13:43:05 - [INFO] - [DEBUG] Looking for segmentation (NEWEST): F:\projek dosen\prototype riset\hotspot-analyzer\data\PLANAR\WKW\0001077172\20250807\post_segm.png
2025-09-10 13:43:05 - [DEBUG] - STREAM b'IHDR' 16 13
2025-09-10 13:43:05 - [DEBUG] - STREAM b'IDAT' 41 13727
2025-09-10 13:43:05 - [INFO] - [DEBUG]   Loaded segmentation with transparency: F:\projek dosen\prototype riset\hotspot-analyzer\data\PLANAR\WKW\0001077172\20250807\post_segm.png
2025-09-10 13:43:05 - [INFO] - [DEBUG] Segmentation type: ORIGINAL
2025-09-10 13:43:05 - [INFO] - [DEBUG] Loading hotspot layer for Posterior
2025-09-10 13:43:05 - [INFO] - [DEBUG] Looking for hotspot classification (NEWEST): F:\projek dosen\prototype riset\hotspot-analyzer\data\PLANAR\WKW\0001077172\20250807\post_hotspot_classification.png
2025-09-10 13:43:05 - [INFO] - [DEBUG] No hotspot classification found: F:\projek dosen\prototype riset\hotspot-analyzer\data\PLANAR\WKW\0001077172\20250807\post_hotspot_classification.png
2025-09-10 13:43:05 - [INFO] - [DEBUG] Loading bbox layer for Posterior
2025-09-10 13:43:05 - [INFO] - [DEBUG] Looking for classification XML (NEWEST): F:\projek dosen\prototype riset\hotspot-analyzer\data\PLANAR\WKW\0001077172\20250807\post_hotspot_classification.xml
2025-09-10 13:43:05 - [INFO] - [DEBUG] No classification XML found: F:\projek dosen\prototype riset\hotspot-analyzer\data\PLANAR\WKW\0001077172\20250807\post_hotspot_classification.xml
2025-09-10 13:43:05 - [INFO] - [CACHE STORE] Not caching due to adjustments/overrides/invert
2025-09-10 13:43:05 - [INFO] - [DEBUG]   Loaded 2 layers for Posterior: ['Image', 'Segmentation']
2025-09-10 13:43:05 - [INFO] - [DEBUG] Available CLASSIFICATION layers in files: ['Image', 'Segmentation']
2025-09-10 13:43:05 - [INFO] - [SMART UPDATE] State updated - Type: full
2025-09-10 13:43:05 - [INFO] - [SMART UPDATE] State updated - Type: rebuild
2025-09-10 13:43:05 - [INFO] - [DEBUG] Set Segmentation opacity to 0.35
2025-09-10 13:43:05 - [INFO] - [SMART UPDATE] Change type: none
2025-09-10 13:43:05 - [INFO] - [SMART UPDATE] Using full rebuild for opacity change
2025-09-10 13:43:05 - [INFO] - [DEBUG] Rebuilding timeline for active scan index: 0
2025-09-10 13:43:05 - [INFO] - [DEBUG] Creating CLASSIFICATION card 0 for view: Anterior
2025-09-10 13:43:05 - [INFO] - [DEBUG] Active layers selected: []
2025-09-10 13:43:05 - [INFO] - [DEBUG] DICOM path: F:\projek dosen\prototype riset\hotspot-analyzer\data\PLANAR\WKW\0001077172\20250807\ANT001_DS.dcm
2025-09-10 13:43:05 - [INFO] - [DEBUG] Current view: Anterior
2025-09-10 13:43:05 - [INFO] - [CACHE DEBUG] use_cache=False
2025-09-10 13:43:05 - [INFO] - [CACHE DEBUG] has_adjustments=False (B=0.00, C=1.00)
2025-09-10 13:43:05 - [INFO] - [CACHE DEBUG] has_overrides=False (override_b=None, override_c=None)
2025-09-10 13:43:05 - [INFO] - [CACHE DEBUG] invert_original=True
2025-09-10 13:43:05 - [INFO] - [CACHE SKIP] Skipping cache due to adjustments/overrides/invert
2025-09-10 13:43:05 - [INFO] - [DEBUG] Path extraction: session=WKW, patient=0001077172, study_date=20250807
2025-09-10 13:43:05 - [INFO] - [DEBUG] Extracted patient info - ID: 0001077172, Session: WKW
2025-09-10 13:43:05 - [INFO] - [DEBUG] Original path: F:\projek dosen\prototype riset\hotspot-analyzer\data\PLANAR\WKW\0001077172\20250807\ANT001_DS.dcm
2025-09-10 13:43:05 - [INFO] - [DEBUG] Study date: 20250807
2025-09-10 13:43:05 - [INFO] - [DEBUG] Patient ID: 0001077172
2025-09-10 13:43:05 - [INFO] - [DEBUG] Session code: WKW
2025-09-10 13:43:05 - [INFO] - [DEBUG] Study date folder: F:\projek dosen\prototype riset\hotspot-analyzer\data\PLANAR\WKW\0001077172\20250807
2025-09-10 13:43:05 - [INFO] - [DEBUG] Loading original image for Anterior
2025-09-10 13:43:05 - [INFO] - [DEBUG] Looking for original PNG in study_date dir: F:\projek dosen\prototype riset\hotspot-analyzer\data\PLANAR\WKW\0001077172\20250807\ant_original.png
2025-09-10 13:43:05 - [DEBUG] - STREAM b'IHDR' 16 13
2025-09-10 13:43:05 - [DEBUG] - STREAM b'IDAT' 41 65536
2025-09-10 13:43:05 - [INFO] - [DEBUG] Loaded original PNG from study_date dir: (256, 1024)
2025-09-10 13:43:05 - [INFO] - [DEBUG] Original image loaded: (256, 1024)
2025-09-10 13:43:05 - [INFO] - [DEBUG] Applying invert to original image
2025-09-10 13:43:05 - [INFO] - [DEBUG] simple_invert_pil_image: Processing L image, size = (256, 1024)
2025-09-10 13:43:05 - [INFO] - [DEBUG] simple_invert_image: input shape = (1024, 256), dtype = uint8
2025-09-10 13:43:05 - [INFO] - [DEBUG] Simple inversion completed: [0-255] -> [0-255]
2025-09-10 13:43:05 - [INFO] - [DEBUG] simple_invert_pil_image: completed
2025-09-10 13:43:05 - [INFO] - [DEBUG] Using STORED B/C values: B=0.00, C=1.00
2025-09-10 13:43:05 - [INFO] - [DEBUG]   Image layer loaded and processed
2025-09-10 13:43:05 - [INFO] - [DEBUG] Loading segmentation layer for Anterior
2025-09-10 13:43:05 - [INFO] - [DEBUG] Looking for segmentation (NEWEST): F:\projek dosen\prototype riset\hotspot-analyzer\data\PLANAR\WKW\0001077172\20250807\ant_segm.png
2025-09-10 13:43:05 - [DEBUG] - STREAM b'IHDR' 16 13
2025-09-10 13:43:05 - [DEBUG] - STREAM b'IDAT' 41 5181
2025-09-10 13:43:05 - [INFO] - [DEBUG]   Loaded segmentation with transparency: F:\projek dosen\prototype riset\hotspot-analyzer\data\PLANAR\WKW\0001077172\20250807\ant_segm.png
2025-09-10 13:43:05 - [INFO] - [DEBUG] Segmentation type: ORIGINAL
2025-09-10 13:43:05 - [INFO] - [DEBUG] Loading hotspot layer for Anterior
2025-09-10 13:43:05 - [INFO] - [DEBUG] Looking for hotspot classification (NEWEST): F:\projek dosen\prototype riset\hotspot-analyzer\data\PLANAR\WKW\0001077172\20250807\ant_hotspot_classification.png
2025-09-10 13:43:05 - [INFO] - [DEBUG] No hotspot classification found: F:\projek dosen\prototype riset\hotspot-analyzer\data\PLANAR\WKW\0001077172\20250807\ant_hotspot_classification.png
2025-09-10 13:43:05 - [INFO] - [DEBUG] Loading bbox layer for Anterior
2025-09-10 13:43:05 - [INFO] - [DEBUG] Looking for classification XML (NEWEST): F:\projek dosen\prototype riset\hotspot-analyzer\data\PLANAR\WKW\0001077172\20250807\ant_hotspot_classification.xml
2025-09-10 13:43:05 - [INFO] - [DEBUG] No classification XML found: F:\projek dosen\prototype riset\hotspot-analyzer\data\PLANAR\WKW\0001077172\20250807\ant_hotspot_classification.xml
2025-09-10 13:43:05 - [INFO] - [CACHE STORE] Not caching due to adjustments/overrides/invert
2025-09-10 13:43:05 - [INFO] - [DEBUG]   Loaded 2 layers for Anterior: ['Image', 'Segmentation']
2025-09-10 13:43:05 - [INFO] - [DEBUG] Available CLASSIFICATION layers in files: ['Image', 'Segmentation']
2025-09-10 13:43:05 - [INFO] - [DEBUG] Creating CLASSIFICATION card 0 for view: Posterior
2025-09-10 13:43:05 - [INFO] - [DEBUG] Active layers selected: []
2025-09-10 13:43:05 - [INFO] - [DEBUG] DICOM path: F:\projek dosen\prototype riset\hotspot-analyzer\data\PLANAR\WKW\0001077172\20250807\ANT001_DS.dcm
2025-09-10 13:43:05 - [INFO] - [DEBUG] Current view: Posterior
2025-09-10 13:43:05 - [INFO] - [CACHE DEBUG] use_cache=False
2025-09-10 13:43:05 - [INFO] - [CACHE DEBUG] has_adjustments=False (B=0.00, C=1.00)
2025-09-10 13:43:05 - [INFO] - [CACHE DEBUG] has_overrides=False (override_b=None, override_c=None)
2025-09-10 13:43:05 - [INFO] - [CACHE DEBUG] invert_original=True
2025-09-10 13:43:05 - [INFO] - [CACHE SKIP] Skipping cache due to adjustments/overrides/invert
2025-09-10 13:43:05 - [INFO] - [DEBUG] Path extraction: session=WKW, patient=0001077172, study_date=20250807
2025-09-10 13:43:05 - [INFO] - [DEBUG] Extracted patient info - ID: 0001077172, Session: WKW
2025-09-10 13:43:05 - [INFO] - [DEBUG] Original path: F:\projek dosen\prototype riset\hotspot-analyzer\data\PLANAR\WKW\0001077172\20250807\ANT001_DS.dcm
2025-09-10 13:43:05 - [INFO] - [DEBUG] Study date: 20250807
2025-09-10 13:43:05 - [INFO] - [DEBUG] Patient ID: 0001077172
2025-09-10 13:43:05 - [INFO] - [DEBUG] Session code: WKW
2025-09-10 13:43:05 - [INFO] - [DEBUG] Study date folder: F:\projek dosen\prototype riset\hotspot-analyzer\data\PLANAR\WKW\0001077172\20250807
2025-09-10 13:43:05 - [INFO] - [DEBUG] Loading original image for Posterior
2025-09-10 13:43:05 - [INFO] - [DEBUG] Looking for original PNG in study_date dir: F:\projek dosen\prototype riset\hotspot-analyzer\data\PLANAR\WKW\0001077172\20250807\post_original.png
2025-09-10 13:43:05 - [DEBUG] - STREAM b'IHDR' 16 13
2025-09-10 13:43:05 - [DEBUG] - STREAM b'IDAT' 41 65536
2025-09-10 13:43:05 - [INFO] - [DEBUG] Loaded original PNG from study_date dir: (256, 1024)
2025-09-10 13:43:05 - [INFO] - [DEBUG] Original image loaded: (256, 1024)
2025-09-10 13:43:05 - [INFO] - [DEBUG] Applying invert to original image
2025-09-10 13:43:05 - [INFO] - [DEBUG] simple_invert_pil_image: Processing L image, size = (256, 1024)
2025-09-10 13:43:05 - [INFO] - [DEBUG] simple_invert_image: input shape = (1024, 256), dtype = uint8
2025-09-10 13:43:05 - [INFO] - [DEBUG] Simple inversion completed: [0-255] -> [0-255]
2025-09-10 13:43:05 - [INFO] - [DEBUG] simple_invert_pil_image: completed
2025-09-10 13:43:05 - [INFO] - [DEBUG] Using STORED B/C values: B=0.00, C=1.00
2025-09-10 13:43:05 - [INFO] - [DEBUG]   Image layer loaded and processed
2025-09-10 13:43:05 - [INFO] - [DEBUG] Loading segmentation layer for Posterior
2025-09-10 13:43:05 - [INFO] - [DEBUG] Looking for segmentation (NEWEST): F:\projek dosen\prototype riset\hotspot-analyzer\data\PLANAR\WKW\0001077172\20250807\post_segm.png
2025-09-10 13:43:05 - [DEBUG] - STREAM b'IHDR' 16 13
2025-09-10 13:43:05 - [DEBUG] - STREAM b'IDAT' 41 13727
2025-09-10 13:43:05 - [INFO] - [DEBUG]   Loaded segmentation with transparency: F:\projek dosen\prototype riset\hotspot-analyzer\data\PLANAR\WKW\0001077172\20250807\post_segm.png
2025-09-10 13:43:05 - [INFO] - [DEBUG] Segmentation type: ORIGINAL
2025-09-10 13:43:05 - [INFO] - [DEBUG] Loading hotspot layer for Posterior
2025-09-10 13:43:05 - [INFO] - [DEBUG] Looking for hotspot classification (NEWEST): F:\projek dosen\prototype riset\hotspot-analyzer\data\PLANAR\WKW\0001077172\20250807\post_hotspot_classification.png
2025-09-10 13:43:05 - [INFO] - [DEBUG] No hotspot classification found: F:\projek dosen\prototype riset\hotspot-analyzer\data\PLANAR\WKW\0001077172\20250807\post_hotspot_classification.png
2025-09-10 13:43:05 - [INFO] - [DEBUG] Loading bbox layer for Posterior
2025-09-10 13:43:05 - [INFO] - [DEBUG] Looking for classification XML (NEWEST): F:\projek dosen\prototype riset\hotspot-analyzer\data\PLANAR\WKW\0001077172\20250807\post_hotspot_classification.xml
2025-09-10 13:43:05 - [INFO] - [DEBUG] No classification XML found: F:\projek dosen\prototype riset\hotspot-analyzer\data\PLANAR\WKW\0001077172\20250807\post_hotspot_classification.xml
2025-09-10 13:43:05 - [INFO] - [CACHE STORE] Not caching due to adjustments/overrides/invert
2025-09-10 13:43:05 - [INFO] - [DEBUG]   Loaded 2 layers for Posterior: ['Image', 'Segmentation']
2025-09-10 13:43:05 - [INFO] - [DEBUG] Available CLASSIFICATION layers in files: ['Image', 'Segmentation']
2025-09-10 13:43:05 - [INFO] - [SMART UPDATE] State updated - Type: full
2025-09-10 13:43:05 - [INFO] - [SMART UPDATE] State updated - Type: rebuild
2025-09-10 13:43:05 - [INFO] - [DEBUG] Set Hotspot opacity to 0.50
2025-09-10 13:43:05 - [INFO] - [SMART UPDATE] Change type: none
2025-09-10 13:43:05 - [INFO] - [SMART UPDATE] Using full rebuild for opacity change
2025-09-10 13:43:05 - [INFO] - [DEBUG] Rebuilding timeline for active scan index: 0
2025-09-10 13:43:05 - [INFO] - [DEBUG] Creating CLASSIFICATION card 0 for view: Anterior
2025-09-10 13:43:05 - [INFO] - [DEBUG] Active layers selected: []
2025-09-10 13:43:05 - [INFO] - [DEBUG] DICOM path: F:\projek dosen\prototype riset\hotspot-analyzer\data\PLANAR\WKW\0001077172\20250807\ANT001_DS.dcm
2025-09-10 13:43:05 - [INFO] - [DEBUG] Current view: Anterior
2025-09-10 13:43:05 - [INFO] - [CACHE DEBUG] use_cache=False
2025-09-10 13:43:05 - [INFO] - [CACHE DEBUG] has_adjustments=False (B=0.00, C=1.00)
2025-09-10 13:43:05 - [INFO] - [CACHE DEBUG] has_overrides=False (override_b=None, override_c=None)
2025-09-10 13:43:05 - [INFO] - [CACHE DEBUG] invert_original=True
2025-09-10 13:43:05 - [INFO] - [CACHE SKIP] Skipping cache due to adjustments/overrides/invert
2025-09-10 13:43:05 - [INFO] - [DEBUG] Path extraction: session=WKW, patient=0001077172, study_date=20250807
2025-09-10 13:43:05 - [INFO] - [DEBUG] Extracted patient info - ID: 0001077172, Session: WKW
2025-09-10 13:43:05 - [INFO] - [DEBUG] Original path: F:\projek dosen\prototype riset\hotspot-analyzer\data\PLANAR\WKW\0001077172\20250807\ANT001_DS.dcm
2025-09-10 13:43:05 - [INFO] - [DEBUG] Study date: 20250807
2025-09-10 13:43:05 - [INFO] - [DEBUG] Patient ID: 0001077172
2025-09-10 13:43:05 - [INFO] - [DEBUG] Session code: WKW
2025-09-10 13:43:05 - [INFO] - [DEBUG] Study date folder: F:\projek dosen\prototype riset\hotspot-analyzer\data\PLANAR\WKW\0001077172\20250807
2025-09-10 13:43:05 - [INFO] - [DEBUG] Loading original image for Anterior
2025-09-10 13:43:05 - [INFO] - [DEBUG] Looking for original PNG in study_date dir: F:\projek dosen\prototype riset\hotspot-analyzer\data\PLANAR\WKW\0001077172\20250807\ant_original.png
2025-09-10 13:43:05 - [DEBUG] - STREAM b'IHDR' 16 13
2025-09-10 13:43:05 - [DEBUG] - STREAM b'IDAT' 41 65536
2025-09-10 13:43:05 - [INFO] - [DEBUG] Loaded original PNG from study_date dir: (256, 1024)
2025-09-10 13:43:05 - [INFO] - [DEBUG] Original image loaded: (256, 1024)
2025-09-10 13:43:05 - [INFO] - [DEBUG] Applying invert to original image
2025-09-10 13:43:05 - [INFO] - [DEBUG] simple_invert_pil_image: Processing L image, size = (256, 1024)
2025-09-10 13:43:05 - [INFO] - [DEBUG] simple_invert_image: input shape = (1024, 256), dtype = uint8
2025-09-10 13:43:05 - [INFO] - [DEBUG] Simple inversion completed: [0-255] -> [0-255]
2025-09-10 13:43:05 - [INFO] - [DEBUG] simple_invert_pil_image: completed
2025-09-10 13:43:05 - [INFO] - [DEBUG] Using STORED B/C values: B=0.00, C=1.00
2025-09-10 13:43:05 - [INFO] - [DEBUG]   Image layer loaded and processed
2025-09-10 13:43:05 - [INFO] - [DEBUG] Loading segmentation layer for Anterior
2025-09-10 13:43:05 - [INFO] - [DEBUG] Looking for segmentation (NEWEST): F:\projek dosen\prototype riset\hotspot-analyzer\data\PLANAR\WKW\0001077172\20250807\ant_segm.png
2025-09-10 13:43:05 - [DEBUG] - STREAM b'IHDR' 16 13
2025-09-10 13:43:05 - [DEBUG] - STREAM b'IDAT' 41 5181
2025-09-10 13:43:05 - [INFO] - [DEBUG]   Loaded segmentation with transparency: F:\projek dosen\prototype riset\hotspot-analyzer\data\PLANAR\WKW\0001077172\20250807\ant_segm.png
2025-09-10 13:43:05 - [INFO] - [DEBUG] Segmentation type: ORIGINAL
2025-09-10 13:43:05 - [INFO] - [DEBUG] Loading hotspot layer for Anterior
2025-09-10 13:43:05 - [INFO] - [DEBUG] Looking for hotspot classification (NEWEST): F:\projek dosen\prototype riset\hotspot-analyzer\data\PLANAR\WKW\0001077172\20250807\ant_hotspot_classification.png
2025-09-10 13:43:05 - [INFO] - [DEBUG] No hotspot classification found: F:\projek dosen\prototype riset\hotspot-analyzer\data\PLANAR\WKW\0001077172\20250807\ant_hotspot_classification.png
2025-09-10 13:43:05 - [INFO] - [DEBUG] Loading bbox layer for Anterior
2025-09-10 13:43:05 - [INFO] - [DEBUG] Looking for classification XML (NEWEST): F:\projek dosen\prototype riset\hotspot-analyzer\data\PLANAR\WKW\0001077172\20250807\ant_hotspot_classification.xml
2025-09-10 13:43:05 - [INFO] - [DEBUG] No classification XML found: F:\projek dosen\prototype riset\hotspot-analyzer\data\PLANAR\WKW\0001077172\20250807\ant_hotspot_classification.xml
2025-09-10 13:43:05 - [INFO] - [CACHE STORE] Not caching due to adjustments/overrides/invert
2025-09-10 13:43:05 - [INFO] - [DEBUG]   Loaded 2 layers for Anterior: ['Image', 'Segmentation']
2025-09-10 13:43:05 - [INFO] - [DEBUG] Available CLASSIFICATION layers in files: ['Image', 'Segmentation']
2025-09-10 13:43:05 - [INFO] - [DEBUG] Creating CLASSIFICATION card 0 for view: Posterior
2025-09-10 13:43:05 - [INFO] - [DEBUG] Active layers selected: []
2025-09-10 13:43:05 - [INFO] - [DEBUG] DICOM path: F:\projek dosen\prototype riset\hotspot-analyzer\data\PLANAR\WKW\0001077172\20250807\ANT001_DS.dcm
2025-09-10 13:43:05 - [INFO] - [DEBUG] Current view: Posterior
2025-09-10 13:43:05 - [INFO] - [CACHE DEBUG] use_cache=False
2025-09-10 13:43:05 - [INFO] - [CACHE DEBUG] has_adjustments=False (B=0.00, C=1.00)
2025-09-10 13:43:05 - [INFO] - [CACHE DEBUG] has_overrides=False (override_b=None, override_c=None)
2025-09-10 13:43:05 - [INFO] - [CACHE DEBUG] invert_original=True
2025-09-10 13:43:05 - [INFO] - [CACHE SKIP] Skipping cache due to adjustments/overrides/invert
2025-09-10 13:43:05 - [INFO] - [DEBUG] Path extraction: session=WKW, patient=0001077172, study_date=20250807
2025-09-10 13:43:05 - [INFO] - [DEBUG] Extracted patient info - ID: 0001077172, Session: WKW
2025-09-10 13:43:05 - [INFO] - [DEBUG] Original path: F:\projek dosen\prototype riset\hotspot-analyzer\data\PLANAR\WKW\0001077172\20250807\ANT001_DS.dcm
2025-09-10 13:43:05 - [INFO] - [DEBUG] Study date: 20250807
2025-09-10 13:43:05 - [INFO] - [DEBUG] Patient ID: 0001077172
2025-09-10 13:43:05 - [INFO] - [DEBUG] Session code: WKW
2025-09-10 13:43:05 - [INFO] - [DEBUG] Study date folder: F:\projek dosen\prototype riset\hotspot-analyzer\data\PLANAR\WKW\0001077172\20250807
2025-09-10 13:43:05 - [INFO] - [DEBUG] Loading original image for Posterior
2025-09-10 13:43:05 - [INFO] - [DEBUG] Looking for original PNG in study_date dir: F:\projek dosen\prototype riset\hotspot-analyzer\data\PLANAR\WKW\0001077172\20250807\post_original.png
2025-09-10 13:43:06 - [DEBUG] - STREAM b'IHDR' 16 13
2025-09-10 13:43:06 - [DEBUG] - STREAM b'IDAT' 41 65536
2025-09-10 13:43:06 - [INFO] - [DEBUG] Loaded original PNG from study_date dir: (256, 1024)
2025-09-10 13:43:06 - [INFO] - [DEBUG] Original image loaded: (256, 1024)
2025-09-10 13:43:06 - [INFO] - [DEBUG] Applying invert to original image
2025-09-10 13:43:06 - [INFO] - [DEBUG] simple_invert_pil_image: Processing L image, size = (256, 1024)
2025-09-10 13:43:06 - [INFO] - [DEBUG] simple_invert_image: input shape = (1024, 256), dtype = uint8
2025-09-10 13:43:06 - [INFO] - [DEBUG] Simple inversion completed: [0-255] -> [0-255]
2025-09-10 13:43:06 - [INFO] - [DEBUG] simple_invert_pil_image: completed
2025-09-10 13:43:06 - [INFO] - [DEBUG] Using STORED B/C values: B=0.00, C=1.00
2025-09-10 13:43:06 - [INFO] - [DEBUG]   Image layer loaded and processed
2025-09-10 13:43:06 - [INFO] - [DEBUG] Loading segmentation layer for Posterior
2025-09-10 13:43:06 - [INFO] - [DEBUG] Looking for segmentation (NEWEST): F:\projek dosen\prototype riset\hotspot-analyzer\data\PLANAR\WKW\0001077172\20250807\post_segm.png
2025-09-10 13:43:06 - [DEBUG] - STREAM b'IHDR' 16 13
2025-09-10 13:43:06 - [DEBUG] - STREAM b'IDAT' 41 13727
2025-09-10 13:43:06 - [INFO] - [DEBUG]   Loaded segmentation with transparency: F:\projek dosen\prototype riset\hotspot-analyzer\data\PLANAR\WKW\0001077172\20250807\post_segm.png
2025-09-10 13:43:06 - [INFO] - [DEBUG] Segmentation type: ORIGINAL
2025-09-10 13:43:06 - [INFO] - [DEBUG] Loading hotspot layer for Posterior
2025-09-10 13:43:06 - [INFO] - [DEBUG] Looking for hotspot classification (NEWEST): F:\projek dosen\prototype riset\hotspot-analyzer\data\PLANAR\WKW\0001077172\20250807\post_hotspot_classification.png
2025-09-10 13:43:06 - [INFO] - [DEBUG] No hotspot classification found: F:\projek dosen\prototype riset\hotspot-analyzer\data\PLANAR\WKW\0001077172\20250807\post_hotspot_classification.png
2025-09-10 13:43:06 - [INFO] - [DEBUG] Loading bbox layer for Posterior
2025-09-10 13:43:06 - [INFO] - [DEBUG] Looking for classification XML (NEWEST): F:\projek dosen\prototype riset\hotspot-analyzer\data\PLANAR\WKW\0001077172\20250807\post_hotspot_classification.xml
2025-09-10 13:43:06 - [INFO] - [DEBUG] No classification XML found: F:\projek dosen\prototype riset\hotspot-analyzer\data\PLANAR\WKW\0001077172\20250807\post_hotspot_classification.xml
2025-09-10 13:43:06 - [INFO] - [CACHE STORE] Not caching due to adjustments/overrides/invert
2025-09-10 13:43:06 - [INFO] - [DEBUG]   Loaded 2 layers for Posterior: ['Image', 'Segmentation']
2025-09-10 13:43:06 - [INFO] - [DEBUG] Available CLASSIFICATION layers in files: ['Image', 'Segmentation']
2025-09-10 13:43:06 - [INFO] - [SMART UPDATE] State updated - Type: full
2025-09-10 13:43:06 - [INFO] - [SMART UPDATE] State updated - Type: rebuild
2025-09-10 13:43:06 - [INFO] - [DEBUG] Set HotspotBBox opacity to 1.00
2025-09-10 13:43:06 - [INFO] - [SMART UPDATE] Change type: none
2025-09-10 13:43:06 - [INFO] - [SMART UPDATE] Using full rebuild for opacity change
2025-09-10 13:43:06 - [INFO] - [DEBUG] Rebuilding timeline for active scan index: 0
2025-09-10 13:43:06 - [INFO] - [DEBUG] Creating CLASSIFICATION card 0 for view: Anterior
2025-09-10 13:43:06 - [INFO] - [DEBUG] Active layers selected: []
2025-09-10 13:43:06 - [INFO] - [DEBUG] DICOM path: F:\projek dosen\prototype riset\hotspot-analyzer\data\PLANAR\WKW\0001077172\20250807\ANT001_DS.dcm
2025-09-10 13:43:06 - [INFO] - [DEBUG] Current view: Anterior
2025-09-10 13:43:06 - [INFO] - [CACHE DEBUG] use_cache=False
2025-09-10 13:43:06 - [INFO] - [CACHE DEBUG] has_adjustments=False (B=0.00, C=1.00)
2025-09-10 13:43:06 - [INFO] - [CACHE DEBUG] has_overrides=False (override_b=None, override_c=None)
2025-09-10 13:43:06 - [INFO] - [CACHE DEBUG] invert_original=True
2025-09-10 13:43:06 - [INFO] - [CACHE SKIP] Skipping cache due to adjustments/overrides/invert
2025-09-10 13:43:06 - [INFO] - [DEBUG] Path extraction: session=WKW, patient=0001077172, study_date=20250807
2025-09-10 13:43:06 - [INFO] - [DEBUG] Extracted patient info - ID: 0001077172, Session: WKW
2025-09-10 13:43:06 - [INFO] - [DEBUG] Original path: F:\projek dosen\prototype riset\hotspot-analyzer\data\PLANAR\WKW\0001077172\20250807\ANT001_DS.dcm
2025-09-10 13:43:06 - [INFO] - [DEBUG] Study date: 20250807
2025-09-10 13:43:06 - [INFO] - [DEBUG] Patient ID: 0001077172
2025-09-10 13:43:06 - [INFO] - [DEBUG] Session code: WKW
2025-09-10 13:43:06 - [INFO] - [DEBUG] Study date folder: F:\projek dosen\prototype riset\hotspot-analyzer\data\PLANAR\WKW\0001077172\20250807
2025-09-10 13:43:06 - [INFO] - [DEBUG] Loading original image for Anterior
2025-09-10 13:43:06 - [INFO] - [DEBUG] Looking for original PNG in study_date dir: F:\projek dosen\prototype riset\hotspot-analyzer\data\PLANAR\WKW\0001077172\20250807\ant_original.png
2025-09-10 13:43:06 - [DEBUG] - STREAM b'IHDR' 16 13
2025-09-10 13:43:06 - [DEBUG] - STREAM b'IDAT' 41 65536
2025-09-10 13:43:06 - [INFO] - [DEBUG] Loaded original PNG from study_date dir: (256, 1024)
2025-09-10 13:43:06 - [INFO] - [DEBUG] Original image loaded: (256, 1024)
2025-09-10 13:43:06 - [INFO] - [DEBUG] Applying invert to original image
2025-09-10 13:43:06 - [INFO] - [DEBUG] simple_invert_pil_image: Processing L image, size = (256, 1024)
2025-09-10 13:43:06 - [INFO] - [DEBUG] simple_invert_image: input shape = (1024, 256), dtype = uint8
2025-09-10 13:43:06 - [INFO] - [DEBUG] Simple inversion completed: [0-255] -> [0-255]
2025-09-10 13:43:06 - [INFO] - [DEBUG] simple_invert_pil_image: completed
2025-09-10 13:43:06 - [INFO] - [DEBUG] Using STORED B/C values: B=0.00, C=1.00
2025-09-10 13:43:06 - [INFO] - [DEBUG]   Image layer loaded and processed
2025-09-10 13:43:06 - [INFO] - [DEBUG] Loading segmentation layer for Anterior
2025-09-10 13:43:06 - [INFO] - [DEBUG] Looking for segmentation (NEWEST): F:\projek dosen\prototype riset\hotspot-analyzer\data\PLANAR\WKW\0001077172\20250807\ant_segm.png
2025-09-10 13:43:06 - [DEBUG] - STREAM b'IHDR' 16 13
2025-09-10 13:43:06 - [DEBUG] - STREAM b'IDAT' 41 5181
2025-09-10 13:43:06 - [INFO] - [DEBUG]   Loaded segmentation with transparency: F:\projek dosen\prototype riset\hotspot-analyzer\data\PLANAR\WKW\0001077172\20250807\ant_segm.png
2025-09-10 13:43:06 - [INFO] - [DEBUG] Segmentation type: ORIGINAL
2025-09-10 13:43:06 - [INFO] - [DEBUG] Loading hotspot layer for Anterior
2025-09-10 13:43:06 - [INFO] - [DEBUG] Looking for hotspot classification (NEWEST): F:\projek dosen\prototype riset\hotspot-analyzer\data\PLANAR\WKW\0001077172\20250807\ant_hotspot_classification.png
2025-09-10 13:43:06 - [INFO] - [DEBUG] No hotspot classification found: F:\projek dosen\prototype riset\hotspot-analyzer\data\PLANAR\WKW\0001077172\20250807\ant_hotspot_classification.png
2025-09-10 13:43:06 - [INFO] - [DEBUG] Loading bbox layer for Anterior
2025-09-10 13:43:06 - [INFO] - [DEBUG] Looking for classification XML (NEWEST): F:\projek dosen\prototype riset\hotspot-analyzer\data\PLANAR\WKW\0001077172\20250807\ant_hotspot_classification.xml
2025-09-10 13:43:06 - [INFO] - [DEBUG] No classification XML found: F:\projek dosen\prototype riset\hotspot-analyzer\data\PLANAR\WKW\0001077172\20250807\ant_hotspot_classification.xml
2025-09-10 13:43:06 - [INFO] - [CACHE STORE] Not caching due to adjustments/overrides/invert
2025-09-10 13:43:06 - [INFO] - [DEBUG]   Loaded 2 layers for Anterior: ['Image', 'Segmentation']
2025-09-10 13:43:06 - [INFO] - [DEBUG] Available CLASSIFICATION layers in files: ['Image', 'Segmentation']
2025-09-10 13:43:06 - [INFO] - [DEBUG] Creating CLASSIFICATION card 0 for view: Posterior
2025-09-10 13:43:06 - [INFO] - [DEBUG] Active layers selected: []
2025-09-10 13:43:06 - [INFO] - [DEBUG] DICOM path: F:\projek dosen\prototype riset\hotspot-analyzer\data\PLANAR\WKW\0001077172\20250807\ANT001_DS.dcm
2025-09-10 13:43:06 - [INFO] - [DEBUG] Current view: Posterior
2025-09-10 13:43:06 - [INFO] - [CACHE DEBUG] use_cache=False
2025-09-10 13:43:06 - [INFO] - [CACHE DEBUG] has_adjustments=False (B=0.00, C=1.00)
2025-09-10 13:43:06 - [INFO] - [CACHE DEBUG] has_overrides=False (override_b=None, override_c=None)
2025-09-10 13:43:06 - [INFO] - [CACHE DEBUG] invert_original=True
2025-09-10 13:43:06 - [INFO] - [CACHE SKIP] Skipping cache due to adjustments/overrides/invert
2025-09-10 13:43:06 - [INFO] - [DEBUG] Path extraction: session=WKW, patient=0001077172, study_date=20250807
2025-09-10 13:43:06 - [INFO] - [DEBUG] Extracted patient info - ID: 0001077172, Session: WKW
2025-09-10 13:43:06 - [INFO] - [DEBUG] Original path: F:\projek dosen\prototype riset\hotspot-analyzer\data\PLANAR\WKW\0001077172\20250807\ANT001_DS.dcm
2025-09-10 13:43:06 - [INFO] - [DEBUG] Study date: 20250807
2025-09-10 13:43:06 - [INFO] - [DEBUG] Patient ID: 0001077172
2025-09-10 13:43:06 - [INFO] - [DEBUG] Session code: WKW
2025-09-10 13:43:06 - [INFO] - [DEBUG] Study date folder: F:\projek dosen\prototype riset\hotspot-analyzer\data\PLANAR\WKW\0001077172\20250807
2025-09-10 13:43:06 - [INFO] - [DEBUG] Loading original image for Posterior
2025-09-10 13:43:06 - [INFO] - [DEBUG] Looking for original PNG in study_date dir: F:\projek dosen\prototype riset\hotspot-analyzer\data\PLANAR\WKW\0001077172\20250807\post_original.png
2025-09-10 13:43:06 - [DEBUG] - STREAM b'IHDR' 16 13
2025-09-10 13:43:06 - [DEBUG] - STREAM b'IDAT' 41 65536
2025-09-10 13:43:06 - [INFO] - [DEBUG] Loaded original PNG from study_date dir: (256, 1024)
2025-09-10 13:43:06 - [INFO] - [DEBUG] Original image loaded: (256, 1024)
2025-09-10 13:43:06 - [INFO] - [DEBUG] Applying invert to original image
2025-09-10 13:43:06 - [INFO] - [DEBUG] simple_invert_pil_image: Processing L image, size = (256, 1024)
2025-09-10 13:43:06 - [INFO] - [DEBUG] simple_invert_image: input shape = (1024, 256), dtype = uint8
2025-09-10 13:43:06 - [INFO] - [DEBUG] Simple inversion completed: [0-255] -> [0-255]
2025-09-10 13:43:06 - [INFO] - [DEBUG] simple_invert_pil_image: completed
2025-09-10 13:43:06 - [INFO] - [DEBUG] Using STORED B/C values: B=0.00, C=1.00
2025-09-10 13:43:06 - [INFO] - [DEBUG]   Image layer loaded and processed
2025-09-10 13:43:06 - [INFO] - [DEBUG] Loading segmentation layer for Posterior
2025-09-10 13:43:06 - [INFO] - [DEBUG] Looking for segmentation (NEWEST): F:\projek dosen\prototype riset\hotspot-analyzer\data\PLANAR\WKW\0001077172\20250807\post_segm.png
2025-09-10 13:43:06 - [DEBUG] - STREAM b'IHDR' 16 13
2025-09-10 13:43:06 - [DEBUG] - STREAM b'IDAT' 41 13727
2025-09-10 13:43:06 - [INFO] - [DEBUG]   Loaded segmentation with transparency: F:\projek dosen\prototype riset\hotspot-analyzer\data\PLANAR\WKW\0001077172\20250807\post_segm.png
2025-09-10 13:43:06 - [INFO] - [DEBUG] Segmentation type: ORIGINAL
2025-09-10 13:43:06 - [INFO] - [DEBUG] Loading hotspot layer for Posterior
2025-09-10 13:43:06 - [INFO] - [DEBUG] Looking for hotspot classification (NEWEST): F:\projek dosen\prototype riset\hotspot-analyzer\data\PLANAR\WKW\0001077172\20250807\post_hotspot_classification.png
2025-09-10 13:43:06 - [INFO] - [DEBUG] No hotspot classification found: F:\projek dosen\prototype riset\hotspot-analyzer\data\PLANAR\WKW\0001077172\20250807\post_hotspot_classification.png
2025-09-10 13:43:06 - [INFO] - [DEBUG] Loading bbox layer for Posterior
2025-09-10 13:43:06 - [INFO] - [DEBUG] Looking for classification XML (NEWEST): F:\projek dosen\prototype riset\hotspot-analyzer\data\PLANAR\WKW\0001077172\20250807\post_hotspot_classification.xml
2025-09-10 13:43:06 - [INFO] - [DEBUG] No classification XML found: F:\projek dosen\prototype riset\hotspot-analyzer\data\PLANAR\WKW\0001077172\20250807\post_hotspot_classification.xml
2025-09-10 13:43:06 - [INFO] - [CACHE STORE] Not caching due to adjustments/overrides/invert
2025-09-10 13:43:06 - [INFO] - [DEBUG]   Loaded 2 layers for Posterior: ['Image', 'Segmentation']
2025-09-10 13:43:06 - [INFO] - [DEBUG] Available CLASSIFICATION layers in files: ['Image', 'Segmentation']
2025-09-10 13:43:06 - [INFO] - [SMART UPDATE] State updated - Type: full
2025-09-10 13:43:06 - [INFO] - [SMART UPDATE] State updated - Type: rebuild
2025-09-10 13:43:06 - [INFO] - [DEBUG] Setting default layers: 'Image' checkbox should now be ON.
2025-09-10 13:43:06 - [INFO] - [DEBUG] Active layers: ['Image']
2025-09-10 13:43:06 - [INFO] - [DEBUG] Layers changed to: ['Image']
2025-09-10 13:43:06 - [INFO] - [SMART UPDATE] Change type: layers
2025-09-10 13:43:06 - [INFO] - [SMART UPDATE] Layers added: ['Image']
2025-09-10 13:43:06 - [INFO] - [DEBUG] Timeline active layers set to: ['Image']
2025-09-10 13:43:06 - [INFO] - [SMART UPDATE] Full rebuild required for change type: layers
2025-09-10 13:43:06 - [INFO] - [DEBUG] Rebuilding timeline for active scan index: 0
2025-09-10 13:43:06 - [INFO] - [DEBUG] Creating CLASSIFICATION card 0 for view: Anterior
2025-09-10 13:43:06 - [INFO] - [DEBUG] Active layers selected: ['Image']
2025-09-10 13:43:06 - [INFO] - [DEBUG] DICOM path: F:\projek dosen\prototype riset\hotspot-analyzer\data\PLANAR\WKW\0001077172\20250807\ANT001_DS.dcm
2025-09-10 13:43:06 - [INFO] - [DEBUG] Current view: Anterior
2025-09-10 13:43:06 - [INFO] - [CACHE DEBUG] use_cache=False
2025-09-10 13:43:06 - [INFO] - [CACHE DEBUG] has_adjustments=False (B=0.00, C=1.00)
2025-09-10 13:43:06 - [INFO] - [CACHE DEBUG] has_overrides=False (override_b=None, override_c=None)
2025-09-10 13:43:06 - [INFO] - [CACHE DEBUG] invert_original=True
2025-09-10 13:43:06 - [INFO] - [CACHE SKIP] Skipping cache due to adjustments/overrides/invert
2025-09-10 13:43:06 - [INFO] - [DEBUG] Path extraction: session=WKW, patient=0001077172, study_date=20250807
2025-09-10 13:43:06 - [INFO] - [DEBUG] Extracted patient info - ID: 0001077172, Session: WKW
2025-09-10 13:43:06 - [INFO] - [DEBUG] Original path: F:\projek dosen\prototype riset\hotspot-analyzer\data\PLANAR\WKW\0001077172\20250807\ANT001_DS.dcm
2025-09-10 13:43:06 - [INFO] - [DEBUG] Study date: 20250807
2025-09-10 13:43:06 - [INFO] - [DEBUG] Patient ID: 0001077172
2025-09-10 13:43:06 - [INFO] - [DEBUG] Session code: WKW
2025-09-10 13:43:06 - [INFO] - [DEBUG] Study date folder: F:\projek dosen\prototype riset\hotspot-analyzer\data\PLANAR\WKW\0001077172\20250807
2025-09-10 13:43:06 - [INFO] - [DEBUG] Loading original image for Anterior
2025-09-10 13:43:06 - [INFO] - [DEBUG] Looking for original PNG in study_date dir: F:\projek dosen\prototype riset\hotspot-analyzer\data\PLANAR\WKW\0001077172\20250807\ant_original.png
2025-09-10 13:43:06 - [DEBUG] - STREAM b'IHDR' 16 13
2025-09-10 13:43:06 - [DEBUG] - STREAM b'IDAT' 41 65536
2025-09-10 13:43:06 - [INFO] - [DEBUG] Loaded original PNG from study_date dir: (256, 1024)
2025-09-10 13:43:06 - [INFO] - [DEBUG] Original image loaded: (256, 1024)
2025-09-10 13:43:06 - [INFO] - [DEBUG] Applying invert to original image
2025-09-10 13:43:06 - [INFO] - [DEBUG] simple_invert_pil_image: Processing L image, size = (256, 1024)
2025-09-10 13:43:06 - [INFO] - [DEBUG] simple_invert_image: input shape = (1024, 256), dtype = uint8
2025-09-10 13:43:06 - [INFO] - [DEBUG] Simple inversion completed: [0-255] -> [0-255]
2025-09-10 13:43:06 - [INFO] - [DEBUG] simple_invert_pil_image: completed
2025-09-10 13:43:06 - [INFO] - [DEBUG] Using STORED B/C values: B=0.00, C=1.00
2025-09-10 13:43:06 - [INFO] - [DEBUG]   Image layer loaded and processed
2025-09-10 13:43:06 - [INFO] - [DEBUG] Loading segmentation layer for Anterior
2025-09-10 13:43:06 - [INFO] - [DEBUG] Looking for segmentation (NEWEST): F:\projek dosen\prototype riset\hotspot-analyzer\data\PLANAR\WKW\0001077172\20250807\ant_segm.png
2025-09-10 13:43:06 - [DEBUG] - STREAM b'IHDR' 16 13
2025-09-10 13:43:06 - [DEBUG] - STREAM b'IDAT' 41 5181
2025-09-10 13:43:06 - [INFO] - [DEBUG]   Loaded segmentation with transparency: F:\projek dosen\prototype riset\hotspot-analyzer\data\PLANAR\WKW\0001077172\20250807\ant_segm.png
2025-09-10 13:43:06 - [INFO] - [DEBUG] Segmentation type: ORIGINAL
2025-09-10 13:43:06 - [INFO] - [DEBUG] Loading hotspot layer for Anterior
2025-09-10 13:43:06 - [INFO] - [DEBUG] Looking for hotspot classification (NEWEST): F:\projek dosen\prototype riset\hotspot-analyzer\data\PLANAR\WKW\0001077172\20250807\ant_hotspot_classification.png
2025-09-10 13:43:06 - [INFO] - [DEBUG] No hotspot classification found: F:\projek dosen\prototype riset\hotspot-analyzer\data\PLANAR\WKW\0001077172\20250807\ant_hotspot_classification.png
2025-09-10 13:43:06 - [INFO] - [DEBUG] Loading bbox layer for Anterior
2025-09-10 13:43:06 - [INFO] - [DEBUG] Looking for classification XML (NEWEST): F:\projek dosen\prototype riset\hotspot-analyzer\data\PLANAR\WKW\0001077172\20250807\ant_hotspot_classification.xml
2025-09-10 13:43:06 - [INFO] - [DEBUG] No classification XML found: F:\projek dosen\prototype riset\hotspot-analyzer\data\PLANAR\WKW\0001077172\20250807\ant_hotspot_classification.xml
2025-09-10 13:43:06 - [INFO] - [CACHE STORE] Not caching due to adjustments/overrides/invert
2025-09-10 13:43:06 - [INFO] - [DEBUG]   Loaded 2 layers for Anterior: ['Image', 'Segmentation']
2025-09-10 13:43:06 - [INFO] - [DEBUG] Available CLASSIFICATION layers in files: ['Image', 'Segmentation']
2025-09-10 13:43:06 - [INFO] - [DEBUG]   Added CLASSIFICATION Image to card 0 (opacity: 1.00)
2025-09-10 13:43:06 - [INFO] - [DEBUG]   CLASSIFICATION card 0 composite created with layers: ['Image']
2025-09-10 13:43:06 - [INFO] - [DEBUG] Creating CLASSIFICATION card 0 for view: Posterior
2025-09-10 13:43:06 - [INFO] - [DEBUG] Active layers selected: ['Image']
2025-09-10 13:43:06 - [INFO] - [DEBUG] DICOM path: F:\projek dosen\prototype riset\hotspot-analyzer\data\PLANAR\WKW\0001077172\20250807\ANT001_DS.dcm
2025-09-10 13:43:06 - [INFO] - [DEBUG] Current view: Posterior
2025-09-10 13:43:06 - [INFO] - [CACHE DEBUG] use_cache=False
2025-09-10 13:43:06 - [INFO] - [CACHE DEBUG] has_adjustments=False (B=0.00, C=1.00)
2025-09-10 13:43:06 - [INFO] - [CACHE DEBUG] has_overrides=False (override_b=None, override_c=None)
2025-09-10 13:43:06 - [INFO] - [CACHE DEBUG] invert_original=True
2025-09-10 13:43:06 - [INFO] - [CACHE SKIP] Skipping cache due to adjustments/overrides/invert
2025-09-10 13:43:06 - [INFO] - [DEBUG] Path extraction: session=WKW, patient=0001077172, study_date=20250807
2025-09-10 13:43:06 - [INFO] - [DEBUG] Extracted patient info - ID: 0001077172, Session: WKW
2025-09-10 13:43:06 - [INFO] - [DEBUG] Original path: F:\projek dosen\prototype riset\hotspot-analyzer\data\PLANAR\WKW\0001077172\20250807\ANT001_DS.dcm
2025-09-10 13:43:06 - [INFO] - [DEBUG] Study date: 20250807
2025-09-10 13:43:06 - [INFO] - [DEBUG] Patient ID: 0001077172
2025-09-10 13:43:06 - [INFO] - [DEBUG] Session code: WKW
2025-09-10 13:43:06 - [INFO] - [DEBUG] Study date folder: F:\projek dosen\prototype riset\hotspot-analyzer\data\PLANAR\WKW\0001077172\20250807
2025-09-10 13:43:06 - [INFO] - [DEBUG] Loading original image for Posterior
2025-09-10 13:43:06 - [INFO] - [DEBUG] Looking for original PNG in study_date dir: F:\projek dosen\prototype riset\hotspot-analyzer\data\PLANAR\WKW\0001077172\20250807\post_original.png
2025-09-10 13:43:06 - [DEBUG] - STREAM b'IHDR' 16 13
2025-09-10 13:43:06 - [DEBUG] - STREAM b'IDAT' 41 65536
2025-09-10 13:43:06 - [INFO] - [DEBUG] Loaded original PNG from study_date dir: (256, 1024)
2025-09-10 13:43:06 - [INFO] - [DEBUG] Original image loaded: (256, 1024)
2025-09-10 13:43:06 - [INFO] - [DEBUG] Applying invert to original image
2025-09-10 13:43:06 - [INFO] - [DEBUG] simple_invert_pil_image: Processing L image, size = (256, 1024)
2025-09-10 13:43:06 - [INFO] - [DEBUG] simple_invert_image: input shape = (1024, 256), dtype = uint8
2025-09-10 13:43:06 - [INFO] - [DEBUG] Simple inversion completed: [0-255] -> [0-255]
2025-09-10 13:43:06 - [INFO] - [DEBUG] simple_invert_pil_image: completed
2025-09-10 13:43:06 - [INFO] - [DEBUG] Using STORED B/C values: B=0.00, C=1.00
2025-09-10 13:43:06 - [INFO] - [DEBUG]   Image layer loaded and processed
2025-09-10 13:43:06 - [INFO] - [DEBUG] Loading segmentation layer for Posterior
2025-09-10 13:43:06 - [INFO] - [DEBUG] Looking for segmentation (NEWEST): F:\projek dosen\prototype riset\hotspot-analyzer\data\PLANAR\WKW\0001077172\20250807\post_segm.png
2025-09-10 13:43:06 - [DEBUG] - STREAM b'IHDR' 16 13
2025-09-10 13:43:06 - [DEBUG] - STREAM b'IDAT' 41 13727
2025-09-10 13:43:06 - [INFO] - [DEBUG]   Loaded segmentation with transparency: F:\projek dosen\prototype riset\hotspot-analyzer\data\PLANAR\WKW\0001077172\20250807\post_segm.png
2025-09-10 13:43:06 - [INFO] - [DEBUG] Segmentation type: ORIGINAL
2025-09-10 13:43:06 - [INFO] - [DEBUG] Loading hotspot layer for Posterior
2025-09-10 13:43:06 - [INFO] - [DEBUG] Looking for hotspot classification (NEWEST): F:\projek dosen\prototype riset\hotspot-analyzer\data\PLANAR\WKW\0001077172\20250807\post_hotspot_classification.png
2025-09-10 13:43:06 - [INFO] - [DEBUG] No hotspot classification found: F:\projek dosen\prototype riset\hotspot-analyzer\data\PLANAR\WKW\0001077172\20250807\post_hotspot_classification.png
2025-09-10 13:43:06 - [INFO] - [DEBUG] Loading bbox layer for Posterior
2025-09-10 13:43:06 - [INFO] - [DEBUG] Looking for classification XML (NEWEST): F:\projek dosen\prototype riset\hotspot-analyzer\data\PLANAR\WKW\0001077172\20250807\post_hotspot_classification.xml
2025-09-10 13:43:06 - [INFO] - [DEBUG] No classification XML found: F:\projek dosen\prototype riset\hotspot-analyzer\data\PLANAR\WKW\0001077172\20250807\post_hotspot_classification.xml
2025-09-10 13:43:06 - [INFO] - [CACHE STORE] Not caching due to adjustments/overrides/invert
2025-09-10 13:43:06 - [INFO] - [DEBUG]   Loaded 2 layers for Posterior: ['Image', 'Segmentation']
2025-09-10 13:43:06 - [INFO] - [DEBUG] Available CLASSIFICATION layers in files: ['Image', 'Segmentation']
2025-09-10 13:43:06 - [INFO] - [DEBUG]   Added CLASSIFICATION Image to card 0 (opacity: 1.00)
2025-09-10 13:43:06 - [INFO] - [DEBUG]   CLASSIFICATION card 0 composite created with layers: ['Image']
2025-09-10 13:43:06 - [INFO] - [SMART UPDATE] State updated - Type: full
2025-09-10 13:43:06 - [INFO] - [SMART UPDATE] State updated - Type: layers
2025-09-10 13:43:06 - [INFO] - [DEBUG] Path extraction: session=WKW, patient=0001077172, study_date=20250807
2025-09-10 13:43:06 - [INFO] - [DEBUG] Extracted patient info - ID: 0001077172, Session: WKW
2025-09-10 13:43:06 - [INFO] - [DEBUG] Original path: F:\projek dosen\prototype riset\hotspot-analyzer\data\PLANAR\WKW\0001077172\20250807\ANT001_DS.dcm
2025-09-10 13:43:06 - [INFO] - [EDIT BUTTONS] Has scan: True, Has seg data: True, Can edit hotspot: True
2025-09-10 13:43:06 - [INFO] - [EDIT BUTTONS] Seg button enabled: True, Hotspot button enabled: True
2025-09-10 13:43:06 - [INFO] - [SMART UPDATE] Change type: none
2025-09-10 13:43:06 - [INFO] - [DEBUG] Timeline active layers set to: ['Image']
2025-09-10 13:43:06 - [INFO] - [SMART UPDATE] No changes detected, skipping update
2025-09-10 13:43:06 - [INFO] - [DEBUG] Set Image opacity to 1.00
2025-09-10 13:43:06 - [INFO] - [SMART UPDATE] Change type: none
2025-09-10 13:43:06 - [INFO] - [SMART UPDATE] Using full rebuild for opacity change
2025-09-10 13:43:06 - [INFO] - [DEBUG] Rebuilding timeline for active scan index: 0
2025-09-10 13:43:06 - [INFO] - [DEBUG] Creating CLASSIFICATION card 0 for view: Anterior
2025-09-10 13:43:06 - [INFO] - [DEBUG] Active layers selected: ['Image']
2025-09-10 13:43:06 - [INFO] - [DEBUG] DICOM path: F:\projek dosen\prototype riset\hotspot-analyzer\data\PLANAR\WKW\0001077172\20250807\ANT001_DS.dcm
2025-09-10 13:43:06 - [INFO] - [DEBUG] Current view: Anterior
2025-09-10 13:43:06 - [INFO] - [CACHE DEBUG] use_cache=False
2025-09-10 13:43:06 - [INFO] - [CACHE DEBUG] has_adjustments=False (B=0.00, C=1.00)
2025-09-10 13:43:06 - [INFO] - [CACHE DEBUG] has_overrides=False (override_b=None, override_c=None)
2025-09-10 13:43:06 - [INFO] - [CACHE DEBUG] invert_original=True
2025-09-10 13:43:06 - [INFO] - [CACHE SKIP] Skipping cache due to adjustments/overrides/invert
2025-09-10 13:43:06 - [INFO] - [DEBUG] Path extraction: session=WKW, patient=0001077172, study_date=20250807
2025-09-10 13:43:06 - [INFO] - [DEBUG] Extracted patient info - ID: 0001077172, Session: WKW
2025-09-10 13:43:06 - [INFO] - [DEBUG] Original path: F:\projek dosen\prototype riset\hotspot-analyzer\data\PLANAR\WKW\0001077172\20250807\ANT001_DS.dcm
2025-09-10 13:43:06 - [INFO] - [DEBUG] Study date: 20250807
2025-09-10 13:43:06 - [INFO] - [DEBUG] Patient ID: 0001077172
2025-09-10 13:43:06 - [INFO] - [DEBUG] Session code: WKW
2025-09-10 13:43:06 - [INFO] - [DEBUG] Study date folder: F:\projek dosen\prototype riset\hotspot-analyzer\data\PLANAR\WKW\0001077172\20250807
2025-09-10 13:43:06 - [INFO] - [DEBUG] Loading original image for Anterior
2025-09-10 13:43:06 - [INFO] - [DEBUG] Looking for original PNG in study_date dir: F:\projek dosen\prototype riset\hotspot-analyzer\data\PLANAR\WKW\0001077172\20250807\ant_original.png
2025-09-10 13:43:06 - [DEBUG] - STREAM b'IHDR' 16 13
2025-09-10 13:43:06 - [DEBUG] - STREAM b'IDAT' 41 65536
2025-09-10 13:43:06 - [INFO] - [DEBUG] Loaded original PNG from study_date dir: (256, 1024)
2025-09-10 13:43:06 - [INFO] - [DEBUG] Original image loaded: (256, 1024)
2025-09-10 13:43:06 - [INFO] - [DEBUG] Applying invert to original image
2025-09-10 13:43:06 - [INFO] - [DEBUG] simple_invert_pil_image: Processing L image, size = (256, 1024)
2025-09-10 13:43:06 - [INFO] - [DEBUG] simple_invert_image: input shape = (1024, 256), dtype = uint8
2025-09-10 13:43:06 - [INFO] - [DEBUG] Simple inversion completed: [0-255] -> [0-255]
2025-09-10 13:43:06 - [INFO] - [DEBUG] simple_invert_pil_image: completed
2025-09-10 13:43:06 - [INFO] - [DEBUG] Using STORED B/C values: B=0.00, C=1.00
2025-09-10 13:43:06 - [INFO] - [DEBUG]   Image layer loaded and processed
2025-09-10 13:43:06 - [INFO] - [DEBUG] Loading segmentation layer for Anterior
2025-09-10 13:43:06 - [INFO] - [DEBUG] Looking for segmentation (NEWEST): F:\projek dosen\prototype riset\hotspot-analyzer\data\PLANAR\WKW\0001077172\20250807\ant_segm.png
2025-09-10 13:43:06 - [DEBUG] - STREAM b'IHDR' 16 13
2025-09-10 13:43:06 - [DEBUG] - STREAM b'IDAT' 41 5181
2025-09-10 13:43:06 - [INFO] - [DEBUG]   Loaded segmentation with transparency: F:\projek dosen\prototype riset\hotspot-analyzer\data\PLANAR\WKW\0001077172\20250807\ant_segm.png
2025-09-10 13:43:06 - [INFO] - [DEBUG] Segmentation type: ORIGINAL
2025-09-10 13:43:06 - [INFO] - [DEBUG] Loading hotspot layer for Anterior
2025-09-10 13:43:06 - [INFO] - [DEBUG] Looking for hotspot classification (NEWEST): F:\projek dosen\prototype riset\hotspot-analyzer\data\PLANAR\WKW\0001077172\20250807\ant_hotspot_classification.png
2025-09-10 13:43:06 - [INFO] - [DEBUG] No hotspot classification found: F:\projek dosen\prototype riset\hotspot-analyzer\data\PLANAR\WKW\0001077172\20250807\ant_hotspot_classification.png
2025-09-10 13:43:06 - [INFO] - [DEBUG] Loading bbox layer for Anterior
2025-09-10 13:43:06 - [INFO] - [DEBUG] Looking for classification XML (NEWEST): F:\projek dosen\prototype riset\hotspot-analyzer\data\PLANAR\WKW\0001077172\20250807\ant_hotspot_classification.xml
2025-09-10 13:43:06 - [INFO] - [DEBUG] No classification XML found: F:\projek dosen\prototype riset\hotspot-analyzer\data\PLANAR\WKW\0001077172\20250807\ant_hotspot_classification.xml
2025-09-10 13:43:06 - [INFO] - [CACHE STORE] Not caching due to adjustments/overrides/invert
2025-09-10 13:43:06 - [INFO] - [DEBUG]   Loaded 2 layers for Anterior: ['Image', 'Segmentation']
2025-09-10 13:43:06 - [INFO] - [DEBUG] Available CLASSIFICATION layers in files: ['Image', 'Segmentation']
2025-09-10 13:43:06 - [INFO] - [DEBUG]   Added CLASSIFICATION Image to card 0 (opacity: 1.00)
2025-09-10 13:43:06 - [INFO] - [DEBUG]   CLASSIFICATION card 0 composite created with layers: ['Image']
2025-09-10 13:43:06 - [INFO] - [DEBUG] Creating CLASSIFICATION card 0 for view: Posterior
2025-09-10 13:43:06 - [INFO] - [DEBUG] Active layers selected: ['Image']
2025-09-10 13:43:06 - [INFO] - [DEBUG] DICOM path: F:\projek dosen\prototype riset\hotspot-analyzer\data\PLANAR\WKW\0001077172\20250807\ANT001_DS.dcm
2025-09-10 13:43:06 - [INFO] - [DEBUG] Current view: Posterior
2025-09-10 13:43:06 - [INFO] - [CACHE DEBUG] use_cache=False
2025-09-10 13:43:06 - [INFO] - [CACHE DEBUG] has_adjustments=False (B=0.00, C=1.00)
2025-09-10 13:43:06 - [INFO] - [CACHE DEBUG] has_overrides=False (override_b=None, override_c=None)
2025-09-10 13:43:06 - [INFO] - [CACHE DEBUG] invert_original=True
2025-09-10 13:43:06 - [INFO] - [CACHE SKIP] Skipping cache due to adjustments/overrides/invert
2025-09-10 13:43:06 - [INFO] - [DEBUG] Path extraction: session=WKW, patient=0001077172, study_date=20250807
2025-09-10 13:43:06 - [INFO] - [DEBUG] Extracted patient info - ID: 0001077172, Session: WKW
2025-09-10 13:43:06 - [INFO] - [DEBUG] Original path: F:\projek dosen\prototype riset\hotspot-analyzer\data\PLANAR\WKW\0001077172\20250807\ANT001_DS.dcm
2025-09-10 13:43:06 - [INFO] - [DEBUG] Study date: 20250807
2025-09-10 13:43:06 - [INFO] - [DEBUG] Patient ID: 0001077172
2025-09-10 13:43:06 - [INFO] - [DEBUG] Session code: WKW
2025-09-10 13:43:06 - [INFO] - [DEBUG] Study date folder: F:\projek dosen\prototype riset\hotspot-analyzer\data\PLANAR\WKW\0001077172\20250807
2025-09-10 13:43:06 - [INFO] - [DEBUG] Loading original image for Posterior
2025-09-10 13:43:06 - [INFO] - [DEBUG] Looking for original PNG in study_date dir: F:\projek dosen\prototype riset\hotspot-analyzer\data\PLANAR\WKW\0001077172\20250807\post_original.png
2025-09-10 13:43:06 - [DEBUG] - STREAM b'IHDR' 16 13
2025-09-10 13:43:06 - [DEBUG] - STREAM b'IDAT' 41 65536
2025-09-10 13:43:06 - [INFO] - [DEBUG] Loaded original PNG from study_date dir: (256, 1024)
2025-09-10 13:43:06 - [INFO] - [DEBUG] Original image loaded: (256, 1024)
2025-09-10 13:43:06 - [INFO] - [DEBUG] Applying invert to original image
2025-09-10 13:43:06 - [INFO] - [DEBUG] simple_invert_pil_image: Processing L image, size = (256, 1024)
2025-09-10 13:43:06 - [INFO] - [DEBUG] simple_invert_image: input shape = (1024, 256), dtype = uint8
2025-09-10 13:43:06 - [INFO] - [DEBUG] Simple inversion completed: [0-255] -> [0-255]
2025-09-10 13:43:06 - [INFO] - [DEBUG] simple_invert_pil_image: completed
2025-09-10 13:43:06 - [INFO] - [DEBUG] Using STORED B/C values: B=0.00, C=1.00
2025-09-10 13:43:06 - [INFO] - [DEBUG]   Image layer loaded and processed
2025-09-10 13:43:06 - [INFO] - [DEBUG] Loading segmentation layer for Posterior
2025-09-10 13:43:06 - [INFO] - [DEBUG] Looking for segmentation (NEWEST): F:\projek dosen\prototype riset\hotspot-analyzer\data\PLANAR\WKW\0001077172\20250807\post_segm.png
2025-09-10 13:43:06 - [DEBUG] - STREAM b'IHDR' 16 13
2025-09-10 13:43:06 - [DEBUG] - STREAM b'IDAT' 41 13727
2025-09-10 13:43:06 - [INFO] - [DEBUG]   Loaded segmentation with transparency: F:\projek dosen\prototype riset\hotspot-analyzer\data\PLANAR\WKW\0001077172\20250807\post_segm.png
2025-09-10 13:43:06 - [INFO] - [DEBUG] Segmentation type: ORIGINAL
2025-09-10 13:43:06 - [INFO] - [DEBUG] Loading hotspot layer for Posterior
2025-09-10 13:43:06 - [INFO] - [DEBUG] Looking for hotspot classification (NEWEST): F:\projek dosen\prototype riset\hotspot-analyzer\data\PLANAR\WKW\0001077172\20250807\post_hotspot_classification.png
2025-09-10 13:43:06 - [INFO] - [DEBUG] No hotspot classification found: F:\projek dosen\prototype riset\hotspot-analyzer\data\PLANAR\WKW\0001077172\20250807\post_hotspot_classification.png
2025-09-10 13:43:06 - [INFO] - [DEBUG] Loading bbox layer for Posterior
2025-09-10 13:43:06 - [INFO] - [DEBUG] Looking for classification XML (NEWEST): F:\projek dosen\prototype riset\hotspot-analyzer\data\PLANAR\WKW\0001077172\20250807\post_hotspot_classification.xml
2025-09-10 13:43:06 - [INFO] - [DEBUG] No classification XML found: F:\projek dosen\prototype riset\hotspot-analyzer\data\PLANAR\WKW\0001077172\20250807\post_hotspot_classification.xml
2025-09-10 13:43:06 - [INFO] - [CACHE STORE] Not caching due to adjustments/overrides/invert
2025-09-10 13:43:06 - [INFO] - [DEBUG]   Loaded 2 layers for Posterior: ['Image', 'Segmentation']
2025-09-10 13:43:06 - [INFO] - [DEBUG] Available CLASSIFICATION layers in files: ['Image', 'Segmentation']
2025-09-10 13:43:06 - [INFO] - [DEBUG]   Added CLASSIFICATION Image to card 0 (opacity: 1.00)
2025-09-10 13:43:06 - [INFO] - [DEBUG]   CLASSIFICATION card 0 composite created with layers: ['Image']
2025-09-10 13:43:06 - [INFO] - [SMART UPDATE] State updated - Type: full
2025-09-10 13:43:06 - [INFO] - [SMART UPDATE] State updated - Type: rebuild
2025-09-10 13:43:06 - [INFO] - [DEBUG] Set Segmentation opacity to 0.40
2025-09-10 13:43:06 - [INFO] - [SMART UPDATE] Change type: none
2025-09-10 13:43:06 - [INFO] - [SMART UPDATE] Using full rebuild for opacity change
2025-09-10 13:43:06 - [INFO] - [DEBUG] Rebuilding timeline for active scan index: 0
2025-09-10 13:43:06 - [INFO] - [DEBUG] Creating CLASSIFICATION card 0 for view: Anterior
2025-09-10 13:43:06 - [INFO] - [DEBUG] Active layers selected: ['Image']
2025-09-10 13:43:06 - [INFO] - [DEBUG] DICOM path: F:\projek dosen\prototype riset\hotspot-analyzer\data\PLANAR\WKW\0001077172\20250807\ANT001_DS.dcm
2025-09-10 13:43:06 - [INFO] - [DEBUG] Current view: Anterior
2025-09-10 13:43:06 - [INFO] - [CACHE DEBUG] use_cache=False
2025-09-10 13:43:06 - [INFO] - [CACHE DEBUG] has_adjustments=False (B=0.00, C=1.00)
2025-09-10 13:43:06 - [INFO] - [CACHE DEBUG] has_overrides=False (override_b=None, override_c=None)
2025-09-10 13:43:06 - [INFO] - [CACHE DEBUG] invert_original=True
2025-09-10 13:43:06 - [INFO] - [CACHE SKIP] Skipping cache due to adjustments/overrides/invert
2025-09-10 13:43:06 - [INFO] - [DEBUG] Path extraction: session=WKW, patient=0001077172, study_date=20250807
2025-09-10 13:43:06 - [INFO] - [DEBUG] Extracted patient info - ID: 0001077172, Session: WKW
2025-09-10 13:43:06 - [INFO] - [DEBUG] Original path: F:\projek dosen\prototype riset\hotspot-analyzer\data\PLANAR\WKW\0001077172\20250807\ANT001_DS.dcm
2025-09-10 13:43:06 - [INFO] - [DEBUG] Study date: 20250807
2025-09-10 13:43:06 - [INFO] - [DEBUG] Patient ID: 0001077172
2025-09-10 13:43:06 - [INFO] - [DEBUG] Session code: WKW
2025-09-10 13:43:06 - [INFO] - [DEBUG] Study date folder: F:\projek dosen\prototype riset\hotspot-analyzer\data\PLANAR\WKW\0001077172\20250807
2025-09-10 13:43:06 - [INFO] - [DEBUG] Loading original image for Anterior
2025-09-10 13:43:06 - [INFO] - [DEBUG] Looking for original PNG in study_date dir: F:\projek dosen\prototype riset\hotspot-analyzer\data\PLANAR\WKW\0001077172\20250807\ant_original.png
2025-09-10 13:43:06 - [DEBUG] - STREAM b'IHDR' 16 13
2025-09-10 13:43:06 - [DEBUG] - STREAM b'IDAT' 41 65536
2025-09-10 13:43:06 - [INFO] - [DEBUG] Loaded original PNG from study_date dir: (256, 1024)
2025-09-10 13:43:06 - [INFO] - [DEBUG] Original image loaded: (256, 1024)
2025-09-10 13:43:06 - [INFO] - [DEBUG] Applying invert to original image
2025-09-10 13:43:06 - [INFO] - [DEBUG] simple_invert_pil_image: Processing L image, size = (256, 1024)
2025-09-10 13:43:06 - [INFO] - [DEBUG] simple_invert_image: input shape = (1024, 256), dtype = uint8
2025-09-10 13:43:06 - [INFO] - [DEBUG] Simple inversion completed: [0-255] -> [0-255]
2025-09-10 13:43:06 - [INFO] - [DEBUG] simple_invert_pil_image: completed
2025-09-10 13:43:06 - [INFO] - [DEBUG] Using STORED B/C values: B=0.00, C=1.00
2025-09-10 13:43:06 - [INFO] - [DEBUG]   Image layer loaded and processed
2025-09-10 13:43:06 - [INFO] - [DEBUG] Loading segmentation layer for Anterior
2025-09-10 13:43:06 - [INFO] - [DEBUG] Looking for segmentation (NEWEST): F:\projek dosen\prototype riset\hotspot-analyzer\data\PLANAR\WKW\0001077172\20250807\ant_segm.png
2025-09-10 13:43:06 - [DEBUG] - STREAM b'IHDR' 16 13
2025-09-10 13:43:06 - [DEBUG] - STREAM b'IDAT' 41 5181
2025-09-10 13:43:06 - [INFO] - [DEBUG]   Loaded segmentation with transparency: F:\projek dosen\prototype riset\hotspot-analyzer\data\PLANAR\WKW\0001077172\20250807\ant_segm.png
2025-09-10 13:43:06 - [INFO] - [DEBUG] Segmentation type: ORIGINAL
2025-09-10 13:43:06 - [INFO] - [DEBUG] Loading hotspot layer for Anterior
2025-09-10 13:43:06 - [INFO] - [DEBUG] Looking for hotspot classification (NEWEST): F:\projek dosen\prototype riset\hotspot-analyzer\data\PLANAR\WKW\0001077172\20250807\ant_hotspot_classification.png
2025-09-10 13:43:06 - [INFO] - [DEBUG] No hotspot classification found: F:\projek dosen\prototype riset\hotspot-analyzer\data\PLANAR\WKW\0001077172\20250807\ant_hotspot_classification.png
2025-09-10 13:43:06 - [INFO] - [DEBUG] Loading bbox layer for Anterior
2025-09-10 13:43:06 - [INFO] - [DEBUG] Looking for classification XML (NEWEST): F:\projek dosen\prototype riset\hotspot-analyzer\data\PLANAR\WKW\0001077172\20250807\ant_hotspot_classification.xml
2025-09-10 13:43:06 - [INFO] - [DEBUG] No classification XML found: F:\projek dosen\prototype riset\hotspot-analyzer\data\PLANAR\WKW\0001077172\20250807\ant_hotspot_classification.xml
2025-09-10 13:43:06 - [INFO] - [CACHE STORE] Not caching due to adjustments/overrides/invert
2025-09-10 13:43:06 - [INFO] - [DEBUG]   Loaded 2 layers for Anterior: ['Image', 'Segmentation']
2025-09-10 13:43:06 - [INFO] - [DEBUG] Available CLASSIFICATION layers in files: ['Image', 'Segmentation']
2025-09-10 13:43:06 - [INFO] - [DEBUG]   Added CLASSIFICATION Image to card 0 (opacity: 1.00)
2025-09-10 13:43:06 - [INFO] - [DEBUG]   CLASSIFICATION card 0 composite created with layers: ['Image']
2025-09-10 13:43:06 - [INFO] - [DEBUG] Creating CLASSIFICATION card 0 for view: Posterior
2025-09-10 13:43:06 - [INFO] - [DEBUG] Active layers selected: ['Image']
2025-09-10 13:43:06 - [INFO] - [DEBUG] DICOM path: F:\projek dosen\prototype riset\hotspot-analyzer\data\PLANAR\WKW\0001077172\20250807\ANT001_DS.dcm
2025-09-10 13:43:06 - [INFO] - [DEBUG] Current view: Posterior
2025-09-10 13:43:06 - [INFO] - [CACHE DEBUG] use_cache=False
2025-09-10 13:43:06 - [INFO] - [CACHE DEBUG] has_adjustments=False (B=0.00, C=1.00)
2025-09-10 13:43:06 - [INFO] - [CACHE DEBUG] has_overrides=False (override_b=None, override_c=None)
2025-09-10 13:43:06 - [INFO] - [CACHE DEBUG] invert_original=True
2025-09-10 13:43:06 - [INFO] - [CACHE SKIP] Skipping cache due to adjustments/overrides/invert
2025-09-10 13:43:06 - [INFO] - [DEBUG] Path extraction: session=WKW, patient=0001077172, study_date=20250807
2025-09-10 13:43:06 - [INFO] - [DEBUG] Extracted patient info - ID: 0001077172, Session: WKW
2025-09-10 13:43:06 - [INFO] - [DEBUG] Original path: F:\projek dosen\prototype riset\hotspot-analyzer\data\PLANAR\WKW\0001077172\20250807\ANT001_DS.dcm
2025-09-10 13:43:06 - [INFO] - [DEBUG] Study date: 20250807
2025-09-10 13:43:06 - [INFO] - [DEBUG] Patient ID: 0001077172
2025-09-10 13:43:06 - [INFO] - [DEBUG] Session code: WKW
2025-09-10 13:43:06 - [INFO] - [DEBUG] Study date folder: F:\projek dosen\prototype riset\hotspot-analyzer\data\PLANAR\WKW\0001077172\20250807
2025-09-10 13:43:06 - [INFO] - [DEBUG] Loading original image for Posterior
2025-09-10 13:43:06 - [INFO] - [DEBUG] Looking for original PNG in study_date dir: F:\projek dosen\prototype riset\hotspot-analyzer\data\PLANAR\WKW\0001077172\20250807\post_original.png
2025-09-10 13:43:06 - [DEBUG] - STREAM b'IHDR' 16 13
2025-09-10 13:43:06 - [DEBUG] - STREAM b'IDAT' 41 65536
2025-09-10 13:43:06 - [INFO] - [DEBUG] Loaded original PNG from study_date dir: (256, 1024)
2025-09-10 13:43:06 - [INFO] - [DEBUG] Original image loaded: (256, 1024)
2025-09-10 13:43:06 - [INFO] - [DEBUG] Applying invert to original image
2025-09-10 13:43:06 - [INFO] - [DEBUG] simple_invert_pil_image: Processing L image, size = (256, 1024)
2025-09-10 13:43:06 - [INFO] - [DEBUG] simple_invert_image: input shape = (1024, 256), dtype = uint8
2025-09-10 13:43:06 - [INFO] - [DEBUG] Simple inversion completed: [0-255] -> [0-255]
2025-09-10 13:43:06 - [INFO] - [DEBUG] simple_invert_pil_image: completed
2025-09-10 13:43:06 - [INFO] - [DEBUG] Using STORED B/C values: B=0.00, C=1.00
2025-09-10 13:43:06 - [INFO] - [DEBUG]   Image layer loaded and processed
2025-09-10 13:43:06 - [INFO] - [DEBUG] Loading segmentation layer for Posterior
2025-09-10 13:43:06 - [INFO] - [DEBUG] Looking for segmentation (NEWEST): F:\projek dosen\prototype riset\hotspot-analyzer\data\PLANAR\WKW\0001077172\20250807\post_segm.png
2025-09-10 13:43:06 - [DEBUG] - STREAM b'IHDR' 16 13
2025-09-10 13:43:06 - [DEBUG] - STREAM b'IDAT' 41 13727
2025-09-10 13:43:06 - [INFO] - [DEBUG]   Loaded segmentation with transparency: F:\projek dosen\prototype riset\hotspot-analyzer\data\PLANAR\WKW\0001077172\20250807\post_segm.png
2025-09-10 13:43:06 - [INFO] - [DEBUG] Segmentation type: ORIGINAL
2025-09-10 13:43:06 - [INFO] - [DEBUG] Loading hotspot layer for Posterior
2025-09-10 13:43:06 - [INFO] - [DEBUG] Looking for hotspot classification (NEWEST): F:\projek dosen\prototype riset\hotspot-analyzer\data\PLANAR\WKW\0001077172\20250807\post_hotspot_classification.png
2025-09-10 13:43:06 - [INFO] - [DEBUG] No hotspot classification found: F:\projek dosen\prototype riset\hotspot-analyzer\data\PLANAR\WKW\0001077172\20250807\post_hotspot_classification.png
2025-09-10 13:43:06 - [INFO] - [DEBUG] Loading bbox layer for Posterior
2025-09-10 13:43:06 - [INFO] - [DEBUG] Looking for classification XML (NEWEST): F:\projek dosen\prototype riset\hotspot-analyzer\data\PLANAR\WKW\0001077172\20250807\post_hotspot_classification.xml
2025-09-10 13:43:06 - [INFO] - [DEBUG] No classification XML found: F:\projek dosen\prototype riset\hotspot-analyzer\data\PLANAR\WKW\0001077172\20250807\post_hotspot_classification.xml
2025-09-10 13:43:06 - [INFO] - [CACHE STORE] Not caching due to adjustments/overrides/invert
2025-09-10 13:43:06 - [INFO] - [DEBUG]   Loaded 2 layers for Posterior: ['Image', 'Segmentation']
2025-09-10 13:43:06 - [INFO] - [DEBUG] Available CLASSIFICATION layers in files: ['Image', 'Segmentation']
2025-09-10 13:43:06 - [INFO] - [DEBUG]   Added CLASSIFICATION Image to card 0 (opacity: 1.00)
2025-09-10 13:43:06 - [INFO] - [DEBUG]   CLASSIFICATION card 0 composite created with layers: ['Image']
2025-09-10 13:43:06 - [INFO] - [SMART UPDATE] State updated - Type: full
2025-09-10 13:43:06 - [INFO] - [SMART UPDATE] State updated - Type: rebuild
2025-09-10 13:43:06 - [INFO] - [DEBUG] Set Hotspot opacity to 0.50
2025-09-10 13:43:06 - [INFO] - [SMART UPDATE] Change type: none
2025-09-10 13:43:06 - [INFO] - [SMART UPDATE] Using full rebuild for opacity change
2025-09-10 13:43:06 - [INFO] - [DEBUG] Rebuilding timeline for active scan index: 0
2025-09-10 13:43:06 - [INFO] - [DEBUG] Creating CLASSIFICATION card 0 for view: Anterior
2025-09-10 13:43:06 - [INFO] - [DEBUG] Active layers selected: ['Image']
2025-09-10 13:43:06 - [INFO] - [DEBUG] DICOM path: F:\projek dosen\prototype riset\hotspot-analyzer\data\PLANAR\WKW\0001077172\20250807\ANT001_DS.dcm
2025-09-10 13:43:06 - [INFO] - [DEBUG] Current view: Anterior
2025-09-10 13:43:06 - [INFO] - [CACHE DEBUG] use_cache=False
2025-09-10 13:43:06 - [INFO] - [CACHE DEBUG] has_adjustments=False (B=0.00, C=1.00)
2025-09-10 13:43:06 - [INFO] - [CACHE DEBUG] has_overrides=False (override_b=None, override_c=None)
2025-09-10 13:43:06 - [INFO] - [CACHE DEBUG] invert_original=True
2025-09-10 13:43:06 - [INFO] - [CACHE SKIP] Skipping cache due to adjustments/overrides/invert
2025-09-10 13:43:11 - [INFO] - [DEBUG] Path extraction: session=WKW, patient=0001077172, study_date=20250807
2025-09-10 13:43:11 - [INFO] - [DEBUG] Extracted patient info - ID: 0001077172, Session: WKW
2025-09-10 13:43:11 - [INFO] - [DEBUG] Original path: F:\projek dosen\prototype riset\hotspot-analyzer\data\PLANAR\WKW\0001077172\20250807\ANT001_DS.dcm
2025-09-10 13:43:11 - [INFO] - [DEBUG] Study date: 20250807
2025-09-10 13:43:11 - [INFO] - [DEBUG] Patient ID: 0001077172
2025-09-10 13:43:11 - [INFO] - [DEBUG] Session code: WKW
2025-09-10 13:43:11 - [INFO] - [DEBUG] Study date folder: F:\projek dosen\prototype riset\hotspot-analyzer\data\PLANAR\WKW\0001077172\20250807
2025-09-10 13:43:11 - [INFO] - [DEBUG] Loading original image for Anterior
2025-09-10 13:43:11 - [INFO] - [DEBUG] Looking for original PNG in study_date dir: F:\projek dosen\prototype riset\hotspot-analyzer\data\PLANAR\WKW\0001077172\20250807\ant_original.png
2025-09-10 13:43:11 - [DEBUG] - STREAM b'IHDR' 16 13
2025-09-10 13:43:11 - [DEBUG] - STREAM b'IDAT' 41 65536
2025-09-10 13:43:11 - [INFO] - [DEBUG] Loaded original PNG from study_date dir: (256, 1024)
2025-09-10 13:43:11 - [INFO] - [DEBUG] Original image loaded: (256, 1024)
2025-09-10 13:43:11 - [INFO] - [DEBUG] Applying invert to original image
2025-09-10 13:43:11 - [INFO] - [DEBUG] simple_invert_pil_image: Processing L image, size = (256, 1024)
2025-09-10 13:43:11 - [INFO] - [DEBUG] simple_invert_image: input shape = (1024, 256), dtype = uint8
2025-09-10 13:43:11 - [INFO] - [DEBUG] Simple inversion completed: [0-255] -> [0-255]
2025-09-10 13:43:11 - [INFO] - [DEBUG] simple_invert_pil_image: completed
2025-09-10 13:43:11 - [INFO] - [DEBUG] Using STORED B/C values: B=0.00, C=1.00
2025-09-10 13:43:11 - [INFO] - [DEBUG]   Image layer loaded and processed
2025-09-10 13:43:11 - [INFO] - [DEBUG] Loading segmentation layer for Anterior
2025-09-10 13:43:11 - [INFO] - [DEBUG] Looking for segmentation (NEWEST): F:\projek dosen\prototype riset\hotspot-analyzer\data\PLANAR\WKW\0001077172\20250807\ant_segm.png
2025-09-10 13:43:11 - [DEBUG] - STREAM b'IHDR' 16 13
2025-09-10 13:43:11 - [DEBUG] - STREAM b'IDAT' 41 5181
2025-09-10 13:43:11 - [INFO] - [DEBUG]   Loaded segmentation with transparency: F:\projek dosen\prototype riset\hotspot-analyzer\data\PLANAR\WKW\0001077172\20250807\ant_segm.png
2025-09-10 13:43:11 - [INFO] - [DEBUG] Segmentation type: ORIGINAL
2025-09-10 13:43:11 - [INFO] - [DEBUG] Loading hotspot layer for Anterior
2025-09-10 13:43:11 - [INFO] - [DEBUG] Looking for hotspot classification (NEWEST): F:\projek dosen\prototype riset\hotspot-analyzer\data\PLANAR\WKW\0001077172\20250807\ant_hotspot_classification.png
2025-09-10 13:43:11 - [INFO] - [DEBUG] No hotspot classification found: F:\projek dosen\prototype riset\hotspot-analyzer\data\PLANAR\WKW\0001077172\20250807\ant_hotspot_classification.png
2025-09-10 13:43:11 - [INFO] - [DEBUG] Loading bbox layer for Anterior
2025-09-10 13:43:11 - [INFO] - [DEBUG] Looking for classification XML (NEWEST): F:\projek dosen\prototype riset\hotspot-analyzer\data\PLANAR\WKW\0001077172\20250807\ant_hotspot_classification.xml
2025-09-10 13:43:11 - [INFO] - [DEBUG] No classification XML found: F:\projek dosen\prototype riset\hotspot-analyzer\data\PLANAR\WKW\0001077172\20250807\ant_hotspot_classification.xml
2025-09-10 13:43:11 - [INFO] - [CACHE STORE] Not caching due to adjustments/overrides/invert
2025-09-10 13:43:11 - [INFO] - [DEBUG]   Loaded 2 layers for Anterior: ['Image', 'Segmentation']
2025-09-10 13:43:11 - [INFO] - [DEBUG] Available CLASSIFICATION layers in files: ['Image', 'Segmentation']
2025-09-10 13:43:11 - [INFO] - [DEBUG]   Added CLASSIFICATION Image to card 0 (opacity: 1.00)
2025-09-10 13:43:11 - [INFO] - [DEBUG]   CLASSIFICATION card 0 composite created with layers: ['Image']
2025-09-10 13:43:11 - [INFO] - [DEBUG] Creating CLASSIFICATION card 0 for view: Posterior
2025-09-10 13:43:11 - [INFO] - [DEBUG] Active layers selected: ['Image']
2025-09-10 13:43:11 - [INFO] - [DEBUG] DICOM path: F:\projek dosen\prototype riset\hotspot-analyzer\data\PLANAR\WKW\0001077172\20250807\ANT001_DS.dcm
2025-09-10 13:43:11 - [INFO] - [DEBUG] Current view: Posterior
2025-09-10 13:43:11 - [INFO] - [CACHE DEBUG] use_cache=False
2025-09-10 13:43:11 - [INFO] - [CACHE DEBUG] has_adjustments=False (B=0.00, C=1.00)
2025-09-10 13:43:11 - [INFO] - [CACHE DEBUG] has_overrides=False (override_b=None, override_c=None)
2025-09-10 13:43:11 - [INFO] - [CACHE DEBUG] invert_original=True
2025-09-10 13:43:11 - [INFO] - [CACHE SKIP] Skipping cache due to adjustments/overrides/invert
2025-09-10 13:43:11 - [INFO] - [DEBUG] Path extraction: session=WKW, patient=0001077172, study_date=20250807
2025-09-10 13:43:11 - [INFO] - [DEBUG] Extracted patient info - ID: 0001077172, Session: WKW
2025-09-10 13:43:11 - [INFO] - [DEBUG] Original path: F:\projek dosen\prototype riset\hotspot-analyzer\data\PLANAR\WKW\0001077172\20250807\ANT001_DS.dcm
2025-09-10 13:43:11 - [INFO] - [DEBUG] Study date: 20250807
2025-09-10 13:43:11 - [INFO] - [DEBUG] Patient ID: 0001077172
2025-09-10 13:43:11 - [INFO] - [DEBUG] Session code: WKW
2025-09-10 13:43:11 - [INFO] - [DEBUG] Study date folder: F:\projek dosen\prototype riset\hotspot-analyzer\data\PLANAR\WKW\0001077172\20250807
2025-09-10 13:43:11 - [INFO] - [DEBUG] Loading original image for Posterior
2025-09-10 13:43:11 - [INFO] - [DEBUG] Looking for original PNG in study_date dir: F:\projek dosen\prototype riset\hotspot-analyzer\data\PLANAR\WKW\0001077172\20250807\post_original.png
2025-09-10 13:43:11 - [DEBUG] - STREAM b'IHDR' 16 13
2025-09-10 13:43:11 - [DEBUG] - STREAM b'IDAT' 41 65536
2025-09-10 13:43:11 - [INFO] - [DEBUG] Loaded original PNG from study_date dir: (256, 1024)
2025-09-10 13:43:11 - [INFO] - [DEBUG] Original image loaded: (256, 1024)
2025-09-10 13:43:11 - [INFO] - [DEBUG] Applying invert to original image
2025-09-10 13:43:11 - [INFO] - [DEBUG] simple_invert_pil_image: Processing L image, size = (256, 1024)
2025-09-10 13:43:11 - [INFO] - [DEBUG] simple_invert_image: input shape = (1024, 256), dtype = uint8
2025-09-10 13:43:11 - [INFO] - [DEBUG] Simple inversion completed: [0-255] -> [0-255]
2025-09-10 13:43:11 - [INFO] - [DEBUG] simple_invert_pil_image: completed
2025-09-10 13:43:11 - [INFO] - [DEBUG] Using STORED B/C values: B=0.00, C=1.00
2025-09-10 13:43:11 - [INFO] - [DEBUG]   Image layer loaded and processed
2025-09-10 13:43:11 - [INFO] - [DEBUG] Loading segmentation layer for Posterior
2025-09-10 13:43:11 - [INFO] - [DEBUG] Looking for segmentation (NEWEST): F:\projek dosen\prototype riset\hotspot-analyzer\data\PLANAR\WKW\0001077172\20250807\post_segm.png
2025-09-10 13:43:11 - [DEBUG] - STREAM b'IHDR' 16 13
2025-09-10 13:43:11 - [DEBUG] - STREAM b'IDAT' 41 13727
2025-09-10 13:43:11 - [INFO] - [DEBUG]   Loaded segmentation with transparency: F:\projek dosen\prototype riset\hotspot-analyzer\data\PLANAR\WKW\0001077172\20250807\post_segm.png
2025-09-10 13:43:11 - [INFO] - [DEBUG] Segmentation type: ORIGINAL
2025-09-10 13:43:11 - [INFO] - [DEBUG] Loading hotspot layer for Posterior
2025-09-10 13:43:11 - [INFO] - [DEBUG] Looking for hotspot classification (NEWEST): F:\projek dosen\prototype riset\hotspot-analyzer\data\PLANAR\WKW\0001077172\20250807\post_hotspot_classification.png
2025-09-10 13:43:11 - [INFO] - [DEBUG] No hotspot classification found: F:\projek dosen\prototype riset\hotspot-analyzer\data\PLANAR\WKW\0001077172\20250807\post_hotspot_classification.png
2025-09-10 13:43:11 - [INFO] - [DEBUG] Loading bbox layer for Posterior
2025-09-10 13:43:11 - [INFO] - [DEBUG] Looking for classification XML (NEWEST): F:\projek dosen\prototype riset\hotspot-analyzer\data\PLANAR\WKW\0001077172\20250807\post_hotspot_classification.xml
2025-09-10 13:43:11 - [INFO] - [DEBUG] No classification XML found: F:\projek dosen\prototype riset\hotspot-analyzer\data\PLANAR\WKW\0001077172\20250807\post_hotspot_classification.xml
2025-09-10 13:43:11 - [INFO] - [CACHE STORE] Not caching due to adjustments/overrides/invert
2025-09-10 13:43:11 - [INFO] - [DEBUG]   Loaded 2 layers for Posterior: ['Image', 'Segmentation']
2025-09-10 13:43:11 - [INFO] - [DEBUG] Available CLASSIFICATION layers in files: ['Image', 'Segmentation']
2025-09-10 13:43:11 - [INFO] - [DEBUG]   Added CLASSIFICATION Image to card 0 (opacity: 1.00)
2025-09-10 13:43:11 - [INFO] - [DEBUG]   CLASSIFICATION card 0 composite created with layers: ['Image']
2025-09-10 13:43:11 - [INFO] - [SMART UPDATE] State updated - Type: full
2025-09-10 13:43:11 - [INFO] - [SMART UPDATE] State updated - Type: rebuild
2025-09-10 13:43:11 - [INFO] - [DEBUG] Set HotspotBBox opacity to 1.00
2025-09-10 13:43:11 - [INFO] - [SMART UPDATE] Change type: none
2025-09-10 13:43:11 - [INFO] - [SMART UPDATE] Using full rebuild for opacity change
2025-09-10 13:43:11 - [INFO] - [DEBUG] Rebuilding timeline for active scan index: 0
2025-09-10 13:43:11 - [INFO] - [DEBUG] Creating CLASSIFICATION card 0 for view: Anterior
2025-09-10 13:43:11 - [INFO] - [DEBUG] Active layers selected: ['Image']
2025-09-10 13:43:11 - [INFO] - [DEBUG] DICOM path: F:\projek dosen\prototype riset\hotspot-analyzer\data\PLANAR\WKW\0001077172\20250807\ANT001_DS.dcm
2025-09-10 13:43:11 - [INFO] - [DEBUG] Current view: Anterior
2025-09-10 13:43:11 - [INFO] - [CACHE DEBUG] use_cache=False
2025-09-10 13:43:11 - [INFO] - [CACHE DEBUG] has_adjustments=False (B=0.00, C=1.00)
2025-09-10 13:43:11 - [INFO] - [CACHE DEBUG] has_overrides=False (override_b=None, override_c=None)
2025-09-10 13:43:11 - [INFO] - [CACHE DEBUG] invert_original=True
2025-09-10 13:43:11 - [INFO] - [CACHE SKIP] Skipping cache due to adjustments/overrides/invert
2025-09-10 13:43:11 - [INFO] - [DEBUG] Path extraction: session=WKW, patient=0001077172, study_date=20250807
2025-09-10 13:43:11 - [INFO] - [DEBUG] Extracted patient info - ID: 0001077172, Session: WKW
2025-09-10 13:43:11 - [INFO] - [DEBUG] Original path: F:\projek dosen\prototype riset\hotspot-analyzer\data\PLANAR\WKW\0001077172\20250807\ANT001_DS.dcm
2025-09-10 13:43:11 - [INFO] - [DEBUG] Study date: 20250807
2025-09-10 13:43:11 - [INFO] - [DEBUG] Patient ID: 0001077172
2025-09-10 13:43:11 - [INFO] - [DEBUG] Session code: WKW
2025-09-10 13:43:11 - [INFO] - [DEBUG] Study date folder: F:\projek dosen\prototype riset\hotspot-analyzer\data\PLANAR\WKW\0001077172\20250807
2025-09-10 13:43:11 - [INFO] - [DEBUG] Loading original image for Anterior
2025-09-10 13:43:11 - [INFO] - [DEBUG] Looking for original PNG in study_date dir: F:\projek dosen\prototype riset\hotspot-analyzer\data\PLANAR\WKW\0001077172\20250807\ant_original.png
2025-09-10 13:43:11 - [DEBUG] - STREAM b'IHDR' 16 13
2025-09-10 13:43:11 - [DEBUG] - STREAM b'IDAT' 41 65536
2025-09-10 13:43:11 - [INFO] - [DEBUG] Loaded original PNG from study_date dir: (256, 1024)
2025-09-10 13:43:11 - [INFO] - [DEBUG] Original image loaded: (256, 1024)
2025-09-10 13:43:11 - [INFO] - [DEBUG] Applying invert to original image
2025-09-10 13:43:11 - [INFO] - [DEBUG] simple_invert_pil_image: Processing L image, size = (256, 1024)
2025-09-10 13:43:11 - [INFO] - [DEBUG] simple_invert_image: input shape = (1024, 256), dtype = uint8
2025-09-10 13:43:11 - [INFO] - [DEBUG] Simple inversion completed: [0-255] -> [0-255]
2025-09-10 13:43:11 - [INFO] - [DEBUG] simple_invert_pil_image: completed
2025-09-10 13:43:11 - [INFO] - [DEBUG] Using STORED B/C values: B=0.00, C=1.00
2025-09-10 13:43:11 - [INFO] - [DEBUG]   Image layer loaded and processed
2025-09-10 13:43:11 - [INFO] - [DEBUG] Loading segmentation layer for Anterior
2025-09-10 13:43:11 - [INFO] - [DEBUG] Looking for segmentation (NEWEST): F:\projek dosen\prototype riset\hotspot-analyzer\data\PLANAR\WKW\0001077172\20250807\ant_segm.png
2025-09-10 13:43:11 - [DEBUG] - STREAM b'IHDR' 16 13
2025-09-10 13:43:11 - [DEBUG] - STREAM b'IDAT' 41 5181
2025-09-10 13:43:11 - [INFO] - [DEBUG]   Loaded segmentation with transparency: F:\projek dosen\prototype riset\hotspot-analyzer\data\PLANAR\WKW\0001077172\20250807\ant_segm.png
2025-09-10 13:43:11 - [INFO] - [DEBUG] Segmentation type: ORIGINAL
2025-09-10 13:43:11 - [INFO] - [DEBUG] Loading hotspot layer for Anterior
2025-09-10 13:43:11 - [INFO] - [DEBUG] Looking for hotspot classification (NEWEST): F:\projek dosen\prototype riset\hotspot-analyzer\data\PLANAR\WKW\0001077172\20250807\ant_hotspot_classification.png
2025-09-10 13:43:11 - [INFO] - [DEBUG] No hotspot classification found: F:\projek dosen\prototype riset\hotspot-analyzer\data\PLANAR\WKW\0001077172\20250807\ant_hotspot_classification.png
2025-09-10 13:43:11 - [INFO] - [DEBUG] Loading bbox layer for Anterior
2025-09-10 13:43:11 - [INFO] - [DEBUG] Looking for classification XML (NEWEST): F:\projek dosen\prototype riset\hotspot-analyzer\data\PLANAR\WKW\0001077172\20250807\ant_hotspot_classification.xml
2025-09-10 13:43:11 - [INFO] - [DEBUG] No classification XML found: F:\projek dosen\prototype riset\hotspot-analyzer\data\PLANAR\WKW\0001077172\20250807\ant_hotspot_classification.xml
2025-09-10 13:43:11 - [INFO] - [CACHE STORE] Not caching due to adjustments/overrides/invert
2025-09-10 13:43:11 - [INFO] - [DEBUG]   Loaded 2 layers for Anterior: ['Image', 'Segmentation']
2025-09-10 13:43:11 - [INFO] - [DEBUG] Available CLASSIFICATION layers in files: ['Image', 'Segmentation']
2025-09-10 13:43:11 - [INFO] - [DEBUG]   Added CLASSIFICATION Image to card 0 (opacity: 1.00)
2025-09-10 13:43:11 - [INFO] - [DEBUG]   CLASSIFICATION card 0 composite created with layers: ['Image']
2025-09-10 13:43:11 - [INFO] - [DEBUG] Creating CLASSIFICATION card 0 for view: Posterior
2025-09-10 13:43:11 - [INFO] - [DEBUG] Active layers selected: ['Image']
2025-09-10 13:43:11 - [INFO] - [DEBUG] DICOM path: F:\projek dosen\prototype riset\hotspot-analyzer\data\PLANAR\WKW\0001077172\20250807\ANT001_DS.dcm
2025-09-10 13:43:11 - [INFO] - [DEBUG] Current view: Posterior
2025-09-10 13:43:11 - [INFO] - [CACHE DEBUG] use_cache=False
2025-09-10 13:43:11 - [INFO] - [CACHE DEBUG] has_adjustments=False (B=0.00, C=1.00)
2025-09-10 13:43:11 - [INFO] - [CACHE DEBUG] has_overrides=False (override_b=None, override_c=None)
2025-09-10 13:43:11 - [INFO] - [CACHE DEBUG] invert_original=True
2025-09-10 13:43:11 - [INFO] - [CACHE SKIP] Skipping cache due to adjustments/overrides/invert
2025-09-10 13:43:11 - [INFO] - [DEBUG] Path extraction: session=WKW, patient=0001077172, study_date=20250807
2025-09-10 13:43:11 - [INFO] - [DEBUG] Extracted patient info - ID: 0001077172, Session: WKW
2025-09-10 13:43:11 - [INFO] - [DEBUG] Original path: F:\projek dosen\prototype riset\hotspot-analyzer\data\PLANAR\WKW\0001077172\20250807\ANT001_DS.dcm
2025-09-10 13:43:11 - [INFO] - [DEBUG] Study date: 20250807
2025-09-10 13:43:11 - [INFO] - [DEBUG] Patient ID: 0001077172
2025-09-10 13:43:11 - [INFO] - [DEBUG] Session code: WKW
2025-09-10 13:43:11 - [INFO] - [DEBUG] Study date folder: F:\projek dosen\prototype riset\hotspot-analyzer\data\PLANAR\WKW\0001077172\20250807
2025-09-10 13:43:11 - [INFO] - [DEBUG] Loading original image for Posterior
2025-09-10 13:43:11 - [INFO] - [DEBUG] Looking for original PNG in study_date dir: F:\projek dosen\prototype riset\hotspot-analyzer\data\PLANAR\WKW\0001077172\20250807\post_original.png
2025-09-10 13:43:11 - [DEBUG] - STREAM b'IHDR' 16 13
2025-09-10 13:43:11 - [DEBUG] - STREAM b'IDAT' 41 65536
2025-09-10 13:43:11 - [INFO] - [DEBUG] Loaded original PNG from study_date dir: (256, 1024)
2025-09-10 13:43:11 - [INFO] - [DEBUG] Original image loaded: (256, 1024)
2025-09-10 13:43:11 - [INFO] - [DEBUG] Applying invert to original image
2025-09-10 13:43:11 - [INFO] - [DEBUG] simple_invert_pil_image: Processing L image, size = (256, 1024)
2025-09-10 13:43:11 - [INFO] - [DEBUG] simple_invert_image: input shape = (1024, 256), dtype = uint8
2025-09-10 13:43:11 - [INFO] - [DEBUG] Simple inversion completed: [0-255] -> [0-255]
2025-09-10 13:43:11 - [INFO] - [DEBUG] simple_invert_pil_image: completed
2025-09-10 13:43:11 - [INFO] - [DEBUG] Using STORED B/C values: B=0.00, C=1.00
2025-09-10 13:43:11 - [INFO] - [DEBUG]   Image layer loaded and processed
2025-09-10 13:43:11 - [INFO] - [DEBUG] Loading segmentation layer for Posterior
2025-09-10 13:43:11 - [INFO] - [DEBUG] Looking for segmentation (NEWEST): F:\projek dosen\prototype riset\hotspot-analyzer\data\PLANAR\WKW\0001077172\20250807\post_segm.png
2025-09-10 13:43:11 - [DEBUG] - STREAM b'IHDR' 16 13
2025-09-10 13:43:11 - [DEBUG] - STREAM b'IDAT' 41 13727
2025-09-10 13:43:11 - [INFO] - [DEBUG]   Loaded segmentation with transparency: F:\projek dosen\prototype riset\hotspot-analyzer\data\PLANAR\WKW\0001077172\20250807\post_segm.png
2025-09-10 13:43:11 - [INFO] - [DEBUG] Segmentation type: ORIGINAL
2025-09-10 13:43:11 - [INFO] - [DEBUG] Loading hotspot layer for Posterior
2025-09-10 13:43:11 - [INFO] - [DEBUG] Looking for hotspot classification (NEWEST): F:\projek dosen\prototype riset\hotspot-analyzer\data\PLANAR\WKW\0001077172\20250807\post_hotspot_classification.png
2025-09-10 13:43:11 - [INFO] - [DEBUG] No hotspot classification found: F:\projek dosen\prototype riset\hotspot-analyzer\data\PLANAR\WKW\0001077172\20250807\post_hotspot_classification.png
2025-09-10 13:43:11 - [INFO] - [DEBUG] Loading bbox layer for Posterior
2025-09-10 13:43:11 - [INFO] - [DEBUG] Looking for classification XML (NEWEST): F:\projek dosen\prototype riset\hotspot-analyzer\data\PLANAR\WKW\0001077172\20250807\post_hotspot_classification.xml
2025-09-10 13:43:11 - [INFO] - [DEBUG] No classification XML found: F:\projek dosen\prototype riset\hotspot-analyzer\data\PLANAR\WKW\0001077172\20250807\post_hotspot_classification.xml
2025-09-10 13:43:11 - [INFO] - [CACHE STORE] Not caching due to adjustments/overrides/invert
2025-09-10 13:43:11 - [INFO] - [DEBUG]   Loaded 2 layers for Posterior: ['Image', 'Segmentation']
2025-09-10 13:43:11 - [INFO] - [DEBUG] Available CLASSIFICATION layers in files: ['Image', 'Segmentation']
2025-09-10 13:43:11 - [INFO] - [DEBUG]   Added CLASSIFICATION Image to card 0 (opacity: 1.00)
2025-09-10 13:43:11 - [INFO] - [DEBUG]   CLASSIFICATION card 0 composite created with layers: ['Image']
2025-09-10 13:43:11 - [INFO] - [SMART UPDATE] State updated - Type: full
2025-09-10 13:43:11 - [INFO] - [SMART UPDATE] State updated - Type: rebuild
2025-09-10 13:43:11 - [INFO] - [MainWindow] Updating timeline with 5 scans
2025-09-10 13:43:11 - [INFO] - [BSI META INTEGRATION] Updating scan meta with BSI data
2025-09-10 13:43:11 - [INFO] - [BSI META INTEGRATION] Session code: WKW
2025-09-10 13:43:11 - [INFO] - [BSI META INTEGRATION] Scan path: F:\projek dosen\prototype riset\hotspot-analyzer\data\PLANAR\WKW\5001\20250115\5001_1.dcm
2025-09-10 13:43:11 - [INFO] - [BSI EXTRACT INFO] Extracting from path: F:\projek dosen\prototype riset\hotspot-analyzer\data\PLANAR\WKW\5001\20250115\5001_1.dcm
2025-09-10 13:43:11 - [INFO] - [BSI EXTRACT INFO] Extracted study_date from DICOM: 20250115
2025-09-10 13:43:11 - [INFO] - [BSI EXTRACT INFO] Extracted patient_id from study_date structure: 5001
2025-09-10 13:43:11 - [INFO] - [BSI EXTRACT INFO] Final result - Patient: 5001, Study: 20250115
2025-09-10 13:43:11 - [INFO] - [BSI META INTEGRATION] Extracted - Patient: 5001, Study: 20250115
2025-09-10 13:43:11 - [INFO] - [DEBUG QUANT FILES] Getting quantification files for: F:\projek dosen\prototype riset\hotspot-analyzer\data\PLANAR\WKW\5001\20250115
2025-09-10 13:43:11 - [INFO] - [DEBUG QUANT FILES] Detected study_date folder: F:\projek dosen\prototype riset\hotspot-analyzer\data\PLANAR\WKW\5001\20250115
2025-09-10 13:43:11 - [INFO] - [DEBUG QUANT FILES] Generated paths:
2025-09-10 13:43:11 - [INFO] - [DEBUG QUANT FILES]   bsi_json_ant: F:\projek dosen\prototype riset\hotspot-analyzer\data\PLANAR\WKW\5001\20250115\bsi_quantification_ant.json (exists: True)
2025-09-10 13:43:11 - [INFO] - [DEBUG QUANT FILES]   bsi_json_post: F:\projek dosen\prototype riset\hotspot-analyzer\data\PLANAR\WKW\5001\20250115\bsi_quantification_post.json (exists: True)
2025-09-10 13:43:11 - [INFO] - [BSI META INTEGRATION] Found BSI files in study_date folder: F:\projek dosen\prototype riset\hotspot-analyzer\data\PLANAR\WKW\5001\20250115
2025-09-10 13:43:11 - [INFO] - [BSI META INTEGRATION] Using patient folder: F:\projek dosen\prototype riset\hotspot-analyzer\data\PLANAR\WKW\5001\20250115
2025-09-10 13:43:11 - [INFO] - [DEBUG BSI] Detected study_date folder, using parent: F:\projek dosen\prototype riset\hotspot-analyzer\data\PLANAR\WKW\5001
2025-09-10 13:43:11 - [INFO] - [DEBUG BSI] Found study_date folder: 20250115
2025-09-10 13:43:11 - [INFO] - [DEBUG BSI] Found study_date folder: 20250214
2025-09-10 13:43:11 - [INFO] - [DEBUG BSI] Found study_date folder: 20250316
2025-09-10 13:43:11 - [INFO] - [DEBUG BSI] Found study_date folder: 20250415
2025-09-10 13:43:11 - [INFO] - [DEBUG BSI] Found study_date folder: 20250515
2025-09-10 13:43:11 - [INFO] - [DEBUG BSI]     - 20250115 (DIR)
2025-09-10 13:43:11 - [INFO] - [DEBUG BSI]     - 20250214 (DIR)
2025-09-10 13:43:11 - [INFO] - [DEBUG BSI]     - 20250316 (DIR)
2025-09-10 13:43:11 - [INFO] - [DEBUG BSI]     - 20250415 (DIR)
2025-09-10 13:43:11 - [INFO] - [DEBUG BSI]     - 20250515 (DIR)
2025-09-10 13:43:11 - [INFO] - [DEBUG BSI]     - 20250910 (DIR)
2025-09-10 13:43:11 - [INFO] - [DEBUG BSI]     - 5001_1.dcm (FILE)
2025-09-10 13:43:11 - [INFO] - [DEBUG BSI]     - ant_hotspot_classification.json (FILE)
2025-09-10 13:43:11 - [INFO] - [DEBUG BSI]     - ant_hotspot_classification.png (FILE)
2025-09-10 13:43:11 - [INFO] - [DEBUG BSI]     - ant_hotspot_classification.xml (FILE)
2025-09-10 13:43:11 - [INFO] - [DEBUG BSI]     - ant_hotspot_otsu_colored.png (FILE)
2025-09-10 13:43:11 - [INFO] - [DEBUG BSI]     - ant_hotspot_otsu_colored_blend.png (FILE)
2025-09-10 13:43:11 - [INFO] - [DEBUG BSI]     - ant_hotspot_otsu_grayscale.png (FILE)
2025-09-10 13:43:11 - [INFO] - [DEBUG BSI]     - ant_hotspot_yolo.xml (FILE)
2025-09-10 13:43:11 - [INFO] - [DEBUG BSI]     - ant_mask.png (FILE)
2025-09-10 13:43:11 - [INFO] - [DEBUG BSI]     - ant_original.png (FILE)
2025-09-10 13:43:11 - [INFO] - [DEBUG BSI]     - ant_segm.png (FILE)
2025-09-10 13:43:11 - [INFO] - [DEBUG BSI]     - bsi_quantification_ant.json (FILE)
2025-09-10 13:43:11 - [INFO] - [DEBUG BSI]     - bsi_quantification_post.json (FILE)
2025-09-10 13:43:11 - [INFO] - [DEBUG BSI]     - post_hotspot_classification.json (FILE)
2025-09-10 13:43:11 - [INFO] - [DEBUG BSI]     - post_hotspot_classification.png (FILE)
2025-09-10 13:43:11 - [INFO] - [DEBUG BSI]     - post_hotspot_classification.xml (FILE)
2025-09-10 13:43:11 - [INFO] - [DEBUG BSI]     - post_hotspot_otsu_colored.png (FILE)
2025-09-10 13:43:11 - [INFO] - [DEBUG BSI]     - post_hotspot_otsu_colored_blend.png (FILE)
2025-09-10 13:43:11 - [INFO] - [DEBUG BSI]     - post_hotspot_otsu_grayscale.png (FILE)
2025-09-10 13:43:11 - [INFO] - [DEBUG BSI]     - post_hotspot_yolo.xml (FILE)
2025-09-10 13:43:11 - [INFO] - [DEBUG BSI]     - post_mask.png (FILE)
2025-09-10 13:43:11 - [INFO] - [DEBUG BSI]     - post_original.png (FILE)
2025-09-10 13:43:11 - [INFO] - [DEBUG BSI]     - post_segm.png (FILE)
2025-09-10 13:43:11 - [INFO] - [DEBUG BSI]     - 5001_2.dcm (FILE)
2025-09-10 13:43:11 - [INFO] - [DEBUG BSI]     - ant_hotspot_classification.json (FILE)
2025-09-10 13:43:11 - [INFO] - [DEBUG BSI]     - ant_hotspot_classification.png (FILE)
2025-09-10 13:43:11 - [INFO] - [DEBUG BSI]     - ant_hotspot_classification.xml (FILE)
2025-09-10 13:43:11 - [INFO] - [DEBUG BSI]     - ant_hotspot_otsu_colored.png (FILE)
2025-09-10 13:43:11 - [INFO] - [DEBUG BSI]     - ant_hotspot_otsu_colored_blend.png (FILE)
2025-09-10 13:43:11 - [INFO] - [DEBUG BSI]     - ant_hotspot_otsu_grayscale.png (FILE)
2025-09-10 13:43:11 - [INFO] - [DEBUG BSI]     - ant_hotspot_yolo.xml (FILE)
2025-09-10 13:43:11 - [INFO] - [DEBUG BSI]     - ant_mask.png (FILE)
2025-09-10 13:43:11 - [INFO] - [DEBUG BSI]     - ant_original.png (FILE)
2025-09-10 13:43:11 - [INFO] - [DEBUG BSI]     - ant_segm.png (FILE)
2025-09-10 13:43:11 - [INFO] - [DEBUG BSI]     - bsi_quantification_ant.json (FILE)
2025-09-10 13:43:11 - [INFO] - [DEBUG BSI]     - bsi_quantification_post.json (FILE)
2025-09-10 13:43:11 - [INFO] - [DEBUG BSI]     - post_hotspot_classification.json (FILE)
2025-09-10 13:43:11 - [INFO] - [DEBUG BSI]     - post_hotspot_classification.png (FILE)
2025-09-10 13:43:11 - [INFO] - [DEBUG BSI]     - post_hotspot_classification.xml (FILE)
2025-09-10 13:43:11 - [INFO] - [DEBUG BSI]     - post_hotspot_otsu_colored.png (FILE)
2025-09-10 13:43:11 - [INFO] - [DEBUG BSI]     - post_hotspot_otsu_colored_blend.png (FILE)
2025-09-10 13:43:11 - [INFO] - [DEBUG BSI]     - post_hotspot_otsu_grayscale.png (FILE)
2025-09-10 13:43:11 - [INFO] - [DEBUG BSI]     - post_hotspot_yolo.xml (FILE)
2025-09-10 13:43:11 - [INFO] - [DEBUG BSI]     - post_mask.png (FILE)
2025-09-10 13:43:11 - [INFO] - [DEBUG BSI]     - post_original.png (FILE)
2025-09-10 13:43:11 - [INFO] - [DEBUG BSI]     - post_segm.png (FILE)
2025-09-10 13:43:11 - [INFO] - [DEBUG BSI]     - 5001_3.dcm (FILE)
2025-09-10 13:43:11 - [INFO] - [DEBUG BSI]     - ant_hotspot_classification.json (FILE)
2025-09-10 13:43:11 - [INFO] - [DEBUG BSI]     - ant_hotspot_classification.png (FILE)
2025-09-10 13:43:11 - [INFO] - [DEBUG BSI]     - ant_hotspot_classification.xml (FILE)
2025-09-10 13:43:11 - [INFO] - [DEBUG BSI]     - ant_hotspot_otsu_colored.png (FILE)
2025-09-10 13:43:11 - [INFO] - [DEBUG BSI]     - ant_hotspot_otsu_colored_blend.png (FILE)
2025-09-10 13:43:11 - [INFO] - [DEBUG BSI]     - ant_hotspot_otsu_grayscale.png (FILE)
2025-09-10 13:43:11 - [INFO] - [DEBUG BSI]     - ant_hotspot_yolo.xml (FILE)
2025-09-10 13:43:11 - [INFO] - [DEBUG BSI]     - ant_mask.png (FILE)
2025-09-10 13:43:11 - [INFO] - [DEBUG BSI]     - ant_original.png (FILE)
2025-09-10 13:43:11 - [INFO] - [DEBUG BSI]     - ant_segm.png (FILE)
2025-09-10 13:43:11 - [INFO] - [DEBUG BSI]     - bsi_quantification_ant.json (FILE)
2025-09-10 13:43:11 - [INFO] - [DEBUG BSI]     - bsi_quantification_post.json (FILE)
2025-09-10 13:43:11 - [INFO] - [DEBUG BSI]     - post_hotspot_classification.json (FILE)
2025-09-10 13:43:11 - [INFO] - [DEBUG BSI]     - post_hotspot_classification.png (FILE)
2025-09-10 13:43:11 - [INFO] - [DEBUG BSI]     - post_hotspot_classification.xml (FILE)
2025-09-10 13:43:11 - [INFO] - [DEBUG BSI]     - post_hotspot_otsu_colored.png (FILE)
2025-09-10 13:43:11 - [INFO] - [DEBUG BSI]     - post_hotspot_otsu_colored_blend.png (FILE)
2025-09-10 13:43:11 - [INFO] - [DEBUG BSI]     - post_hotspot_otsu_grayscale.png (FILE)
2025-09-10 13:43:11 - [INFO] - [DEBUG BSI]     - post_hotspot_yolo.xml (FILE)
2025-09-10 13:43:11 - [INFO] - [DEBUG BSI]     - post_mask.png (FILE)
2025-09-10 13:43:11 - [INFO] - [DEBUG BSI]     - post_original.png (FILE)
2025-09-10 13:43:11 - [INFO] - [DEBUG BSI]     - post_segm.png (FILE)
2025-09-10 13:43:11 - [INFO] - [DEBUG BSI]     - 5001_4.dcm (FILE)
2025-09-10 13:43:11 - [INFO] - [DEBUG BSI]     - ant_hotspot_classification.json (FILE)
2025-09-10 13:43:11 - [INFO] - [DEBUG BSI]     - ant_hotspot_classification.png (FILE)
2025-09-10 13:43:11 - [INFO] - [DEBUG BSI]     - ant_hotspot_classification.xml (FILE)
2025-09-10 13:43:11 - [INFO] - [DEBUG BSI]     - ant_hotspot_otsu_colored.png (FILE)
2025-09-10 13:43:11 - [INFO] - [DEBUG BSI]     - ant_hotspot_otsu_colored_blend.png (FILE)
2025-09-10 13:43:11 - [INFO] - [DEBUG BSI]     - ant_hotspot_otsu_grayscale.png (FILE)
2025-09-10 13:43:11 - [INFO] - [DEBUG BSI]     - ant_hotspot_yolo.xml (FILE)
2025-09-10 13:43:11 - [INFO] - [DEBUG BSI]     - ant_mask.png (FILE)
2025-09-10 13:43:11 - [INFO] - [DEBUG BSI]     - ant_original.png (FILE)
2025-09-10 13:43:11 - [INFO] - [DEBUG BSI]     - ant_segm.png (FILE)
2025-09-10 13:43:11 - [INFO] - [DEBUG BSI]     - bsi_quantification_ant.json (FILE)
2025-09-10 13:43:11 - [INFO] - [DEBUG BSI]     - bsi_quantification_post.json (FILE)
2025-09-10 13:43:11 - [INFO] - [DEBUG BSI]     - post_hotspot_classification.json (FILE)
2025-09-10 13:43:11 - [INFO] - [DEBUG BSI]     - post_hotspot_classification.png (FILE)
2025-09-10 13:43:11 - [INFO] - [DEBUG BSI]     - post_hotspot_classification.xml (FILE)
2025-09-10 13:43:11 - [INFO] - [DEBUG BSI]     - post_hotspot_otsu_colored.png (FILE)
2025-09-10 13:43:11 - [INFO] - [DEBUG BSI]     - post_hotspot_otsu_colored_blend.png (FILE)
2025-09-10 13:43:11 - [INFO] - [DEBUG BSI]     - post_hotspot_otsu_grayscale.png (FILE)
2025-09-10 13:43:11 - [INFO] - [DEBUG BSI]     - post_hotspot_yolo.xml (FILE)
2025-09-10 13:43:11 - [INFO] - [DEBUG BSI]     - post_mask.png (FILE)
2025-09-10 13:43:11 - [INFO] - [DEBUG BSI]     - post_original.png (FILE)
2025-09-10 13:43:11 - [INFO] - [DEBUG BSI]     - post_segm.png (FILE)
2025-09-10 13:43:11 - [INFO] - [DEBUG BSI]     - 5001_5.dcm (FILE)
2025-09-10 13:43:11 - [INFO] - [DEBUG BSI]     - ant_hotspot_classification.json (FILE)
2025-09-10 13:43:11 - [INFO] - [DEBUG BSI]     - ant_hotspot_classification.png (FILE)
2025-09-10 13:43:11 - [INFO] - [DEBUG BSI]     - ant_hotspot_classification.xml (FILE)
2025-09-10 13:43:11 - [INFO] - [DEBUG BSI]     - ant_hotspot_otsu_colored.png (FILE)
2025-09-10 13:43:11 - [INFO] - [DEBUG BSI]     - ant_hotspot_otsu_colored_blend.png (FILE)
2025-09-10 13:43:11 - [INFO] - [DEBUG BSI]     - ant_hotspot_otsu_grayscale.png (FILE)
2025-09-10 13:43:11 - [INFO] - [DEBUG BSI]     - ant_hotspot_yolo.xml (FILE)
2025-09-10 13:43:11 - [INFO] - [DEBUG BSI]     - ant_mask.png (FILE)
2025-09-10 13:43:11 - [INFO] - [DEBUG BSI]     - ant_original.png (FILE)
2025-09-10 13:43:11 - [INFO] - [DEBUG BSI]     - ant_segm.png (FILE)
2025-09-10 13:43:11 - [INFO] - [DEBUG BSI]     - bsi_quantification_ant.json (FILE)
2025-09-10 13:43:11 - [INFO] - [DEBUG BSI]     - bsi_quantification_post.json (FILE)
2025-09-10 13:43:11 - [INFO] - [DEBUG BSI]     - post_hotspot_classification.json (FILE)
2025-09-10 13:43:11 - [INFO] - [DEBUG BSI]     - post_hotspot_classification.png (FILE)
2025-09-10 13:43:11 - [INFO] - [DEBUG BSI]     - post_hotspot_classification.xml (FILE)
2025-09-10 13:43:11 - [INFO] - [DEBUG BSI]     - post_hotspot_otsu_colored.png (FILE)
2025-09-10 13:43:11 - [INFO] - [DEBUG BSI]     - post_hotspot_otsu_colored_blend.png (FILE)
2025-09-10 13:43:11 - [INFO] - [DEBUG BSI]     - post_hotspot_otsu_grayscale.png (FILE)
2025-09-10 13:43:11 - [INFO] - [DEBUG BSI]     - post_hotspot_yolo.xml (FILE)
2025-09-10 13:43:11 - [INFO] - [DEBUG BSI]     - post_mask.png (FILE)
2025-09-10 13:43:11 - [INFO] - [DEBUG BSI]     - post_original.png (FILE)
2025-09-10 13:43:11 - [INFO] - [DEBUG BSI]     - post_segm.png (FILE)
2025-09-10 13:43:11 - [INFO] - [DEBUG BSI]     - 20250115 (DIR)
2025-09-10 13:43:11 - [INFO] - [DEBUG BSI]     - 20250214 (DIR)
2025-09-10 13:43:11 - [INFO] - [DEBUG BSI]     - 20250316 (DIR)
2025-09-10 13:43:11 - [INFO] - [DEBUG BSI]     - 20250415 (DIR)
2025-09-10 13:43:11 - [INFO] - [DEBUG BSI]     - 20250515 (DIR)
2025-09-10 13:43:11 - [INFO] - [BSI META INTEGRATION] Found BSI data: {'study_date': '20250115', 'anterior_bsi': 0.16661840327526528, 'posterior_bsi': 0.40623840499683184, 'combined_bsi': 0.28642840413604853, 'bsi_score': 0.28642840413604853, 'file_source': 'bsi_quantification_ant.json + bsi_quantification_post.json', 'processing_mode': 'dual_view', 'is_v2': True, 'source_location': 'Study date folder'}
2025-09-10 13:43:11 - [INFO] - [BSI META INTEGRATION]   Updated meta with BSI data:
2025-09-10 13:43:11 - [INFO] - [BSI META INTEGRATION]   Anterior BSI: 0.16661840327526528
2025-09-10 13:43:11 - [INFO] - [BSI META INTEGRATION]   Posterior BSI: 0.40623840499683184
2025-09-10 13:43:11 - [INFO] - [BSI META INTEGRATION]   Processing mode: dual_view
2025-09-10 13:43:11 - [INFO] - [BSI META INTEGRATION] Updating scan meta with BSI data
2025-09-10 13:43:11 - [INFO] - [BSI META INTEGRATION] Session code: WKW
2025-09-10 13:43:11 - [INFO] - [BSI META INTEGRATION] Scan path: F:\projek dosen\prototype riset\hotspot-analyzer\data\PLANAR\WKW\5001\20250214\5001_2.dcm
2025-09-10 13:43:11 - [INFO] - [BSI EXTRACT INFO] Extracting from path: F:\projek dosen\prototype riset\hotspot-analyzer\data\PLANAR\WKW\5001\20250214\5001_2.dcm
2025-09-10 13:43:11 - [INFO] - [BSI EXTRACT INFO] Extracted study_date from DICOM: 20250214
2025-09-10 13:43:11 - [INFO] - [BSI EXTRACT INFO] Extracted patient_id from study_date structure: 5001
2025-09-10 13:43:11 - [INFO] - [BSI EXTRACT INFO] Final result - Patient: 5001, Study: 20250214
2025-09-10 13:43:11 - [INFO] - [BSI META INTEGRATION] Extracted - Patient: 5001, Study: 20250214
2025-09-10 13:43:11 - [INFO] - [DEBUG QUANT FILES] Getting quantification files for: F:\projek dosen\prototype riset\hotspot-analyzer\data\PLANAR\WKW\5001\20250214
2025-09-10 13:43:11 - [INFO] - [DEBUG QUANT FILES] Detected study_date folder: F:\projek dosen\prototype riset\hotspot-analyzer\data\PLANAR\WKW\5001\20250214
2025-09-10 13:43:11 - [INFO] - [DEBUG QUANT FILES] Generated paths:
2025-09-10 13:43:11 - [INFO] - [DEBUG QUANT FILES]   bsi_json_ant: F:\projek dosen\prototype riset\hotspot-analyzer\data\PLANAR\WKW\5001\20250214\bsi_quantification_ant.json (exists: True)
2025-09-10 13:43:11 - [INFO] - [DEBUG QUANT FILES]   bsi_json_post: F:\projek dosen\prototype riset\hotspot-analyzer\data\PLANAR\WKW\5001\20250214\bsi_quantification_post.json (exists: True)
2025-09-10 13:43:11 - [INFO] - [BSI META INTEGRATION] Found BSI files in study_date folder: F:\projek dosen\prototype riset\hotspot-analyzer\data\PLANAR\WKW\5001\20250214
2025-09-10 13:43:11 - [INFO] - [BSI META INTEGRATION] Using patient folder: F:\projek dosen\prototype riset\hotspot-analyzer\data\PLANAR\WKW\5001\20250214
2025-09-10 13:43:11 - [INFO] - [DEBUG BSI] Detected study_date folder, using parent: F:\projek dosen\prototype riset\hotspot-analyzer\data\PLANAR\WKW\5001
2025-09-10 13:43:11 - [INFO] - [DEBUG BSI] Found study_date folder: 20250115
2025-09-10 13:43:11 - [INFO] - [DEBUG BSI] Found study_date folder: 20250214
2025-09-10 13:43:11 - [INFO] - [DEBUG BSI] Found study_date folder: 20250316
2025-09-10 13:43:11 - [INFO] - [DEBUG BSI] Found study_date folder: 20250415
2025-09-10 13:43:11 - [INFO] - [DEBUG BSI] Found study_date folder: 20250515
2025-09-10 13:43:11 - [INFO] - [DEBUG BSI]     - 20250115 (DIR)
2025-09-10 13:43:11 - [INFO] - [DEBUG BSI]     - 20250214 (DIR)
2025-09-10 13:43:11 - [INFO] - [DEBUG BSI]     - 20250316 (DIR)
2025-09-10 13:43:11 - [INFO] - [DEBUG BSI]     - 20250415 (DIR)
2025-09-10 13:43:11 - [INFO] - [DEBUG BSI]     - 20250515 (DIR)
2025-09-10 13:43:11 - [INFO] - [DEBUG BSI]     - 20250910 (DIR)
2025-09-10 13:43:11 - [INFO] - [DEBUG BSI]     - 5001_1.dcm (FILE)
2025-09-10 13:43:11 - [INFO] - [DEBUG BSI]     - ant_hotspot_classification.json (FILE)
2025-09-10 13:43:11 - [INFO] - [DEBUG BSI]     - ant_hotspot_classification.png (FILE)
2025-09-10 13:43:11 - [INFO] - [DEBUG BSI]     - ant_hotspot_classification.xml (FILE)
2025-09-10 13:43:11 - [INFO] - [DEBUG BSI]     - ant_hotspot_otsu_colored.png (FILE)
2025-09-10 13:43:11 - [INFO] - [DEBUG BSI]     - ant_hotspot_otsu_colored_blend.png (FILE)
2025-09-10 13:43:11 - [INFO] - [DEBUG BSI]     - ant_hotspot_otsu_grayscale.png (FILE)
2025-09-10 13:43:11 - [INFO] - [DEBUG BSI]     - ant_hotspot_yolo.xml (FILE)
2025-09-10 13:43:11 - [INFO] - [DEBUG BSI]     - ant_mask.png (FILE)
2025-09-10 13:43:11 - [INFO] - [DEBUG BSI]     - ant_original.png (FILE)
2025-09-10 13:43:11 - [INFO] - [DEBUG BSI]     - ant_segm.png (FILE)
2025-09-10 13:43:11 - [INFO] - [DEBUG BSI]     - bsi_quantification_ant.json (FILE)
2025-09-10 13:43:11 - [INFO] - [DEBUG BSI]     - bsi_quantification_post.json (FILE)
2025-09-10 13:43:11 - [INFO] - [DEBUG BSI]     - post_hotspot_classification.json (FILE)
2025-09-10 13:43:11 - [INFO] - [DEBUG BSI]     - post_hotspot_classification.png (FILE)
2025-09-10 13:43:11 - [INFO] - [DEBUG BSI]     - post_hotspot_classification.xml (FILE)
2025-09-10 13:43:11 - [INFO] - [DEBUG BSI]     - post_hotspot_otsu_colored.png (FILE)
2025-09-10 13:43:11 - [INFO] - [DEBUG BSI]     - post_hotspot_otsu_colored_blend.png (FILE)
2025-09-10 13:43:11 - [INFO] - [DEBUG BSI]     - post_hotspot_otsu_grayscale.png (FILE)
2025-09-10 13:43:11 - [INFO] - [DEBUG BSI]     - post_hotspot_yolo.xml (FILE)
2025-09-10 13:43:11 - [INFO] - [DEBUG BSI]     - post_mask.png (FILE)
2025-09-10 13:43:11 - [INFO] - [DEBUG BSI]     - post_original.png (FILE)
2025-09-10 13:43:11 - [INFO] - [DEBUG BSI]     - post_segm.png (FILE)
2025-09-10 13:43:11 - [INFO] - [DEBUG BSI]     - 5001_2.dcm (FILE)
2025-09-10 13:43:11 - [INFO] - [DEBUG BSI]     - ant_hotspot_classification.json (FILE)
2025-09-10 13:43:11 - [INFO] - [DEBUG BSI]     - ant_hotspot_classification.png (FILE)
2025-09-10 13:43:11 - [INFO] - [DEBUG BSI]     - ant_hotspot_classification.xml (FILE)
2025-09-10 13:43:11 - [INFO] - [DEBUG BSI]     - ant_hotspot_otsu_colored.png (FILE)
2025-09-10 13:43:11 - [INFO] - [DEBUG BSI]     - ant_hotspot_otsu_colored_blend.png (FILE)
2025-09-10 13:43:11 - [INFO] - [DEBUG BSI]     - ant_hotspot_otsu_grayscale.png (FILE)
2025-09-10 13:43:11 - [INFO] - [DEBUG BSI]     - ant_hotspot_yolo.xml (FILE)
2025-09-10 13:43:11 - [INFO] - [DEBUG BSI]     - ant_mask.png (FILE)
2025-09-10 13:43:11 - [INFO] - [DEBUG BSI]     - ant_original.png (FILE)
2025-09-10 13:43:11 - [INFO] - [DEBUG BSI]     - ant_segm.png (FILE)
2025-09-10 13:43:11 - [INFO] - [DEBUG BSI]     - bsi_quantification_ant.json (FILE)
2025-09-10 13:43:11 - [INFO] - [DEBUG BSI]     - bsi_quantification_post.json (FILE)
2025-09-10 13:43:11 - [INFO] - [DEBUG BSI]     - post_hotspot_classification.json (FILE)
2025-09-10 13:43:11 - [INFO] - [DEBUG BSI]     - post_hotspot_classification.png (FILE)
2025-09-10 13:43:11 - [INFO] - [DEBUG BSI]     - post_hotspot_classification.xml (FILE)
2025-09-10 13:43:11 - [INFO] - [DEBUG BSI]     - post_hotspot_otsu_colored.png (FILE)
2025-09-10 13:43:11 - [INFO] - [DEBUG BSI]     - post_hotspot_otsu_colored_blend.png (FILE)
2025-09-10 13:43:11 - [INFO] - [DEBUG BSI]     - post_hotspot_otsu_grayscale.png (FILE)
2025-09-10 13:43:11 - [INFO] - [DEBUG BSI]     - post_hotspot_yolo.xml (FILE)
2025-09-10 13:43:11 - [INFO] - [DEBUG BSI]     - post_mask.png (FILE)
2025-09-10 13:43:11 - [INFO] - [DEBUG BSI]     - post_original.png (FILE)
2025-09-10 13:43:11 - [INFO] - [DEBUG BSI]     - post_segm.png (FILE)
2025-09-10 13:43:11 - [INFO] - [DEBUG BSI]     - 5001_3.dcm (FILE)
2025-09-10 13:43:11 - [INFO] - [DEBUG BSI]     - ant_hotspot_classification.json (FILE)
2025-09-10 13:43:11 - [INFO] - [DEBUG BSI]     - ant_hotspot_classification.png (FILE)
2025-09-10 13:43:11 - [INFO] - [DEBUG BSI]     - ant_hotspot_classification.xml (FILE)
2025-09-10 13:43:11 - [INFO] - [DEBUG BSI]     - ant_hotspot_otsu_colored.png (FILE)
2025-09-10 13:43:11 - [INFO] - [DEBUG BSI]     - ant_hotspot_otsu_colored_blend.png (FILE)
2025-09-10 13:43:11 - [INFO] - [DEBUG BSI]     - ant_hotspot_otsu_grayscale.png (FILE)
2025-09-10 13:43:11 - [INFO] - [DEBUG BSI]     - ant_hotspot_yolo.xml (FILE)
2025-09-10 13:43:11 - [INFO] - [DEBUG BSI]     - ant_mask.png (FILE)
2025-09-10 13:43:11 - [INFO] - [DEBUG BSI]     - ant_original.png (FILE)
2025-09-10 13:43:11 - [INFO] - [DEBUG BSI]     - ant_segm.png (FILE)
2025-09-10 13:43:11 - [INFO] - [DEBUG BSI]     - bsi_quantification_ant.json (FILE)
2025-09-10 13:43:11 - [INFO] - [DEBUG BSI]     - bsi_quantification_post.json (FILE)
2025-09-10 13:43:11 - [INFO] - [DEBUG BSI]     - post_hotspot_classification.json (FILE)
2025-09-10 13:43:11 - [INFO] - [DEBUG BSI]     - post_hotspot_classification.png (FILE)
2025-09-10 13:43:11 - [INFO] - [DEBUG BSI]     - post_hotspot_classification.xml (FILE)
2025-09-10 13:43:11 - [INFO] - [DEBUG BSI]     - post_hotspot_otsu_colored.png (FILE)
2025-09-10 13:43:11 - [INFO] - [DEBUG BSI]     - post_hotspot_otsu_colored_blend.png (FILE)
2025-09-10 13:43:11 - [INFO] - [DEBUG BSI]     - post_hotspot_otsu_grayscale.png (FILE)
2025-09-10 13:43:11 - [INFO] - [DEBUG BSI]     - post_hotspot_yolo.xml (FILE)
2025-09-10 13:43:11 - [INFO] - [DEBUG BSI]     - post_mask.png (FILE)
2025-09-10 13:43:11 - [INFO] - [DEBUG BSI]     - post_original.png (FILE)
2025-09-10 13:43:11 - [INFO] - [DEBUG BSI]     - post_segm.png (FILE)
2025-09-10 13:43:11 - [INFO] - [DEBUG BSI]     - 5001_4.dcm (FILE)
2025-09-10 13:43:11 - [INFO] - [DEBUG BSI]     - ant_hotspot_classification.json (FILE)
2025-09-10 13:43:11 - [INFO] - [DEBUG BSI]     - ant_hotspot_classification.png (FILE)
2025-09-10 13:43:11 - [INFO] - [DEBUG BSI]     - ant_hotspot_classification.xml (FILE)
2025-09-10 13:43:11 - [INFO] - [DEBUG BSI]     - ant_hotspot_otsu_colored.png (FILE)
2025-09-10 13:43:11 - [INFO] - [DEBUG BSI]     - ant_hotspot_otsu_colored_blend.png (FILE)
2025-09-10 13:43:11 - [INFO] - [DEBUG BSI]     - ant_hotspot_otsu_grayscale.png (FILE)
2025-09-10 13:43:11 - [INFO] - [DEBUG BSI]     - ant_hotspot_yolo.xml (FILE)
2025-09-10 13:43:11 - [INFO] - [DEBUG BSI]     - ant_mask.png (FILE)
2025-09-10 13:43:11 - [INFO] - [DEBUG BSI]     - ant_original.png (FILE)
2025-09-10 13:43:11 - [INFO] - [DEBUG BSI]     - ant_segm.png (FILE)
2025-09-10 13:43:11 - [INFO] - [DEBUG BSI]     - bsi_quantification_ant.json (FILE)
2025-09-10 13:43:11 - [INFO] - [DEBUG BSI]     - bsi_quantification_post.json (FILE)
2025-09-10 13:43:11 - [INFO] - [DEBUG BSI]     - post_hotspot_classification.json (FILE)
2025-09-10 13:43:11 - [INFO] - [DEBUG BSI]     - post_hotspot_classification.png (FILE)
2025-09-10 13:43:11 - [INFO] - [DEBUG BSI]     - post_hotspot_classification.xml (FILE)
2025-09-10 13:43:11 - [INFO] - [DEBUG BSI]     - post_hotspot_otsu_colored.png (FILE)
2025-09-10 13:43:11 - [INFO] - [DEBUG BSI]     - post_hotspot_otsu_colored_blend.png (FILE)
2025-09-10 13:43:11 - [INFO] - [DEBUG BSI]     - post_hotspot_otsu_grayscale.png (FILE)
2025-09-10 13:43:11 - [INFO] - [DEBUG BSI]     - post_hotspot_yolo.xml (FILE)
2025-09-10 13:43:11 - [INFO] - [DEBUG BSI]     - post_mask.png (FILE)
2025-09-10 13:43:11 - [INFO] - [DEBUG BSI]     - post_original.png (FILE)
2025-09-10 13:43:11 - [INFO] - [DEBUG BSI]     - post_segm.png (FILE)
2025-09-10 13:43:11 - [INFO] - [DEBUG BSI]     - 5001_5.dcm (FILE)
2025-09-10 13:43:11 - [INFO] - [DEBUG BSI]     - ant_hotspot_classification.json (FILE)
2025-09-10 13:43:11 - [INFO] - [DEBUG BSI]     - ant_hotspot_classification.png (FILE)
2025-09-10 13:43:11 - [INFO] - [DEBUG BSI]     - ant_hotspot_classification.xml (FILE)
2025-09-10 13:43:11 - [INFO] - [DEBUG BSI]     - ant_hotspot_otsu_colored.png (FILE)
2025-09-10 13:43:11 - [INFO] - [DEBUG BSI]     - ant_hotspot_otsu_colored_blend.png (FILE)
2025-09-10 13:43:11 - [INFO] - [DEBUG BSI]     - ant_hotspot_otsu_grayscale.png (FILE)
2025-09-10 13:43:11 - [INFO] - [DEBUG BSI]     - ant_hotspot_yolo.xml (FILE)
2025-09-10 13:43:11 - [INFO] - [DEBUG BSI]     - ant_mask.png (FILE)
2025-09-10 13:43:11 - [INFO] - [DEBUG BSI]     - ant_original.png (FILE)
2025-09-10 13:43:11 - [INFO] - [DEBUG BSI]     - ant_segm.png (FILE)
2025-09-10 13:43:11 - [INFO] - [DEBUG BSI]     - bsi_quantification_ant.json (FILE)
2025-09-10 13:43:11 - [INFO] - [DEBUG BSI]     - bsi_quantification_post.json (FILE)
2025-09-10 13:43:11 - [INFO] - [DEBUG BSI]     - post_hotspot_classification.json (FILE)
2025-09-10 13:43:11 - [INFO] - [DEBUG BSI]     - post_hotspot_classification.png (FILE)
2025-09-10 13:43:11 - [INFO] - [DEBUG BSI]     - post_hotspot_classification.xml (FILE)
2025-09-10 13:43:11 - [INFO] - [DEBUG BSI]     - post_hotspot_otsu_colored.png (FILE)
2025-09-10 13:43:11 - [INFO] - [DEBUG BSI]     - post_hotspot_otsu_colored_blend.png (FILE)
2025-09-10 13:43:11 - [INFO] - [DEBUG BSI]     - post_hotspot_otsu_grayscale.png (FILE)
2025-09-10 13:43:11 - [INFO] - [DEBUG BSI]     - post_hotspot_yolo.xml (FILE)
2025-09-10 13:43:11 - [INFO] - [DEBUG BSI]     - post_mask.png (FILE)
2025-09-10 13:43:11 - [INFO] - [DEBUG BSI]     - post_original.png (FILE)
2025-09-10 13:43:11 - [INFO] - [DEBUG BSI]     - post_segm.png (FILE)
2025-09-10 13:43:11 - [INFO] - [DEBUG BSI]     - 20250115 (DIR)
2025-09-10 13:43:11 - [INFO] - [DEBUG BSI]     - 20250214 (DIR)
2025-09-10 13:43:11 - [INFO] - [DEBUG BSI]     - 20250316 (DIR)
2025-09-10 13:43:11 - [INFO] - [DEBUG BSI]     - 20250415 (DIR)
2025-09-10 13:43:11 - [INFO] - [DEBUG BSI]     - 20250515 (DIR)
2025-09-10 13:43:11 - [INFO] - [BSI META INTEGRATION] Found BSI data: {'study_date': '20250214', 'anterior_bsi': 1.04047024442087, 'posterior_bsi': 1.0918650364531683, 'combined_bsi': 1.066167640437019, 'bsi_score': 1.066167640437019, 'file_source': 'bsi_quantification_ant.json + bsi_quantification_post.json', 'processing_mode': 'dual_view', 'is_v2': True, 'source_location': 'Study date folder'}
2025-09-10 13:43:11 - [INFO] - [BSI META INTEGRATION]   Updated meta with BSI data:
2025-09-10 13:43:11 - [INFO] - [BSI META INTEGRATION]   Anterior BSI: 1.04047024442087
2025-09-10 13:43:11 - [INFO] - [BSI META INTEGRATION]   Posterior BSI: 1.0918650364531683
2025-09-10 13:43:11 - [INFO] - [BSI META INTEGRATION]   Processing mode: dual_view
2025-09-10 13:43:11 - [INFO] - [BSI META INTEGRATION] Updating scan meta with BSI data
2025-09-10 13:43:11 - [INFO] - [BSI META INTEGRATION] Session code: WKW
2025-09-10 13:43:11 - [INFO] - [BSI META INTEGRATION] Scan path: F:\projek dosen\prototype riset\hotspot-analyzer\data\PLANAR\WKW\5001\20250316\5001_3.dcm
2025-09-10 13:43:11 - [INFO] - [BSI EXTRACT INFO] Extracting from path: F:\projek dosen\prototype riset\hotspot-analyzer\data\PLANAR\WKW\5001\20250316\5001_3.dcm
2025-09-10 13:43:11 - [INFO] - [BSI EXTRACT INFO] Extracted study_date from DICOM: 20250316
2025-09-10 13:43:11 - [INFO] - [BSI EXTRACT INFO] Extracted patient_id from study_date structure: 5001
2025-09-10 13:43:11 - [INFO] - [BSI EXTRACT INFO] Final result - Patient: 5001, Study: 20250316
2025-09-10 13:43:11 - [INFO] - [BSI META INTEGRATION] Extracted - Patient: 5001, Study: 20250316
2025-09-10 13:43:11 - [INFO] - [DEBUG QUANT FILES] Getting quantification files for: F:\projek dosen\prototype riset\hotspot-analyzer\data\PLANAR\WKW\5001\20250316
2025-09-10 13:43:11 - [INFO] - [DEBUG QUANT FILES] Detected study_date folder: F:\projek dosen\prototype riset\hotspot-analyzer\data\PLANAR\WKW\5001\20250316
2025-09-10 13:43:11 - [INFO] - [DEBUG QUANT FILES] Generated paths:
2025-09-10 13:43:11 - [INFO] - [DEBUG QUANT FILES]   bsi_json_ant: F:\projek dosen\prototype riset\hotspot-analyzer\data\PLANAR\WKW\5001\20250316\bsi_quantification_ant.json (exists: True)
2025-09-10 13:43:11 - [INFO] - [DEBUG QUANT FILES]   bsi_json_post: F:\projek dosen\prototype riset\hotspot-analyzer\data\PLANAR\WKW\5001\20250316\bsi_quantification_post.json (exists: True)
2025-09-10 13:43:11 - [INFO] - [BSI META INTEGRATION] Found BSI files in study_date folder: F:\projek dosen\prototype riset\hotspot-analyzer\data\PLANAR\WKW\5001\20250316
2025-09-10 13:43:11 - [INFO] - [BSI META INTEGRATION] Using patient folder: F:\projek dosen\prototype riset\hotspot-analyzer\data\PLANAR\WKW\5001\20250316
2025-09-10 13:43:11 - [INFO] - [DEBUG BSI] Detected study_date folder, using parent: F:\projek dosen\prototype riset\hotspot-analyzer\data\PLANAR\WKW\5001
2025-09-10 13:43:11 - [INFO] - [DEBUG BSI] Found study_date folder: 20250115
2025-09-10 13:43:11 - [INFO] - [DEBUG BSI] Found study_date folder: 20250214
2025-09-10 13:43:11 - [INFO] - [DEBUG BSI] Found study_date folder: 20250316
2025-09-10 13:43:11 - [INFO] - [DEBUG BSI] Found study_date folder: 20250415
2025-09-10 13:43:11 - [INFO] - [DEBUG BSI] Found study_date folder: 20250515
2025-09-10 13:43:11 - [INFO] - [DEBUG BSI]     - 20250115 (DIR)
2025-09-10 13:43:11 - [INFO] - [DEBUG BSI]     - 20250214 (DIR)
2025-09-10 13:43:11 - [INFO] - [DEBUG BSI]     - 20250316 (DIR)
2025-09-10 13:43:11 - [INFO] - [DEBUG BSI]     - 20250415 (DIR)
2025-09-10 13:43:11 - [INFO] - [DEBUG BSI]     - 20250515 (DIR)
2025-09-10 13:43:11 - [INFO] - [DEBUG BSI]     - 20250910 (DIR)
2025-09-10 13:43:11 - [INFO] - [DEBUG BSI]     - 5001_1.dcm (FILE)
2025-09-10 13:43:11 - [INFO] - [DEBUG BSI]     - ant_hotspot_classification.json (FILE)
2025-09-10 13:43:11 - [INFO] - [DEBUG BSI]     - ant_hotspot_classification.png (FILE)
2025-09-10 13:43:11 - [INFO] - [DEBUG BSI]     - ant_hotspot_classification.xml (FILE)
2025-09-10 13:43:11 - [INFO] - [DEBUG BSI]     - ant_hotspot_otsu_colored.png (FILE)
2025-09-10 13:43:11 - [INFO] - [DEBUG BSI]     - ant_hotspot_otsu_colored_blend.png (FILE)
2025-09-10 13:43:11 - [INFO] - [DEBUG BSI]     - ant_hotspot_otsu_grayscale.png (FILE)
2025-09-10 13:43:11 - [INFO] - [DEBUG BSI]     - ant_hotspot_yolo.xml (FILE)
2025-09-10 13:43:11 - [INFO] - [DEBUG BSI]     - ant_mask.png (FILE)
2025-09-10 13:43:11 - [INFO] - [DEBUG BSI]     - ant_original.png (FILE)
2025-09-10 13:43:11 - [INFO] - [DEBUG BSI]     - ant_segm.png (FILE)
2025-09-10 13:43:11 - [INFO] - [DEBUG BSI]     - bsi_quantification_ant.json (FILE)
2025-09-10 13:43:11 - [INFO] - [DEBUG BSI]     - bsi_quantification_post.json (FILE)
2025-09-10 13:43:11 - [INFO] - [DEBUG BSI]     - post_hotspot_classification.json (FILE)
2025-09-10 13:43:11 - [INFO] - [DEBUG BSI]     - post_hotspot_classification.png (FILE)
2025-09-10 13:43:11 - [INFO] - [DEBUG BSI]     - post_hotspot_classification.xml (FILE)
2025-09-10 13:43:11 - [INFO] - [DEBUG BSI]     - post_hotspot_otsu_colored.png (FILE)
2025-09-10 13:43:11 - [INFO] - [DEBUG BSI]     - post_hotspot_otsu_colored_blend.png (FILE)
2025-09-10 13:43:11 - [INFO] - [DEBUG BSI]     - post_hotspot_otsu_grayscale.png (FILE)
2025-09-10 13:43:11 - [INFO] - [DEBUG BSI]     - post_hotspot_yolo.xml (FILE)
2025-09-10 13:43:11 - [INFO] - [DEBUG BSI]     - post_mask.png (FILE)
2025-09-10 13:43:11 - [INFO] - [DEBUG BSI]     - post_original.png (FILE)
2025-09-10 13:43:11 - [INFO] - [DEBUG BSI]     - post_segm.png (FILE)
2025-09-10 13:43:11 - [INFO] - [DEBUG BSI]     - 5001_2.dcm (FILE)
2025-09-10 13:43:11 - [INFO] - [DEBUG BSI]     - ant_hotspot_classification.json (FILE)
2025-09-10 13:43:11 - [INFO] - [DEBUG BSI]     - ant_hotspot_classification.png (FILE)
2025-09-10 13:43:11 - [INFO] - [DEBUG BSI]     - ant_hotspot_classification.xml (FILE)
2025-09-10 13:43:11 - [INFO] - [DEBUG BSI]     - ant_hotspot_otsu_colored.png (FILE)
2025-09-10 13:43:11 - [INFO] - [DEBUG BSI]     - ant_hotspot_otsu_colored_blend.png (FILE)
2025-09-10 13:43:11 - [INFO] - [DEBUG BSI]     - ant_hotspot_otsu_grayscale.png (FILE)
2025-09-10 13:43:11 - [INFO] - [DEBUG BSI]     - ant_hotspot_yolo.xml (FILE)
2025-09-10 13:43:11 - [INFO] - [DEBUG BSI]     - ant_mask.png (FILE)
2025-09-10 13:43:11 - [INFO] - [DEBUG BSI]     - ant_original.png (FILE)
2025-09-10 13:43:11 - [INFO] - [DEBUG BSI]     - ant_segm.png (FILE)
2025-09-10 13:43:11 - [INFO] - [DEBUG BSI]     - bsi_quantification_ant.json (FILE)
2025-09-10 13:43:11 - [INFO] - [DEBUG BSI]     - bsi_quantification_post.json (FILE)
2025-09-10 13:43:11 - [INFO] - [DEBUG BSI]     - post_hotspot_classification.json (FILE)
2025-09-10 13:43:11 - [INFO] - [DEBUG BSI]     - post_hotspot_classification.png (FILE)
2025-09-10 13:43:11 - [INFO] - [DEBUG BSI]     - post_hotspot_classification.xml (FILE)
2025-09-10 13:43:11 - [INFO] - [DEBUG BSI]     - post_hotspot_otsu_colored.png (FILE)
2025-09-10 13:43:11 - [INFO] - [DEBUG BSI]     - post_hotspot_otsu_colored_blend.png (FILE)
2025-09-10 13:43:11 - [INFO] - [DEBUG BSI]     - post_hotspot_otsu_grayscale.png (FILE)
2025-09-10 13:43:11 - [INFO] - [DEBUG BSI]     - post_hotspot_yolo.xml (FILE)
2025-09-10 13:43:11 - [INFO] - [DEBUG BSI]     - post_mask.png (FILE)
2025-09-10 13:43:11 - [INFO] - [DEBUG BSI]     - post_original.png (FILE)
2025-09-10 13:43:11 - [INFO] - [DEBUG BSI]     - post_segm.png (FILE)
2025-09-10 13:43:11 - [INFO] - [DEBUG BSI]     - 5001_3.dcm (FILE)
2025-09-10 13:43:11 - [INFO] - [DEBUG BSI]     - ant_hotspot_classification.json (FILE)
2025-09-10 13:43:11 - [INFO] - [DEBUG BSI]     - ant_hotspot_classification.png (FILE)
2025-09-10 13:43:11 - [INFO] - [DEBUG BSI]     - ant_hotspot_classification.xml (FILE)
2025-09-10 13:43:11 - [INFO] - [DEBUG BSI]     - ant_hotspot_otsu_colored.png (FILE)
2025-09-10 13:43:11 - [INFO] - [DEBUG BSI]     - ant_hotspot_otsu_colored_blend.png (FILE)
2025-09-10 13:43:11 - [INFO] - [DEBUG BSI]     - ant_hotspot_otsu_grayscale.png (FILE)
2025-09-10 13:43:11 - [INFO] - [DEBUG BSI]     - ant_hotspot_yolo.xml (FILE)
2025-09-10 13:43:11 - [INFO] - [DEBUG BSI]     - ant_mask.png (FILE)
2025-09-10 13:43:11 - [INFO] - [DEBUG BSI]     - ant_original.png (FILE)
2025-09-10 13:43:11 - [INFO] - [DEBUG BSI]     - ant_segm.png (FILE)
2025-09-10 13:43:11 - [INFO] - [DEBUG BSI]     - bsi_quantification_ant.json (FILE)
2025-09-10 13:43:11 - [INFO] - [DEBUG BSI]     - bsi_quantification_post.json (FILE)
2025-09-10 13:43:11 - [INFO] - [DEBUG BSI]     - post_hotspot_classification.json (FILE)
2025-09-10 13:43:11 - [INFO] - [DEBUG BSI]     - post_hotspot_classification.png (FILE)
2025-09-10 13:43:11 - [INFO] - [DEBUG BSI]     - post_hotspot_classification.xml (FILE)
2025-09-10 13:43:11 - [INFO] - [DEBUG BSI]     - post_hotspot_otsu_colored.png (FILE)
2025-09-10 13:43:11 - [INFO] - [DEBUG BSI]     - post_hotspot_otsu_colored_blend.png (FILE)
2025-09-10 13:43:11 - [INFO] - [DEBUG BSI]     - post_hotspot_otsu_grayscale.png (FILE)
2025-09-10 13:43:11 - [INFO] - [DEBUG BSI]     - post_hotspot_yolo.xml (FILE)
2025-09-10 13:43:11 - [INFO] - [DEBUG BSI]     - post_mask.png (FILE)
2025-09-10 13:43:11 - [INFO] - [DEBUG BSI]     - post_original.png (FILE)
2025-09-10 13:43:11 - [INFO] - [DEBUG BSI]     - post_segm.png (FILE)
2025-09-10 13:43:11 - [INFO] - [DEBUG BSI]     - 5001_4.dcm (FILE)
2025-09-10 13:43:11 - [INFO] - [DEBUG BSI]     - ant_hotspot_classification.json (FILE)
2025-09-10 13:43:11 - [INFO] - [DEBUG BSI]     - ant_hotspot_classification.png (FILE)
2025-09-10 13:43:11 - [INFO] - [DEBUG BSI]     - ant_hotspot_classification.xml (FILE)
2025-09-10 13:43:11 - [INFO] - [DEBUG BSI]     - ant_hotspot_otsu_colored.png (FILE)
2025-09-10 13:43:11 - [INFO] - [DEBUG BSI]     - ant_hotspot_otsu_colored_blend.png (FILE)
2025-09-10 13:43:11 - [INFO] - [DEBUG BSI]     - ant_hotspot_otsu_grayscale.png (FILE)
2025-09-10 13:43:11 - [INFO] - [DEBUG BSI]     - ant_hotspot_yolo.xml (FILE)
2025-09-10 13:43:11 - [INFO] - [DEBUG BSI]     - ant_mask.png (FILE)
2025-09-10 13:43:11 - [INFO] - [DEBUG BSI]     - ant_original.png (FILE)
2025-09-10 13:43:11 - [INFO] - [DEBUG BSI]     - ant_segm.png (FILE)
2025-09-10 13:43:11 - [INFO] - [DEBUG BSI]     - bsi_quantification_ant.json (FILE)
2025-09-10 13:43:11 - [INFO] - [DEBUG BSI]     - bsi_quantification_post.json (FILE)
2025-09-10 13:43:11 - [INFO] - [DEBUG BSI]     - post_hotspot_classification.json (FILE)
2025-09-10 13:43:11 - [INFO] - [DEBUG BSI]     - post_hotspot_classification.png (FILE)
2025-09-10 13:43:11 - [INFO] - [DEBUG BSI]     - post_hotspot_classification.xml (FILE)
2025-09-10 13:43:11 - [INFO] - [DEBUG BSI]     - post_hotspot_otsu_colored.png (FILE)
2025-09-10 13:43:11 - [INFO] - [DEBUG BSI]     - post_hotspot_otsu_colored_blend.png (FILE)
2025-09-10 13:43:11 - [INFO] - [DEBUG BSI]     - post_hotspot_otsu_grayscale.png (FILE)
2025-09-10 13:43:11 - [INFO] - [DEBUG BSI]     - post_hotspot_yolo.xml (FILE)
2025-09-10 13:43:11 - [INFO] - [DEBUG BSI]     - post_mask.png (FILE)
2025-09-10 13:43:11 - [INFO] - [DEBUG BSI]     - post_original.png (FILE)
2025-09-10 13:43:11 - [INFO] - [DEBUG BSI]     - post_segm.png (FILE)
2025-09-10 13:43:11 - [INFO] - [DEBUG BSI]     - 5001_5.dcm (FILE)
2025-09-10 13:43:11 - [INFO] - [DEBUG BSI]     - ant_hotspot_classification.json (FILE)
2025-09-10 13:43:11 - [INFO] - [DEBUG BSI]     - ant_hotspot_classification.png (FILE)
2025-09-10 13:43:11 - [INFO] - [DEBUG BSI]     - ant_hotspot_classification.xml (FILE)
2025-09-10 13:43:11 - [INFO] - [DEBUG BSI]     - ant_hotspot_otsu_colored.png (FILE)
2025-09-10 13:43:11 - [INFO] - [DEBUG BSI]     - ant_hotspot_otsu_colored_blend.png (FILE)
2025-09-10 13:43:11 - [INFO] - [DEBUG BSI]     - ant_hotspot_otsu_grayscale.png (FILE)
2025-09-10 13:43:11 - [INFO] - [DEBUG BSI]     - ant_hotspot_yolo.xml (FILE)
2025-09-10 13:43:11 - [INFO] - [DEBUG BSI]     - ant_mask.png (FILE)
2025-09-10 13:43:11 - [INFO] - [DEBUG BSI]     - ant_original.png (FILE)
2025-09-10 13:43:11 - [INFO] - [DEBUG BSI]     - ant_segm.png (FILE)
2025-09-10 13:43:11 - [INFO] - [DEBUG BSI]     - bsi_quantification_ant.json (FILE)
2025-09-10 13:43:11 - [INFO] - [DEBUG BSI]     - bsi_quantification_post.json (FILE)
2025-09-10 13:43:11 - [INFO] - [DEBUG BSI]     - post_hotspot_classification.json (FILE)
2025-09-10 13:43:11 - [INFO] - [DEBUG BSI]     - post_hotspot_classification.png (FILE)
2025-09-10 13:43:11 - [INFO] - [DEBUG BSI]     - post_hotspot_classification.xml (FILE)
2025-09-10 13:43:11 - [INFO] - [DEBUG BSI]     - post_hotspot_otsu_colored.png (FILE)
2025-09-10 13:43:11 - [INFO] - [DEBUG BSI]     - post_hotspot_otsu_colored_blend.png (FILE)
2025-09-10 13:43:11 - [INFO] - [DEBUG BSI]     - post_hotspot_otsu_grayscale.png (FILE)
2025-09-10 13:43:11 - [INFO] - [DEBUG BSI]     - post_hotspot_yolo.xml (FILE)
2025-09-10 13:43:11 - [INFO] - [DEBUG BSI]     - post_mask.png (FILE)
2025-09-10 13:43:11 - [INFO] - [DEBUG BSI]     - post_original.png (FILE)
2025-09-10 13:43:11 - [INFO] - [DEBUG BSI]     - post_segm.png (FILE)
2025-09-10 13:43:11 - [INFO] - [DEBUG BSI]     - 20250115 (DIR)
2025-09-10 13:43:11 - [INFO] - [DEBUG BSI]     - 20250214 (DIR)
2025-09-10 13:43:11 - [INFO] - [DEBUG BSI]     - 20250316 (DIR)
2025-09-10 13:43:11 - [INFO] - [DEBUG BSI]     - 20250415 (DIR)
2025-09-10 13:43:11 - [INFO] - [DEBUG BSI]     - 20250515 (DIR)
2025-09-10 13:43:11 - [INFO] - [BSI META INTEGRATION] Found BSI data: {'study_date': '20250316', 'anterior_bsi': 1.5921247263429408, 'posterior_bsi': 2.212410433687333, 'combined_bsi': 1.902267580015137, 'bsi_score': 1.902267580015137, 'file_source': 'bsi_quantification_ant.json + bsi_quantification_post.json', 'processing_mode': 'dual_view', 'is_v2': True, 'source_location': 'Study date folder'}
2025-09-10 13:43:11 - [INFO] - [BSI META INTEGRATION]   Updated meta with BSI data:
2025-09-10 13:43:11 - [INFO] - [BSI META INTEGRATION]   Anterior BSI: 1.5921247263429408
2025-09-10 13:43:11 - [INFO] - [BSI META INTEGRATION]   Posterior BSI: 2.212410433687333
2025-09-10 13:43:11 - [INFO] - [BSI META INTEGRATION]   Processing mode: dual_view
2025-09-10 13:43:11 - [INFO] - [BSI META INTEGRATION] Updating scan meta with BSI data
2025-09-10 13:43:11 - [INFO] - [BSI META INTEGRATION] Session code: WKW
2025-09-10 13:43:11 - [INFO] - [BSI META INTEGRATION] Scan path: F:\projek dosen\prototype riset\hotspot-analyzer\data\PLANAR\WKW\5001\20250415\5001_4.dcm
2025-09-10 13:43:11 - [INFO] - [BSI EXTRACT INFO] Extracting from path: F:\projek dosen\prototype riset\hotspot-analyzer\data\PLANAR\WKW\5001\20250415\5001_4.dcm
2025-09-10 13:43:11 - [INFO] - [BSI EXTRACT INFO] Extracted study_date from DICOM: 20250415
2025-09-10 13:43:11 - [INFO] - [BSI EXTRACT INFO] Extracted patient_id from study_date structure: 5001
2025-09-10 13:43:11 - [INFO] - [BSI EXTRACT INFO] Final result - Patient: 5001, Study: 20250415
2025-09-10 13:43:11 - [INFO] - [BSI META INTEGRATION] Extracted - Patient: 5001, Study: 20250415
2025-09-10 13:43:11 - [INFO] - [DEBUG QUANT FILES] Getting quantification files for: F:\projek dosen\prototype riset\hotspot-analyzer\data\PLANAR\WKW\5001\20250415
2025-09-10 13:43:11 - [INFO] - [DEBUG QUANT FILES] Detected study_date folder: F:\projek dosen\prototype riset\hotspot-analyzer\data\PLANAR\WKW\5001\20250415
2025-09-10 13:43:11 - [INFO] - [DEBUG QUANT FILES] Generated paths:
2025-09-10 13:43:11 - [INFO] - [DEBUG QUANT FILES]   bsi_json_ant: F:\projek dosen\prototype riset\hotspot-analyzer\data\PLANAR\WKW\5001\20250415\bsi_quantification_ant.json (exists: True)
2025-09-10 13:43:11 - [INFO] - [DEBUG QUANT FILES]   bsi_json_post: F:\projek dosen\prototype riset\hotspot-analyzer\data\PLANAR\WKW\5001\20250415\bsi_quantification_post.json (exists: True)
2025-09-10 13:43:11 - [INFO] - [BSI META INTEGRATION] Found BSI files in study_date folder: F:\projek dosen\prototype riset\hotspot-analyzer\data\PLANAR\WKW\5001\20250415
2025-09-10 13:43:11 - [INFO] - [BSI META INTEGRATION] Using patient folder: F:\projek dosen\prototype riset\hotspot-analyzer\data\PLANAR\WKW\5001\20250415
2025-09-10 13:43:11 - [INFO] - [DEBUG BSI] Detected study_date folder, using parent: F:\projek dosen\prototype riset\hotspot-analyzer\data\PLANAR\WKW\5001
2025-09-10 13:43:11 - [INFO] - [DEBUG BSI] Found study_date folder: 20250115
2025-09-10 13:43:11 - [INFO] - [DEBUG BSI] Found study_date folder: 20250214
2025-09-10 13:43:11 - [INFO] - [DEBUG BSI] Found study_date folder: 20250316
2025-09-10 13:43:11 - [INFO] - [DEBUG BSI] Found study_date folder: 20250415
2025-09-10 13:43:11 - [INFO] - [DEBUG BSI] Found study_date folder: 20250515
2025-09-10 13:43:11 - [INFO] - [DEBUG BSI]     - 20250115 (DIR)
2025-09-10 13:43:11 - [INFO] - [DEBUG BSI]     - 20250214 (DIR)
2025-09-10 13:43:11 - [INFO] - [DEBUG BSI]     - 20250316 (DIR)
2025-09-10 13:43:11 - [INFO] - [DEBUG BSI]     - 20250415 (DIR)
2025-09-10 13:43:11 - [INFO] - [DEBUG BSI]     - 20250515 (DIR)
2025-09-10 13:43:11 - [INFO] - [DEBUG BSI]     - 20250910 (DIR)
2025-09-10 13:43:11 - [INFO] - [DEBUG BSI]     - 5001_1.dcm (FILE)
2025-09-10 13:43:11 - [INFO] - [DEBUG BSI]     - ant_hotspot_classification.json (FILE)
2025-09-10 13:43:11 - [INFO] - [DEBUG BSI]     - ant_hotspot_classification.png (FILE)
2025-09-10 13:43:11 - [INFO] - [DEBUG BSI]     - ant_hotspot_classification.xml (FILE)
2025-09-10 13:43:11 - [INFO] - [DEBUG BSI]     - ant_hotspot_otsu_colored.png (FILE)
2025-09-10 13:43:11 - [INFO] - [DEBUG BSI]     - ant_hotspot_otsu_colored_blend.png (FILE)
2025-09-10 13:43:11 - [INFO] - [DEBUG BSI]     - ant_hotspot_otsu_grayscale.png (FILE)
2025-09-10 13:43:11 - [INFO] - [DEBUG BSI]     - ant_hotspot_yolo.xml (FILE)
2025-09-10 13:43:11 - [INFO] - [DEBUG BSI]     - ant_mask.png (FILE)
2025-09-10 13:43:11 - [INFO] - [DEBUG BSI]     - ant_original.png (FILE)
2025-09-10 13:43:11 - [INFO] - [DEBUG BSI]     - ant_segm.png (FILE)
2025-09-10 13:43:11 - [INFO] - [DEBUG BSI]     - bsi_quantification_ant.json (FILE)
2025-09-10 13:43:11 - [INFO] - [DEBUG BSI]     - bsi_quantification_post.json (FILE)
2025-09-10 13:43:11 - [INFO] - [DEBUG BSI]     - post_hotspot_classification.json (FILE)
2025-09-10 13:43:11 - [INFO] - [DEBUG BSI]     - post_hotspot_classification.png (FILE)
2025-09-10 13:43:11 - [INFO] - [DEBUG BSI]     - post_hotspot_classification.xml (FILE)
2025-09-10 13:43:11 - [INFO] - [DEBUG BSI]     - post_hotspot_otsu_colored.png (FILE)
2025-09-10 13:43:11 - [INFO] - [DEBUG BSI]     - post_hotspot_otsu_colored_blend.png (FILE)
2025-09-10 13:43:11 - [INFO] - [DEBUG BSI]     - post_hotspot_otsu_grayscale.png (FILE)
2025-09-10 13:43:11 - [INFO] - [DEBUG BSI]     - post_hotspot_yolo.xml (FILE)
2025-09-10 13:43:11 - [INFO] - [DEBUG BSI]     - post_mask.png (FILE)
2025-09-10 13:43:11 - [INFO] - [DEBUG BSI]     - post_original.png (FILE)
2025-09-10 13:43:11 - [INFO] - [DEBUG BSI]     - post_segm.png (FILE)
2025-09-10 13:43:11 - [INFO] - [DEBUG BSI]     - 5001_2.dcm (FILE)
2025-09-10 13:43:11 - [INFO] - [DEBUG BSI]     - ant_hotspot_classification.json (FILE)
2025-09-10 13:43:11 - [INFO] - [DEBUG BSI]     - ant_hotspot_classification.png (FILE)
2025-09-10 13:43:11 - [INFO] - [DEBUG BSI]     - ant_hotspot_classification.xml (FILE)
2025-09-10 13:43:11 - [INFO] - [DEBUG BSI]     - ant_hotspot_otsu_colored.png (FILE)
2025-09-10 13:43:11 - [INFO] - [DEBUG BSI]     - ant_hotspot_otsu_colored_blend.png (FILE)
2025-09-10 13:43:11 - [INFO] - [DEBUG BSI]     - ant_hotspot_otsu_grayscale.png (FILE)
2025-09-10 13:43:11 - [INFO] - [DEBUG BSI]     - ant_hotspot_yolo.xml (FILE)
2025-09-10 13:43:11 - [INFO] - [DEBUG BSI]     - ant_mask.png (FILE)
2025-09-10 13:43:11 - [INFO] - [DEBUG BSI]     - ant_original.png (FILE)
2025-09-10 13:43:11 - [INFO] - [DEBUG BSI]     - ant_segm.png (FILE)
2025-09-10 13:43:11 - [INFO] - [DEBUG BSI]     - bsi_quantification_ant.json (FILE)
2025-09-10 13:43:11 - [INFO] - [DEBUG BSI]     - bsi_quantification_post.json (FILE)
2025-09-10 13:43:11 - [INFO] - [DEBUG BSI]     - post_hotspot_classification.json (FILE)
2025-09-10 13:43:11 - [INFO] - [DEBUG BSI]     - post_hotspot_classification.png (FILE)
2025-09-10 13:43:11 - [INFO] - [DEBUG BSI]     - post_hotspot_classification.xml (FILE)
2025-09-10 13:43:11 - [INFO] - [DEBUG BSI]     - post_hotspot_otsu_colored.png (FILE)
2025-09-10 13:43:11 - [INFO] - [DEBUG BSI]     - post_hotspot_otsu_colored_blend.png (FILE)
2025-09-10 13:43:11 - [INFO] - [DEBUG BSI]     - post_hotspot_otsu_grayscale.png (FILE)
2025-09-10 13:43:11 - [INFO] - [DEBUG BSI]     - post_hotspot_yolo.xml (FILE)
2025-09-10 13:43:11 - [INFO] - [DEBUG BSI]     - post_mask.png (FILE)
2025-09-10 13:43:11 - [INFO] - [DEBUG BSI]     - post_original.png (FILE)
2025-09-10 13:43:11 - [INFO] - [DEBUG BSI]     - post_segm.png (FILE)
2025-09-10 13:43:11 - [INFO] - [DEBUG BSI]     - 5001_3.dcm (FILE)
2025-09-10 13:43:11 - [INFO] - [DEBUG BSI]     - ant_hotspot_classification.json (FILE)
2025-09-10 13:43:11 - [INFO] - [DEBUG BSI]     - ant_hotspot_classification.png (FILE)
2025-09-10 13:43:11 - [INFO] - [DEBUG BSI]     - ant_hotspot_classification.xml (FILE)
2025-09-10 13:43:11 - [INFO] - [DEBUG BSI]     - ant_hotspot_otsu_colored.png (FILE)
2025-09-10 13:43:11 - [INFO] - [DEBUG BSI]     - ant_hotspot_otsu_colored_blend.png (FILE)
2025-09-10 13:43:11 - [INFO] - [DEBUG BSI]     - ant_hotspot_otsu_grayscale.png (FILE)
2025-09-10 13:43:11 - [INFO] - [DEBUG BSI]     - ant_hotspot_yolo.xml (FILE)
2025-09-10 13:43:11 - [INFO] - [DEBUG BSI]     - ant_mask.png (FILE)
2025-09-10 13:43:11 - [INFO] - [DEBUG BSI]     - ant_original.png (FILE)
2025-09-10 13:43:11 - [INFO] - [DEBUG BSI]     - ant_segm.png (FILE)
2025-09-10 13:43:11 - [INFO] - [DEBUG BSI]     - bsi_quantification_ant.json (FILE)
2025-09-10 13:43:11 - [INFO] - [DEBUG BSI]     - bsi_quantification_post.json (FILE)
2025-09-10 13:43:11 - [INFO] - [DEBUG BSI]     - post_hotspot_classification.json (FILE)
2025-09-10 13:43:11 - [INFO] - [DEBUG BSI]     - post_hotspot_classification.png (FILE)
2025-09-10 13:43:11 - [INFO] - [DEBUG BSI]     - post_hotspot_classification.xml (FILE)
2025-09-10 13:43:11 - [INFO] - [DEBUG BSI]     - post_hotspot_otsu_colored.png (FILE)
2025-09-10 13:43:11 - [INFO] - [DEBUG BSI]     - post_hotspot_otsu_colored_blend.png (FILE)
2025-09-10 13:43:11 - [INFO] - [DEBUG BSI]     - post_hotspot_otsu_grayscale.png (FILE)
2025-09-10 13:43:11 - [INFO] - [DEBUG BSI]     - post_hotspot_yolo.xml (FILE)
2025-09-10 13:43:11 - [INFO] - [DEBUG BSI]     - post_mask.png (FILE)
2025-09-10 13:43:11 - [INFO] - [DEBUG BSI]     - post_original.png (FILE)
2025-09-10 13:43:11 - [INFO] - [DEBUG BSI]     - post_segm.png (FILE)
2025-09-10 13:43:11 - [INFO] - [DEBUG BSI]     - 5001_4.dcm (FILE)
2025-09-10 13:43:11 - [INFO] - [DEBUG BSI]     - ant_hotspot_classification.json (FILE)
2025-09-10 13:43:11 - [INFO] - [DEBUG BSI]     - ant_hotspot_classification.png (FILE)
2025-09-10 13:43:11 - [INFO] - [DEBUG BSI]     - ant_hotspot_classification.xml (FILE)
2025-09-10 13:43:11 - [INFO] - [DEBUG BSI]     - ant_hotspot_otsu_colored.png (FILE)
2025-09-10 13:43:11 - [INFO] - [DEBUG BSI]     - ant_hotspot_otsu_colored_blend.png (FILE)
2025-09-10 13:43:11 - [INFO] - [DEBUG BSI]     - ant_hotspot_otsu_grayscale.png (FILE)
2025-09-10 13:43:11 - [INFO] - [DEBUG BSI]     - ant_hotspot_yolo.xml (FILE)
2025-09-10 13:43:11 - [INFO] - [DEBUG BSI]     - ant_mask.png (FILE)
2025-09-10 13:43:11 - [INFO] - [DEBUG BSI]     - ant_original.png (FILE)
2025-09-10 13:43:11 - [INFO] - [DEBUG BSI]     - ant_segm.png (FILE)
2025-09-10 13:43:11 - [INFO] - [DEBUG BSI]     - bsi_quantification_ant.json (FILE)
2025-09-10 13:43:11 - [INFO] - [DEBUG BSI]     - bsi_quantification_post.json (FILE)
2025-09-10 13:43:11 - [INFO] - [DEBUG BSI]     - post_hotspot_classification.json (FILE)
2025-09-10 13:43:11 - [INFO] - [DEBUG BSI]     - post_hotspot_classification.png (FILE)
2025-09-10 13:43:11 - [INFO] - [DEBUG BSI]     - post_hotspot_classification.xml (FILE)
2025-09-10 13:43:11 - [INFO] - [DEBUG BSI]     - post_hotspot_otsu_colored.png (FILE)
2025-09-10 13:43:11 - [INFO] - [DEBUG BSI]     - post_hotspot_otsu_colored_blend.png (FILE)
2025-09-10 13:43:11 - [INFO] - [DEBUG BSI]     - post_hotspot_otsu_grayscale.png (FILE)
2025-09-10 13:43:11 - [INFO] - [DEBUG BSI]     - post_hotspot_yolo.xml (FILE)
2025-09-10 13:43:11 - [INFO] - [DEBUG BSI]     - post_mask.png (FILE)
2025-09-10 13:43:11 - [INFO] - [DEBUG BSI]     - post_original.png (FILE)
2025-09-10 13:43:11 - [INFO] - [DEBUG BSI]     - post_segm.png (FILE)
2025-09-10 13:43:11 - [INFO] - [DEBUG BSI]     - 5001_5.dcm (FILE)
2025-09-10 13:43:11 - [INFO] - [DEBUG BSI]     - ant_hotspot_classification.json (FILE)
2025-09-10 13:43:11 - [INFO] - [DEBUG BSI]     - ant_hotspot_classification.png (FILE)
2025-09-10 13:43:11 - [INFO] - [DEBUG BSI]     - ant_hotspot_classification.xml (FILE)
2025-09-10 13:43:11 - [INFO] - [DEBUG BSI]     - ant_hotspot_otsu_colored.png (FILE)
2025-09-10 13:43:11 - [INFO] - [DEBUG BSI]     - ant_hotspot_otsu_colored_blend.png (FILE)
2025-09-10 13:43:11 - [INFO] - [DEBUG BSI]     - ant_hotspot_otsu_grayscale.png (FILE)
2025-09-10 13:43:11 - [INFO] - [DEBUG BSI]     - ant_hotspot_yolo.xml (FILE)
2025-09-10 13:43:11 - [INFO] - [DEBUG BSI]     - ant_mask.png (FILE)
2025-09-10 13:43:11 - [INFO] - [DEBUG BSI]     - ant_original.png (FILE)
2025-09-10 13:43:11 - [INFO] - [DEBUG BSI]     - ant_segm.png (FILE)
2025-09-10 13:43:11 - [INFO] - [DEBUG BSI]     - bsi_quantification_ant.json (FILE)
2025-09-10 13:43:11 - [INFO] - [DEBUG BSI]     - bsi_quantification_post.json (FILE)
2025-09-10 13:43:11 - [INFO] - [DEBUG BSI]     - post_hotspot_classification.json (FILE)
2025-09-10 13:43:11 - [INFO] - [DEBUG BSI]     - post_hotspot_classification.png (FILE)
2025-09-10 13:43:11 - [INFO] - [DEBUG BSI]     - post_hotspot_classification.xml (FILE)
2025-09-10 13:43:11 - [INFO] - [DEBUG BSI]     - post_hotspot_otsu_colored.png (FILE)
2025-09-10 13:43:11 - [INFO] - [DEBUG BSI]     - post_hotspot_otsu_colored_blend.png (FILE)
2025-09-10 13:43:11 - [INFO] - [DEBUG BSI]     - post_hotspot_otsu_grayscale.png (FILE)
2025-09-10 13:43:11 - [INFO] - [DEBUG BSI]     - post_hotspot_yolo.xml (FILE)
2025-09-10 13:43:11 - [INFO] - [DEBUG BSI]     - post_mask.png (FILE)
2025-09-10 13:43:11 - [INFO] - [DEBUG BSI]     - post_original.png (FILE)
2025-09-10 13:43:11 - [INFO] - [DEBUG BSI]     - post_segm.png (FILE)
2025-09-10 13:43:11 - [INFO] - [DEBUG BSI]     - 20250115 (DIR)
2025-09-10 13:43:11 - [INFO] - [DEBUG BSI]     - 20250214 (DIR)
2025-09-10 13:43:11 - [INFO] - [DEBUG BSI]     - 20250316 (DIR)
2025-09-10 13:43:11 - [INFO] - [DEBUG BSI]     - 20250415 (DIR)
2025-09-10 13:43:11 - [INFO] - [DEBUG BSI]     - 20250515 (DIR)
2025-09-10 13:43:11 - [INFO] - [BSI META INTEGRATION] Found BSI data: {'study_date': '20250415', 'anterior_bsi': 0.21053710230980946, 'posterior_bsi': 0.27624338564022954, 'combined_bsi': 0.24339024397501952, 'bsi_score': 0.24339024397501952, 'file_source': 'bsi_quantification_ant.json + bsi_quantification_post.json', 'processing_mode': 'dual_view', 'is_v2': True, 'source_location': 'Study date folder'}
2025-09-10 13:43:11 - [INFO] - [BSI META INTEGRATION]   Updated meta with BSI data:
2025-09-10 13:43:11 - [INFO] - [BSI META INTEGRATION]   Anterior BSI: 0.21053710230980946
2025-09-10 13:43:11 - [INFO] - [BSI META INTEGRATION]   Posterior BSI: 0.27624338564022954
2025-09-10 13:43:11 - [INFO] - [BSI META INTEGRATION]   Processing mode: dual_view
2025-09-10 13:43:11 - [INFO] - [BSI META INTEGRATION] Updating scan meta with BSI data
2025-09-10 13:43:11 - [INFO] - [BSI META INTEGRATION] Session code: WKW
2025-09-10 13:43:11 - [INFO] - [BSI META INTEGRATION] Scan path: F:\projek dosen\prototype riset\hotspot-analyzer\data\PLANAR\WKW\5001\20250515\5001_5.dcm
2025-09-10 13:43:11 - [INFO] - [BSI EXTRACT INFO] Extracting from path: F:\projek dosen\prototype riset\hotspot-analyzer\data\PLANAR\WKW\5001\20250515\5001_5.dcm
2025-09-10 13:43:11 - [INFO] - [BSI EXTRACT INFO] Extracted study_date from DICOM: 20250515
2025-09-10 13:43:11 - [INFO] - [BSI EXTRACT INFO] Extracted patient_id from study_date structure: 5001
2025-09-10 13:43:11 - [INFO] - [BSI EXTRACT INFO] Final result - Patient: 5001, Study: 20250515
2025-09-10 13:43:11 - [INFO] - [BSI META INTEGRATION] Extracted - Patient: 5001, Study: 20250515
2025-09-10 13:43:11 - [INFO] - [DEBUG QUANT FILES] Getting quantification files for: F:\projek dosen\prototype riset\hotspot-analyzer\data\PLANAR\WKW\5001\20250515
2025-09-10 13:43:11 - [INFO] - [DEBUG QUANT FILES] Detected study_date folder: F:\projek dosen\prototype riset\hotspot-analyzer\data\PLANAR\WKW\5001\20250515
2025-09-10 13:43:11 - [INFO] - [DEBUG QUANT FILES] Generated paths:
2025-09-10 13:43:11 - [INFO] - [DEBUG QUANT FILES]   bsi_json_ant: F:\projek dosen\prototype riset\hotspot-analyzer\data\PLANAR\WKW\5001\20250515\bsi_quantification_ant.json (exists: True)
2025-09-10 13:43:11 - [INFO] - [DEBUG QUANT FILES]   bsi_json_post: F:\projek dosen\prototype riset\hotspot-analyzer\data\PLANAR\WKW\5001\20250515\bsi_quantification_post.json (exists: True)
2025-09-10 13:43:11 - [INFO] - [BSI META INTEGRATION] Found BSI files in study_date folder: F:\projek dosen\prototype riset\hotspot-analyzer\data\PLANAR\WKW\5001\20250515
2025-09-10 13:43:11 - [INFO] - [BSI META INTEGRATION] Using patient folder: F:\projek dosen\prototype riset\hotspot-analyzer\data\PLANAR\WKW\5001\20250515
2025-09-10 13:43:11 - [INFO] - [DEBUG BSI] Detected study_date folder, using parent: F:\projek dosen\prototype riset\hotspot-analyzer\data\PLANAR\WKW\5001
2025-09-10 13:43:11 - [INFO] - [DEBUG BSI] Found study_date folder: 20250115
2025-09-10 13:43:11 - [INFO] - [DEBUG BSI] Found study_date folder: 20250214
2025-09-10 13:43:11 - [INFO] - [DEBUG BSI] Found study_date folder: 20250316
2025-09-10 13:43:11 - [INFO] - [DEBUG BSI] Found study_date folder: 20250415
2025-09-10 13:43:11 - [INFO] - [DEBUG BSI] Found study_date folder: 20250515
2025-09-10 13:43:11 - [INFO] - [DEBUG BSI]     - 20250115 (DIR)
2025-09-10 13:43:11 - [INFO] - [DEBUG BSI]     - 20250214 (DIR)
2025-09-10 13:43:11 - [INFO] - [DEBUG BSI]     - 20250316 (DIR)
2025-09-10 13:43:11 - [INFO] - [DEBUG BSI]     - 20250415 (DIR)
2025-09-10 13:43:11 - [INFO] - [DEBUG BSI]     - 20250515 (DIR)
2025-09-10 13:43:11 - [INFO] - [DEBUG BSI]     - 20250910 (DIR)
2025-09-10 13:43:11 - [INFO] - [DEBUG BSI]     - 5001_1.dcm (FILE)
2025-09-10 13:43:11 - [INFO] - [DEBUG BSI]     - ant_hotspot_classification.json (FILE)
2025-09-10 13:43:11 - [INFO] - [DEBUG BSI]     - ant_hotspot_classification.png (FILE)
2025-09-10 13:43:11 - [INFO] - [DEBUG BSI]     - ant_hotspot_classification.xml (FILE)
2025-09-10 13:43:11 - [INFO] - [DEBUG BSI]     - ant_hotspot_otsu_colored.png (FILE)
2025-09-10 13:43:11 - [INFO] - [DEBUG BSI]     - ant_hotspot_otsu_colored_blend.png (FILE)
2025-09-10 13:43:11 - [INFO] - [DEBUG BSI]     - ant_hotspot_otsu_grayscale.png (FILE)
2025-09-10 13:43:11 - [INFO] - [DEBUG BSI]     - ant_hotspot_yolo.xml (FILE)
2025-09-10 13:43:11 - [INFO] - [DEBUG BSI]     - ant_mask.png (FILE)
2025-09-10 13:43:11 - [INFO] - [DEBUG BSI]     - ant_original.png (FILE)
2025-09-10 13:43:11 - [INFO] - [DEBUG BSI]     - ant_segm.png (FILE)
2025-09-10 13:43:11 - [INFO] - [DEBUG BSI]     - bsi_quantification_ant.json (FILE)
2025-09-10 13:43:11 - [INFO] - [DEBUG BSI]     - bsi_quantification_post.json (FILE)
2025-09-10 13:43:11 - [INFO] - [DEBUG BSI]     - post_hotspot_classification.json (FILE)
2025-09-10 13:43:11 - [INFO] - [DEBUG BSI]     - post_hotspot_classification.png (FILE)
2025-09-10 13:43:11 - [INFO] - [DEBUG BSI]     - post_hotspot_classification.xml (FILE)
2025-09-10 13:43:11 - [INFO] - [DEBUG BSI]     - post_hotspot_otsu_colored.png (FILE)
2025-09-10 13:43:11 - [INFO] - [DEBUG BSI]     - post_hotspot_otsu_colored_blend.png (FILE)
2025-09-10 13:43:11 - [INFO] - [DEBUG BSI]     - post_hotspot_otsu_grayscale.png (FILE)
2025-09-10 13:43:11 - [INFO] - [DEBUG BSI]     - post_hotspot_yolo.xml (FILE)
2025-09-10 13:43:14 - [INFO] - [DEBUG BSI]     - post_mask.png (FILE)
2025-09-10 13:43:14 - [INFO] - [DEBUG BSI]     - post_original.png (FILE)
2025-09-10 13:43:14 - [INFO] - [DEBUG BSI]     - post_segm.png (FILE)
2025-09-10 13:43:14 - [INFO] - [DEBUG BSI]     - 5001_2.dcm (FILE)
2025-09-10 13:43:14 - [INFO] - [DEBUG BSI]     - ant_hotspot_classification.json (FILE)
2025-09-10 13:43:14 - [INFO] - [DEBUG BSI]     - ant_hotspot_classification.png (FILE)
2025-09-10 13:43:14 - [INFO] - [DEBUG BSI]     - ant_hotspot_classification.xml (FILE)
2025-09-10 13:43:14 - [INFO] - [DEBUG BSI]     - ant_hotspot_otsu_colored.png (FILE)
2025-09-10 13:43:14 - [INFO] - [DEBUG BSI]     - ant_hotspot_otsu_colored_blend.png (FILE)
2025-09-10 13:43:14 - [INFO] - [DEBUG BSI]     - ant_hotspot_otsu_grayscale.png (FILE)
2025-09-10 13:43:14 - [INFO] - [DEBUG BSI]     - ant_hotspot_yolo.xml (FILE)
2025-09-10 13:43:14 - [INFO] - [DEBUG BSI]     - ant_mask.png (FILE)
2025-09-10 13:43:14 - [INFO] - [DEBUG BSI]     - ant_original.png (FILE)
2025-09-10 13:43:14 - [INFO] - [DEBUG BSI]     - ant_segm.png (FILE)
2025-09-10 13:43:14 - [INFO] - [DEBUG BSI]     - bsi_quantification_ant.json (FILE)
2025-09-10 13:43:14 - [INFO] - [DEBUG BSI]     - bsi_quantification_post.json (FILE)
2025-09-10 13:43:14 - [INFO] - [DEBUG BSI]     - post_hotspot_classification.json (FILE)
2025-09-10 13:43:14 - [INFO] - [DEBUG BSI]     - post_hotspot_classification.png (FILE)
2025-09-10 13:43:14 - [INFO] - [DEBUG BSI]     - post_hotspot_classification.xml (FILE)
2025-09-10 13:43:14 - [INFO] - [DEBUG BSI]     - post_hotspot_otsu_colored.png (FILE)
2025-09-10 13:43:14 - [INFO] - [DEBUG BSI]     - post_hotspot_otsu_colored_blend.png (FILE)
2025-09-10 13:43:14 - [INFO] - [DEBUG BSI]     - post_hotspot_otsu_grayscale.png (FILE)
2025-09-10 13:43:14 - [INFO] - [DEBUG BSI]     - post_hotspot_yolo.xml (FILE)
2025-09-10 13:43:14 - [INFO] - [DEBUG BSI]     - post_mask.png (FILE)
2025-09-10 13:43:14 - [INFO] - [DEBUG BSI]     - post_original.png (FILE)
2025-09-10 13:43:14 - [INFO] - [DEBUG BSI]     - post_segm.png (FILE)
2025-09-10 13:43:14 - [INFO] - [DEBUG BSI]     - 5001_3.dcm (FILE)
2025-09-10 13:43:14 - [INFO] - [DEBUG BSI]     - ant_hotspot_classification.json (FILE)
2025-09-10 13:43:14 - [INFO] - [DEBUG BSI]     - ant_hotspot_classification.png (FILE)
2025-09-10 13:43:14 - [INFO] - [DEBUG BSI]     - ant_hotspot_classification.xml (FILE)
2025-09-10 13:43:14 - [INFO] - [DEBUG BSI]     - ant_hotspot_otsu_colored.png (FILE)
2025-09-10 13:43:14 - [INFO] - [DEBUG BSI]     - ant_hotspot_otsu_colored_blend.png (FILE)
2025-09-10 13:43:14 - [INFO] - [DEBUG BSI]     - ant_hotspot_otsu_grayscale.png (FILE)
2025-09-10 13:43:14 - [INFO] - [DEBUG BSI]     - ant_hotspot_yolo.xml (FILE)
2025-09-10 13:43:14 - [INFO] - [DEBUG BSI]     - ant_mask.png (FILE)
2025-09-10 13:43:14 - [INFO] - [DEBUG BSI]     - ant_original.png (FILE)
2025-09-10 13:43:14 - [INFO] - [DEBUG BSI]     - ant_segm.png (FILE)
2025-09-10 13:43:14 - [INFO] - [DEBUG BSI]     - bsi_quantification_ant.json (FILE)
2025-09-10 13:43:14 - [INFO] - [DEBUG BSI]     - bsi_quantification_post.json (FILE)
2025-09-10 13:43:14 - [INFO] - [DEBUG BSI]     - post_hotspot_classification.json (FILE)
2025-09-10 13:43:14 - [INFO] - [DEBUG BSI]     - post_hotspot_classification.png (FILE)
2025-09-10 13:43:14 - [INFO] - [DEBUG BSI]     - post_hotspot_classification.xml (FILE)
2025-09-10 13:43:14 - [INFO] - [DEBUG BSI]     - post_hotspot_otsu_colored.png (FILE)
2025-09-10 13:43:14 - [INFO] - [DEBUG BSI]     - post_hotspot_otsu_colored_blend.png (FILE)
2025-09-10 13:43:14 - [INFO] - [DEBUG BSI]     - post_hotspot_otsu_grayscale.png (FILE)
2025-09-10 13:43:14 - [INFO] - [DEBUG BSI]     - post_hotspot_yolo.xml (FILE)
2025-09-10 13:43:14 - [INFO] - [DEBUG BSI]     - post_mask.png (FILE)
2025-09-10 13:43:14 - [INFO] - [DEBUG BSI]     - post_original.png (FILE)
2025-09-10 13:43:14 - [INFO] - [DEBUG BSI]     - post_segm.png (FILE)
2025-09-10 13:43:14 - [INFO] - [DEBUG BSI]     - 5001_4.dcm (FILE)
