2025-09-15 20:31:53 - [INFO] - Logger berhasil dikonfigurasi. Memulai aplikasi...
2025-09-15 20:31:53 - [INFO] - Running in development mode
2025-09-15 20:31:53 - [INFO] - [DEBUG] Starting TELPLASTINA...
2025-09-15 20:31:53 - [INFO] - [UI] Application icon loaded: assets\icon.ico
2025-09-15 20:31:53 - [INFO] - [UI] Poppins font applied
2025-09-15 20:31:53 - [INFO] - [DEBUG] TELPLASTINA application created and configured
2025-09-15 20:31:53 - [INFO] - [DEBUG] Starting session with 100ms delay...
2025-09-15 20:31:54 - [INFO] - [DEBUG] === Starting new session ===
2025-09-15 20:31:54 - [INFO] - [DEBUG] Development mode - creating dialog immediately
2025-09-15 20:31:54 - [INFO] - [DEBUG] Creating doctor selection dialog (attempt 1/3)...
2025-09-15 20:31:54 - [INFO] - [PATHS] Found YOLO model at: F:\projek dosen\prototype riset\hotspot-analyzer\models\hotspot_detection\models\model_detection_hs_yolov8.pt
2025-09-15 20:31:54 - [INFO] - [DEBUG] Dialog class imported successfully
2025-09-15 20:31:54 - [INFO] - [DEBUG] Dialog instance created successfully
2025-09-15 20:31:54 - [INFO] - [DEBUG] Dialog window properties set
2025-09-15 20:31:54 - [INFO] - [DEBUG] Showing dialog to user...
2025-09-15 20:31:54 - [INFO] - [DEBUG] Dialog shown successfully
2025-09-15 20:31:54 - [INFO] - [DEBUG] Waiting for user input...
2025-09-15 20:32:21 - [INFO] - [SESSION] Created session: EMA_Planar_20250915_203221
2025-09-15 20:32:21 - [INFO] - [SESSION] Created: EMA_Planar_20250915_203221
2025-09-15 20:32:22 - [INFO] - [DEBUG] Dialog execution completed with result: 1
2025-09-15 20:32:22 - [INFO] - [DEBUG] Quick close detected: False
2025-09-15 20:32:22 - [INFO] - [DEBUG] Session selected - Code: EMA, Modality: Planar
2025-09-15 20:32:22 - [INFO] - [DEBUG] Data directory confirmed: data
2025-09-15 20:32:22 - [INFO] - [DEBUG] Starting PLANAR session with code: EMA
2025-09-15 20:32:22 - [INFO] - [DEBUG] Creating main window for session: EMA
2025-09-15 20:32:36 - [INFO] - [YOLO] Module loaded - model will be loaded on-demand
2025-09-15 20:32:38 - [INFO] - [DEBUG] Timeline keyboard shortcuts enabled: Ctrl+/- for zoom, Ctrl+0 for reset
2025-09-15 20:32:38 - [INFO] - [DEBUG] set_active_view called with 'Anterior', but is now ignored.
2025-09-15 20:32:38 - [INFO] - Ditemukan 82 file DICOM di 'F:\projek dosen\prototype riset\hotspot-analyzer\data\PLANAR'
2025-09-15 20:32:39 - [INFO] - Ditemukan 9 session, 70 pasien (total 82 file DICOM).
2025-09-15 20:32:39 - [INFO] -     ALL: 1 pasien, 1 file
2025-09-15 20:32:39 - [INFO] -     ATL: 4 pasien, 4 file
2025-09-15 20:32:39 - [INFO] -     HAH: 14 pasien, 14 file
2025-09-15 20:32:39 - [INFO] -     HAHH: 38 pasien, 38 file
2025-09-15 20:32:39 - [INFO] -     HEHE: 2 pasien, 2 file
2025-09-15 20:32:39 - [INFO] -     NBL: 1 pasien, 5 file
2025-09-15 20:32:39 - [INFO] -     NSY: 4 pasien, 8 file
2025-09-15 20:32:39 - [INFO] -     PVSA: 2 pasien, 2 file
2025-09-15 20:32:39 - [INFO] -     WKW: 4 pasien, 8 file
2025-09-15 20:32:39 - [INFO] - [DEBUG] display_timeline called with 0 scan(s), focusing on index = -1
2025-09-15 20:32:39 - [INFO] - [DEBUG] Rebuilding timeline for active scan index: -1
2025-09-15 20:32:39 - [INFO] - [BSI SIDE PANEL] Clearing data...
2025-09-15 20:32:39 - [INFO] - [DEBUG] Main window created successfully for session: EMA
2025-09-15 20:32:39 - [INFO] - [DEBUG] Main window created successfully
2025-09-15 20:32:39 - [INFO] - [DEBUG] Logout signal connected
2025-09-15 20:32:39 - [INFO] - [DEBUG] Main window displayed
2025-09-15 20:32:39 - [INFO] - [DEBUG] Active windows count: 1
2025-09-15 20:32:39 - [INFO] - [DEBUG] set_invert_original called: True (current: False)
2025-09-15 20:32:39 - [INFO] - [CACHE CLEAR] Cleared 0 layer cache entries
2025-09-15 20:32:39 - [INFO] - [CACHE CLEAR] Cleared zoom cache (0 labels)
2025-09-15 20:32:39 - [INFO] - [DEBUG] Cleared layer cache due to invert change
2025-09-15 20:32:39 - [INFO] - [DEBUG] No scans loaded, rebuild skipped
2025-09-15 20:33:09 - [INFO] - [ADD_FILES] Mulai analisis 3 file
2025-09-15 20:33:09 - [INFO] - [ADD_FILES] fungsi duplicate-check OK
2025-09-15 20:33:09 - [INFO] - [ADD_FILES] 1/3 1.dcm → PID=1 SD=20250628
2025-09-15 20:33:09 - [INFO] -   [CHECK_DICOM_EXISTS] Checking: session=EMA, patient=1, study_date=20250628
2025-09-15 20:33:09 - [INFO] -   [CHECK_DICOM_EXISTS] Expected path: F:\projek dosen\prototype riset\hotspot-analyzer\data\PLANAR\EMA\1\20250628
2025-09-15 20:33:09 - [INFO] -   [CHECK_DICOM_EXISTS] Path does not exist - NOT DUPLICATE
2025-09-15 20:33:09 - [INFO] - [ADD_FILES]   -> NEW, dimasukkan
2025-09-15 20:33:09 - [INFO] - [ADD_FILES] 2/3 2.dcm → PID=2 SD=20250628
2025-09-15 20:33:09 - [INFO] -   [CHECK_DICOM_EXISTS] Checking: session=EMA, patient=2, study_date=20250628
2025-09-15 20:33:09 - [INFO] -   [CHECK_DICOM_EXISTS] Expected path: F:\projek dosen\prototype riset\hotspot-analyzer\data\PLANAR\EMA\2\20250628
2025-09-15 20:33:09 - [INFO] -   [CHECK_DICOM_EXISTS] Path does not exist - NOT DUPLICATE
2025-09-15 20:33:09 - [INFO] - [ADD_FILES]   -> NEW, dimasukkan
2025-09-15 20:33:09 - [INFO] - [ADD_FILES] 3/3 10.dcm → PID=10 SD=20250628
2025-09-15 20:33:09 - [INFO] -   [CHECK_DICOM_EXISTS] Checking: session=EMA, patient=10, study_date=20250628
2025-09-15 20:33:09 - [INFO] -   [CHECK_DICOM_EXISTS] Expected path: F:\projek dosen\prototype riset\hotspot-analyzer\data\PLANAR\EMA\10\20250628
2025-09-15 20:33:09 - [INFO] -   [CHECK_DICOM_EXISTS] Path does not exist - NOT DUPLICATE
2025-09-15 20:33:09 - [INFO] - [ADD_FILES]   -> NEW, dimasukkan
2025-09-15 20:33:09 - [INFO] - [ADD_FILES] NEW added: 3, already analyzed: 0, redundant skipped: 0, errors: 0
2025-09-15 20:33:09 - [INFO] -   DEBUG: Starting quick detection for 3 files...
2025-09-15 20:33:09 - [INFO] -   DEBUG: Processing detection result for 1.dcm
2025-09-15 20:33:09 - [INFO] -   1.dcm: Fully auto-tagged (2 frames)
2025-09-15 20:33:09 - [INFO] -   DEBUG: Processing detection result for 2.dcm
2025-09-15 20:33:09 - [INFO] -   2.dcm: Fully auto-tagged (2 frames)
2025-09-15 20:33:09 - [INFO] -   DEBUG: Processing detection result for 10.dcm
2025-09-15 20:33:09 - [INFO] - 📊 Detection Analysis Complete:
2025-09-15 20:33:09 - [INFO] -      3 files fully auto-tagged
2025-09-15 20:33:09 - [INFO] - 🎉 All files auto-tagged! You can proceed directly to import.
2025-09-15 20:33:09 - [INFO] - Next step: Configure Views (or proceed if all auto-tagged)
2025-09-15 20:33:09 - [INFO] -   10.dcm: Fully auto-tagged (2 frames)
2025-09-15 20:33:11 - [INFO] -   Opening enhanced view configuration dialog...
2025-09-15 20:33:11 - [INFO] -   DEBUG: Opening view selector with 3 files
2025-09-15 20:33:11 - [INFO] -   DEBUG: Opening view configuration with 3 files:
2025-09-15 20:33:11 - [INFO] -    1. 1.dcm
2025-09-15 20:33:11 - [INFO] -    2. 2.dcm
2025-09-15 20:33:11 - [INFO] -    3. 10.dcm
2025-09-15 20:33:11 - [INFO] -      No duplicates found in selected_files
2025-09-15 20:33:11 - [INFO] -   DEBUG: Connecting signals...
2025-09-15 20:33:11 - [INFO] -   DEBUG: Executing dialog...
2025-09-15 20:33:11 - [INFO] - 
  === BACKGROUND ANALYSIS DEBUG ===
2025-09-15 20:33:11 - [INFO] - Frame shape: (1024, 256)
2025-09-15 20:33:11 - [INFO] - Frame dtype: uint16
2025-09-15 20:33:11 - [INFO] - Frame range: 0 to 84
2025-09-15 20:33:11 - [INFO] - 🔄 Normalized to uint8: 0 to 255
2025-09-15 20:33:11 - [INFO] - 📐 Image dimensions: 256x1024 (262,144 pixels)
2025-09-15 20:33:11 - [INFO] - 🏠 Corner analysis with size: 20x20
2025-09-15 20:33:11 - [INFO] - 🏠 Corner means: [0.06, 0.165, 0.0, 0.0]
2025-09-15 20:33:11 - [INFO] - 🏠 Overall corner mean: 0.1
2025-09-15 20:33:11 - [INFO] - 🔲 Edge analysis:
2025-09-15 20:33:11 - [INFO] -    Edge mean: 0.4
2025-09-15 20:33:11 - [INFO] -    Dark edges (<50): 2560/2560 (100.0%)
2025-09-15 20:33:11 - [INFO] -    Bright edges (>200): 0/2560 (0.0%)
2025-09-15 20:33:11 - [INFO] - 📊 Overall statistics:
2025-09-15 20:33:11 - [INFO] -    Image mean: 19.7
2025-09-15 20:33:11 - [INFO] -    Dark pixels (<50): 226,339 (86.3%)
2025-09-15 20:33:11 - [INFO] -    Bright pixels (>200): 130 (0.0%)
2025-09-15 20:33:11 - [INFO] -    Mid-range pixels: 35,675 (13.6%)
2025-09-15 20:33:11 - [INFO] - 📈 Histogram analysis:
2025-09-15 20:33:11 - [INFO] -    Found 2 peaks: [(40, 11059), (51, 8211)]
2025-09-15 20:33:11 - [INFO] - 
  DECISION PROCESS:
2025-09-15 20:33:11 - [INFO] - 
📋 DECISION FACTORS:
2025-09-15 20:33:11 - [INFO] -      Dark corners (0.1 < 50) → BLACK (+40)
2025-09-15 20:33:11 - [INFO] -      Dark edges (100.0%) support BLACK (+30)
2025-09-15 20:33:11 - [INFO] -      Dark image (19.7 < 80) supports BLACK (+10)
2025-09-15 20:33:11 - [INFO] - 
  FINAL DECISION:
2025-09-15 20:33:11 - [INFO] -    Background Type: BLACK
2025-09-15 20:33:11 - [INFO] -    Confidence: 80%
2025-09-15 20:33:11 - [INFO] -    Reasoning: 3 factors analyzed
2025-09-15 20:33:11 - [INFO] - 📊 RESULT: {'background_type': 'black', 'confidence': 80, 'background_pixels': 226339, 'object_pixels': 35805, 'background_percentage': 86.34147644042969, 'total_pixels': 262144, 'debug_info': {'corner_mean': 0.05625, 'edge_mean': 0.3703125, 'image_mean': 19.65909194946289, 'dark_edge_ratio': 1.0, 'bright_edge_ratio': 0.0, 'decision_factors': ['  Dark corners (0.1 < 50) → BLACK (+40)', '  Dark edges (100.0%) support BLACK (+30)', '  Dark image (19.7 < 80) supports BLACK (+10)']}}
2025-09-15 20:33:11 - [INFO] -   === END BACKGROUND ANALYSIS ===

2025-09-15 20:33:11 - [INFO] - 
  === BACKGROUND ANALYSIS DEBUG ===
2025-09-15 20:33:11 - [INFO] - Frame shape: (1024, 256)
2025-09-15 20:33:11 - [INFO] - Frame dtype: uint16
2025-09-15 20:33:11 - [INFO] - Frame range: 0 to 101
2025-09-15 20:33:11 - [INFO] - 🔄 Normalized to uint8: 0 to 255
2025-09-15 20:33:11 - [INFO] - 📐 Image dimensions: 256x1024 (262,144 pixels)
2025-09-15 20:33:11 - [INFO] - 🏠 Corner analysis with size: 20x20
2025-09-15 20:33:11 - [INFO] - 🏠 Corner means: [0.2025, 0.095, 0.0, 0.0]
2025-09-15 20:33:11 - [INFO] - 🏠 Overall corner mean: 0.1
2025-09-15 20:33:11 - [INFO] - 🔲 Edge analysis:
2025-09-15 20:33:11 - [INFO] -    Edge mean: 0.1
2025-09-15 20:33:11 - [INFO] -    Dark edges (<50): 2560/2560 (100.0%)
2025-09-15 20:33:11 - [INFO] -    Bright edges (>200): 0/2560 (0.0%)
2025-09-15 20:33:11 - [INFO] - 📊 Overall statistics:
2025-09-15 20:33:11 - [INFO] -    Image mean: 16.0
2025-09-15 20:33:11 - [INFO] -    Dark pixels (<50): 236,005 (90.0%)
2025-09-15 20:33:11 - [INFO] -    Bright pixels (>200): 55 (0.0%)
2025-09-15 20:33:11 - [INFO] -    Mid-range pixels: 26,084 (10.0%)
2025-09-15 20:33:11 - [INFO] - 📈 Histogram analysis:
2025-09-15 20:33:11 - [INFO] -    Found 3 peaks: [(10, 28653), (25, 13425), (45, 7318)]
2025-09-15 20:33:11 - [INFO] - 
  DECISION PROCESS:
2025-09-15 20:33:11 - [INFO] - 
📋 DECISION FACTORS:
2025-09-15 20:33:11 - [INFO] -      Dark corners (0.1 < 50) → BLACK (+40)
2025-09-15 20:33:11 - [INFO] -      Dark edges (100.0%) support BLACK (+30)
2025-09-15 20:33:11 - [INFO] -      Dark image (16.0 < 80) supports BLACK (+10)
2025-09-15 20:33:11 - [INFO] - 
  FINAL DECISION:
2025-09-15 20:33:11 - [INFO] -    Background Type: BLACK
2025-09-15 20:33:11 - [INFO] -    Confidence: 80%
2025-09-15 20:33:11 - [INFO] -    Reasoning: 3 factors analyzed
2025-09-15 20:33:11 - [INFO] - 📊 RESULT: {'background_type': 'black', 'confidence': 80, 'background_pixels': 236005, 'object_pixels': 26139, 'background_percentage': 90.02876281738281, 'total_pixels': 262144, 'debug_info': {'corner_mean': 0.074375, 'edge_mean': 0.1015625, 'image_mean': 16.047523498535156, 'dark_edge_ratio': 1.0, 'bright_edge_ratio': 0.0, 'decision_factors': ['  Dark corners (0.1 < 50) → BLACK (+40)', '  Dark edges (100.0%) support BLACK (+30)', '  Dark image (16.0 < 80) supports BLACK (+10)']}}
2025-09-15 20:33:11 - [INFO] -   === END BACKGROUND ANALYSIS ===

2025-09-15 20:33:11 - [INFO] - 
  === BACKGROUND ANALYSIS DEBUG ===
2025-09-15 20:33:11 - [INFO] - Frame shape: (1024, 256)
2025-09-15 20:33:11 - [INFO] - Frame dtype: uint16
2025-09-15 20:33:11 - [INFO] - Frame range: 0 to 134
2025-09-15 20:33:11 - [INFO] - 🔄 Normalized to uint8: 0 to 255
2025-09-15 20:33:11 - [INFO] - 📐 Image dimensions: 256x1024 (262,144 pixels)
2025-09-15 20:33:11 - [INFO] - 🏠 Corner analysis with size: 20x20
2025-09-15 20:33:11 - [INFO] - 🏠 Corner means: [0.415, 0.4375, 0.0, 0.0275]
2025-09-15 20:33:11 - [INFO] - 🏠 Overall corner mean: 0.2
2025-09-15 20:33:11 - [INFO] - 🔲 Edge analysis:
2025-09-15 20:33:11 - [INFO] -    Edge mean: 0.4
2025-09-15 20:33:11 - [INFO] -    Dark edges (<50): 2560/2560 (100.0%)
2025-09-15 20:33:11 - [INFO] -    Bright edges (>200): 0/2560 (0.0%)
2025-09-15 20:33:11 - [INFO] - 📊 Overall statistics:
2025-09-15 20:33:11 - [INFO] -    Image mean: 14.0
2025-09-15 20:33:11 - [INFO] -    Dark pixels (<50): 240,496 (91.7%)
2025-09-15 20:33:11 - [INFO] -    Bright pixels (>200): 56 (0.0%)
2025-09-15 20:33:11 - [INFO] -    Mid-range pixels: 21,592 (8.2%)
2025-09-15 20:33:11 - [INFO] - 📈 Histogram analysis:
2025-09-15 20:33:11 - [INFO] -    Found 2 peaks: [(10, 23697), (25, 11930)]
2025-09-15 20:33:11 - [INFO] - 
  DECISION PROCESS:
2025-09-15 20:33:11 - [INFO] - 
📋 DECISION FACTORS:
2025-09-15 20:33:11 - [INFO] -      Dark corners (0.2 < 50) → BLACK (+40)
2025-09-15 20:33:11 - [INFO] -      Dark edges (100.0%) support BLACK (+30)
2025-09-15 20:33:11 - [INFO] -      Dark image (14.0 < 80) supports BLACK (+10)
2025-09-15 20:33:11 - [INFO] - 
  FINAL DECISION:
2025-09-15 20:33:11 - [INFO] -    Background Type: BLACK
2025-09-15 20:33:11 - [INFO] -    Confidence: 80%
2025-09-15 20:33:11 - [INFO] -    Reasoning: 3 factors analyzed
2025-09-15 20:33:11 - [INFO] - 📊 RESULT: {'background_type': 'black', 'confidence': 80, 'background_pixels': 240496, 'object_pixels': 21648, 'background_percentage': 91.741943359375, 'total_pixels': 262144, 'debug_info': {'corner_mean': 0.22, 'edge_mean': 0.4328125, 'image_mean': 13.969520568847656, 'dark_edge_ratio': 1.0, 'bright_edge_ratio': 0.0, 'decision_factors': ['  Dark corners (0.2 < 50) → BLACK (+40)', '  Dark edges (100.0%) support BLACK (+30)', '  Dark image (14.0 < 80) supports BLACK (+10)']}}
2025-09-15 20:33:11 - [INFO] -   === END BACKGROUND ANALYSIS ===

2025-09-15 20:33:11 - [INFO] - 
  === BACKGROUND ANALYSIS DEBUG ===
2025-09-15 20:33:11 - [INFO] - Frame shape: (1024, 256)
2025-09-15 20:33:11 - [INFO] - Frame dtype: uint16
2025-09-15 20:33:11 - [INFO] - Frame range: 0 to 156
2025-09-15 20:33:11 - [INFO] - 🔄 Normalized to uint8: 0 to 255
2025-09-15 20:33:11 - [INFO] - 📐 Image dimensions: 256x1024 (262,144 pixels)
2025-09-15 20:33:11 - [INFO] - 🏠 Corner analysis with size: 20x20
2025-09-15 20:33:11 - [INFO] - 🏠 Corner means: [0.2175, 0.0825, 0.0, 0.0]
2025-09-15 20:33:11 - [INFO] - 🏠 Overall corner mean: 0.1
2025-09-15 20:33:11 - [INFO] - 🔲 Edge analysis:
2025-09-15 20:33:11 - [INFO] -    Edge mean: 0.3
2025-09-15 20:33:11 - [INFO] -    Dark edges (<50): 2560/2560 (100.0%)
2025-09-15 20:33:11 - [INFO] -    Bright edges (>200): 0/2560 (0.0%)
2025-09-15 20:33:11 - [INFO] - 📊 Overall statistics:
2025-09-15 20:33:11 - [INFO] -    Image mean: 12.0
2025-09-15 20:33:11 - [INFO] -    Dark pixels (<50): 246,964 (94.2%)
2025-09-15 20:33:11 - [INFO] -    Bright pixels (>200): 104 (0.0%)
2025-09-15 20:33:11 - [INFO] -    Mid-range pixels: 15,076 (5.8%)
2025-09-15 20:33:11 - [INFO] - 📈 Histogram analysis:
2025-09-15 20:33:11 - [INFO] -    Found 1 peaks: [(10, 23450)]
2025-09-15 20:33:11 - [INFO] - 
  DECISION PROCESS:
2025-09-15 20:33:11 - [INFO] - 
📋 DECISION FACTORS:
2025-09-15 20:33:11 - [INFO] -      Dark corners (0.1 < 50) → BLACK (+40)
2025-09-15 20:33:11 - [INFO] -      Dark edges (100.0%) support BLACK (+30)
2025-09-15 20:33:11 - [INFO] -      Dark image (12.0 < 80) supports BLACK (+10)
2025-09-15 20:33:11 - [INFO] - 
  FINAL DECISION:
2025-09-15 20:33:11 - [INFO] -    Background Type: BLACK
2025-09-15 20:33:11 - [INFO] -    Confidence: 80%
2025-09-15 20:33:11 - [INFO] -    Reasoning: 3 factors analyzed
2025-09-15 20:33:11 - [INFO] - 📊 RESULT: {'background_type': 'black', 'confidence': 80, 'background_pixels': 246964, 'object_pixels': 15180, 'background_percentage': 94.20928955078125, 'total_pixels': 262144, 'debug_info': {'corner_mean': 0.075, 'edge_mean': 0.29765625, 'image_mean': 11.992294311523438, 'dark_edge_ratio': 1.0, 'bright_edge_ratio': 0.0, 'decision_factors': ['  Dark corners (0.1 < 50) → BLACK (+40)', '  Dark edges (100.0%) support BLACK (+30)', '  Dark image (12.0 < 80) supports BLACK (+10)']}}
2025-09-15 20:33:11 - [INFO] -   === END BACKGROUND ANALYSIS ===

2025-09-15 20:33:11 - [INFO] - 
  === BACKGROUND ANALYSIS DEBUG ===
2025-09-15 20:33:11 - [INFO] - Frame shape: (1024, 256)
2025-09-15 20:33:11 - [INFO] - Frame dtype: uint16
2025-09-15 20:33:11 - [INFO] - Frame range: 0 to 144
2025-09-15 20:33:11 - [INFO] - 🔄 Normalized to uint8: 0 to 255
2025-09-15 20:33:11 - [INFO] - 📐 Image dimensions: 256x1024 (262,144 pixels)
2025-09-15 20:33:11 - [INFO] - 🏠 Corner analysis with size: 20x20
2025-09-15 20:33:11 - [INFO] - 🏠 Corner means: [0.3775, 0.22, 0.31, 0.25]
2025-09-15 20:33:11 - [INFO] - 🏠 Overall corner mean: 0.3
2025-09-15 20:33:11 - [INFO] - 🔲 Edge analysis:
2025-09-15 20:33:11 - [INFO] -    Edge mean: 0.4
2025-09-15 20:33:11 - [INFO] -    Dark edges (<50): 2560/2560 (100.0%)
2025-09-15 20:33:11 - [INFO] -    Bright edges (>200): 0/2560 (0.0%)
2025-09-15 20:33:11 - [INFO] - 📊 Overall statistics:
2025-09-15 20:33:11 - [INFO] -    Image mean: 12.7
2025-09-15 20:33:11 - [INFO] -    Dark pixels (<50): 244,338 (93.2%)
2025-09-15 20:33:11 - [INFO] -    Bright pixels (>200): 60 (0.0%)
2025-09-15 20:33:11 - [INFO] -    Mid-range pixels: 17,746 (6.8%)
2025-09-15 20:33:11 - [INFO] - 📈 Histogram analysis:
2025-09-15 20:33:11 - [INFO] -    Found 1 peaks: [(20, 11389)]
2025-09-15 20:33:11 - [INFO] - 
  DECISION PROCESS:
2025-09-15 20:33:11 - [INFO] - 
📋 DECISION FACTORS:
2025-09-15 20:33:11 - [INFO] -      Dark corners (0.3 < 50) → BLACK (+40)
2025-09-15 20:33:11 - [INFO] -      Dark edges (100.0%) support BLACK (+30)
2025-09-15 20:33:11 - [INFO] -      Dark image (12.7 < 80) supports BLACK (+10)
2025-09-15 20:33:11 - [INFO] - 
  FINAL DECISION:
2025-09-15 20:33:11 - [INFO] -    Background Type: BLACK
2025-09-15 20:33:11 - [INFO] -    Confidence: 80%
2025-09-15 20:33:11 - [INFO] -    Reasoning: 3 factors analyzed
2025-09-15 20:33:11 - [INFO] - 📊 RESULT: {'background_type': 'black', 'confidence': 80, 'background_pixels': 244338, 'object_pixels': 17806, 'background_percentage': 93.20755004882812, 'total_pixels': 262144, 'debug_info': {'corner_mean': 0.289375, 'edge_mean': 0.421484375, 'image_mean': 12.697376251220703, 'dark_edge_ratio': 1.0, 'bright_edge_ratio': 0.0, 'decision_factors': ['  Dark corners (0.3 < 50) → BLACK (+40)', '  Dark edges (100.0%) support BLACK (+30)', '  Dark image (12.7 < 80) supports BLACK (+10)']}}
2025-09-15 20:33:11 - [INFO] -   === END BACKGROUND ANALYSIS ===

2025-09-15 20:33:11 - [INFO] - 
  === BACKGROUND ANALYSIS DEBUG ===
2025-09-15 20:33:11 - [INFO] - Frame shape: (1024, 256)
2025-09-15 20:33:11 - [INFO] - Frame dtype: uint16
2025-09-15 20:33:11 - [INFO] - Frame range: 0 to 191
2025-09-15 20:33:11 - [INFO] - 🔄 Normalized to uint8: 0 to 255
2025-09-15 20:33:11 - [INFO] - 📐 Image dimensions: 256x1024 (262,144 pixels)
2025-09-15 20:33:11 - [INFO] - 🏠 Corner analysis with size: 20x20
2025-09-15 20:33:11 - [INFO] - 🏠 Corner means: [0.2725, 0.155, 0.1725, 0.185]
2025-09-15 20:33:11 - [INFO] - 🏠 Overall corner mean: 0.2
2025-09-15 20:33:11 - [INFO] - 🔲 Edge analysis:
2025-09-15 20:33:11 - [INFO] -    Edge mean: 0.3
2025-09-15 20:33:11 - [INFO] -    Dark edges (<50): 2560/2560 (100.0%)
2025-09-15 20:33:11 - [INFO] -    Bright edges (>200): 0/2560 (0.0%)
2025-09-15 20:33:11 - [INFO] - 📊 Overall statistics:
2025-09-15 20:33:11 - [INFO] -    Image mean: 9.8
2025-09-15 20:33:11 - [INFO] -    Dark pixels (<50): 250,487 (95.6%)
2025-09-15 20:33:11 - [INFO] -    Bright pixels (>200): 39 (0.0%)
2025-09-15 20:33:11 - [INFO] -    Mid-range pixels: 11,618 (4.4%)
2025-09-15 20:33:11 - [INFO] - 📈 Histogram analysis:
2025-09-15 20:33:11 - [INFO] -    Found 1 peaks: [(15, 18044)]
2025-09-15 20:33:11 - [INFO] - 
  DECISION PROCESS:
2025-09-15 20:33:11 - [INFO] - 
📋 DECISION FACTORS:
2025-09-15 20:33:11 - [INFO] -      Dark corners (0.2 < 50) → BLACK (+40)
2025-09-15 20:33:11 - [INFO] -      Dark edges (100.0%) support BLACK (+30)
2025-09-15 20:33:11 - [INFO] -      Dark image (9.8 < 80) supports BLACK (+10)
2025-09-15 20:33:11 - [INFO] - 
  FINAL DECISION:
2025-09-15 20:33:11 - [INFO] -    Background Type: BLACK
2025-09-15 20:33:11 - [INFO] -    Confidence: 80%
2025-09-15 20:33:11 - [INFO] -    Reasoning: 3 factors analyzed
2025-09-15 20:33:11 - [INFO] - 📊 RESULT: {'background_type': 'black', 'confidence': 80, 'background_pixels': 250487, 'object_pixels': 11657, 'background_percentage': 95.55320739746094, 'total_pixels': 262144, 'debug_info': {'corner_mean': 0.19625, 'edge_mean': 0.346875, 'image_mean': 9.790847778320312, 'dark_edge_ratio': 1.0, 'bright_edge_ratio': 0.0, 'decision_factors': ['  Dark corners (0.2 < 50) → BLACK (+40)', '  Dark edges (100.0%) support BLACK (+30)', '  Dark image (9.8 < 80) supports BLACK (+10)']}}
2025-09-15 20:33:11 - [INFO] -   === END BACKGROUND ANALYSIS ===

2025-09-15 20:33:14 - [INFO] -   DEBUG: Signal received! Processing 2 assignments
2025-09-15 20:33:14 - [INFO] -   DEBUG: _on_views_configured called with payload keys: ['background_assignments', 'view_assignments']
2025-09-15 20:33:14 - [INFO] -   DEBUG: view_assignments contains 3 files
2025-09-15 20:33:14 - [INFO] -    📄 F:\projek dosen\prototype riset\raw data cropped (dcom)\1.dcm
2025-09-15 20:33:14 - [INFO] -    📄 F:\projek dosen\prototype riset\raw data cropped (dcom)\10.dcm
2025-09-15 20:33:14 - [INFO] -    📄 F:\projek dosen\prototype riset\raw data cropped (dcom)\2.dcm
2025-09-15 20:33:14 - [INFO] - 🎨 Background assignments received: 3 files
2025-09-15 20:33:14 - [INFO] -   View assignments and background selections configured
2025-09-15 20:33:14 - [INFO] - Files with assignments: 3
2025-09-15 20:33:14 - [INFO] - Files with background selections: 3
2025-09-15 20:33:14 - [INFO] -   DEBUG: Dialog finished, cleaning up...
2025-09-15 20:33:14 - [INFO] -   DEBUG: View dialog result: 1
2025-09-15 20:33:14 - [INFO] -   Dialog accepted
2025-09-15 20:33:16 - [INFO] - [START_IMPORT] Mulai filter item yang boleh diproses...
2025-09-15 20:33:16 - [INFO] - [START_IMPORT] assignments: 3 files, list items: 3
2025-09-15 20:33:16 - [INFO] - [START_IMPORT]   1.dcm flag=None
2025-09-15 20:33:16 - [INFO] - [START_IMPORT]   -> queued
2025-09-15 20:33:16 - [INFO] - [START_IMPORT]   10.dcm flag=None
2025-09-15 20:33:16 - [INFO] - [START_IMPORT]   -> queued
2025-09-15 20:33:16 - [INFO] - [START_IMPORT]   2.dcm flag=None
2025-09-15 20:33:16 - [INFO] - [START_IMPORT]   -> queued
2025-09-15 20:33:16 - [INFO] - [START_IMPORT] queued=3, skipped_flagged=0
2025-09-15 20:33:16 - [INFO] - [START_IMPORT] Start processing...
2025-09-15 20:33:16 - [INFO] - [START_IMPORT] total to process: 3 (auto=3, manual=0)
2025-09-15 20:33:16 - [INFO] - [START_IMPORT] Session: EMA → data/PLANAR/EMA/[patient_id]/
2025-09-15 20:33:16 - [INFO] - ## Background assignments provided for 3 files
2025-09-15 20:33:16 - [INFO] - ## Starting batch import with view assignments: 3 file(s)
2025-09-15 20:33:16 - [INFO] - ## Session code: EMA
2025-09-15 20:33:16 - [INFO] - ## Target directory: data/PLANAR/EMA/[patient_id]/
2025-09-15 20:33:16 - [INFO] - ##   DICOM PROTECTION: Original DICOM files will NOT be modified
2025-09-15 20:33:16 - [INFO] - ##   OUTPUT ONLY: PNG/XML files for analysis results
2025-09-15 20:33:16 - [INFO] - ## 🎨 BACKGROUND PROCESSING: 3 files have background selections
2025-09-15 20:33:16 - [INFO] - ## Background conversion: White → Black (for model compatibility)
2025-09-15 20:33:16 - [INFO] - ## Processing workflow: Copy Original → PNG outputs → Segmentation → YOLO → Otsu → Classification → Quantification → Upload PNG
2025-09-15 20:33:16 - [INFO] - 
## Processing file 1/3: 1.dcm
2025-09-15 20:33:16 - [INFO] - 
=== Processing 1.dcm ===
2025-09-15 20:33:16 - [INFO] -   Patient ID: 1
2025-09-15 20:33:16 - [INFO] -   Study Date: 20250628
2025-09-15 20:33:16 - [INFO] -     Path structure validated: F:\projek dosen\prototype riset\hotspot-analyzer\data\PLANAR\EMA\1\20250628
2025-09-15 20:33:16 - [INFO] -  >> Copying ORIGINAL DICOM without modification...
2025-09-15 20:33:16 - [INFO] -   Copied ORIGINAL → F:\projek dosen\prototype riset\hotspot-analyzer\data\PLA...
2025-09-15 20:33:16 - [INFO] -  >> Loading ORIGINAL DICOM frames with view assignments...
2025-09-15 20:33:16 - [INFO] -   Frames detected: ['anterior', 'posterior']
2025-09-15 20:33:16 - [INFO] -   >> Processing background selections...
2025-09-15 20:33:16 - [INFO] -      Processing anterior with black background
2025-09-15 20:33:16 - [INFO] -   Keeping black background
2025-09-15 20:33:16 - [INFO] -        anterior background processed
2025-09-15 20:33:16 - [INFO] -      Processing posterior with black background
2025-09-15 20:33:16 - [INFO] -   Keeping black background
2025-09-15 20:33:16 - [INFO] -        posterior background processed
2025-09-15 20:33:16 - [INFO] -     Background processing completed
2025-09-15 20:33:16 - [INFO] -   >> Normalized 'anterior' → 'Anterior'
2025-09-15 20:33:16 - [INFO] -   >> Normalized 'posterior' → 'Posterior'
2025-09-15 20:33:16 - [INFO] -     Final views: ['Anterior', 'Posterior']
2025-09-15 20:33:16 - [INFO] -     Normalized views: ['Anterior', 'Posterior']
2025-09-15 20:33:16 - [INFO] -   >> Saving original frames for classification...
2025-09-15 20:33:16 - [INFO] -      Original frame saved: ant_original.png
2025-09-15 20:33:16 - [INFO] -      Original frame saved: post_original.png
2025-09-15 20:33:16 - [INFO] -   >> Generating segmentation masks and colored overlays...
2025-09-15 20:33:16 - [INFO] -   >> [1/2] Processing Anterior
2025-09-15 20:33:16 - [INFO] -      Segmenting bone mask...
2025-09-15 20:33:16 - [INFO] - [SAFE_INFERENCE] Running predict_bone_mask
2025-09-15 20:33:16 - [INFO] - [MEMORY] predict_bone_mask - Before: 426.0 MB
2025-09-15 20:33:16 - [INFO] - [INFO]  Starting bone mask segmentation...
2025-09-15 20:33:16 - [INFO] - [INFO]  Input image shape: (1024, 256), dtype: uint16
2025-09-15 20:33:16 - [INFO] - [INFO]  Preprocessing: resizing to (256, 1024)...
2025-09-15 20:33:16 - [INFO] - [INFO]  Preprocessing completed
2025-09-15 20:33:16 - [INFO] - [INFO]  Loading segmentation model...
2025-09-15 20:33:30 - [INFO] - [INFO]  Loading bone segmentation model...
2025-09-15 20:33:30 - [INFO] - [INFO]  Model path: F:\projek dosen\prototype riset\hotspot-analyzer\models\s...
2025-09-15 20:33:30 - [INFO] - [INFO]  CUDA available: False – using cpu
2025-09-15 20:33:30 - [INFO] - [INFO]  Primary predictor created successfully (Device: cpu)
2025-09-15 20:33:30 - [INFO] - [INFO]  Switching to CPU-only fallback configuration.
2025-09-15 20:33:30 - [INFO] - [INFO]  Initializing model from trained weights on device: cpu...
2025-09-15 20:33:32 - [DEBUG] - Loaded backend agg version v2.2.
2025-09-15 20:33:48 - [INFO] - [INFO]  Bone segmentation model loaded successfully
2025-09-15 20:33:48 - [INFO] - [INFO]  Performing bone segmentation inference...
2025-09-15 20:33:48 - [INFO] - [INFO]  Running sliding window inference...
2025-09-15 20:33:48 - [INFO] - [INFO]  Input image shape: (1024, 256)
2025-09-15 20:33:49 - [INFO] - [INFO]  Prediction completed, output shape: (1024, 256)
2025-09-15 20:33:49 - [INFO] - [INFO]  Segmentation completed in 33.53s
2025-09-15 20:33:49 - [INFO] - [INFO]  Output mask shape: (1024, 256)
2025-09-15 20:33:49 - [INFO] - [INFO]  Unique labels found: [0, 1, 2, 3, 4, 5, 6, 7, 8, 9, 10, 11, 12]
2025-09-15 20:33:49 - [INFO] - [INFO]  Returning raw segmentation mask
2025-09-15 20:33:49 - [INFO] - [MEMORY] predict_bone_mask - After: 1317.9 MB (diff: +891.9 MB)
2025-09-15 20:33:49 - [INFO] - [SAFE_INFERENCE] Completed predict_bone_mask
2025-09-15 20:33:49 - [INFO] - [SAFE_INFERENCE] Post-cleanup for predict_bone_mask
2025-09-15 20:33:49 - [INFO] - [CLEANUP] nnUNet cache cleared
2025-09-15 20:33:51 - [INFO] - No valid config parameter, using defaults: {'minimumROIDimensions': 2, 'minimumROISize': None, 'normalize': False, 'normalizeScale': 1, 'removeOutliers': None, 'resampledPixelSpacing': None, 'interpolator': 'sitkBSpline', 'preCrop': False, 'padDistance': 5, 'distances': [1], 'force2D': False, 'force2Ddimension': 0, 'resegmentRange': None, 'label': 1, 'additionalInfo': True}
2025-09-15 20:33:51 - [INFO] - Enabled image types: {'Original': {}}
2025-09-15 20:33:51 - [INFO] - Enabled features: {'firstorder': [], 'glcm': [], 'gldm': [], 'glrlm': [], 'glszm': [], 'ngtdm': [], 'shape': []}
2025-09-15 20:33:51 - [INFO] - [CLEANUP] Classification models cleared
2025-09-15 20:33:51 - [INFO] - [CLEANUP] Complete model cleanup finished
2025-09-15 20:33:51 - [INFO] -      Generating colored overlay...
2025-09-15 20:33:51 - [INFO] - [SAFE_INFERENCE] Running predict_bone_mask
2025-09-15 20:33:51 - [INFO] - [MEMORY] predict_bone_mask - Before: 1415.9 MB
2025-09-15 20:33:51 - [INFO] - [INFO]  Starting bone mask segmentation...
2025-09-15 20:33:51 - [INFO] - [INFO]  Input image shape: (1024, 256), dtype: uint16
2025-09-15 20:33:51 - [INFO] - [INFO]  Preprocessing: resizing to (256, 1024)...
2025-09-15 20:33:51 - [INFO] - [INFO]  Preprocessing completed
2025-09-15 20:33:51 - [INFO] - [INFO]  Loading segmentation model...
2025-09-15 20:33:51 - [INFO] - [INFO]  Loading bone segmentation model...
2025-09-15 20:33:51 - [INFO] - [INFO]  Model path: F:\projek dosen\prototype riset\hotspot-analyzer\models\s...
2025-09-15 20:33:51 - [INFO] - [INFO]  CUDA available: False – using cpu
2025-09-15 20:33:51 - [INFO] - [INFO]  Primary predictor created successfully (Device: cpu)
2025-09-15 20:33:51 - [INFO] - [INFO]  Switching to CPU-only fallback configuration.
2025-09-15 20:33:51 - [INFO] - [INFO]  Initializing model from trained weights on device: cpu...
2025-09-15 20:33:52 - [INFO] - [INFO]  Bone segmentation model loaded successfully
2025-09-15 20:33:52 - [INFO] - [INFO]  Performing bone segmentation inference...
2025-09-15 20:33:52 - [INFO] - [INFO]  Running sliding window inference...
2025-09-15 20:33:52 - [INFO] - [INFO]  Input image shape: (1024, 256)
2025-09-15 20:33:53 - [INFO] - [INFO]  Prediction completed, output shape: (1024, 256)
2025-09-15 20:33:53 - [INFO] - [INFO]  Segmentation completed in 2.02s
2025-09-15 20:33:53 - [INFO] - [INFO]  Output mask shape: (1024, 256)
2025-09-15 20:33:53 - [INFO] - [INFO]  Unique labels found: [0, 1, 2, 3, 4, 5, 6, 7, 8, 9, 10, 11, 12]
2025-09-15 20:33:53 - [INFO] - [INFO]  Converting mask to colored RGB image...
2025-09-15 20:33:53 - [INFO] - [INFO]  RGB conversion completed, shape: (1024, 256, 3)
2025-09-15 20:33:53 - [INFO] - [MEMORY] predict_bone_mask - After: 1446.7 MB (diff: +30.8 MB)
2025-09-15 20:33:53 - [INFO] - [SAFE_INFERENCE] Completed predict_bone_mask
2025-09-15 20:33:53 - [INFO] - [SAFE_INFERENCE] Post-cleanup for predict_bone_mask
2025-09-15 20:33:53 - [INFO] - [CLEANUP] nnUNet cache cleared
2025-09-15 20:33:53 - [INFO] - [CLEANUP] Classification models cleared
2025-09-15 20:33:53 - [INFO] - [CLEANUP] Complete model cleanup finished
2025-09-15 20:33:53 - [INFO] -      Segmentation completed for Anterior
2025-09-15 20:33:53 - [INFO] -        Saved: ant_mask.png, ant_segm.png
2025-09-15 20:33:53 - [INFO] -   >> [2/2] Processing Posterior
2025-09-15 20:33:53 - [INFO] -      Segmenting bone mask...
2025-09-15 20:33:53 - [INFO] - [SAFE_INFERENCE] Running predict_bone_mask
2025-09-15 20:33:53 - [INFO] - [MEMORY] predict_bone_mask - Before: 1446.9 MB
2025-09-15 20:33:53 - [INFO] - [INFO]  Starting bone mask segmentation...
2025-09-15 20:33:53 - [INFO] - [INFO]  Input image shape: (1024, 256), dtype: uint16
2025-09-15 20:33:53 - [INFO] - [INFO]  Preprocessing: resizing to (256, 1024)...
2025-09-15 20:33:53 - [INFO] - [INFO]  Preprocessing completed
2025-09-15 20:33:53 - [INFO] - [INFO]  Loading segmentation model...
2025-09-15 20:33:53 - [INFO] - [INFO]  Loading bone segmentation model...
2025-09-15 20:33:53 - [INFO] - [INFO]  Model path: F:\projek dosen\prototype riset\hotspot-analyzer\models\s...
2025-09-15 20:33:53 - [INFO] - [INFO]  CUDA available: False – using cpu
2025-09-15 20:33:53 - [INFO] - [INFO]  Primary predictor created successfully (Device: cpu)
2025-09-15 20:33:53 - [INFO] - [INFO]  Switching to CPU-only fallback configuration.
2025-09-15 20:33:53 - [INFO] - [INFO]  Initializing model from trained weights on device: cpu...
2025-09-15 20:33:54 - [INFO] - [INFO]  Bone segmentation model loaded successfully
2025-09-15 20:33:54 - [INFO] - [INFO]  Performing bone segmentation inference...
2025-09-15 20:33:54 - [INFO] - [INFO]  Running sliding window inference...
2025-09-15 20:33:54 - [INFO] - [INFO]  Input image shape: (1024, 256)
2025-09-15 20:33:55 - [INFO] - [INFO]  Prediction completed, output shape: (1024, 256)
2025-09-15 20:33:55 - [INFO] - [INFO]  Segmentation completed in 1.83s
2025-09-15 20:33:55 - [INFO] - [INFO]  Output mask shape: (1024, 256)
2025-09-15 20:33:55 - [INFO] - [INFO]  Unique labels found: [0, 1, 2, 3, 4, 6, 7, 8, 9, 10, 11, 12]
2025-09-15 20:33:55 - [INFO] - [INFO]  Returning raw segmentation mask
2025-09-15 20:33:55 - [INFO] - [MEMORY] predict_bone_mask - After: 1446.1 MB (diff: -0.8 MB)
2025-09-15 20:33:55 - [INFO] - [SAFE_INFERENCE] Completed predict_bone_mask
2025-09-15 20:33:55 - [INFO] - [SAFE_INFERENCE] Post-cleanup for predict_bone_mask
2025-09-15 20:33:55 - [INFO] - [CLEANUP] nnUNet cache cleared
2025-09-15 20:33:55 - [INFO] - [CLEANUP] Classification models cleared
2025-09-15 20:33:55 - [INFO] - [CLEANUP] Complete model cleanup finished
2025-09-15 20:33:55 - [INFO] -      Generating colored overlay...
2025-09-15 20:33:55 - [INFO] - [SAFE_INFERENCE] Running predict_bone_mask
2025-09-15 20:33:55 - [INFO] - [MEMORY] predict_bone_mask - Before: 1446.1 MB
2025-09-15 20:33:55 - [INFO] - [INFO]  Starting bone mask segmentation...
2025-09-15 20:33:55 - [INFO] - [INFO]  Input image shape: (1024, 256), dtype: uint16
2025-09-15 20:33:55 - [INFO] - [INFO]  Preprocessing: resizing to (256, 1024)...
2025-09-15 20:33:55 - [INFO] - [INFO]  Preprocessing completed
2025-09-15 20:33:55 - [INFO] - [INFO]  Loading segmentation model...
2025-09-15 20:33:55 - [INFO] - [INFO]  Loading bone segmentation model...
2025-09-15 20:33:55 - [INFO] - [INFO]  Model path: F:\projek dosen\prototype riset\hotspot-analyzer\models\s...
2025-09-15 20:33:55 - [INFO] - [INFO]  CUDA available: False – using cpu
2025-09-15 20:33:55 - [INFO] - [INFO]  Primary predictor created successfully (Device: cpu)
2025-09-15 20:33:55 - [INFO] - [INFO]  Switching to CPU-only fallback configuration.
2025-09-15 20:33:55 - [INFO] - [INFO]  Initializing model from trained weights on device: cpu...
2025-09-15 20:33:56 - [INFO] - [INFO]  Bone segmentation model loaded successfully
2025-09-15 20:33:56 - [INFO] - [INFO]  Performing bone segmentation inference...
2025-09-15 20:33:56 - [INFO] - [INFO]  Running sliding window inference...
2025-09-15 20:33:56 - [INFO] - [INFO]  Input image shape: (1024, 256)
2025-09-15 20:33:57 - [INFO] - [INFO]  Prediction completed, output shape: (1024, 256)
2025-09-15 20:33:57 - [INFO] - [INFO]  Segmentation completed in 1.79s
2025-09-15 20:33:57 - [INFO] - [INFO]  Output mask shape: (1024, 256)
2025-09-15 20:33:57 - [INFO] - [INFO]  Unique labels found: [0, 1, 2, 3, 4, 6, 7, 8, 9, 10, 11, 12]
2025-09-15 20:33:57 - [INFO] - [INFO]  Converting mask to colored RGB image...
2025-09-15 20:33:57 - [INFO] - [INFO]  RGB conversion completed, shape: (1024, 256, 3)
2025-09-15 20:33:57 - [INFO] - [MEMORY] predict_bone_mask - After: 1458.1 MB (diff: +12.0 MB)
2025-09-15 20:33:57 - [INFO] - [SAFE_INFERENCE] Completed predict_bone_mask
2025-09-15 20:33:57 - [INFO] - [SAFE_INFERENCE] Post-cleanup for predict_bone_mask
2025-09-15 20:33:57 - [INFO] - [CLEANUP] nnUNet cache cleared
2025-09-15 20:33:57 - [INFO] - [CLEANUP] Classification models cleared
2025-09-15 20:33:57 - [INFO] - [CLEANUP] Complete model cleanup finished
2025-09-15 20:33:57 - [INFO] -      Segmentation completed for Posterior
2025-09-15 20:33:57 - [INFO] -        Saved: post_mask.png, post_segm.png
2025-09-15 20:33:57 - [INFO] -   >> Running YOLO hotspot detection...
2025-09-15 20:33:57 - [INFO] - [SAFE_INFERENCE] Running run_yolo_detection_wrapper
2025-09-15 20:33:57 - [INFO] - [MEMORY] run_yolo_detection_wrapper - Before: 1458.3 MB
2025-09-15 20:33:57 - [INFO] - [YOLO WRAPPER] Starting YOLO detection for 1
2025-09-15 20:33:57 - [INFO] - [YOLO WRAPPER] Model path: F:\projek dosen\prototype riset\hotspot-analyzer\models\hotspot_detection\models\model_detection_hs_yolov8.pt
2025-09-15 20:33:57 - [INFO] - [YOLO WRAPPER] DICOM path: F:\projek dosen\prototype riset\hotspot-analyzer\data\PLANAR\EMA\1\20250628\1.dcm
2025-09-15 20:33:57 - [INFO] - [SAFE_INFERENCE] Running run_yolo_detection_for_patient
2025-09-15 20:33:57 - [INFO] - [MEMORY] run_yolo_detection_for_patient - Before: 1458.4 MB
2025-09-15 20:33:57 - [INFO] - [YOLO WRAPPER] Starting detection for patient 1
2025-09-15 20:33:57 - [INFO] - [YOLO WRAPPER] DICOM file: F:\projek dosen\prototype riset\hotspot-analyzer\data\PLANAR\EMA\1\20250628\1.dcm
2025-09-15 20:33:57 - [INFO] - [YOLO] FORCING model load - application requires YOLO functionality
2025-09-15 20:33:57 - [INFO] - [YOLO WRAPPER] Extracted session from path: EMA
2025-09-15 20:33:57 - [INFO] - [DETECTION] Processing DICOM: F:\projek dosen\prototype riset\hotspot-analyzer\data\PLANAR\EMA\1\20250628\1.dcm
2025-09-15 20:33:57 - [INFO] - [DETECTION] FORCED YOLO execution - application requires this functionality
2025-09-15 20:33:57 - [INFO] - [DETECTION] Patient: 1, Session: EMA, Study Date: 20250628
2025-09-15 20:33:57 - [INFO] - [DETECTION] Loaded 2 frames: ['anterior', 'posterior']
2025-09-15 20:33:57 - [INFO] - [DETECTION] Processing view: anterior -> anterior
2025-09-15 20:33:57 - [INFO] - [HOTSPOT FILES] Final selection for ant:
2025-09-15 20:33:57 - [INFO] - [HOTSPOT FILES]   yolo_xml: F:\projek dosen\prototype riset\hotspot-analyzer\data\PLANAR\EMA\1\20250628\ant_hotspot_yolo.xml (exists: False, type: original)
2025-09-15 20:33:57 - [INFO] - [HOTSPOT FILES]   otsu_colored: F:\projek dosen\prototype riset\hotspot-analyzer\data\PLANAR\EMA\1\20250628\ant_hotspot_otsu_colored.png (exists: False, type: original)
2025-09-15 20:33:57 - [INFO] - [HOTSPOT FILES]   otsu_colored_blend: F:\projek dosen\prototype riset\hotspot-analyzer\data\PLANAR\EMA\1\20250628\ant_hotspot_otsu_colored_blend.png (exists: False, type: original)
2025-09-15 20:33:57 - [INFO] - [HOTSPOT FILES]   otsu_grayscale: F:\projek dosen\prototype riset\hotspot-analyzer\data\PLANAR\EMA\1\20250628\ant_hotspot_otsu_grayscale.png (exists: False, type: original)
2025-09-15 20:33:57 - [INFO] - [HOTSPOT FILES]   classification_xml: F:\projek dosen\prototype riset\hotspot-analyzer\data\PLANAR\EMA\1\20250628\ant_hotspot_classification.xml (exists: False, type: original)
2025-09-15 20:33:57 - [INFO] - [HOTSPOT FILES]   classification_png: F:\projek dosen\prototype riset\hotspot-analyzer\data\PLANAR\EMA\1\20250628\ant_hotspot_classification.png (exists: False, type: original)
2025-09-15 20:33:57 - [INFO] - [DETECTION] Running YOLO on anterior view...
2025-09-15 20:33:57 - [INFO] - [YOLO] FORCING model load - application critical functionality
2025-09-15 20:33:57 - [INFO] - [YOLO] Loading model on-demand (FORCED, thread-safe)...
2025-09-15 20:33:57 - [INFO] - [YOLO] FORCING model initialization - critical for application
2025-09-15 20:33:57 - [INFO] - [YOLO] Attempting to load model from: F:\projek dosen\prototype riset\hotspot-analyzer\models\hotspot_detection\models\model_detection_hs_yolov8.pt
2025-09-15 20:33:57 - [INFO] - [YOLO] Model loaded successfully (FORCED CPU mode)
2025-09-15 20:33:57 - [INFO] - [DETECTION] Found 2 hotspots in anterior
2025-09-15 20:33:57 - [INFO] - [XML] Saved detection XML to: F:\projek dosen\prototype riset\hotspot-analyzer\data\PLANAR\EMA\1\20250628\ant_hotspot_yolo.xml
2025-09-15 20:33:57 - [INFO] - [DETECTION] Processing view: posterior -> posterior
2025-09-15 20:33:57 - [INFO] - [HOTSPOT FILES] Final selection for post:
2025-09-15 20:33:57 - [INFO] - [HOTSPOT FILES]   yolo_xml: F:\projek dosen\prototype riset\hotspot-analyzer\data\PLANAR\EMA\1\20250628\post_hotspot_yolo.xml (exists: False, type: original)
2025-09-15 20:33:57 - [INFO] - [HOTSPOT FILES]   otsu_colored: F:\projek dosen\prototype riset\hotspot-analyzer\data\PLANAR\EMA\1\20250628\post_hotspot_otsu_colored.png (exists: False, type: original)
2025-09-15 20:33:57 - [INFO] - [HOTSPOT FILES]   otsu_colored_blend: F:\projek dosen\prototype riset\hotspot-analyzer\data\PLANAR\EMA\1\20250628\post_hotspot_otsu_colored_blend.png (exists: False, type: original)
2025-09-15 20:33:57 - [INFO] - [HOTSPOT FILES]   otsu_grayscale: F:\projek dosen\prototype riset\hotspot-analyzer\data\PLANAR\EMA\1\20250628\post_hotspot_otsu_grayscale.png (exists: False, type: original)
2025-09-15 20:33:57 - [INFO] - [HOTSPOT FILES]   classification_xml: F:\projek dosen\prototype riset\hotspot-analyzer\data\PLANAR\EMA\1\20250628\post_hotspot_classification.xml (exists: False, type: original)
2025-09-15 20:33:57 - [INFO] - [HOTSPOT FILES]   classification_png: F:\projek dosen\prototype riset\hotspot-analyzer\data\PLANAR\EMA\1\20250628\post_hotspot_classification.png (exists: False, type: original)
2025-09-15 20:33:57 - [INFO] - [DETECTION] Running YOLO on posterior view...
2025-09-15 20:33:57 - [INFO] - [DETECTION] No detections found, creating empty XML for pipeline continuity
2025-09-15 20:33:57 - [INFO] - [DETECTION] No hotspots detected in posterior
2025-09-15 20:33:57 - [INFO] - [XML] Saved detection XML to: F:\projek dosen\prototype riset\hotspot-analyzer\data\PLANAR\EMA\1\20250628\post_hotspot_yolo.xml
2025-09-15 20:33:57 - [INFO] - [YOLO WRAPPER] Detection completed:
2025-09-15 20:33:57 - [INFO] -   Anterior: ✓
2025-09-15 20:33:57 - [INFO] -   Posterior: ✓
2025-09-15 20:33:57 - [INFO] - [MEMORY] run_yolo_detection_for_patient - After: 1486.6 MB (diff: +28.1 MB)
2025-09-15 20:33:57 - [INFO] - [SAFE_INFERENCE] Completed run_yolo_detection_for_patient
2025-09-15 20:33:57 - [INFO] - [SAFE_INFERENCE] Post-cleanup for run_yolo_detection_for_patient
2025-09-15 20:33:57 - [INFO] - [CLEANUP] YOLO model cleared
2025-09-15 20:33:57 - [INFO] - [CLEANUP] nnUNet cache cleared
2025-09-15 20:33:57 - [INFO] - [CLEANUP] Classification models cleared
2025-09-15 20:33:58 - [INFO] - [CLEANUP] Complete model cleanup finished
2025-09-15 20:33:58 - [INFO] - [YOLO WRAPPER] Detection completed with results: {'anterior': True, 'posterior': True}
2025-09-15 20:33:58 - [INFO] - [MEMORY] run_yolo_detection_wrapper - After: 1486.5 MB (diff: +28.2 MB)
2025-09-15 20:33:58 - [INFO] - [SAFE_INFERENCE] Completed run_yolo_detection_wrapper
2025-09-15 20:33:58 - [INFO] - [SAFE_INFERENCE] Post-cleanup for run_yolo_detection_wrapper
2025-09-15 20:33:58 - [INFO] - [CLEANUP] nnUNet cache cleared
2025-09-15 20:33:58 - [INFO] - [CLEANUP] Classification models cleared
2025-09-15 20:33:58 - [INFO] - [CLEANUP] Complete model cleanup finished
2025-09-15 20:33:58 - [INFO] -      YOLO detection completed - XML files created
2025-09-15 20:33:58 - [INFO] -   >> Running Otsu hotspot processing...
2025-09-15 20:33:58 - [INFO] - [SAFE_INFERENCE] Running run_hotspot_processing_in_process
2025-09-15 20:33:58 - [INFO] - [MEMORY] run_hotspot_processing_in_process - Before: 1486.5 MB
2025-09-15 20:33:58 - [INFO] - --- MENJALANKAN FUNGSI HOTSPOT DENGAN LOGIKA PENYIMPANAN FILE ---
2025-09-15 20:33:58 - [INFO] - [SESSION] Found session code from config: EMA
2025-09-15 20:33:58 - [INFO] - [DEBUG] Using session: EMA, patient: 1, study_date: 20250628
2025-09-15 20:33:58 - [INFO] - [DEBUG] Expected patient folder: F:\projek dosen\prototype riset\hotspot-analyzer\data\PLANAR\EMA\1\20250628
2025-09-15 20:33:58 - [INFO] - 
  [DEBUG PRIORITY GANTENG] ===================
2025-09-15 20:33:58 - [INFO] -   [DEBUG PRIORITY] Looking for: ant_hotspot_classification.png
2025-09-15 20:33:58 - [INFO] -   [DEBUG PRIORITY] In path: F:\projek dosen\prototype riset\hotspot-analyzer\data\PLANAR\EMA\1\20250628
2025-09-15 20:33:58 - [INFO] -   [DEBUG PRIORITY] Session code: None
2025-09-15 20:33:58 - [INFO] -   [DEBUG PRIORITY] Original file: F:\projek dosen\prototype riset\hotspot-analyzer\data\PLANAR\EMA\1\20250628\ant_hotspot_classification.png
2025-09-15 20:33:58 - [INFO] -   [DEBUG PRIORITY] Original exists: False
2025-09-15 20:33:58 - [INFO] -   [DEBUG PRIORITY] File is editable, checking for timestamp version...
2025-09-15 20:33:58 - [INFO] - 
  [DEBUG TIMESTAMP GANTENG] ===================
2025-09-15 20:33:58 - [INFO] -   [DEBUG TIMESTAMP] Looking for: ant_hotspot_classification.png
2025-09-15 20:33:58 - [INFO] -   [DEBUG TIMESTAMP] In folder: F:\projek dosen\prototype riset\hotspot-analyzer\data\PLANAR\EMA\1\20250628
2025-09-15 20:33:58 - [INFO] -   [DEBUG TIMESTAMP] Session code: None
2025-09-15 20:33:58 - [INFO] -   [DEBUG TIMESTAMP] Is editable: True
2025-09-15 20:33:58 - [INFO] -   [DEBUG TIMESTAMP] Folder contents:
2025-09-15 20:33:58 - [INFO] -   [DEBUG TIMESTAMP]   FILE: 1.dcm
2025-09-15 20:33:58 - [INFO] -   [DEBUG TIMESTAMP]   FILE: ant_hotspot_yolo.xml
2025-09-15 20:33:58 - [INFO] -   [DEBUG TIMESTAMP]   FILE: ant_mask.png
2025-09-15 20:33:58 - [INFO] -   [DEBUG TIMESTAMP]   FILE: ant_original.png
2025-09-15 20:33:58 - [INFO] -   [DEBUG TIMESTAMP]   FILE: ant_segm.png
2025-09-15 20:33:58 - [INFO] -   [DEBUG TIMESTAMP]   FILE: post_hotspot_yolo.xml
2025-09-15 20:33:58 - [INFO] -   [DEBUG TIMESTAMP]   FILE: post_mask.png
2025-09-15 20:33:58 - [INFO] -   [DEBUG TIMESTAMP]   FILE: post_original.png
2025-09-15 20:33:58 - [INFO] -   [DEBUG TIMESTAMP]   FILE: post_segm.png
2025-09-15 20:33:58 - [INFO] -   [DEBUG TIMESTAMP] Running get_latest_timestamp_file...
2025-09-15 20:33:58 - [INFO] -   [DEBUG TIMESTAMP] Result: None
2025-09-15 20:33:58 - [INFO] -   [DEBUG PRIORITY]  No edited version found
2025-09-15 20:33:58 - [INFO] -   [DEBUG PRIORITY]  No file found at all
2025-09-15 20:33:58 - [INFO] - [PRIORITY] Using original PNG: F:\projek dosen\prototype riset\hotspot-analyzer\data\PLANAR\EMA\1\20250628\ant_hotspot_classification.png
2025-09-15 20:33:58 - [INFO] - [HOTSPOT FILES] Final selection for ant:
2025-09-15 20:33:58 - [INFO] - [HOTSPOT FILES]   yolo_xml: F:\projek dosen\prototype riset\hotspot-analyzer\data\PLANAR\EMA\1\20250628\ant_hotspot_yolo.xml (exists: True, type: original)
2025-09-15 20:33:58 - [INFO] - [HOTSPOT FILES]   otsu_colored: F:\projek dosen\prototype riset\hotspot-analyzer\data\PLANAR\EMA\1\20250628\ant_hotspot_otsu_colored.png (exists: False, type: original)
2025-09-15 20:33:58 - [INFO] - [HOTSPOT FILES]   otsu_colored_blend: F:\projek dosen\prototype riset\hotspot-analyzer\data\PLANAR\EMA\1\20250628\ant_hotspot_otsu_colored_blend.png (exists: False, type: original)
2025-09-15 20:33:58 - [INFO] - [HOTSPOT FILES]   otsu_grayscale: F:\projek dosen\prototype riset\hotspot-analyzer\data\PLANAR\EMA\1\20250628\ant_hotspot_otsu_grayscale.png (exists: False, type: original)
2025-09-15 20:33:58 - [INFO] - [HOTSPOT FILES]   classification_xml: F:\projek dosen\prototype riset\hotspot-analyzer\data\PLANAR\EMA\1\20250628\ant_hotspot_classification.xml (exists: False, type: original)
2025-09-15 20:33:58 - [INFO] - [HOTSPOT FILES]   classification_png: F:\projek dosen\prototype riset\hotspot-analyzer\data\PLANAR\EMA\1\20250628\ant_hotspot_classification.png (exists: False, type: original)
2025-09-15 20:33:58 - [INFO] - 
  [DEBUG PRIORITY GANTENG] ===================
2025-09-15 20:33:58 - [INFO] -   [DEBUG PRIORITY] Looking for: post_hotspot_classification.png
2025-09-15 20:33:58 - [INFO] -   [DEBUG PRIORITY] In path: F:\projek dosen\prototype riset\hotspot-analyzer\data\PLANAR\EMA\1\20250628
2025-09-15 20:33:58 - [INFO] -   [DEBUG PRIORITY] Session code: None
2025-09-15 20:33:58 - [INFO] -   [DEBUG PRIORITY] Original file: F:\projek dosen\prototype riset\hotspot-analyzer\data\PLANAR\EMA\1\20250628\post_hotspot_classification.png
2025-09-15 20:33:58 - [INFO] -   [DEBUG PRIORITY] Original exists: False
2025-09-15 20:33:58 - [INFO] -   [DEBUG PRIORITY] File is editable, checking for timestamp version...
2025-09-15 20:33:58 - [INFO] - 
  [DEBUG TIMESTAMP GANTENG] ===================
2025-09-15 20:33:58 - [INFO] -   [DEBUG TIMESTAMP] Looking for: post_hotspot_classification.png
2025-09-15 20:33:58 - [INFO] -   [DEBUG TIMESTAMP] In folder: F:\projek dosen\prototype riset\hotspot-analyzer\data\PLANAR\EMA\1\20250628
2025-09-15 20:33:58 - [INFO] -   [DEBUG TIMESTAMP] Session code: None
2025-09-15 20:33:58 - [INFO] -   [DEBUG TIMESTAMP] Is editable: True
2025-09-15 20:33:58 - [INFO] -   [DEBUG TIMESTAMP] Folder contents:
2025-09-15 20:33:58 - [INFO] -   [DEBUG TIMESTAMP]   FILE: 1.dcm
2025-09-15 20:33:58 - [INFO] -   [DEBUG TIMESTAMP]   FILE: ant_hotspot_yolo.xml
2025-09-15 20:33:58 - [INFO] -   [DEBUG TIMESTAMP]   FILE: ant_mask.png
2025-09-15 20:33:58 - [INFO] -   [DEBUG TIMESTAMP]   FILE: ant_original.png
2025-09-15 20:33:58 - [INFO] -   [DEBUG TIMESTAMP]   FILE: ant_segm.png
2025-09-15 20:33:58 - [INFO] -   [DEBUG TIMESTAMP]   FILE: post_hotspot_yolo.xml
2025-09-15 20:33:58 - [INFO] -   [DEBUG TIMESTAMP]   FILE: post_mask.png
2025-09-15 20:33:58 - [INFO] -   [DEBUG TIMESTAMP]   FILE: post_original.png
2025-09-15 20:33:58 - [INFO] -   [DEBUG TIMESTAMP]   FILE: post_segm.png
2025-09-15 20:33:58 - [INFO] -   [DEBUG TIMESTAMP] Running get_latest_timestamp_file...
2025-09-15 20:33:58 - [INFO] -   [DEBUG TIMESTAMP] Result: None
2025-09-15 20:33:58 - [INFO] -   [DEBUG PRIORITY]  No edited version found
2025-09-15 20:33:58 - [INFO] -   [DEBUG PRIORITY]  No file found at all
2025-09-15 20:33:58 - [INFO] - [PRIORITY] Using original PNG: F:\projek dosen\prototype riset\hotspot-analyzer\data\PLANAR\EMA\1\20250628\post_hotspot_classification.png
2025-09-15 20:33:58 - [INFO] - [HOTSPOT FILES] Final selection for post:
2025-09-15 20:33:58 - [INFO] - [HOTSPOT FILES]   yolo_xml: F:\projek dosen\prototype riset\hotspot-analyzer\data\PLANAR\EMA\1\20250628\post_hotspot_yolo.xml (exists: True, type: original)
2025-09-15 20:33:58 - [INFO] - [HOTSPOT FILES]   otsu_colored: F:\projek dosen\prototype riset\hotspot-analyzer\data\PLANAR\EMA\1\20250628\post_hotspot_otsu_colored.png (exists: False, type: original)
2025-09-15 20:33:58 - [INFO] - [HOTSPOT FILES]   otsu_colored_blend: F:\projek dosen\prototype riset\hotspot-analyzer\data\PLANAR\EMA\1\20250628\post_hotspot_otsu_colored_blend.png (exists: False, type: original)
2025-09-15 20:33:58 - [INFO] - [HOTSPOT FILES]   otsu_grayscale: F:\projek dosen\prototype riset\hotspot-analyzer\data\PLANAR\EMA\1\20250628\post_hotspot_otsu_grayscale.png (exists: False, type: original)
2025-09-15 20:33:58 - [INFO] - [HOTSPOT FILES]   classification_xml: F:\projek dosen\prototype riset\hotspot-analyzer\data\PLANAR\EMA\1\20250628\post_hotspot_classification.xml (exists: False, type: original)
2025-09-15 20:33:58 - [INFO] - [HOTSPOT FILES]   classification_png: F:\projek dosen\prototype riset\hotspot-analyzer\data\PLANAR\EMA\1\20250628\post_hotspot_classification.png (exists: False, type: original)
2025-09-15 20:33:58 - [INFO] - [DEBUG] Processing anterior with XML: F:\projek dosen\prototype riset\hotspot-analyzer\data\PLANAR\EMA\1\20250628\ant_hotspot_yolo.xml
2025-09-15 20:33:58 - [INFO] - [DEBUG] Processing frame with study_date: 20250628
2025-09-15 20:33:58 - [INFO] - [SESSION] Found session code from config: EMA
2025-09-15 20:33:58 - [DEBUG] - STREAM b'IHDR' 16 13
2025-09-15 20:33:58 - [DEBUG] - STREAM b'IDAT' 41 65536
2025-09-15 20:33:58 - [DEBUG] - STREAM b'IHDR' 16 13
2025-09-15 20:33:58 - [DEBUG] - STREAM b'IDAT' 41 65536
2025-09-15 20:33:58 - [DEBUG] - STREAM b'IHDR' 16 13
2025-09-15 20:33:58 - [DEBUG] - STREAM b'IDAT' 41 65536
2025-09-15 20:33:58 - [INFO] - [HOTSPOT FILES] Final selection for ant:
2025-09-15 20:33:58 - [INFO] - [HOTSPOT FILES]   yolo_xml: F:\projek dosen\prototype riset\hotspot-analyzer\data\PLANAR\EMA\1\20250628\ant_hotspot_yolo.xml (exists: True, type: original)
2025-09-15 20:33:58 - [INFO] - [HOTSPOT FILES]   otsu_colored: F:\projek dosen\prototype riset\hotspot-analyzer\data\PLANAR\EMA\1\20250628\ant_hotspot_otsu_colored.png (exists: False, type: original)
2025-09-15 20:33:58 - [INFO] - [HOTSPOT FILES]   otsu_colored_blend: F:\projek dosen\prototype riset\hotspot-analyzer\data\PLANAR\EMA\1\20250628\ant_hotspot_otsu_colored_blend.png (exists: False, type: original)
2025-09-15 20:33:58 - [INFO] - [HOTSPOT FILES]   otsu_grayscale: F:\projek dosen\prototype riset\hotspot-analyzer\data\PLANAR\EMA\1\20250628\ant_hotspot_otsu_grayscale.png (exists: False, type: original)
2025-09-15 20:33:58 - [INFO] - [HOTSPOT FILES]   classification_xml: F:\projek dosen\prototype riset\hotspot-analyzer\data\PLANAR\EMA\1\20250628\ant_hotspot_classification.xml (exists: False, type: original)
2025-09-15 20:33:58 - [INFO] - [HOTSPOT FILES]   classification_png: F:\projek dosen\prototype riset\hotspot-analyzer\data\PLANAR\EMA\1\20250628\ant_hotspot_classification.png (exists: False, type: original)
2025-09-15 20:33:58 - [INFO] - Blended hotspot image saved: F:\projek dosen\prototype riset\hotspot-analyzer\data\PLANAR\EMA\1\20250628\ant_hotspot_otsu_colored_blend.png
2025-09-15 20:33:58 - [INFO] - Pure hotspot image saved: F:\projek dosen\prototype riset\hotspot-analyzer\data\PLANAR\EMA\1\20250628\ant_hotspot_otsu_colored.png
2025-09-15 20:33:58 - [INFO] - Hotspot mask saved: F:\projek dosen\prototype riset\hotspot-analyzer\data\PLANAR\EMA\1\20250628\ant_hotspot_otsu_grayscale.png
2025-09-15 20:33:58 - [INFO] - [PROCESS] Anterior hotspot processing completed
2025-09-15 20:33:58 - [INFO] - [DEBUG] Processing posterior with XML: F:\projek dosen\prototype riset\hotspot-analyzer\data\PLANAR\EMA\1\20250628\post_hotspot_yolo.xml
2025-09-15 20:33:58 - [INFO] - [PROCESS] Posterior processing failed, using original frame
2025-09-15 20:33:58 - [INFO] - [PROCESS] Hotspot processing completed for 1.dcm
2025-09-15 20:33:58 - [INFO] - [MEMORY] run_hotspot_processing_in_process - After: 1493.2 MB (diff: +6.7 MB)
2025-09-15 20:33:58 - [INFO] - [SAFE_INFERENCE] Completed run_hotspot_processing_in_process
2025-09-15 20:33:58 - [INFO] - [SAFE_INFERENCE] Post-cleanup for run_hotspot_processing_in_process
2025-09-15 20:33:58 - [INFO] - [CLEANUP] nnUNet cache cleared
2025-09-15 20:33:58 - [INFO] - [CLEANUP] Classification models cleared
2025-09-15 20:33:58 - [INFO] - [CLEANUP] Complete model cleanup finished
2025-09-15 20:33:58 - [INFO] -      Otsu processing completed - hotspot PNG files created
2025-09-15 20:33:58 - [INFO] -   >> Running hotspot classification inference...
2025-09-15 20:33:58 - [INFO] - [HOTSPOT FILES] Final selection for ant:
2025-09-15 20:33:58 - [INFO] - [HOTSPOT FILES]   yolo_xml: F:\projek dosen\prototype riset\hotspot-analyzer\data\PLANAR\EMA\1\20250628\ant_hotspot_yolo.xml (exists: True, type: original)
2025-09-15 20:33:58 - [INFO] - [HOTSPOT FILES]   otsu_colored: F:\projek dosen\prototype riset\hotspot-analyzer\data\PLANAR\EMA\1\20250628\ant_hotspot_otsu_colored.png (exists: True, type: original)
2025-09-15 20:33:58 - [INFO] - [HOTSPOT FILES]   otsu_colored_blend: F:\projek dosen\prototype riset\hotspot-analyzer\data\PLANAR\EMA\1\20250628\ant_hotspot_otsu_colored_blend.png (exists: True, type: original)
2025-09-15 20:33:58 - [INFO] - [HOTSPOT FILES]   otsu_grayscale: F:\projek dosen\prototype riset\hotspot-analyzer\data\PLANAR\EMA\1\20250628\ant_hotspot_otsu_grayscale.png (exists: True, type: original)
2025-09-15 20:33:58 - [INFO] - [HOTSPOT FILES]   classification_xml: F:\projek dosen\prototype riset\hotspot-analyzer\data\PLANAR\EMA\1\20250628\ant_hotspot_classification.xml (exists: False, type: original)
2025-09-15 20:33:58 - [INFO] - [HOTSPOT FILES]   classification_png: F:\projek dosen\prototype riset\hotspot-analyzer\data\PLANAR\EMA\1\20250628\ant_hotspot_classification.png (exists: False, type: original)
2025-09-15 20:33:58 - [INFO] - [HOTSPOT FILES] Final selection for post:
2025-09-15 20:33:58 - [INFO] - [HOTSPOT FILES]   yolo_xml: F:\projek dosen\prototype riset\hotspot-analyzer\data\PLANAR\EMA\1\20250628\post_hotspot_yolo.xml (exists: True, type: original)
2025-09-15 20:33:58 - [INFO] - [HOTSPOT FILES]   otsu_colored: F:\projek dosen\prototype riset\hotspot-analyzer\data\PLANAR\EMA\1\20250628\post_hotspot_otsu_colored.png (exists: False, type: original)
2025-09-15 20:33:58 - [INFO] - [HOTSPOT FILES]   otsu_colored_blend: F:\projek dosen\prototype riset\hotspot-analyzer\data\PLANAR\EMA\1\20250628\post_hotspot_otsu_colored_blend.png (exists: False, type: original)
2025-09-15 20:33:58 - [INFO] - [HOTSPOT FILES]   otsu_grayscale: F:\projek dosen\prototype riset\hotspot-analyzer\data\PLANAR\EMA\1\20250628\post_hotspot_otsu_grayscale.png (exists: False, type: original)
2025-09-15 20:33:58 - [INFO] - [HOTSPOT FILES]   classification_xml: F:\projek dosen\prototype riset\hotspot-analyzer\data\PLANAR\EMA\1\20250628\post_hotspot_classification.xml (exists: False, type: original)
2025-09-15 20:33:58 - [INFO] - [HOTSPOT FILES]   classification_png: F:\projek dosen\prototype riset\hotspot-analyzer\data\PLANAR\EMA\1\20250628\post_hotspot_classification.png (exists: False, type: original)
2025-09-15 20:33:58 - [INFO] -      Mapped: ant_original.png -> 1_20250628_anterior_original.png
2025-09-15 20:33:58 - [INFO] -      Mapped: post_original.png -> 1_20250628_posterior_original.png
2025-09-15 20:33:58 - [INFO] -      Mapped: ant_segm.png -> 1_20250628_anterior_colored.png
2025-09-15 20:33:58 - [INFO] -      Mapped: post_segm.png -> 1_20250628_posterior_colored.png
2025-09-15 20:33:58 - [INFO] -      Mapped: ant_hotspot_otsu_grayscale.png -> 1_20250628_ant_hotspot_mask.png
2025-09-15 20:33:58 - [INFO] -      Missing: F:\projek dosen\prototype riset\hotspot-analyzer\data\PLANAR\EMA\1\20250628\post_hotspot_otsu_grayscale.png -> 1_20250628_post_hotspot_mask.png
2025-09-15 20:33:58 - [INFO] -      Mapped: ant_hotspot_yolo.xml -> 1_20250628_ant.xml
2025-09-15 20:33:58 - [INFO] -      Mapped: post_hotspot_yolo.xml -> 1_20250628_post.xml
2025-09-15 20:33:58 - [INFO] -      Successfully mapped 7 files for classification
2025-09-15 20:33:58 - [INFO] -      Running classification in temp directory: F:\projek dosen\prototype riset\hotspot-analyzer\data\PLANAR\EMA\1\20250628\temp_classification
2025-09-15 20:33:58 - [INFO] - [SAFE_INFERENCE] Running run_classification_for_patient
2025-09-15 20:33:58 - [INFO] - [MEMORY] run_classification_for_patient - Before: 1481.2 MB
2025-09-15 20:33:58 - [INFO] - [CLASSIFICATION] Starting classification for patient 1
2025-09-15 20:33:58 - [INFO] - [SESSION] Found session code from config: EMA
2025-09-15 20:33:58 - [INFO] - [CLASSIFICATION] Using session: EMA
2025-09-15 20:33:58 - [INFO] - >>>>>> [BUKTI] MEMUAT classification_wrapper.py VERSI TERBARU <<<<<<
2025-09-15 20:33:58 - [INFO] -      Starting classification for patient 1
2025-09-15 20:33:58 - [INFO] -      Study date: 20250628
2025-09-15 20:33:58 - [INFO] -      Session: 1
2025-09-15 20:33:58 - [INFO] -      Grayscale conversion: Enabled
2025-09-15 20:33:58 - [INFO] -      Processing anterior view with grayscale conversion...
2025-09-15 20:33:58 - [INFO] -        Found raw_original: 1_20250628_anterior_original.png
2025-09-15 20:33:58 - [INFO] -        Found region_mask: 1_20250628_anterior_colored.png
2025-09-15 20:33:58 - [INFO] -        Found hotspot_mask: 1_20250628_ant_hotspot_mask.png
2025-09-15 20:33:58 - [INFO] -        Found xml_file: 1_20250628_ant.xml
2025-09-15 20:33:58 - [INFO] - [DEBUG] Starting classification inference with automatic conversion
2025-09-15 20:33:58 - [INFO] - [DEBUG] Raw PNG path: 1_20250628_anterior_original.png
2025-09-15 20:33:58 - [INFO] - [DEBUG] Segment path: 1_20250628_anterior_colored.png
2025-09-15 20:33:58 - [INFO] - [DEBUG] Hotspot path: 1_20250628_ant_hotspot_mask.png
2025-09-15 20:33:58 - [INFO] - [DEBUG] XML path: 1_20250628_ant.xml
2025-09-15 20:33:58 - [INFO] - [DEBUG] Raw PNG file exists: 73305 bytes
2025-09-15 20:33:58 - [INFO] - [DEBUG] Segment file exists: 6393 bytes
2025-09-15 20:33:58 - [INFO] - [DEBUG] Hotspot file exists: 472 bytes
2025-09-15 20:33:58 - [INFO] - [DEBUG] XML file exists: 978 bytes
2025-09-15 20:33:58 - [INFO] - [DEBUG] Python path setup completed
2025-09-15 20:33:58 - [INFO] - No valid config parameter, using defaults: {'minimumROIDimensions': 2, 'minimumROISize': None, 'normalize': False, 'normalizeScale': 1, 'removeOutliers': None, 'resampledPixelSpacing': None, 'interpolator': 'sitkBSpline', 'preCrop': False, 'padDistance': 5, 'distances': [1], 'force2D': False, 'force2Ddimension': 0, 'resegmentRange': None, 'label': 1, 'additionalInfo': True}
2025-09-15 20:33:58 - [INFO] - Enabled image types: {'Original': {}}
2025-09-15 20:33:58 - [INFO] - Enabled features: {'firstorder': [], 'glcm': [], 'gldm': [], 'glrlm': [], 'glszm': [], 'ngtdm': [], 'shape': []}
2025-09-15 20:33:58 - [INFO] - [DEBUG] Module imported successfully
2025-09-15 20:33:58 - [INFO] - [DEBUG] Model paths updated
2025-09-15 20:33:58 - [INFO] - [DEBUG] Models loaded successfully
2025-09-15 20:33:58 - [INFO] - [DEBUG] Loaded 2 bounding boxes from XML
2025-09-15 20:33:58 - [INFO] - [DEBUG] Bbox 0: {'label': 'Normal', 'bbox': [125, 535, 136, 548], 'xmin': 125, 'ymin': 535, 'xmax': 136, 'ymax': 548}
2025-09-15 20:33:58 - [INFO] - [DEBUG] Bbox 1: {'label': 'Normal', 'bbox': [75, 704, 93, 724], 'xmin': 75, 'ymin': 704, 'xmax': 93, 'ymax': 724}
2025-09-15 20:33:58 - [INFO] - [DEBUG] Image loading test:
2025-09-15 20:33:58 - [INFO] -   Raw: (1024, 256, 1)
2025-09-15 20:33:58 - [INFO] -   Segment: (1024, 256, 3) (colored: True)
2025-09-15 20:33:58 - [INFO] -   Hotspot: (1024, 256, 1)
2025-09-15 20:33:58 - [INFO] - [DEBUG] Starting inference_classification with automatic colored-to-grayscale conversion...
2025-09-15 20:33:58 - [INFO] - [DEBUG] Conversion will create: 1_20250628_anterior_colored_grayscaledSegmentation.png if needed
2025-09-15 20:33:58 - [INFO] - [INFERENCE DEBUG] Starting inference with automatic conversion
2025-09-15 20:33:58 - [INFO] - [INFERENCE DEBUG] Input paths:
2025-09-15 20:33:58 - [INFO] -   Raw: 1_20250628_anterior_original.png
2025-09-15 20:33:58 - [INFO] -   Segment: 1_20250628_anterior_colored.png
2025-09-15 20:33:58 - [INFO] -   Hotspot: 1_20250628_ant_hotspot_mask.png
2025-09-15 20:33:58 - [INFO] -   XML: 2
2025-09-15 20:33:58 - [INFO] - [DEBUG] Checking segmentation: 1_20250628_anterior_colored.png
2025-09-15 20:33:58 - [INFO] - [DEBUG] Detected colored segmentation, converting to grayscale...
2025-09-15 20:33:58 - [INFO] - [DEBUG] Converting colored to grayscale and saving...
2025-09-15 20:33:58 - [DEBUG] - STREAM b'IHDR' 16 13
2025-09-15 20:33:58 - [DEBUG] - STREAM b'IDAT' 41 6336
2025-09-15 20:33:58 - [INFO] - [DEBUG] Saved grayscale segmentation: 1_20250628_anterior_colored_grayscaledSegmentation.png
2025-09-15 20:33:58 - [INFO] - [INFERENCE DEBUG] Using segmentation: 1_20250628_anterior_colored_grayscaledSegmentation.png
2025-09-15 20:33:58 - [INFO] - [INFERENCE DEBUG] Images loaded:
2025-09-15 20:33:58 - [INFO] -   Raw: (1024, 256)
2025-09-15 20:33:58 - [INFO] -   Segment: (1024, 256)
2025-09-15 20:33:58 - [INFO] -   Hotspot: (1024, 256)
2025-09-15 20:33:58 - [INFO] - [INFERENCE DEBUG] Loaded 2 bounding boxes
2025-09-15 20:33:58 - [INFO] - [INFERENCE DEBUG] Processing bbox 0: {'label': 'Normal', 'bbox': [125, 535, 136, 548], 'xmin': 125, 'ymin': 535, 'xmax': 136, 'ymax': 548}
2025-09-15 20:33:58 - [INFO] - [SEGMENT MAPPING] ID 0 → background
2025-09-15 20:33:58 - [INFO] - [INFERENCE DEBUG] Feature extraction failed for bbox 0
2025-09-15 20:33:58 - [INFO] - [INFERENCE DEBUG] Processing bbox 1: {'label': 'Normal', 'bbox': [75, 704, 93, 724], 'xmin': 75, 'ymin': 704, 'xmax': 93, 'ymax': 724}
2025-09-15 20:33:58 - [INFO] - [SEGMENT MAPPING] ID 0 → background
2025-09-15 20:33:58 - [INFO] - [INFERENCE DEBUG] Feature extraction failed for bbox 1
2025-09-15 20:33:58 - [INFO] - [INFERENCE DEBUG] No valid features extracted
2025-09-15 20:33:58 - [INFO] - [DEBUG] Classification completed
2025-09-15 20:33:58 - [INFO] - [DEBUG] Result list length: 0
2025-09-15 20:33:58 - [INFO] - [DEBUG] Result mask shape: None
2025-09-15 20:33:58 - [INFO] -      Anterior classification failed
2025-09-15 20:33:58 - [INFO] -      Processing posterior view with grayscale conversion...
2025-09-15 20:33:58 - [INFO] -        Found raw_original: 1_20250628_posterior_original.png
2025-09-15 20:33:58 - [INFO] -        Found region_mask: 1_20250628_posterior_colored.png
2025-09-15 20:33:58 - [INFO] -        Found xml_file: 1_20250628_post.xml
2025-09-15 20:33:58 - [INFO] -      Missing files for posterior: hotspot_mask (1_20250628_post_hotspot_mask.png)
2025-09-15 20:33:58 - [INFO] -      Classification failed for all views
2025-09-15 20:33:58 - [INFO] - [CLASSIFICATION] Classification failed
2025-09-15 20:33:58 - [INFO] - [MEMORY] run_classification_for_patient - After: 1489.3 MB (diff: +8.1 MB)
2025-09-15 20:33:58 - [INFO] - [SAFE_INFERENCE] Completed run_classification_for_patient
2025-09-15 20:33:58 - [INFO] - [SAFE_INFERENCE] Post-cleanup for run_classification_for_patient
2025-09-15 20:33:58 - [INFO] - [CLEANUP] nnUNet cache cleared
2025-09-15 20:33:58 - [INFO] - [CLEANUP] Classification models cleared
2025-09-15 20:33:58 - [INFO] - [CLEANUP] Complete model cleanup finished
2025-09-15 20:33:58 - [INFO] -        Cleaned up temp directory
2025-09-15 20:33:58 - [INFO] -      Classification completed - no classifications generated
2025-09-15 20:33:58 - [INFO] -   >> Running BSI quantification with classification masks...
2025-09-15 20:33:58 - [INFO] - [SESSION] Found session code from config: EMA
2025-09-15 20:33:58 - [INFO] - [PROCESSING] Running V1.2 quantification for patient 1 in session EMA
2025-09-15 20:33:58 - [INFO] -      Starting V1.2 BSI quantification for patient 1
2025-09-15 20:33:58 - [INFO] -      New workflow: Color-based segmentation + Single/Dual view processing
2025-09-15 20:33:58 - [INFO] - 
🔧 [DEBUG WRAPPER GANTENG] ===================
2025-09-15 20:33:58 - [INFO] - 🔧 [DEBUG WRAPPER] Getting quantification input paths:
2025-09-15 20:33:58 - [INFO] - 🔧 [DEBUG WRAPPER]   Patient folder: F:\projek dosen\prototype riset\hotspot-analyzer\data\PLANAR\EMA\1\20250628
2025-09-15 20:33:58 - [INFO] - 🔧 [DEBUG WRAPPER]   Filename stem: 1_20250628
2025-09-15 20:33:58 - [INFO] - 🔧 [DEBUG WRAPPER]   Folder exists: True
2025-09-15 20:33:58 - [INFO] - 🔧 [DEBUG WRAPPER] Classification files:
2025-09-15 20:33:58 - [INFO] - 🔧 [DEBUG WRAPPER]   Anterior mask: False
2025-09-15 20:33:58 - [INFO] - 🔧 [DEBUG WRAPPER]   Posterior mask: False
2025-09-15 20:33:58 - [INFO] - 🔧 [DEBUG WRAPPER] Segmentation files:
2025-09-15 20:33:58 - [INFO] - 🔧 [DEBUG WRAPPER]   Anterior seg: True
2025-09-15 20:33:58 - [INFO] - 🔧 [DEBUG WRAPPER]   Posterior seg: True
2025-09-15 20:33:58 - [INFO] -   [DEBUG QUANT FILES] Getting quantification files for: F:\projek dosen\prototype riset\hotspot-analyzer\data\PLANAR\EMA\1\20250628
2025-09-15 20:33:58 - [INFO] -   [DEBUG QUANT FILES] Detected study_date folder: F:\projek dosen\prototype riset\hotspot-analyzer\data\PLANAR\EMA\1\20250628
2025-09-15 20:33:58 - [INFO] -   [DEBUG QUANT FILES] Generated paths:
2025-09-15 20:33:58 - [INFO] -   [DEBUG QUANT FILES]   bsi_json_ant: F:\projek dosen\prototype riset\hotspot-analyzer\data\PLANAR\EMA\1\20250628\bsi_quantification_ant.json (exists: False)
2025-09-15 20:33:58 - [INFO] -   [DEBUG QUANT FILES]   bsi_json_post: F:\projek dosen\prototype riset\hotspot-analyzer\data\PLANAR\EMA\1\20250628\bsi_quantification_post.json (exists: False)
2025-09-15 20:33:58 - [INFO] - 🔧 [DEBUG WRAPPER] Final paths:
2025-09-15 20:33:58 - [INFO] - 🔧 [DEBUG WRAPPER]   segmentation_anterior: F:\projek dosen\prototype riset\hotspot-analyzer\data\PLANAR\EMA\1\20250628\ant_segm.png (exists: True)
2025-09-15 20:33:58 - [INFO] - 🔧 [DEBUG WRAPPER]   segmentation_posterior: F:\projek dosen\prototype riset\hotspot-analyzer\data\PLANAR\EMA\1\20250628\post_segm.png (exists: True)
2025-09-15 20:33:58 - [INFO] - 🔧 [DEBUG WRAPPER]   hotspot_anterior: F:\projek dosen\prototype riset\hotspot-analyzer\data\PLANAR\EMA\1\20250628\ant_hotspot_classification.png (exists: False)
2025-09-15 20:33:58 - [INFO] - 🔧 [DEBUG WRAPPER]   hotspot_posterior: F:\projek dosen\prototype riset\hotspot-analyzer\data\PLANAR\EMA\1\20250628\post_hotspot_classification.png (exists: False)
2025-09-15 20:33:58 - [INFO] - 🔧 [DEBUG WRAPPER]   output_anterior: F:\projek dosen\prototype riset\hotspot-analyzer\data\PLANAR\EMA\1\20250628\bsi_quantification_ant.json (exists: False)
2025-09-15 20:33:58 - [INFO] - 🔧 [DEBUG WRAPPER]   output_posterior: F:\projek dosen\prototype riset\hotspot-analyzer\data\PLANAR\EMA\1\20250628\bsi_quantification_post.json (exists: False)
2025-09-15 20:33:58 - [INFO] -      Cannot proceed with V1.2 quantification. Missing files: hotspot_anterior (ant_hotspot_classification.png), hotspot_posterior (post_hotspot_classification.png)
2025-09-15 20:33:58 - [INFO] -      Need at least ONE complete pair (anterior OR posterior segmentation + classification)
2025-09-15 20:33:58 - [INFO] - [PROCESSING]  V1.2 quantification failed for 1
2025-09-15 20:33:58 - [INFO] -      BSI quantification failed - missing required files
2025-09-15 20:33:58 - [INFO] -   >> Cloud storage disabled - skipping upload
2025-09-15 20:33:58 - [INFO] -     DICOM processing completed - ORIGINAL DICOM UNTOUCHED
2025-09-15 20:33:58 - [INFO] -   Files saved locally: 6 PNG output files
2025-09-15 20:33:58 - [INFO] -   Views processed: ['Anterior', 'Posterior']
2025-09-15 20:33:58 - [INFO] -   ORIGINAL DICOM: 1.dcm (NO MODIFICATION)
2025-09-15 20:33:58 - [INFO] - ## File 1/3 completed successfully - ORIGINAL DICOM PRESERVED
2025-09-15 20:33:58 - [INFO] - 
## Processing file 2/3: 10.dcm
2025-09-15 20:33:58 - [INFO] - 
=== Processing 10.dcm ===
2025-09-15 20:33:58 - [INFO] -   Patient ID: 10
2025-09-15 20:33:58 - [INFO] -   Study Date: 20250628
2025-09-15 20:33:58 - [INFO] -     Path structure validated: F:\projek dosen\prototype riset\hotspot-analyzer\data\PLANAR\EMA\10\20250628
2025-09-15 20:33:58 - [INFO] -  >> Copying ORIGINAL DICOM without modification...
2025-09-15 20:33:58 - [INFO] -   Copied ORIGINAL → F:\projek dosen\prototype riset\hotspot-analyzer\data\PLA...
2025-09-15 20:33:58 - [INFO] -  >> Loading ORIGINAL DICOM frames with view assignments...
2025-09-15 20:33:58 - [INFO] -   Frames detected: ['anterior', 'posterior']
2025-09-15 20:33:58 - [INFO] -   >> Processing background selections...
2025-09-15 20:33:58 - [INFO] -      Processing anterior with black background
2025-09-15 20:33:58 - [INFO] -   Keeping black background
2025-09-15 20:33:58 - [INFO] -        anterior background processed
2025-09-15 20:33:58 - [INFO] -      Processing posterior with black background
2025-09-15 20:33:58 - [INFO] -   Keeping black background
2025-09-15 20:33:58 - [INFO] -        posterior background processed
2025-09-15 20:33:59 - [INFO] -     Background processing completed
2025-09-15 20:33:59 - [INFO] -   >> Normalized 'anterior' → 'Anterior'
2025-09-15 20:33:59 - [INFO] -   >> Normalized 'posterior' → 'Posterior'
2025-09-15 20:33:59 - [INFO] -     Final views: ['Anterior', 'Posterior']
2025-09-15 20:33:59 - [INFO] -     Normalized views: ['Anterior', 'Posterior']
2025-09-15 20:33:59 - [INFO] -   >> Saving original frames for classification...
2025-09-15 20:33:59 - [INFO] -      Original frame saved: ant_original.png
2025-09-15 20:33:59 - [INFO] -      Original frame saved: post_original.png
2025-09-15 20:33:59 - [INFO] -   >> Generating segmentation masks and colored overlays...
2025-09-15 20:33:59 - [INFO] -   >> [1/2] Processing Anterior
2025-09-15 20:33:59 - [INFO] -      Segmenting bone mask...
2025-09-15 20:33:59 - [INFO] - [SAFE_INFERENCE] Running predict_bone_mask
2025-09-15 20:33:59 - [INFO] - [MEMORY] predict_bone_mask - Before: 1490.2 MB
2025-09-15 20:33:59 - [INFO] - [INFO]  Starting bone mask segmentation...
2025-09-15 20:33:59 - [INFO] - [INFO]  Input image shape: (1024, 256), dtype: uint16
2025-09-15 20:33:59 - [INFO] - [INFO]  Preprocessing: resizing to (256, 1024)...
2025-09-15 20:33:59 - [INFO] - [INFO]  Preprocessing completed
2025-09-15 20:33:59 - [INFO] - [INFO]  Loading segmentation model...
2025-09-15 20:33:59 - [INFO] - [INFO]  Loading bone segmentation model...
2025-09-15 20:33:59 - [INFO] - [INFO]  Model path: F:\projek dosen\prototype riset\hotspot-analyzer\models\s...
2025-09-15 20:33:59 - [INFO] - [INFO]  CUDA available: False – using cpu
2025-09-15 20:33:59 - [INFO] - [INFO]  Primary predictor created successfully (Device: cpu)
2025-09-15 20:33:59 - [INFO] - [INFO]  Switching to CPU-only fallback configuration.
2025-09-15 20:33:59 - [INFO] - [INFO]  Initializing model from trained weights on device: cpu...
2025-09-15 20:34:00 - [INFO] - [INFO]  Bone segmentation model loaded successfully
2025-09-15 20:34:00 - [INFO] - [INFO]  Performing bone segmentation inference...
2025-09-15 20:34:00 - [INFO] - [INFO]  Running sliding window inference...
2025-09-15 20:34:00 - [INFO] - [INFO]  Input image shape: (1024, 256)
2025-09-15 20:34:00 - [INFO] - [INFO]  Prediction completed, output shape: (1024, 256)
2025-09-15 20:34:00 - [INFO] - [INFO]  Segmentation completed in 1.89s
2025-09-15 20:34:00 - [INFO] - [INFO]  Output mask shape: (1024, 256)
2025-09-15 20:34:00 - [INFO] - [INFO]  Unique labels found: [0, 1, 2, 3, 4, 5, 6, 7, 8, 9, 10, 11, 12]
2025-09-15 20:34:00 - [INFO] - [INFO]  Returning raw segmentation mask
2025-09-15 20:34:00 - [INFO] - [MEMORY] predict_bone_mask - After: 1609.4 MB (diff: +119.2 MB)
2025-09-15 20:34:00 - [INFO] - [SAFE_INFERENCE] Completed predict_bone_mask
2025-09-15 20:34:00 - [INFO] - [SAFE_INFERENCE] Post-cleanup for predict_bone_mask
2025-09-15 20:34:00 - [INFO] - [CLEANUP] nnUNet cache cleared
2025-09-15 20:34:00 - [INFO] - [CLEANUP] Classification models cleared
2025-09-15 20:34:01 - [INFO] - [CLEANUP] Complete model cleanup finished
2025-09-15 20:34:01 - [INFO] -      Generating colored overlay...
2025-09-15 20:34:01 - [INFO] - [SAFE_INFERENCE] Running predict_bone_mask
2025-09-15 20:34:01 - [INFO] - [MEMORY] predict_bone_mask - Before: 1609.5 MB
2025-09-15 20:34:01 - [INFO] - [INFO]  Starting bone mask segmentation...
2025-09-15 20:34:01 - [INFO] - [INFO]  Input image shape: (1024, 256), dtype: uint16
2025-09-15 20:34:01 - [INFO] - [INFO]  Preprocessing: resizing to (256, 1024)...
2025-09-15 20:34:01 - [INFO] - [INFO]  Preprocessing completed
2025-09-15 20:34:01 - [INFO] - [INFO]  Loading segmentation model...
2025-09-15 20:34:01 - [INFO] - [INFO]  Loading bone segmentation model...
2025-09-15 20:34:01 - [INFO] - [INFO]  Model path: F:\projek dosen\prototype riset\hotspot-analyzer\models\s...
2025-09-15 20:34:01 - [INFO] - [INFO]  CUDA available: False – using cpu
2025-09-15 20:34:01 - [INFO] - [INFO]  Primary predictor created successfully (Device: cpu)
2025-09-15 20:34:01 - [INFO] - [INFO]  Switching to CPU-only fallback configuration.
2025-09-15 20:34:01 - [INFO] - [INFO]  Initializing model from trained weights on device: cpu...
2025-09-15 20:34:02 - [INFO] - [INFO]  Bone segmentation model loaded successfully
2025-09-15 20:34:02 - [INFO] - [INFO]  Performing bone segmentation inference...
2025-09-15 20:34:02 - [INFO] - [INFO]  Running sliding window inference...
2025-09-15 20:34:02 - [INFO] - [INFO]  Input image shape: (1024, 256)
2025-09-15 20:34:02 - [INFO] - [INFO]  Prediction completed, output shape: (1024, 256)
2025-09-15 20:34:02 - [INFO] - [INFO]  Segmentation completed in 1.81s
2025-09-15 20:34:02 - [INFO] - [INFO]  Output mask shape: (1024, 256)
2025-09-15 20:34:02 - [INFO] - [INFO]  Unique labels found: [0, 1, 2, 3, 4, 5, 6, 7, 8, 9, 10, 11, 12]
2025-09-15 20:34:02 - [INFO] - [INFO]  Converting mask to colored RGB image...
2025-09-15 20:34:02 - [INFO] - [INFO]  RGB conversion completed, shape: (1024, 256, 3)
2025-09-15 20:34:02 - [INFO] - [MEMORY] predict_bone_mask - After: 1621.3 MB (diff: +11.8 MB)
2025-09-15 20:34:02 - [INFO] - [SAFE_INFERENCE] Completed predict_bone_mask
2025-09-15 20:34:02 - [INFO] - [SAFE_INFERENCE] Post-cleanup for predict_bone_mask
2025-09-15 20:34:02 - [INFO] - [CLEANUP] nnUNet cache cleared
2025-09-15 20:34:02 - [INFO] - [CLEANUP] Classification models cleared
2025-09-15 20:34:03 - [INFO] - [CLEANUP] Complete model cleanup finished
2025-09-15 20:34:03 - [INFO] -      Segmentation completed for Anterior
2025-09-15 20:34:03 - [INFO] -        Saved: ant_mask.png, ant_segm.png
2025-09-15 20:34:03 - [INFO] -   >> [2/2] Processing Posterior
2025-09-15 20:34:03 - [INFO] -      Segmenting bone mask...
2025-09-15 20:34:03 - [INFO] - [SAFE_INFERENCE] Running predict_bone_mask
2025-09-15 20:34:03 - [INFO] - [MEMORY] predict_bone_mask - Before: 1621.4 MB
2025-09-15 20:34:03 - [INFO] - [INFO]  Starting bone mask segmentation...
2025-09-15 20:34:03 - [INFO] - [INFO]  Input image shape: (1024, 256), dtype: uint16
2025-09-15 20:34:03 - [INFO] - [INFO]  Preprocessing: resizing to (256, 1024)...
2025-09-15 20:34:03 - [INFO] - [INFO]  Preprocessing completed
2025-09-15 20:34:03 - [INFO] - [INFO]  Loading segmentation model...
2025-09-15 20:34:03 - [INFO] - [INFO]  Loading bone segmentation model...
2025-09-15 20:34:03 - [INFO] - [INFO]  Model path: F:\projek dosen\prototype riset\hotspot-analyzer\models\s...
2025-09-15 20:34:03 - [INFO] - [INFO]  CUDA available: False – using cpu
2025-09-15 20:34:03 - [INFO] - [INFO]  Primary predictor created successfully (Device: cpu)
2025-09-15 20:34:03 - [INFO] - [INFO]  Switching to CPU-only fallback configuration.
2025-09-15 20:34:03 - [INFO] - [INFO]  Initializing model from trained weights on device: cpu...
2025-09-15 20:34:04 - [INFO] - [INFO]  Bone segmentation model loaded successfully
2025-09-15 20:34:04 - [INFO] - [INFO]  Performing bone segmentation inference...
2025-09-15 20:34:04 - [INFO] - [INFO]  Running sliding window inference...
2025-09-15 20:34:04 - [INFO] - [INFO]  Input image shape: (1024, 256)
2025-09-15 20:34:04 - [INFO] - [INFO]  Prediction completed, output shape: (1024, 256)
2025-09-15 20:34:04 - [INFO] - [INFO]  Segmentation completed in 1.83s
2025-09-15 20:34:04 - [INFO] - [INFO]  Output mask shape: (1024, 256)
2025-09-15 20:34:04 - [INFO] - [INFO]  Unique labels found: [0, 1, 2, 3, 4, 6, 7, 8, 9, 10, 11, 12]
2025-09-15 20:34:04 - [INFO] - [INFO]  Returning raw segmentation mask
2025-09-15 20:34:04 - [INFO] - [MEMORY] predict_bone_mask - After: 1622.7 MB (diff: +1.4 MB)
2025-09-15 20:34:04 - [INFO] - [SAFE_INFERENCE] Completed predict_bone_mask
2025-09-15 20:34:04 - [INFO] - [SAFE_INFERENCE] Post-cleanup for predict_bone_mask
2025-09-15 20:34:04 - [INFO] - [CLEANUP] nnUNet cache cleared
2025-09-15 20:34:04 - [INFO] - [CLEANUP] Classification models cleared
2025-09-15 20:34:05 - [INFO] - [CLEANUP] Complete model cleanup finished
2025-09-15 20:34:05 - [INFO] -      Generating colored overlay...
2025-09-15 20:34:05 - [INFO] - [SAFE_INFERENCE] Running predict_bone_mask
2025-09-15 20:34:05 - [INFO] - [MEMORY] predict_bone_mask - Before: 1622.7 MB
2025-09-15 20:34:05 - [INFO] - [INFO]  Starting bone mask segmentation...
2025-09-15 20:34:05 - [INFO] - [INFO]  Input image shape: (1024, 256), dtype: uint16
2025-09-15 20:34:05 - [INFO] - [INFO]  Preprocessing: resizing to (256, 1024)...
2025-09-15 20:34:05 - [INFO] - [INFO]  Preprocessing completed
2025-09-15 20:34:05 - [INFO] - [INFO]  Loading segmentation model...
2025-09-15 20:34:05 - [INFO] - [INFO]  Loading bone segmentation model...
2025-09-15 20:34:05 - [INFO] - [INFO]  Model path: F:\projek dosen\prototype riset\hotspot-analyzer\models\s...
2025-09-15 20:34:05 - [INFO] - [INFO]  CUDA available: False – using cpu
2025-09-15 20:34:05 - [INFO] - [INFO]  Primary predictor created successfully (Device: cpu)
2025-09-15 20:34:05 - [INFO] - [INFO]  Switching to CPU-only fallback configuration.
2025-09-15 20:34:05 - [INFO] - [INFO]  Initializing model from trained weights on device: cpu...
2025-09-15 20:34:06 - [INFO] - [INFO]  Bone segmentation model loaded successfully
2025-09-15 20:34:06 - [INFO] - [INFO]  Performing bone segmentation inference...
2025-09-15 20:34:06 - [INFO] - [INFO]  Running sliding window inference...
2025-09-15 20:34:06 - [INFO] - [INFO]  Input image shape: (1024, 256)
2025-09-15 20:34:06 - [INFO] - [INFO]  Prediction completed, output shape: (1024, 256)
2025-09-15 20:34:06 - [INFO] - [INFO]  Segmentation completed in 1.81s
2025-09-15 20:34:06 - [INFO] - [INFO]  Output mask shape: (1024, 256)
2025-09-15 20:34:06 - [INFO] - [INFO]  Unique labels found: [0, 1, 2, 3, 4, 6, 7, 8, 9, 10, 11, 12]
2025-09-15 20:34:06 - [INFO] - [INFO]  Converting mask to colored RGB image...
2025-09-15 20:34:06 - [INFO] - [INFO]  RGB conversion completed, shape: (1024, 256, 3)
2025-09-15 20:34:06 - [INFO] - [MEMORY] predict_bone_mask - After: 1625.9 MB (diff: +3.1 MB)
2025-09-15 20:34:06 - [INFO] - [SAFE_INFERENCE] Completed predict_bone_mask
2025-09-15 20:34:06 - [INFO] - [SAFE_INFERENCE] Post-cleanup for predict_bone_mask
2025-09-15 20:34:06 - [INFO] - [CLEANUP] nnUNet cache cleared
2025-09-15 20:34:06 - [INFO] - [CLEANUP] Classification models cleared
2025-09-15 20:34:07 - [INFO] - [CLEANUP] Complete model cleanup finished
2025-09-15 20:34:07 - [INFO] -      Segmentation completed for Posterior
2025-09-15 20:34:07 - [INFO] -        Saved: post_mask.png, post_segm.png
2025-09-15 20:34:07 - [INFO] -   >> Running YOLO hotspot detection...
2025-09-15 20:34:07 - [INFO] - [SAFE_INFERENCE] Running run_yolo_detection_wrapper
2025-09-15 20:34:07 - [INFO] - [MEMORY] run_yolo_detection_wrapper - Before: 1626.0 MB
2025-09-15 20:34:07 - [INFO] - [YOLO WRAPPER] Starting YOLO detection for 10
2025-09-15 20:34:07 - [INFO] - [YOLO WRAPPER] Model path: F:\projek dosen\prototype riset\hotspot-analyzer\models\hotspot_detection\models\model_detection_hs_yolov8.pt
2025-09-15 20:34:07 - [INFO] - [YOLO WRAPPER] DICOM path: F:\projek dosen\prototype riset\hotspot-analyzer\data\PLANAR\EMA\10\20250628\10.dcm
2025-09-15 20:34:07 - [INFO] - [SAFE_INFERENCE] Running run_yolo_detection_for_patient
2025-09-15 20:34:07 - [INFO] - [MEMORY] run_yolo_detection_for_patient - Before: 1626.0 MB
2025-09-15 20:34:07 - [INFO] - [YOLO WRAPPER] Starting detection for patient 10
2025-09-15 20:34:07 - [INFO] - [YOLO WRAPPER] DICOM file: F:\projek dosen\prototype riset\hotspot-analyzer\data\PLANAR\EMA\10\20250628\10.dcm
2025-09-15 20:34:07 - [INFO] - [YOLO] FORCING model load - application requires YOLO functionality
2025-09-15 20:34:07 - [INFO] - [YOLO WRAPPER] Extracted session from path: EMA
2025-09-15 20:34:07 - [INFO] - [DETECTION] Processing DICOM: F:\projek dosen\prototype riset\hotspot-analyzer\data\PLANAR\EMA\10\20250628\10.dcm
2025-09-15 20:34:07 - [INFO] - [DETECTION] FORCED YOLO execution - application requires this functionality
2025-09-15 20:34:07 - [INFO] - [DETECTION] Patient: 10, Session: EMA, Study Date: 20250628
2025-09-15 20:34:07 - [INFO] - [DETECTION] Loaded 2 frames: ['anterior', 'posterior']
2025-09-15 20:34:07 - [INFO] - [DETECTION] Processing view: anterior -> anterior
2025-09-15 20:34:07 - [INFO] - [HOTSPOT FILES] Final selection for ant:
2025-09-15 20:34:07 - [INFO] - [HOTSPOT FILES]   yolo_xml: F:\projek dosen\prototype riset\hotspot-analyzer\data\PLANAR\EMA\10\20250628\ant_hotspot_yolo.xml (exists: False, type: original)
2025-09-15 20:34:07 - [INFO] - [HOTSPOT FILES]   otsu_colored: F:\projek dosen\prototype riset\hotspot-analyzer\data\PLANAR\EMA\10\20250628\ant_hotspot_otsu_colored.png (exists: False, type: original)
2025-09-15 20:34:07 - [INFO] - [HOTSPOT FILES]   otsu_colored_blend: F:\projek dosen\prototype riset\hotspot-analyzer\data\PLANAR\EMA\10\20250628\ant_hotspot_otsu_colored_blend.png (exists: False, type: original)
2025-09-15 20:34:07 - [INFO] - [HOTSPOT FILES]   otsu_grayscale: F:\projek dosen\prototype riset\hotspot-analyzer\data\PLANAR\EMA\10\20250628\ant_hotspot_otsu_grayscale.png (exists: False, type: original)
2025-09-15 20:34:07 - [INFO] - [HOTSPOT FILES]   classification_xml: F:\projek dosen\prototype riset\hotspot-analyzer\data\PLANAR\EMA\10\20250628\ant_hotspot_classification.xml (exists: False, type: original)
2025-09-15 20:34:07 - [INFO] - [HOTSPOT FILES]   classification_png: F:\projek dosen\prototype riset\hotspot-analyzer\data\PLANAR\EMA\10\20250628\ant_hotspot_classification.png (exists: False, type: original)
2025-09-15 20:34:07 - [INFO] - [DETECTION] Running YOLO on anterior view...
2025-09-15 20:34:07 - [INFO] - [YOLO] FORCING model load - application critical functionality
2025-09-15 20:34:07 - [INFO] - [YOLO] Loading model on-demand (FORCED, thread-safe)...
2025-09-15 20:34:07 - [INFO] - [YOLO] FORCING model initialization - critical for application
2025-09-15 20:34:07 - [INFO] - [YOLO] Attempting to load model from: F:\projek dosen\prototype riset\hotspot-analyzer\models\hotspot_detection\models\model_detection_hs_yolov8.pt
2025-09-15 20:34:07 - [INFO] - [YOLO] Model loaded successfully (FORCED CPU mode)
2025-09-15 20:34:07 - [INFO] - [DETECTION] Found 1 hotspots in anterior
2025-09-15 20:34:07 - [INFO] - [XML] Saved detection XML to: F:\projek dosen\prototype riset\hotspot-analyzer\data\PLANAR\EMA\10\20250628\ant_hotspot_yolo.xml
2025-09-15 20:34:07 - [INFO] - [DETECTION] Processing view: posterior -> posterior
2025-09-15 20:34:07 - [INFO] - [HOTSPOT FILES] Final selection for post:
2025-09-15 20:34:07 - [INFO] - [HOTSPOT FILES]   yolo_xml: F:\projek dosen\prototype riset\hotspot-analyzer\data\PLANAR\EMA\10\20250628\post_hotspot_yolo.xml (exists: False, type: original)
2025-09-15 20:34:07 - [INFO] - [HOTSPOT FILES]   otsu_colored: F:\projek dosen\prototype riset\hotspot-analyzer\data\PLANAR\EMA\10\20250628\post_hotspot_otsu_colored.png (exists: False, type: original)
2025-09-15 20:34:07 - [INFO] - [HOTSPOT FILES]   otsu_colored_blend: F:\projek dosen\prototype riset\hotspot-analyzer\data\PLANAR\EMA\10\20250628\post_hotspot_otsu_colored_blend.png (exists: False, type: original)
2025-09-15 20:34:07 - [INFO] - [HOTSPOT FILES]   otsu_grayscale: F:\projek dosen\prototype riset\hotspot-analyzer\data\PLANAR\EMA\10\20250628\post_hotspot_otsu_grayscale.png (exists: False, type: original)
2025-09-15 20:34:07 - [INFO] - [HOTSPOT FILES]   classification_xml: F:\projek dosen\prototype riset\hotspot-analyzer\data\PLANAR\EMA\10\20250628\post_hotspot_classification.xml (exists: False, type: original)
2025-09-15 20:34:07 - [INFO] - [HOTSPOT FILES]   classification_png: F:\projek dosen\prototype riset\hotspot-analyzer\data\PLANAR\EMA\10\20250628\post_hotspot_classification.png (exists: False, type: original)
2025-09-15 20:34:07 - [INFO] - [DETECTION] Running YOLO on posterior view...
2025-09-15 20:34:07 - [INFO] - [DETECTION] No detections found, creating empty XML for pipeline continuity
2025-09-15 20:34:07 - [INFO] - [DETECTION] No hotspots detected in posterior
2025-09-15 20:34:07 - [INFO] - [XML] Saved detection XML to: F:\projek dosen\prototype riset\hotspot-analyzer\data\PLANAR\EMA\10\20250628\post_hotspot_yolo.xml
2025-09-15 20:34:07 - [INFO] - [YOLO WRAPPER] Detection completed:
2025-09-15 20:34:07 - [INFO] -   Anterior: ✓
2025-09-15 20:34:07 - [INFO] -   Posterior: ✓
2025-09-15 20:34:07 - [INFO] - [MEMORY] run_yolo_detection_for_patient - After: 1625.2 MB (diff: -0.7 MB)
2025-09-15 20:34:07 - [INFO] - [SAFE_INFERENCE] Completed run_yolo_detection_for_patient
2025-09-15 20:34:07 - [INFO] - [SAFE_INFERENCE] Post-cleanup for run_yolo_detection_for_patient
2025-09-15 20:34:07 - [INFO] - [CLEANUP] YOLO model cleared
2025-09-15 20:34:07 - [INFO] - [CLEANUP] nnUNet cache cleared
2025-09-15 20:34:07 - [INFO] - [CLEANUP] Classification models cleared
2025-09-15 20:34:07 - [INFO] - [CLEANUP] Complete model cleanup finished
2025-09-15 20:34:07 - [INFO] - [YOLO WRAPPER] Detection completed with results: {'anterior': True, 'posterior': True}
2025-09-15 20:34:07 - [INFO] - [MEMORY] run_yolo_detection_wrapper - After: 1625.2 MB (diff: -0.8 MB)
2025-09-15 20:34:07 - [INFO] - [SAFE_INFERENCE] Completed run_yolo_detection_wrapper
2025-09-15 20:34:07 - [INFO] - [SAFE_INFERENCE] Post-cleanup for run_yolo_detection_wrapper
2025-09-15 20:34:07 - [INFO] - [CLEANUP] nnUNet cache cleared
2025-09-15 20:34:07 - [INFO] - [CLEANUP] Classification models cleared
2025-09-15 20:34:07 - [INFO] - [CLEANUP] Complete model cleanup finished
2025-09-15 20:34:07 - [INFO] -      YOLO detection completed - XML files created
2025-09-15 20:34:07 - [INFO] -   >> Running Otsu hotspot processing...
2025-09-15 20:34:07 - [INFO] - [SAFE_INFERENCE] Running run_hotspot_processing_in_process
2025-09-15 20:34:07 - [INFO] - [MEMORY] run_hotspot_processing_in_process - Before: 1625.3 MB
2025-09-15 20:34:07 - [INFO] - --- MENJALANKAN FUNGSI HOTSPOT DENGAN LOGIKA PENYIMPANAN FILE ---
2025-09-15 20:34:07 - [INFO] - [SESSION] Found session code from config: EMA
2025-09-15 20:34:07 - [INFO] - [DEBUG] Using session: EMA, patient: 10, study_date: 20250628
2025-09-15 20:34:07 - [INFO] - [DEBUG] Expected patient folder: F:\projek dosen\prototype riset\hotspot-analyzer\data\PLANAR\EMA\10\20250628
2025-09-15 20:34:07 - [INFO] - 
  [DEBUG PRIORITY GANTENG] ===================
2025-09-15 20:34:07 - [INFO] -   [DEBUG PRIORITY] Looking for: ant_hotspot_classification.png
2025-09-15 20:34:07 - [INFO] -   [DEBUG PRIORITY] In path: F:\projek dosen\prototype riset\hotspot-analyzer\data\PLANAR\EMA\10\20250628
2025-09-15 20:34:07 - [INFO] -   [DEBUG PRIORITY] Session code: None
2025-09-15 20:34:07 - [INFO] -   [DEBUG PRIORITY] Original file: F:\projek dosen\prototype riset\hotspot-analyzer\data\PLANAR\EMA\10\20250628\ant_hotspot_classification.png
2025-09-15 20:34:07 - [INFO] -   [DEBUG PRIORITY] Original exists: False
2025-09-15 20:34:07 - [INFO] -   [DEBUG PRIORITY] File is editable, checking for timestamp version...
2025-09-15 20:34:07 - [INFO] - 
  [DEBUG TIMESTAMP GANTENG] ===================
2025-09-15 20:34:07 - [INFO] -   [DEBUG TIMESTAMP] Looking for: ant_hotspot_classification.png
2025-09-15 20:34:07 - [INFO] -   [DEBUG TIMESTAMP] In folder: F:\projek dosen\prototype riset\hotspot-analyzer\data\PLANAR\EMA\10\20250628
2025-09-15 20:34:07 - [INFO] -   [DEBUG TIMESTAMP] Session code: None
2025-09-15 20:34:07 - [INFO] -   [DEBUG TIMESTAMP] Is editable: True
2025-09-15 20:34:07 - [INFO] -   [DEBUG TIMESTAMP] Folder contents:
2025-09-15 20:34:07 - [INFO] -   [DEBUG TIMESTAMP]   FILE: 10.dcm
2025-09-15 20:34:07 - [INFO] -   [DEBUG TIMESTAMP]   FILE: ant_hotspot_yolo.xml
2025-09-15 20:34:07 - [INFO] -   [DEBUG TIMESTAMP]   FILE: ant_mask.png
2025-09-15 20:34:07 - [INFO] -   [DEBUG TIMESTAMP]   FILE: ant_original.png
2025-09-15 20:34:07 - [INFO] -   [DEBUG TIMESTAMP]   FILE: ant_segm.png
2025-09-15 20:34:07 - [INFO] -   [DEBUG TIMESTAMP]   FILE: post_hotspot_yolo.xml
2025-09-15 20:34:07 - [INFO] -   [DEBUG TIMESTAMP]   FILE: post_mask.png
2025-09-15 20:34:07 - [INFO] -   [DEBUG TIMESTAMP]   FILE: post_original.png
2025-09-15 20:34:07 - [INFO] -   [DEBUG TIMESTAMP]   FILE: post_segm.png
2025-09-15 20:34:07 - [INFO] -   [DEBUG TIMESTAMP] Running get_latest_timestamp_file...
2025-09-15 20:34:07 - [INFO] -   [DEBUG TIMESTAMP] Result: None
2025-09-15 20:34:07 - [INFO] -   [DEBUG PRIORITY]  No edited version found
2025-09-15 20:34:07 - [INFO] -   [DEBUG PRIORITY]  No file found at all
2025-09-15 20:34:07 - [INFO] - [PRIORITY] Using original PNG: F:\projek dosen\prototype riset\hotspot-analyzer\data\PLANAR\EMA\10\20250628\ant_hotspot_classification.png
2025-09-15 20:34:07 - [INFO] - [HOTSPOT FILES] Final selection for ant:
2025-09-15 20:34:07 - [INFO] - [HOTSPOT FILES]   yolo_xml: F:\projek dosen\prototype riset\hotspot-analyzer\data\PLANAR\EMA\10\20250628\ant_hotspot_yolo.xml (exists: True, type: original)
2025-09-15 20:34:07 - [INFO] - [HOTSPOT FILES]   otsu_colored: F:\projek dosen\prototype riset\hotspot-analyzer\data\PLANAR\EMA\10\20250628\ant_hotspot_otsu_colored.png (exists: False, type: original)
2025-09-15 20:34:07 - [INFO] - [HOTSPOT FILES]   otsu_colored_blend: F:\projek dosen\prototype riset\hotspot-analyzer\data\PLANAR\EMA\10\20250628\ant_hotspot_otsu_colored_blend.png (exists: False, type: original)
2025-09-15 20:34:07 - [INFO] - [HOTSPOT FILES]   otsu_grayscale: F:\projek dosen\prototype riset\hotspot-analyzer\data\PLANAR\EMA\10\20250628\ant_hotspot_otsu_grayscale.png (exists: False, type: original)
2025-09-15 20:34:07 - [INFO] - [HOTSPOT FILES]   classification_xml: F:\projek dosen\prototype riset\hotspot-analyzer\data\PLANAR\EMA\10\20250628\ant_hotspot_classification.xml (exists: False, type: original)
2025-09-15 20:34:07 - [INFO] - [HOTSPOT FILES]   classification_png: F:\projek dosen\prototype riset\hotspot-analyzer\data\PLANAR\EMA\10\20250628\ant_hotspot_classification.png (exists: False, type: original)
2025-09-15 20:34:07 - [INFO] - 
  [DEBUG PRIORITY GANTENG] ===================
2025-09-15 20:34:07 - [INFO] -   [DEBUG PRIORITY] Looking for: post_hotspot_classification.png
2025-09-15 20:34:07 - [INFO] -   [DEBUG PRIORITY] In path: F:\projek dosen\prototype riset\hotspot-analyzer\data\PLANAR\EMA\10\20250628
2025-09-15 20:34:07 - [INFO] -   [DEBUG PRIORITY] Session code: None
2025-09-15 20:34:07 - [INFO] -   [DEBUG PRIORITY] Original file: F:\projek dosen\prototype riset\hotspot-analyzer\data\PLANAR\EMA\10\20250628\post_hotspot_classification.png
2025-09-15 20:34:07 - [INFO] -   [DEBUG PRIORITY] Original exists: False
2025-09-15 20:34:07 - [INFO] -   [DEBUG PRIORITY] File is editable, checking for timestamp version...
2025-09-15 20:34:07 - [INFO] - 
  [DEBUG TIMESTAMP GANTENG] ===================
2025-09-15 20:34:07 - [INFO] -   [DEBUG TIMESTAMP] Looking for: post_hotspot_classification.png
2025-09-15 20:34:07 - [INFO] -   [DEBUG TIMESTAMP] In folder: F:\projek dosen\prototype riset\hotspot-analyzer\data\PLANAR\EMA\10\20250628
2025-09-15 20:34:07 - [INFO] -   [DEBUG TIMESTAMP] Session code: None
2025-09-15 20:34:07 - [INFO] -   [DEBUG TIMESTAMP] Is editable: True
2025-09-15 20:34:07 - [INFO] -   [DEBUG TIMESTAMP] Folder contents:
2025-09-15 20:34:07 - [INFO] -   [DEBUG TIMESTAMP]   FILE: 10.dcm
2025-09-15 20:34:07 - [INFO] -   [DEBUG TIMESTAMP]   FILE: ant_hotspot_yolo.xml
2025-09-15 20:34:07 - [INFO] -   [DEBUG TIMESTAMP]   FILE: ant_mask.png
2025-09-15 20:34:07 - [INFO] -   [DEBUG TIMESTAMP]   FILE: ant_original.png
2025-09-15 20:34:07 - [INFO] -   [DEBUG TIMESTAMP]   FILE: ant_segm.png
2025-09-15 20:34:07 - [INFO] -   [DEBUG TIMESTAMP]   FILE: post_hotspot_yolo.xml
2025-09-15 20:34:07 - [INFO] -   [DEBUG TIMESTAMP]   FILE: post_mask.png
2025-09-15 20:34:07 - [INFO] -   [DEBUG TIMESTAMP]   FILE: post_original.png
2025-09-15 20:34:07 - [INFO] -   [DEBUG TIMESTAMP]   FILE: post_segm.png
2025-09-15 20:34:07 - [INFO] -   [DEBUG TIMESTAMP] Running get_latest_timestamp_file...
2025-09-15 20:34:07 - [INFO] -   [DEBUG TIMESTAMP] Result: None
2025-09-15 20:34:07 - [INFO] -   [DEBUG PRIORITY]  No edited version found
2025-09-15 20:34:07 - [INFO] -   [DEBUG PRIORITY]  No file found at all
2025-09-15 20:34:07 - [INFO] - [PRIORITY] Using original PNG: F:\projek dosen\prototype riset\hotspot-analyzer\data\PLANAR\EMA\10\20250628\post_hotspot_classification.png
2025-09-15 20:34:07 - [INFO] - [HOTSPOT FILES] Final selection for post:
2025-09-15 20:34:07 - [INFO] - [HOTSPOT FILES]   yolo_xml: F:\projek dosen\prototype riset\hotspot-analyzer\data\PLANAR\EMA\10\20250628\post_hotspot_yolo.xml (exists: True, type: original)
2025-09-15 20:34:07 - [INFO] - [HOTSPOT FILES]   otsu_colored: F:\projek dosen\prototype riset\hotspot-analyzer\data\PLANAR\EMA\10\20250628\post_hotspot_otsu_colored.png (exists: False, type: original)
2025-09-15 20:34:07 - [INFO] - [HOTSPOT FILES]   otsu_colored_blend: F:\projek dosen\prototype riset\hotspot-analyzer\data\PLANAR\EMA\10\20250628\post_hotspot_otsu_colored_blend.png (exists: False, type: original)
2025-09-15 20:34:07 - [INFO] - [HOTSPOT FILES]   otsu_grayscale: F:\projek dosen\prototype riset\hotspot-analyzer\data\PLANAR\EMA\10\20250628\post_hotspot_otsu_grayscale.png (exists: False, type: original)
2025-09-15 20:34:07 - [INFO] - [HOTSPOT FILES]   classification_xml: F:\projek dosen\prototype riset\hotspot-analyzer\data\PLANAR\EMA\10\20250628\post_hotspot_classification.xml (exists: False, type: original)
2025-09-15 20:34:07 - [INFO] - [HOTSPOT FILES]   classification_png: F:\projek dosen\prototype riset\hotspot-analyzer\data\PLANAR\EMA\10\20250628\post_hotspot_classification.png (exists: False, type: original)
2025-09-15 20:34:07 - [INFO] - [DEBUG] Processing anterior with XML: F:\projek dosen\prototype riset\hotspot-analyzer\data\PLANAR\EMA\10\20250628\ant_hotspot_yolo.xml
2025-09-15 20:34:07 - [INFO] - [DEBUG] Processing frame with study_date: 20250628
2025-09-15 20:34:07 - [INFO] - [SESSION] Found session code from config: EMA
2025-09-15 20:34:07 - [DEBUG] - STREAM b'IHDR' 16 13
2025-09-15 20:34:07 - [DEBUG] - STREAM b'IDAT' 41 65536
2025-09-15 20:34:07 - [DEBUG] - STREAM b'IHDR' 16 13
2025-09-15 20:34:07 - [DEBUG] - STREAM b'IDAT' 41 65536
2025-09-15 20:34:07 - [INFO] - [HOTSPOT FILES] Final selection for ant:
2025-09-15 20:34:07 - [INFO] - [HOTSPOT FILES]   yolo_xml: F:\projek dosen\prototype riset\hotspot-analyzer\data\PLANAR\EMA\10\20250628\ant_hotspot_yolo.xml (exists: True, type: original)
2025-09-15 20:34:07 - [INFO] - [HOTSPOT FILES]   otsu_colored: F:\projek dosen\prototype riset\hotspot-analyzer\data\PLANAR\EMA\10\20250628\ant_hotspot_otsu_colored.png (exists: False, type: original)
2025-09-15 20:34:07 - [INFO] - [HOTSPOT FILES]   otsu_colored_blend: F:\projek dosen\prototype riset\hotspot-analyzer\data\PLANAR\EMA\10\20250628\ant_hotspot_otsu_colored_blend.png (exists: False, type: original)
2025-09-15 20:34:07 - [INFO] - [HOTSPOT FILES]   otsu_grayscale: F:\projek dosen\prototype riset\hotspot-analyzer\data\PLANAR\EMA\10\20250628\ant_hotspot_otsu_grayscale.png (exists: False, type: original)
2025-09-15 20:34:07 - [INFO] - [HOTSPOT FILES]   classification_xml: F:\projek dosen\prototype riset\hotspot-analyzer\data\PLANAR\EMA\10\20250628\ant_hotspot_classification.xml (exists: False, type: original)
2025-09-15 20:34:07 - [INFO] - [HOTSPOT FILES]   classification_png: F:\projek dosen\prototype riset\hotspot-analyzer\data\PLANAR\EMA\10\20250628\ant_hotspot_classification.png (exists: False, type: original)
2025-09-15 20:34:07 - [INFO] - Blended hotspot image saved: F:\projek dosen\prototype riset\hotspot-analyzer\data\PLANAR\EMA\10\20250628\ant_hotspot_otsu_colored_blend.png
2025-09-15 20:34:07 - [INFO] - Pure hotspot image saved: F:\projek dosen\prototype riset\hotspot-analyzer\data\PLANAR\EMA\10\20250628\ant_hotspot_otsu_colored.png
2025-09-15 20:34:07 - [INFO] - Hotspot mask saved: F:\projek dosen\prototype riset\hotspot-analyzer\data\PLANAR\EMA\10\20250628\ant_hotspot_otsu_grayscale.png
2025-09-15 20:34:07 - [INFO] - [PROCESS] Anterior hotspot processing completed
2025-09-15 20:34:07 - [INFO] - [DEBUG] Processing posterior with XML: F:\projek dosen\prototype riset\hotspot-analyzer\data\PLANAR\EMA\10\20250628\post_hotspot_yolo.xml
2025-09-15 20:34:07 - [INFO] - [PROCESS] Posterior processing failed, using original frame
2025-09-15 20:34:07 - [INFO] - [PROCESS] Hotspot processing completed for 10.dcm
2025-09-15 20:34:07 - [INFO] - [MEMORY] run_hotspot_processing_in_process - After: 1632.9 MB (diff: +7.7 MB)
2025-09-15 20:34:07 - [INFO] - [SAFE_INFERENCE] Completed run_hotspot_processing_in_process
2025-09-15 20:34:07 - [INFO] - [SAFE_INFERENCE] Post-cleanup for run_hotspot_processing_in_process
2025-09-15 20:34:07 - [INFO] - [CLEANUP] nnUNet cache cleared
2025-09-15 20:34:07 - [INFO] - [CLEANUP] Classification models cleared
2025-09-15 20:34:07 - [INFO] - [CLEANUP] Complete model cleanup finished
2025-09-15 20:34:07 - [INFO] -      Otsu processing completed - hotspot PNG files created
2025-09-15 20:34:07 - [INFO] -   >> Running hotspot classification inference...
2025-09-15 20:34:07 - [INFO] - [HOTSPOT FILES] Final selection for ant:
2025-09-15 20:34:07 - [INFO] - [HOTSPOT FILES]   yolo_xml: F:\projek dosen\prototype riset\hotspot-analyzer\data\PLANAR\EMA\10\20250628\ant_hotspot_yolo.xml (exists: True, type: original)
2025-09-15 20:34:07 - [INFO] - [HOTSPOT FILES]   otsu_colored: F:\projek dosen\prototype riset\hotspot-analyzer\data\PLANAR\EMA\10\20250628\ant_hotspot_otsu_colored.png (exists: True, type: original)
2025-09-15 20:34:07 - [INFO] - [HOTSPOT FILES]   otsu_colored_blend: F:\projek dosen\prototype riset\hotspot-analyzer\data\PLANAR\EMA\10\20250628\ant_hotspot_otsu_colored_blend.png (exists: True, type: original)
2025-09-15 20:34:07 - [INFO] - [HOTSPOT FILES]   otsu_grayscale: F:\projek dosen\prototype riset\hotspot-analyzer\data\PLANAR\EMA\10\20250628\ant_hotspot_otsu_grayscale.png (exists: True, type: original)
2025-09-15 20:34:07 - [INFO] - [HOTSPOT FILES]   classification_xml: F:\projek dosen\prototype riset\hotspot-analyzer\data\PLANAR\EMA\10\20250628\ant_hotspot_classification.xml (exists: False, type: original)
2025-09-15 20:34:07 - [INFO] - [HOTSPOT FILES]   classification_png: F:\projek dosen\prototype riset\hotspot-analyzer\data\PLANAR\EMA\10\20250628\ant_hotspot_classification.png (exists: False, type: original)
2025-09-15 20:34:07 - [INFO] - [HOTSPOT FILES] Final selection for post:
2025-09-15 20:34:07 - [INFO] - [HOTSPOT FILES]   yolo_xml: F:\projek dosen\prototype riset\hotspot-analyzer\data\PLANAR\EMA\10\20250628\post_hotspot_yolo.xml (exists: True, type: original)
2025-09-15 20:34:07 - [INFO] - [HOTSPOT FILES]   otsu_colored: F:\projek dosen\prototype riset\hotspot-analyzer\data\PLANAR\EMA\10\20250628\post_hotspot_otsu_colored.png (exists: False, type: original)
2025-09-15 20:34:07 - [INFO] - [HOTSPOT FILES]   otsu_colored_blend: F:\projek dosen\prototype riset\hotspot-analyzer\data\PLANAR\EMA\10\20250628\post_hotspot_otsu_colored_blend.png (exists: False, type: original)
2025-09-15 20:34:07 - [INFO] - [HOTSPOT FILES]   otsu_grayscale: F:\projek dosen\prototype riset\hotspot-analyzer\data\PLANAR\EMA\10\20250628\post_hotspot_otsu_grayscale.png (exists: False, type: original)
2025-09-15 20:34:07 - [INFO] - [HOTSPOT FILES]   classification_xml: F:\projek dosen\prototype riset\hotspot-analyzer\data\PLANAR\EMA\10\20250628\post_hotspot_classification.xml (exists: False, type: original)
2025-09-15 20:34:07 - [INFO] - [HOTSPOT FILES]   classification_png: F:\projek dosen\prototype riset\hotspot-analyzer\data\PLANAR\EMA\10\20250628\post_hotspot_classification.png (exists: False, type: original)
2025-09-15 20:34:07 - [INFO] -      Mapped: ant_original.png -> 10_20250628_anterior_original.png
2025-09-15 20:34:07 - [INFO] -      Mapped: post_original.png -> 10_20250628_posterior_original.png
2025-09-15 20:34:07 - [INFO] -      Mapped: ant_segm.png -> 10_20250628_anterior_colored.png
2025-09-15 20:34:07 - [INFO] -      Mapped: post_segm.png -> 10_20250628_posterior_colored.png
2025-09-15 20:34:07 - [INFO] -      Mapped: ant_hotspot_otsu_grayscale.png -> 10_20250628_ant_hotspot_mask.png
2025-09-15 20:34:07 - [INFO] -      Missing: F:\projek dosen\prototype riset\hotspot-analyzer\data\PLANAR\EMA\10\20250628\post_hotspot_otsu_grayscale.png -> 10_20250628_post_hotspot_mask.png
2025-09-15 20:34:07 - [INFO] -      Mapped: ant_hotspot_yolo.xml -> 10_20250628_ant.xml
2025-09-15 20:34:07 - [INFO] -      Mapped: post_hotspot_yolo.xml -> 10_20250628_post.xml
2025-09-15 20:34:07 - [INFO] -      Successfully mapped 7 files for classification
2025-09-15 20:34:07 - [INFO] -      Running classification in temp directory: F:\projek dosen\prototype riset\hotspot-analyzer\data\PLANAR\EMA\10\20250628\temp_classification
2025-09-15 20:34:07 - [INFO] - [SAFE_INFERENCE] Running run_classification_for_patient
2025-09-15 20:34:07 - [INFO] - [MEMORY] run_classification_for_patient - Before: 1633.0 MB
2025-09-15 20:34:07 - [INFO] - [CLASSIFICATION] Starting classification for patient 10
2025-09-15 20:34:07 - [INFO] - [SESSION] Found session code from config: EMA
2025-09-15 20:34:07 - [INFO] - [CLASSIFICATION] Using session: EMA
2025-09-15 20:34:07 - [INFO] -      Starting classification for patient 10
2025-09-15 20:34:07 - [INFO] -      Study date: 20250628
2025-09-15 20:34:07 - [INFO] -      Session: 10
2025-09-15 20:34:07 - [INFO] -      Grayscale conversion: Enabled
2025-09-15 20:34:07 - [INFO] -      Processing anterior view with grayscale conversion...
2025-09-15 20:34:07 - [INFO] -        Found raw_original: 10_20250628_anterior_original.png
2025-09-15 20:34:07 - [INFO] -        Found region_mask: 10_20250628_anterior_colored.png
2025-09-15 20:34:07 - [INFO] -        Found hotspot_mask: 10_20250628_ant_hotspot_mask.png
2025-09-15 20:34:07 - [INFO] -        Found xml_file: 10_20250628_ant.xml
2025-09-15 20:34:07 - [INFO] - [DEBUG] Starting classification inference with automatic conversion
2025-09-15 20:34:07 - [INFO] - [DEBUG] Raw PNG path: 10_20250628_anterior_original.png
2025-09-15 20:34:07 - [INFO] - [DEBUG] Segment path: 10_20250628_anterior_colored.png
2025-09-15 20:34:07 - [INFO] - [DEBUG] Hotspot path: 10_20250628_ant_hotspot_mask.png
2025-09-15 20:34:07 - [INFO] - [DEBUG] XML path: 10_20250628_ant.xml
2025-09-15 20:34:07 - [INFO] - [DEBUG] Raw PNG file exists: 74790 bytes
2025-09-15 20:34:07 - [INFO] - [DEBUG] Segment file exists: 6271 bytes
2025-09-15 20:34:07 - [INFO] - [DEBUG] Hotspot file exists: 387 bytes
2025-09-15 20:34:07 - [INFO] - [DEBUG] XML file exists: 664 bytes
2025-09-15 20:34:07 - [INFO] - [DEBUG] Python path setup completed
2025-09-15 20:34:07 - [INFO] - [DEBUG] Module imported successfully
2025-09-15 20:34:07 - [INFO] - [DEBUG] Model paths updated
2025-09-15 20:34:08 - [INFO] - [DEBUG] Models loaded successfully
2025-09-15 20:34:08 - [INFO] - [DEBUG] Loaded 1 bounding boxes from XML
2025-09-15 20:34:08 - [INFO] - [DEBUG] Bbox 0: {'label': 'Normal', 'bbox': [204, 335, 214, 348], 'xmin': 204, 'ymin': 335, 'xmax': 214, 'ymax': 348}
2025-09-15 20:34:08 - [INFO] - [DEBUG] Image loading test:
2025-09-15 20:34:08 - [INFO] -   Raw: (1024, 256, 1)
2025-09-15 20:34:08 - [INFO] -   Segment: (1024, 256, 3) (colored: True)
2025-09-15 20:34:08 - [INFO] -   Hotspot: (1024, 256, 1)
2025-09-15 20:34:08 - [INFO] - [DEBUG] Starting inference_classification with automatic colored-to-grayscale conversion...
2025-09-15 20:34:08 - [INFO] - [DEBUG] Conversion will create: 10_20250628_anterior_colored_grayscaledSegmentation.png if needed
2025-09-15 20:34:08 - [INFO] - [INFERENCE DEBUG] Starting inference with automatic conversion
2025-09-15 20:34:08 - [INFO] - [INFERENCE DEBUG] Input paths:
2025-09-15 20:34:08 - [INFO] -   Raw: 10_20250628_anterior_original.png
2025-09-15 20:34:08 - [INFO] -   Segment: 10_20250628_anterior_colored.png
2025-09-15 20:34:08 - [INFO] -   Hotspot: 10_20250628_ant_hotspot_mask.png
2025-09-15 20:34:08 - [INFO] -   XML: 1
2025-09-15 20:34:08 - [INFO] - [DEBUG] Checking segmentation: 10_20250628_anterior_colored.png
2025-09-15 20:34:08 - [INFO] - [DEBUG] Detected colored segmentation, converting to grayscale...
2025-09-15 20:34:08 - [INFO] - [DEBUG] Converting colored to grayscale and saving...
2025-09-15 20:34:08 - [DEBUG] - STREAM b'IHDR' 16 13
2025-09-15 20:34:08 - [DEBUG] - STREAM b'IDAT' 41 6214
2025-09-15 20:34:08 - [INFO] - [DEBUG] Saved grayscale segmentation: 10_20250628_anterior_colored_grayscaledSegmentation.png
2025-09-15 20:34:08 - [INFO] - [INFERENCE DEBUG] Using segmentation: 10_20250628_anterior_colored_grayscaledSegmentation.png
2025-09-15 20:34:08 - [INFO] - [INFERENCE DEBUG] Images loaded:
2025-09-15 20:34:08 - [INFO] -   Raw: (1024, 256)
2025-09-15 20:34:08 - [INFO] -   Segment: (1024, 256)
2025-09-15 20:34:08 - [INFO] -   Hotspot: (1024, 256)
2025-09-15 20:34:08 - [INFO] - [INFERENCE DEBUG] Loaded 1 bounding boxes
2025-09-15 20:34:08 - [INFO] - [INFERENCE DEBUG] Processing bbox 0: {'label': 'Normal', 'bbox': [204, 335, 214, 348], 'xmin': 204, 'ymin': 335, 'xmax': 214, 'ymax': 348}
2025-09-15 20:34:08 - [INFO] - [SEGMENT MAPPING] ID 0 → background
2025-09-15 20:34:08 - [INFO] - [INFERENCE DEBUG] Feature extraction failed for bbox 0
2025-09-15 20:34:08 - [INFO] - [INFERENCE DEBUG] No valid features extracted
2025-09-15 20:34:08 - [INFO] - [DEBUG] Classification completed
2025-09-15 20:34:08 - [INFO] - [DEBUG] Result list length: 0
2025-09-15 20:34:08 - [INFO] - [DEBUG] Result mask shape: None
2025-09-15 20:34:08 - [INFO] -      Anterior classification failed
2025-09-15 20:34:08 - [INFO] -      Processing posterior view with grayscale conversion...
2025-09-15 20:34:08 - [INFO] -        Found raw_original: 10_20250628_posterior_original.png
2025-09-15 20:34:08 - [INFO] -        Found region_mask: 10_20250628_posterior_colored.png
2025-09-15 20:34:08 - [INFO] -        Found xml_file: 10_20250628_post.xml
2025-09-15 20:34:08 - [INFO] -      Missing files for posterior: hotspot_mask (10_20250628_post_hotspot_mask.png)
2025-09-15 20:34:08 - [INFO] -      Classification failed for all views
2025-09-15 20:34:08 - [INFO] - [CLASSIFICATION] Classification failed
2025-09-15 20:34:08 - [INFO] - [MEMORY] run_classification_for_patient - After: 1633.9 MB (diff: +0.9 MB)
2025-09-15 20:34:08 - [INFO] - [SAFE_INFERENCE] Completed run_classification_for_patient
2025-09-15 20:34:08 - [INFO] - [SAFE_INFERENCE] Post-cleanup for run_classification_for_patient
2025-09-15 20:34:08 - [INFO] - [CLEANUP] nnUNet cache cleared
2025-09-15 20:34:08 - [INFO] - [CLEANUP] Classification models cleared
2025-09-15 20:34:08 - [INFO] - [CLEANUP] Complete model cleanup finished
2025-09-15 20:34:08 - [INFO] -        Cleaned up temp directory
2025-09-15 20:34:08 - [INFO] -      Classification completed - no classifications generated
2025-09-15 20:34:08 - [INFO] -   >> Running BSI quantification with classification masks...
2025-09-15 20:34:08 - [INFO] - [SESSION] Found session code from config: EMA
2025-09-15 20:34:08 - [INFO] - [PROCESSING] Running V1.2 quantification for patient 10 in session EMA
2025-09-15 20:34:08 - [INFO] -      Starting V1.2 BSI quantification for patient 10
2025-09-15 20:34:08 - [INFO] -      New workflow: Color-based segmentation + Single/Dual view processing
2025-09-15 20:34:08 - [INFO] - 
🔧 [DEBUG WRAPPER GANTENG] ===================
2025-09-15 20:34:08 - [INFO] - 🔧 [DEBUG WRAPPER] Getting quantification input paths:
2025-09-15 20:34:08 - [INFO] - 🔧 [DEBUG WRAPPER]   Patient folder: F:\projek dosen\prototype riset\hotspot-analyzer\data\PLANAR\EMA\10\20250628
2025-09-15 20:34:08 - [INFO] - 🔧 [DEBUG WRAPPER]   Filename stem: 10_20250628
2025-09-15 20:34:08 - [INFO] - 🔧 [DEBUG WRAPPER]   Folder exists: True
2025-09-15 20:34:08 - [INFO] - 🔧 [DEBUG WRAPPER] Classification files:
2025-09-15 20:34:08 - [INFO] - 🔧 [DEBUG WRAPPER]   Anterior mask: False
2025-09-15 20:34:08 - [INFO] - 🔧 [DEBUG WRAPPER]   Posterior mask: False
2025-09-15 20:34:08 - [INFO] - 🔧 [DEBUG WRAPPER] Segmentation files:
2025-09-15 20:34:08 - [INFO] - 🔧 [DEBUG WRAPPER]   Anterior seg: True
2025-09-15 20:34:08 - [INFO] - 🔧 [DEBUG WRAPPER]   Posterior seg: True
2025-09-15 20:34:08 - [INFO] -   [DEBUG QUANT FILES] Getting quantification files for: F:\projek dosen\prototype riset\hotspot-analyzer\data\PLANAR\EMA\10\20250628
2025-09-15 20:34:08 - [INFO] -   [DEBUG QUANT FILES] Detected study_date folder: F:\projek dosen\prototype riset\hotspot-analyzer\data\PLANAR\EMA\10\20250628
2025-09-15 20:34:08 - [INFO] -   [DEBUG QUANT FILES] Generated paths:
2025-09-15 20:34:08 - [INFO] -   [DEBUG QUANT FILES]   bsi_json_ant: F:\projek dosen\prototype riset\hotspot-analyzer\data\PLANAR\EMA\10\20250628\bsi_quantification_ant.json (exists: False)
2025-09-15 20:34:08 - [INFO] -   [DEBUG QUANT FILES]   bsi_json_post: F:\projek dosen\prototype riset\hotspot-analyzer\data\PLANAR\EMA\10\20250628\bsi_quantification_post.json (exists: False)
2025-09-15 20:34:08 - [INFO] - 🔧 [DEBUG WRAPPER] Final paths:
2025-09-15 20:34:08 - [INFO] - 🔧 [DEBUG WRAPPER]   segmentation_anterior: F:\projek dosen\prototype riset\hotspot-analyzer\data\PLANAR\EMA\10\20250628\ant_segm.png (exists: True)
2025-09-15 20:34:08 - [INFO] - 🔧 [DEBUG WRAPPER]   segmentation_posterior: F:\projek dosen\prototype riset\hotspot-analyzer\data\PLANAR\EMA\10\20250628\post_segm.png (exists: True)
2025-09-15 20:34:08 - [INFO] - 🔧 [DEBUG WRAPPER]   hotspot_anterior: F:\projek dosen\prototype riset\hotspot-analyzer\data\PLANAR\EMA\10\20250628\ant_hotspot_classification.png (exists: False)
2025-09-15 20:34:08 - [INFO] - 🔧 [DEBUG WRAPPER]   hotspot_posterior: F:\projek dosen\prototype riset\hotspot-analyzer\data\PLANAR\EMA\10\20250628\post_hotspot_classification.png (exists: False)
2025-09-15 20:34:08 - [INFO] - 🔧 [DEBUG WRAPPER]   output_anterior: F:\projek dosen\prototype riset\hotspot-analyzer\data\PLANAR\EMA\10\20250628\bsi_quantification_ant.json (exists: False)
2025-09-15 20:34:08 - [INFO] - 🔧 [DEBUG WRAPPER]   output_posterior: F:\projek dosen\prototype riset\hotspot-analyzer\data\PLANAR\EMA\10\20250628\bsi_quantification_post.json (exists: False)
2025-09-15 20:34:08 - [INFO] -      Cannot proceed with V1.2 quantification. Missing files: hotspot_anterior (ant_hotspot_classification.png), hotspot_posterior (post_hotspot_classification.png)
2025-09-15 20:34:08 - [INFO] -      Need at least ONE complete pair (anterior OR posterior segmentation + classification)
2025-09-15 20:34:08 - [INFO] - [PROCESSING]  V1.2 quantification failed for 10
2025-09-15 20:34:08 - [INFO] -      BSI quantification failed - missing required files
2025-09-15 20:34:08 - [INFO] -   >> Cloud storage disabled - skipping upload
2025-09-15 20:34:08 - [INFO] -     DICOM processing completed - ORIGINAL DICOM UNTOUCHED
2025-09-15 20:34:08 - [INFO] -   Files saved locally: 6 PNG output files
2025-09-15 20:34:08 - [INFO] -   Views processed: ['Anterior', 'Posterior']
2025-09-15 20:34:08 - [INFO] -   ORIGINAL DICOM: 10.dcm (NO MODIFICATION)
2025-09-15 20:34:08 - [INFO] - ## File 2/3 completed successfully - ORIGINAL DICOM PRESERVED
2025-09-15 20:34:08 - [INFO] - 
## Processing file 3/3: 2.dcm
2025-09-15 20:34:08 - [INFO] - 
=== Processing 2.dcm ===
2025-09-15 20:34:08 - [INFO] -   Patient ID: 2
2025-09-15 20:34:08 - [INFO] -   Study Date: 20250628
2025-09-15 20:34:08 - [INFO] -     Path structure validated: F:\projek dosen\prototype riset\hotspot-analyzer\data\PLANAR\EMA\2\20250628
2025-09-15 20:34:08 - [INFO] -  >> Copying ORIGINAL DICOM without modification...
2025-09-15 20:34:08 - [INFO] -   Copied ORIGINAL → F:\projek dosen\prototype riset\hotspot-analyzer\data\PLA...
2025-09-15 20:34:08 - [INFO] -  >> Loading ORIGINAL DICOM frames with view assignments...
2025-09-15 20:34:08 - [INFO] -   Frames detected: ['anterior', 'posterior']
2025-09-15 20:34:08 - [INFO] -   >> Processing background selections...
2025-09-15 20:34:08 - [INFO] -      Processing anterior with black background
2025-09-15 20:34:08 - [INFO] -   Keeping black background
2025-09-15 20:34:08 - [INFO] -        anterior background processed
2025-09-15 20:34:08 - [INFO] -      Processing posterior with black background
2025-09-15 20:34:08 - [INFO] -   Keeping black background
2025-09-15 20:34:08 - [INFO] -        posterior background processed
2025-09-15 20:34:08 - [INFO] -     Background processing completed
2025-09-15 20:34:08 - [INFO] -   >> Normalized 'anterior' → 'Anterior'
2025-09-15 20:34:08 - [INFO] -   >> Normalized 'posterior' → 'Posterior'
2025-09-15 20:34:08 - [INFO] -     Final views: ['Anterior', 'Posterior']
2025-09-15 20:34:08 - [INFO] -     Normalized views: ['Anterior', 'Posterior']
2025-09-15 20:34:08 - [INFO] -   >> Saving original frames for classification...
2025-09-15 20:34:08 - [INFO] -      Original frame saved: ant_original.png
2025-09-15 20:34:08 - [INFO] -      Original frame saved: post_original.png
2025-09-15 20:34:08 - [INFO] -   >> Generating segmentation masks and colored overlays...
2025-09-15 20:34:08 - [INFO] -   >> [1/2] Processing Anterior
2025-09-15 20:34:08 - [INFO] -      Segmenting bone mask...
2025-09-15 20:34:08 - [INFO] - [SAFE_INFERENCE] Running predict_bone_mask
2025-09-15 20:34:08 - [INFO] - [MEMORY] predict_bone_mask - Before: 1624.0 MB
2025-09-15 20:34:08 - [INFO] - [INFO]  Starting bone mask segmentation...
2025-09-15 20:34:08 - [INFO] - [INFO]  Input image shape: (1024, 256), dtype: uint16
2025-09-15 20:34:08 - [INFO] - [INFO]  Preprocessing: resizing to (256, 1024)...
2025-09-15 20:34:08 - [INFO] - [INFO]  Preprocessing completed
2025-09-15 20:34:08 - [INFO] - [INFO]  Loading segmentation model...
2025-09-15 20:34:08 - [INFO] - [INFO]  Loading bone segmentation model...
2025-09-15 20:34:08 - [INFO] - [INFO]  Model path: F:\projek dosen\prototype riset\hotspot-analyzer\models\s...
2025-09-15 20:34:08 - [INFO] - [INFO]  CUDA available: False – using cpu
2025-09-15 20:34:08 - [INFO] - [INFO]  Primary predictor created successfully (Device: cpu)
2025-09-15 20:34:08 - [INFO] - [INFO]  Switching to CPU-only fallback configuration.
2025-09-15 20:34:08 - [INFO] - [INFO]  Initializing model from trained weights on device: cpu...
2025-09-15 20:34:09 - [INFO] - [INFO]  Bone segmentation model loaded successfully
2025-09-15 20:34:09 - [INFO] - [INFO]  Performing bone segmentation inference...
2025-09-15 20:34:09 - [INFO] - [INFO]  Running sliding window inference...
2025-09-15 20:34:09 - [INFO] - [INFO]  Input image shape: (1024, 256)
2025-09-15 20:34:10 - [INFO] - [INFO]  Prediction completed, output shape: (1024, 256)
2025-09-15 20:34:10 - [INFO] - [INFO]  Segmentation completed in 1.83s
2025-09-15 20:34:10 - [INFO] - [INFO]  Output mask shape: (1024, 256)
2025-09-15 20:34:10 - [INFO] - [INFO]  Unique labels found: [0, 1, 2, 3, 4, 5, 6, 7, 8, 9, 10, 11, 12]
2025-09-15 20:34:10 - [INFO] - [INFO]  Returning raw segmentation mask
2025-09-15 20:34:10 - [INFO] - [MEMORY] predict_bone_mask - After: 1624.4 MB (diff: +0.5 MB)
2025-09-15 20:34:10 - [INFO] - [SAFE_INFERENCE] Completed predict_bone_mask
2025-09-15 20:34:10 - [INFO] - [SAFE_INFERENCE] Post-cleanup for predict_bone_mask
2025-09-15 20:34:10 - [INFO] - [CLEANUP] nnUNet cache cleared
2025-09-15 20:34:10 - [INFO] - [CLEANUP] Classification models cleared
2025-09-15 20:34:10 - [INFO] - [CLEANUP] Complete model cleanup finished
2025-09-15 20:34:10 - [INFO] -      Generating colored overlay...
2025-09-15 20:34:10 - [INFO] - [SAFE_INFERENCE] Running predict_bone_mask
2025-09-15 20:34:10 - [INFO] - [MEMORY] predict_bone_mask - Before: 1624.4 MB
2025-09-15 20:34:10 - [INFO] - [INFO]  Starting bone mask segmentation...
2025-09-15 20:34:10 - [INFO] - [INFO]  Input image shape: (1024, 256), dtype: uint16
2025-09-15 20:34:10 - [INFO] - [INFO]  Preprocessing: resizing to (256, 1024)...
2025-09-15 20:34:10 - [INFO] - [INFO]  Preprocessing completed
2025-09-15 20:34:10 - [INFO] - [INFO]  Loading segmentation model...
2025-09-15 20:34:10 - [INFO] - [INFO]  Loading bone segmentation model...
2025-09-15 20:34:10 - [INFO] - [INFO]  Model path: F:\projek dosen\prototype riset\hotspot-analyzer\models\s...
2025-09-15 20:34:10 - [INFO] - [INFO]  CUDA available: False – using cpu
2025-09-15 20:34:10 - [INFO] - [INFO]  Primary predictor created successfully (Device: cpu)
2025-09-15 20:34:10 - [INFO] - [INFO]  Switching to CPU-only fallback configuration.
2025-09-15 20:34:10 - [INFO] - [INFO]  Initializing model from trained weights on device: cpu...
2025-09-15 20:34:11 - [INFO] - [INFO]  Bone segmentation model loaded successfully
2025-09-15 20:34:11 - [INFO] - [INFO]  Performing bone segmentation inference...
2025-09-15 20:34:11 - [INFO] - [INFO]  Running sliding window inference...
2025-09-15 20:34:11 - [INFO] - [INFO]  Input image shape: (1024, 256)
2025-09-15 20:34:12 - [INFO] - [INFO]  Prediction completed, output shape: (1024, 256)
2025-09-15 20:34:12 - [INFO] - [INFO]  Segmentation completed in 1.82s
2025-09-15 20:34:12 - [INFO] - [INFO]  Output mask shape: (1024, 256)
2025-09-15 20:34:12 - [INFO] - [INFO]  Unique labels found: [0, 1, 2, 3, 4, 5, 6, 7, 8, 9, 10, 11, 12]
2025-09-15 20:34:12 - [INFO] - [INFO]  Converting mask to colored RGB image...
2025-09-15 20:34:12 - [INFO] - [INFO]  RGB conversion completed, shape: (1024, 256, 3)
2025-09-15 20:34:12 - [INFO] - [MEMORY] predict_bone_mask - After: 1627.5 MB (diff: +3.0 MB)
2025-09-15 20:34:12 - [INFO] - [SAFE_INFERENCE] Completed predict_bone_mask
2025-09-15 20:34:12 - [INFO] - [SAFE_INFERENCE] Post-cleanup for predict_bone_mask
2025-09-15 20:34:12 - [INFO] - [CLEANUP] nnUNet cache cleared
2025-09-15 20:34:12 - [INFO] - [CLEANUP] Classification models cleared
2025-09-15 20:34:12 - [INFO] - [CLEANUP] Complete model cleanup finished
2025-09-15 20:34:12 - [INFO] -      Segmentation completed for Anterior
2025-09-15 20:34:12 - [INFO] -        Saved: ant_mask.png, ant_segm.png
2025-09-15 20:34:12 - [INFO] -   >> [2/2] Processing Posterior
2025-09-15 20:34:12 - [INFO] -      Segmenting bone mask...
2025-09-15 20:34:12 - [INFO] - [SAFE_INFERENCE] Running predict_bone_mask
2025-09-15 20:34:12 - [INFO] - [MEMORY] predict_bone_mask - Before: 1627.5 MB
2025-09-15 20:34:12 - [INFO] - [INFO]  Starting bone mask segmentation...
2025-09-15 20:34:12 - [INFO] - [INFO]  Input image shape: (1024, 256), dtype: uint16
2025-09-15 20:34:12 - [INFO] - [INFO]  Preprocessing: resizing to (256, 1024)...
2025-09-15 20:34:12 - [INFO] - [INFO]  Preprocessing completed
2025-09-15 20:34:12 - [INFO] - [INFO]  Loading segmentation model...
2025-09-15 20:34:12 - [INFO] - [INFO]  Loading bone segmentation model...
2025-09-15 20:34:12 - [INFO] - [INFO]  Model path: F:\projek dosen\prototype riset\hotspot-analyzer\models\s...
2025-09-15 20:34:12 - [INFO] - [INFO]  CUDA available: False – using cpu
2025-09-15 20:34:12 - [INFO] - [INFO]  Primary predictor created successfully (Device: cpu)
2025-09-15 20:34:12 - [INFO] - [INFO]  Switching to CPU-only fallback configuration.
2025-09-15 20:34:12 - [INFO] - [INFO]  Initializing model from trained weights on device: cpu...
2025-09-15 20:34:13 - [INFO] - [INFO]  Bone segmentation model loaded successfully
2025-09-15 20:34:13 - [INFO] - [INFO]  Performing bone segmentation inference...
2025-09-15 20:34:13 - [INFO] - [INFO]  Running sliding window inference...
2025-09-15 20:34:13 - [INFO] - [INFO]  Input image shape: (1024, 256)
2025-09-15 20:34:14 - [INFO] - [INFO]  Prediction completed, output shape: (1024, 256)
2025-09-15 20:34:14 - [INFO] - [INFO]  Segmentation completed in 1.81s
2025-09-15 20:34:14 - [INFO] - [INFO]  Output mask shape: (1024, 256)
2025-09-15 20:34:14 - [INFO] - [INFO]  Unique labels found: [0, 1, 2, 3, 4, 6, 7, 8, 9, 10, 11, 12]
2025-09-15 20:34:14 - [INFO] - [INFO]  Returning raw segmentation mask
2025-09-15 20:34:14 - [INFO] - [MEMORY] predict_bone_mask - After: 1623.8 MB (diff: -3.7 MB)
2025-09-15 20:34:14 - [INFO] - [SAFE_INFERENCE] Completed predict_bone_mask
2025-09-15 20:34:14 - [INFO] - [SAFE_INFERENCE] Post-cleanup for predict_bone_mask
2025-09-15 20:34:14 - [INFO] - [CLEANUP] nnUNet cache cleared
2025-09-15 20:34:14 - [INFO] - [CLEANUP] Classification models cleared
2025-09-15 20:34:14 - [INFO] - [CLEANUP] Complete model cleanup finished
2025-09-15 20:34:14 - [INFO] -      Generating colored overlay...
2025-09-15 20:34:14 - [INFO] - [SAFE_INFERENCE] Running predict_bone_mask
2025-09-15 20:34:14 - [INFO] - [MEMORY] predict_bone_mask - Before: 1623.8 MB
2025-09-15 20:34:14 - [INFO] - [INFO]  Starting bone mask segmentation...
2025-09-15 20:34:14 - [INFO] - [INFO]  Input image shape: (1024, 256), dtype: uint16
2025-09-15 20:34:14 - [INFO] - [INFO]  Preprocessing: resizing to (256, 1024)...
2025-09-15 20:34:14 - [INFO] - [INFO]  Preprocessing completed
2025-09-15 20:34:14 - [INFO] - [INFO]  Loading segmentation model...
2025-09-15 20:34:14 - [INFO] - [INFO]  Loading bone segmentation model...
2025-09-15 20:34:14 - [INFO] - [INFO]  Model path: F:\projek dosen\prototype riset\hotspot-analyzer\models\s...
2025-09-15 20:34:14 - [INFO] - [INFO]  CUDA available: False – using cpu
2025-09-15 20:34:14 - [INFO] - [INFO]  Primary predictor created successfully (Device: cpu)
2025-09-15 20:34:14 - [INFO] - [INFO]  Switching to CPU-only fallback configuration.
2025-09-15 20:34:14 - [INFO] - [INFO]  Initializing model from trained weights on device: cpu...
2025-09-15 20:34:15 - [INFO] - [INFO]  Bone segmentation model loaded successfully
2025-09-15 20:34:15 - [INFO] - [INFO]  Performing bone segmentation inference...
2025-09-15 20:34:15 - [INFO] - [INFO]  Running sliding window inference...
2025-09-15 20:34:15 - [INFO] - [INFO]  Input image shape: (1024, 256)
2025-09-15 20:34:16 - [INFO] - [INFO]  Prediction completed, output shape: (1024, 256)
2025-09-15 20:34:16 - [INFO] - [INFO]  Segmentation completed in 1.83s
2025-09-15 20:34:16 - [INFO] - [INFO]  Output mask shape: (1024, 256)
2025-09-15 20:34:16 - [INFO] - [INFO]  Unique labels found: [0, 1, 2, 3, 4, 6, 7, 8, 9, 10, 11, 12]
2025-09-15 20:34:16 - [INFO] - [INFO]  Converting mask to colored RGB image...
2025-09-15 20:34:16 - [INFO] - [INFO]  RGB conversion completed, shape: (1024, 256, 3)
2025-09-15 20:34:16 - [INFO] - [MEMORY] predict_bone_mask - After: 1627.2 MB (diff: +3.3 MB)
2025-09-15 20:34:16 - [INFO] - [SAFE_INFERENCE] Completed predict_bone_mask
2025-09-15 20:34:16 - [INFO] - [SAFE_INFERENCE] Post-cleanup for predict_bone_mask
2025-09-15 20:34:16 - [INFO] - [CLEANUP] nnUNet cache cleared
2025-09-15 20:34:16 - [INFO] - [CLEANUP] Classification models cleared
2025-09-15 20:34:16 - [INFO] - [CLEANUP] Complete model cleanup finished
2025-09-15 20:34:16 - [INFO] -      Segmentation completed for Posterior
2025-09-15 20:34:16 - [INFO] -        Saved: post_mask.png, post_segm.png
2025-09-15 20:34:16 - [INFO] -   >> Running YOLO hotspot detection...
2025-09-15 20:34:16 - [INFO] - [SAFE_INFERENCE] Running run_yolo_detection_wrapper
2025-09-15 20:34:16 - [INFO] - [MEMORY] run_yolo_detection_wrapper - Before: 1627.2 MB
2025-09-15 20:34:16 - [INFO] - [YOLO WRAPPER] Starting YOLO detection for 2
2025-09-15 20:34:16 - [INFO] - [YOLO WRAPPER] Model path: F:\projek dosen\prototype riset\hotspot-analyzer\models\hotspot_detection\models\model_detection_hs_yolov8.pt
2025-09-15 20:34:16 - [INFO] - [YOLO WRAPPER] DICOM path: F:\projek dosen\prototype riset\hotspot-analyzer\data\PLANAR\EMA\2\20250628\2.dcm
2025-09-15 20:34:16 - [INFO] - [SAFE_INFERENCE] Running run_yolo_detection_for_patient
2025-09-15 20:34:16 - [INFO] - [MEMORY] run_yolo_detection_for_patient - Before: 1627.2 MB
2025-09-15 20:34:16 - [INFO] - [YOLO WRAPPER] Starting detection for patient 2
2025-09-15 20:34:16 - [INFO] - [YOLO WRAPPER] DICOM file: F:\projek dosen\prototype riset\hotspot-analyzer\data\PLANAR\EMA\2\20250628\2.dcm
2025-09-15 20:34:16 - [INFO] - [YOLO] FORCING model load - application requires YOLO functionality
2025-09-15 20:34:16 - [INFO] - [YOLO WRAPPER] Extracted session from path: EMA
2025-09-15 20:34:16 - [INFO] - [DETECTION] Processing DICOM: F:\projek dosen\prototype riset\hotspot-analyzer\data\PLANAR\EMA\2\20250628\2.dcm
2025-09-15 20:34:16 - [INFO] - [DETECTION] FORCED YOLO execution - application requires this functionality
2025-09-15 20:34:16 - [INFO] - [DETECTION] Patient: 2, Session: EMA, Study Date: 20250628
2025-09-15 20:34:16 - [INFO] - [DETECTION] Loaded 2 frames: ['anterior', 'posterior']
2025-09-15 20:34:16 - [INFO] - [DETECTION] Processing view: anterior -> anterior
2025-09-15 20:34:16 - [INFO] - [HOTSPOT FILES] Final selection for ant:
2025-09-15 20:34:16 - [INFO] - [HOTSPOT FILES]   yolo_xml: F:\projek dosen\prototype riset\hotspot-analyzer\data\PLANAR\EMA\2\20250628\ant_hotspot_yolo.xml (exists: False, type: original)
2025-09-15 20:34:16 - [INFO] - [HOTSPOT FILES]   otsu_colored: F:\projek dosen\prototype riset\hotspot-analyzer\data\PLANAR\EMA\2\20250628\ant_hotspot_otsu_colored.png (exists: False, type: original)
2025-09-15 20:34:16 - [INFO] - [HOTSPOT FILES]   otsu_colored_blend: F:\projek dosen\prototype riset\hotspot-analyzer\data\PLANAR\EMA\2\20250628\ant_hotspot_otsu_colored_blend.png (exists: False, type: original)
2025-09-15 20:34:16 - [INFO] - [HOTSPOT FILES]   otsu_grayscale: F:\projek dosen\prototype riset\hotspot-analyzer\data\PLANAR\EMA\2\20250628\ant_hotspot_otsu_grayscale.png (exists: False, type: original)
2025-09-15 20:34:16 - [INFO] - [HOTSPOT FILES]   classification_xml: F:\projek dosen\prototype riset\hotspot-analyzer\data\PLANAR\EMA\2\20250628\ant_hotspot_classification.xml (exists: False, type: original)
2025-09-15 20:34:16 - [INFO] - [HOTSPOT FILES]   classification_png: F:\projek dosen\prototype riset\hotspot-analyzer\data\PLANAR\EMA\2\20250628\ant_hotspot_classification.png (exists: False, type: original)
2025-09-15 20:34:16 - [INFO] - [DETECTION] Running YOLO on anterior view...
2025-09-15 20:34:16 - [INFO] - [YOLO] FORCING model load - application critical functionality
2025-09-15 20:34:16 - [INFO] - [YOLO] Loading model on-demand (FORCED, thread-safe)...
2025-09-15 20:34:16 - [INFO] - [YOLO] FORCING model initialization - critical for application
2025-09-15 20:34:16 - [INFO] - [YOLO] Attempting to load model from: F:\projek dosen\prototype riset\hotspot-analyzer\models\hotspot_detection\models\model_detection_hs_yolov8.pt
2025-09-15 20:34:16 - [INFO] - [YOLO] Model loaded successfully (FORCED CPU mode)
2025-09-15 20:34:16 - [INFO] - [DETECTION] No detections found, creating empty XML for pipeline continuity
2025-09-15 20:34:16 - [INFO] - [DETECTION] No hotspots detected in anterior
2025-09-15 20:34:16 - [INFO] - [XML] Saved detection XML to: F:\projek dosen\prototype riset\hotspot-analyzer\data\PLANAR\EMA\2\20250628\ant_hotspot_yolo.xml
2025-09-15 20:34:16 - [INFO] - [DETECTION] Processing view: posterior -> posterior
2025-09-15 20:34:16 - [INFO] - [HOTSPOT FILES] Final selection for post:
2025-09-15 20:34:16 - [INFO] - [HOTSPOT FILES]   yolo_xml: F:\projek dosen\prototype riset\hotspot-analyzer\data\PLANAR\EMA\2\20250628\post_hotspot_yolo.xml (exists: False, type: original)
2025-09-15 20:34:16 - [INFO] - [HOTSPOT FILES]   otsu_colored: F:\projek dosen\prototype riset\hotspot-analyzer\data\PLANAR\EMA\2\20250628\post_hotspot_otsu_colored.png (exists: False, type: original)
2025-09-15 20:34:16 - [INFO] - [HOTSPOT FILES]   otsu_colored_blend: F:\projek dosen\prototype riset\hotspot-analyzer\data\PLANAR\EMA\2\20250628\post_hotspot_otsu_colored_blend.png (exists: False, type: original)
2025-09-15 20:34:16 - [INFO] - [HOTSPOT FILES]   otsu_grayscale: F:\projek dosen\prototype riset\hotspot-analyzer\data\PLANAR\EMA\2\20250628\post_hotspot_otsu_grayscale.png (exists: False, type: original)
2025-09-15 20:34:16 - [INFO] - [HOTSPOT FILES]   classification_xml: F:\projek dosen\prototype riset\hotspot-analyzer\data\PLANAR\EMA\2\20250628\post_hotspot_classification.xml (exists: False, type: original)
2025-09-15 20:34:16 - [INFO] - [HOTSPOT FILES]   classification_png: F:\projek dosen\prototype riset\hotspot-analyzer\data\PLANAR\EMA\2\20250628\post_hotspot_classification.png (exists: False, type: original)
2025-09-15 20:34:16 - [INFO] - [DETECTION] Running YOLO on posterior view...
2025-09-15 20:34:16 - [INFO] - [DETECTION] No detections found, creating empty XML for pipeline continuity
2025-09-15 20:34:16 - [INFO] - [DETECTION] No hotspots detected in posterior
2025-09-15 20:34:16 - [INFO] - [XML] Saved detection XML to: F:\projek dosen\prototype riset\hotspot-analyzer\data\PLANAR\EMA\2\20250628\post_hotspot_yolo.xml
2025-09-15 20:34:16 - [INFO] - [YOLO WRAPPER] Detection completed:
2025-09-15 20:34:16 - [INFO] -   Anterior: ✓
2025-09-15 20:34:16 - [INFO] -   Posterior: ✓
2025-09-15 20:34:16 - [INFO] - [MEMORY] run_yolo_detection_for_patient - After: 1626.9 MB (diff: -0.3 MB)
2025-09-15 20:34:16 - [INFO] - [SAFE_INFERENCE] Completed run_yolo_detection_for_patient
2025-09-15 20:34:16 - [INFO] - [SAFE_INFERENCE] Post-cleanup for run_yolo_detection_for_patient
2025-09-15 20:34:16 - [INFO] - [CLEANUP] YOLO model cleared
2025-09-15 20:34:16 - [INFO] - [CLEANUP] nnUNet cache cleared
2025-09-15 20:34:16 - [INFO] - [CLEANUP] Classification models cleared
2025-09-15 20:34:16 - [INFO] - [CLEANUP] Complete model cleanup finished
2025-09-15 20:34:16 - [INFO] - [YOLO WRAPPER] Detection completed with results: {'anterior': True, 'posterior': True}
2025-09-15 20:34:16 - [INFO] - [MEMORY] run_yolo_detection_wrapper - After: 1626.9 MB (diff: -0.4 MB)
2025-09-15 20:34:16 - [INFO] - [SAFE_INFERENCE] Completed run_yolo_detection_wrapper
2025-09-15 20:34:16 - [INFO] - [SAFE_INFERENCE] Post-cleanup for run_yolo_detection_wrapper
2025-09-15 20:34:16 - [INFO] - [CLEANUP] nnUNet cache cleared
2025-09-15 20:34:16 - [INFO] - [CLEANUP] Classification models cleared
2025-09-15 20:34:16 - [INFO] - [CLEANUP] Complete model cleanup finished
2025-09-15 20:34:16 - [INFO] -      YOLO detection completed - XML files created
2025-09-15 20:34:16 - [INFO] -   >> Running Otsu hotspot processing...
2025-09-15 20:34:16 - [INFO] - [SAFE_INFERENCE] Running run_hotspot_processing_in_process
2025-09-15 20:34:16 - [INFO] - [MEMORY] run_hotspot_processing_in_process - Before: 1626.9 MB
2025-09-15 20:34:16 - [INFO] - --- MENJALANKAN FUNGSI HOTSPOT DENGAN LOGIKA PENYIMPANAN FILE ---
2025-09-15 20:34:16 - [INFO] - [SESSION] Found session code from config: EMA
2025-09-15 20:34:16 - [INFO] - [DEBUG] Using session: EMA, patient: 2, study_date: 20250628
2025-09-15 20:34:16 - [INFO] - [DEBUG] Expected patient folder: F:\projek dosen\prototype riset\hotspot-analyzer\data\PLANAR\EMA\2\20250628
2025-09-15 20:34:16 - [INFO] - 
  [DEBUG PRIORITY GANTENG] ===================
2025-09-15 20:34:16 - [INFO] -   [DEBUG PRIORITY] Looking for: ant_hotspot_classification.png
2025-09-15 20:34:16 - [INFO] -   [DEBUG PRIORITY] In path: F:\projek dosen\prototype riset\hotspot-analyzer\data\PLANAR\EMA\2\20250628
2025-09-15 20:34:16 - [INFO] -   [DEBUG PRIORITY] Session code: None
2025-09-15 20:34:16 - [INFO] -   [DEBUG PRIORITY] Original file: F:\projek dosen\prototype riset\hotspot-analyzer\data\PLANAR\EMA\2\20250628\ant_hotspot_classification.png
2025-09-15 20:34:16 - [INFO] -   [DEBUG PRIORITY] Original exists: False
2025-09-15 20:34:16 - [INFO] -   [DEBUG PRIORITY] File is editable, checking for timestamp version...
2025-09-15 20:34:16 - [INFO] - 
  [DEBUG TIMESTAMP GANTENG] ===================
2025-09-15 20:34:16 - [INFO] -   [DEBUG TIMESTAMP] Looking for: ant_hotspot_classification.png
2025-09-15 20:34:16 - [INFO] -   [DEBUG TIMESTAMP] In folder: F:\projek dosen\prototype riset\hotspot-analyzer\data\PLANAR\EMA\2\20250628
2025-09-15 20:34:16 - [INFO] -   [DEBUG TIMESTAMP] Session code: None
2025-09-15 20:34:16 - [INFO] -   [DEBUG TIMESTAMP] Is editable: True
2025-09-15 20:34:16 - [INFO] -   [DEBUG TIMESTAMP] Folder contents:
2025-09-15 20:34:16 - [INFO] -   [DEBUG TIMESTAMP]   FILE: 2.dcm
2025-09-15 20:34:16 - [INFO] -   [DEBUG TIMESTAMP]   FILE: ant_hotspot_yolo.xml
2025-09-15 20:34:16 - [INFO] -   [DEBUG TIMESTAMP]   FILE: ant_mask.png
2025-09-15 20:34:16 - [INFO] -   [DEBUG TIMESTAMP]   FILE: ant_original.png
2025-09-15 20:34:16 - [INFO] -   [DEBUG TIMESTAMP]   FILE: ant_segm.png
2025-09-15 20:34:16 - [INFO] -   [DEBUG TIMESTAMP]   FILE: post_hotspot_yolo.xml
2025-09-15 20:34:16 - [INFO] -   [DEBUG TIMESTAMP]   FILE: post_mask.png
2025-09-15 20:34:16 - [INFO] -   [DEBUG TIMESTAMP]   FILE: post_original.png
2025-09-15 20:34:16 - [INFO] -   [DEBUG TIMESTAMP]   FILE: post_segm.png
2025-09-15 20:34:16 - [INFO] -   [DEBUG TIMESTAMP] Running get_latest_timestamp_file...
2025-09-15 20:34:16 - [INFO] -   [DEBUG TIMESTAMP] Result: None
2025-09-15 20:34:16 - [INFO] -   [DEBUG PRIORITY]  No edited version found
2025-09-15 20:34:16 - [INFO] -   [DEBUG PRIORITY]  No file found at all
2025-09-15 20:34:16 - [INFO] - [PRIORITY] Using original PNG: F:\projek dosen\prototype riset\hotspot-analyzer\data\PLANAR\EMA\2\20250628\ant_hotspot_classification.png
2025-09-15 20:34:16 - [INFO] - [HOTSPOT FILES] Final selection for ant:
2025-09-15 20:34:16 - [INFO] - [HOTSPOT FILES]   yolo_xml: F:\projek dosen\prototype riset\hotspot-analyzer\data\PLANAR\EMA\2\20250628\ant_hotspot_yolo.xml (exists: True, type: original)
2025-09-15 20:34:16 - [INFO] - [HOTSPOT FILES]   otsu_colored: F:\projek dosen\prototype riset\hotspot-analyzer\data\PLANAR\EMA\2\20250628\ant_hotspot_otsu_colored.png (exists: False, type: original)
2025-09-15 20:34:16 - [INFO] - [HOTSPOT FILES]   otsu_colored_blend: F:\projek dosen\prototype riset\hotspot-analyzer\data\PLANAR\EMA\2\20250628\ant_hotspot_otsu_colored_blend.png (exists: False, type: original)
2025-09-15 20:34:16 - [INFO] - [HOTSPOT FILES]   otsu_grayscale: F:\projek dosen\prototype riset\hotspot-analyzer\data\PLANAR\EMA\2\20250628\ant_hotspot_otsu_grayscale.png (exists: False, type: original)
2025-09-15 20:34:16 - [INFO] - [HOTSPOT FILES]   classification_xml: F:\projek dosen\prototype riset\hotspot-analyzer\data\PLANAR\EMA\2\20250628\ant_hotspot_classification.xml (exists: False, type: original)
2025-09-15 20:34:16 - [INFO] - [HOTSPOT FILES]   classification_png: F:\projek dosen\prototype riset\hotspot-analyzer\data\PLANAR\EMA\2\20250628\ant_hotspot_classification.png (exists: False, type: original)
2025-09-15 20:34:16 - [INFO] - 
  [DEBUG PRIORITY GANTENG] ===================
2025-09-15 20:34:16 - [INFO] -   [DEBUG PRIORITY] Looking for: post_hotspot_classification.png
2025-09-15 20:34:16 - [INFO] -   [DEBUG PRIORITY] In path: F:\projek dosen\prototype riset\hotspot-analyzer\data\PLANAR\EMA\2\20250628
2025-09-15 20:34:16 - [INFO] -   [DEBUG PRIORITY] Session code: None
2025-09-15 20:34:16 - [INFO] -   [DEBUG PRIORITY] Original file: F:\projek dosen\prototype riset\hotspot-analyzer\data\PLANAR\EMA\2\20250628\post_hotspot_classification.png
2025-09-15 20:34:16 - [INFO] -   [DEBUG PRIORITY] Original exists: False
2025-09-15 20:34:16 - [INFO] -   [DEBUG PRIORITY] File is editable, checking for timestamp version...
2025-09-15 20:34:16 - [INFO] - 
  [DEBUG TIMESTAMP GANTENG] ===================
2025-09-15 20:34:16 - [INFO] -   [DEBUG TIMESTAMP] Looking for: post_hotspot_classification.png
2025-09-15 20:34:16 - [INFO] -   [DEBUG TIMESTAMP] In folder: F:\projek dosen\prototype riset\hotspot-analyzer\data\PLANAR\EMA\2\20250628
2025-09-15 20:34:16 - [INFO] -   [DEBUG TIMESTAMP] Session code: None
2025-09-15 20:34:16 - [INFO] -   [DEBUG TIMESTAMP] Is editable: True
2025-09-15 20:34:16 - [INFO] -   [DEBUG TIMESTAMP] Folder contents:
2025-09-15 20:34:16 - [INFO] -   [DEBUG TIMESTAMP]   FILE: 2.dcm
2025-09-15 20:34:16 - [INFO] -   [DEBUG TIMESTAMP]   FILE: ant_hotspot_yolo.xml
2025-09-15 20:34:16 - [INFO] -   [DEBUG TIMESTAMP]   FILE: ant_mask.png
2025-09-15 20:34:16 - [INFO] -   [DEBUG TIMESTAMP]   FILE: ant_original.png
2025-09-15 20:34:16 - [INFO] -   [DEBUG TIMESTAMP]   FILE: ant_segm.png
2025-09-15 20:34:16 - [INFO] -   [DEBUG TIMESTAMP]   FILE: post_hotspot_yolo.xml
2025-09-15 20:34:16 - [INFO] -   [DEBUG TIMESTAMP]   FILE: post_mask.png
2025-09-15 20:34:16 - [INFO] -   [DEBUG TIMESTAMP]   FILE: post_original.png
2025-09-15 20:34:16 - [INFO] -   [DEBUG TIMESTAMP]   FILE: post_segm.png
2025-09-15 20:34:16 - [INFO] -   [DEBUG TIMESTAMP] Running get_latest_timestamp_file...
2025-09-15 20:34:16 - [INFO] -   [DEBUG TIMESTAMP] Result: None
2025-09-15 20:34:16 - [INFO] -   [DEBUG PRIORITY]  No edited version found
2025-09-15 20:34:16 - [INFO] -   [DEBUG PRIORITY]  No file found at all
2025-09-15 20:34:16 - [INFO] - [PRIORITY] Using original PNG: F:\projek dosen\prototype riset\hotspot-analyzer\data\PLANAR\EMA\2\20250628\post_hotspot_classification.png
2025-09-15 20:34:16 - [INFO] - [HOTSPOT FILES] Final selection for post:
2025-09-15 20:34:16 - [INFO] - [HOTSPOT FILES]   yolo_xml: F:\projek dosen\prototype riset\hotspot-analyzer\data\PLANAR\EMA\2\20250628\post_hotspot_yolo.xml (exists: True, type: original)
2025-09-15 20:34:16 - [INFO] - [HOTSPOT FILES]   otsu_colored: F:\projek dosen\prototype riset\hotspot-analyzer\data\PLANAR\EMA\2\20250628\post_hotspot_otsu_colored.png (exists: False, type: original)
2025-09-15 20:34:16 - [INFO] - [HOTSPOT FILES]   otsu_colored_blend: F:\projek dosen\prototype riset\hotspot-analyzer\data\PLANAR\EMA\2\20250628\post_hotspot_otsu_colored_blend.png (exists: False, type: original)
2025-09-15 20:34:16 - [INFO] - [HOTSPOT FILES]   otsu_grayscale: F:\projek dosen\prototype riset\hotspot-analyzer\data\PLANAR\EMA\2\20250628\post_hotspot_otsu_grayscale.png (exists: False, type: original)
2025-09-15 20:34:16 - [INFO] - [HOTSPOT FILES]   classification_xml: F:\projek dosen\prototype riset\hotspot-analyzer\data\PLANAR\EMA\2\20250628\post_hotspot_classification.xml (exists: False, type: original)
2025-09-15 20:34:16 - [INFO] - [HOTSPOT FILES]   classification_png: F:\projek dosen\prototype riset\hotspot-analyzer\data\PLANAR\EMA\2\20250628\post_hotspot_classification.png (exists: False, type: original)
2025-09-15 20:34:16 - [INFO] - [DEBUG] Processing anterior with XML: F:\projek dosen\prototype riset\hotspot-analyzer\data\PLANAR\EMA\2\20250628\ant_hotspot_yolo.xml
2025-09-15 20:34:16 - [INFO] - [PROCESS] Anterior processing failed, using original frame
2025-09-15 20:34:16 - [INFO] - [DEBUG] Processing posterior with XML: F:\projek dosen\prototype riset\hotspot-analyzer\data\PLANAR\EMA\2\20250628\post_hotspot_yolo.xml
2025-09-15 20:34:16 - [INFO] - [PROCESS] Posterior processing failed, using original frame
2025-09-15 20:34:16 - [INFO] - [PROCESS] Hotspot processing completed for 2.dcm
2025-09-15 20:34:16 - [INFO] - [MEMORY] run_hotspot_processing_in_process - After: 1627.3 MB (diff: +0.4 MB)
2025-09-15 20:34:16 - [INFO] - [SAFE_INFERENCE] Completed run_hotspot_processing_in_process
2025-09-15 20:34:16 - [INFO] - [SAFE_INFERENCE] Post-cleanup for run_hotspot_processing_in_process
2025-09-15 20:34:16 - [INFO] - [CLEANUP] nnUNet cache cleared
2025-09-15 20:34:16 - [INFO] - [CLEANUP] Classification models cleared
2025-09-15 20:34:17 - [INFO] - [CLEANUP] Complete model cleanup finished
2025-09-15 20:34:17 - [INFO] -      Otsu processing completed - hotspot PNG files created
2025-09-15 20:34:17 - [INFO] -   >> Running hotspot classification inference...
2025-09-15 20:34:17 - [INFO] - [HOTSPOT FILES] Final selection for ant:
2025-09-15 20:34:17 - [INFO] - [HOTSPOT FILES]   yolo_xml: F:\projek dosen\prototype riset\hotspot-analyzer\data\PLANAR\EMA\2\20250628\ant_hotspot_yolo.xml (exists: True, type: original)
2025-09-15 20:34:17 - [INFO] - [HOTSPOT FILES]   otsu_colored: F:\projek dosen\prototype riset\hotspot-analyzer\data\PLANAR\EMA\2\20250628\ant_hotspot_otsu_colored.png (exists: False, type: original)
2025-09-15 20:34:17 - [INFO] - [HOTSPOT FILES]   otsu_colored_blend: F:\projek dosen\prototype riset\hotspot-analyzer\data\PLANAR\EMA\2\20250628\ant_hotspot_otsu_colored_blend.png (exists: False, type: original)
2025-09-15 20:34:17 - [INFO] - [HOTSPOT FILES]   otsu_grayscale: F:\projek dosen\prototype riset\hotspot-analyzer\data\PLANAR\EMA\2\20250628\ant_hotspot_otsu_grayscale.png (exists: False, type: original)
2025-09-15 20:34:17 - [INFO] - [HOTSPOT FILES]   classification_xml: F:\projek dosen\prototype riset\hotspot-analyzer\data\PLANAR\EMA\2\20250628\ant_hotspot_classification.xml (exists: False, type: original)
2025-09-15 20:34:17 - [INFO] - [HOTSPOT FILES]   classification_png: F:\projek dosen\prototype riset\hotspot-analyzer\data\PLANAR\EMA\2\20250628\ant_hotspot_classification.png (exists: False, type: original)
2025-09-15 20:34:17 - [INFO] - [HOTSPOT FILES] Final selection for post:
2025-09-15 20:34:17 - [INFO] - [HOTSPOT FILES]   yolo_xml: F:\projek dosen\prototype riset\hotspot-analyzer\data\PLANAR\EMA\2\20250628\post_hotspot_yolo.xml (exists: True, type: original)
2025-09-15 20:34:17 - [INFO] - [HOTSPOT FILES]   otsu_colored: F:\projek dosen\prototype riset\hotspot-analyzer\data\PLANAR\EMA\2\20250628\post_hotspot_otsu_colored.png (exists: False, type: original)
2025-09-15 20:34:17 - [INFO] - [HOTSPOT FILES]   otsu_colored_blend: F:\projek dosen\prototype riset\hotspot-analyzer\data\PLANAR\EMA\2\20250628\post_hotspot_otsu_colored_blend.png (exists: False, type: original)
2025-09-15 20:34:17 - [INFO] - [HOTSPOT FILES]   otsu_grayscale: F:\projek dosen\prototype riset\hotspot-analyzer\data\PLANAR\EMA\2\20250628\post_hotspot_otsu_grayscale.png (exists: False, type: original)
2025-09-15 20:34:17 - [INFO] - [HOTSPOT FILES]   classification_xml: F:\projek dosen\prototype riset\hotspot-analyzer\data\PLANAR\EMA\2\20250628\post_hotspot_classification.xml (exists: False, type: original)
2025-09-15 20:34:17 - [INFO] - [HOTSPOT FILES]   classification_png: F:\projek dosen\prototype riset\hotspot-analyzer\data\PLANAR\EMA\2\20250628\post_hotspot_classification.png (exists: False, type: original)
2025-09-15 20:34:17 - [INFO] -      Mapped: ant_original.png -> 2_20250628_anterior_original.png
2025-09-15 20:34:17 - [INFO] -      Mapped: post_original.png -> 2_20250628_posterior_original.png
2025-09-15 20:34:17 - [INFO] -      Mapped: ant_segm.png -> 2_20250628_anterior_colored.png
2025-09-15 20:34:17 - [INFO] -      Mapped: post_segm.png -> 2_20250628_posterior_colored.png
2025-09-15 20:34:17 - [INFO] -      Missing: F:\projek dosen\prototype riset\hotspot-analyzer\data\PLANAR\EMA\2\20250628\ant_hotspot_otsu_grayscale.png -> 2_20250628_ant_hotspot_mask.png
2025-09-15 20:34:17 - [INFO] -      Missing: F:\projek dosen\prototype riset\hotspot-analyzer\data\PLANAR\EMA\2\20250628\post_hotspot_otsu_grayscale.png -> 2_20250628_post_hotspot_mask.png
2025-09-15 20:34:17 - [INFO] -      Mapped: ant_hotspot_yolo.xml -> 2_20250628_ant.xml
2025-09-15 20:34:17 - [INFO] -      Mapped: post_hotspot_yolo.xml -> 2_20250628_post.xml
2025-09-15 20:34:17 - [INFO] -      Successfully mapped 6 files for classification
2025-09-15 20:34:17 - [INFO] -      Running classification in temp directory: F:\projek dosen\prototype riset\hotspot-analyzer\data\PLANAR\EMA\2\20250628\temp_classification
2025-09-15 20:34:17 - [INFO] - [SAFE_INFERENCE] Running run_classification_for_patient
2025-09-15 20:34:17 - [INFO] - [MEMORY] run_classification_for_patient - Before: 1627.5 MB
2025-09-15 20:34:17 - [INFO] - [CLASSIFICATION] Starting classification for patient 2
2025-09-15 20:34:17 - [INFO] - [SESSION] Found session code from config: EMA
2025-09-15 20:34:17 - [INFO] - [CLASSIFICATION] Using session: EMA
2025-09-15 20:34:17 - [INFO] -      Starting classification for patient 2
2025-09-15 20:34:17 - [INFO] -      Study date: 20250628
2025-09-15 20:34:17 - [INFO] -      Session: 2
2025-09-15 20:34:17 - [INFO] -      Grayscale conversion: Enabled
2025-09-15 20:34:17 - [INFO] -      Processing anterior view with grayscale conversion...
2025-09-15 20:34:17 - [INFO] -        Found raw_original: 2_20250628_anterior_original.png
2025-09-15 20:34:17 - [INFO] -        Found region_mask: 2_20250628_anterior_colored.png
2025-09-15 20:34:17 - [INFO] -        Found xml_file: 2_20250628_ant.xml
2025-09-15 20:34:17 - [INFO] -      Missing files for anterior: hotspot_mask (2_20250628_ant_hotspot_mask.png)
2025-09-15 20:34:17 - [INFO] -      Processing posterior view with grayscale conversion...
2025-09-15 20:34:17 - [INFO] -        Found raw_original: 2_20250628_posterior_original.png
2025-09-15 20:34:17 - [INFO] -        Found region_mask: 2_20250628_posterior_colored.png
2025-09-15 20:34:17 - [INFO] -        Found xml_file: 2_20250628_post.xml
2025-09-15 20:34:17 - [INFO] -      Missing files for posterior: hotspot_mask (2_20250628_post_hotspot_mask.png)
2025-09-15 20:34:17 - [INFO] -      Classification failed for all views
2025-09-15 20:34:17 - [INFO] - [CLASSIFICATION] Classification failed
2025-09-15 20:34:17 - [INFO] - [MEMORY] run_classification_for_patient - After: 1627.5 MB (diff: +0.0 MB)
2025-09-15 20:34:17 - [INFO] - [SAFE_INFERENCE] Completed run_classification_for_patient
2025-09-15 20:34:17 - [INFO] - [SAFE_INFERENCE] Post-cleanup for run_classification_for_patient
2025-09-15 20:34:17 - [INFO] - [CLEANUP] nnUNet cache cleared
2025-09-15 20:34:17 - [INFO] - [CLEANUP] Classification models cleared
2025-09-15 20:34:17 - [INFO] - [CLEANUP] Complete model cleanup finished
2025-09-15 20:34:17 - [INFO] -        Cleaned up temp directory
2025-09-15 20:34:17 - [INFO] -      Classification completed - no classifications generated
2025-09-15 20:34:17 - [INFO] -   >> Running BSI quantification with classification masks...
2025-09-15 20:34:17 - [INFO] - [SESSION] Found session code from config: EMA
2025-09-15 20:34:17 - [INFO] - [PROCESSING] Running V1.2 quantification for patient 2 in session EMA
2025-09-15 20:34:17 - [INFO] -      Starting V1.2 BSI quantification for patient 2
2025-09-15 20:34:17 - [INFO] -      New workflow: Color-based segmentation + Single/Dual view processing
2025-09-15 20:34:17 - [INFO] - 
🔧 [DEBUG WRAPPER GANTENG] ===================
2025-09-15 20:34:17 - [INFO] - 🔧 [DEBUG WRAPPER] Getting quantification input paths:
2025-09-15 20:34:17 - [INFO] - 🔧 [DEBUG WRAPPER]   Patient folder: F:\projek dosen\prototype riset\hotspot-analyzer\data\PLANAR\EMA\2\20250628
2025-09-15 20:34:17 - [INFO] - 🔧 [DEBUG WRAPPER]   Filename stem: 2_20250628
2025-09-15 20:34:17 - [INFO] - 🔧 [DEBUG WRAPPER]   Folder exists: True
2025-09-15 20:34:17 - [INFO] - 🔧 [DEBUG WRAPPER] Classification files:
2025-09-15 20:34:17 - [INFO] - 🔧 [DEBUG WRAPPER]   Anterior mask: False
2025-09-15 20:34:17 - [INFO] - 🔧 [DEBUG WRAPPER]   Posterior mask: False
2025-09-15 20:34:17 - [INFO] - 🔧 [DEBUG WRAPPER] Segmentation files:
2025-09-15 20:34:17 - [INFO] - 🔧 [DEBUG WRAPPER]   Anterior seg: True
2025-09-15 20:34:17 - [INFO] - 🔧 [DEBUG WRAPPER]   Posterior seg: True
2025-09-15 20:34:17 - [INFO] -   [DEBUG QUANT FILES] Getting quantification files for: F:\projek dosen\prototype riset\hotspot-analyzer\data\PLANAR\EMA\2\20250628
2025-09-15 20:34:17 - [INFO] -   [DEBUG QUANT FILES] Detected study_date folder: F:\projek dosen\prototype riset\hotspot-analyzer\data\PLANAR\EMA\2\20250628
2025-09-15 20:34:17 - [INFO] -   [DEBUG QUANT FILES] Generated paths:
2025-09-15 20:34:17 - [INFO] -   [DEBUG QUANT FILES]   bsi_json_ant: F:\projek dosen\prototype riset\hotspot-analyzer\data\PLANAR\EMA\2\20250628\bsi_quantification_ant.json (exists: False)
2025-09-15 20:34:17 - [INFO] -   [DEBUG QUANT FILES]   bsi_json_post: F:\projek dosen\prototype riset\hotspot-analyzer\data\PLANAR\EMA\2\20250628\bsi_quantification_post.json (exists: False)
2025-09-15 20:34:17 - [INFO] - 🔧 [DEBUG WRAPPER] Final paths:
2025-09-15 20:34:17 - [INFO] - 🔧 [DEBUG WRAPPER]   segmentation_anterior: F:\projek dosen\prototype riset\hotspot-analyzer\data\PLANAR\EMA\2\20250628\ant_segm.png (exists: True)
2025-09-15 20:34:17 - [INFO] - 🔧 [DEBUG WRAPPER]   segmentation_posterior: F:\projek dosen\prototype riset\hotspot-analyzer\data\PLANAR\EMA\2\20250628\post_segm.png (exists: True)
2025-09-15 20:34:17 - [INFO] - 🔧 [DEBUG WRAPPER]   hotspot_anterior: F:\projek dosen\prototype riset\hotspot-analyzer\data\PLANAR\EMA\2\20250628\ant_hotspot_classification.png (exists: False)
2025-09-15 20:34:17 - [INFO] - 🔧 [DEBUG WRAPPER]   hotspot_posterior: F:\projek dosen\prototype riset\hotspot-analyzer\data\PLANAR\EMA\2\20250628\post_hotspot_classification.png (exists: False)
2025-09-15 20:34:17 - [INFO] - 🔧 [DEBUG WRAPPER]   output_anterior: F:\projek dosen\prototype riset\hotspot-analyzer\data\PLANAR\EMA\2\20250628\bsi_quantification_ant.json (exists: False)
2025-09-15 20:34:17 - [INFO] - 🔧 [DEBUG WRAPPER]   output_posterior: F:\projek dosen\prototype riset\hotspot-analyzer\data\PLANAR\EMA\2\20250628\bsi_quantification_post.json (exists: False)
2025-09-15 20:34:17 - [INFO] -      Cannot proceed with V1.2 quantification. Missing files: hotspot_anterior (ant_hotspot_classification.png), hotspot_posterior (post_hotspot_classification.png)
2025-09-15 20:34:17 - [INFO] -      Need at least ONE complete pair (anterior OR posterior segmentation + classification)
2025-09-15 20:34:17 - [INFO] - [PROCESSING]  V1.2 quantification failed for 2
2025-09-15 20:34:17 - [INFO] -      BSI quantification failed - missing required files
2025-09-15 20:34:17 - [INFO] -   >> Cloud storage disabled - skipping upload
2025-09-15 20:34:17 - [INFO] -     DICOM processing completed - ORIGINAL DICOM UNTOUCHED
2025-09-15 20:34:17 - [INFO] -   Files saved locally: 6 PNG output files
2025-09-15 20:34:17 - [INFO] -   Views processed: ['Anterior', 'Posterior']
2025-09-15 20:34:17 - [INFO] -   ORIGINAL DICOM: 2.dcm (NO MODIFICATION)
2025-09-15 20:34:17 - [INFO] - ## File 3/3 completed successfully - ORIGINAL DICOM PRESERVED
2025-09-15 20:34:17 - [INFO] - ## Batch import process completed
2025-09-15 20:34:17 - [INFO] - ##   DICOM PROTECTION: All original DICOM files preserved without modification
2025-09-15 20:34:17 - [INFO] - ##   OUTPUT GENERATION: PNG/XML analysis files created successfully
2025-09-15 20:34:17 - [INFO] - ##   CLOUD UPLOAD: Original PNG files uploaded to cloud storage
2025-09-15 20:34:17 - [INFO] - ## All files use study date naming convention with proper view names.
2025-09-15 20:34:17 - [INFO] - 🎉 Enhanced import workflow completed!
2025-09-15 20:34:17 - [INFO] - All files processed with proper Anterior/Posterior naming
2025-09-15 20:34:17 - [INFO] -   Successfully processed: All 3 auto-tagged files
2025-09-15 20:34:17 - [INFO] - Rescanning folder...
2025-09-15 20:34:17 - [INFO] - Ditemukan 85 file DICOM di 'F:\projek dosen\prototype riset\hotspot-analyzer\data\PLANAR'
2025-09-15 20:34:17 - [INFO] - Ditemukan 10 session, 73 pasien (total 85 file DICOM).
2025-09-15 20:34:17 - [INFO] -     ALL: 1 pasien, 1 file
2025-09-15 20:34:17 - [INFO] -     ATL: 4 pasien, 4 file
2025-09-15 20:34:17 - [INFO] -     EMA: 3 pasien, 3 file
2025-09-15 20:34:17 - [INFO] -     HAH: 14 pasien, 14 file
2025-09-15 20:34:17 - [INFO] -     HAHH: 38 pasien, 38 file
2025-09-15 20:34:17 - [INFO] -     HEHE: 2 pasien, 2 file
2025-09-15 20:34:17 - [INFO] -     NBL: 1 pasien, 5 file
2025-09-15 20:34:17 - [INFO] -     NSY: 4 pasien, 8 file
2025-09-15 20:34:17 - [INFO] -     PVSA: 2 pasien, 2 file
2025-09-15 20:34:17 - [INFO] -     WKW: 4 pasien, 8 file
2025-09-15 20:34:17 - [INFO] - [DEBUG] display_timeline called with 0 scan(s), focusing on index = -1
2025-09-15 20:34:17 - [INFO] - [DEBUG] Rebuilding timeline for active scan index: -1
2025-09-15 20:34:17 - [INFO] - [BSI SIDE PANEL] Clearing data...
2025-09-15 20:34:25 - [INFO] - [DEBUG] item activated → ID: 1 (EMA) @ index 0
2025-09-15 20:34:25 - [INFO] - [DEBUG] item activated → ID: 1 (EMA)
2025-09-15 20:34:25 - [INFO] - 
  [DEBUG PATHS GANTENG] ===================
2025-09-15 20:34:25 - [INFO] -   [DEBUG PATHS] Patient folder: F:\projek dosen\prototype riset\hotspot-analyzer\data\PLANAR\EMA\1
2025-09-15 20:34:25 - [INFO] -   [DEBUG PATHS] Patient ID: 1
2025-09-15 20:34:25 - [INFO] -   [DEBUG PATHS] Folder exists: True
2025-09-15 20:34:25 - [INFO] -   [DEBUG PATHS] Folder structure:
2025-09-15 20:34:25 - [INFO] -   [DEBUG PATHS]   DIR:  20250628/
2025-09-15 20:34:25 - [INFO] -   [DEBUG PATHS]     Study date folder contents:
2025-09-15 20:34:25 - [INFO] -   [DEBUG PATHS]       FILE: 1.dcm (1049754 bytes)
2025-09-15 20:34:25 - [INFO] -   [DEBUG PATHS]       FILE: ant_hotspot_otsu_colored.png (1020 bytes)
2025-09-15 20:34:25 - [INFO] -   [DEBUG PATHS]       FILE: ant_hotspot_otsu_colored_blend.png (109695 bytes)
2025-09-15 20:34:25 - [INFO] -   [DEBUG PATHS]       FILE: ant_hotspot_otsu_grayscale.png (472 bytes)
2025-09-15 20:34:25 - [INFO] -   [DEBUG PATHS]       FILE: ant_hotspot_yolo.xml (978 bytes)
2025-09-15 20:34:25 - [INFO] -   [DEBUG PATHS]       FILE: ant_mask.png (3341 bytes)
2025-09-15 20:34:25 - [INFO] -   [DEBUG PATHS]       FILE: ant_original.png (73305 bytes)
2025-09-15 20:34:25 - [INFO] -   [DEBUG PATHS]       FILE: ant_segm.png (6393 bytes)
2025-09-15 20:34:25 - [INFO] -   [DEBUG PATHS]       FILE: post_hotspot_yolo.xml (347 bytes)
2025-09-15 20:34:25 - [INFO] -   [DEBUG PATHS]       FILE: post_mask.png (3284 bytes)
2025-09-15 20:34:25 - [INFO] -   [DEBUG PATHS]       FILE: post_original.png (76162 bytes)
2025-09-15 20:34:25 - [INFO] -   [DEBUG PATHS]       FILE: post_segm.png (5809 bytes)
2025-09-15 20:34:25 - [INFO] -   [DEBUG QUANT FILES] Getting quantification files for: F:\projek dosen\prototype riset\hotspot-analyzer\data\PLANAR\EMA\1
2025-09-15 20:34:25 - [INFO] -   [DEBUG QUANT FILES] Using latest study_date folder: F:\projek dosen\prototype riset\hotspot-analyzer\data\PLANAR\EMA\1\20250628
2025-09-15 20:34:25 - [INFO] -   [DEBUG QUANT FILES] Generated paths:
2025-09-15 20:34:25 - [INFO] -   [DEBUG QUANT FILES]   bsi_json_ant: F:\projek dosen\prototype riset\hotspot-analyzer\data\PLANAR\EMA\1\20250628\bsi_quantification_ant.json (exists: False)
2025-09-15 20:34:25 - [INFO] -   [DEBUG QUANT FILES]   bsi_json_post: F:\projek dosen\prototype riset\hotspot-analyzer\data\PLANAR\EMA\1\20250628\bsi_quantification_post.json (exists: False)
2025-09-15 20:34:25 - [INFO] -   [DEBUG PATHS] New quantification paths:
2025-09-15 20:34:25 - [INFO] -   [DEBUG PATHS]   bsi_json_ant: F:\projek dosen\prototype riset\hotspot-analyzer\data\PLANAR\EMA\1\20250628\bsi_quantification_ant.json (exists: False, size: 0 bytes)
2025-09-15 20:34:25 - [INFO] -   [DEBUG PATHS]   bsi_json_post: F:\projek dosen\prototype riset\hotspot-analyzer\data\PLANAR\EMA\1\20250628\bsi_quantification_post.json (exists: False, size: 0 bytes)
2025-09-15 20:34:25 - [INFO] -   [DEBUG PATHS] Old pattern search:
2025-09-15 20:34:25 - [INFO] -   [DEBUG PATHS]   Old anterior: []
2025-09-15 20:34:25 - [INFO] -   [DEBUG PATHS]   Old posterior: []
2025-09-15 20:34:25 - [INFO] -   [DEBUG QUANT FILES] Getting quantification files for: F:\projek dosen\prototype riset\hotspot-analyzer\data\PLANAR\EMA\1\20250628
2025-09-15 20:34:25 - [INFO] -   [DEBUG QUANT FILES] Detected study_date folder: F:\projek dosen\prototype riset\hotspot-analyzer\data\PLANAR\EMA\1\20250628
2025-09-15 20:34:25 - [INFO] -   [DEBUG QUANT FILES] Generated paths:
2025-09-15 20:34:25 - [INFO] -   [DEBUG QUANT FILES]   bsi_json_ant: F:\projek dosen\prototype riset\hotspot-analyzer\data\PLANAR\EMA\1\20250628\bsi_quantification_ant.json (exists: False)
2025-09-15 20:34:25 - [INFO] -   [DEBUG QUANT FILES]   bsi_json_post: F:\projek dosen\prototype riset\hotspot-analyzer\data\PLANAR\EMA\1\20250628\bsi_quantification_post.json (exists: False)
2025-09-15 20:34:25 - [INFO] - [SMART UPDATE] Change type: none
2025-09-15 20:34:25 - [INFO] - [DEBUG] Timeline active layers set to: []
2025-09-15 20:34:25 - [INFO] - [SMART UPDATE] No changes detected, skipping update
2025-09-15 20:34:25 - [INFO] - [SMART UPDATE] Change type: none
2025-09-15 20:34:25 - [INFO] - [DEBUG] Timeline active layers set to: []
2025-09-15 20:34:25 - [INFO] - [SMART UPDATE] No changes detected, skipping update
2025-09-15 20:34:25 - [INFO] - [DEBUG] Set Image opacity to 1.00
2025-09-15 20:34:25 - [INFO] - [SMART UPDATE] Change type: none
2025-09-15 20:34:25 - [INFO] - [SMART UPDATE] Using full rebuild for opacity change
2025-09-15 20:34:25 - [INFO] - [DEBUG] Rebuilding timeline for active scan index: -1
2025-09-15 20:34:25 - [INFO] - [SMART UPDATE] State updated - Type: rebuild
2025-09-15 20:34:25 - [INFO] - [DEBUG] Set Segmentation opacity to 0.35
2025-09-15 20:34:25 - [INFO] - [SMART UPDATE] Change type: none
2025-09-15 20:34:25 - [INFO] - [SMART UPDATE] Using full rebuild for opacity change
2025-09-15 20:34:25 - [INFO] - [DEBUG] Rebuilding timeline for active scan index: -1
2025-09-15 20:34:25 - [INFO] - [SMART UPDATE] State updated - Type: rebuild
2025-09-15 20:34:25 - [INFO] - [DEBUG] Set Hotspot opacity to 0.50
2025-09-15 20:34:25 - [INFO] - [SMART UPDATE] Change type: none
2025-09-15 20:34:25 - [INFO] - [SMART UPDATE] Using full rebuild for opacity change
2025-09-15 20:34:25 - [INFO] - [DEBUG] Rebuilding timeline for active scan index: -1
2025-09-15 20:34:25 - [INFO] - [SMART UPDATE] State updated - Type: rebuild
2025-09-15 20:34:25 - [INFO] - [DEBUG] Set HotspotBBox opacity to 1.00
2025-09-15 20:34:25 - [INFO] - [SMART UPDATE] Change type: none
2025-09-15 20:34:25 - [INFO] - [SMART UPDATE] Using full rebuild for opacity change
2025-09-15 20:34:25 - [INFO] - [DEBUG] Rebuilding timeline for active scan index: -1
2025-09-15 20:34:25 - [INFO] - [SMART UPDATE] State updated - Type: rebuild
2025-09-15 20:34:25 - [INFO] - [DEBUG] Active layers: ['Image']
2025-09-15 20:34:25 - [INFO] - [SMART UPDATE] Change type: layers
2025-09-15 20:34:25 - [INFO] - [SMART UPDATE] Layers added: ['Image']
2025-09-15 20:34:25 - [INFO] - [DEBUG] Timeline active layers set to: ['Image']
2025-09-15 20:34:25 - [INFO] - [SMART UPDATE] Full rebuild required for change type: layers
2025-09-15 20:34:25 - [INFO] - [DEBUG] Rebuilding timeline for active scan index: -1
2025-09-15 20:34:25 - [INFO] - [SMART UPDATE] State updated - Type: layers
2025-09-15 20:34:25 - [INFO] - [SMART UPDATE] Change type: layers
2025-09-15 20:34:25 - [INFO] - [SMART UPDATE] Layers removed: ['Image']
2025-09-15 20:34:25 - [INFO] - [DEBUG] Timeline active layers set to: []
2025-09-15 20:34:25 - [INFO] - [SMART UPDATE] Full rebuild required for change type: layers
2025-09-15 20:34:25 - [INFO] - [DEBUG] Rebuilding timeline for active scan index: -1
2025-09-15 20:34:25 - [INFO] - [SMART UPDATE] State updated - Type: layers
2025-09-15 20:34:25 - [INFO] - [SMART UPDATE] Change type: none
2025-09-15 20:34:25 - [INFO] - [DEBUG] Timeline active layers set to: []
2025-09-15 20:34:25 - [INFO] - [SMART UPDATE] No changes detected, skipping update
2025-09-15 20:34:25 - [INFO] - [DEBUG] Set Image opacity to 1.00
2025-09-15 20:34:25 - [INFO] - [SMART UPDATE] Change type: none
2025-09-15 20:34:25 - [INFO] - [SMART UPDATE] Using full rebuild for opacity change
2025-09-15 20:34:25 - [INFO] - [DEBUG] Rebuilding timeline for active scan index: -1
2025-09-15 20:34:25 - [INFO] - [SMART UPDATE] State updated - Type: rebuild
2025-09-15 20:34:25 - [INFO] - [DEBUG] Set Segmentation opacity to 0.35
2025-09-15 20:34:25 - [INFO] - [SMART UPDATE] Change type: none
2025-09-15 20:34:25 - [INFO] - [SMART UPDATE] Using full rebuild for opacity change
2025-09-15 20:34:25 - [INFO] - [DEBUG] Rebuilding timeline for active scan index: -1
2025-09-15 20:34:25 - [INFO] - [SMART UPDATE] State updated - Type: rebuild
2025-09-15 20:34:25 - [INFO] - [DEBUG] Set Hotspot opacity to 0.50
2025-09-15 20:34:25 - [INFO] - [SMART UPDATE] Change type: none
2025-09-15 20:34:25 - [INFO] - [SMART UPDATE] Using full rebuild for opacity change
2025-09-15 20:34:25 - [INFO] - [DEBUG] Rebuilding timeline for active scan index: -1
2025-09-15 20:34:25 - [INFO] - [SMART UPDATE] State updated - Type: rebuild
2025-09-15 20:34:25 - [INFO] - [DEBUG] Set HotspotBBox opacity to 1.00
2025-09-15 20:34:25 - [INFO] - [SMART UPDATE] Change type: none
2025-09-15 20:34:25 - [INFO] - [SMART UPDATE] Using full rebuild for opacity change
2025-09-15 20:34:25 - [INFO] - [DEBUG] Rebuilding timeline for active scan index: -1
2025-09-15 20:34:25 - [INFO] - [SMART UPDATE] State updated - Type: rebuild
2025-09-15 20:34:25 - [INFO] - [DEBUG] Active layers: ['Image']
2025-09-15 20:34:25 - [INFO] - [SMART UPDATE] Change type: layers
2025-09-15 20:34:25 - [INFO] - [SMART UPDATE] Layers added: ['Image']
2025-09-15 20:34:25 - [INFO] - [DEBUG] Timeline active layers set to: ['Image']
2025-09-15 20:34:25 - [INFO] - [SMART UPDATE] Full rebuild required for change type: layers
2025-09-15 20:34:25 - [INFO] - [DEBUG] Rebuilding timeline for active scan index: -1
2025-09-15 20:34:25 - [INFO] - [SMART UPDATE] State updated - Type: layers
2025-09-15 20:34:25 - [INFO] - [SMART UPDATE] Change type: none
2025-09-15 20:34:25 - [INFO] - [DEBUG] Timeline active layers set to: ['Image']
2025-09-15 20:34:25 - [INFO] - [SMART UPDATE] No changes detected, skipping update
2025-09-15 20:34:25 - [INFO] - [DEBUG] Set Image opacity to 1.00
2025-09-15 20:34:25 - [INFO] - [SMART UPDATE] Change type: none
2025-09-15 20:34:25 - [INFO] - [SMART UPDATE] Using full rebuild for opacity change
2025-09-15 20:34:25 - [INFO] - [DEBUG] Rebuilding timeline for active scan index: -1
2025-09-15 20:34:25 - [INFO] - [SMART UPDATE] State updated - Type: rebuild
2025-09-15 20:34:25 - [INFO] - [DEBUG] Set Segmentation opacity to 0.40
2025-09-15 20:34:25 - [INFO] - [SMART UPDATE] Change type: none
2025-09-15 20:34:25 - [INFO] - [SMART UPDATE] Using full rebuild for opacity change
2025-09-15 20:34:25 - [INFO] - [DEBUG] Rebuilding timeline for active scan index: -1
2025-09-15 20:34:25 - [INFO] - [SMART UPDATE] State updated - Type: rebuild
2025-09-15 20:34:25 - [INFO] - [DEBUG] Set Hotspot opacity to 0.50
2025-09-15 20:34:25 - [INFO] - [SMART UPDATE] Change type: none
2025-09-15 20:34:25 - [INFO] - [SMART UPDATE] Using full rebuild for opacity change
2025-09-15 20:34:25 - [INFO] - [DEBUG] Rebuilding timeline for active scan index: -1
2025-09-15 20:34:25 - [INFO] - [SMART UPDATE] State updated - Type: rebuild
2025-09-15 20:34:25 - [INFO] - [DEBUG] Set HotspotBBox opacity to 1.00
2025-09-15 20:34:25 - [INFO] - [SMART UPDATE] Change type: none
2025-09-15 20:34:25 - [INFO] - [SMART UPDATE] Using full rebuild for opacity change
2025-09-15 20:34:25 - [INFO] - [DEBUG] Rebuilding timeline for active scan index: -1
2025-09-15 20:34:25 - [INFO] - [SMART UPDATE] State updated - Type: rebuild
2025-09-15 20:34:25 - [INFO] - [BSI META INTEGRATION] Updating scan meta with BSI data
2025-09-15 20:34:25 - [INFO] - [BSI META INTEGRATION] Session code: EMA
2025-09-15 20:34:25 - [INFO] - [BSI META INTEGRATION] Scan path: F:\projek dosen\prototype riset\hotspot-analyzer\data\PLANAR\EMA\1\20250628\1.dcm
2025-09-15 20:34:25 - [INFO] - [BSI EXTRACT INFO] Extracting from path: F:\projek dosen\prototype riset\hotspot-analyzer\data\PLANAR\EMA\1\20250628\1.dcm
2025-09-15 20:34:25 - [INFO] - [BSI EXTRACT INFO] Extracted study_date from DICOM: 20250628
2025-09-15 20:34:25 - [INFO] - [BSI EXTRACT INFO] Extracted patient_id from study_date structure: 1
2025-09-15 20:34:25 - [INFO] - [BSI EXTRACT INFO] Final result - Patient: 1, Study: 20250628
2025-09-15 20:34:25 - [INFO] - [BSI META INTEGRATION] Extracted - Patient: 1, Study: 20250628
2025-09-15 20:34:25 - [INFO] -   [DEBUG QUANT FILES] Getting quantification files for: F:\projek dosen\prototype riset\hotspot-analyzer\data\PLANAR\EMA\1\20250628
2025-09-15 20:34:25 - [INFO] -   [DEBUG QUANT FILES] Detected study_date folder: F:\projek dosen\prototype riset\hotspot-analyzer\data\PLANAR\EMA\1\20250628
2025-09-15 20:34:25 - [INFO] -   [DEBUG QUANT FILES] Generated paths:
2025-09-15 20:34:25 - [INFO] -   [DEBUG QUANT FILES]   bsi_json_ant: F:\projek dosen\prototype riset\hotspot-analyzer\data\PLANAR\EMA\1\20250628\bsi_quantification_ant.json (exists: False)
2025-09-15 20:34:25 - [INFO] -   [DEBUG QUANT FILES]   bsi_json_post: F:\projek dosen\prototype riset\hotspot-analyzer\data\PLANAR\EMA\1\20250628\bsi_quantification_post.json (exists: False)
2025-09-15 20:34:25 - [INFO] - [BSI META INTEGRATION] No BSI files in study_date folder, trying patient folder: F:\projek dosen\prototype riset\hotspot-analyzer\data\PLANAR\EMA\1
2025-09-15 20:34:25 - [INFO] -   [DEBUG QUANT FILES] Getting quantification files for: F:\projek dosen\prototype riset\hotspot-analyzer\data\PLANAR\EMA\1
2025-09-15 20:34:25 - [INFO] -   [DEBUG QUANT FILES] Using latest study_date folder: F:\projek dosen\prototype riset\hotspot-analyzer\data\PLANAR\EMA\1\20250628
2025-09-15 20:34:25 - [INFO] -   [DEBUG QUANT FILES] Generated paths:
2025-09-15 20:34:25 - [INFO] -   [DEBUG QUANT FILES]   bsi_json_ant: F:\projek dosen\prototype riset\hotspot-analyzer\data\PLANAR\EMA\1\20250628\bsi_quantification_ant.json (exists: False)
2025-09-15 20:34:25 - [INFO] -   [DEBUG QUANT FILES]   bsi_json_post: F:\projek dosen\prototype riset\hotspot-analyzer\data\PLANAR\EMA\1\20250628\bsi_quantification_post.json (exists: False)
2025-09-15 20:34:25 - [INFO] - [BSI META INTEGRATION] Could not determine patient folder with BSI files
2025-09-15 20:34:25 - [INFO] - [DEBUG] display_timeline called with 1 scan(s), focusing on index = 0
2025-09-15 20:34:25 - [INFO] - [BSI META INTEGRATION] Updating scan meta with BSI data
2025-09-15 20:34:25 - [INFO] - [BSI META INTEGRATION] Session code: EMA
2025-09-15 20:34:25 - [INFO] - [BSI META INTEGRATION] Scan path: F:\projek dosen\prototype riset\hotspot-analyzer\data\PLANAR\EMA\1\20250628\1.dcm
2025-09-15 20:34:25 - [INFO] - [BSI EXTRACT INFO] Extracting from path: F:\projek dosen\prototype riset\hotspot-analyzer\data\PLANAR\EMA\1\20250628\1.dcm
2025-09-15 20:34:25 - [INFO] - [BSI EXTRACT INFO] Extracted study_date from DICOM: 20250628
2025-09-15 20:34:25 - [INFO] - [BSI EXTRACT INFO] Extracted patient_id from study_date structure: 1
2025-09-15 20:34:25 - [INFO] - [BSI EXTRACT INFO] Final result - Patient: 1, Study: 20250628
2025-09-15 20:34:25 - [INFO] - [BSI META INTEGRATION] Extracted - Patient: 1, Study: 20250628
2025-09-15 20:34:25 - [INFO] -   [DEBUG QUANT FILES] Getting quantification files for: F:\projek dosen\prototype riset\hotspot-analyzer\data\PLANAR\EMA\1\20250628
2025-09-15 20:34:25 - [INFO] -   [DEBUG QUANT FILES] Detected study_date folder: F:\projek dosen\prototype riset\hotspot-analyzer\data\PLANAR\EMA\1\20250628
2025-09-15 20:34:25 - [INFO] -   [DEBUG QUANT FILES] Generated paths:
2025-09-15 20:34:25 - [INFO] -   [DEBUG QUANT FILES]   bsi_json_ant: F:\projek dosen\prototype riset\hotspot-analyzer\data\PLANAR\EMA\1\20250628\bsi_quantification_ant.json (exists: False)
2025-09-15 20:34:25 - [INFO] -   [DEBUG QUANT FILES]   bsi_json_post: F:\projek dosen\prototype riset\hotspot-analyzer\data\PLANAR\EMA\1\20250628\bsi_quantification_post.json (exists: False)
2025-09-15 20:34:25 - [INFO] - [BSI META INTEGRATION] No BSI files in study_date folder, trying patient folder: F:\projek dosen\prototype riset\hotspot-analyzer\data\PLANAR\EMA\1
2025-09-15 20:34:25 - [INFO] -   [DEBUG QUANT FILES] Getting quantification files for: F:\projek dosen\prototype riset\hotspot-analyzer\data\PLANAR\EMA\1
2025-09-15 20:34:25 - [INFO] -   [DEBUG QUANT FILES] Using latest study_date folder: F:\projek dosen\prototype riset\hotspot-analyzer\data\PLANAR\EMA\1\20250628
2025-09-15 20:34:25 - [INFO] -   [DEBUG QUANT FILES] Generated paths:
2025-09-15 20:34:25 - [INFO] -   [DEBUG QUANT FILES]   bsi_json_ant: F:\projek dosen\prototype riset\hotspot-analyzer\data\PLANAR\EMA\1\20250628\bsi_quantification_ant.json (exists: False)
2025-09-15 20:34:25 - [INFO] -   [DEBUG QUANT FILES]   bsi_json_post: F:\projek dosen\prototype riset\hotspot-analyzer\data\PLANAR\EMA\1\20250628\bsi_quantification_post.json (exists: False)
2025-09-15 20:34:25 - [INFO] - [BSI META INTEGRATION] Could not determine patient folder with BSI files
2025-09-15 20:34:25 - [INFO] - [DEBUG] Rebuilding timeline for active scan index: 0
2025-09-15 20:34:25 - [INFO] - [DEBUG] Creating CLASSIFICATION card 0 for view: Anterior
2025-09-15 20:34:25 - [INFO] - [DEBUG] Active layers selected: ['Image']
2025-09-15 20:34:25 - [INFO] - [DEBUG] DICOM path: F:\projek dosen\prototype riset\hotspot-analyzer\data\PLANAR\EMA\1\20250628\1.dcm
2025-09-15 20:34:25 - [INFO] - [DEBUG] Current view: Anterior
2025-09-15 20:34:25 - [INFO] - [CACHE DEBUG] use_cache=False
2025-09-15 20:34:25 - [INFO] - [CACHE DEBUG] has_adjustments=False (B=0.00, C=1.00)
2025-09-15 20:34:25 - [INFO] - [CACHE DEBUG] has_overrides=False (override_b=None, override_c=None)
2025-09-15 20:34:25 - [INFO] - [CACHE DEBUG] invert_original=True
2025-09-15 20:34:25 - [INFO] - [CACHE SKIP] Skipping cache due to adjustments/overrides/invert
2025-09-15 20:34:25 - [INFO] - [DEBUG] Path extraction: session=EMA, patient=1, study_date=20250628
2025-09-15 20:34:25 - [INFO] - [DEBUG] Extracted patient info - ID: 1, Session: EMA
2025-09-15 20:34:25 - [INFO] - [DEBUG] Original path: F:\projek dosen\prototype riset\hotspot-analyzer\data\PLANAR\EMA\1\20250628\1.dcm
2025-09-15 20:34:25 - [INFO] - [DEBUG] Study date: 20250628
2025-09-15 20:34:25 - [INFO] - [DEBUG] Patient ID: 1
2025-09-15 20:34:25 - [INFO] - [DEBUG] Session code: EMA
2025-09-15 20:34:25 - [INFO] - [DEBUG] Study date folder: F:\projek dosen\prototype riset\hotspot-analyzer\data\PLANAR\EMA\1\20250628
2025-09-15 20:34:25 - [INFO] - [DEBUG] Loading original image for Anterior
2025-09-15 20:34:25 - [INFO] - [DEBUG] Looking for original PNG in study_date dir: F:\projek dosen\prototype riset\hotspot-analyzer\data\PLANAR\EMA\1\20250628\ant_original.png
2025-09-15 20:34:25 - [DEBUG] - STREAM b'IHDR' 16 13
2025-09-15 20:34:25 - [DEBUG] - STREAM b'IDAT' 41 65536
2025-09-15 20:34:25 - [INFO] - [DEBUG] Loaded original PNG from study_date dir: (256, 1024)
2025-09-15 20:34:25 - [INFO] - [DEBUG] Original image loaded: (256, 1024)
2025-09-15 20:34:25 - [INFO] - [DEBUG] Applying invert to original image
2025-09-15 20:34:25 - [INFO] - [DEBUG] simple_invert_pil_image: Processing L image, size = (256, 1024)
2025-09-15 20:34:25 - [INFO] - [DEBUG] simple_invert_image: input shape = (1024, 256), dtype = uint8
2025-09-15 20:34:25 - [INFO] - [DEBUG] Simple inversion completed: [0-255] -> [0-255]
2025-09-15 20:34:25 - [INFO] - [DEBUG] simple_invert_pil_image: completed
2025-09-15 20:34:25 - [INFO] - [DEBUG] Using STORED B/C values: B=0.00, C=1.00
2025-09-15 20:34:25 - [INFO] - [DEBUG]   Image layer loaded and processed
2025-09-15 20:34:25 - [INFO] - [DEBUG] Loading segmentation layer for Anterior
2025-09-15 20:34:25 - [INFO] - [DEBUG] Looking for segmentation (NEWEST): F:\projek dosen\prototype riset\hotspot-analyzer\data\PLANAR\EMA\1\20250628\ant_segm.png
2025-09-15 20:34:25 - [DEBUG] - STREAM b'IHDR' 16 13
2025-09-15 20:34:25 - [DEBUG] - STREAM b'IDAT' 41 6336
2025-09-15 20:34:25 - [INFO] - [DEBUG]   Loaded segmentation with transparency: F:\projek dosen\prototype riset\hotspot-analyzer\data\PLANAR\EMA\1\20250628\ant_segm.png
2025-09-15 20:34:25 - [INFO] - [DEBUG] Segmentation type: ORIGINAL
2025-09-15 20:34:25 - [INFO] - [DEBUG] Loading hotspot layer for Anterior
2025-09-15 20:34:25 - [INFO] - [DEBUG] Looking for hotspot classification (NEWEST): F:\projek dosen\prototype riset\hotspot-analyzer\data\PLANAR\EMA\1\20250628\ant_hotspot_classification.png
2025-09-15 20:34:25 - [INFO] - [DEBUG] No hotspot classification found: F:\projek dosen\prototype riset\hotspot-analyzer\data\PLANAR\EMA\1\20250628\ant_hotspot_classification.png
2025-09-15 20:34:25 - [INFO] - [DEBUG] Loading bbox layer for Anterior
2025-09-15 20:34:25 - [INFO] - [DEBUG] Looking for classification XML (NEWEST): F:\projek dosen\prototype riset\hotspot-analyzer\data\PLANAR\EMA\1\20250628\ant_hotspot_classification.xml
2025-09-15 20:34:25 - [INFO] - [DEBUG] No classification XML found: F:\projek dosen\prototype riset\hotspot-analyzer\data\PLANAR\EMA\1\20250628\ant_hotspot_classification.xml
2025-09-15 20:34:25 - [INFO] - [CACHE STORE] Not caching due to adjustments/overrides/invert
2025-09-15 20:34:25 - [INFO] - [DEBUG]   Loaded 2 layers for Anterior: ['Image', 'Segmentation']
2025-09-15 20:34:25 - [INFO] - [DEBUG] Available CLASSIFICATION layers in files: ['Image', 'Segmentation']
2025-09-15 20:34:25 - [INFO] - [DEBUG]   Added CLASSIFICATION Image to card 0 (opacity: 1.00)
2025-09-15 20:34:25 - [INFO] - [DEBUG]   CLASSIFICATION card 0 composite created with layers: ['Image']
2025-09-15 20:34:25 - [INFO] - [DEBUG] Creating CLASSIFICATION card 0 for view: Posterior
2025-09-15 20:34:25 - [INFO] - [DEBUG] Active layers selected: ['Image']
2025-09-15 20:34:25 - [INFO] - [DEBUG] DICOM path: F:\projek dosen\prototype riset\hotspot-analyzer\data\PLANAR\EMA\1\20250628\1.dcm
2025-09-15 20:34:25 - [INFO] - [DEBUG] Current view: Posterior
2025-09-15 20:34:25 - [INFO] - [CACHE DEBUG] use_cache=False
2025-09-15 20:34:25 - [INFO] - [CACHE DEBUG] has_adjustments=False (B=0.00, C=1.00)
2025-09-15 20:34:25 - [INFO] - [CACHE DEBUG] has_overrides=False (override_b=None, override_c=None)
2025-09-15 20:34:25 - [INFO] - [CACHE DEBUG] invert_original=True
2025-09-15 20:34:25 - [INFO] - [CACHE SKIP] Skipping cache due to adjustments/overrides/invert
2025-09-15 20:34:25 - [INFO] - [DEBUG] Path extraction: session=EMA, patient=1, study_date=20250628
2025-09-15 20:34:25 - [INFO] - [DEBUG] Extracted patient info - ID: 1, Session: EMA
2025-09-15 20:34:25 - [INFO] - [DEBUG] Original path: F:\projek dosen\prototype riset\hotspot-analyzer\data\PLANAR\EMA\1\20250628\1.dcm
2025-09-15 20:34:25 - [INFO] - [DEBUG] Study date: 20250628
2025-09-15 20:34:25 - [INFO] - [DEBUG] Patient ID: 1
2025-09-15 20:34:25 - [INFO] - [DEBUG] Session code: EMA
2025-09-15 20:34:25 - [INFO] - [DEBUG] Study date folder: F:\projek dosen\prototype riset\hotspot-analyzer\data\PLANAR\EMA\1\20250628
2025-09-15 20:34:25 - [INFO] - [DEBUG] Loading original image for Posterior
2025-09-15 20:34:25 - [INFO] - [DEBUG] Looking for original PNG in study_date dir: F:\projek dosen\prototype riset\hotspot-analyzer\data\PLANAR\EMA\1\20250628\post_original.png
2025-09-15 20:34:25 - [DEBUG] - STREAM b'IHDR' 16 13
2025-09-15 20:34:25 - [DEBUG] - STREAM b'IDAT' 41 65536
2025-09-15 20:34:25 - [INFO] - [DEBUG] Loaded original PNG from study_date dir: (256, 1024)
2025-09-15 20:34:25 - [INFO] - [DEBUG] Original image loaded: (256, 1024)
2025-09-15 20:34:25 - [INFO] - [DEBUG] Applying invert to original image
2025-09-15 20:34:25 - [INFO] - [DEBUG] simple_invert_pil_image: Processing L image, size = (256, 1024)
2025-09-15 20:34:25 - [INFO] - [DEBUG] simple_invert_image: input shape = (1024, 256), dtype = uint8
2025-09-15 20:34:25 - [INFO] - [DEBUG] Simple inversion completed: [0-255] -> [0-255]
2025-09-15 20:34:25 - [INFO] - [DEBUG] simple_invert_pil_image: completed
2025-09-15 20:34:25 - [INFO] - [DEBUG] Using STORED B/C values: B=0.00, C=1.00
2025-09-15 20:34:25 - [INFO] - [DEBUG]   Image layer loaded and processed
2025-09-15 20:34:25 - [INFO] - [DEBUG] Loading segmentation layer for Posterior
2025-09-15 20:34:25 - [INFO] - [DEBUG] Looking for segmentation (NEWEST): F:\projek dosen\prototype riset\hotspot-analyzer\data\PLANAR\EMA\1\20250628\post_segm.png
2025-09-15 20:34:25 - [DEBUG] - STREAM b'IHDR' 16 13
2025-09-15 20:34:25 - [DEBUG] - STREAM b'IDAT' 41 5752
2025-09-15 20:34:25 - [INFO] - [DEBUG]   Loaded segmentation with transparency: F:\projek dosen\prototype riset\hotspot-analyzer\data\PLANAR\EMA\1\20250628\post_segm.png
2025-09-15 20:34:25 - [INFO] - [DEBUG] Segmentation type: ORIGINAL
2025-09-15 20:34:25 - [INFO] - [DEBUG] Loading hotspot layer for Posterior
2025-09-15 20:34:25 - [INFO] - [DEBUG] Looking for hotspot classification (NEWEST): F:\projek dosen\prototype riset\hotspot-analyzer\data\PLANAR\EMA\1\20250628\post_hotspot_classification.png
2025-09-15 20:34:25 - [INFO] - [DEBUG] No hotspot classification found: F:\projek dosen\prototype riset\hotspot-analyzer\data\PLANAR\EMA\1\20250628\post_hotspot_classification.png
2025-09-15 20:34:25 - [INFO] - [DEBUG] Loading bbox layer for Posterior
2025-09-15 20:34:25 - [INFO] - [DEBUG] Looking for classification XML (NEWEST): F:\projek dosen\prototype riset\hotspot-analyzer\data\PLANAR\EMA\1\20250628\post_hotspot_classification.xml
2025-09-15 20:34:25 - [INFO] - [DEBUG] No classification XML found: F:\projek dosen\prototype riset\hotspot-analyzer\data\PLANAR\EMA\1\20250628\post_hotspot_classification.xml
2025-09-15 20:34:25 - [INFO] - [CACHE STORE] Not caching due to adjustments/overrides/invert
2025-09-15 20:34:25 - [INFO] - [DEBUG]   Loaded 2 layers for Posterior: ['Image', 'Segmentation']
2025-09-15 20:34:25 - [INFO] - [DEBUG] Available CLASSIFICATION layers in files: ['Image', 'Segmentation']
2025-09-15 20:34:25 - [INFO] - [DEBUG]   Added CLASSIFICATION Image to card 0 (opacity: 1.00)
2025-09-15 20:34:25 - [INFO] - [DEBUG]   CLASSIFICATION card 0 composite created with layers: ['Image']
2025-09-15 20:34:25 - [INFO] - [SMART UPDATE] State updated - Type: full
2025-09-15 20:34:25 - [INFO] -   [DEBUG QUANT FILES] Getting quantification files for: F:\projek dosen\prototype riset\hotspot-analyzer\data\PLANAR\EMA\1\20250628
2025-09-15 20:34:25 - [INFO] -   [DEBUG QUANT FILES] Detected study_date folder: F:\projek dosen\prototype riset\hotspot-analyzer\data\PLANAR\EMA\1\20250628
2025-09-15 20:34:25 - [INFO] -   [DEBUG QUANT FILES] Generated paths:
2025-09-15 20:34:25 - [INFO] -   [DEBUG QUANT FILES]   bsi_json_ant: F:\projek dosen\prototype riset\hotspot-analyzer\data\PLANAR\EMA\1\20250628\bsi_quantification_ant.json (exists: False)
2025-09-15 20:34:25 - [INFO] -   [DEBUG QUANT FILES]   bsi_json_post: F:\projek dosen\prototype riset\hotspot-analyzer\data\PLANAR\EMA\1\20250628\bsi_quantification_post.json (exists: False)
2025-09-15 20:34:25 - [INFO] -   [DEBUG QUANT FILES] Getting quantification files for: F:\projek dosen\prototype riset\hotspot-analyzer\data\PLANAR\EMA\1
2025-09-15 20:34:25 - [INFO] -   [DEBUG QUANT FILES] Using latest study_date folder: F:\projek dosen\prototype riset\hotspot-analyzer\data\PLANAR\EMA\1\20250628
2025-09-15 20:34:25 - [INFO] -   [DEBUG QUANT FILES] Generated paths:
2025-09-15 20:34:25 - [INFO] -   [DEBUG QUANT FILES]   bsi_json_ant: F:\projek dosen\prototype riset\hotspot-analyzer\data\PLANAR\EMA\1\20250628\bsi_quantification_ant.json (exists: False)
2025-09-15 20:34:25 - [INFO] -   [DEBUG QUANT FILES]   bsi_json_post: F:\projek dosen\prototype riset\hotspot-analyzer\data\PLANAR\EMA\1\20250628\bsi_quantification_post.json (exists: False)
2025-09-15 20:34:25 - [INFO] - [BSI SIDE PANEL] Clearing data...
2025-09-15 20:34:25 - [INFO] - [DEBUG] Path extraction: session=EMA, patient=1, study_date=20250628
2025-09-15 20:34:25 - [INFO] - [DEBUG] Extracted patient info - ID: 1, Session: EMA
2025-09-15 20:34:25 - [INFO] - [DEBUG] Original path: F:\projek dosen\prototype riset\hotspot-analyzer\data\PLANAR\EMA\1\20250628\1.dcm
2025-09-15 20:34:30 - [INFO] - [DEBUG] item activated → ID: 10 (EMA) @ index 1
2025-09-15 20:34:30 - [INFO] - [DEBUG] item activated → ID: 10 (EMA)
2025-09-15 20:34:30 - [INFO] - 
  [DEBUG PATHS GANTENG] ===================
2025-09-15 20:34:30 - [INFO] -   [DEBUG PATHS] Patient folder: F:\projek dosen\prototype riset\hotspot-analyzer\data\PLANAR\EMA\10
2025-09-15 20:34:30 - [INFO] -   [DEBUG PATHS] Patient ID: 10
2025-09-15 20:34:30 - [INFO] -   [DEBUG PATHS] Folder exists: True
2025-09-15 20:34:30 - [INFO] -   [DEBUG PATHS] Folder structure:
2025-09-15 20:34:30 - [INFO] -   [DEBUG PATHS]   DIR:  20250628/
2025-09-15 20:34:30 - [INFO] -   [DEBUG PATHS]     Study date folder contents:
2025-09-15 20:34:30 - [INFO] -   [DEBUG PATHS]       FILE: 10.dcm (1049754 bytes)
2025-09-15 20:34:30 - [INFO] -   [DEBUG PATHS]       FILE: ant_hotspot_otsu_colored.png (916 bytes)
2025-09-15 20:34:30 - [INFO] -   [DEBUG PATHS]       FILE: ant_hotspot_otsu_colored_blend.png (111942 bytes)
2025-09-15 20:34:30 - [INFO] -   [DEBUG PATHS]       FILE: ant_hotspot_otsu_grayscale.png (387 bytes)
2025-09-15 20:34:30 - [INFO] -   [DEBUG PATHS]       FILE: ant_hotspot_yolo.xml (664 bytes)
2025-09-15 20:34:30 - [INFO] -   [DEBUG PATHS]       FILE: ant_mask.png (3360 bytes)
2025-09-15 20:34:30 - [INFO] -   [DEBUG PATHS]       FILE: ant_original.png (74790 bytes)
2025-09-15 20:34:30 - [INFO] -   [DEBUG PATHS]       FILE: ant_segm.png (6271 bytes)
2025-09-15 20:34:30 - [INFO] -   [DEBUG PATHS]       FILE: post_hotspot_yolo.xml (348 bytes)
2025-09-15 20:34:30 - [INFO] -   [DEBUG PATHS]       FILE: post_mask.png (3375 bytes)
2025-09-15 20:34:30 - [INFO] -   [DEBUG PATHS]       FILE: post_original.png (70665 bytes)
2025-09-15 20:34:30 - [INFO] -   [DEBUG PATHS]       FILE: post_segm.png (6105 bytes)
2025-09-15 20:34:30 - [INFO] -   [DEBUG QUANT FILES] Getting quantification files for: F:\projek dosen\prototype riset\hotspot-analyzer\data\PLANAR\EMA\10
2025-09-15 20:34:30 - [INFO] -   [DEBUG QUANT FILES] Using latest study_date folder: F:\projek dosen\prototype riset\hotspot-analyzer\data\PLANAR\EMA\10\20250628
2025-09-15 20:34:30 - [INFO] -   [DEBUG QUANT FILES] Generated paths:
2025-09-15 20:34:30 - [INFO] -   [DEBUG QUANT FILES]   bsi_json_ant: F:\projek dosen\prototype riset\hotspot-analyzer\data\PLANAR\EMA\10\20250628\bsi_quantification_ant.json (exists: False)
2025-09-15 20:34:30 - [INFO] -   [DEBUG QUANT FILES]   bsi_json_post: F:\projek dosen\prototype riset\hotspot-analyzer\data\PLANAR\EMA\10\20250628\bsi_quantification_post.json (exists: False)
2025-09-15 20:34:30 - [INFO] -   [DEBUG PATHS] New quantification paths:
2025-09-15 20:34:30 - [INFO] -   [DEBUG PATHS]   bsi_json_ant: F:\projek dosen\prototype riset\hotspot-analyzer\data\PLANAR\EMA\10\20250628\bsi_quantification_ant.json (exists: False, size: 0 bytes)
2025-09-15 20:34:30 - [INFO] -   [DEBUG PATHS]   bsi_json_post: F:\projek dosen\prototype riset\hotspot-analyzer\data\PLANAR\EMA\10\20250628\bsi_quantification_post.json (exists: False, size: 0 bytes)
2025-09-15 20:34:30 - [INFO] -   [DEBUG PATHS] Old pattern search:
2025-09-15 20:34:30 - [INFO] -   [DEBUG PATHS]   Old anterior: []
2025-09-15 20:34:30 - [INFO] -   [DEBUG PATHS]   Old posterior: []
2025-09-15 20:34:30 - [INFO] -   [DEBUG QUANT FILES] Getting quantification files for: F:\projek dosen\prototype riset\hotspot-analyzer\data\PLANAR\EMA\10\20250628
2025-09-15 20:34:30 - [INFO] -   [DEBUG QUANT FILES] Detected study_date folder: F:\projek dosen\prototype riset\hotspot-analyzer\data\PLANAR\EMA\10\20250628
2025-09-15 20:34:30 - [INFO] -   [DEBUG QUANT FILES] Generated paths:
2025-09-15 20:34:30 - [INFO] -   [DEBUG QUANT FILES]   bsi_json_ant: F:\projek dosen\prototype riset\hotspot-analyzer\data\PLANAR\EMA\10\20250628\bsi_quantification_ant.json (exists: False)
2025-09-15 20:34:30 - [INFO] -   [DEBUG QUANT FILES]   bsi_json_post: F:\projek dosen\prototype riset\hotspot-analyzer\data\PLANAR\EMA\10\20250628\bsi_quantification_post.json (exists: False)
2025-09-15 20:34:30 - [INFO] - [SMART UPDATE] Change type: layers
2025-09-15 20:34:30 - [INFO] - [SMART UPDATE] Layers removed: ['Image']
2025-09-15 20:34:30 - [INFO] - [DEBUG] Timeline active layers set to: []
2025-09-15 20:34:30 - [INFO] - [SMART UPDATE] Full rebuild required for change type: layers
2025-09-15 20:34:30 - [INFO] - [DEBUG] Rebuilding timeline for active scan index: 0
2025-09-15 20:34:30 - [INFO] - [DEBUG] Creating CLASSIFICATION card 0 for view: Anterior
2025-09-15 20:34:30 - [INFO] - [DEBUG] Active layers selected: []
2025-09-15 20:34:30 - [INFO] - [DEBUG] DICOM path: F:\projek dosen\prototype riset\hotspot-analyzer\data\PLANAR\EMA\1\20250628\1.dcm
2025-09-15 20:34:30 - [INFO] - [DEBUG] Current view: Anterior
2025-09-15 20:34:30 - [INFO] - [CACHE DEBUG] use_cache=False
2025-09-15 20:34:30 - [INFO] - [CACHE DEBUG] has_adjustments=False (B=0.00, C=1.00)
2025-09-15 20:34:30 - [INFO] - [CACHE DEBUG] has_overrides=False (override_b=None, override_c=None)
2025-09-15 20:34:30 - [INFO] - [CACHE DEBUG] invert_original=True
2025-09-15 20:34:30 - [INFO] - [CACHE SKIP] Skipping cache due to adjustments/overrides/invert
2025-09-15 20:34:30 - [INFO] - [DEBUG] Path extraction: session=EMA, patient=1, study_date=20250628
2025-09-15 20:34:30 - [INFO] - [DEBUG] Extracted patient info - ID: 1, Session: EMA
2025-09-15 20:34:30 - [INFO] - [DEBUG] Original path: F:\projek dosen\prototype riset\hotspot-analyzer\data\PLANAR\EMA\1\20250628\1.dcm
2025-09-15 20:34:30 - [INFO] - [DEBUG] Study date: 20250628
2025-09-15 20:34:30 - [INFO] - [DEBUG] Patient ID: 1
2025-09-15 20:34:30 - [INFO] - [DEBUG] Session code: EMA
2025-09-15 20:34:30 - [INFO] - [DEBUG] Study date folder: F:\projek dosen\prototype riset\hotspot-analyzer\data\PLANAR\EMA\1\20250628
2025-09-15 20:34:30 - [INFO] - [DEBUG] Loading original image for Anterior
2025-09-15 20:34:30 - [INFO] - [DEBUG] Looking for original PNG in study_date dir: F:\projek dosen\prototype riset\hotspot-analyzer\data\PLANAR\EMA\1\20250628\ant_original.png
2025-09-15 20:34:30 - [DEBUG] - STREAM b'IHDR' 16 13
2025-09-15 20:34:30 - [DEBUG] - STREAM b'IDAT' 41 65536
2025-09-15 20:34:30 - [INFO] - [DEBUG] Loaded original PNG from study_date dir: (256, 1024)
2025-09-15 20:34:30 - [INFO] - [DEBUG] Original image loaded: (256, 1024)
2025-09-15 20:34:30 - [INFO] - [DEBUG] Applying invert to original image
2025-09-15 20:34:30 - [INFO] - [DEBUG] simple_invert_pil_image: Processing L image, size = (256, 1024)
2025-09-15 20:34:30 - [INFO] - [DEBUG] simple_invert_image: input shape = (1024, 256), dtype = uint8
2025-09-15 20:34:30 - [INFO] - [DEBUG] Simple inversion completed: [0-255] -> [0-255]
2025-09-15 20:34:30 - [INFO] - [DEBUG] simple_invert_pil_image: completed
2025-09-15 20:34:30 - [INFO] - [DEBUG] Using STORED B/C values: B=0.00, C=1.00
2025-09-15 20:34:30 - [INFO] - [DEBUG]   Image layer loaded and processed
2025-09-15 20:34:30 - [INFO] - [DEBUG] Loading segmentation layer for Anterior
2025-09-15 20:34:30 - [INFO] - [DEBUG] Looking for segmentation (NEWEST): F:\projek dosen\prototype riset\hotspot-analyzer\data\PLANAR\EMA\1\20250628\ant_segm.png
2025-09-15 20:34:30 - [DEBUG] - STREAM b'IHDR' 16 13
2025-09-15 20:34:30 - [DEBUG] - STREAM b'IDAT' 41 6336
2025-09-15 20:34:30 - [INFO] - [DEBUG]   Loaded segmentation with transparency: F:\projek dosen\prototype riset\hotspot-analyzer\data\PLANAR\EMA\1\20250628\ant_segm.png
2025-09-15 20:34:30 - [INFO] - [DEBUG] Segmentation type: ORIGINAL
2025-09-15 20:34:30 - [INFO] - [DEBUG] Loading hotspot layer for Anterior
2025-09-15 20:34:30 - [INFO] - [DEBUG] Looking for hotspot classification (NEWEST): F:\projek dosen\prototype riset\hotspot-analyzer\data\PLANAR\EMA\1\20250628\ant_hotspot_classification.png
2025-09-15 20:34:30 - [INFO] - [DEBUG] No hotspot classification found: F:\projek dosen\prototype riset\hotspot-analyzer\data\PLANAR\EMA\1\20250628\ant_hotspot_classification.png
2025-09-15 20:34:30 - [INFO] - [DEBUG] Loading bbox layer for Anterior
2025-09-15 20:34:30 - [INFO] - [DEBUG] Looking for classification XML (NEWEST): F:\projek dosen\prototype riset\hotspot-analyzer\data\PLANAR\EMA\1\20250628\ant_hotspot_classification.xml
2025-09-15 20:34:30 - [INFO] - [DEBUG] No classification XML found: F:\projek dosen\prototype riset\hotspot-analyzer\data\PLANAR\EMA\1\20250628\ant_hotspot_classification.xml
2025-09-15 20:34:30 - [INFO] - [CACHE STORE] Not caching due to adjustments/overrides/invert
2025-09-15 20:34:30 - [INFO] - [DEBUG]   Loaded 2 layers for Anterior: ['Image', 'Segmentation']
2025-09-15 20:34:30 - [INFO] - [DEBUG] Available CLASSIFICATION layers in files: ['Image', 'Segmentation']
2025-09-15 20:34:30 - [INFO] - [DEBUG] Creating CLASSIFICATION card 0 for view: Posterior
2025-09-15 20:34:30 - [INFO] - [DEBUG] Active layers selected: []
2025-09-15 20:34:30 - [INFO] - [DEBUG] DICOM path: F:\projek dosen\prototype riset\hotspot-analyzer\data\PLANAR\EMA\1\20250628\1.dcm
2025-09-15 20:34:30 - [INFO] - [DEBUG] Current view: Posterior
2025-09-15 20:34:30 - [INFO] - [CACHE DEBUG] use_cache=False
2025-09-15 20:34:30 - [INFO] - [CACHE DEBUG] has_adjustments=False (B=0.00, C=1.00)
2025-09-15 20:34:30 - [INFO] - [CACHE DEBUG] has_overrides=False (override_b=None, override_c=None)
2025-09-15 20:34:30 - [INFO] - [CACHE DEBUG] invert_original=True
2025-09-15 20:34:30 - [INFO] - [CACHE SKIP] Skipping cache due to adjustments/overrides/invert
2025-09-15 20:34:30 - [INFO] - [DEBUG] Path extraction: session=EMA, patient=1, study_date=20250628
2025-09-15 20:34:30 - [INFO] - [DEBUG] Extracted patient info - ID: 1, Session: EMA
2025-09-15 20:34:30 - [INFO] - [DEBUG] Original path: F:\projek dosen\prototype riset\hotspot-analyzer\data\PLANAR\EMA\1\20250628\1.dcm
2025-09-15 20:34:30 - [INFO] - [DEBUG] Study date: 20250628
2025-09-15 20:34:30 - [INFO] - [DEBUG] Patient ID: 1
2025-09-15 20:34:30 - [INFO] - [DEBUG] Session code: EMA
2025-09-15 20:34:30 - [INFO] - [DEBUG] Study date folder: F:\projek dosen\prototype riset\hotspot-analyzer\data\PLANAR\EMA\1\20250628
2025-09-15 20:34:30 - [INFO] - [DEBUG] Loading original image for Posterior
2025-09-15 20:34:30 - [INFO] - [DEBUG] Looking for original PNG in study_date dir: F:\projek dosen\prototype riset\hotspot-analyzer\data\PLANAR\EMA\1\20250628\post_original.png
2025-09-15 20:34:30 - [DEBUG] - STREAM b'IHDR' 16 13
2025-09-15 20:34:30 - [DEBUG] - STREAM b'IDAT' 41 65536
2025-09-15 20:34:30 - [INFO] - [DEBUG] Loaded original PNG from study_date dir: (256, 1024)
2025-09-15 20:34:30 - [INFO] - [DEBUG] Original image loaded: (256, 1024)
2025-09-15 20:34:30 - [INFO] - [DEBUG] Applying invert to original image
2025-09-15 20:34:30 - [INFO] - [DEBUG] simple_invert_pil_image: Processing L image, size = (256, 1024)
2025-09-15 20:34:30 - [INFO] - [DEBUG] simple_invert_image: input shape = (1024, 256), dtype = uint8
2025-09-15 20:34:30 - [INFO] - [DEBUG] Simple inversion completed: [0-255] -> [0-255]
2025-09-15 20:34:30 - [INFO] - [DEBUG] simple_invert_pil_image: completed
2025-09-15 20:34:30 - [INFO] - [DEBUG] Using STORED B/C values: B=0.00, C=1.00
2025-09-15 20:34:30 - [INFO] - [DEBUG]   Image layer loaded and processed
2025-09-15 20:34:30 - [INFO] - [DEBUG] Loading segmentation layer for Posterior
2025-09-15 20:34:30 - [INFO] - [DEBUG] Looking for segmentation (NEWEST): F:\projek dosen\prototype riset\hotspot-analyzer\data\PLANAR\EMA\1\20250628\post_segm.png
2025-09-15 20:34:30 - [DEBUG] - STREAM b'IHDR' 16 13
2025-09-15 20:34:30 - [DEBUG] - STREAM b'IDAT' 41 5752
2025-09-15 20:34:30 - [INFO] - [DEBUG]   Loaded segmentation with transparency: F:\projek dosen\prototype riset\hotspot-analyzer\data\PLANAR\EMA\1\20250628\post_segm.png
2025-09-15 20:34:30 - [INFO] - [DEBUG] Segmentation type: ORIGINAL
2025-09-15 20:34:30 - [INFO] - [DEBUG] Loading hotspot layer for Posterior
2025-09-15 20:34:30 - [INFO] - [DEBUG] Looking for hotspot classification (NEWEST): F:\projek dosen\prototype riset\hotspot-analyzer\data\PLANAR\EMA\1\20250628\post_hotspot_classification.png
2025-09-15 20:34:30 - [INFO] - [DEBUG] No hotspot classification found: F:\projek dosen\prototype riset\hotspot-analyzer\data\PLANAR\EMA\1\20250628\post_hotspot_classification.png
2025-09-15 20:34:30 - [INFO] - [DEBUG] Loading bbox layer for Posterior
2025-09-15 20:34:30 - [INFO] - [DEBUG] Looking for classification XML (NEWEST): F:\projek dosen\prototype riset\hotspot-analyzer\data\PLANAR\EMA\1\20250628\post_hotspot_classification.xml
2025-09-15 20:34:30 - [INFO] - [DEBUG] No classification XML found: F:\projek dosen\prototype riset\hotspot-analyzer\data\PLANAR\EMA\1\20250628\post_hotspot_classification.xml
2025-09-15 20:34:30 - [INFO] - [CACHE STORE] Not caching due to adjustments/overrides/invert
2025-09-15 20:34:30 - [INFO] - [DEBUG]   Loaded 2 layers for Posterior: ['Image', 'Segmentation']
2025-09-15 20:34:30 - [INFO] - [DEBUG] Available CLASSIFICATION layers in files: ['Image', 'Segmentation']
2025-09-15 20:34:30 - [INFO] - [SMART UPDATE] State updated - Type: full
2025-09-15 20:34:30 - [INFO] - [SMART UPDATE] State updated - Type: layers
2025-09-15 20:34:30 - [INFO] - [DEBUG] Path extraction: session=EMA, patient=1, study_date=20250628
2025-09-15 20:34:30 - [INFO] - [DEBUG] Extracted patient info - ID: 1, Session: EMA
2025-09-15 20:34:30 - [INFO] - [DEBUG] Original path: F:\projek dosen\prototype riset\hotspot-analyzer\data\PLANAR\EMA\1\20250628\1.dcm
2025-09-15 20:34:30 - [INFO] - [SMART UPDATE] Change type: none
2025-09-15 20:34:30 - [INFO] - [DEBUG] Timeline active layers set to: []
2025-09-15 20:34:30 - [INFO] - [SMART UPDATE] No changes detected, skipping update
2025-09-15 20:34:30 - [INFO] - [DEBUG] Set Image opacity to 1.00
2025-09-15 20:34:30 - [INFO] - [SMART UPDATE] Change type: none
2025-09-15 20:34:30 - [INFO] - [SMART UPDATE] Using full rebuild for opacity change
2025-09-15 20:34:30 - [INFO] - [DEBUG] Rebuilding timeline for active scan index: 0
2025-09-15 20:34:30 - [INFO] - [DEBUG] Creating CLASSIFICATION card 0 for view: Anterior
2025-09-15 20:34:30 - [INFO] - [DEBUG] Active layers selected: []
2025-09-15 20:34:30 - [INFO] - [DEBUG] DICOM path: F:\projek dosen\prototype riset\hotspot-analyzer\data\PLANAR\EMA\1\20250628\1.dcm
2025-09-15 20:34:30 - [INFO] - [DEBUG] Current view: Anterior
2025-09-15 20:34:30 - [INFO] - [CACHE DEBUG] use_cache=False
2025-09-15 20:34:30 - [INFO] - [CACHE DEBUG] has_adjustments=False (B=0.00, C=1.00)
2025-09-15 20:34:30 - [INFO] - [CACHE DEBUG] has_overrides=False (override_b=None, override_c=None)
2025-09-15 20:34:30 - [INFO] - [CACHE DEBUG] invert_original=True
2025-09-15 20:34:30 - [INFO] - [CACHE SKIP] Skipping cache due to adjustments/overrides/invert
2025-09-15 20:34:30 - [INFO] - [DEBUG] Path extraction: session=EMA, patient=1, study_date=20250628
2025-09-15 20:34:30 - [INFO] - [DEBUG] Extracted patient info - ID: 1, Session: EMA
2025-09-15 20:34:30 - [INFO] - [DEBUG] Original path: F:\projek dosen\prototype riset\hotspot-analyzer\data\PLANAR\EMA\1\20250628\1.dcm
2025-09-15 20:34:30 - [INFO] - [DEBUG] Study date: 20250628
2025-09-15 20:34:30 - [INFO] - [DEBUG] Patient ID: 1
2025-09-15 20:34:30 - [INFO] - [DEBUG] Session code: EMA
2025-09-15 20:34:30 - [INFO] - [DEBUG] Study date folder: F:\projek dosen\prototype riset\hotspot-analyzer\data\PLANAR\EMA\1\20250628
2025-09-15 20:34:30 - [INFO] - [DEBUG] Loading original image for Anterior
2025-09-15 20:34:30 - [INFO] - [DEBUG] Looking for original PNG in study_date dir: F:\projek dosen\prototype riset\hotspot-analyzer\data\PLANAR\EMA\1\20250628\ant_original.png
2025-09-15 20:34:30 - [DEBUG] - STREAM b'IHDR' 16 13
2025-09-15 20:34:30 - [DEBUG] - STREAM b'IDAT' 41 65536
2025-09-15 20:34:30 - [INFO] - [DEBUG] Loaded original PNG from study_date dir: (256, 1024)
2025-09-15 20:34:30 - [INFO] - [DEBUG] Original image loaded: (256, 1024)
2025-09-15 20:34:30 - [INFO] - [DEBUG] Applying invert to original image
2025-09-15 20:34:30 - [INFO] - [DEBUG] simple_invert_pil_image: Processing L image, size = (256, 1024)
2025-09-15 20:34:30 - [INFO] - [DEBUG] simple_invert_image: input shape = (1024, 256), dtype = uint8
2025-09-15 20:34:30 - [INFO] - [DEBUG] Simple inversion completed: [0-255] -> [0-255]
2025-09-15 20:34:30 - [INFO] - [DEBUG] simple_invert_pil_image: completed
2025-09-15 20:34:30 - [INFO] - [DEBUG] Using STORED B/C values: B=0.00, C=1.00
2025-09-15 20:34:30 - [INFO] - [DEBUG]   Image layer loaded and processed
2025-09-15 20:34:30 - [INFO] - [DEBUG] Loading segmentation layer for Anterior
2025-09-15 20:34:30 - [INFO] - [DEBUG] Looking for segmentation (NEWEST): F:\projek dosen\prototype riset\hotspot-analyzer\data\PLANAR\EMA\1\20250628\ant_segm.png
2025-09-15 20:34:30 - [DEBUG] - STREAM b'IHDR' 16 13
2025-09-15 20:34:30 - [DEBUG] - STREAM b'IDAT' 41 6336
2025-09-15 20:34:30 - [INFO] - [DEBUG]   Loaded segmentation with transparency: F:\projek dosen\prototype riset\hotspot-analyzer\data\PLANAR\EMA\1\20250628\ant_segm.png
2025-09-15 20:34:30 - [INFO] - [DEBUG] Segmentation type: ORIGINAL
2025-09-15 20:34:30 - [INFO] - [DEBUG] Loading hotspot layer for Anterior
2025-09-15 20:34:30 - [INFO] - [DEBUG] Looking for hotspot classification (NEWEST): F:\projek dosen\prototype riset\hotspot-analyzer\data\PLANAR\EMA\1\20250628\ant_hotspot_classification.png
2025-09-15 20:34:30 - [INFO] - [DEBUG] No hotspot classification found: F:\projek dosen\prototype riset\hotspot-analyzer\data\PLANAR\EMA\1\20250628\ant_hotspot_classification.png
2025-09-15 20:34:30 - [INFO] - [DEBUG] Loading bbox layer for Anterior
2025-09-15 20:34:30 - [INFO] - [DEBUG] Looking for classification XML (NEWEST): F:\projek dosen\prototype riset\hotspot-analyzer\data\PLANAR\EMA\1\20250628\ant_hotspot_classification.xml
2025-09-15 20:34:30 - [INFO] - [DEBUG] No classification XML found: F:\projek dosen\prototype riset\hotspot-analyzer\data\PLANAR\EMA\1\20250628\ant_hotspot_classification.xml
2025-09-15 20:34:30 - [INFO] - [CACHE STORE] Not caching due to adjustments/overrides/invert
2025-09-15 20:34:30 - [INFO] - [DEBUG]   Loaded 2 layers for Anterior: ['Image', 'Segmentation']
2025-09-15 20:34:30 - [INFO] - [DEBUG] Available CLASSIFICATION layers in files: ['Image', 'Segmentation']
2025-09-15 20:34:30 - [INFO] - [DEBUG] Creating CLASSIFICATION card 0 for view: Posterior
2025-09-15 20:34:30 - [INFO] - [DEBUG] Active layers selected: []
2025-09-15 20:34:30 - [INFO] - [DEBUG] DICOM path: F:\projek dosen\prototype riset\hotspot-analyzer\data\PLANAR\EMA\1\20250628\1.dcm
2025-09-15 20:34:30 - [INFO] - [DEBUG] Current view: Posterior
2025-09-15 20:34:30 - [INFO] - [CACHE DEBUG] use_cache=False
2025-09-15 20:34:30 - [INFO] - [CACHE DEBUG] has_adjustments=False (B=0.00, C=1.00)
2025-09-15 20:34:30 - [INFO] - [CACHE DEBUG] has_overrides=False (override_b=None, override_c=None)
2025-09-15 20:34:30 - [INFO] - [CACHE DEBUG] invert_original=True
2025-09-15 20:34:30 - [INFO] - [CACHE SKIP] Skipping cache due to adjustments/overrides/invert
2025-09-15 20:34:30 - [INFO] - [DEBUG] Path extraction: session=EMA, patient=1, study_date=20250628
2025-09-15 20:34:30 - [INFO] - [DEBUG] Extracted patient info - ID: 1, Session: EMA
2025-09-15 20:34:30 - [INFO] - [DEBUG] Original path: F:\projek dosen\prototype riset\hotspot-analyzer\data\PLANAR\EMA\1\20250628\1.dcm
2025-09-15 20:34:30 - [INFO] - [DEBUG] Study date: 20250628
2025-09-15 20:34:30 - [INFO] - [DEBUG] Patient ID: 1
2025-09-15 20:34:30 - [INFO] - [DEBUG] Session code: EMA
2025-09-15 20:34:30 - [INFO] - [DEBUG] Study date folder: F:\projek dosen\prototype riset\hotspot-analyzer\data\PLANAR\EMA\1\20250628
2025-09-15 20:34:30 - [INFO] - [DEBUG] Loading original image for Posterior
2025-09-15 20:34:30 - [INFO] - [DEBUG] Looking for original PNG in study_date dir: F:\projek dosen\prototype riset\hotspot-analyzer\data\PLANAR\EMA\1\20250628\post_original.png
2025-09-15 20:34:30 - [DEBUG] - STREAM b'IHDR' 16 13
2025-09-15 20:34:30 - [DEBUG] - STREAM b'IDAT' 41 65536
2025-09-15 20:34:30 - [INFO] - [DEBUG] Loaded original PNG from study_date dir: (256, 1024)
2025-09-15 20:34:30 - [INFO] - [DEBUG] Original image loaded: (256, 1024)
2025-09-15 20:34:30 - [INFO] - [DEBUG] Applying invert to original image
2025-09-15 20:34:30 - [INFO] - [DEBUG] simple_invert_pil_image: Processing L image, size = (256, 1024)
2025-09-15 20:34:30 - [INFO] - [DEBUG] simple_invert_image: input shape = (1024, 256), dtype = uint8
2025-09-15 20:34:30 - [INFO] - [DEBUG] Simple inversion completed: [0-255] -> [0-255]
2025-09-15 20:34:30 - [INFO] - [DEBUG] simple_invert_pil_image: completed
2025-09-15 20:34:30 - [INFO] - [DEBUG] Using STORED B/C values: B=0.00, C=1.00
2025-09-15 20:34:30 - [INFO] - [DEBUG]   Image layer loaded and processed
2025-09-15 20:34:30 - [INFO] - [DEBUG] Loading segmentation layer for Posterior
2025-09-15 20:34:30 - [INFO] - [DEBUG] Looking for segmentation (NEWEST): F:\projek dosen\prototype riset\hotspot-analyzer\data\PLANAR\EMA\1\20250628\post_segm.png
2025-09-15 20:34:30 - [DEBUG] - STREAM b'IHDR' 16 13
2025-09-15 20:34:30 - [DEBUG] - STREAM b'IDAT' 41 5752
2025-09-15 20:34:30 - [INFO] - [DEBUG]   Loaded segmentation with transparency: F:\projek dosen\prototype riset\hotspot-analyzer\data\PLANAR\EMA\1\20250628\post_segm.png
2025-09-15 20:34:30 - [INFO] - [DEBUG] Segmentation type: ORIGINAL
2025-09-15 20:34:30 - [INFO] - [DEBUG] Loading hotspot layer for Posterior
2025-09-15 20:34:30 - [INFO] - [DEBUG] Looking for hotspot classification (NEWEST): F:\projek dosen\prototype riset\hotspot-analyzer\data\PLANAR\EMA\1\20250628\post_hotspot_classification.png
2025-09-15 20:34:30 - [INFO] - [DEBUG] No hotspot classification found: F:\projek dosen\prototype riset\hotspot-analyzer\data\PLANAR\EMA\1\20250628\post_hotspot_classification.png
2025-09-15 20:34:30 - [INFO] - [DEBUG] Loading bbox layer for Posterior
2025-09-15 20:34:30 - [INFO] - [DEBUG] Looking for classification XML (NEWEST): F:\projek dosen\prototype riset\hotspot-analyzer\data\PLANAR\EMA\1\20250628\post_hotspot_classification.xml
2025-09-15 20:34:30 - [INFO] - [DEBUG] No classification XML found: F:\projek dosen\prototype riset\hotspot-analyzer\data\PLANAR\EMA\1\20250628\post_hotspot_classification.xml
2025-09-15 20:34:30 - [INFO] - [CACHE STORE] Not caching due to adjustments/overrides/invert
2025-09-15 20:34:30 - [INFO] - [DEBUG]   Loaded 2 layers for Posterior: ['Image', 'Segmentation']
2025-09-15 20:34:30 - [INFO] - [DEBUG] Available CLASSIFICATION layers in files: ['Image', 'Segmentation']
2025-09-15 20:34:30 - [INFO] - [SMART UPDATE] State updated - Type: full
2025-09-15 20:34:30 - [INFO] - [SMART UPDATE] State updated - Type: rebuild
2025-09-15 20:34:30 - [INFO] - [DEBUG] Set Segmentation opacity to 0.35
2025-09-15 20:34:30 - [INFO] - [SMART UPDATE] Change type: none
2025-09-15 20:34:30 - [INFO] - [SMART UPDATE] Using full rebuild for opacity change
2025-09-15 20:34:30 - [INFO] - [DEBUG] Rebuilding timeline for active scan index: 0
2025-09-15 20:34:30 - [INFO] - [DEBUG] Creating CLASSIFICATION card 0 for view: Anterior
2025-09-15 20:34:30 - [INFO] - [DEBUG] Active layers selected: []
2025-09-15 20:34:30 - [INFO] - [DEBUG] DICOM path: F:\projek dosen\prototype riset\hotspot-analyzer\data\PLANAR\EMA\1\20250628\1.dcm
2025-09-15 20:34:30 - [INFO] - [DEBUG] Current view: Anterior
2025-09-15 20:34:30 - [INFO] - [CACHE DEBUG] use_cache=False
2025-09-15 20:34:30 - [INFO] - [CACHE DEBUG] has_adjustments=False (B=0.00, C=1.00)
2025-09-15 20:34:30 - [INFO] - [CACHE DEBUG] has_overrides=False (override_b=None, override_c=None)
2025-09-15 20:34:30 - [INFO] - [CACHE DEBUG] invert_original=True
2025-09-15 20:34:30 - [INFO] - [CACHE SKIP] Skipping cache due to adjustments/overrides/invert
2025-09-15 20:34:30 - [INFO] - [DEBUG] Path extraction: session=EMA, patient=1, study_date=20250628
2025-09-15 20:34:30 - [INFO] - [DEBUG] Extracted patient info - ID: 1, Session: EMA
2025-09-15 20:34:30 - [INFO] - [DEBUG] Original path: F:\projek dosen\prototype riset\hotspot-analyzer\data\PLANAR\EMA\1\20250628\1.dcm
2025-09-15 20:34:30 - [INFO] - [DEBUG] Study date: 20250628
2025-09-15 20:34:30 - [INFO] - [DEBUG] Patient ID: 1
2025-09-15 20:34:30 - [INFO] - [DEBUG] Session code: EMA
2025-09-15 20:34:30 - [INFO] - [DEBUG] Study date folder: F:\projek dosen\prototype riset\hotspot-analyzer\data\PLANAR\EMA\1\20250628
2025-09-15 20:34:30 - [INFO] - [DEBUG] Loading original image for Anterior
2025-09-15 20:34:30 - [INFO] - [DEBUG] Looking for original PNG in study_date dir: F:\projek dosen\prototype riset\hotspot-analyzer\data\PLANAR\EMA\1\20250628\ant_original.png
2025-09-15 20:34:30 - [DEBUG] - STREAM b'IHDR' 16 13
2025-09-15 20:34:30 - [DEBUG] - STREAM b'IDAT' 41 65536
2025-09-15 20:34:30 - [INFO] - [DEBUG] Loaded original PNG from study_date dir: (256, 1024)
2025-09-15 20:34:30 - [INFO] - [DEBUG] Original image loaded: (256, 1024)
2025-09-15 20:34:30 - [INFO] - [DEBUG] Applying invert to original image
2025-09-15 20:34:30 - [INFO] - [DEBUG] simple_invert_pil_image: Processing L image, size = (256, 1024)
2025-09-15 20:34:30 - [INFO] - [DEBUG] simple_invert_image: input shape = (1024, 256), dtype = uint8
2025-09-15 20:34:30 - [INFO] - [DEBUG] Simple inversion completed: [0-255] -> [0-255]
2025-09-15 20:34:30 - [INFO] - [DEBUG] simple_invert_pil_image: completed
2025-09-15 20:34:30 - [INFO] - [DEBUG] Using STORED B/C values: B=0.00, C=1.00
2025-09-15 20:34:30 - [INFO] - [DEBUG]   Image layer loaded and processed
2025-09-15 20:34:30 - [INFO] - [DEBUG] Loading segmentation layer for Anterior
2025-09-15 20:34:30 - [INFO] - [DEBUG] Looking for segmentation (NEWEST): F:\projek dosen\prototype riset\hotspot-analyzer\data\PLANAR\EMA\1\20250628\ant_segm.png
2025-09-15 20:34:30 - [DEBUG] - STREAM b'IHDR' 16 13
2025-09-15 20:34:30 - [DEBUG] - STREAM b'IDAT' 41 6336
2025-09-15 20:34:30 - [INFO] - [DEBUG]   Loaded segmentation with transparency: F:\projek dosen\prototype riset\hotspot-analyzer\data\PLANAR\EMA\1\20250628\ant_segm.png
2025-09-15 20:34:30 - [INFO] - [DEBUG] Segmentation type: ORIGINAL
2025-09-15 20:34:30 - [INFO] - [DEBUG] Loading hotspot layer for Anterior
2025-09-15 20:34:30 - [INFO] - [DEBUG] Looking for hotspot classification (NEWEST): F:\projek dosen\prototype riset\hotspot-analyzer\data\PLANAR\EMA\1\20250628\ant_hotspot_classification.png
2025-09-15 20:34:30 - [INFO] - [DEBUG] No hotspot classification found: F:\projek dosen\prototype riset\hotspot-analyzer\data\PLANAR\EMA\1\20250628\ant_hotspot_classification.png
2025-09-15 20:34:30 - [INFO] - [DEBUG] Loading bbox layer for Anterior
2025-09-15 20:34:30 - [INFO] - [DEBUG] Looking for classification XML (NEWEST): F:\projek dosen\prototype riset\hotspot-analyzer\data\PLANAR\EMA\1\20250628\ant_hotspot_classification.xml
2025-09-15 20:34:30 - [INFO] - [DEBUG] No classification XML found: F:\projek dosen\prototype riset\hotspot-analyzer\data\PLANAR\EMA\1\20250628\ant_hotspot_classification.xml
2025-09-15 20:34:30 - [INFO] - [CACHE STORE] Not caching due to adjustments/overrides/invert
2025-09-15 20:34:30 - [INFO] - [DEBUG]   Loaded 2 layers for Anterior: ['Image', 'Segmentation']
2025-09-15 20:34:30 - [INFO] - [DEBUG] Available CLASSIFICATION layers in files: ['Image', 'Segmentation']
2025-09-15 20:34:30 - [INFO] - [DEBUG] Creating CLASSIFICATION card 0 for view: Posterior
2025-09-15 20:34:30 - [INFO] - [DEBUG] Active layers selected: []
2025-09-15 20:34:30 - [INFO] - [DEBUG] DICOM path: F:\projek dosen\prototype riset\hotspot-analyzer\data\PLANAR\EMA\1\20250628\1.dcm
2025-09-15 20:34:30 - [INFO] - [DEBUG] Current view: Posterior
2025-09-15 20:34:30 - [INFO] - [CACHE DEBUG] use_cache=False
2025-09-15 20:34:30 - [INFO] - [CACHE DEBUG] has_adjustments=False (B=0.00, C=1.00)
2025-09-15 20:34:30 - [INFO] - [CACHE DEBUG] has_overrides=False (override_b=None, override_c=None)
2025-09-15 20:34:30 - [INFO] - [CACHE DEBUG] invert_original=True
2025-09-15 20:34:30 - [INFO] - [CACHE SKIP] Skipping cache due to adjustments/overrides/invert
2025-09-15 20:34:30 - [INFO] - [DEBUG] Path extraction: session=EMA, patient=1, study_date=20250628
2025-09-15 20:34:30 - [INFO] - [DEBUG] Extracted patient info - ID: 1, Session: EMA
2025-09-15 20:34:30 - [INFO] - [DEBUG] Original path: F:\projek dosen\prototype riset\hotspot-analyzer\data\PLANAR\EMA\1\20250628\1.dcm
2025-09-15 20:34:30 - [INFO] - [DEBUG] Study date: 20250628
2025-09-15 20:34:30 - [INFO] - [DEBUG] Patient ID: 1
2025-09-15 20:34:30 - [INFO] - [DEBUG] Session code: EMA
2025-09-15 20:34:30 - [INFO] - [DEBUG] Study date folder: F:\projek dosen\prototype riset\hotspot-analyzer\data\PLANAR\EMA\1\20250628
2025-09-15 20:34:30 - [INFO] - [DEBUG] Loading original image for Posterior
2025-09-15 20:34:30 - [INFO] - [DEBUG] Looking for original PNG in study_date dir: F:\projek dosen\prototype riset\hotspot-analyzer\data\PLANAR\EMA\1\20250628\post_original.png
2025-09-15 20:34:30 - [DEBUG] - STREAM b'IHDR' 16 13
2025-09-15 20:34:30 - [DEBUG] - STREAM b'IDAT' 41 65536
2025-09-15 20:34:30 - [INFO] - [DEBUG] Loaded original PNG from study_date dir: (256, 1024)
2025-09-15 20:34:30 - [INFO] - [DEBUG] Original image loaded: (256, 1024)
2025-09-15 20:34:30 - [INFO] - [DEBUG] Applying invert to original image
2025-09-15 20:34:30 - [INFO] - [DEBUG] simple_invert_pil_image: Processing L image, size = (256, 1024)
2025-09-15 20:34:30 - [INFO] - [DEBUG] simple_invert_image: input shape = (1024, 256), dtype = uint8
2025-09-15 20:34:30 - [INFO] - [DEBUG] Simple inversion completed: [0-255] -> [0-255]
2025-09-15 20:34:30 - [INFO] - [DEBUG] simple_invert_pil_image: completed
2025-09-15 20:34:30 - [INFO] - [DEBUG] Using STORED B/C values: B=0.00, C=1.00
2025-09-15 20:34:30 - [INFO] - [DEBUG]   Image layer loaded and processed
2025-09-15 20:34:30 - [INFO] - [DEBUG] Loading segmentation layer for Posterior
2025-09-15 20:34:30 - [INFO] - [DEBUG] Looking for segmentation (NEWEST): F:\projek dosen\prototype riset\hotspot-analyzer\data\PLANAR\EMA\1\20250628\post_segm.png
2025-09-15 20:34:30 - [DEBUG] - STREAM b'IHDR' 16 13
2025-09-15 20:34:30 - [DEBUG] - STREAM b'IDAT' 41 5752
2025-09-15 20:34:30 - [INFO] - [DEBUG]   Loaded segmentation with transparency: F:\projek dosen\prototype riset\hotspot-analyzer\data\PLANAR\EMA\1\20250628\post_segm.png
2025-09-15 20:34:30 - [INFO] - [DEBUG] Segmentation type: ORIGINAL
2025-09-15 20:34:30 - [INFO] - [DEBUG] Loading hotspot layer for Posterior
2025-09-15 20:34:30 - [INFO] - [DEBUG] Looking for hotspot classification (NEWEST): F:\projek dosen\prototype riset\hotspot-analyzer\data\PLANAR\EMA\1\20250628\post_hotspot_classification.png
2025-09-15 20:34:30 - [INFO] - [DEBUG] No hotspot classification found: F:\projek dosen\prototype riset\hotspot-analyzer\data\PLANAR\EMA\1\20250628\post_hotspot_classification.png
2025-09-15 20:34:30 - [INFO] - [DEBUG] Loading bbox layer for Posterior
2025-09-15 20:34:30 - [INFO] - [DEBUG] Looking for classification XML (NEWEST): F:\projek dosen\prototype riset\hotspot-analyzer\data\PLANAR\EMA\1\20250628\post_hotspot_classification.xml
2025-09-15 20:34:30 - [INFO] - [DEBUG] No classification XML found: F:\projek dosen\prototype riset\hotspot-analyzer\data\PLANAR\EMA\1\20250628\post_hotspot_classification.xml
2025-09-15 20:34:30 - [INFO] - [CACHE STORE] Not caching due to adjustments/overrides/invert
2025-09-15 20:34:30 - [INFO] - [DEBUG]   Loaded 2 layers for Posterior: ['Image', 'Segmentation']
2025-09-15 20:34:30 - [INFO] - [DEBUG] Available CLASSIFICATION layers in files: ['Image', 'Segmentation']
2025-09-15 20:34:30 - [INFO] - [SMART UPDATE] State updated - Type: full
2025-09-15 20:34:30 - [INFO] - [SMART UPDATE] State updated - Type: rebuild
2025-09-15 20:34:30 - [INFO] - [DEBUG] Set Hotspot opacity to 0.50
2025-09-15 20:34:30 - [INFO] - [SMART UPDATE] Change type: none
2025-09-15 20:34:30 - [INFO] - [SMART UPDATE] Using full rebuild for opacity change
2025-09-15 20:34:30 - [INFO] - [DEBUG] Rebuilding timeline for active scan index: 0
2025-09-15 20:34:30 - [INFO] - [DEBUG] Creating CLASSIFICATION card 0 for view: Anterior
2025-09-15 20:34:30 - [INFO] - [DEBUG] Active layers selected: []
2025-09-15 20:34:30 - [INFO] - [DEBUG] DICOM path: F:\projek dosen\prototype riset\hotspot-analyzer\data\PLANAR\EMA\1\20250628\1.dcm
2025-09-15 20:34:30 - [INFO] - [DEBUG] Current view: Anterior
2025-09-15 20:34:30 - [INFO] - [CACHE DEBUG] use_cache=False
2025-09-15 20:34:30 - [INFO] - [CACHE DEBUG] has_adjustments=False (B=0.00, C=1.00)
2025-09-15 20:34:30 - [INFO] - [CACHE DEBUG] has_overrides=False (override_b=None, override_c=None)
2025-09-15 20:34:30 - [INFO] - [CACHE DEBUG] invert_original=True
2025-09-15 20:34:30 - [INFO] - [CACHE SKIP] Skipping cache due to adjustments/overrides/invert
2025-09-15 20:34:30 - [INFO] - [DEBUG] Path extraction: session=EMA, patient=1, study_date=20250628
2025-09-15 20:34:30 - [INFO] - [DEBUG] Extracted patient info - ID: 1, Session: EMA
2025-09-15 20:34:30 - [INFO] - [DEBUG] Original path: F:\projek dosen\prototype riset\hotspot-analyzer\data\PLANAR\EMA\1\20250628\1.dcm
2025-09-15 20:34:30 - [INFO] - [DEBUG] Study date: 20250628
2025-09-15 20:34:30 - [INFO] - [DEBUG] Patient ID: 1
2025-09-15 20:34:30 - [INFO] - [DEBUG] Session code: EMA
2025-09-15 20:34:30 - [INFO] - [DEBUG] Study date folder: F:\projek dosen\prototype riset\hotspot-analyzer\data\PLANAR\EMA\1\20250628
2025-09-15 20:34:30 - [INFO] - [DEBUG] Loading original image for Anterior
2025-09-15 20:34:30 - [INFO] - [DEBUG] Looking for original PNG in study_date dir: F:\projek dosen\prototype riset\hotspot-analyzer\data\PLANAR\EMA\1\20250628\ant_original.png
2025-09-15 20:34:30 - [DEBUG] - STREAM b'IHDR' 16 13
2025-09-15 20:34:30 - [DEBUG] - STREAM b'IDAT' 41 65536
2025-09-15 20:34:30 - [INFO] - [DEBUG] Loaded original PNG from study_date dir: (256, 1024)
2025-09-15 20:34:30 - [INFO] - [DEBUG] Original image loaded: (256, 1024)
2025-09-15 20:34:30 - [INFO] - [DEBUG] Applying invert to original image
2025-09-15 20:34:30 - [INFO] - [DEBUG] simple_invert_pil_image: Processing L image, size = (256, 1024)
2025-09-15 20:34:30 - [INFO] - [DEBUG] simple_invert_image: input shape = (1024, 256), dtype = uint8
2025-09-15 20:34:30 - [INFO] - [DEBUG] Simple inversion completed: [0-255] -> [0-255]
2025-09-15 20:34:30 - [INFO] - [DEBUG] simple_invert_pil_image: completed
2025-09-15 20:34:30 - [INFO] - [DEBUG] Using STORED B/C values: B=0.00, C=1.00
2025-09-15 20:34:30 - [INFO] - [DEBUG]   Image layer loaded and processed
2025-09-15 20:34:30 - [INFO] - [DEBUG] Loading segmentation layer for Anterior
2025-09-15 20:34:30 - [INFO] - [DEBUG] Looking for segmentation (NEWEST): F:\projek dosen\prototype riset\hotspot-analyzer\data\PLANAR\EMA\1\20250628\ant_segm.png
2025-09-15 20:34:30 - [DEBUG] - STREAM b'IHDR' 16 13
2025-09-15 20:34:30 - [DEBUG] - STREAM b'IDAT' 41 6336
2025-09-15 20:34:30 - [INFO] - [DEBUG]   Loaded segmentation with transparency: F:\projek dosen\prototype riset\hotspot-analyzer\data\PLANAR\EMA\1\20250628\ant_segm.png
2025-09-15 20:34:30 - [INFO] - [DEBUG] Segmentation type: ORIGINAL
2025-09-15 20:34:30 - [INFO] - [DEBUG] Loading hotspot layer for Anterior
2025-09-15 20:34:30 - [INFO] - [DEBUG] Looking for hotspot classification (NEWEST): F:\projek dosen\prototype riset\hotspot-analyzer\data\PLANAR\EMA\1\20250628\ant_hotspot_classification.png
2025-09-15 20:34:30 - [INFO] - [DEBUG] No hotspot classification found: F:\projek dosen\prototype riset\hotspot-analyzer\data\PLANAR\EMA\1\20250628\ant_hotspot_classification.png
2025-09-15 20:34:30 - [INFO] - [DEBUG] Loading bbox layer for Anterior
2025-09-15 20:34:30 - [INFO] - [DEBUG] Looking for classification XML (NEWEST): F:\projek dosen\prototype riset\hotspot-analyzer\data\PLANAR\EMA\1\20250628\ant_hotspot_classification.xml
2025-09-15 20:34:30 - [INFO] - [DEBUG] No classification XML found: F:\projek dosen\prototype riset\hotspot-analyzer\data\PLANAR\EMA\1\20250628\ant_hotspot_classification.xml
2025-09-15 20:34:30 - [INFO] - [CACHE STORE] Not caching due to adjustments/overrides/invert
2025-09-15 20:34:30 - [INFO] - [DEBUG]   Loaded 2 layers for Anterior: ['Image', 'Segmentation']
2025-09-15 20:34:30 - [INFO] - [DEBUG] Available CLASSIFICATION layers in files: ['Image', 'Segmentation']
2025-09-15 20:34:30 - [INFO] - [DEBUG] Creating CLASSIFICATION card 0 for view: Posterior
2025-09-15 20:34:30 - [INFO] - [DEBUG] Active layers selected: []
2025-09-15 20:34:30 - [INFO] - [DEBUG] DICOM path: F:\projek dosen\prototype riset\hotspot-analyzer\data\PLANAR\EMA\1\20250628\1.dcm
2025-09-15 20:34:30 - [INFO] - [DEBUG] Current view: Posterior
2025-09-15 20:34:30 - [INFO] - [CACHE DEBUG] use_cache=False
2025-09-15 20:34:30 - [INFO] - [CACHE DEBUG] has_adjustments=False (B=0.00, C=1.00)
2025-09-15 20:34:30 - [INFO] - [CACHE DEBUG] has_overrides=False (override_b=None, override_c=None)
2025-09-15 20:34:30 - [INFO] - [CACHE DEBUG] invert_original=True
2025-09-15 20:34:30 - [INFO] - [CACHE SKIP] Skipping cache due to adjustments/overrides/invert
2025-09-15 20:34:30 - [INFO] - [DEBUG] Path extraction: session=EMA, patient=1, study_date=20250628
2025-09-15 20:34:30 - [INFO] - [DEBUG] Extracted patient info - ID: 1, Session: EMA
2025-09-15 20:34:30 - [INFO] - [DEBUG] Original path: F:\projek dosen\prototype riset\hotspot-analyzer\data\PLANAR\EMA\1\20250628\1.dcm
2025-09-15 20:34:30 - [INFO] - [DEBUG] Study date: 20250628
2025-09-15 20:34:30 - [INFO] - [DEBUG] Patient ID: 1
2025-09-15 20:34:30 - [INFO] - [DEBUG] Session code: EMA
2025-09-15 20:34:30 - [INFO] - [DEBUG] Study date folder: F:\projek dosen\prototype riset\hotspot-analyzer\data\PLANAR\EMA\1\20250628
2025-09-15 20:34:30 - [INFO] - [DEBUG] Loading original image for Posterior
2025-09-15 20:34:30 - [INFO] - [DEBUG] Looking for original PNG in study_date dir: F:\projek dosen\prototype riset\hotspot-analyzer\data\PLANAR\EMA\1\20250628\post_original.png
2025-09-15 20:34:30 - [DEBUG] - STREAM b'IHDR' 16 13
2025-09-15 20:34:30 - [DEBUG] - STREAM b'IDAT' 41 65536
2025-09-15 20:34:30 - [INFO] - [DEBUG] Loaded original PNG from study_date dir: (256, 1024)
2025-09-15 20:34:30 - [INFO] - [DEBUG] Original image loaded: (256, 1024)
2025-09-15 20:34:30 - [INFO] - [DEBUG] Applying invert to original image
2025-09-15 20:34:30 - [INFO] - [DEBUG] simple_invert_pil_image: Processing L image, size = (256, 1024)
2025-09-15 20:34:30 - [INFO] - [DEBUG] simple_invert_image: input shape = (1024, 256), dtype = uint8
2025-09-15 20:34:30 - [INFO] - [DEBUG] Simple inversion completed: [0-255] -> [0-255]
2025-09-15 20:34:30 - [INFO] - [DEBUG] simple_invert_pil_image: completed
2025-09-15 20:34:30 - [INFO] - [DEBUG] Using STORED B/C values: B=0.00, C=1.00
2025-09-15 20:34:30 - [INFO] - [DEBUG]   Image layer loaded and processed
2025-09-15 20:34:30 - [INFO] - [DEBUG] Loading segmentation layer for Posterior
2025-09-15 20:34:30 - [INFO] - [DEBUG] Looking for segmentation (NEWEST): F:\projek dosen\prototype riset\hotspot-analyzer\data\PLANAR\EMA\1\20250628\post_segm.png
2025-09-15 20:34:30 - [DEBUG] - STREAM b'IHDR' 16 13
2025-09-15 20:34:30 - [DEBUG] - STREAM b'IDAT' 41 5752
2025-09-15 20:34:30 - [INFO] - [DEBUG]   Loaded segmentation with transparency: F:\projek dosen\prototype riset\hotspot-analyzer\data\PLANAR\EMA\1\20250628\post_segm.png
2025-09-15 20:34:30 - [INFO] - [DEBUG] Segmentation type: ORIGINAL
2025-09-15 20:34:30 - [INFO] - [DEBUG] Loading hotspot layer for Posterior
2025-09-15 20:34:30 - [INFO] - [DEBUG] Looking for hotspot classification (NEWEST): F:\projek dosen\prototype riset\hotspot-analyzer\data\PLANAR\EMA\1\20250628\post_hotspot_classification.png
2025-09-15 20:34:30 - [INFO] - [DEBUG] No hotspot classification found: F:\projek dosen\prototype riset\hotspot-analyzer\data\PLANAR\EMA\1\20250628\post_hotspot_classification.png
2025-09-15 20:34:30 - [INFO] - [DEBUG] Loading bbox layer for Posterior
2025-09-15 20:34:30 - [INFO] - [DEBUG] Looking for classification XML (NEWEST): F:\projek dosen\prototype riset\hotspot-analyzer\data\PLANAR\EMA\1\20250628\post_hotspot_classification.xml
2025-09-15 20:34:30 - [INFO] - [DEBUG] No classification XML found: F:\projek dosen\prototype riset\hotspot-analyzer\data\PLANAR\EMA\1\20250628\post_hotspot_classification.xml
2025-09-15 20:34:30 - [INFO] - [CACHE STORE] Not caching due to adjustments/overrides/invert
2025-09-15 20:34:30 - [INFO] - [DEBUG]   Loaded 2 layers for Posterior: ['Image', 'Segmentation']
2025-09-15 20:34:30 - [INFO] - [DEBUG] Available CLASSIFICATION layers in files: ['Image', 'Segmentation']
2025-09-15 20:34:30 - [INFO] - [SMART UPDATE] State updated - Type: full
2025-09-15 20:34:30 - [INFO] - [SMART UPDATE] State updated - Type: rebuild
2025-09-15 20:34:30 - [INFO] - [DEBUG] Set HotspotBBox opacity to 1.00
2025-09-15 20:34:30 - [INFO] - [SMART UPDATE] Change type: none
2025-09-15 20:34:30 - [INFO] - [SMART UPDATE] Using full rebuild for opacity change
2025-09-15 20:34:30 - [INFO] - [DEBUG] Rebuilding timeline for active scan index: 0
2025-09-15 20:34:30 - [INFO] - [DEBUG] Creating CLASSIFICATION card 0 for view: Anterior
2025-09-15 20:34:30 - [INFO] - [DEBUG] Active layers selected: []
2025-09-15 20:34:30 - [INFO] - [DEBUG] DICOM path: F:\projek dosen\prototype riset\hotspot-analyzer\data\PLANAR\EMA\1\20250628\1.dcm
2025-09-15 20:34:30 - [INFO] - [DEBUG] Current view: Anterior
2025-09-15 20:34:30 - [INFO] - [CACHE DEBUG] use_cache=False
2025-09-15 20:34:30 - [INFO] - [CACHE DEBUG] has_adjustments=False (B=0.00, C=1.00)
2025-09-15 20:34:30 - [INFO] - [CACHE DEBUG] has_overrides=False (override_b=None, override_c=None)
2025-09-15 20:34:30 - [INFO] - [CACHE DEBUG] invert_original=True
2025-09-15 20:34:30 - [INFO] - [CACHE SKIP] Skipping cache due to adjustments/overrides/invert
2025-09-15 20:34:30 - [INFO] - [DEBUG] Path extraction: session=EMA, patient=1, study_date=20250628
2025-09-15 20:34:30 - [INFO] - [DEBUG] Extracted patient info - ID: 1, Session: EMA
2025-09-15 20:34:30 - [INFO] - [DEBUG] Original path: F:\projek dosen\prototype riset\hotspot-analyzer\data\PLANAR\EMA\1\20250628\1.dcm
2025-09-15 20:34:30 - [INFO] - [DEBUG] Study date: 20250628
2025-09-15 20:34:30 - [INFO] - [DEBUG] Patient ID: 1
2025-09-15 20:34:30 - [INFO] - [DEBUG] Session code: EMA
2025-09-15 20:34:30 - [INFO] - [DEBUG] Study date folder: F:\projek dosen\prototype riset\hotspot-analyzer\data\PLANAR\EMA\1\20250628
2025-09-15 20:34:30 - [INFO] - [DEBUG] Loading original image for Anterior
2025-09-15 20:34:30 - [INFO] - [DEBUG] Looking for original PNG in study_date dir: F:\projek dosen\prototype riset\hotspot-analyzer\data\PLANAR\EMA\1\20250628\ant_original.png
2025-09-15 20:34:30 - [DEBUG] - STREAM b'IHDR' 16 13
2025-09-15 20:34:30 - [DEBUG] - STREAM b'IDAT' 41 65536
2025-09-15 20:34:30 - [INFO] - [DEBUG] Loaded original PNG from study_date dir: (256, 1024)
2025-09-15 20:34:30 - [INFO] - [DEBUG] Original image loaded: (256, 1024)
2025-09-15 20:34:30 - [INFO] - [DEBUG] Applying invert to original image
2025-09-15 20:34:30 - [INFO] - [DEBUG] simple_invert_pil_image: Processing L image, size = (256, 1024)
2025-09-15 20:34:30 - [INFO] - [DEBUG] simple_invert_image: input shape = (1024, 256), dtype = uint8
2025-09-15 20:34:30 - [INFO] - [DEBUG] Simple inversion completed: [0-255] -> [0-255]
2025-09-15 20:34:30 - [INFO] - [DEBUG] simple_invert_pil_image: completed
2025-09-15 20:34:30 - [INFO] - [DEBUG] Using STORED B/C values: B=0.00, C=1.00
2025-09-15 20:34:30 - [INFO] - [DEBUG]   Image layer loaded and processed
2025-09-15 20:34:30 - [INFO] - [DEBUG] Loading segmentation layer for Anterior
2025-09-15 20:34:30 - [INFO] - [DEBUG] Looking for segmentation (NEWEST): F:\projek dosen\prototype riset\hotspot-analyzer\data\PLANAR\EMA\1\20250628\ant_segm.png
2025-09-15 20:34:30 - [DEBUG] - STREAM b'IHDR' 16 13
2025-09-15 20:34:30 - [DEBUG] - STREAM b'IDAT' 41 6336
2025-09-15 20:34:30 - [INFO] - [DEBUG]   Loaded segmentation with transparency: F:\projek dosen\prototype riset\hotspot-analyzer\data\PLANAR\EMA\1\20250628\ant_segm.png
2025-09-15 20:34:30 - [INFO] - [DEBUG] Segmentation type: ORIGINAL
2025-09-15 20:34:30 - [INFO] - [DEBUG] Loading hotspot layer for Anterior
2025-09-15 20:34:30 - [INFO] - [DEBUG] Looking for hotspot classification (NEWEST): F:\projek dosen\prototype riset\hotspot-analyzer\data\PLANAR\EMA\1\20250628\ant_hotspot_classification.png
2025-09-15 20:34:30 - [INFO] - [DEBUG] No hotspot classification found: F:\projek dosen\prototype riset\hotspot-analyzer\data\PLANAR\EMA\1\20250628\ant_hotspot_classification.png
2025-09-15 20:34:30 - [INFO] - [DEBUG] Loading bbox layer for Anterior
2025-09-15 20:34:30 - [INFO] - [DEBUG] Looking for classification XML (NEWEST): F:\projek dosen\prototype riset\hotspot-analyzer\data\PLANAR\EMA\1\20250628\ant_hotspot_classification.xml
2025-09-15 20:34:30 - [INFO] - [DEBUG] No classification XML found: F:\projek dosen\prototype riset\hotspot-analyzer\data\PLANAR\EMA\1\20250628\ant_hotspot_classification.xml
2025-09-15 20:34:30 - [INFO] - [CACHE STORE] Not caching due to adjustments/overrides/invert
2025-09-15 20:34:30 - [INFO] - [DEBUG]   Loaded 2 layers for Anterior: ['Image', 'Segmentation']
2025-09-15 20:34:30 - [INFO] - [DEBUG] Available CLASSIFICATION layers in files: ['Image', 'Segmentation']
2025-09-15 20:34:30 - [INFO] - [DEBUG] Creating CLASSIFICATION card 0 for view: Posterior
2025-09-15 20:34:30 - [INFO] - [DEBUG] Active layers selected: []
2025-09-15 20:34:30 - [INFO] - [DEBUG] DICOM path: F:\projek dosen\prototype riset\hotspot-analyzer\data\PLANAR\EMA\1\20250628\1.dcm
2025-09-15 20:34:30 - [INFO] - [DEBUG] Current view: Posterior
2025-09-15 20:34:30 - [INFO] - [CACHE DEBUG] use_cache=False
2025-09-15 20:34:30 - [INFO] - [CACHE DEBUG] has_adjustments=False (B=0.00, C=1.00)
2025-09-15 20:34:30 - [INFO] - [CACHE DEBUG] has_overrides=False (override_b=None, override_c=None)
2025-09-15 20:34:30 - [INFO] - [CACHE DEBUG] invert_original=True
2025-09-15 20:34:30 - [INFO] - [CACHE SKIP] Skipping cache due to adjustments/overrides/invert
2025-09-15 20:34:30 - [INFO] - [DEBUG] Path extraction: session=EMA, patient=1, study_date=20250628
2025-09-15 20:34:30 - [INFO] - [DEBUG] Extracted patient info - ID: 1, Session: EMA
2025-09-15 20:34:30 - [INFO] - [DEBUG] Original path: F:\projek dosen\prototype riset\hotspot-analyzer\data\PLANAR\EMA\1\20250628\1.dcm
2025-09-15 20:34:30 - [INFO] - [DEBUG] Study date: 20250628
2025-09-15 20:34:30 - [INFO] - [DEBUG] Patient ID: 1
2025-09-15 20:34:30 - [INFO] - [DEBUG] Session code: EMA
2025-09-15 20:34:30 - [INFO] - [DEBUG] Study date folder: F:\projek dosen\prototype riset\hotspot-analyzer\data\PLANAR\EMA\1\20250628
2025-09-15 20:34:30 - [INFO] - [DEBUG] Loading original image for Posterior
2025-09-15 20:34:30 - [INFO] - [DEBUG] Looking for original PNG in study_date dir: F:\projek dosen\prototype riset\hotspot-analyzer\data\PLANAR\EMA\1\20250628\post_original.png
2025-09-15 20:34:30 - [DEBUG] - STREAM b'IHDR' 16 13
2025-09-15 20:34:30 - [DEBUG] - STREAM b'IDAT' 41 65536
2025-09-15 20:34:30 - [INFO] - [DEBUG] Loaded original PNG from study_date dir: (256, 1024)
2025-09-15 20:34:30 - [INFO] - [DEBUG] Original image loaded: (256, 1024)
2025-09-15 20:34:30 - [INFO] - [DEBUG] Applying invert to original image
2025-09-15 20:34:30 - [INFO] - [DEBUG] simple_invert_pil_image: Processing L image, size = (256, 1024)
2025-09-15 20:34:30 - [INFO] - [DEBUG] simple_invert_image: input shape = (1024, 256), dtype = uint8
2025-09-15 20:34:30 - [INFO] - [DEBUG] Simple inversion completed: [0-255] -> [0-255]
2025-09-15 20:34:30 - [INFO] - [DEBUG] simple_invert_pil_image: completed
2025-09-15 20:34:30 - [INFO] - [DEBUG] Using STORED B/C values: B=0.00, C=1.00
2025-09-15 20:34:30 - [INFO] - [DEBUG]   Image layer loaded and processed
2025-09-15 20:34:30 - [INFO] - [DEBUG] Loading segmentation layer for Posterior
2025-09-15 20:34:30 - [INFO] - [DEBUG] Looking for segmentation (NEWEST): F:\projek dosen\prototype riset\hotspot-analyzer\data\PLANAR\EMA\1\20250628\post_segm.png
2025-09-15 20:34:30 - [DEBUG] - STREAM b'IHDR' 16 13
2025-09-15 20:34:30 - [DEBUG] - STREAM b'IDAT' 41 5752
2025-09-15 20:34:30 - [INFO] - [DEBUG]   Loaded segmentation with transparency: F:\projek dosen\prototype riset\hotspot-analyzer\data\PLANAR\EMA\1\20250628\post_segm.png
2025-09-15 20:34:30 - [INFO] - [DEBUG] Segmentation type: ORIGINAL
2025-09-15 20:34:30 - [INFO] - [DEBUG] Loading hotspot layer for Posterior
2025-09-15 20:34:30 - [INFO] - [DEBUG] Looking for hotspot classification (NEWEST): F:\projek dosen\prototype riset\hotspot-analyzer\data\PLANAR\EMA\1\20250628\post_hotspot_classification.png
2025-09-15 20:34:30 - [INFO] - [DEBUG] No hotspot classification found: F:\projek dosen\prototype riset\hotspot-analyzer\data\PLANAR\EMA\1\20250628\post_hotspot_classification.png
2025-09-15 20:34:30 - [INFO] - [DEBUG] Loading bbox layer for Posterior
2025-09-15 20:34:30 - [INFO] - [DEBUG] Looking for classification XML (NEWEST): F:\projek dosen\prototype riset\hotspot-analyzer\data\PLANAR\EMA\1\20250628\post_hotspot_classification.xml
2025-09-15 20:34:30 - [INFO] - [DEBUG] No classification XML found: F:\projek dosen\prototype riset\hotspot-analyzer\data\PLANAR\EMA\1\20250628\post_hotspot_classification.xml
2025-09-15 20:34:30 - [INFO] - [CACHE STORE] Not caching due to adjustments/overrides/invert
2025-09-15 20:34:30 - [INFO] - [DEBUG]   Loaded 2 layers for Posterior: ['Image', 'Segmentation']
2025-09-15 20:34:30 - [INFO] - [DEBUG] Available CLASSIFICATION layers in files: ['Image', 'Segmentation']
2025-09-15 20:34:30 - [INFO] - [SMART UPDATE] State updated - Type: full
2025-09-15 20:34:30 - [INFO] - [SMART UPDATE] State updated - Type: rebuild
2025-09-15 20:34:30 - [INFO] - [DEBUG] Active layers: ['Image']
2025-09-15 20:34:30 - [INFO] - [SMART UPDATE] Change type: layers
2025-09-15 20:34:30 - [INFO] - [SMART UPDATE] Layers added: ['Image']
2025-09-15 20:34:30 - [INFO] - [DEBUG] Timeline active layers set to: ['Image']
2025-09-15 20:34:30 - [INFO] - [SMART UPDATE] Full rebuild required for change type: layers
2025-09-15 20:34:30 - [INFO] - [DEBUG] Rebuilding timeline for active scan index: 0
2025-09-15 20:34:30 - [INFO] - [DEBUG] Creating CLASSIFICATION card 0 for view: Anterior
2025-09-15 20:34:30 - [INFO] - [DEBUG] Active layers selected: ['Image']
2025-09-15 20:34:30 - [INFO] - [DEBUG] DICOM path: F:\projek dosen\prototype riset\hotspot-analyzer\data\PLANAR\EMA\1\20250628\1.dcm
2025-09-15 20:34:30 - [INFO] - [DEBUG] Current view: Anterior
2025-09-15 20:34:30 - [INFO] - [CACHE DEBUG] use_cache=False
2025-09-15 20:34:30 - [INFO] - [CACHE DEBUG] has_adjustments=False (B=0.00, C=1.00)
2025-09-15 20:34:30 - [INFO] - [CACHE DEBUG] has_overrides=False (override_b=None, override_c=None)
2025-09-15 20:34:30 - [INFO] - [CACHE DEBUG] invert_original=True
2025-09-15 20:34:30 - [INFO] - [CACHE SKIP] Skipping cache due to adjustments/overrides/invert
2025-09-15 20:34:30 - [INFO] - [DEBUG] Path extraction: session=EMA, patient=1, study_date=20250628
2025-09-15 20:34:30 - [INFO] - [DEBUG] Extracted patient info - ID: 1, Session: EMA
2025-09-15 20:34:30 - [INFO] - [DEBUG] Original path: F:\projek dosen\prototype riset\hotspot-analyzer\data\PLANAR\EMA\1\20250628\1.dcm
2025-09-15 20:34:30 - [INFO] - [DEBUG] Study date: 20250628
2025-09-15 20:34:30 - [INFO] - [DEBUG] Patient ID: 1
2025-09-15 20:34:30 - [INFO] - [DEBUG] Session code: EMA
2025-09-15 20:34:30 - [INFO] - [DEBUG] Study date folder: F:\projek dosen\prototype riset\hotspot-analyzer\data\PLANAR\EMA\1\20250628
2025-09-15 20:34:30 - [INFO] - [DEBUG] Loading original image for Anterior
2025-09-15 20:34:30 - [INFO] - [DEBUG] Looking for original PNG in study_date dir: F:\projek dosen\prototype riset\hotspot-analyzer\data\PLANAR\EMA\1\20250628\ant_original.png
2025-09-15 20:34:30 - [DEBUG] - STREAM b'IHDR' 16 13
2025-09-15 20:34:30 - [DEBUG] - STREAM b'IDAT' 41 65536
2025-09-15 20:34:30 - [INFO] - [DEBUG] Loaded original PNG from study_date dir: (256, 1024)
2025-09-15 20:34:30 - [INFO] - [DEBUG] Original image loaded: (256, 1024)
2025-09-15 20:34:30 - [INFO] - [DEBUG] Applying invert to original image
2025-09-15 20:34:30 - [INFO] - [DEBUG] simple_invert_pil_image: Processing L image, size = (256, 1024)
2025-09-15 20:34:30 - [INFO] - [DEBUG] simple_invert_image: input shape = (1024, 256), dtype = uint8
2025-09-15 20:34:30 - [INFO] - [DEBUG] Simple inversion completed: [0-255] -> [0-255]
2025-09-15 20:34:30 - [INFO] - [DEBUG] simple_invert_pil_image: completed
2025-09-15 20:34:30 - [INFO] - [DEBUG] Using STORED B/C values: B=0.00, C=1.00
2025-09-15 20:34:30 - [INFO] - [DEBUG]   Image layer loaded and processed
2025-09-15 20:34:30 - [INFO] - [DEBUG] Loading segmentation layer for Anterior
2025-09-15 20:34:30 - [INFO] - [DEBUG] Looking for segmentation (NEWEST): F:\projek dosen\prototype riset\hotspot-analyzer\data\PLANAR\EMA\1\20250628\ant_segm.png
2025-09-15 20:34:30 - [DEBUG] - STREAM b'IHDR' 16 13
2025-09-15 20:34:30 - [DEBUG] - STREAM b'IDAT' 41 6336
2025-09-15 20:34:30 - [INFO] - [DEBUG]   Loaded segmentation with transparency: F:\projek dosen\prototype riset\hotspot-analyzer\data\PLANAR\EMA\1\20250628\ant_segm.png
2025-09-15 20:34:30 - [INFO] - [DEBUG] Segmentation type: ORIGINAL
2025-09-15 20:34:30 - [INFO] - [DEBUG] Loading hotspot layer for Anterior
2025-09-15 20:34:30 - [INFO] - [DEBUG] Looking for hotspot classification (NEWEST): F:\projek dosen\prototype riset\hotspot-analyzer\data\PLANAR\EMA\1\20250628\ant_hotspot_classification.png
2025-09-15 20:34:30 - [INFO] - [DEBUG] No hotspot classification found: F:\projek dosen\prototype riset\hotspot-analyzer\data\PLANAR\EMA\1\20250628\ant_hotspot_classification.png
2025-09-15 20:34:30 - [INFO] - [DEBUG] Loading bbox layer for Anterior
2025-09-15 20:34:30 - [INFO] - [DEBUG] Looking for classification XML (NEWEST): F:\projek dosen\prototype riset\hotspot-analyzer\data\PLANAR\EMA\1\20250628\ant_hotspot_classification.xml
2025-09-15 20:34:30 - [INFO] - [DEBUG] No classification XML found: F:\projek dosen\prototype riset\hotspot-analyzer\data\PLANAR\EMA\1\20250628\ant_hotspot_classification.xml
2025-09-15 20:34:30 - [INFO] - [CACHE STORE] Not caching due to adjustments/overrides/invert
2025-09-15 20:34:30 - [INFO] - [DEBUG]   Loaded 2 layers for Anterior: ['Image', 'Segmentation']
2025-09-15 20:34:30 - [INFO] - [DEBUG] Available CLASSIFICATION layers in files: ['Image', 'Segmentation']
2025-09-15 20:34:30 - [INFO] - [DEBUG]   Added CLASSIFICATION Image to card 0 (opacity: 1.00)
2025-09-15 20:34:30 - [INFO] - [DEBUG]   CLASSIFICATION card 0 composite created with layers: ['Image']
2025-09-15 20:34:30 - [INFO] - [DEBUG] Creating CLASSIFICATION card 0 for view: Posterior
2025-09-15 20:34:30 - [INFO] - [DEBUG] Active layers selected: ['Image']
2025-09-15 20:34:30 - [INFO] - [DEBUG] DICOM path: F:\projek dosen\prototype riset\hotspot-analyzer\data\PLANAR\EMA\1\20250628\1.dcm
2025-09-15 20:34:30 - [INFO] - [DEBUG] Current view: Posterior
2025-09-15 20:34:30 - [INFO] - [CACHE DEBUG] use_cache=False
2025-09-15 20:34:30 - [INFO] - [CACHE DEBUG] has_adjustments=False (B=0.00, C=1.00)
2025-09-15 20:34:30 - [INFO] - [CACHE DEBUG] has_overrides=False (override_b=None, override_c=None)
2025-09-15 20:34:30 - [INFO] - [CACHE DEBUG] invert_original=True
2025-09-15 20:34:30 - [INFO] - [CACHE SKIP] Skipping cache due to adjustments/overrides/invert
2025-09-15 20:34:30 - [INFO] - [DEBUG] Path extraction: session=EMA, patient=1, study_date=20250628
2025-09-15 20:34:30 - [INFO] - [DEBUG] Extracted patient info - ID: 1, Session: EMA
2025-09-15 20:34:30 - [INFO] - [DEBUG] Original path: F:\projek dosen\prototype riset\hotspot-analyzer\data\PLANAR\EMA\1\20250628\1.dcm
2025-09-15 20:34:30 - [INFO] - [DEBUG] Study date: 20250628
2025-09-15 20:34:30 - [INFO] - [DEBUG] Patient ID: 1
2025-09-15 20:34:30 - [INFO] - [DEBUG] Session code: EMA
2025-09-15 20:34:30 - [INFO] - [DEBUG] Study date folder: F:\projek dosen\prototype riset\hotspot-analyzer\data\PLANAR\EMA\1\20250628
2025-09-15 20:34:30 - [INFO] - [DEBUG] Loading original image for Posterior
2025-09-15 20:34:30 - [INFO] - [DEBUG] Looking for original PNG in study_date dir: F:\projek dosen\prototype riset\hotspot-analyzer\data\PLANAR\EMA\1\20250628\post_original.png
2025-09-15 20:34:30 - [DEBUG] - STREAM b'IHDR' 16 13
2025-09-15 20:34:30 - [DEBUG] - STREAM b'IDAT' 41 65536
2025-09-15 20:34:30 - [INFO] - [DEBUG] Loaded original PNG from study_date dir: (256, 1024)
2025-09-15 20:34:30 - [INFO] - [DEBUG] Original image loaded: (256, 1024)
2025-09-15 20:34:30 - [INFO] - [DEBUG] Applying invert to original image
2025-09-15 20:34:30 - [INFO] - [DEBUG] simple_invert_pil_image: Processing L image, size = (256, 1024)
2025-09-15 20:34:30 - [INFO] - [DEBUG] simple_invert_image: input shape = (1024, 256), dtype = uint8
2025-09-15 20:34:30 - [INFO] - [DEBUG] Simple inversion completed: [0-255] -> [0-255]
2025-09-15 20:34:30 - [INFO] - [DEBUG] simple_invert_pil_image: completed
2025-09-15 20:34:30 - [INFO] - [DEBUG] Using STORED B/C values: B=0.00, C=1.00
2025-09-15 20:34:30 - [INFO] - [DEBUG]   Image layer loaded and processed
2025-09-15 20:34:30 - [INFO] - [DEBUG] Loading segmentation layer for Posterior
2025-09-15 20:34:30 - [INFO] - [DEBUG] Looking for segmentation (NEWEST): F:\projek dosen\prototype riset\hotspot-analyzer\data\PLANAR\EMA\1\20250628\post_segm.png
2025-09-15 20:34:30 - [DEBUG] - STREAM b'IHDR' 16 13
2025-09-15 20:34:30 - [DEBUG] - STREAM b'IDAT' 41 5752
2025-09-15 20:34:30 - [INFO] - [DEBUG]   Loaded segmentation with transparency: F:\projek dosen\prototype riset\hotspot-analyzer\data\PLANAR\EMA\1\20250628\post_segm.png
2025-09-15 20:34:30 - [INFO] - [DEBUG] Segmentation type: ORIGINAL
2025-09-15 20:34:30 - [INFO] - [DEBUG] Loading hotspot layer for Posterior
2025-09-15 20:34:30 - [INFO] - [DEBUG] Looking for hotspot classification (NEWEST): F:\projek dosen\prototype riset\hotspot-analyzer\data\PLANAR\EMA\1\20250628\post_hotspot_classification.png
2025-09-15 20:34:30 - [INFO] - [DEBUG] No hotspot classification found: F:\projek dosen\prototype riset\hotspot-analyzer\data\PLANAR\EMA\1\20250628\post_hotspot_classification.png
2025-09-15 20:34:30 - [INFO] - [DEBUG] Loading bbox layer for Posterior
2025-09-15 20:34:30 - [INFO] - [DEBUG] Looking for classification XML (NEWEST): F:\projek dosen\prototype riset\hotspot-analyzer\data\PLANAR\EMA\1\20250628\post_hotspot_classification.xml
2025-09-15 20:34:30 - [INFO] - [DEBUG] No classification XML found: F:\projek dosen\prototype riset\hotspot-analyzer\data\PLANAR\EMA\1\20250628\post_hotspot_classification.xml
2025-09-15 20:34:30 - [INFO] - [CACHE STORE] Not caching due to adjustments/overrides/invert
2025-09-15 20:34:30 - [INFO] - [DEBUG]   Loaded 2 layers for Posterior: ['Image', 'Segmentation']
2025-09-15 20:34:30 - [INFO] - [DEBUG] Available CLASSIFICATION layers in files: ['Image', 'Segmentation']
2025-09-15 20:34:30 - [INFO] - [DEBUG]   Added CLASSIFICATION Image to card 0 (opacity: 1.00)
2025-09-15 20:34:30 - [INFO] - [DEBUG]   CLASSIFICATION card 0 composite created with layers: ['Image']
2025-09-15 20:34:30 - [INFO] - [SMART UPDATE] State updated - Type: full
2025-09-15 20:34:30 - [INFO] - [SMART UPDATE] State updated - Type: layers
2025-09-15 20:34:30 - [INFO] - [DEBUG] Path extraction: session=EMA, patient=1, study_date=20250628
2025-09-15 20:34:30 - [INFO] - [DEBUG] Extracted patient info - ID: 1, Session: EMA
2025-09-15 20:34:30 - [INFO] - [DEBUG] Original path: F:\projek dosen\prototype riset\hotspot-analyzer\data\PLANAR\EMA\1\20250628\1.dcm
2025-09-15 20:34:30 - [INFO] - [SMART UPDATE] Change type: layers
2025-09-15 20:34:30 - [INFO] - [SMART UPDATE] Layers removed: ['Image']
2025-09-15 20:34:30 - [INFO] - [DEBUG] Timeline active layers set to: []
2025-09-15 20:34:30 - [INFO] - [SMART UPDATE] Full rebuild required for change type: layers
2025-09-15 20:34:30 - [INFO] - [DEBUG] Rebuilding timeline for active scan index: 0
2025-09-15 20:34:30 - [INFO] - [DEBUG] Creating CLASSIFICATION card 0 for view: Anterior
2025-09-15 20:34:30 - [INFO] - [DEBUG] Active layers selected: []
2025-09-15 20:34:30 - [INFO] - [DEBUG] DICOM path: F:\projek dosen\prototype riset\hotspot-analyzer\data\PLANAR\EMA\1\20250628\1.dcm
2025-09-15 20:34:30 - [INFO] - [DEBUG] Current view: Anterior
2025-09-15 20:34:30 - [INFO] - [CACHE DEBUG] use_cache=False
2025-09-15 20:34:30 - [INFO] - [CACHE DEBUG] has_adjustments=False (B=0.00, C=1.00)
2025-09-15 20:34:30 - [INFO] - [CACHE DEBUG] has_overrides=False (override_b=None, override_c=None)
2025-09-15 20:34:30 - [INFO] - [CACHE DEBUG] invert_original=True
2025-09-15 20:34:30 - [INFO] - [CACHE SKIP] Skipping cache due to adjustments/overrides/invert
2025-09-15 20:34:30 - [INFO] - [DEBUG] Path extraction: session=EMA, patient=1, study_date=20250628
2025-09-15 20:34:30 - [INFO] - [DEBUG] Extracted patient info - ID: 1, Session: EMA
2025-09-15 20:34:30 - [INFO] - [DEBUG] Original path: F:\projek dosen\prototype riset\hotspot-analyzer\data\PLANAR\EMA\1\20250628\1.dcm
2025-09-15 20:34:30 - [INFO] - [DEBUG] Study date: 20250628
2025-09-15 20:34:30 - [INFO] - [DEBUG] Patient ID: 1
2025-09-15 20:34:30 - [INFO] - [DEBUG] Session code: EMA
2025-09-15 20:34:30 - [INFO] - [DEBUG] Study date folder: F:\projek dosen\prototype riset\hotspot-analyzer\data\PLANAR\EMA\1\20250628
2025-09-15 20:34:30 - [INFO] - [DEBUG] Loading original image for Anterior
2025-09-15 20:34:30 - [INFO] - [DEBUG] Looking for original PNG in study_date dir: F:\projek dosen\prototype riset\hotspot-analyzer\data\PLANAR\EMA\1\20250628\ant_original.png
2025-09-15 20:34:30 - [DEBUG] - STREAM b'IHDR' 16 13
2025-09-15 20:34:30 - [DEBUG] - STREAM b'IDAT' 41 65536
2025-09-15 20:34:30 - [INFO] - [DEBUG] Loaded original PNG from study_date dir: (256, 1024)
2025-09-15 20:34:30 - [INFO] - [DEBUG] Original image loaded: (256, 1024)
2025-09-15 20:34:30 - [INFO] - [DEBUG] Applying invert to original image
2025-09-15 20:34:30 - [INFO] - [DEBUG] simple_invert_pil_image: Processing L image, size = (256, 1024)
2025-09-15 20:34:30 - [INFO] - [DEBUG] simple_invert_image: input shape = (1024, 256), dtype = uint8
2025-09-15 20:34:30 - [INFO] - [DEBUG] Simple inversion completed: [0-255] -> [0-255]
2025-09-15 20:34:30 - [INFO] - [DEBUG] simple_invert_pil_image: completed
2025-09-15 20:34:30 - [INFO] - [DEBUG] Using STORED B/C values: B=0.00, C=1.00
2025-09-15 20:34:30 - [INFO] - [DEBUG]   Image layer loaded and processed
2025-09-15 20:34:30 - [INFO] - [DEBUG] Loading segmentation layer for Anterior
2025-09-15 20:34:30 - [INFO] - [DEBUG] Looking for segmentation (NEWEST): F:\projek dosen\prototype riset\hotspot-analyzer\data\PLANAR\EMA\1\20250628\ant_segm.png
2025-09-15 20:34:30 - [DEBUG] - STREAM b'IHDR' 16 13
2025-09-15 20:34:30 - [DEBUG] - STREAM b'IDAT' 41 6336
2025-09-15 20:34:30 - [INFO] - [DEBUG]   Loaded segmentation with transparency: F:\projek dosen\prototype riset\hotspot-analyzer\data\PLANAR\EMA\1\20250628\ant_segm.png
2025-09-15 20:34:30 - [INFO] - [DEBUG] Segmentation type: ORIGINAL
2025-09-15 20:34:30 - [INFO] - [DEBUG] Loading hotspot layer for Anterior
2025-09-15 20:34:30 - [INFO] - [DEBUG] Looking for hotspot classification (NEWEST): F:\projek dosen\prototype riset\hotspot-analyzer\data\PLANAR\EMA\1\20250628\ant_hotspot_classification.png
2025-09-15 20:34:30 - [INFO] - [DEBUG] No hotspot classification found: F:\projek dosen\prototype riset\hotspot-analyzer\data\PLANAR\EMA\1\20250628\ant_hotspot_classification.png
2025-09-15 20:34:30 - [INFO] - [DEBUG] Loading bbox layer for Anterior
2025-09-15 20:34:30 - [INFO] - [DEBUG] Looking for classification XML (NEWEST): F:\projek dosen\prototype riset\hotspot-analyzer\data\PLANAR\EMA\1\20250628\ant_hotspot_classification.xml
2025-09-15 20:34:30 - [INFO] - [DEBUG] No classification XML found: F:\projek dosen\prototype riset\hotspot-analyzer\data\PLANAR\EMA\1\20250628\ant_hotspot_classification.xml
2025-09-15 20:34:30 - [INFO] - [CACHE STORE] Not caching due to adjustments/overrides/invert
2025-09-15 20:34:30 - [INFO] - [DEBUG]   Loaded 2 layers for Anterior: ['Image', 'Segmentation']
2025-09-15 20:34:30 - [INFO] - [DEBUG] Available CLASSIFICATION layers in files: ['Image', 'Segmentation']
2025-09-15 20:34:30 - [INFO] - [DEBUG] Creating CLASSIFICATION card 0 for view: Posterior
2025-09-15 20:34:30 - [INFO] - [DEBUG] Active layers selected: []
2025-09-15 20:34:30 - [INFO] - [DEBUG] DICOM path: F:\projek dosen\prototype riset\hotspot-analyzer\data\PLANAR\EMA\1\20250628\1.dcm
2025-09-15 20:34:30 - [INFO] - [DEBUG] Current view: Posterior
2025-09-15 20:34:30 - [INFO] - [CACHE DEBUG] use_cache=False
2025-09-15 20:34:30 - [INFO] - [CACHE DEBUG] has_adjustments=False (B=0.00, C=1.00)
2025-09-15 20:34:30 - [INFO] - [CACHE DEBUG] has_overrides=False (override_b=None, override_c=None)
2025-09-15 20:34:30 - [INFO] - [CACHE DEBUG] invert_original=True
2025-09-15 20:34:30 - [INFO] - [CACHE SKIP] Skipping cache due to adjustments/overrides/invert
2025-09-15 20:34:30 - [INFO] - [DEBUG] Path extraction: session=EMA, patient=1, study_date=20250628
2025-09-15 20:34:30 - [INFO] - [DEBUG] Extracted patient info - ID: 1, Session: EMA
2025-09-15 20:34:30 - [INFO] - [DEBUG] Original path: F:\projek dosen\prototype riset\hotspot-analyzer\data\PLANAR\EMA\1\20250628\1.dcm
2025-09-15 20:34:30 - [INFO] - [DEBUG] Study date: 20250628
2025-09-15 20:34:30 - [INFO] - [DEBUG] Patient ID: 1
2025-09-15 20:34:30 - [INFO] - [DEBUG] Session code: EMA
2025-09-15 20:34:30 - [INFO] - [DEBUG] Study date folder: F:\projek dosen\prototype riset\hotspot-analyzer\data\PLANAR\EMA\1\20250628
2025-09-15 20:34:30 - [INFO] - [DEBUG] Loading original image for Posterior
2025-09-15 20:34:30 - [INFO] - [DEBUG] Looking for original PNG in study_date dir: F:\projek dosen\prototype riset\hotspot-analyzer\data\PLANAR\EMA\1\20250628\post_original.png
2025-09-15 20:34:30 - [DEBUG] - STREAM b'IHDR' 16 13
2025-09-15 20:34:30 - [DEBUG] - STREAM b'IDAT' 41 65536
2025-09-15 20:34:30 - [INFO] - [DEBUG] Loaded original PNG from study_date dir: (256, 1024)
2025-09-15 20:34:30 - [INFO] - [DEBUG] Original image loaded: (256, 1024)
2025-09-15 20:34:30 - [INFO] - [DEBUG] Applying invert to original image
2025-09-15 20:34:30 - [INFO] - [DEBUG] simple_invert_pil_image: Processing L image, size = (256, 1024)
2025-09-15 20:34:30 - [INFO] - [DEBUG] simple_invert_image: input shape = (1024, 256), dtype = uint8
2025-09-15 20:34:30 - [INFO] - [DEBUG] Simple inversion completed: [0-255] -> [0-255]
2025-09-15 20:34:30 - [INFO] - [DEBUG] simple_invert_pil_image: completed
2025-09-15 20:34:30 - [INFO] - [DEBUG] Using STORED B/C values: B=0.00, C=1.00
2025-09-15 20:34:30 - [INFO] - [DEBUG]   Image layer loaded and processed
2025-09-15 20:34:30 - [INFO] - [DEBUG] Loading segmentation layer for Posterior
2025-09-15 20:34:30 - [INFO] - [DEBUG] Looking for segmentation (NEWEST): F:\projek dosen\prototype riset\hotspot-analyzer\data\PLANAR\EMA\1\20250628\post_segm.png
2025-09-15 20:34:30 - [DEBUG] - STREAM b'IHDR' 16 13
2025-09-15 20:34:30 - [DEBUG] - STREAM b'IDAT' 41 5752
2025-09-15 20:34:30 - [INFO] - [DEBUG]   Loaded segmentation with transparency: F:\projek dosen\prototype riset\hotspot-analyzer\data\PLANAR\EMA\1\20250628\post_segm.png
2025-09-15 20:34:30 - [INFO] - [DEBUG] Segmentation type: ORIGINAL
2025-09-15 20:34:30 - [INFO] - [DEBUG] Loading hotspot layer for Posterior
2025-09-15 20:34:30 - [INFO] - [DEBUG] Looking for hotspot classification (NEWEST): F:\projek dosen\prototype riset\hotspot-analyzer\data\PLANAR\EMA\1\20250628\post_hotspot_classification.png
2025-09-15 20:34:30 - [INFO] - [DEBUG] No hotspot classification found: F:\projek dosen\prototype riset\hotspot-analyzer\data\PLANAR\EMA\1\20250628\post_hotspot_classification.png
2025-09-15 20:34:30 - [INFO] - [DEBUG] Loading bbox layer for Posterior
2025-09-15 20:34:30 - [INFO] - [DEBUG] Looking for classification XML (NEWEST): F:\projek dosen\prototype riset\hotspot-analyzer\data\PLANAR\EMA\1\20250628\post_hotspot_classification.xml
2025-09-15 20:34:30 - [INFO] - [DEBUG] No classification XML found: F:\projek dosen\prototype riset\hotspot-analyzer\data\PLANAR\EMA\1\20250628\post_hotspot_classification.xml
2025-09-15 20:34:30 - [INFO] - [CACHE STORE] Not caching due to adjustments/overrides/invert
2025-09-15 20:34:30 - [INFO] - [DEBUG]   Loaded 2 layers for Posterior: ['Image', 'Segmentation']
2025-09-15 20:34:30 - [INFO] - [DEBUG] Available CLASSIFICATION layers in files: ['Image', 'Segmentation']
2025-09-15 20:34:30 - [INFO] - [SMART UPDATE] State updated - Type: full
2025-09-15 20:34:30 - [INFO] - [SMART UPDATE] State updated - Type: layers
2025-09-15 20:34:30 - [INFO] - [DEBUG] Path extraction: session=EMA, patient=1, study_date=20250628
2025-09-15 20:34:30 - [INFO] - [DEBUG] Extracted patient info - ID: 1, Session: EMA
2025-09-15 20:34:30 - [INFO] - [DEBUG] Original path: F:\projek dosen\prototype riset\hotspot-analyzer\data\PLANAR\EMA\1\20250628\1.dcm
2025-09-15 20:34:30 - [INFO] - [SMART UPDATE] Change type: none
2025-09-15 20:34:30 - [INFO] - [DEBUG] Timeline active layers set to: []
2025-09-15 20:34:30 - [INFO] - [SMART UPDATE] No changes detected, skipping update
2025-09-15 20:34:30 - [INFO] - [DEBUG] Set Image opacity to 1.00
2025-09-15 20:34:30 - [INFO] - [SMART UPDATE] Change type: none
2025-09-15 20:34:30 - [INFO] - [SMART UPDATE] Using full rebuild for opacity change
2025-09-15 20:34:30 - [INFO] - [DEBUG] Rebuilding timeline for active scan index: 0
2025-09-15 20:34:30 - [INFO] - [DEBUG] Creating CLASSIFICATION card 0 for view: Anterior
2025-09-15 20:34:30 - [INFO] - [DEBUG] Active layers selected: []
2025-09-15 20:34:30 - [INFO] - [DEBUG] DICOM path: F:\projek dosen\prototype riset\hotspot-analyzer\data\PLANAR\EMA\1\20250628\1.dcm
2025-09-15 20:34:30 - [INFO] - [DEBUG] Current view: Anterior
2025-09-15 20:34:30 - [INFO] - [CACHE DEBUG] use_cache=False
2025-09-15 20:34:30 - [INFO] - [CACHE DEBUG] has_adjustments=False (B=0.00, C=1.00)
2025-09-15 20:34:30 - [INFO] - [CACHE DEBUG] has_overrides=False (override_b=None, override_c=None)
2025-09-15 20:34:30 - [INFO] - [CACHE DEBUG] invert_original=True
2025-09-15 20:34:30 - [INFO] - [CACHE SKIP] Skipping cache due to adjustments/overrides/invert
2025-09-15 20:34:30 - [INFO] - [DEBUG] Path extraction: session=EMA, patient=1, study_date=20250628
2025-09-15 20:34:30 - [INFO] - [DEBUG] Extracted patient info - ID: 1, Session: EMA
2025-09-15 20:34:30 - [INFO] - [DEBUG] Original path: F:\projek dosen\prototype riset\hotspot-analyzer\data\PLANAR\EMA\1\20250628\1.dcm
2025-09-15 20:34:30 - [INFO] - [DEBUG] Study date: 20250628
2025-09-15 20:34:30 - [INFO] - [DEBUG] Patient ID: 1
2025-09-15 20:34:30 - [INFO] - [DEBUG] Session code: EMA
2025-09-15 20:34:30 - [INFO] - [DEBUG] Study date folder: F:\projek dosen\prototype riset\hotspot-analyzer\data\PLANAR\EMA\1\20250628
2025-09-15 20:34:30 - [INFO] - [DEBUG] Loading original image for Anterior
2025-09-15 20:34:30 - [INFO] - [DEBUG] Looking for original PNG in study_date dir: F:\projek dosen\prototype riset\hotspot-analyzer\data\PLANAR\EMA\1\20250628\ant_original.png
2025-09-15 20:34:30 - [DEBUG] - STREAM b'IHDR' 16 13
2025-09-15 20:34:30 - [DEBUG] - STREAM b'IDAT' 41 65536
2025-09-15 20:34:30 - [INFO] - [DEBUG] Loaded original PNG from study_date dir: (256, 1024)
2025-09-15 20:34:30 - [INFO] - [DEBUG] Original image loaded: (256, 1024)
2025-09-15 20:34:30 - [INFO] - [DEBUG] Applying invert to original image
2025-09-15 20:34:30 - [INFO] - [DEBUG] simple_invert_pil_image: Processing L image, size = (256, 1024)
2025-09-15 20:34:30 - [INFO] - [DEBUG] simple_invert_image: input shape = (1024, 256), dtype = uint8
2025-09-15 20:34:30 - [INFO] - [DEBUG] Simple inversion completed: [0-255] -> [0-255]
2025-09-15 20:34:30 - [INFO] - [DEBUG] simple_invert_pil_image: completed
2025-09-15 20:34:30 - [INFO] - [DEBUG] Using STORED B/C values: B=0.00, C=1.00
2025-09-15 20:34:30 - [INFO] - [DEBUG]   Image layer loaded and processed
2025-09-15 20:34:30 - [INFO] - [DEBUG] Loading segmentation layer for Anterior
2025-09-15 20:34:30 - [INFO] - [DEBUG] Looking for segmentation (NEWEST): F:\projek dosen\prototype riset\hotspot-analyzer\data\PLANAR\EMA\1\20250628\ant_segm.png
2025-09-15 20:34:30 - [DEBUG] - STREAM b'IHDR' 16 13
2025-09-15 20:34:30 - [DEBUG] - STREAM b'IDAT' 41 6336
2025-09-15 20:34:30 - [INFO] - [DEBUG]   Loaded segmentation with transparency: F:\projek dosen\prototype riset\hotspot-analyzer\data\PLANAR\EMA\1\20250628\ant_segm.png
2025-09-15 20:34:30 - [INFO] - [DEBUG] Segmentation type: ORIGINAL
2025-09-15 20:34:30 - [INFO] - [DEBUG] Loading hotspot layer for Anterior
2025-09-15 20:34:30 - [INFO] - [DEBUG] Looking for hotspot classification (NEWEST): F:\projek dosen\prototype riset\hotspot-analyzer\data\PLANAR\EMA\1\20250628\ant_hotspot_classification.png
2025-09-15 20:34:30 - [INFO] - [DEBUG] No hotspot classification found: F:\projek dosen\prototype riset\hotspot-analyzer\data\PLANAR\EMA\1\20250628\ant_hotspot_classification.png
2025-09-15 20:34:30 - [INFO] - [DEBUG] Loading bbox layer for Anterior
2025-09-15 20:34:30 - [INFO] - [DEBUG] Looking for classification XML (NEWEST): F:\projek dosen\prototype riset\hotspot-analyzer\data\PLANAR\EMA\1\20250628\ant_hotspot_classification.xml
2025-09-15 20:34:30 - [INFO] - [DEBUG] No classification XML found: F:\projek dosen\prototype riset\hotspot-analyzer\data\PLANAR\EMA\1\20250628\ant_hotspot_classification.xml
2025-09-15 20:34:30 - [INFO] - [CACHE STORE] Not caching due to adjustments/overrides/invert
2025-09-15 20:34:30 - [INFO] - [DEBUG]   Loaded 2 layers for Anterior: ['Image', 'Segmentation']
2025-09-15 20:34:30 - [INFO] - [DEBUG] Available CLASSIFICATION layers in files: ['Image', 'Segmentation']
2025-09-15 20:34:30 - [INFO] - [DEBUG] Creating CLASSIFICATION card 0 for view: Posterior
2025-09-15 20:34:30 - [INFO] - [DEBUG] Active layers selected: []
2025-09-15 20:34:30 - [INFO] - [DEBUG] DICOM path: F:\projek dosen\prototype riset\hotspot-analyzer\data\PLANAR\EMA\1\20250628\1.dcm
2025-09-15 20:34:30 - [INFO] - [DEBUG] Current view: Posterior
2025-09-15 20:34:30 - [INFO] - [CACHE DEBUG] use_cache=False
2025-09-15 20:34:30 - [INFO] - [CACHE DEBUG] has_adjustments=False (B=0.00, C=1.00)
2025-09-15 20:34:30 - [INFO] - [CACHE DEBUG] has_overrides=False (override_b=None, override_c=None)
2025-09-15 20:34:30 - [INFO] - [CACHE DEBUG] invert_original=True
2025-09-15 20:34:30 - [INFO] - [CACHE SKIP] Skipping cache due to adjustments/overrides/invert
2025-09-15 20:34:30 - [INFO] - [DEBUG] Path extraction: session=EMA, patient=1, study_date=20250628
2025-09-15 20:34:30 - [INFO] - [DEBUG] Extracted patient info - ID: 1, Session: EMA
2025-09-15 20:34:30 - [INFO] - [DEBUG] Original path: F:\projek dosen\prototype riset\hotspot-analyzer\data\PLANAR\EMA\1\20250628\1.dcm
2025-09-15 20:34:30 - [INFO] - [DEBUG] Study date: 20250628
2025-09-15 20:34:30 - [INFO] - [DEBUG] Patient ID: 1
2025-09-15 20:34:30 - [INFO] - [DEBUG] Session code: EMA
2025-09-15 20:34:30 - [INFO] - [DEBUG] Study date folder: F:\projek dosen\prototype riset\hotspot-analyzer\data\PLANAR\EMA\1\20250628
2025-09-15 20:34:30 - [INFO] - [DEBUG] Loading original image for Posterior
2025-09-15 20:34:30 - [INFO] - [DEBUG] Looking for original PNG in study_date dir: F:\projek dosen\prototype riset\hotspot-analyzer\data\PLANAR\EMA\1\20250628\post_original.png
2025-09-15 20:34:30 - [DEBUG] - STREAM b'IHDR' 16 13
2025-09-15 20:34:30 - [DEBUG] - STREAM b'IDAT' 41 65536
2025-09-15 20:34:30 - [INFO] - [DEBUG] Loaded original PNG from study_date dir: (256, 1024)
2025-09-15 20:34:30 - [INFO] - [DEBUG] Original image loaded: (256, 1024)
2025-09-15 20:34:30 - [INFO] - [DEBUG] Applying invert to original image
2025-09-15 20:34:30 - [INFO] - [DEBUG] simple_invert_pil_image: Processing L image, size = (256, 1024)
2025-09-15 20:34:30 - [INFO] - [DEBUG] simple_invert_image: input shape = (1024, 256), dtype = uint8
2025-09-15 20:34:30 - [INFO] - [DEBUG] Simple inversion completed: [0-255] -> [0-255]
2025-09-15 20:34:30 - [INFO] - [DEBUG] simple_invert_pil_image: completed
2025-09-15 20:34:30 - [INFO] - [DEBUG] Using STORED B/C values: B=0.00, C=1.00
2025-09-15 20:34:30 - [INFO] - [DEBUG]   Image layer loaded and processed
2025-09-15 20:34:30 - [INFO] - [DEBUG] Loading segmentation layer for Posterior
2025-09-15 20:34:30 - [INFO] - [DEBUG] Looking for segmentation (NEWEST): F:\projek dosen\prototype riset\hotspot-analyzer\data\PLANAR\EMA\1\20250628\post_segm.png
2025-09-15 20:34:30 - [DEBUG] - STREAM b'IHDR' 16 13
2025-09-15 20:34:30 - [DEBUG] - STREAM b'IDAT' 41 5752
2025-09-15 20:34:30 - [INFO] - [DEBUG]   Loaded segmentation with transparency: F:\projek dosen\prototype riset\hotspot-analyzer\data\PLANAR\EMA\1\20250628\post_segm.png
2025-09-15 20:34:30 - [INFO] - [DEBUG] Segmentation type: ORIGINAL
2025-09-15 20:34:30 - [INFO] - [DEBUG] Loading hotspot layer for Posterior
2025-09-15 20:34:30 - [INFO] - [DEBUG] Looking for hotspot classification (NEWEST): F:\projek dosen\prototype riset\hotspot-analyzer\data\PLANAR\EMA\1\20250628\post_hotspot_classification.png
2025-09-15 20:34:30 - [INFO] - [DEBUG] No hotspot classification found: F:\projek dosen\prototype riset\hotspot-analyzer\data\PLANAR\EMA\1\20250628\post_hotspot_classification.png
2025-09-15 20:34:30 - [INFO] - [DEBUG] Loading bbox layer for Posterior
2025-09-15 20:34:30 - [INFO] - [DEBUG] Looking for classification XML (NEWEST): F:\projek dosen\prototype riset\hotspot-analyzer\data\PLANAR\EMA\1\20250628\post_hotspot_classification.xml
2025-09-15 20:34:30 - [INFO] - [DEBUG] No classification XML found: F:\projek dosen\prototype riset\hotspot-analyzer\data\PLANAR\EMA\1\20250628\post_hotspot_classification.xml
2025-09-15 20:34:30 - [INFO] - [CACHE STORE] Not caching due to adjustments/overrides/invert
2025-09-15 20:34:30 - [INFO] - [DEBUG]   Loaded 2 layers for Posterior: ['Image', 'Segmentation']
2025-09-15 20:34:30 - [INFO] - [DEBUG] Available CLASSIFICATION layers in files: ['Image', 'Segmentation']
2025-09-15 20:34:30 - [INFO] - [SMART UPDATE] State updated - Type: full
2025-09-15 20:34:30 - [INFO] - [SMART UPDATE] State updated - Type: rebuild
2025-09-15 20:34:30 - [INFO] - [DEBUG] Set Segmentation opacity to 0.35
2025-09-15 20:34:30 - [INFO] - [SMART UPDATE] Change type: none
2025-09-15 20:34:30 - [INFO] - [SMART UPDATE] Using full rebuild for opacity change
2025-09-15 20:34:30 - [INFO] - [DEBUG] Rebuilding timeline for active scan index: 0
2025-09-15 20:34:30 - [INFO] - [DEBUG] Creating CLASSIFICATION card 0 for view: Anterior
2025-09-15 20:34:30 - [INFO] - [DEBUG] Active layers selected: []
2025-09-15 20:34:30 - [INFO] - [DEBUG] DICOM path: F:\projek dosen\prototype riset\hotspot-analyzer\data\PLANAR\EMA\1\20250628\1.dcm
2025-09-15 20:34:30 - [INFO] - [DEBUG] Current view: Anterior
2025-09-15 20:34:30 - [INFO] - [CACHE DEBUG] use_cache=False
2025-09-15 20:34:30 - [INFO] - [CACHE DEBUG] has_adjustments=False (B=0.00, C=1.00)
2025-09-15 20:34:30 - [INFO] - [CACHE DEBUG] has_overrides=False (override_b=None, override_c=None)
2025-09-15 20:34:30 - [INFO] - [CACHE DEBUG] invert_original=True
2025-09-15 20:34:30 - [INFO] - [CACHE SKIP] Skipping cache due to adjustments/overrides/invert
2025-09-15 20:34:30 - [INFO] - [DEBUG] Path extraction: session=EMA, patient=1, study_date=20250628
2025-09-15 20:34:30 - [INFO] - [DEBUG] Extracted patient info - ID: 1, Session: EMA
2025-09-15 20:34:30 - [INFO] - [DEBUG] Original path: F:\projek dosen\prototype riset\hotspot-analyzer\data\PLANAR\EMA\1\20250628\1.dcm
2025-09-15 20:34:30 - [INFO] - [DEBUG] Study date: 20250628
2025-09-15 20:34:30 - [INFO] - [DEBUG] Patient ID: 1
2025-09-15 20:34:30 - [INFO] - [DEBUG] Session code: EMA
2025-09-15 20:34:30 - [INFO] - [DEBUG] Study date folder: F:\projek dosen\prototype riset\hotspot-analyzer\data\PLANAR\EMA\1\20250628
2025-09-15 20:34:30 - [INFO] - [DEBUG] Loading original image for Anterior
2025-09-15 20:34:30 - [INFO] - [DEBUG] Looking for original PNG in study_date dir: F:\projek dosen\prototype riset\hotspot-analyzer\data\PLANAR\EMA\1\20250628\ant_original.png
2025-09-15 20:34:30 - [DEBUG] - STREAM b'IHDR' 16 13
2025-09-15 20:34:30 - [DEBUG] - STREAM b'IDAT' 41 65536
2025-09-15 20:34:30 - [INFO] - [DEBUG] Loaded original PNG from study_date dir: (256, 1024)
2025-09-15 20:34:30 - [INFO] - [DEBUG] Original image loaded: (256, 1024)
2025-09-15 20:34:30 - [INFO] - [DEBUG] Applying invert to original image
2025-09-15 20:34:30 - [INFO] - [DEBUG] simple_invert_pil_image: Processing L image, size = (256, 1024)
2025-09-15 20:34:30 - [INFO] - [DEBUG] simple_invert_image: input shape = (1024, 256), dtype = uint8
2025-09-15 20:34:30 - [INFO] - [DEBUG] Simple inversion completed: [0-255] -> [0-255]
2025-09-15 20:34:30 - [INFO] - [DEBUG] simple_invert_pil_image: completed
2025-09-15 20:34:30 - [INFO] - [DEBUG] Using STORED B/C values: B=0.00, C=1.00
2025-09-15 20:34:30 - [INFO] - [DEBUG]   Image layer loaded and processed
2025-09-15 20:34:30 - [INFO] - [DEBUG] Loading segmentation layer for Anterior
2025-09-15 20:34:30 - [INFO] - [DEBUG] Looking for segmentation (NEWEST): F:\projek dosen\prototype riset\hotspot-analyzer\data\PLANAR\EMA\1\20250628\ant_segm.png
2025-09-15 20:34:30 - [DEBUG] - STREAM b'IHDR' 16 13
2025-09-15 20:34:30 - [DEBUG] - STREAM b'IDAT' 41 6336
2025-09-15 20:34:30 - [INFO] - [DEBUG]   Loaded segmentation with transparency: F:\projek dosen\prototype riset\hotspot-analyzer\data\PLANAR\EMA\1\20250628\ant_segm.png
2025-09-15 20:34:30 - [INFO] - [DEBUG] Segmentation type: ORIGINAL
2025-09-15 20:34:30 - [INFO] - [DEBUG] Loading hotspot layer for Anterior
2025-09-15 20:34:30 - [INFO] - [DEBUG] Looking for hotspot classification (NEWEST): F:\projek dosen\prototype riset\hotspot-analyzer\data\PLANAR\EMA\1\20250628\ant_hotspot_classification.png
2025-09-15 20:34:30 - [INFO] - [DEBUG] No hotspot classification found: F:\projek dosen\prototype riset\hotspot-analyzer\data\PLANAR\EMA\1\20250628\ant_hotspot_classification.png
2025-09-15 20:34:30 - [INFO] - [DEBUG] Loading bbox layer for Anterior
2025-09-15 20:34:30 - [INFO] - [DEBUG] Looking for classification XML (NEWEST): F:\projek dosen\prototype riset\hotspot-analyzer\data\PLANAR\EMA\1\20250628\ant_hotspot_classification.xml
2025-09-15 20:34:30 - [INFO] - [DEBUG] No classification XML found: F:\projek dosen\prototype riset\hotspot-analyzer\data\PLANAR\EMA\1\20250628\ant_hotspot_classification.xml
2025-09-15 20:34:30 - [INFO] - [CACHE STORE] Not caching due to adjustments/overrides/invert
2025-09-15 20:34:30 - [INFO] - [DEBUG]   Loaded 2 layers for Anterior: ['Image', 'Segmentation']
2025-09-15 20:34:30 - [INFO] - [DEBUG] Available CLASSIFICATION layers in files: ['Image', 'Segmentation']
2025-09-15 20:34:30 - [INFO] - [DEBUG] Creating CLASSIFICATION card 0 for view: Posterior
2025-09-15 20:34:30 - [INFO] - [DEBUG] Active layers selected: []
2025-09-15 20:34:30 - [INFO] - [DEBUG] DICOM path: F:\projek dosen\prototype riset\hotspot-analyzer\data\PLANAR\EMA\1\20250628\1.dcm
2025-09-15 20:34:30 - [INFO] - [DEBUG] Current view: Posterior
2025-09-15 20:34:30 - [INFO] - [CACHE DEBUG] use_cache=False
2025-09-15 20:34:30 - [INFO] - [CACHE DEBUG] has_adjustments=False (B=0.00, C=1.00)
2025-09-15 20:34:30 - [INFO] - [CACHE DEBUG] has_overrides=False (override_b=None, override_c=None)
2025-09-15 20:34:30 - [INFO] - [CACHE DEBUG] invert_original=True
2025-09-15 20:34:30 - [INFO] - [CACHE SKIP] Skipping cache due to adjustments/overrides/invert
2025-09-15 20:34:30 - [INFO] - [DEBUG] Path extraction: session=EMA, patient=1, study_date=20250628
2025-09-15 20:34:30 - [INFO] - [DEBUG] Extracted patient info - ID: 1, Session: EMA
2025-09-15 20:34:30 - [INFO] - [DEBUG] Original path: F:\projek dosen\prototype riset\hotspot-analyzer\data\PLANAR\EMA\1\20250628\1.dcm
2025-09-15 20:34:30 - [INFO] - [DEBUG] Study date: 20250628
2025-09-15 20:34:30 - [INFO] - [DEBUG] Patient ID: 1
2025-09-15 20:34:30 - [INFO] - [DEBUG] Session code: EMA
2025-09-15 20:34:30 - [INFO] - [DEBUG] Study date folder: F:\projek dosen\prototype riset\hotspot-analyzer\data\PLANAR\EMA\1\20250628
2025-09-15 20:34:30 - [INFO] - [DEBUG] Loading original image for Posterior
2025-09-15 20:34:30 - [INFO] - [DEBUG] Looking for original PNG in study_date dir: F:\projek dosen\prototype riset\hotspot-analyzer\data\PLANAR\EMA\1\20250628\post_original.png
2025-09-15 20:34:30 - [DEBUG] - STREAM b'IHDR' 16 13
2025-09-15 20:34:30 - [DEBUG] - STREAM b'IDAT' 41 65536
2025-09-15 20:34:30 - [INFO] - [DEBUG] Loaded original PNG from study_date dir: (256, 1024)
2025-09-15 20:34:30 - [INFO] - [DEBUG] Original image loaded: (256, 1024)
2025-09-15 20:34:30 - [INFO] - [DEBUG] Applying invert to original image
2025-09-15 20:34:30 - [INFO] - [DEBUG] simple_invert_pil_image: Processing L image, size = (256, 1024)
2025-09-15 20:34:30 - [INFO] - [DEBUG] simple_invert_image: input shape = (1024, 256), dtype = uint8
2025-09-15 20:34:30 - [INFO] - [DEBUG] Simple inversion completed: [0-255] -> [0-255]
2025-09-15 20:34:30 - [INFO] - [DEBUG] simple_invert_pil_image: completed
2025-09-15 20:34:30 - [INFO] - [DEBUG] Using STORED B/C values: B=0.00, C=1.00
2025-09-15 20:34:30 - [INFO] - [DEBUG]   Image layer loaded and processed
2025-09-15 20:34:30 - [INFO] - [DEBUG] Loading segmentation layer for Posterior
2025-09-15 20:34:30 - [INFO] - [DEBUG] Looking for segmentation (NEWEST): F:\projek dosen\prototype riset\hotspot-analyzer\data\PLANAR\EMA\1\20250628\post_segm.png
2025-09-15 20:34:30 - [DEBUG] - STREAM b'IHDR' 16 13
2025-09-15 20:34:30 - [DEBUG] - STREAM b'IDAT' 41 5752
2025-09-15 20:34:30 - [INFO] - [DEBUG]   Loaded segmentation with transparency: F:\projek dosen\prototype riset\hotspot-analyzer\data\PLANAR\EMA\1\20250628\post_segm.png
2025-09-15 20:34:30 - [INFO] - [DEBUG] Segmentation type: ORIGINAL
2025-09-15 20:34:30 - [INFO] - [DEBUG] Loading hotspot layer for Posterior
2025-09-15 20:34:30 - [INFO] - [DEBUG] Looking for hotspot classification (NEWEST): F:\projek dosen\prototype riset\hotspot-analyzer\data\PLANAR\EMA\1\20250628\post_hotspot_classification.png
2025-09-15 20:34:30 - [INFO] - [DEBUG] No hotspot classification found: F:\projek dosen\prototype riset\hotspot-analyzer\data\PLANAR\EMA\1\20250628\post_hotspot_classification.png
2025-09-15 20:34:30 - [INFO] - [DEBUG] Loading bbox layer for Posterior
2025-09-15 20:34:30 - [INFO] - [DEBUG] Looking for classification XML (NEWEST): F:\projek dosen\prototype riset\hotspot-analyzer\data\PLANAR\EMA\1\20250628\post_hotspot_classification.xml
2025-09-15 20:34:30 - [INFO] - [DEBUG] No classification XML found: F:\projek dosen\prototype riset\hotspot-analyzer\data\PLANAR\EMA\1\20250628\post_hotspot_classification.xml
2025-09-15 20:34:30 - [INFO] - [CACHE STORE] Not caching due to adjustments/overrides/invert
2025-09-15 20:34:30 - [INFO] - [DEBUG]   Loaded 2 layers for Posterior: ['Image', 'Segmentation']
2025-09-15 20:34:30 - [INFO] - [DEBUG] Available CLASSIFICATION layers in files: ['Image', 'Segmentation']
2025-09-15 20:34:30 - [INFO] - [SMART UPDATE] State updated - Type: full
2025-09-15 20:34:30 - [INFO] - [SMART UPDATE] State updated - Type: rebuild
2025-09-15 20:34:30 - [INFO] - [DEBUG] Set Hotspot opacity to 0.50
2025-09-15 20:34:30 - [INFO] - [SMART UPDATE] Change type: none
2025-09-15 20:34:30 - [INFO] - [SMART UPDATE] Using full rebuild for opacity change
2025-09-15 20:34:30 - [INFO] - [DEBUG] Rebuilding timeline for active scan index: 0
2025-09-15 20:34:30 - [INFO] - [DEBUG] Creating CLASSIFICATION card 0 for view: Anterior
2025-09-15 20:34:30 - [INFO] - [DEBUG] Active layers selected: []
2025-09-15 20:34:30 - [INFO] - [DEBUG] DICOM path: F:\projek dosen\prototype riset\hotspot-analyzer\data\PLANAR\EMA\1\20250628\1.dcm
2025-09-15 20:34:30 - [INFO] - [DEBUG] Current view: Anterior
2025-09-15 20:34:30 - [INFO] - [CACHE DEBUG] use_cache=False
2025-09-15 20:34:30 - [INFO] - [CACHE DEBUG] has_adjustments=False (B=0.00, C=1.00)
2025-09-15 20:34:30 - [INFO] - [CACHE DEBUG] has_overrides=False (override_b=None, override_c=None)
2025-09-15 20:34:30 - [INFO] - [CACHE DEBUG] invert_original=True
2025-09-15 20:34:30 - [INFO] - [CACHE SKIP] Skipping cache due to adjustments/overrides/invert
2025-09-15 20:34:30 - [INFO] - [DEBUG] Path extraction: session=EMA, patient=1, study_date=20250628
2025-09-15 20:34:30 - [INFO] - [DEBUG] Extracted patient info - ID: 1, Session: EMA
2025-09-15 20:34:30 - [INFO] - [DEBUG] Original path: F:\projek dosen\prototype riset\hotspot-analyzer\data\PLANAR\EMA\1\20250628\1.dcm
2025-09-15 20:34:30 - [INFO] - [DEBUG] Study date: 20250628
2025-09-15 20:34:30 - [INFO] - [DEBUG] Patient ID: 1
2025-09-15 20:34:30 - [INFO] - [DEBUG] Session code: EMA
2025-09-15 20:34:30 - [INFO] - [DEBUG] Study date folder: F:\projek dosen\prototype riset\hotspot-analyzer\data\PLANAR\EMA\1\20250628
2025-09-15 20:34:30 - [INFO] - [DEBUG] Loading original image for Anterior
2025-09-15 20:34:30 - [INFO] - [DEBUG] Looking for original PNG in study_date dir: F:\projek dosen\prototype riset\hotspot-analyzer\data\PLANAR\EMA\1\20250628\ant_original.png
2025-09-15 20:34:30 - [DEBUG] - STREAM b'IHDR' 16 13
2025-09-15 20:34:30 - [DEBUG] - STREAM b'IDAT' 41 65536
2025-09-15 20:34:30 - [INFO] - [DEBUG] Loaded original PNG from study_date dir: (256, 1024)
2025-09-15 20:34:30 - [INFO] - [DEBUG] Original image loaded: (256, 1024)
2025-09-15 20:34:30 - [INFO] - [DEBUG] Applying invert to original image
2025-09-15 20:34:30 - [INFO] - [DEBUG] simple_invert_pil_image: Processing L image, size = (256, 1024)
2025-09-15 20:34:30 - [INFO] - [DEBUG] simple_invert_image: input shape = (1024, 256), dtype = uint8
2025-09-15 20:34:30 - [INFO] - [DEBUG] Simple inversion completed: [0-255] -> [0-255]
2025-09-15 20:34:30 - [INFO] - [DEBUG] simple_invert_pil_image: completed
2025-09-15 20:34:30 - [INFO] - [DEBUG] Using STORED B/C values: B=0.00, C=1.00
2025-09-15 20:34:30 - [INFO] - [DEBUG]   Image layer loaded and processed
2025-09-15 20:34:30 - [INFO] - [DEBUG] Loading segmentation layer for Anterior
2025-09-15 20:34:30 - [INFO] - [DEBUG] Looking for segmentation (NEWEST): F:\projek dosen\prototype riset\hotspot-analyzer\data\PLANAR\EMA\1\20250628\ant_segm.png
2025-09-15 20:34:30 - [DEBUG] - STREAM b'IHDR' 16 13
2025-09-15 20:34:30 - [DEBUG] - STREAM b'IDAT' 41 6336
2025-09-15 20:34:30 - [INFO] - [DEBUG]   Loaded segmentation with transparency: F:\projek dosen\prototype riset\hotspot-analyzer\data\PLANAR\EMA\1\20250628\ant_segm.png
2025-09-15 20:34:30 - [INFO] - [DEBUG] Segmentation type: ORIGINAL
2025-09-15 20:34:30 - [INFO] - [DEBUG] Loading hotspot layer for Anterior
2025-09-15 20:34:30 - [INFO] - [DEBUG] Looking for hotspot classification (NEWEST): F:\projek dosen\prototype riset\hotspot-analyzer\data\PLANAR\EMA\1\20250628\ant_hotspot_classification.png
2025-09-15 20:34:30 - [INFO] - [DEBUG] No hotspot classification found: F:\projek dosen\prototype riset\hotspot-analyzer\data\PLANAR\EMA\1\20250628\ant_hotspot_classification.png
2025-09-15 20:34:30 - [INFO] - [DEBUG] Loading bbox layer for Anterior
2025-09-15 20:34:30 - [INFO] - [DEBUG] Looking for classification XML (NEWEST): F:\projek dosen\prototype riset\hotspot-analyzer\data\PLANAR\EMA\1\20250628\ant_hotspot_classification.xml
2025-09-15 20:34:30 - [INFO] - [DEBUG] No classification XML found: F:\projek dosen\prototype riset\hotspot-analyzer\data\PLANAR\EMA\1\20250628\ant_hotspot_classification.xml
2025-09-15 20:34:30 - [INFO] - [CACHE STORE] Not caching due to adjustments/overrides/invert
2025-09-15 20:34:30 - [INFO] - [DEBUG]   Loaded 2 layers for Anterior: ['Image', 'Segmentation']
2025-09-15 20:34:30 - [INFO] - [DEBUG] Available CLASSIFICATION layers in files: ['Image', 'Segmentation']
2025-09-15 20:34:30 - [INFO] - [DEBUG] Creating CLASSIFICATION card 0 for view: Posterior
2025-09-15 20:34:30 - [INFO] - [DEBUG] Active layers selected: []
2025-09-15 20:34:30 - [INFO] - [DEBUG] DICOM path: F:\projek dosen\prototype riset\hotspot-analyzer\data\PLANAR\EMA\1\20250628\1.dcm
2025-09-15 20:34:30 - [INFO] - [DEBUG] Current view: Posterior
2025-09-15 20:34:30 - [INFO] - [CACHE DEBUG] use_cache=False
2025-09-15 20:34:30 - [INFO] - [CACHE DEBUG] has_adjustments=False (B=0.00, C=1.00)
2025-09-15 20:34:30 - [INFO] - [CACHE DEBUG] has_overrides=False (override_b=None, override_c=None)
2025-09-15 20:34:30 - [INFO] - [CACHE DEBUG] invert_original=True
2025-09-15 20:34:30 - [INFO] - [CACHE SKIP] Skipping cache due to adjustments/overrides/invert
2025-09-15 20:34:30 - [INFO] - [DEBUG] Path extraction: session=EMA, patient=1, study_date=20250628
2025-09-15 20:34:30 - [INFO] - [DEBUG] Extracted patient info - ID: 1, Session: EMA
2025-09-15 20:34:30 - [INFO] - [DEBUG] Original path: F:\projek dosen\prototype riset\hotspot-analyzer\data\PLANAR\EMA\1\20250628\1.dcm
2025-09-15 20:34:30 - [INFO] - [DEBUG] Study date: 20250628
2025-09-15 20:34:30 - [INFO] - [DEBUG] Patient ID: 1
2025-09-15 20:34:30 - [INFO] - [DEBUG] Session code: EMA
2025-09-15 20:34:30 - [INFO] - [DEBUG] Study date folder: F:\projek dosen\prototype riset\hotspot-analyzer\data\PLANAR\EMA\1\20250628
2025-09-15 20:34:30 - [INFO] - [DEBUG] Loading original image for Posterior
2025-09-15 20:34:30 - [INFO] - [DEBUG] Looking for original PNG in study_date dir: F:\projek dosen\prototype riset\hotspot-analyzer\data\PLANAR\EMA\1\20250628\post_original.png
2025-09-15 20:34:30 - [DEBUG] - STREAM b'IHDR' 16 13
2025-09-15 20:34:30 - [DEBUG] - STREAM b'IDAT' 41 65536
2025-09-15 20:34:30 - [INFO] - [DEBUG] Loaded original PNG from study_date dir: (256, 1024)
2025-09-15 20:34:30 - [INFO] - [DEBUG] Original image loaded: (256, 1024)
2025-09-15 20:34:30 - [INFO] - [DEBUG] Applying invert to original image
2025-09-15 20:34:30 - [INFO] - [DEBUG] simple_invert_pil_image: Processing L image, size = (256, 1024)
2025-09-15 20:34:30 - [INFO] - [DEBUG] simple_invert_image: input shape = (1024, 256), dtype = uint8
2025-09-15 20:34:30 - [INFO] - [DEBUG] Simple inversion completed: [0-255] -> [0-255]
2025-09-15 20:34:30 - [INFO] - [DEBUG] simple_invert_pil_image: completed
2025-09-15 20:34:30 - [INFO] - [DEBUG] Using STORED B/C values: B=0.00, C=1.00
2025-09-15 20:34:30 - [INFO] - [DEBUG]   Image layer loaded and processed
2025-09-15 20:34:30 - [INFO] - [DEBUG] Loading segmentation layer for Posterior
2025-09-15 20:34:30 - [INFO] - [DEBUG] Looking for segmentation (NEWEST): F:\projek dosen\prototype riset\hotspot-analyzer\data\PLANAR\EMA\1\20250628\post_segm.png
2025-09-15 20:34:30 - [DEBUG] - STREAM b'IHDR' 16 13
2025-09-15 20:34:30 - [DEBUG] - STREAM b'IDAT' 41 5752
2025-09-15 20:34:30 - [INFO] - [DEBUG]   Loaded segmentation with transparency: F:\projek dosen\prototype riset\hotspot-analyzer\data\PLANAR\EMA\1\20250628\post_segm.png
2025-09-15 20:34:30 - [INFO] - [DEBUG] Segmentation type: ORIGINAL
2025-09-15 20:34:30 - [INFO] - [DEBUG] Loading hotspot layer for Posterior
2025-09-15 20:34:30 - [INFO] - [DEBUG] Looking for hotspot classification (NEWEST): F:\projek dosen\prototype riset\hotspot-analyzer\data\PLANAR\EMA\1\20250628\post_hotspot_classification.png
2025-09-15 20:34:30 - [INFO] - [DEBUG] No hotspot classification found: F:\projek dosen\prototype riset\hotspot-analyzer\data\PLANAR\EMA\1\20250628\post_hotspot_classification.png
2025-09-15 20:34:30 - [INFO] - [DEBUG] Loading bbox layer for Posterior
2025-09-15 20:34:30 - [INFO] - [DEBUG] Looking for classification XML (NEWEST): F:\projek dosen\prototype riset\hotspot-analyzer\data\PLANAR\EMA\1\20250628\post_hotspot_classification.xml
2025-09-15 20:34:30 - [INFO] - [DEBUG] No classification XML found: F:\projek dosen\prototype riset\hotspot-analyzer\data\PLANAR\EMA\1\20250628\post_hotspot_classification.xml
2025-09-15 20:34:30 - [INFO] - [CACHE STORE] Not caching due to adjustments/overrides/invert
2025-09-15 20:34:30 - [INFO] - [DEBUG]   Loaded 2 layers for Posterior: ['Image', 'Segmentation']
2025-09-15 20:34:30 - [INFO] - [DEBUG] Available CLASSIFICATION layers in files: ['Image', 'Segmentation']
2025-09-15 20:34:30 - [INFO] - [SMART UPDATE] State updated - Type: full
2025-09-15 20:34:30 - [INFO] - [SMART UPDATE] State updated - Type: rebuild
2025-09-15 20:34:30 - [INFO] - [DEBUG] Set HotspotBBox opacity to 1.00
2025-09-15 20:34:30 - [INFO] - [SMART UPDATE] Change type: none
2025-09-15 20:34:30 - [INFO] - [SMART UPDATE] Using full rebuild for opacity change
2025-09-15 20:34:30 - [INFO] - [DEBUG] Rebuilding timeline for active scan index: 0
2025-09-15 20:34:30 - [INFO] - [DEBUG] Creating CLASSIFICATION card 0 for view: Anterior
2025-09-15 20:34:30 - [INFO] - [DEBUG] Active layers selected: []
2025-09-15 20:34:30 - [INFO] - [DEBUG] DICOM path: F:\projek dosen\prototype riset\hotspot-analyzer\data\PLANAR\EMA\1\20250628\1.dcm
2025-09-15 20:34:30 - [INFO] - [DEBUG] Current view: Anterior
2025-09-15 20:34:30 - [INFO] - [CACHE DEBUG] use_cache=False
2025-09-15 20:34:30 - [INFO] - [CACHE DEBUG] has_adjustments=False (B=0.00, C=1.00)
2025-09-15 20:34:30 - [INFO] - [CACHE DEBUG] has_overrides=False (override_b=None, override_c=None)
2025-09-15 20:34:30 - [INFO] - [CACHE DEBUG] invert_original=True
2025-09-15 20:34:30 - [INFO] - [CACHE SKIP] Skipping cache due to adjustments/overrides/invert
2025-09-15 20:34:30 - [INFO] - [DEBUG] Path extraction: session=EMA, patient=1, study_date=20250628
2025-09-15 20:34:30 - [INFO] - [DEBUG] Extracted patient info - ID: 1, Session: EMA
2025-09-15 20:34:30 - [INFO] - [DEBUG] Original path: F:\projek dosen\prototype riset\hotspot-analyzer\data\PLANAR\EMA\1\20250628\1.dcm
2025-09-15 20:34:30 - [INFO] - [DEBUG] Study date: 20250628
2025-09-15 20:34:30 - [INFO] - [DEBUG] Patient ID: 1
2025-09-15 20:34:30 - [INFO] - [DEBUG] Session code: EMA
2025-09-15 20:34:30 - [INFO] - [DEBUG] Study date folder: F:\projek dosen\prototype riset\hotspot-analyzer\data\PLANAR\EMA\1\20250628
2025-09-15 20:34:30 - [INFO] - [DEBUG] Loading original image for Anterior
2025-09-15 20:34:30 - [INFO] - [DEBUG] Looking for original PNG in study_date dir: F:\projek dosen\prototype riset\hotspot-analyzer\data\PLANAR\EMA\1\20250628\ant_original.png
2025-09-15 20:34:30 - [DEBUG] - STREAM b'IHDR' 16 13
2025-09-15 20:34:30 - [DEBUG] - STREAM b'IDAT' 41 65536
2025-09-15 20:34:30 - [INFO] - [DEBUG] Loaded original PNG from study_date dir: (256, 1024)
2025-09-15 20:34:30 - [INFO] - [DEBUG] Original image loaded: (256, 1024)
2025-09-15 20:34:30 - [INFO] - [DEBUG] Applying invert to original image
2025-09-15 20:34:30 - [INFO] - [DEBUG] simple_invert_pil_image: Processing L image, size = (256, 1024)
2025-09-15 20:34:30 - [INFO] - [DEBUG] simple_invert_image: input shape = (1024, 256), dtype = uint8
2025-09-15 20:34:30 - [INFO] - [DEBUG] Simple inversion completed: [0-255] -> [0-255]
2025-09-15 20:34:30 - [INFO] - [DEBUG] simple_invert_pil_image: completed
2025-09-15 20:34:30 - [INFO] - [DEBUG] Using STORED B/C values: B=0.00, C=1.00
2025-09-15 20:34:30 - [INFO] - [DEBUG]   Image layer loaded and processed
2025-09-15 20:34:30 - [INFO] - [DEBUG] Loading segmentation layer for Anterior
2025-09-15 20:34:30 - [INFO] - [DEBUG] Looking for segmentation (NEWEST): F:\projek dosen\prototype riset\hotspot-analyzer\data\PLANAR\EMA\1\20250628\ant_segm.png
2025-09-15 20:34:30 - [DEBUG] - STREAM b'IHDR' 16 13
2025-09-15 20:34:30 - [DEBUG] - STREAM b'IDAT' 41 6336
2025-09-15 20:34:30 - [INFO] - [DEBUG]   Loaded segmentation with transparency: F:\projek dosen\prototype riset\hotspot-analyzer\data\PLANAR\EMA\1\20250628\ant_segm.png
2025-09-15 20:34:30 - [INFO] - [DEBUG] Segmentation type: ORIGINAL
2025-09-15 20:34:30 - [INFO] - [DEBUG] Loading hotspot layer for Anterior
2025-09-15 20:34:30 - [INFO] - [DEBUG] Looking for hotspot classification (NEWEST): F:\projek dosen\prototype riset\hotspot-analyzer\data\PLANAR\EMA\1\20250628\ant_hotspot_classification.png
2025-09-15 20:34:30 - [INFO] - [DEBUG] No hotspot classification found: F:\projek dosen\prototype riset\hotspot-analyzer\data\PLANAR\EMA\1\20250628\ant_hotspot_classification.png
2025-09-15 20:34:30 - [INFO] - [DEBUG] Loading bbox layer for Anterior
2025-09-15 20:34:30 - [INFO] - [DEBUG] Looking for classification XML (NEWEST): F:\projek dosen\prototype riset\hotspot-analyzer\data\PLANAR\EMA\1\20250628\ant_hotspot_classification.xml
2025-09-15 20:34:30 - [INFO] - [DEBUG] No classification XML found: F:\projek dosen\prototype riset\hotspot-analyzer\data\PLANAR\EMA\1\20250628\ant_hotspot_classification.xml
2025-09-15 20:34:30 - [INFO] - [CACHE STORE] Not caching due to adjustments/overrides/invert
2025-09-15 20:34:30 - [INFO] - [DEBUG]   Loaded 2 layers for Anterior: ['Image', 'Segmentation']
2025-09-15 20:34:30 - [INFO] - [DEBUG] Available CLASSIFICATION layers in files: ['Image', 'Segmentation']
2025-09-15 20:34:30 - [INFO] - [DEBUG] Creating CLASSIFICATION card 0 for view: Posterior
2025-09-15 20:34:30 - [INFO] - [DEBUG] Active layers selected: []
2025-09-15 20:34:30 - [INFO] - [DEBUG] DICOM path: F:\projek dosen\prototype riset\hotspot-analyzer\data\PLANAR\EMA\1\20250628\1.dcm
2025-09-15 20:34:30 - [INFO] - [DEBUG] Current view: Posterior
2025-09-15 20:34:30 - [INFO] - [CACHE DEBUG] use_cache=False
2025-09-15 20:34:30 - [INFO] - [CACHE DEBUG] has_adjustments=False (B=0.00, C=1.00)
2025-09-15 20:34:30 - [INFO] - [CACHE DEBUG] has_overrides=False (override_b=None, override_c=None)
2025-09-15 20:34:30 - [INFO] - [CACHE DEBUG] invert_original=True
2025-09-15 20:34:30 - [INFO] - [CACHE SKIP] Skipping cache due to adjustments/overrides/invert
2025-09-15 20:34:30 - [INFO] - [DEBUG] Path extraction: session=EMA, patient=1, study_date=20250628
2025-09-15 20:34:30 - [INFO] - [DEBUG] Extracted patient info - ID: 1, Session: EMA
2025-09-15 20:34:30 - [INFO] - [DEBUG] Original path: F:\projek dosen\prototype riset\hotspot-analyzer\data\PLANAR\EMA\1\20250628\1.dcm
2025-09-15 20:34:30 - [INFO] - [DEBUG] Study date: 20250628
2025-09-15 20:34:30 - [INFO] - [DEBUG] Patient ID: 1
2025-09-15 20:34:30 - [INFO] - [DEBUG] Session code: EMA
2025-09-15 20:34:30 - [INFO] - [DEBUG] Study date folder: F:\projek dosen\prototype riset\hotspot-analyzer\data\PLANAR\EMA\1\20250628
2025-09-15 20:34:30 - [INFO] - [DEBUG] Loading original image for Posterior
2025-09-15 20:34:30 - [INFO] - [DEBUG] Looking for original PNG in study_date dir: F:\projek dosen\prototype riset\hotspot-analyzer\data\PLANAR\EMA\1\20250628\post_original.png
2025-09-15 20:34:30 - [DEBUG] - STREAM b'IHDR' 16 13
2025-09-15 20:34:30 - [DEBUG] - STREAM b'IDAT' 41 65536
2025-09-15 20:34:30 - [INFO] - [DEBUG] Loaded original PNG from study_date dir: (256, 1024)
2025-09-15 20:34:30 - [INFO] - [DEBUG] Original image loaded: (256, 1024)
2025-09-15 20:34:30 - [INFO] - [DEBUG] Applying invert to original image
2025-09-15 20:34:30 - [INFO] - [DEBUG] simple_invert_pil_image: Processing L image, size = (256, 1024)
2025-09-15 20:34:30 - [INFO] - [DEBUG] simple_invert_image: input shape = (1024, 256), dtype = uint8
2025-09-15 20:34:30 - [INFO] - [DEBUG] Simple inversion completed: [0-255] -> [0-255]
2025-09-15 20:34:30 - [INFO] - [DEBUG] simple_invert_pil_image: completed
2025-09-15 20:34:30 - [INFO] - [DEBUG] Using STORED B/C values: B=0.00, C=1.00
2025-09-15 20:34:30 - [INFO] - [DEBUG]   Image layer loaded and processed
2025-09-15 20:34:30 - [INFO] - [DEBUG] Loading segmentation layer for Posterior
2025-09-15 20:34:30 - [INFO] - [DEBUG] Looking for segmentation (NEWEST): F:\projek dosen\prototype riset\hotspot-analyzer\data\PLANAR\EMA\1\20250628\post_segm.png
2025-09-15 20:34:30 - [DEBUG] - STREAM b'IHDR' 16 13
2025-09-15 20:34:30 - [DEBUG] - STREAM b'IDAT' 41 5752
2025-09-15 20:34:30 - [INFO] - [DEBUG]   Loaded segmentation with transparency: F:\projek dosen\prototype riset\hotspot-analyzer\data\PLANAR\EMA\1\20250628\post_segm.png
2025-09-15 20:34:30 - [INFO] - [DEBUG] Segmentation type: ORIGINAL
2025-09-15 20:34:30 - [INFO] - [DEBUG] Loading hotspot layer for Posterior
2025-09-15 20:34:30 - [INFO] - [DEBUG] Looking for hotspot classification (NEWEST): F:\projek dosen\prototype riset\hotspot-analyzer\data\PLANAR\EMA\1\20250628\post_hotspot_classification.png
2025-09-15 20:34:30 - [INFO] - [DEBUG] No hotspot classification found: F:\projek dosen\prototype riset\hotspot-analyzer\data\PLANAR\EMA\1\20250628\post_hotspot_classification.png
2025-09-15 20:34:30 - [INFO] - [DEBUG] Loading bbox layer for Posterior
2025-09-15 20:34:30 - [INFO] - [DEBUG] Looking for classification XML (NEWEST): F:\projek dosen\prototype riset\hotspot-analyzer\data\PLANAR\EMA\1\20250628\post_hotspot_classification.xml
2025-09-15 20:34:30 - [INFO] - [DEBUG] No classification XML found: F:\projek dosen\prototype riset\hotspot-analyzer\data\PLANAR\EMA\1\20250628\post_hotspot_classification.xml
2025-09-15 20:34:30 - [INFO] - [CACHE STORE] Not caching due to adjustments/overrides/invert
2025-09-15 20:34:30 - [INFO] - [DEBUG]   Loaded 2 layers for Posterior: ['Image', 'Segmentation']
2025-09-15 20:34:30 - [INFO] - [DEBUG] Available CLASSIFICATION layers in files: ['Image', 'Segmentation']
2025-09-15 20:34:30 - [INFO] - [SMART UPDATE] State updated - Type: full
2025-09-15 20:34:30 - [INFO] - [SMART UPDATE] State updated - Type: rebuild
2025-09-15 20:34:30 - [INFO] - [DEBUG] Active layers: ['Image']
2025-09-15 20:34:30 - [INFO] - [SMART UPDATE] Change type: layers
2025-09-15 20:34:30 - [INFO] - [SMART UPDATE] Layers added: ['Image']
2025-09-15 20:34:30 - [INFO] - [DEBUG] Timeline active layers set to: ['Image']
2025-09-15 20:34:30 - [INFO] - [SMART UPDATE] Full rebuild required for change type: layers
2025-09-15 20:34:30 - [INFO] - [DEBUG] Rebuilding timeline for active scan index: 0
2025-09-15 20:34:30 - [INFO] - [DEBUG] Creating CLASSIFICATION card 0 for view: Anterior
2025-09-15 20:34:30 - [INFO] - [DEBUG] Active layers selected: ['Image']
2025-09-15 20:34:30 - [INFO] - [DEBUG] DICOM path: F:\projek dosen\prototype riset\hotspot-analyzer\data\PLANAR\EMA\1\20250628\1.dcm
2025-09-15 20:34:30 - [INFO] - [DEBUG] Current view: Anterior
2025-09-15 20:34:30 - [INFO] - [CACHE DEBUG] use_cache=False
2025-09-15 20:34:30 - [INFO] - [CACHE DEBUG] has_adjustments=False (B=0.00, C=1.00)
2025-09-15 20:34:30 - [INFO] - [CACHE DEBUG] has_overrides=False (override_b=None, override_c=None)
2025-09-15 20:34:30 - [INFO] - [CACHE DEBUG] invert_original=True
2025-09-15 20:34:30 - [INFO] - [CACHE SKIP] Skipping cache due to adjustments/overrides/invert
2025-09-15 20:34:30 - [INFO] - [DEBUG] Path extraction: session=EMA, patient=1, study_date=20250628
2025-09-15 20:34:30 - [INFO] - [DEBUG] Extracted patient info - ID: 1, Session: EMA
2025-09-15 20:34:30 - [INFO] - [DEBUG] Original path: F:\projek dosen\prototype riset\hotspot-analyzer\data\PLANAR\EMA\1\20250628\1.dcm
2025-09-15 20:34:30 - [INFO] - [DEBUG] Study date: 20250628
2025-09-15 20:34:30 - [INFO] - [DEBUG] Patient ID: 1
2025-09-15 20:34:30 - [INFO] - [DEBUG] Session code: EMA
2025-09-15 20:34:30 - [INFO] - [DEBUG] Study date folder: F:\projek dosen\prototype riset\hotspot-analyzer\data\PLANAR\EMA\1\20250628
2025-09-15 20:34:30 - [INFO] - [DEBUG] Loading original image for Anterior
2025-09-15 20:34:30 - [INFO] - [DEBUG] Looking for original PNG in study_date dir: F:\projek dosen\prototype riset\hotspot-analyzer\data\PLANAR\EMA\1\20250628\ant_original.png
2025-09-15 20:34:30 - [DEBUG] - STREAM b'IHDR' 16 13
2025-09-15 20:34:30 - [DEBUG] - STREAM b'IDAT' 41 65536
2025-09-15 20:34:30 - [INFO] - [DEBUG] Loaded original PNG from study_date dir: (256, 1024)
2025-09-15 20:34:30 - [INFO] - [DEBUG] Original image loaded: (256, 1024)
2025-09-15 20:34:30 - [INFO] - [DEBUG] Applying invert to original image
2025-09-15 20:34:30 - [INFO] - [DEBUG] simple_invert_pil_image: Processing L image, size = (256, 1024)
2025-09-15 20:34:30 - [INFO] - [DEBUG] simple_invert_image: input shape = (1024, 256), dtype = uint8
2025-09-15 20:34:30 - [INFO] - [DEBUG] Simple inversion completed: [0-255] -> [0-255]
2025-09-15 20:34:30 - [INFO] - [DEBUG] simple_invert_pil_image: completed
2025-09-15 20:34:30 - [INFO] - [DEBUG] Using STORED B/C values: B=0.00, C=1.00
2025-09-15 20:34:30 - [INFO] - [DEBUG]   Image layer loaded and processed
2025-09-15 20:34:30 - [INFO] - [DEBUG] Loading segmentation layer for Anterior
2025-09-15 20:34:30 - [INFO] - [DEBUG] Looking for segmentation (NEWEST): F:\projek dosen\prototype riset\hotspot-analyzer\data\PLANAR\EMA\1\20250628\ant_segm.png
2025-09-15 20:34:30 - [DEBUG] - STREAM b'IHDR' 16 13
2025-09-15 20:34:30 - [DEBUG] - STREAM b'IDAT' 41 6336
2025-09-15 20:34:30 - [INFO] - [DEBUG]   Loaded segmentation with transparency: F:\projek dosen\prototype riset\hotspot-analyzer\data\PLANAR\EMA\1\20250628\ant_segm.png
2025-09-15 20:34:30 - [INFO] - [DEBUG] Segmentation type: ORIGINAL
2025-09-15 20:34:30 - [INFO] - [DEBUG] Loading hotspot layer for Anterior
2025-09-15 20:34:30 - [INFO] - [DEBUG] Looking for hotspot classification (NEWEST): F:\projek dosen\prototype riset\hotspot-analyzer\data\PLANAR\EMA\1\20250628\ant_hotspot_classification.png
2025-09-15 20:34:30 - [INFO] - [DEBUG] No hotspot classification found: F:\projek dosen\prototype riset\hotspot-analyzer\data\PLANAR\EMA\1\20250628\ant_hotspot_classification.png
2025-09-15 20:34:30 - [INFO] - [DEBUG] Loading bbox layer for Anterior
2025-09-15 20:34:30 - [INFO] - [DEBUG] Looking for classification XML (NEWEST): F:\projek dosen\prototype riset\hotspot-analyzer\data\PLANAR\EMA\1\20250628\ant_hotspot_classification.xml
2025-09-15 20:34:30 - [INFO] - [DEBUG] No classification XML found: F:\projek dosen\prototype riset\hotspot-analyzer\data\PLANAR\EMA\1\20250628\ant_hotspot_classification.xml
2025-09-15 20:34:30 - [INFO] - [CACHE STORE] Not caching due to adjustments/overrides/invert
2025-09-15 20:34:30 - [INFO] - [DEBUG]   Loaded 2 layers for Anterior: ['Image', 'Segmentation']
2025-09-15 20:34:30 - [INFO] - [DEBUG] Available CLASSIFICATION layers in files: ['Image', 'Segmentation']
2025-09-15 20:34:30 - [INFO] - [DEBUG]   Added CLASSIFICATION Image to card 0 (opacity: 1.00)
2025-09-15 20:34:30 - [INFO] - [DEBUG]   CLASSIFICATION card 0 composite created with layers: ['Image']
2025-09-15 20:34:30 - [INFO] - [DEBUG] Creating CLASSIFICATION card 0 for view: Posterior
2025-09-15 20:34:30 - [INFO] - [DEBUG] Active layers selected: ['Image']
2025-09-15 20:34:30 - [INFO] - [DEBUG] DICOM path: F:\projek dosen\prototype riset\hotspot-analyzer\data\PLANAR\EMA\1\20250628\1.dcm
2025-09-15 20:34:30 - [INFO] - [DEBUG] Current view: Posterior
2025-09-15 20:34:30 - [INFO] - [CACHE DEBUG] use_cache=False
2025-09-15 20:34:30 - [INFO] - [CACHE DEBUG] has_adjustments=False (B=0.00, C=1.00)
2025-09-15 20:34:30 - [INFO] - [CACHE DEBUG] has_overrides=False (override_b=None, override_c=None)
2025-09-15 20:34:30 - [INFO] - [CACHE DEBUG] invert_original=True
2025-09-15 20:34:30 - [INFO] - [CACHE SKIP] Skipping cache due to adjustments/overrides/invert
2025-09-15 20:34:30 - [INFO] - [DEBUG] Path extraction: session=EMA, patient=1, study_date=20250628
2025-09-15 20:34:30 - [INFO] - [DEBUG] Extracted patient info - ID: 1, Session: EMA
2025-09-15 20:34:30 - [INFO] - [DEBUG] Original path: F:\projek dosen\prototype riset\hotspot-analyzer\data\PLANAR\EMA\1\20250628\1.dcm
2025-09-15 20:34:30 - [INFO] - [DEBUG] Study date: 20250628
2025-09-15 20:34:30 - [INFO] - [DEBUG] Patient ID: 1
2025-09-15 20:34:30 - [INFO] - [DEBUG] Session code: EMA
2025-09-15 20:34:30 - [INFO] - [DEBUG] Study date folder: F:\projek dosen\prototype riset\hotspot-analyzer\data\PLANAR\EMA\1\20250628
2025-09-15 20:34:30 - [INFO] - [DEBUG] Loading original image for Posterior
2025-09-15 20:34:30 - [INFO] - [DEBUG] Looking for original PNG in study_date dir: F:\projek dosen\prototype riset\hotspot-analyzer\data\PLANAR\EMA\1\20250628\post_original.png
2025-09-15 20:34:30 - [DEBUG] - STREAM b'IHDR' 16 13
2025-09-15 20:34:30 - [DEBUG] - STREAM b'IDAT' 41 65536
2025-09-15 20:34:30 - [INFO] - [DEBUG] Loaded original PNG from study_date dir: (256, 1024)
2025-09-15 20:34:30 - [INFO] - [DEBUG] Original image loaded: (256, 1024)
2025-09-15 20:34:30 - [INFO] - [DEBUG] Applying invert to original image
2025-09-15 20:34:30 - [INFO] - [DEBUG] simple_invert_pil_image: Processing L image, size = (256, 1024)
2025-09-15 20:34:30 - [INFO] - [DEBUG] simple_invert_image: input shape = (1024, 256), dtype = uint8
2025-09-15 20:34:30 - [INFO] - [DEBUG] Simple inversion completed: [0-255] -> [0-255]
2025-09-15 20:34:30 - [INFO] - [DEBUG] simple_invert_pil_image: completed
2025-09-15 20:34:30 - [INFO] - [DEBUG] Using STORED B/C values: B=0.00, C=1.00
2025-09-15 20:34:30 - [INFO] - [DEBUG]   Image layer loaded and processed
2025-09-15 20:34:30 - [INFO] - [DEBUG] Loading segmentation layer for Posterior
2025-09-15 20:34:30 - [INFO] - [DEBUG] Looking for segmentation (NEWEST): F:\projek dosen\prototype riset\hotspot-analyzer\data\PLANAR\EMA\1\20250628\post_segm.png
2025-09-15 20:34:30 - [DEBUG] - STREAM b'IHDR' 16 13
2025-09-15 20:34:30 - [DEBUG] - STREAM b'IDAT' 41 5752
2025-09-15 20:34:30 - [INFO] - [DEBUG]   Loaded segmentation with transparency: F:\projek dosen\prototype riset\hotspot-analyzer\data\PLANAR\EMA\1\20250628\post_segm.png
2025-09-15 20:34:30 - [INFO] - [DEBUG] Segmentation type: ORIGINAL
2025-09-15 20:34:30 - [INFO] - [DEBUG] Loading hotspot layer for Posterior
2025-09-15 20:34:31 - [INFO] - [DEBUG] Looking for hotspot classification (NEWEST): F:\projek dosen\prototype riset\hotspot-analyzer\data\PLANAR\EMA\1\20250628\post_hotspot_classification.png
2025-09-15 20:34:31 - [INFO] - [DEBUG] No hotspot classification found: F:\projek dosen\prototype riset\hotspot-analyzer\data\PLANAR\EMA\1\20250628\post_hotspot_classification.png
2025-09-15 20:34:31 - [INFO] - [DEBUG] Loading bbox layer for Posterior
2025-09-15 20:34:31 - [INFO] - [DEBUG] Looking for classification XML (NEWEST): F:\projek dosen\prototype riset\hotspot-analyzer\data\PLANAR\EMA\1\20250628\post_hotspot_classification.xml
2025-09-15 20:34:31 - [INFO] - [DEBUG] No classification XML found: F:\projek dosen\prototype riset\hotspot-analyzer\data\PLANAR\EMA\1\20250628\post_hotspot_classification.xml
2025-09-15 20:34:31 - [INFO] - [CACHE STORE] Not caching due to adjustments/overrides/invert
2025-09-15 20:34:31 - [INFO] - [DEBUG]   Loaded 2 layers for Posterior: ['Image', 'Segmentation']
2025-09-15 20:34:31 - [INFO] - [DEBUG] Available CLASSIFICATION layers in files: ['Image', 'Segmentation']
2025-09-15 20:34:31 - [INFO] - [DEBUG]   Added CLASSIFICATION Image to card 0 (opacity: 1.00)
2025-09-15 20:34:31 - [INFO] - [DEBUG]   CLASSIFICATION card 0 composite created with layers: ['Image']
2025-09-15 20:34:31 - [INFO] - [SMART UPDATE] State updated - Type: full
2025-09-15 20:34:31 - [INFO] - [SMART UPDATE] State updated - Type: layers
2025-09-15 20:34:31 - [INFO] - [DEBUG] Path extraction: session=EMA, patient=1, study_date=20250628
2025-09-15 20:34:31 - [INFO] - [DEBUG] Extracted patient info - ID: 1, Session: EMA
2025-09-15 20:34:31 - [INFO] - [DEBUG] Original path: F:\projek dosen\prototype riset\hotspot-analyzer\data\PLANAR\EMA\1\20250628\1.dcm
2025-09-15 20:34:31 - [INFO] - [SMART UPDATE] Change type: none
2025-09-15 20:34:31 - [INFO] - [DEBUG] Timeline active layers set to: ['Image']
2025-09-15 20:34:31 - [INFO] - [SMART UPDATE] No changes detected, skipping update
2025-09-15 20:34:31 - [INFO] - [DEBUG] Set Image opacity to 1.00
2025-09-15 20:34:31 - [INFO] - [SMART UPDATE] Change type: none
2025-09-15 20:34:31 - [INFO] - [SMART UPDATE] Using full rebuild for opacity change
2025-09-15 20:34:31 - [INFO] - [DEBUG] Rebuilding timeline for active scan index: 0
2025-09-15 20:34:31 - [INFO] - [DEBUG] Creating CLASSIFICATION card 0 for view: Anterior
2025-09-15 20:34:31 - [INFO] - [DEBUG] Active layers selected: ['Image']
2025-09-15 20:34:31 - [INFO] - [DEBUG] DICOM path: F:\projek dosen\prototype riset\hotspot-analyzer\data\PLANAR\EMA\1\20250628\1.dcm
2025-09-15 20:34:31 - [INFO] - [DEBUG] Current view: Anterior
2025-09-15 20:34:31 - [INFO] - [CACHE DEBUG] use_cache=False
2025-09-15 20:34:31 - [INFO] - [CACHE DEBUG] has_adjustments=False (B=0.00, C=1.00)
2025-09-15 20:34:31 - [INFO] - [CACHE DEBUG] has_overrides=False (override_b=None, override_c=None)
2025-09-15 20:34:31 - [INFO] - [CACHE DEBUG] invert_original=True
2025-09-15 20:34:31 - [INFO] - [CACHE SKIP] Skipping cache due to adjustments/overrides/invert
2025-09-15 20:34:31 - [INFO] - [DEBUG] Path extraction: session=EMA, patient=1, study_date=20250628
2025-09-15 20:34:31 - [INFO] - [DEBUG] Extracted patient info - ID: 1, Session: EMA
2025-09-15 20:34:31 - [INFO] - [DEBUG] Original path: F:\projek dosen\prototype riset\hotspot-analyzer\data\PLANAR\EMA\1\20250628\1.dcm
2025-09-15 20:34:31 - [INFO] - [DEBUG] Study date: 20250628
2025-09-15 20:34:31 - [INFO] - [DEBUG] Patient ID: 1
2025-09-15 20:34:31 - [INFO] - [DEBUG] Session code: EMA
2025-09-15 20:34:31 - [INFO] - [DEBUG] Study date folder: F:\projek dosen\prototype riset\hotspot-analyzer\data\PLANAR\EMA\1\20250628
2025-09-15 20:34:31 - [INFO] - [DEBUG] Loading original image for Anterior
2025-09-15 20:34:31 - [INFO] - [DEBUG] Looking for original PNG in study_date dir: F:\projek dosen\prototype riset\hotspot-analyzer\data\PLANAR\EMA\1\20250628\ant_original.png
2025-09-15 20:34:31 - [DEBUG] - STREAM b'IHDR' 16 13
2025-09-15 20:34:31 - [DEBUG] - STREAM b'IDAT' 41 65536
2025-09-15 20:34:31 - [INFO] - [DEBUG] Loaded original PNG from study_date dir: (256, 1024)
2025-09-15 20:34:31 - [INFO] - [DEBUG] Original image loaded: (256, 1024)
2025-09-15 20:34:31 - [INFO] - [DEBUG] Applying invert to original image
2025-09-15 20:34:31 - [INFO] - [DEBUG] simple_invert_pil_image: Processing L image, size = (256, 1024)
2025-09-15 20:34:31 - [INFO] - [DEBUG] simple_invert_image: input shape = (1024, 256), dtype = uint8
2025-09-15 20:34:31 - [INFO] - [DEBUG] Simple inversion completed: [0-255] -> [0-255]
2025-09-15 20:34:31 - [INFO] - [DEBUG] simple_invert_pil_image: completed
2025-09-15 20:34:31 - [INFO] - [DEBUG] Using STORED B/C values: B=0.00, C=1.00
2025-09-15 20:34:31 - [INFO] - [DEBUG]   Image layer loaded and processed
2025-09-15 20:34:31 - [INFO] - [DEBUG] Loading segmentation layer for Anterior
2025-09-15 20:34:31 - [INFO] - [DEBUG] Looking for segmentation (NEWEST): F:\projek dosen\prototype riset\hotspot-analyzer\data\PLANAR\EMA\1\20250628\ant_segm.png
2025-09-15 20:34:31 - [DEBUG] - STREAM b'IHDR' 16 13
2025-09-15 20:34:31 - [DEBUG] - STREAM b'IDAT' 41 6336
2025-09-15 20:34:31 - [INFO] - [DEBUG]   Loaded segmentation with transparency: F:\projek dosen\prototype riset\hotspot-analyzer\data\PLANAR\EMA\1\20250628\ant_segm.png
2025-09-15 20:34:31 - [INFO] - [DEBUG] Segmentation type: ORIGINAL
2025-09-15 20:34:31 - [INFO] - [DEBUG] Loading hotspot layer for Anterior
2025-09-15 20:34:31 - [INFO] - [DEBUG] Looking for hotspot classification (NEWEST): F:\projek dosen\prototype riset\hotspot-analyzer\data\PLANAR\EMA\1\20250628\ant_hotspot_classification.png
2025-09-15 20:34:31 - [INFO] - [DEBUG] No hotspot classification found: F:\projek dosen\prototype riset\hotspot-analyzer\data\PLANAR\EMA\1\20250628\ant_hotspot_classification.png
2025-09-15 20:34:31 - [INFO] - [DEBUG] Loading bbox layer for Anterior
2025-09-15 20:34:31 - [INFO] - [DEBUG] Looking for classification XML (NEWEST): F:\projek dosen\prototype riset\hotspot-analyzer\data\PLANAR\EMA\1\20250628\ant_hotspot_classification.xml
2025-09-15 20:34:31 - [INFO] - [DEBUG] No classification XML found: F:\projek dosen\prototype riset\hotspot-analyzer\data\PLANAR\EMA\1\20250628\ant_hotspot_classification.xml
2025-09-15 20:34:31 - [INFO] - [CACHE STORE] Not caching due to adjustments/overrides/invert
2025-09-15 20:34:31 - [INFO] - [DEBUG]   Loaded 2 layers for Anterior: ['Image', 'Segmentation']
2025-09-15 20:34:31 - [INFO] - [DEBUG] Available CLASSIFICATION layers in files: ['Image', 'Segmentation']
2025-09-15 20:34:31 - [INFO] - [DEBUG]   Added CLASSIFICATION Image to card 0 (opacity: 1.00)
2025-09-15 20:34:31 - [INFO] - [DEBUG]   CLASSIFICATION card 0 composite created with layers: ['Image']
2025-09-15 20:34:31 - [INFO] - [DEBUG] Creating CLASSIFICATION card 0 for view: Posterior
2025-09-15 20:34:31 - [INFO] - [DEBUG] Active layers selected: ['Image']
2025-09-15 20:34:31 - [INFO] - [DEBUG] DICOM path: F:\projek dosen\prototype riset\hotspot-analyzer\data\PLANAR\EMA\1\20250628\1.dcm
2025-09-15 20:34:31 - [INFO] - [DEBUG] Current view: Posterior
2025-09-15 20:34:31 - [INFO] - [CACHE DEBUG] use_cache=False
2025-09-15 20:34:31 - [INFO] - [CACHE DEBUG] has_adjustments=False (B=0.00, C=1.00)
2025-09-15 20:34:31 - [INFO] - [CACHE DEBUG] has_overrides=False (override_b=None, override_c=None)
2025-09-15 20:34:31 - [INFO] - [CACHE DEBUG] invert_original=True
2025-09-15 20:34:31 - [INFO] - [CACHE SKIP] Skipping cache due to adjustments/overrides/invert
2025-09-15 20:34:31 - [INFO] - [DEBUG] Path extraction: session=EMA, patient=1, study_date=20250628
2025-09-15 20:34:31 - [INFO] - [DEBUG] Extracted patient info - ID: 1, Session: EMA
2025-09-15 20:34:31 - [INFO] - [DEBUG] Original path: F:\projek dosen\prototype riset\hotspot-analyzer\data\PLANAR\EMA\1\20250628\1.dcm
2025-09-15 20:34:31 - [INFO] - [DEBUG] Study date: 20250628
2025-09-15 20:34:31 - [INFO] - [DEBUG] Patient ID: 1
2025-09-15 20:34:31 - [INFO] - [DEBUG] Session code: EMA
2025-09-15 20:34:31 - [INFO] - [DEBUG] Study date folder: F:\projek dosen\prototype riset\hotspot-analyzer\data\PLANAR\EMA\1\20250628
2025-09-15 20:34:31 - [INFO] - [DEBUG] Loading original image for Posterior
2025-09-15 20:34:31 - [INFO] - [DEBUG] Looking for original PNG in study_date dir: F:\projek dosen\prototype riset\hotspot-analyzer\data\PLANAR\EMA\1\20250628\post_original.png
2025-09-15 20:34:31 - [DEBUG] - STREAM b'IHDR' 16 13
2025-09-15 20:34:31 - [DEBUG] - STREAM b'IDAT' 41 65536
2025-09-15 20:34:31 - [INFO] - [DEBUG] Loaded original PNG from study_date dir: (256, 1024)
2025-09-15 20:34:31 - [INFO] - [DEBUG] Original image loaded: (256, 1024)
2025-09-15 20:34:31 - [INFO] - [DEBUG] Applying invert to original image
2025-09-15 20:34:31 - [INFO] - [DEBUG] simple_invert_pil_image: Processing L image, size = (256, 1024)
2025-09-15 20:34:31 - [INFO] - [DEBUG] simple_invert_image: input shape = (1024, 256), dtype = uint8
2025-09-15 20:34:31 - [INFO] - [DEBUG] Simple inversion completed: [0-255] -> [0-255]
2025-09-15 20:34:31 - [INFO] - [DEBUG] simple_invert_pil_image: completed
2025-09-15 20:34:31 - [INFO] - [DEBUG] Using STORED B/C values: B=0.00, C=1.00
2025-09-15 20:34:31 - [INFO] - [DEBUG]   Image layer loaded and processed
2025-09-15 20:34:31 - [INFO] - [DEBUG] Loading segmentation layer for Posterior
2025-09-15 20:34:31 - [INFO] - [DEBUG] Looking for segmentation (NEWEST): F:\projek dosen\prototype riset\hotspot-analyzer\data\PLANAR\EMA\1\20250628\post_segm.png
2025-09-15 20:34:31 - [DEBUG] - STREAM b'IHDR' 16 13
2025-09-15 20:34:31 - [DEBUG] - STREAM b'IDAT' 41 5752
2025-09-15 20:34:31 - [INFO] - [DEBUG]   Loaded segmentation with transparency: F:\projek dosen\prototype riset\hotspot-analyzer\data\PLANAR\EMA\1\20250628\post_segm.png
2025-09-15 20:34:31 - [INFO] - [DEBUG] Segmentation type: ORIGINAL
2025-09-15 20:34:31 - [INFO] - [DEBUG] Loading hotspot layer for Posterior
2025-09-15 20:34:31 - [INFO] - [DEBUG] Looking for hotspot classification (NEWEST): F:\projek dosen\prototype riset\hotspot-analyzer\data\PLANAR\EMA\1\20250628\post_hotspot_classification.png
2025-09-15 20:34:31 - [INFO] - [DEBUG] No hotspot classification found: F:\projek dosen\prototype riset\hotspot-analyzer\data\PLANAR\EMA\1\20250628\post_hotspot_classification.png
2025-09-15 20:34:31 - [INFO] - [DEBUG] Loading bbox layer for Posterior
2025-09-15 20:34:31 - [INFO] - [DEBUG] Looking for classification XML (NEWEST): F:\projek dosen\prototype riset\hotspot-analyzer\data\PLANAR\EMA\1\20250628\post_hotspot_classification.xml
2025-09-15 20:34:31 - [INFO] - [DEBUG] No classification XML found: F:\projek dosen\prototype riset\hotspot-analyzer\data\PLANAR\EMA\1\20250628\post_hotspot_classification.xml
2025-09-15 20:34:31 - [INFO] - [CACHE STORE] Not caching due to adjustments/overrides/invert
2025-09-15 20:34:31 - [INFO] - [DEBUG]   Loaded 2 layers for Posterior: ['Image', 'Segmentation']
2025-09-15 20:34:31 - [INFO] - [DEBUG] Available CLASSIFICATION layers in files: ['Image', 'Segmentation']
2025-09-15 20:34:31 - [INFO] - [DEBUG]   Added CLASSIFICATION Image to card 0 (opacity: 1.00)
2025-09-15 20:34:31 - [INFO] - [DEBUG]   CLASSIFICATION card 0 composite created with layers: ['Image']
2025-09-15 20:34:31 - [INFO] - [SMART UPDATE] State updated - Type: full
2025-09-15 20:34:31 - [INFO] - [SMART UPDATE] State updated - Type: rebuild
2025-09-15 20:34:31 - [INFO] - [DEBUG] Set Segmentation opacity to 0.40
2025-09-15 20:34:31 - [INFO] - [SMART UPDATE] Change type: none
2025-09-15 20:34:31 - [INFO] - [SMART UPDATE] Using full rebuild for opacity change
2025-09-15 20:34:31 - [INFO] - [DEBUG] Rebuilding timeline for active scan index: 0
2025-09-15 20:34:31 - [INFO] - [DEBUG] Creating CLASSIFICATION card 0 for view: Anterior
2025-09-15 20:34:31 - [INFO] - [DEBUG] Active layers selected: ['Image']
2025-09-15 20:34:31 - [INFO] - [DEBUG] DICOM path: F:\projek dosen\prototype riset\hotspot-analyzer\data\PLANAR\EMA\1\20250628\1.dcm
2025-09-15 20:34:31 - [INFO] - [DEBUG] Current view: Anterior
2025-09-15 20:34:31 - [INFO] - [CACHE DEBUG] use_cache=False
2025-09-15 20:34:31 - [INFO] - [CACHE DEBUG] has_adjustments=False (B=0.00, C=1.00)
2025-09-15 20:34:31 - [INFO] - [CACHE DEBUG] has_overrides=False (override_b=None, override_c=None)
2025-09-15 20:34:31 - [INFO] - [CACHE DEBUG] invert_original=True
2025-09-15 20:34:31 - [INFO] - [CACHE SKIP] Skipping cache due to adjustments/overrides/invert
2025-09-15 20:34:31 - [INFO] - [DEBUG] Path extraction: session=EMA, patient=1, study_date=20250628
2025-09-15 20:34:31 - [INFO] - [DEBUG] Extracted patient info - ID: 1, Session: EMA
2025-09-15 20:34:31 - [INFO] - [DEBUG] Original path: F:\projek dosen\prototype riset\hotspot-analyzer\data\PLANAR\EMA\1\20250628\1.dcm
2025-09-15 20:34:31 - [INFO] - [DEBUG] Study date: 20250628
2025-09-15 20:34:31 - [INFO] - [DEBUG] Patient ID: 1
2025-09-15 20:34:31 - [INFO] - [DEBUG] Session code: EMA
2025-09-15 20:34:31 - [INFO] - [DEBUG] Study date folder: F:\projek dosen\prototype riset\hotspot-analyzer\data\PLANAR\EMA\1\20250628
2025-09-15 20:34:31 - [INFO] - [DEBUG] Loading original image for Anterior
2025-09-15 20:34:31 - [INFO] - [DEBUG] Looking for original PNG in study_date dir: F:\projek dosen\prototype riset\hotspot-analyzer\data\PLANAR\EMA\1\20250628\ant_original.png
2025-09-15 20:34:31 - [DEBUG] - STREAM b'IHDR' 16 13
2025-09-15 20:34:31 - [DEBUG] - STREAM b'IDAT' 41 65536
2025-09-15 20:34:31 - [INFO] - [DEBUG] Loaded original PNG from study_date dir: (256, 1024)
2025-09-15 20:34:31 - [INFO] - [DEBUG] Original image loaded: (256, 1024)
2025-09-15 20:34:31 - [INFO] - [DEBUG] Applying invert to original image
2025-09-15 20:34:31 - [INFO] - [DEBUG] simple_invert_pil_image: Processing L image, size = (256, 1024)
2025-09-15 20:34:31 - [INFO] - [DEBUG] simple_invert_image: input shape = (1024, 256), dtype = uint8
2025-09-15 20:34:31 - [INFO] - [DEBUG] Simple inversion completed: [0-255] -> [0-255]
2025-09-15 20:34:31 - [INFO] - [DEBUG] simple_invert_pil_image: completed
2025-09-15 20:34:31 - [INFO] - [DEBUG] Using STORED B/C values: B=0.00, C=1.00
2025-09-15 20:34:31 - [INFO] - [DEBUG]   Image layer loaded and processed
2025-09-15 20:34:31 - [INFO] - [DEBUG] Loading segmentation layer for Anterior
2025-09-15 20:34:31 - [INFO] - [DEBUG] Looking for segmentation (NEWEST): F:\projek dosen\prototype riset\hotspot-analyzer\data\PLANAR\EMA\1\20250628\ant_segm.png
2025-09-15 20:34:31 - [DEBUG] - STREAM b'IHDR' 16 13
2025-09-15 20:34:31 - [DEBUG] - STREAM b'IDAT' 41 6336
2025-09-15 20:34:31 - [INFO] - [DEBUG]   Loaded segmentation with transparency: F:\projek dosen\prototype riset\hotspot-analyzer\data\PLANAR\EMA\1\20250628\ant_segm.png
2025-09-15 20:34:31 - [INFO] - [DEBUG] Segmentation type: ORIGINAL
2025-09-15 20:34:31 - [INFO] - [DEBUG] Loading hotspot layer for Anterior
2025-09-15 20:34:31 - [INFO] - [DEBUG] Looking for hotspot classification (NEWEST): F:\projek dosen\prototype riset\hotspot-analyzer\data\PLANAR\EMA\1\20250628\ant_hotspot_classification.png
2025-09-15 20:34:31 - [INFO] - [DEBUG] No hotspot classification found: F:\projek dosen\prototype riset\hotspot-analyzer\data\PLANAR\EMA\1\20250628\ant_hotspot_classification.png
2025-09-15 20:34:31 - [INFO] - [DEBUG] Loading bbox layer for Anterior
2025-09-15 20:34:31 - [INFO] - [DEBUG] Looking for classification XML (NEWEST): F:\projek dosen\prototype riset\hotspot-analyzer\data\PLANAR\EMA\1\20250628\ant_hotspot_classification.xml
2025-09-15 20:34:31 - [INFO] - [DEBUG] No classification XML found: F:\projek dosen\prototype riset\hotspot-analyzer\data\PLANAR\EMA\1\20250628\ant_hotspot_classification.xml
2025-09-15 20:34:31 - [INFO] - [CACHE STORE] Not caching due to adjustments/overrides/invert
2025-09-15 20:34:31 - [INFO] - [DEBUG]   Loaded 2 layers for Anterior: ['Image', 'Segmentation']
2025-09-15 20:34:31 - [INFO] - [DEBUG] Available CLASSIFICATION layers in files: ['Image', 'Segmentation']
2025-09-15 20:34:31 - [INFO] - [DEBUG]   Added CLASSIFICATION Image to card 0 (opacity: 1.00)
2025-09-15 20:34:31 - [INFO] - [DEBUG]   CLASSIFICATION card 0 composite created with layers: ['Image']
2025-09-15 20:34:31 - [INFO] - [DEBUG] Creating CLASSIFICATION card 0 for view: Posterior
2025-09-15 20:34:31 - [INFO] - [DEBUG] Active layers selected: ['Image']
2025-09-15 20:34:31 - [INFO] - [DEBUG] DICOM path: F:\projek dosen\prototype riset\hotspot-analyzer\data\PLANAR\EMA\1\20250628\1.dcm
2025-09-15 20:34:31 - [INFO] - [DEBUG] Current view: Posterior
2025-09-15 20:34:31 - [INFO] - [CACHE DEBUG] use_cache=False
2025-09-15 20:34:31 - [INFO] - [CACHE DEBUG] has_adjustments=False (B=0.00, C=1.00)
2025-09-15 20:34:31 - [INFO] - [CACHE DEBUG] has_overrides=False (override_b=None, override_c=None)
2025-09-15 20:34:31 - [INFO] - [CACHE DEBUG] invert_original=True
2025-09-15 20:34:31 - [INFO] - [CACHE SKIP] Skipping cache due to adjustments/overrides/invert
2025-09-15 20:34:31 - [INFO] - [DEBUG] Path extraction: session=EMA, patient=1, study_date=20250628
2025-09-15 20:34:31 - [INFO] - [DEBUG] Extracted patient info - ID: 1, Session: EMA
2025-09-15 20:34:31 - [INFO] - [DEBUG] Original path: F:\projek dosen\prototype riset\hotspot-analyzer\data\PLANAR\EMA\1\20250628\1.dcm
2025-09-15 20:34:31 - [INFO] - [DEBUG] Study date: 20250628
2025-09-15 20:34:31 - [INFO] - [DEBUG] Patient ID: 1
2025-09-15 20:34:31 - [INFO] - [DEBUG] Session code: EMA
2025-09-15 20:34:31 - [INFO] - [DEBUG] Study date folder: F:\projek dosen\prototype riset\hotspot-analyzer\data\PLANAR\EMA\1\20250628
2025-09-15 20:34:31 - [INFO] - [DEBUG] Loading original image for Posterior
2025-09-15 20:34:31 - [INFO] - [DEBUG] Looking for original PNG in study_date dir: F:\projek dosen\prototype riset\hotspot-analyzer\data\PLANAR\EMA\1\20250628\post_original.png
2025-09-15 20:34:31 - [DEBUG] - STREAM b'IHDR' 16 13
2025-09-15 20:34:31 - [DEBUG] - STREAM b'IDAT' 41 65536
2025-09-15 20:34:31 - [INFO] - [DEBUG] Loaded original PNG from study_date dir: (256, 1024)
2025-09-15 20:34:31 - [INFO] - [DEBUG] Original image loaded: (256, 1024)
2025-09-15 20:34:31 - [INFO] - [DEBUG] Applying invert to original image
2025-09-15 20:34:31 - [INFO] - [DEBUG] simple_invert_pil_image: Processing L image, size = (256, 1024)
2025-09-15 20:34:31 - [INFO] - [DEBUG] simple_invert_image: input shape = (1024, 256), dtype = uint8
2025-09-15 20:34:31 - [INFO] - [DEBUG] Simple inversion completed: [0-255] -> [0-255]
2025-09-15 20:34:31 - [INFO] - [DEBUG] simple_invert_pil_image: completed
2025-09-15 20:34:31 - [INFO] - [DEBUG] Using STORED B/C values: B=0.00, C=1.00
2025-09-15 20:34:31 - [INFO] - [DEBUG]   Image layer loaded and processed
2025-09-15 20:34:31 - [INFO] - [DEBUG] Loading segmentation layer for Posterior
2025-09-15 20:34:31 - [INFO] - [DEBUG] Looking for segmentation (NEWEST): F:\projek dosen\prototype riset\hotspot-analyzer\data\PLANAR\EMA\1\20250628\post_segm.png
2025-09-15 20:34:31 - [DEBUG] - STREAM b'IHDR' 16 13
2025-09-15 20:34:31 - [DEBUG] - STREAM b'IDAT' 41 5752
2025-09-15 20:34:31 - [INFO] - [DEBUG]   Loaded segmentation with transparency: F:\projek dosen\prototype riset\hotspot-analyzer\data\PLANAR\EMA\1\20250628\post_segm.png
2025-09-15 20:34:31 - [INFO] - [DEBUG] Segmentation type: ORIGINAL
2025-09-15 20:34:31 - [INFO] - [DEBUG] Loading hotspot layer for Posterior
2025-09-15 20:34:31 - [INFO] - [DEBUG] Looking for hotspot classification (NEWEST): F:\projek dosen\prototype riset\hotspot-analyzer\data\PLANAR\EMA\1\20250628\post_hotspot_classification.png
2025-09-15 20:34:31 - [INFO] - [DEBUG] No hotspot classification found: F:\projek dosen\prototype riset\hotspot-analyzer\data\PLANAR\EMA\1\20250628\post_hotspot_classification.png
2025-09-15 20:34:31 - [INFO] - [DEBUG] Loading bbox layer for Posterior
2025-09-15 20:34:31 - [INFO] - [DEBUG] Looking for classification XML (NEWEST): F:\projek dosen\prototype riset\hotspot-analyzer\data\PLANAR\EMA\1\20250628\post_hotspot_classification.xml
2025-09-15 20:34:31 - [INFO] - [DEBUG] No classification XML found: F:\projek dosen\prototype riset\hotspot-analyzer\data\PLANAR\EMA\1\20250628\post_hotspot_classification.xml
2025-09-15 20:34:31 - [INFO] - [CACHE STORE] Not caching due to adjustments/overrides/invert
2025-09-15 20:34:31 - [INFO] - [DEBUG]   Loaded 2 layers for Posterior: ['Image', 'Segmentation']
2025-09-15 20:34:31 - [INFO] - [DEBUG] Available CLASSIFICATION layers in files: ['Image', 'Segmentation']
2025-09-15 20:34:31 - [INFO] - [DEBUG]   Added CLASSIFICATION Image to card 0 (opacity: 1.00)
2025-09-15 20:34:31 - [INFO] - [DEBUG]   CLASSIFICATION card 0 composite created with layers: ['Image']
2025-09-15 20:34:31 - [INFO] - [SMART UPDATE] State updated - Type: full
2025-09-15 20:34:31 - [INFO] - [SMART UPDATE] State updated - Type: rebuild
2025-09-15 20:34:31 - [INFO] - [DEBUG] Set Hotspot opacity to 0.50
2025-09-15 20:34:31 - [INFO] - [SMART UPDATE] Change type: none
2025-09-15 20:34:31 - [INFO] - [SMART UPDATE] Using full rebuild for opacity change
2025-09-15 20:34:31 - [INFO] - [DEBUG] Rebuilding timeline for active scan index: 0
2025-09-15 20:34:31 - [INFO] - [DEBUG] Creating CLASSIFICATION card 0 for view: Anterior
2025-09-15 20:34:31 - [INFO] - [DEBUG] Active layers selected: ['Image']
2025-09-15 20:34:31 - [INFO] - [DEBUG] DICOM path: F:\projek dosen\prototype riset\hotspot-analyzer\data\PLANAR\EMA\1\20250628\1.dcm
2025-09-15 20:34:31 - [INFO] - [DEBUG] Current view: Anterior
2025-09-15 20:34:31 - [INFO] - [CACHE DEBUG] use_cache=False
2025-09-15 20:34:31 - [INFO] - [CACHE DEBUG] has_adjustments=False (B=0.00, C=1.00)
2025-09-15 20:34:31 - [INFO] - [CACHE DEBUG] has_overrides=False (override_b=None, override_c=None)
2025-09-15 20:34:31 - [INFO] - [CACHE DEBUG] invert_original=True
2025-09-15 20:34:31 - [INFO] - [CACHE SKIP] Skipping cache due to adjustments/overrides/invert
2025-09-15 20:34:31 - [INFO] - [DEBUG] Path extraction: session=EMA, patient=1, study_date=20250628
2025-09-15 20:34:31 - [INFO] - [DEBUG] Extracted patient info - ID: 1, Session: EMA
2025-09-15 20:34:31 - [INFO] - [DEBUG] Original path: F:\projek dosen\prototype riset\hotspot-analyzer\data\PLANAR\EMA\1\20250628\1.dcm
2025-09-15 20:34:31 - [INFO] - [DEBUG] Study date: 20250628
2025-09-15 20:34:31 - [INFO] - [DEBUG] Patient ID: 1
2025-09-15 20:34:31 - [INFO] - [DEBUG] Session code: EMA
2025-09-15 20:34:31 - [INFO] - [DEBUG] Study date folder: F:\projek dosen\prototype riset\hotspot-analyzer\data\PLANAR\EMA\1\20250628
2025-09-15 20:34:31 - [INFO] - [DEBUG] Loading original image for Anterior
2025-09-15 20:34:31 - [INFO] - [DEBUG] Looking for original PNG in study_date dir: F:\projek dosen\prototype riset\hotspot-analyzer\data\PLANAR\EMA\1\20250628\ant_original.png
2025-09-15 20:34:31 - [DEBUG] - STREAM b'IHDR' 16 13
2025-09-15 20:34:31 - [DEBUG] - STREAM b'IDAT' 41 65536
2025-09-15 20:34:31 - [INFO] - [DEBUG] Loaded original PNG from study_date dir: (256, 1024)
2025-09-15 20:34:31 - [INFO] - [DEBUG] Original image loaded: (256, 1024)
2025-09-15 20:34:31 - [INFO] - [DEBUG] Applying invert to original image
2025-09-15 20:34:31 - [INFO] - [DEBUG] simple_invert_pil_image: Processing L image, size = (256, 1024)
2025-09-15 20:34:31 - [INFO] - [DEBUG] simple_invert_image: input shape = (1024, 256), dtype = uint8
2025-09-15 20:34:31 - [INFO] - [DEBUG] Simple inversion completed: [0-255] -> [0-255]
2025-09-15 20:34:31 - [INFO] - [DEBUG] simple_invert_pil_image: completed
2025-09-15 20:34:31 - [INFO] - [DEBUG] Using STORED B/C values: B=0.00, C=1.00
2025-09-15 20:34:31 - [INFO] - [DEBUG]   Image layer loaded and processed
2025-09-15 20:34:31 - [INFO] - [DEBUG] Loading segmentation layer for Anterior
2025-09-15 20:34:31 - [INFO] - [DEBUG] Looking for segmentation (NEWEST): F:\projek dosen\prototype riset\hotspot-analyzer\data\PLANAR\EMA\1\20250628\ant_segm.png
2025-09-15 20:34:31 - [DEBUG] - STREAM b'IHDR' 16 13
2025-09-15 20:34:31 - [DEBUG] - STREAM b'IDAT' 41 6336
2025-09-15 20:34:31 - [INFO] - [DEBUG]   Loaded segmentation with transparency: F:\projek dosen\prototype riset\hotspot-analyzer\data\PLANAR\EMA\1\20250628\ant_segm.png
2025-09-15 20:34:31 - [INFO] - [DEBUG] Segmentation type: ORIGINAL
2025-09-15 20:34:31 - [INFO] - [DEBUG] Loading hotspot layer for Anterior
2025-09-15 20:34:31 - [INFO] - [DEBUG] Looking for hotspot classification (NEWEST): F:\projek dosen\prototype riset\hotspot-analyzer\data\PLANAR\EMA\1\20250628\ant_hotspot_classification.png
2025-09-15 20:34:31 - [INFO] - [DEBUG] No hotspot classification found: F:\projek dosen\prototype riset\hotspot-analyzer\data\PLANAR\EMA\1\20250628\ant_hotspot_classification.png
2025-09-15 20:34:31 - [INFO] - [DEBUG] Loading bbox layer for Anterior
2025-09-15 20:34:31 - [INFO] - [DEBUG] Looking for classification XML (NEWEST): F:\projek dosen\prototype riset\hotspot-analyzer\data\PLANAR\EMA\1\20250628\ant_hotspot_classification.xml
2025-09-15 20:34:31 - [INFO] - [DEBUG] No classification XML found: F:\projek dosen\prototype riset\hotspot-analyzer\data\PLANAR\EMA\1\20250628\ant_hotspot_classification.xml
2025-09-15 20:34:31 - [INFO] - [CACHE STORE] Not caching due to adjustments/overrides/invert
2025-09-15 20:34:31 - [INFO] - [DEBUG]   Loaded 2 layers for Anterior: ['Image', 'Segmentation']
2025-09-15 20:34:31 - [INFO] - [DEBUG] Available CLASSIFICATION layers in files: ['Image', 'Segmentation']
2025-09-15 20:34:31 - [INFO] - [DEBUG]   Added CLASSIFICATION Image to card 0 (opacity: 1.00)
2025-09-15 20:34:31 - [INFO] - [DEBUG]   CLASSIFICATION card 0 composite created with layers: ['Image']
2025-09-15 20:34:31 - [INFO] - [DEBUG] Creating CLASSIFICATION card 0 for view: Posterior
2025-09-15 20:34:31 - [INFO] - [DEBUG] Active layers selected: ['Image']
2025-09-15 20:34:31 - [INFO] - [DEBUG] DICOM path: F:\projek dosen\prototype riset\hotspot-analyzer\data\PLANAR\EMA\1\20250628\1.dcm
2025-09-15 20:34:31 - [INFO] - [DEBUG] Current view: Posterior
2025-09-15 20:34:31 - [INFO] - [CACHE DEBUG] use_cache=False
2025-09-15 20:34:31 - [INFO] - [CACHE DEBUG] has_adjustments=False (B=0.00, C=1.00)
2025-09-15 20:34:31 - [INFO] - [CACHE DEBUG] has_overrides=False (override_b=None, override_c=None)
2025-09-15 20:34:31 - [INFO] - [CACHE DEBUG] invert_original=True
2025-09-15 20:34:31 - [INFO] - [CACHE SKIP] Skipping cache due to adjustments/overrides/invert
2025-09-15 20:34:31 - [INFO] - [DEBUG] Path extraction: session=EMA, patient=1, study_date=20250628
2025-09-15 20:34:31 - [INFO] - [DEBUG] Extracted patient info - ID: 1, Session: EMA
2025-09-15 20:34:31 - [INFO] - [DEBUG] Original path: F:\projek dosen\prototype riset\hotspot-analyzer\data\PLANAR\EMA\1\20250628\1.dcm
2025-09-15 20:34:31 - [INFO] - [DEBUG] Study date: 20250628
2025-09-15 20:34:31 - [INFO] - [DEBUG] Patient ID: 1
2025-09-15 20:34:31 - [INFO] - [DEBUG] Session code: EMA
2025-09-15 20:34:31 - [INFO] - [DEBUG] Study date folder: F:\projek dosen\prototype riset\hotspot-analyzer\data\PLANAR\EMA\1\20250628
2025-09-15 20:34:31 - [INFO] - [DEBUG] Loading original image for Posterior
2025-09-15 20:34:31 - [INFO] - [DEBUG] Looking for original PNG in study_date dir: F:\projek dosen\prototype riset\hotspot-analyzer\data\PLANAR\EMA\1\20250628\post_original.png
2025-09-15 20:34:31 - [DEBUG] - STREAM b'IHDR' 16 13
2025-09-15 20:34:31 - [DEBUG] - STREAM b'IDAT' 41 65536
2025-09-15 20:34:31 - [INFO] - [DEBUG] Loaded original PNG from study_date dir: (256, 1024)
2025-09-15 20:34:31 - [INFO] - [DEBUG] Original image loaded: (256, 1024)
2025-09-15 20:34:31 - [INFO] - [DEBUG] Applying invert to original image
2025-09-15 20:34:31 - [INFO] - [DEBUG] simple_invert_pil_image: Processing L image, size = (256, 1024)
2025-09-15 20:34:31 - [INFO] - [DEBUG] simple_invert_image: input shape = (1024, 256), dtype = uint8
2025-09-15 20:34:31 - [INFO] - [DEBUG] Simple inversion completed: [0-255] -> [0-255]
2025-09-15 20:34:31 - [INFO] - [DEBUG] simple_invert_pil_image: completed
2025-09-15 20:34:31 - [INFO] - [DEBUG] Using STORED B/C values: B=0.00, C=1.00
2025-09-15 20:34:31 - [INFO] - [DEBUG]   Image layer loaded and processed
2025-09-15 20:34:31 - [INFO] - [DEBUG] Loading segmentation layer for Posterior
2025-09-15 20:34:31 - [INFO] - [DEBUG] Looking for segmentation (NEWEST): F:\projek dosen\prototype riset\hotspot-analyzer\data\PLANAR\EMA\1\20250628\post_segm.png
2025-09-15 20:34:31 - [DEBUG] - STREAM b'IHDR' 16 13
2025-09-15 20:34:31 - [DEBUG] - STREAM b'IDAT' 41 5752
2025-09-15 20:34:31 - [INFO] - [DEBUG]   Loaded segmentation with transparency: F:\projek dosen\prototype riset\hotspot-analyzer\data\PLANAR\EMA\1\20250628\post_segm.png
2025-09-15 20:34:31 - [INFO] - [DEBUG] Segmentation type: ORIGINAL
2025-09-15 20:34:31 - [INFO] - [DEBUG] Loading hotspot layer for Posterior
2025-09-15 20:34:31 - [INFO] - [DEBUG] Looking for hotspot classification (NEWEST): F:\projek dosen\prototype riset\hotspot-analyzer\data\PLANAR\EMA\1\20250628\post_hotspot_classification.png
2025-09-15 20:34:31 - [INFO] - [DEBUG] No hotspot classification found: F:\projek dosen\prototype riset\hotspot-analyzer\data\PLANAR\EMA\1\20250628\post_hotspot_classification.png
2025-09-15 20:34:31 - [INFO] - [DEBUG] Loading bbox layer for Posterior
2025-09-15 20:34:31 - [INFO] - [DEBUG] Looking for classification XML (NEWEST): F:\projek dosen\prototype riset\hotspot-analyzer\data\PLANAR\EMA\1\20250628\post_hotspot_classification.xml
2025-09-15 20:34:31 - [INFO] - [DEBUG] No classification XML found: F:\projek dosen\prototype riset\hotspot-analyzer\data\PLANAR\EMA\1\20250628\post_hotspot_classification.xml
2025-09-15 20:34:31 - [INFO] - [CACHE STORE] Not caching due to adjustments/overrides/invert
2025-09-15 20:34:31 - [INFO] - [DEBUG]   Loaded 2 layers for Posterior: ['Image', 'Segmentation']
2025-09-15 20:34:31 - [INFO] - [DEBUG] Available CLASSIFICATION layers in files: ['Image', 'Segmentation']
2025-09-15 20:34:31 - [INFO] - [DEBUG]   Added CLASSIFICATION Image to card 0 (opacity: 1.00)
2025-09-15 20:34:31 - [INFO] - [DEBUG]   CLASSIFICATION card 0 composite created with layers: ['Image']
2025-09-15 20:34:31 - [INFO] - [SMART UPDATE] State updated - Type: full
2025-09-15 20:34:31 - [INFO] - [SMART UPDATE] State updated - Type: rebuild
2025-09-15 20:34:31 - [INFO] - [DEBUG] Set HotspotBBox opacity to 1.00
2025-09-15 20:34:31 - [INFO] - [SMART UPDATE] Change type: none
2025-09-15 20:34:31 - [INFO] - [SMART UPDATE] Using full rebuild for opacity change
2025-09-15 20:34:31 - [INFO] - [DEBUG] Rebuilding timeline for active scan index: 0
2025-09-15 20:34:31 - [INFO] - [DEBUG] Creating CLASSIFICATION card 0 for view: Anterior
2025-09-15 20:34:31 - [INFO] - [DEBUG] Active layers selected: ['Image']
2025-09-15 20:34:31 - [INFO] - [DEBUG] DICOM path: F:\projek dosen\prototype riset\hotspot-analyzer\data\PLANAR\EMA\1\20250628\1.dcm
2025-09-15 20:34:31 - [INFO] - [DEBUG] Current view: Anterior
2025-09-15 20:34:31 - [INFO] - [CACHE DEBUG] use_cache=False
2025-09-15 20:34:31 - [INFO] - [CACHE DEBUG] has_adjustments=False (B=0.00, C=1.00)
2025-09-15 20:34:31 - [INFO] - [CACHE DEBUG] has_overrides=False (override_b=None, override_c=None)
2025-09-15 20:34:31 - [INFO] - [CACHE DEBUG] invert_original=True
2025-09-15 20:34:31 - [INFO] - [CACHE SKIP] Skipping cache due to adjustments/overrides/invert
2025-09-15 20:34:31 - [INFO] - [DEBUG] Path extraction: session=EMA, patient=1, study_date=20250628
2025-09-15 20:34:31 - [INFO] - [DEBUG] Extracted patient info - ID: 1, Session: EMA
2025-09-15 20:34:31 - [INFO] - [DEBUG] Original path: F:\projek dosen\prototype riset\hotspot-analyzer\data\PLANAR\EMA\1\20250628\1.dcm
2025-09-15 20:34:31 - [INFO] - [DEBUG] Study date: 20250628
2025-09-15 20:34:31 - [INFO] - [DEBUG] Patient ID: 1
2025-09-15 20:34:31 - [INFO] - [DEBUG] Session code: EMA
2025-09-15 20:34:31 - [INFO] - [DEBUG] Study date folder: F:\projek dosen\prototype riset\hotspot-analyzer\data\PLANAR\EMA\1\20250628
2025-09-15 20:34:31 - [INFO] - [DEBUG] Loading original image for Anterior
2025-09-15 20:34:31 - [INFO] - [DEBUG] Looking for original PNG in study_date dir: F:\projek dosen\prototype riset\hotspot-analyzer\data\PLANAR\EMA\1\20250628\ant_original.png
2025-09-15 20:34:31 - [DEBUG] - STREAM b'IHDR' 16 13
2025-09-15 20:34:31 - [DEBUG] - STREAM b'IDAT' 41 65536
2025-09-15 20:34:31 - [INFO] - [DEBUG] Loaded original PNG from study_date dir: (256, 1024)
2025-09-15 20:34:31 - [INFO] - [DEBUG] Original image loaded: (256, 1024)
2025-09-15 20:34:31 - [INFO] - [DEBUG] Applying invert to original image
2025-09-15 20:34:31 - [INFO] - [DEBUG] simple_invert_pil_image: Processing L image, size = (256, 1024)
2025-09-15 20:34:31 - [INFO] - [DEBUG] simple_invert_image: input shape = (1024, 256), dtype = uint8
2025-09-15 20:34:31 - [INFO] - [DEBUG] Simple inversion completed: [0-255] -> [0-255]
2025-09-15 20:34:31 - [INFO] - [DEBUG] simple_invert_pil_image: completed
2025-09-15 20:34:31 - [INFO] - [DEBUG] Using STORED B/C values: B=0.00, C=1.00
2025-09-15 20:34:31 - [INFO] - [DEBUG]   Image layer loaded and processed
2025-09-15 20:34:31 - [INFO] - [DEBUG] Loading segmentation layer for Anterior
2025-09-15 20:34:31 - [INFO] - [DEBUG] Looking for segmentation (NEWEST): F:\projek dosen\prototype riset\hotspot-analyzer\data\PLANAR\EMA\1\20250628\ant_segm.png
2025-09-15 20:34:31 - [DEBUG] - STREAM b'IHDR' 16 13
2025-09-15 20:34:31 - [DEBUG] - STREAM b'IDAT' 41 6336
2025-09-15 20:34:31 - [INFO] - [DEBUG]   Loaded segmentation with transparency: F:\projek dosen\prototype riset\hotspot-analyzer\data\PLANAR\EMA\1\20250628\ant_segm.png
2025-09-15 20:34:31 - [INFO] - [DEBUG] Segmentation type: ORIGINAL
2025-09-15 20:34:31 - [INFO] - [DEBUG] Loading hotspot layer for Anterior
2025-09-15 20:34:31 - [INFO] - [DEBUG] Looking for hotspot classification (NEWEST): F:\projek dosen\prototype riset\hotspot-analyzer\data\PLANAR\EMA\1\20250628\ant_hotspot_classification.png
2025-09-15 20:34:31 - [INFO] - [DEBUG] No hotspot classification found: F:\projek dosen\prototype riset\hotspot-analyzer\data\PLANAR\EMA\1\20250628\ant_hotspot_classification.png
2025-09-15 20:34:31 - [INFO] - [DEBUG] Loading bbox layer for Anterior
2025-09-15 20:34:31 - [INFO] - [DEBUG] Looking for classification XML (NEWEST): F:\projek dosen\prototype riset\hotspot-analyzer\data\PLANAR\EMA\1\20250628\ant_hotspot_classification.xml
2025-09-15 20:34:31 - [INFO] - [DEBUG] No classification XML found: F:\projek dosen\prototype riset\hotspot-analyzer\data\PLANAR\EMA\1\20250628\ant_hotspot_classification.xml
2025-09-15 20:34:31 - [INFO] - [CACHE STORE] Not caching due to adjustments/overrides/invert
2025-09-15 20:34:31 - [INFO] - [DEBUG]   Loaded 2 layers for Anterior: ['Image', 'Segmentation']
2025-09-15 20:34:31 - [INFO] - [DEBUG] Available CLASSIFICATION layers in files: ['Image', 'Segmentation']
2025-09-15 20:34:31 - [INFO] - [DEBUG]   Added CLASSIFICATION Image to card 0 (opacity: 1.00)
2025-09-15 20:34:31 - [INFO] - [DEBUG]   CLASSIFICATION card 0 composite created with layers: ['Image']
2025-09-15 20:34:31 - [INFO] - [DEBUG] Creating CLASSIFICATION card 0 for view: Posterior
2025-09-15 20:34:31 - [INFO] - [DEBUG] Active layers selected: ['Image']
2025-09-15 20:34:31 - [INFO] - [DEBUG] DICOM path: F:\projek dosen\prototype riset\hotspot-analyzer\data\PLANAR\EMA\1\20250628\1.dcm
2025-09-15 20:34:31 - [INFO] - [DEBUG] Current view: Posterior
2025-09-15 20:34:31 - [INFO] - [CACHE DEBUG] use_cache=False
2025-09-15 20:34:31 - [INFO] - [CACHE DEBUG] has_adjustments=False (B=0.00, C=1.00)
2025-09-15 20:34:31 - [INFO] - [CACHE DEBUG] has_overrides=False (override_b=None, override_c=None)
2025-09-15 20:34:31 - [INFO] - [CACHE DEBUG] invert_original=True
2025-09-15 20:34:31 - [INFO] - [CACHE SKIP] Skipping cache due to adjustments/overrides/invert
2025-09-15 20:34:31 - [INFO] - [DEBUG] Path extraction: session=EMA, patient=1, study_date=20250628
2025-09-15 20:34:31 - [INFO] - [DEBUG] Extracted patient info - ID: 1, Session: EMA
2025-09-15 20:34:31 - [INFO] - [DEBUG] Original path: F:\projek dosen\prototype riset\hotspot-analyzer\data\PLANAR\EMA\1\20250628\1.dcm
2025-09-15 20:34:31 - [INFO] - [DEBUG] Study date: 20250628
2025-09-15 20:34:31 - [INFO] - [DEBUG] Patient ID: 1
2025-09-15 20:34:31 - [INFO] - [DEBUG] Session code: EMA
2025-09-15 20:34:31 - [INFO] - [DEBUG] Study date folder: F:\projek dosen\prototype riset\hotspot-analyzer\data\PLANAR\EMA\1\20250628
2025-09-15 20:34:31 - [INFO] - [DEBUG] Loading original image for Posterior
2025-09-15 20:34:31 - [INFO] - [DEBUG] Looking for original PNG in study_date dir: F:\projek dosen\prototype riset\hotspot-analyzer\data\PLANAR\EMA\1\20250628\post_original.png
2025-09-15 20:34:31 - [DEBUG] - STREAM b'IHDR' 16 13
2025-09-15 20:34:31 - [DEBUG] - STREAM b'IDAT' 41 65536
2025-09-15 20:34:31 - [INFO] - [DEBUG] Loaded original PNG from study_date dir: (256, 1024)
2025-09-15 20:34:31 - [INFO] - [DEBUG] Original image loaded: (256, 1024)
2025-09-15 20:34:31 - [INFO] - [DEBUG] Applying invert to original image
2025-09-15 20:34:31 - [INFO] - [DEBUG] simple_invert_pil_image: Processing L image, size = (256, 1024)
2025-09-15 20:34:31 - [INFO] - [DEBUG] simple_invert_image: input shape = (1024, 256), dtype = uint8
2025-09-15 20:34:31 - [INFO] - [DEBUG] Simple inversion completed: [0-255] -> [0-255]
2025-09-15 20:34:31 - [INFO] - [DEBUG] simple_invert_pil_image: completed
2025-09-15 20:34:31 - [INFO] - [DEBUG] Using STORED B/C values: B=0.00, C=1.00
2025-09-15 20:34:31 - [INFO] - [DEBUG]   Image layer loaded and processed
2025-09-15 20:34:31 - [INFO] - [DEBUG] Loading segmentation layer for Posterior
2025-09-15 20:34:31 - [INFO] - [DEBUG] Looking for segmentation (NEWEST): F:\projek dosen\prototype riset\hotspot-analyzer\data\PLANAR\EMA\1\20250628\post_segm.png
2025-09-15 20:34:31 - [DEBUG] - STREAM b'IHDR' 16 13
2025-09-15 20:34:31 - [DEBUG] - STREAM b'IDAT' 41 5752
2025-09-15 20:34:31 - [INFO] - [DEBUG]   Loaded segmentation with transparency: F:\projek dosen\prototype riset\hotspot-analyzer\data\PLANAR\EMA\1\20250628\post_segm.png
2025-09-15 20:34:31 - [INFO] - [DEBUG] Segmentation type: ORIGINAL
2025-09-15 20:34:31 - [INFO] - [DEBUG] Loading hotspot layer for Posterior
2025-09-15 20:34:31 - [INFO] - [DEBUG] Looking for hotspot classification (NEWEST): F:\projek dosen\prototype riset\hotspot-analyzer\data\PLANAR\EMA\1\20250628\post_hotspot_classification.png
2025-09-15 20:34:31 - [INFO] - [DEBUG] No hotspot classification found: F:\projek dosen\prototype riset\hotspot-analyzer\data\PLANAR\EMA\1\20250628\post_hotspot_classification.png
2025-09-15 20:34:31 - [INFO] - [DEBUG] Loading bbox layer for Posterior
2025-09-15 20:34:31 - [INFO] - [DEBUG] Looking for classification XML (NEWEST): F:\projek dosen\prototype riset\hotspot-analyzer\data\PLANAR\EMA\1\20250628\post_hotspot_classification.xml
2025-09-15 20:34:31 - [INFO] - [DEBUG] No classification XML found: F:\projek dosen\prototype riset\hotspot-analyzer\data\PLANAR\EMA\1\20250628\post_hotspot_classification.xml
2025-09-15 20:34:31 - [INFO] - [CACHE STORE] Not caching due to adjustments/overrides/invert
2025-09-15 20:34:31 - [INFO] - [DEBUG]   Loaded 2 layers for Posterior: ['Image', 'Segmentation']
2025-09-15 20:34:31 - [INFO] - [DEBUG] Available CLASSIFICATION layers in files: ['Image', 'Segmentation']
2025-09-15 20:34:31 - [INFO] - [DEBUG]   Added CLASSIFICATION Image to card 0 (opacity: 1.00)
2025-09-15 20:34:31 - [INFO] - [DEBUG]   CLASSIFICATION card 0 composite created with layers: ['Image']
2025-09-15 20:34:31 - [INFO] - [SMART UPDATE] State updated - Type: full
2025-09-15 20:34:31 - [INFO] - [SMART UPDATE] State updated - Type: rebuild
2025-09-15 20:34:31 - [INFO] - [BSI META INTEGRATION] Updating scan meta with BSI data
2025-09-15 20:34:31 - [INFO] - [BSI META INTEGRATION] Session code: EMA
2025-09-15 20:34:31 - [INFO] - [BSI META INTEGRATION] Scan path: F:\projek dosen\prototype riset\hotspot-analyzer\data\PLANAR\EMA\10\20250628\10.dcm
2025-09-15 20:34:31 - [INFO] - [BSI EXTRACT INFO] Extracting from path: F:\projek dosen\prototype riset\hotspot-analyzer\data\PLANAR\EMA\10\20250628\10.dcm
2025-09-15 20:34:31 - [INFO] - [BSI EXTRACT INFO] Extracted study_date from DICOM: 20250628
2025-09-15 20:34:31 - [INFO] - [BSI EXTRACT INFO] Extracted patient_id from study_date structure: 10
2025-09-15 20:34:31 - [INFO] - [BSI EXTRACT INFO] Final result - Patient: 10, Study: 20250628
2025-09-15 20:34:31 - [INFO] - [BSI META INTEGRATION] Extracted - Patient: 10, Study: 20250628
2025-09-15 20:34:31 - [INFO] -   [DEBUG QUANT FILES] Getting quantification files for: F:\projek dosen\prototype riset\hotspot-analyzer\data\PLANAR\EMA\10\20250628
2025-09-15 20:34:31 - [INFO] -   [DEBUG QUANT FILES] Detected study_date folder: F:\projek dosen\prototype riset\hotspot-analyzer\data\PLANAR\EMA\10\20250628
2025-09-15 20:34:31 - [INFO] -   [DEBUG QUANT FILES] Generated paths:
2025-09-15 20:34:31 - [INFO] -   [DEBUG QUANT FILES]   bsi_json_ant: F:\projek dosen\prototype riset\hotspot-analyzer\data\PLANAR\EMA\10\20250628\bsi_quantification_ant.json (exists: False)
2025-09-15 20:34:31 - [INFO] -   [DEBUG QUANT FILES]   bsi_json_post: F:\projek dosen\prototype riset\hotspot-analyzer\data\PLANAR\EMA\10\20250628\bsi_quantification_post.json (exists: False)
2025-09-15 20:34:31 - [INFO] - [BSI META INTEGRATION] No BSI files in study_date folder, trying patient folder: F:\projek dosen\prototype riset\hotspot-analyzer\data\PLANAR\EMA\10
2025-09-15 20:34:31 - [INFO] -   [DEBUG QUANT FILES] Getting quantification files for: F:\projek dosen\prototype riset\hotspot-analyzer\data\PLANAR\EMA\10
2025-09-15 20:34:31 - [INFO] -   [DEBUG QUANT FILES] Using latest study_date folder: F:\projek dosen\prototype riset\hotspot-analyzer\data\PLANAR\EMA\10\20250628
2025-09-15 20:34:31 - [INFO] -   [DEBUG QUANT FILES] Generated paths:
2025-09-15 20:34:31 - [INFO] -   [DEBUG QUANT FILES]   bsi_json_ant: F:\projek dosen\prototype riset\hotspot-analyzer\data\PLANAR\EMA\10\20250628\bsi_quantification_ant.json (exists: False)
2025-09-15 20:34:31 - [INFO] -   [DEBUG QUANT FILES]   bsi_json_post: F:\projek dosen\prototype riset\hotspot-analyzer\data\PLANAR\EMA\10\20250628\bsi_quantification_post.json (exists: False)
2025-09-15 20:34:31 - [INFO] - [BSI META INTEGRATION] Could not determine patient folder with BSI files
2025-09-15 20:34:31 - [INFO] - [DEBUG] display_timeline called with 1 scan(s), focusing on index = 0
2025-09-15 20:34:31 - [INFO] - [BSI META INTEGRATION] Updating scan meta with BSI data
2025-09-15 20:34:31 - [INFO] - [BSI META INTEGRATION] Session code: EMA
2025-09-15 20:34:31 - [INFO] - [BSI META INTEGRATION] Scan path: F:\projek dosen\prototype riset\hotspot-analyzer\data\PLANAR\EMA\10\20250628\10.dcm
2025-09-15 20:34:31 - [INFO] - [BSI EXTRACT INFO] Extracting from path: F:\projek dosen\prototype riset\hotspot-analyzer\data\PLANAR\EMA\10\20250628\10.dcm
2025-09-15 20:34:31 - [INFO] - [BSI EXTRACT INFO] Extracted study_date from DICOM: 20250628
2025-09-15 20:34:31 - [INFO] - [BSI EXTRACT INFO] Extracted patient_id from study_date structure: 10
2025-09-15 20:34:31 - [INFO] - [BSI EXTRACT INFO] Final result - Patient: 10, Study: 20250628
2025-09-15 20:34:31 - [INFO] - [BSI META INTEGRATION] Extracted - Patient: 10, Study: 20250628
2025-09-15 20:34:31 - [INFO] -   [DEBUG QUANT FILES] Getting quantification files for: F:\projek dosen\prototype riset\hotspot-analyzer\data\PLANAR\EMA\10\20250628
2025-09-15 20:34:31 - [INFO] -   [DEBUG QUANT FILES] Detected study_date folder: F:\projek dosen\prototype riset\hotspot-analyzer\data\PLANAR\EMA\10\20250628
2025-09-15 20:34:31 - [INFO] -   [DEBUG QUANT FILES] Generated paths:
2025-09-15 20:34:31 - [INFO] -   [DEBUG QUANT FILES]   bsi_json_ant: F:\projek dosen\prototype riset\hotspot-analyzer\data\PLANAR\EMA\10\20250628\bsi_quantification_ant.json (exists: False)
2025-09-15 20:34:31 - [INFO] -   [DEBUG QUANT FILES]   bsi_json_post: F:\projek dosen\prototype riset\hotspot-analyzer\data\PLANAR\EMA\10\20250628\bsi_quantification_post.json (exists: False)
2025-09-15 20:34:31 - [INFO] - [BSI META INTEGRATION] No BSI files in study_date folder, trying patient folder: F:\projek dosen\prototype riset\hotspot-analyzer\data\PLANAR\EMA\10
2025-09-15 20:34:31 - [INFO] -   [DEBUG QUANT FILES] Getting quantification files for: F:\projek dosen\prototype riset\hotspot-analyzer\data\PLANAR\EMA\10
2025-09-15 20:34:31 - [INFO] -   [DEBUG QUANT FILES] Using latest study_date folder: F:\projek dosen\prototype riset\hotspot-analyzer\data\PLANAR\EMA\10\20250628
2025-09-15 20:34:31 - [INFO] -   [DEBUG QUANT FILES] Generated paths:
2025-09-15 20:34:31 - [INFO] -   [DEBUG QUANT FILES]   bsi_json_ant: F:\projek dosen\prototype riset\hotspot-analyzer\data\PLANAR\EMA\10\20250628\bsi_quantification_ant.json (exists: False)
2025-09-15 20:34:31 - [INFO] -   [DEBUG QUANT FILES]   bsi_json_post: F:\projek dosen\prototype riset\hotspot-analyzer\data\PLANAR\EMA\10\20250628\bsi_quantification_post.json (exists: False)
2025-09-15 20:34:31 - [INFO] - [BSI META INTEGRATION] Could not determine patient folder with BSI files
2025-09-15 20:34:31 - [INFO] - [DEBUG] Rebuilding timeline for active scan index: 0
2025-09-15 20:34:31 - [INFO] - [DEBUG] Creating CLASSIFICATION card 0 for view: Anterior
2025-09-15 20:34:31 - [INFO] - [DEBUG] Active layers selected: ['Image']
2025-09-15 20:34:31 - [INFO] - [DEBUG] DICOM path: F:\projek dosen\prototype riset\hotspot-analyzer\data\PLANAR\EMA\10\20250628\10.dcm
2025-09-15 20:34:31 - [INFO] - [DEBUG] Current view: Anterior
2025-09-15 20:34:31 - [INFO] - [CACHE DEBUG] use_cache=False
2025-09-15 20:34:31 - [INFO] - [CACHE DEBUG] has_adjustments=False (B=0.00, C=1.00)
2025-09-15 20:34:31 - [INFO] - [CACHE DEBUG] has_overrides=False (override_b=None, override_c=None)
2025-09-15 20:34:31 - [INFO] - [CACHE DEBUG] invert_original=True
2025-09-15 20:34:31 - [INFO] - [CACHE SKIP] Skipping cache due to adjustments/overrides/invert
2025-09-15 20:34:31 - [INFO] - [DEBUG] Path extraction: session=EMA, patient=10, study_date=20250628
2025-09-15 20:34:31 - [INFO] - [DEBUG] Extracted patient info - ID: 10, Session: EMA
2025-09-15 20:34:31 - [INFO] - [DEBUG] Original path: F:\projek dosen\prototype riset\hotspot-analyzer\data\PLANAR\EMA\10\20250628\10.dcm
2025-09-15 20:34:31 - [INFO] - [DEBUG] Study date: 20250628
2025-09-15 20:34:31 - [INFO] - [DEBUG] Patient ID: 10
2025-09-15 20:34:31 - [INFO] - [DEBUG] Session code: EMA
2025-09-15 20:34:31 - [INFO] - [DEBUG] Study date folder: F:\projek dosen\prototype riset\hotspot-analyzer\data\PLANAR\EMA\10\20250628
2025-09-15 20:34:31 - [INFO] - [DEBUG] Loading original image for Anterior
2025-09-15 20:34:31 - [INFO] - [DEBUG] Looking for original PNG in study_date dir: F:\projek dosen\prototype riset\hotspot-analyzer\data\PLANAR\EMA\10\20250628\ant_original.png
2025-09-15 20:34:31 - [DEBUG] - STREAM b'IHDR' 16 13
2025-09-15 20:34:31 - [DEBUG] - STREAM b'IDAT' 41 65536
2025-09-15 20:34:31 - [INFO] - [DEBUG] Loaded original PNG from study_date dir: (256, 1024)
2025-09-15 20:34:31 - [INFO] - [DEBUG] Original image loaded: (256, 1024)
2025-09-15 20:34:31 - [INFO] - [DEBUG] Applying invert to original image
2025-09-15 20:34:31 - [INFO] - [DEBUG] simple_invert_pil_image: Processing L image, size = (256, 1024)
2025-09-15 20:34:31 - [INFO] - [DEBUG] simple_invert_image: input shape = (1024, 256), dtype = uint8
2025-09-15 20:34:31 - [INFO] - [DEBUG] Simple inversion completed: [0-255] -> [0-255]
2025-09-15 20:34:31 - [INFO] - [DEBUG] simple_invert_pil_image: completed
2025-09-15 20:34:31 - [INFO] - [DEBUG] Using STORED B/C values: B=0.00, C=1.00
2025-09-15 20:34:31 - [INFO] - [DEBUG]   Image layer loaded and processed
2025-09-15 20:34:31 - [INFO] - [DEBUG] Loading segmentation layer for Anterior
2025-09-15 20:34:31 - [INFO] - [DEBUG] Looking for segmentation (NEWEST): F:\projek dosen\prototype riset\hotspot-analyzer\data\PLANAR\EMA\10\20250628\ant_segm.png
2025-09-15 20:34:31 - [DEBUG] - STREAM b'IHDR' 16 13
2025-09-15 20:34:31 - [DEBUG] - STREAM b'IDAT' 41 6214
2025-09-15 20:34:31 - [INFO] - [DEBUG]   Loaded segmentation with transparency: F:\projek dosen\prototype riset\hotspot-analyzer\data\PLANAR\EMA\10\20250628\ant_segm.png
2025-09-15 20:34:31 - [INFO] - [DEBUG] Segmentation type: ORIGINAL
2025-09-15 20:34:31 - [INFO] - [DEBUG] Loading hotspot layer for Anterior
2025-09-15 20:34:31 - [INFO] - [DEBUG] Looking for hotspot classification (NEWEST): F:\projek dosen\prototype riset\hotspot-analyzer\data\PLANAR\EMA\10\20250628\ant_hotspot_classification.png
2025-09-15 20:34:31 - [INFO] - [DEBUG] No hotspot classification found: F:\projek dosen\prototype riset\hotspot-analyzer\data\PLANAR\EMA\10\20250628\ant_hotspot_classification.png
2025-09-15 20:34:31 - [INFO] - [DEBUG] Loading bbox layer for Anterior
2025-09-15 20:34:31 - [INFO] - [DEBUG] Looking for classification XML (NEWEST): F:\projek dosen\prototype riset\hotspot-analyzer\data\PLANAR\EMA\10\20250628\ant_hotspot_classification.xml
2025-09-15 20:34:31 - [INFO] - [DEBUG] No classification XML found: F:\projek dosen\prototype riset\hotspot-analyzer\data\PLANAR\EMA\10\20250628\ant_hotspot_classification.xml
2025-09-15 20:34:31 - [INFO] - [CACHE STORE] Not caching due to adjustments/overrides/invert
2025-09-15 20:34:31 - [INFO] - [DEBUG]   Loaded 2 layers for Anterior: ['Image', 'Segmentation']
2025-09-15 20:34:31 - [INFO] - [DEBUG] Available CLASSIFICATION layers in files: ['Image', 'Segmentation']
2025-09-15 20:34:31 - [INFO] - [DEBUG]   Added CLASSIFICATION Image to card 0 (opacity: 1.00)
2025-09-15 20:34:31 - [INFO] - [DEBUG]   CLASSIFICATION card 0 composite created with layers: ['Image']
2025-09-15 20:34:31 - [INFO] - [DEBUG] Creating CLASSIFICATION card 0 for view: Posterior
2025-09-15 20:34:31 - [INFO] - [DEBUG] Active layers selected: ['Image']
2025-09-15 20:34:31 - [INFO] - [DEBUG] DICOM path: F:\projek dosen\prototype riset\hotspot-analyzer\data\PLANAR\EMA\10\20250628\10.dcm
2025-09-15 20:34:31 - [INFO] - [DEBUG] Current view: Posterior
2025-09-15 20:34:31 - [INFO] - [CACHE DEBUG] use_cache=False
2025-09-15 20:34:31 - [INFO] - [CACHE DEBUG] has_adjustments=False (B=0.00, C=1.00)
2025-09-15 20:34:31 - [INFO] - [CACHE DEBUG] has_overrides=False (override_b=None, override_c=None)
2025-09-15 20:34:31 - [INFO] - [CACHE DEBUG] invert_original=True
2025-09-15 20:34:31 - [INFO] - [CACHE SKIP] Skipping cache due to adjustments/overrides/invert
2025-09-15 20:34:31 - [INFO] - [DEBUG] Path extraction: session=EMA, patient=10, study_date=20250628
2025-09-15 20:34:31 - [INFO] - [DEBUG] Extracted patient info - ID: 10, Session: EMA
2025-09-15 20:34:31 - [INFO] - [DEBUG] Original path: F:\projek dosen\prototype riset\hotspot-analyzer\data\PLANAR\EMA\10\20250628\10.dcm
2025-09-15 20:34:31 - [INFO] - [DEBUG] Study date: 20250628
2025-09-15 20:34:31 - [INFO] - [DEBUG] Patient ID: 10
2025-09-15 20:34:31 - [INFO] - [DEBUG] Session code: EMA
2025-09-15 20:34:31 - [INFO] - [DEBUG] Study date folder: F:\projek dosen\prototype riset\hotspot-analyzer\data\PLANAR\EMA\10\20250628
2025-09-15 20:34:31 - [INFO] - [DEBUG] Loading original image for Posterior
2025-09-15 20:34:31 - [INFO] - [DEBUG] Looking for original PNG in study_date dir: F:\projek dosen\prototype riset\hotspot-analyzer\data\PLANAR\EMA\10\20250628\post_original.png
2025-09-15 20:34:31 - [DEBUG] - STREAM b'IHDR' 16 13
2025-09-15 20:34:31 - [DEBUG] - STREAM b'IDAT' 41 65536
2025-09-15 20:34:31 - [INFO] - [DEBUG] Loaded original PNG from study_date dir: (256, 1024)
2025-09-15 20:34:31 - [INFO] - [DEBUG] Original image loaded: (256, 1024)
2025-09-15 20:34:31 - [INFO] - [DEBUG] Applying invert to original image
2025-09-15 20:34:31 - [INFO] - [DEBUG] simple_invert_pil_image: Processing L image, size = (256, 1024)
2025-09-15 20:34:31 - [INFO] - [DEBUG] simple_invert_image: input shape = (1024, 256), dtype = uint8
2025-09-15 20:34:31 - [INFO] - [DEBUG] Simple inversion completed: [0-255] -> [0-255]
2025-09-15 20:34:31 - [INFO] - [DEBUG] simple_invert_pil_image: completed
2025-09-15 20:34:31 - [INFO] - [DEBUG] Using STORED B/C values: B=0.00, C=1.00
2025-09-15 20:34:31 - [INFO] - [DEBUG]   Image layer loaded and processed
2025-09-15 20:34:31 - [INFO] - [DEBUG] Loading segmentation layer for Posterior
2025-09-15 20:34:31 - [INFO] - [DEBUG] Looking for segmentation (NEWEST): F:\projek dosen\prototype riset\hotspot-analyzer\data\PLANAR\EMA\10\20250628\post_segm.png
2025-09-15 20:34:31 - [DEBUG] - STREAM b'IHDR' 16 13
2025-09-15 20:34:31 - [DEBUG] - STREAM b'IDAT' 41 6048
2025-09-15 20:34:31 - [INFO] - [DEBUG]   Loaded segmentation with transparency: F:\projek dosen\prototype riset\hotspot-analyzer\data\PLANAR\EMA\10\20250628\post_segm.png
2025-09-15 20:34:31 - [INFO] - [DEBUG] Segmentation type: ORIGINAL
2025-09-15 20:34:31 - [INFO] - [DEBUG] Loading hotspot layer for Posterior
2025-09-15 20:34:31 - [INFO] - [DEBUG] Looking for hotspot classification (NEWEST): F:\projek dosen\prototype riset\hotspot-analyzer\data\PLANAR\EMA\10\20250628\post_hotspot_classification.png
2025-09-15 20:34:31 - [INFO] - [DEBUG] No hotspot classification found: F:\projek dosen\prototype riset\hotspot-analyzer\data\PLANAR\EMA\10\20250628\post_hotspot_classification.png
2025-09-15 20:34:31 - [INFO] - [DEBUG] Loading bbox layer for Posterior
2025-09-15 20:34:31 - [INFO] - [DEBUG] Looking for classification XML (NEWEST): F:\projek dosen\prototype riset\hotspot-analyzer\data\PLANAR\EMA\10\20250628\post_hotspot_classification.xml
2025-09-15 20:34:31 - [INFO] - [DEBUG] No classification XML found: F:\projek dosen\prototype riset\hotspot-analyzer\data\PLANAR\EMA\10\20250628\post_hotspot_classification.xml
2025-09-15 20:34:31 - [INFO] - [CACHE STORE] Not caching due to adjustments/overrides/invert
2025-09-15 20:34:31 - [INFO] - [DEBUG]   Loaded 2 layers for Posterior: ['Image', 'Segmentation']
2025-09-15 20:34:31 - [INFO] - [DEBUG] Available CLASSIFICATION layers in files: ['Image', 'Segmentation']
2025-09-15 20:34:31 - [INFO] - [DEBUG]   Added CLASSIFICATION Image to card 0 (opacity: 1.00)
2025-09-15 20:34:31 - [INFO] - [DEBUG]   CLASSIFICATION card 0 composite created with layers: ['Image']
2025-09-15 20:34:31 - [INFO] - [SMART UPDATE] State updated - Type: full
2025-09-15 20:34:31 - [INFO] -   [DEBUG QUANT FILES] Getting quantification files for: F:\projek dosen\prototype riset\hotspot-analyzer\data\PLANAR\EMA\10\20250628
2025-09-15 20:34:31 - [INFO] -   [DEBUG QUANT FILES] Detected study_date folder: F:\projek dosen\prototype riset\hotspot-analyzer\data\PLANAR\EMA\10\20250628
2025-09-15 20:34:31 - [INFO] -   [DEBUG QUANT FILES] Generated paths:
2025-09-15 20:34:31 - [INFO] -   [DEBUG QUANT FILES]   bsi_json_ant: F:\projek dosen\prototype riset\hotspot-analyzer\data\PLANAR\EMA\10\20250628\bsi_quantification_ant.json (exists: False)
2025-09-15 20:34:31 - [INFO] -   [DEBUG QUANT FILES]   bsi_json_post: F:\projek dosen\prototype riset\hotspot-analyzer\data\PLANAR\EMA\10\20250628\bsi_quantification_post.json (exists: False)
2025-09-15 20:34:31 - [INFO] -   [DEBUG QUANT FILES] Getting quantification files for: F:\projek dosen\prototype riset\hotspot-analyzer\data\PLANAR\EMA\10
2025-09-15 20:34:31 - [INFO] -   [DEBUG QUANT FILES] Using latest study_date folder: F:\projek dosen\prototype riset\hotspot-analyzer\data\PLANAR\EMA\10\20250628
2025-09-15 20:34:31 - [INFO] -   [DEBUG QUANT FILES] Generated paths:
2025-09-15 20:34:31 - [INFO] -   [DEBUG QUANT FILES]   bsi_json_ant: F:\projek dosen\prototype riset\hotspot-analyzer\data\PLANAR\EMA\10\20250628\bsi_quantification_ant.json (exists: False)
2025-09-15 20:34:31 - [INFO] -   [DEBUG QUANT FILES]   bsi_json_post: F:\projek dosen\prototype riset\hotspot-analyzer\data\PLANAR\EMA\10\20250628\bsi_quantification_post.json (exists: False)
2025-09-15 20:34:31 - [INFO] - [BSI SIDE PANEL] Clearing data...
2025-09-15 20:34:31 - [INFO] - [DEBUG] Path extraction: session=EMA, patient=10, study_date=20250628
2025-09-15 20:34:31 - [INFO] - [DEBUG] Extracted patient info - ID: 10, Session: EMA
2025-09-15 20:34:31 - [INFO] - [DEBUG] Original path: F:\projek dosen\prototype riset\hotspot-analyzer\data\PLANAR\EMA\10\20250628\10.dcm
2025-09-15 20:34:33 - [INFO] - [DEBUG] item activated → ID: 2 (EMA) @ index 2
2025-09-15 20:34:33 - [INFO] - [DEBUG] item activated → ID: 2 (EMA)
2025-09-15 20:34:33 - [INFO] - 
  [DEBUG PATHS GANTENG] ===================
2025-09-15 20:34:33 - [INFO] -   [DEBUG PATHS] Patient folder: F:\projek dosen\prototype riset\hotspot-analyzer\data\PLANAR\EMA\2
2025-09-15 20:34:33 - [INFO] -   [DEBUG PATHS] Patient ID: 2
2025-09-15 20:34:33 - [INFO] -   [DEBUG PATHS] Folder exists: True
2025-09-15 20:34:33 - [INFO] -   [DEBUG PATHS] Folder structure:
2025-09-15 20:34:33 - [INFO] -   [DEBUG PATHS]   DIR:  20250628/
2025-09-15 20:34:33 - [INFO] -   [DEBUG PATHS]     Study date folder contents:
2025-09-15 20:34:33 - [INFO] -   [DEBUG PATHS]       FILE: 2.dcm (1049754 bytes)
2025-09-15 20:34:33 - [INFO] -   [DEBUG PATHS]       FILE: ant_hotspot_yolo.xml (346 bytes)
2025-09-15 20:34:33 - [INFO] -   [DEBUG PATHS]       FILE: ant_mask.png (3468 bytes)
2025-09-15 20:34:33 - [INFO] -   [DEBUG PATHS]       FILE: ant_original.png (75430 bytes)
2025-09-15 20:34:33 - [INFO] -   [DEBUG PATHS]       FILE: ant_segm.png (6496 bytes)
2025-09-15 20:34:33 - [INFO] -   [DEBUG PATHS]       FILE: post_hotspot_yolo.xml (347 bytes)
2025-09-15 20:34:33 - [INFO] -   [DEBUG PATHS]       FILE: post_mask.png (3360 bytes)
2025-09-15 20:34:33 - [INFO] -   [DEBUG PATHS]       FILE: post_original.png (75556 bytes)
2025-09-15 20:34:33 - [INFO] -   [DEBUG PATHS]       FILE: post_segm.png (5974 bytes)
2025-09-15 20:34:33 - [INFO] -   [DEBUG QUANT FILES] Getting quantification files for: F:\projek dosen\prototype riset\hotspot-analyzer\data\PLANAR\EMA\2
2025-09-15 20:34:33 - [INFO] -   [DEBUG QUANT FILES] Using latest study_date folder: F:\projek dosen\prototype riset\hotspot-analyzer\data\PLANAR\EMA\2\20250628
2025-09-15 20:34:33 - [INFO] -   [DEBUG QUANT FILES] Generated paths:
2025-09-15 20:34:33 - [INFO] -   [DEBUG QUANT FILES]   bsi_json_ant: F:\projek dosen\prototype riset\hotspot-analyzer\data\PLANAR\EMA\2\20250628\bsi_quantification_ant.json (exists: False)
2025-09-15 20:34:33 - [INFO] -   [DEBUG QUANT FILES]   bsi_json_post: F:\projek dosen\prototype riset\hotspot-analyzer\data\PLANAR\EMA\2\20250628\bsi_quantification_post.json (exists: False)
2025-09-15 20:34:33 - [INFO] -   [DEBUG PATHS] New quantification paths:
2025-09-15 20:34:33 - [INFO] -   [DEBUG PATHS]   bsi_json_ant: F:\projek dosen\prototype riset\hotspot-analyzer\data\PLANAR\EMA\2\20250628\bsi_quantification_ant.json (exists: False, size: 0 bytes)
2025-09-15 20:34:33 - [INFO] -   [DEBUG PATHS]   bsi_json_post: F:\projek dosen\prototype riset\hotspot-analyzer\data\PLANAR\EMA\2\20250628\bsi_quantification_post.json (exists: False, size: 0 bytes)
2025-09-15 20:34:33 - [INFO] -   [DEBUG PATHS] Old pattern search:
2025-09-15 20:34:33 - [INFO] -   [DEBUG PATHS]   Old anterior: []
2025-09-15 20:34:33 - [INFO] -   [DEBUG PATHS]   Old posterior: []
2025-09-15 20:34:33 - [INFO] -   [DEBUG QUANT FILES] Getting quantification files for: F:\projek dosen\prototype riset\hotspot-analyzer\data\PLANAR\EMA\2\20250628
2025-09-15 20:34:33 - [INFO] -   [DEBUG QUANT FILES] Detected study_date folder: F:\projek dosen\prototype riset\hotspot-analyzer\data\PLANAR\EMA\2\20250628
2025-09-15 20:34:33 - [INFO] -   [DEBUG QUANT FILES] Generated paths:
2025-09-15 20:34:33 - [INFO] -   [DEBUG QUANT FILES]   bsi_json_ant: F:\projek dosen\prototype riset\hotspot-analyzer\data\PLANAR\EMA\2\20250628\bsi_quantification_ant.json (exists: False)
2025-09-15 20:34:33 - [INFO] -   [DEBUG QUANT FILES]   bsi_json_post: F:\projek dosen\prototype riset\hotspot-analyzer\data\PLANAR\EMA\2\20250628\bsi_quantification_post.json (exists: False)
2025-09-15 20:34:33 - [INFO] - [SMART UPDATE] Change type: layers
2025-09-15 20:34:33 - [INFO] - [SMART UPDATE] Layers removed: ['Image']
2025-09-15 20:34:33 - [INFO] - [DEBUG] Timeline active layers set to: []
2025-09-15 20:34:33 - [INFO] - [SMART UPDATE] Full rebuild required for change type: layers
2025-09-15 20:34:33 - [INFO] - [DEBUG] Rebuilding timeline for active scan index: 0
2025-09-15 20:34:33 - [INFO] - [DEBUG] Creating CLASSIFICATION card 0 for view: Anterior
2025-09-15 20:34:33 - [INFO] - [DEBUG] Active layers selected: []
2025-09-15 20:34:33 - [INFO] - [DEBUG] DICOM path: F:\projek dosen\prototype riset\hotspot-analyzer\data\PLANAR\EMA\10\20250628\10.dcm
2025-09-15 20:34:33 - [INFO] - [DEBUG] Current view: Anterior
2025-09-15 20:34:33 - [INFO] - [CACHE DEBUG] use_cache=False
2025-09-15 20:34:33 - [INFO] - [CACHE DEBUG] has_adjustments=False (B=0.00, C=1.00)
2025-09-15 20:34:33 - [INFO] - [CACHE DEBUG] has_overrides=False (override_b=None, override_c=None)
2025-09-15 20:34:33 - [INFO] - [CACHE DEBUG] invert_original=True
2025-09-15 20:34:33 - [INFO] - [CACHE SKIP] Skipping cache due to adjustments/overrides/invert
2025-09-15 20:34:33 - [INFO] - [DEBUG] Path extraction: session=EMA, patient=10, study_date=20250628
2025-09-15 20:34:33 - [INFO] - [DEBUG] Extracted patient info - ID: 10, Session: EMA
2025-09-15 20:34:33 - [INFO] - [DEBUG] Original path: F:\projek dosen\prototype riset\hotspot-analyzer\data\PLANAR\EMA\10\20250628\10.dcm
2025-09-15 20:34:33 - [INFO] - [DEBUG] Study date: 20250628
2025-09-15 20:34:33 - [INFO] - [DEBUG] Patient ID: 10
2025-09-15 20:34:33 - [INFO] - [DEBUG] Session code: EMA
2025-09-15 20:34:33 - [INFO] - [DEBUG] Study date folder: F:\projek dosen\prototype riset\hotspot-analyzer\data\PLANAR\EMA\10\20250628
2025-09-15 20:34:33 - [INFO] - [DEBUG] Loading original image for Anterior
2025-09-15 20:34:33 - [INFO] - [DEBUG] Looking for original PNG in study_date dir: F:\projek dosen\prototype riset\hotspot-analyzer\data\PLANAR\EMA\10\20250628\ant_original.png
2025-09-15 20:34:33 - [DEBUG] - STREAM b'IHDR' 16 13
2025-09-15 20:34:33 - [DEBUG] - STREAM b'IDAT' 41 65536
2025-09-15 20:34:33 - [INFO] - [DEBUG] Loaded original PNG from study_date dir: (256, 1024)
2025-09-15 20:34:33 - [INFO] - [DEBUG] Original image loaded: (256, 1024)
2025-09-15 20:34:33 - [INFO] - [DEBUG] Applying invert to original image
2025-09-15 20:34:33 - [INFO] - [DEBUG] simple_invert_pil_image: Processing L image, size = (256, 1024)
2025-09-15 20:34:33 - [INFO] - [DEBUG] simple_invert_image: input shape = (1024, 256), dtype = uint8
2025-09-15 20:34:33 - [INFO] - [DEBUG] Simple inversion completed: [0-255] -> [0-255]
2025-09-15 20:34:33 - [INFO] - [DEBUG] simple_invert_pil_image: completed
2025-09-15 20:34:33 - [INFO] - [DEBUG] Using STORED B/C values: B=0.00, C=1.00
2025-09-15 20:34:33 - [INFO] - [DEBUG]   Image layer loaded and processed
2025-09-15 20:34:33 - [INFO] - [DEBUG] Loading segmentation layer for Anterior
2025-09-15 20:34:33 - [INFO] - [DEBUG] Looking for segmentation (NEWEST): F:\projek dosen\prototype riset\hotspot-analyzer\data\PLANAR\EMA\10\20250628\ant_segm.png
2025-09-15 20:34:33 - [DEBUG] - STREAM b'IHDR' 16 13
2025-09-15 20:34:33 - [DEBUG] - STREAM b'IDAT' 41 6214
2025-09-15 20:34:33 - [INFO] - [DEBUG]   Loaded segmentation with transparency: F:\projek dosen\prototype riset\hotspot-analyzer\data\PLANAR\EMA\10\20250628\ant_segm.png
2025-09-15 20:34:33 - [INFO] - [DEBUG] Segmentation type: ORIGINAL
2025-09-15 20:34:33 - [INFO] - [DEBUG] Loading hotspot layer for Anterior
2025-09-15 20:34:33 - [INFO] - [DEBUG] Looking for hotspot classification (NEWEST): F:\projek dosen\prototype riset\hotspot-analyzer\data\PLANAR\EMA\10\20250628\ant_hotspot_classification.png
2025-09-15 20:34:33 - [INFO] - [DEBUG] No hotspot classification found: F:\projek dosen\prototype riset\hotspot-analyzer\data\PLANAR\EMA\10\20250628\ant_hotspot_classification.png
2025-09-15 20:34:33 - [INFO] - [DEBUG] Loading bbox layer for Anterior
2025-09-15 20:34:33 - [INFO] - [DEBUG] Looking for classification XML (NEWEST): F:\projek dosen\prototype riset\hotspot-analyzer\data\PLANAR\EMA\10\20250628\ant_hotspot_classification.xml
2025-09-15 20:34:33 - [INFO] - [DEBUG] No classification XML found: F:\projek dosen\prototype riset\hotspot-analyzer\data\PLANAR\EMA\10\20250628\ant_hotspot_classification.xml
2025-09-15 20:34:33 - [INFO] - [CACHE STORE] Not caching due to adjustments/overrides/invert
2025-09-15 20:34:33 - [INFO] - [DEBUG]   Loaded 2 layers for Anterior: ['Image', 'Segmentation']
2025-09-15 20:34:33 - [INFO] - [DEBUG] Available CLASSIFICATION layers in files: ['Image', 'Segmentation']
2025-09-15 20:34:33 - [INFO] - [DEBUG] Creating CLASSIFICATION card 0 for view: Posterior
2025-09-15 20:34:33 - [INFO] - [DEBUG] Active layers selected: []
2025-09-15 20:34:33 - [INFO] - [DEBUG] DICOM path: F:\projek dosen\prototype riset\hotspot-analyzer\data\PLANAR\EMA\10\20250628\10.dcm
2025-09-15 20:34:33 - [INFO] - [DEBUG] Current view: Posterior
2025-09-15 20:34:33 - [INFO] - [CACHE DEBUG] use_cache=False
2025-09-15 20:34:33 - [INFO] - [CACHE DEBUG] has_adjustments=False (B=0.00, C=1.00)
2025-09-15 20:34:33 - [INFO] - [CACHE DEBUG] has_overrides=False (override_b=None, override_c=None)
2025-09-15 20:34:33 - [INFO] - [CACHE DEBUG] invert_original=True
2025-09-15 20:34:33 - [INFO] - [CACHE SKIP] Skipping cache due to adjustments/overrides/invert
2025-09-15 20:34:33 - [INFO] - [DEBUG] Path extraction: session=EMA, patient=10, study_date=20250628
2025-09-15 20:34:33 - [INFO] - [DEBUG] Extracted patient info - ID: 10, Session: EMA
2025-09-15 20:34:33 - [INFO] - [DEBUG] Original path: F:\projek dosen\prototype riset\hotspot-analyzer\data\PLANAR\EMA\10\20250628\10.dcm
2025-09-15 20:34:33 - [INFO] - [DEBUG] Study date: 20250628
2025-09-15 20:34:33 - [INFO] - [DEBUG] Patient ID: 10
2025-09-15 20:34:33 - [INFO] - [DEBUG] Session code: EMA
2025-09-15 20:34:33 - [INFO] - [DEBUG] Study date folder: F:\projek dosen\prototype riset\hotspot-analyzer\data\PLANAR\EMA\10\20250628
2025-09-15 20:34:33 - [INFO] - [DEBUG] Loading original image for Posterior
2025-09-15 20:34:33 - [INFO] - [DEBUG] Looking for original PNG in study_date dir: F:\projek dosen\prototype riset\hotspot-analyzer\data\PLANAR\EMA\10\20250628\post_original.png
2025-09-15 20:34:33 - [DEBUG] - STREAM b'IHDR' 16 13
2025-09-15 20:34:33 - [DEBUG] - STREAM b'IDAT' 41 65536
2025-09-15 20:34:33 - [INFO] - [DEBUG] Loaded original PNG from study_date dir: (256, 1024)
2025-09-15 20:34:33 - [INFO] - [DEBUG] Original image loaded: (256, 1024)
2025-09-15 20:34:33 - [INFO] - [DEBUG] Applying invert to original image
2025-09-15 20:34:33 - [INFO] - [DEBUG] simple_invert_pil_image: Processing L image, size = (256, 1024)
2025-09-15 20:34:33 - [INFO] - [DEBUG] simple_invert_image: input shape = (1024, 256), dtype = uint8
2025-09-15 20:34:33 - [INFO] - [DEBUG] Simple inversion completed: [0-255] -> [0-255]
2025-09-15 20:34:33 - [INFO] - [DEBUG] simple_invert_pil_image: completed
2025-09-15 20:34:33 - [INFO] - [DEBUG] Using STORED B/C values: B=0.00, C=1.00
2025-09-15 20:34:33 - [INFO] - [DEBUG]   Image layer loaded and processed
2025-09-15 20:34:33 - [INFO] - [DEBUG] Loading segmentation layer for Posterior
2025-09-15 20:34:33 - [INFO] - [DEBUG] Looking for segmentation (NEWEST): F:\projek dosen\prototype riset\hotspot-analyzer\data\PLANAR\EMA\10\20250628\post_segm.png
2025-09-15 20:34:33 - [DEBUG] - STREAM b'IHDR' 16 13
2025-09-15 20:34:33 - [DEBUG] - STREAM b'IDAT' 41 6048
2025-09-15 20:34:33 - [INFO] - [DEBUG]   Loaded segmentation with transparency: F:\projek dosen\prototype riset\hotspot-analyzer\data\PLANAR\EMA\10\20250628\post_segm.png
2025-09-15 20:34:33 - [INFO] - [DEBUG] Segmentation type: ORIGINAL
2025-09-15 20:34:33 - [INFO] - [DEBUG] Loading hotspot layer for Posterior
2025-09-15 20:34:33 - [INFO] - [DEBUG] Looking for hotspot classification (NEWEST): F:\projek dosen\prototype riset\hotspot-analyzer\data\PLANAR\EMA\10\20250628\post_hotspot_classification.png
2025-09-15 20:34:33 - [INFO] - [DEBUG] No hotspot classification found: F:\projek dosen\prototype riset\hotspot-analyzer\data\PLANAR\EMA\10\20250628\post_hotspot_classification.png
2025-09-15 20:34:33 - [INFO] - [DEBUG] Loading bbox layer for Posterior
2025-09-15 20:34:33 - [INFO] - [DEBUG] Looking for classification XML (NEWEST): F:\projek dosen\prototype riset\hotspot-analyzer\data\PLANAR\EMA\10\20250628\post_hotspot_classification.xml
2025-09-15 20:34:33 - [INFO] - [DEBUG] No classification XML found: F:\projek dosen\prototype riset\hotspot-analyzer\data\PLANAR\EMA\10\20250628\post_hotspot_classification.xml
2025-09-15 20:34:33 - [INFO] - [CACHE STORE] Not caching due to adjustments/overrides/invert
2025-09-15 20:34:33 - [INFO] - [DEBUG]   Loaded 2 layers for Posterior: ['Image', 'Segmentation']
2025-09-15 20:34:33 - [INFO] - [DEBUG] Available CLASSIFICATION layers in files: ['Image', 'Segmentation']
2025-09-15 20:34:33 - [INFO] - [SMART UPDATE] State updated - Type: full
2025-09-15 20:34:33 - [INFO] - [SMART UPDATE] State updated - Type: layers
2025-09-15 20:34:33 - [INFO] - [DEBUG] Path extraction: session=EMA, patient=10, study_date=20250628
2025-09-15 20:34:33 - [INFO] - [DEBUG] Extracted patient info - ID: 10, Session: EMA
2025-09-15 20:34:33 - [INFO] - [DEBUG] Original path: F:\projek dosen\prototype riset\hotspot-analyzer\data\PLANAR\EMA\10\20250628\10.dcm
2025-09-15 20:34:33 - [INFO] - [SMART UPDATE] Change type: none
2025-09-15 20:34:33 - [INFO] - [DEBUG] Timeline active layers set to: []
2025-09-15 20:34:33 - [INFO] - [SMART UPDATE] No changes detected, skipping update
2025-09-15 20:34:33 - [INFO] - [DEBUG] Set Image opacity to 1.00
2025-09-15 20:34:33 - [INFO] - [SMART UPDATE] Change type: none
2025-09-15 20:34:33 - [INFO] - [SMART UPDATE] Using full rebuild for opacity change
2025-09-15 20:34:33 - [INFO] - [DEBUG] Rebuilding timeline for active scan index: 0
2025-09-15 20:34:33 - [INFO] - [DEBUG] Creating CLASSIFICATION card 0 for view: Anterior
2025-09-15 20:34:33 - [INFO] - [DEBUG] Active layers selected: []
2025-09-15 20:34:33 - [INFO] - [DEBUG] DICOM path: F:\projek dosen\prototype riset\hotspot-analyzer\data\PLANAR\EMA\10\20250628\10.dcm
2025-09-15 20:34:33 - [INFO] - [DEBUG] Current view: Anterior
2025-09-15 20:34:33 - [INFO] - [CACHE DEBUG] use_cache=False
2025-09-15 20:34:33 - [INFO] - [CACHE DEBUG] has_adjustments=False (B=0.00, C=1.00)
2025-09-15 20:34:33 - [INFO] - [CACHE DEBUG] has_overrides=False (override_b=None, override_c=None)
2025-09-15 20:34:33 - [INFO] - [CACHE DEBUG] invert_original=True
2025-09-15 20:34:33 - [INFO] - [CACHE SKIP] Skipping cache due to adjustments/overrides/invert
2025-09-15 20:34:33 - [INFO] - [DEBUG] Path extraction: session=EMA, patient=10, study_date=20250628
2025-09-15 20:34:33 - [INFO] - [DEBUG] Extracted patient info - ID: 10, Session: EMA
2025-09-15 20:34:33 - [INFO] - [DEBUG] Original path: F:\projek dosen\prototype riset\hotspot-analyzer\data\PLANAR\EMA\10\20250628\10.dcm
2025-09-15 20:34:33 - [INFO] - [DEBUG] Study date: 20250628
2025-09-15 20:34:33 - [INFO] - [DEBUG] Patient ID: 10
2025-09-15 20:34:33 - [INFO] - [DEBUG] Session code: EMA
2025-09-15 20:34:33 - [INFO] - [DEBUG] Study date folder: F:\projek dosen\prototype riset\hotspot-analyzer\data\PLANAR\EMA\10\20250628
2025-09-15 20:34:33 - [INFO] - [DEBUG] Loading original image for Anterior
2025-09-15 20:34:33 - [INFO] - [DEBUG] Looking for original PNG in study_date dir: F:\projek dosen\prototype riset\hotspot-analyzer\data\PLANAR\EMA\10\20250628\ant_original.png
2025-09-15 20:34:33 - [DEBUG] - STREAM b'IHDR' 16 13
2025-09-15 20:34:33 - [DEBUG] - STREAM b'IDAT' 41 65536
2025-09-15 20:34:33 - [INFO] - [DEBUG] Loaded original PNG from study_date dir: (256, 1024)
2025-09-15 20:34:33 - [INFO] - [DEBUG] Original image loaded: (256, 1024)
2025-09-15 20:34:33 - [INFO] - [DEBUG] Applying invert to original image
2025-09-15 20:34:33 - [INFO] - [DEBUG] simple_invert_pil_image: Processing L image, size = (256, 1024)
2025-09-15 20:34:33 - [INFO] - [DEBUG] simple_invert_image: input shape = (1024, 256), dtype = uint8
2025-09-15 20:34:33 - [INFO] - [DEBUG] Simple inversion completed: [0-255] -> [0-255]
2025-09-15 20:34:33 - [INFO] - [DEBUG] simple_invert_pil_image: completed
2025-09-15 20:34:33 - [INFO] - [DEBUG] Using STORED B/C values: B=0.00, C=1.00
2025-09-15 20:34:33 - [INFO] - [DEBUG]   Image layer loaded and processed
2025-09-15 20:34:33 - [INFO] - [DEBUG] Loading segmentation layer for Anterior
2025-09-15 20:34:33 - [INFO] - [DEBUG] Looking for segmentation (NEWEST): F:\projek dosen\prototype riset\hotspot-analyzer\data\PLANAR\EMA\10\20250628\ant_segm.png
2025-09-15 20:34:33 - [DEBUG] - STREAM b'IHDR' 16 13
2025-09-15 20:34:33 - [DEBUG] - STREAM b'IDAT' 41 6214
2025-09-15 20:34:33 - [INFO] - [DEBUG]   Loaded segmentation with transparency: F:\projek dosen\prototype riset\hotspot-analyzer\data\PLANAR\EMA\10\20250628\ant_segm.png
2025-09-15 20:34:33 - [INFO] - [DEBUG] Segmentation type: ORIGINAL
2025-09-15 20:34:33 - [INFO] - [DEBUG] Loading hotspot layer for Anterior
2025-09-15 20:34:33 - [INFO] - [DEBUG] Looking for hotspot classification (NEWEST): F:\projek dosen\prototype riset\hotspot-analyzer\data\PLANAR\EMA\10\20250628\ant_hotspot_classification.png
2025-09-15 20:34:33 - [INFO] - [DEBUG] No hotspot classification found: F:\projek dosen\prototype riset\hotspot-analyzer\data\PLANAR\EMA\10\20250628\ant_hotspot_classification.png
2025-09-15 20:34:33 - [INFO] - [DEBUG] Loading bbox layer for Anterior
2025-09-15 20:34:33 - [INFO] - [DEBUG] Looking for classification XML (NEWEST): F:\projek dosen\prototype riset\hotspot-analyzer\data\PLANAR\EMA\10\20250628\ant_hotspot_classification.xml
2025-09-15 20:34:33 - [INFO] - [DEBUG] No classification XML found: F:\projek dosen\prototype riset\hotspot-analyzer\data\PLANAR\EMA\10\20250628\ant_hotspot_classification.xml
2025-09-15 20:34:33 - [INFO] - [CACHE STORE] Not caching due to adjustments/overrides/invert
2025-09-15 20:34:33 - [INFO] - [DEBUG]   Loaded 2 layers for Anterior: ['Image', 'Segmentation']
2025-09-15 20:34:33 - [INFO] - [DEBUG] Available CLASSIFICATION layers in files: ['Image', 'Segmentation']
2025-09-15 20:34:33 - [INFO] - [DEBUG] Creating CLASSIFICATION card 0 for view: Posterior
2025-09-15 20:34:33 - [INFO] - [DEBUG] Active layers selected: []
2025-09-15 20:34:33 - [INFO] - [DEBUG] DICOM path: F:\projek dosen\prototype riset\hotspot-analyzer\data\PLANAR\EMA\10\20250628\10.dcm
2025-09-15 20:34:33 - [INFO] - [DEBUG] Current view: Posterior
2025-09-15 20:34:33 - [INFO] - [CACHE DEBUG] use_cache=False
2025-09-15 20:34:33 - [INFO] - [CACHE DEBUG] has_adjustments=False (B=0.00, C=1.00)
2025-09-15 20:34:33 - [INFO] - [CACHE DEBUG] has_overrides=False (override_b=None, override_c=None)
2025-09-15 20:34:33 - [INFO] - [CACHE DEBUG] invert_original=True
2025-09-15 20:34:33 - [INFO] - [CACHE SKIP] Skipping cache due to adjustments/overrides/invert
2025-09-15 20:34:33 - [INFO] - [DEBUG] Path extraction: session=EMA, patient=10, study_date=20250628
2025-09-15 20:34:33 - [INFO] - [DEBUG] Extracted patient info - ID: 10, Session: EMA
2025-09-15 20:34:33 - [INFO] - [DEBUG] Original path: F:\projek dosen\prototype riset\hotspot-analyzer\data\PLANAR\EMA\10\20250628\10.dcm
2025-09-15 20:34:33 - [INFO] - [DEBUG] Study date: 20250628
2025-09-15 20:34:33 - [INFO] - [DEBUG] Patient ID: 10
2025-09-15 20:34:33 - [INFO] - [DEBUG] Session code: EMA
2025-09-15 20:34:33 - [INFO] - [DEBUG] Study date folder: F:\projek dosen\prototype riset\hotspot-analyzer\data\PLANAR\EMA\10\20250628
2025-09-15 20:34:33 - [INFO] - [DEBUG] Loading original image for Posterior
2025-09-15 20:34:33 - [INFO] - [DEBUG] Looking for original PNG in study_date dir: F:\projek dosen\prototype riset\hotspot-analyzer\data\PLANAR\EMA\10\20250628\post_original.png
2025-09-15 20:34:33 - [DEBUG] - STREAM b'IHDR' 16 13
2025-09-15 20:34:33 - [DEBUG] - STREAM b'IDAT' 41 65536
2025-09-15 20:34:33 - [INFO] - [DEBUG] Loaded original PNG from study_date dir: (256, 1024)
2025-09-15 20:34:33 - [INFO] - [DEBUG] Original image loaded: (256, 1024)
2025-09-15 20:34:33 - [INFO] - [DEBUG] Applying invert to original image
2025-09-15 20:34:33 - [INFO] - [DEBUG] simple_invert_pil_image: Processing L image, size = (256, 1024)
2025-09-15 20:34:33 - [INFO] - [DEBUG] simple_invert_image: input shape = (1024, 256), dtype = uint8
2025-09-15 20:34:33 - [INFO] - [DEBUG] Simple inversion completed: [0-255] -> [0-255]
2025-09-15 20:34:33 - [INFO] - [DEBUG] simple_invert_pil_image: completed
2025-09-15 20:34:33 - [INFO] - [DEBUG] Using STORED B/C values: B=0.00, C=1.00
2025-09-15 20:34:33 - [INFO] - [DEBUG]   Image layer loaded and processed
2025-09-15 20:34:33 - [INFO] - [DEBUG] Loading segmentation layer for Posterior
2025-09-15 20:34:33 - [INFO] - [DEBUG] Looking for segmentation (NEWEST): F:\projek dosen\prototype riset\hotspot-analyzer\data\PLANAR\EMA\10\20250628\post_segm.png
2025-09-15 20:34:33 - [DEBUG] - STREAM b'IHDR' 16 13
2025-09-15 20:34:33 - [DEBUG] - STREAM b'IDAT' 41 6048
2025-09-15 20:34:33 - [INFO] - [DEBUG]   Loaded segmentation with transparency: F:\projek dosen\prototype riset\hotspot-analyzer\data\PLANAR\EMA\10\20250628\post_segm.png
2025-09-15 20:34:33 - [INFO] - [DEBUG] Segmentation type: ORIGINAL
2025-09-15 20:34:33 - [INFO] - [DEBUG] Loading hotspot layer for Posterior
2025-09-15 20:34:33 - [INFO] - [DEBUG] Looking for hotspot classification (NEWEST): F:\projek dosen\prototype riset\hotspot-analyzer\data\PLANAR\EMA\10\20250628\post_hotspot_classification.png
2025-09-15 20:34:33 - [INFO] - [DEBUG] No hotspot classification found: F:\projek dosen\prototype riset\hotspot-analyzer\data\PLANAR\EMA\10\20250628\post_hotspot_classification.png
2025-09-15 20:34:33 - [INFO] - [DEBUG] Loading bbox layer for Posterior
2025-09-15 20:34:33 - [INFO] - [DEBUG] Looking for classification XML (NEWEST): F:\projek dosen\prototype riset\hotspot-analyzer\data\PLANAR\EMA\10\20250628\post_hotspot_classification.xml
2025-09-15 20:34:33 - [INFO] - [DEBUG] No classification XML found: F:\projek dosen\prototype riset\hotspot-analyzer\data\PLANAR\EMA\10\20250628\post_hotspot_classification.xml
2025-09-15 20:34:33 - [INFO] - [CACHE STORE] Not caching due to adjustments/overrides/invert
2025-09-15 20:34:33 - [INFO] - [DEBUG]   Loaded 2 layers for Posterior: ['Image', 'Segmentation']
2025-09-15 20:34:33 - [INFO] - [DEBUG] Available CLASSIFICATION layers in files: ['Image', 'Segmentation']
2025-09-15 20:34:33 - [INFO] - [SMART UPDATE] State updated - Type: full
2025-09-15 20:34:33 - [INFO] - [SMART UPDATE] State updated - Type: rebuild
2025-09-15 20:34:33 - [INFO] - [DEBUG] Set Segmentation opacity to 0.35
2025-09-15 20:34:33 - [INFO] - [SMART UPDATE] Change type: none
2025-09-15 20:34:33 - [INFO] - [SMART UPDATE] Using full rebuild for opacity change
2025-09-15 20:34:33 - [INFO] - [DEBUG] Rebuilding timeline for active scan index: 0
2025-09-15 20:34:33 - [INFO] - [DEBUG] Creating CLASSIFICATION card 0 for view: Anterior
2025-09-15 20:34:33 - [INFO] - [DEBUG] Active layers selected: []
2025-09-15 20:34:33 - [INFO] - [DEBUG] DICOM path: F:\projek dosen\prototype riset\hotspot-analyzer\data\PLANAR\EMA\10\20250628\10.dcm
2025-09-15 20:34:33 - [INFO] - [DEBUG] Current view: Anterior
2025-09-15 20:34:33 - [INFO] - [CACHE DEBUG] use_cache=False
2025-09-15 20:34:33 - [INFO] - [CACHE DEBUG] has_adjustments=False (B=0.00, C=1.00)
2025-09-15 20:34:33 - [INFO] - [CACHE DEBUG] has_overrides=False (override_b=None, override_c=None)
2025-09-15 20:34:33 - [INFO] - [CACHE DEBUG] invert_original=True
2025-09-15 20:34:33 - [INFO] - [CACHE SKIP] Skipping cache due to adjustments/overrides/invert
2025-09-15 20:34:33 - [INFO] - [DEBUG] Path extraction: session=EMA, patient=10, study_date=20250628
2025-09-15 20:34:33 - [INFO] - [DEBUG] Extracted patient info - ID: 10, Session: EMA
2025-09-15 20:34:33 - [INFO] - [DEBUG] Original path: F:\projek dosen\prototype riset\hotspot-analyzer\data\PLANAR\EMA\10\20250628\10.dcm
2025-09-15 20:34:33 - [INFO] - [DEBUG] Study date: 20250628
2025-09-15 20:34:33 - [INFO] - [DEBUG] Patient ID: 10
2025-09-15 20:34:33 - [INFO] - [DEBUG] Session code: EMA
2025-09-15 20:34:33 - [INFO] - [DEBUG] Study date folder: F:\projek dosen\prototype riset\hotspot-analyzer\data\PLANAR\EMA\10\20250628
2025-09-15 20:34:33 - [INFO] - [DEBUG] Loading original image for Anterior
2025-09-15 20:34:33 - [INFO] - [DEBUG] Looking for original PNG in study_date dir: F:\projek dosen\prototype riset\hotspot-analyzer\data\PLANAR\EMA\10\20250628\ant_original.png
2025-09-15 20:34:33 - [DEBUG] - STREAM b'IHDR' 16 13
2025-09-15 20:34:33 - [DEBUG] - STREAM b'IDAT' 41 65536
2025-09-15 20:34:33 - [INFO] - [DEBUG] Loaded original PNG from study_date dir: (256, 1024)
2025-09-15 20:34:33 - [INFO] - [DEBUG] Original image loaded: (256, 1024)
2025-09-15 20:34:33 - [INFO] - [DEBUG] Applying invert to original image
2025-09-15 20:34:33 - [INFO] - [DEBUG] simple_invert_pil_image: Processing L image, size = (256, 1024)
2025-09-15 20:34:33 - [INFO] - [DEBUG] simple_invert_image: input shape = (1024, 256), dtype = uint8
2025-09-15 20:34:33 - [INFO] - [DEBUG] Simple inversion completed: [0-255] -> [0-255]
2025-09-15 20:34:33 - [INFO] - [DEBUG] simple_invert_pil_image: completed
2025-09-15 20:34:33 - [INFO] - [DEBUG] Using STORED B/C values: B=0.00, C=1.00
2025-09-15 20:34:33 - [INFO] - [DEBUG]   Image layer loaded and processed
2025-09-15 20:34:33 - [INFO] - [DEBUG] Loading segmentation layer for Anterior
2025-09-15 20:34:33 - [INFO] - [DEBUG] Looking for segmentation (NEWEST): F:\projek dosen\prototype riset\hotspot-analyzer\data\PLANAR\EMA\10\20250628\ant_segm.png
2025-09-15 20:34:33 - [DEBUG] - STREAM b'IHDR' 16 13
2025-09-15 20:34:33 - [DEBUG] - STREAM b'IDAT' 41 6214
2025-09-15 20:34:33 - [INFO] - [DEBUG]   Loaded segmentation with transparency: F:\projek dosen\prototype riset\hotspot-analyzer\data\PLANAR\EMA\10\20250628\ant_segm.png
2025-09-15 20:34:33 - [INFO] - [DEBUG] Segmentation type: ORIGINAL
2025-09-15 20:34:33 - [INFO] - [DEBUG] Loading hotspot layer for Anterior
2025-09-15 20:34:33 - [INFO] - [DEBUG] Looking for hotspot classification (NEWEST): F:\projek dosen\prototype riset\hotspot-analyzer\data\PLANAR\EMA\10\20250628\ant_hotspot_classification.png
2025-09-15 20:34:33 - [INFO] - [DEBUG] No hotspot classification found: F:\projek dosen\prototype riset\hotspot-analyzer\data\PLANAR\EMA\10\20250628\ant_hotspot_classification.png
2025-09-15 20:34:33 - [INFO] - [DEBUG] Loading bbox layer for Anterior
2025-09-15 20:34:33 - [INFO] - [DEBUG] Looking for classification XML (NEWEST): F:\projek dosen\prototype riset\hotspot-analyzer\data\PLANAR\EMA\10\20250628\ant_hotspot_classification.xml
2025-09-15 20:34:33 - [INFO] - [DEBUG] No classification XML found: F:\projek dosen\prototype riset\hotspot-analyzer\data\PLANAR\EMA\10\20250628\ant_hotspot_classification.xml
2025-09-15 20:34:33 - [INFO] - [CACHE STORE] Not caching due to adjustments/overrides/invert
2025-09-15 20:34:33 - [INFO] - [DEBUG]   Loaded 2 layers for Anterior: ['Image', 'Segmentation']
2025-09-15 20:34:33 - [INFO] - [DEBUG] Available CLASSIFICATION layers in files: ['Image', 'Segmentation']
2025-09-15 20:34:33 - [INFO] - [DEBUG] Creating CLASSIFICATION card 0 for view: Posterior
2025-09-15 20:34:33 - [INFO] - [DEBUG] Active layers selected: []
2025-09-15 20:34:33 - [INFO] - [DEBUG] DICOM path: F:\projek dosen\prototype riset\hotspot-analyzer\data\PLANAR\EMA\10\20250628\10.dcm
2025-09-15 20:34:33 - [INFO] - [DEBUG] Current view: Posterior
2025-09-15 20:34:33 - [INFO] - [CACHE DEBUG] use_cache=False
2025-09-15 20:34:33 - [INFO] - [CACHE DEBUG] has_adjustments=False (B=0.00, C=1.00)
2025-09-15 20:34:33 - [INFO] - [CACHE DEBUG] has_overrides=False (override_b=None, override_c=None)
2025-09-15 20:34:33 - [INFO] - [CACHE DEBUG] invert_original=True
2025-09-15 20:34:33 - [INFO] - [CACHE SKIP] Skipping cache due to adjustments/overrides/invert
2025-09-15 20:34:33 - [INFO] - [DEBUG] Path extraction: session=EMA, patient=10, study_date=20250628
2025-09-15 20:34:33 - [INFO] - [DEBUG] Extracted patient info - ID: 10, Session: EMA
2025-09-15 20:34:33 - [INFO] - [DEBUG] Original path: F:\projek dosen\prototype riset\hotspot-analyzer\data\PLANAR\EMA\10\20250628\10.dcm
2025-09-15 20:34:33 - [INFO] - [DEBUG] Study date: 20250628
2025-09-15 20:34:33 - [INFO] - [DEBUG] Patient ID: 10
2025-09-15 20:34:33 - [INFO] - [DEBUG] Session code: EMA
2025-09-15 20:34:33 - [INFO] - [DEBUG] Study date folder: F:\projek dosen\prototype riset\hotspot-analyzer\data\PLANAR\EMA\10\20250628
2025-09-15 20:34:33 - [INFO] - [DEBUG] Loading original image for Posterior
2025-09-15 20:34:33 - [INFO] - [DEBUG] Looking for original PNG in study_date dir: F:\projek dosen\prototype riset\hotspot-analyzer\data\PLANAR\EMA\10\20250628\post_original.png
2025-09-15 20:34:33 - [DEBUG] - STREAM b'IHDR' 16 13
2025-09-15 20:34:33 - [DEBUG] - STREAM b'IDAT' 41 65536
2025-09-15 20:34:33 - [INFO] - [DEBUG] Loaded original PNG from study_date dir: (256, 1024)
2025-09-15 20:34:33 - [INFO] - [DEBUG] Original image loaded: (256, 1024)
2025-09-15 20:34:33 - [INFO] - [DEBUG] Applying invert to original image
2025-09-15 20:34:33 - [INFO] - [DEBUG] simple_invert_pil_image: Processing L image, size = (256, 1024)
2025-09-15 20:34:33 - [INFO] - [DEBUG] simple_invert_image: input shape = (1024, 256), dtype = uint8
2025-09-15 20:34:33 - [INFO] - [DEBUG] Simple inversion completed: [0-255] -> [0-255]
2025-09-15 20:34:33 - [INFO] - [DEBUG] simple_invert_pil_image: completed
2025-09-15 20:34:33 - [INFO] - [DEBUG] Using STORED B/C values: B=0.00, C=1.00
2025-09-15 20:34:33 - [INFO] - [DEBUG]   Image layer loaded and processed
2025-09-15 20:34:33 - [INFO] - [DEBUG] Loading segmentation layer for Posterior
2025-09-15 20:34:33 - [INFO] - [DEBUG] Looking for segmentation (NEWEST): F:\projek dosen\prototype riset\hotspot-analyzer\data\PLANAR\EMA\10\20250628\post_segm.png
2025-09-15 20:34:33 - [DEBUG] - STREAM b'IHDR' 16 13
2025-09-15 20:34:33 - [DEBUG] - STREAM b'IDAT' 41 6048
2025-09-15 20:34:33 - [INFO] - [DEBUG]   Loaded segmentation with transparency: F:\projek dosen\prototype riset\hotspot-analyzer\data\PLANAR\EMA\10\20250628\post_segm.png
2025-09-15 20:34:33 - [INFO] - [DEBUG] Segmentation type: ORIGINAL
2025-09-15 20:34:33 - [INFO] - [DEBUG] Loading hotspot layer for Posterior
2025-09-15 20:34:33 - [INFO] - [DEBUG] Looking for hotspot classification (NEWEST): F:\projek dosen\prototype riset\hotspot-analyzer\data\PLANAR\EMA\10\20250628\post_hotspot_classification.png
2025-09-15 20:34:33 - [INFO] - [DEBUG] No hotspot classification found: F:\projek dosen\prototype riset\hotspot-analyzer\data\PLANAR\EMA\10\20250628\post_hotspot_classification.png
2025-09-15 20:34:33 - [INFO] - [DEBUG] Loading bbox layer for Posterior
2025-09-15 20:34:34 - [INFO] - [DEBUG] Looking for classification XML (NEWEST): F:\projek dosen\prototype riset\hotspot-analyzer\data\PLANAR\EMA\10\20250628\post_hotspot_classification.xml
2025-09-15 20:34:34 - [INFO] - [DEBUG] No classification XML found: F:\projek dosen\prototype riset\hotspot-analyzer\data\PLANAR\EMA\10\20250628\post_hotspot_classification.xml
2025-09-15 20:34:34 - [INFO] - [CACHE STORE] Not caching due to adjustments/overrides/invert
2025-09-15 20:34:34 - [INFO] - [DEBUG]   Loaded 2 layers for Posterior: ['Image', 'Segmentation']
2025-09-15 20:34:34 - [INFO] - [DEBUG] Available CLASSIFICATION layers in files: ['Image', 'Segmentation']
2025-09-15 20:34:34 - [INFO] - [SMART UPDATE] State updated - Type: full
2025-09-15 20:34:34 - [INFO] - [SMART UPDATE] State updated - Type: rebuild
2025-09-15 20:34:34 - [INFO] - [DEBUG] Set Hotspot opacity to 0.50
2025-09-15 20:34:34 - [INFO] - [SMART UPDATE] Change type: none
2025-09-15 20:34:34 - [INFO] - [SMART UPDATE] Using full rebuild for opacity change
2025-09-15 20:34:34 - [INFO] - [DEBUG] Rebuilding timeline for active scan index: 0
2025-09-15 20:34:34 - [INFO] - [DEBUG] Creating CLASSIFICATION card 0 for view: Anterior
2025-09-15 20:34:34 - [INFO] - [DEBUG] Active layers selected: []
2025-09-15 20:34:34 - [INFO] - [DEBUG] DICOM path: F:\projek dosen\prototype riset\hotspot-analyzer\data\PLANAR\EMA\10\20250628\10.dcm
2025-09-15 20:34:34 - [INFO] - [DEBUG] Current view: Anterior
2025-09-15 20:34:34 - [INFO] - [CACHE DEBUG] use_cache=False
2025-09-15 20:34:34 - [INFO] - [CACHE DEBUG] has_adjustments=False (B=0.00, C=1.00)
2025-09-15 20:34:34 - [INFO] - [CACHE DEBUG] has_overrides=False (override_b=None, override_c=None)
2025-09-15 20:34:34 - [INFO] - [CACHE DEBUG] invert_original=True
2025-09-15 20:34:34 - [INFO] - [CACHE SKIP] Skipping cache due to adjustments/overrides/invert
2025-09-15 20:34:34 - [INFO] - [DEBUG] Path extraction: session=EMA, patient=10, study_date=20250628
2025-09-15 20:34:34 - [INFO] - [DEBUG] Extracted patient info - ID: 10, Session: EMA
2025-09-15 20:34:34 - [INFO] - [DEBUG] Original path: F:\projek dosen\prototype riset\hotspot-analyzer\data\PLANAR\EMA\10\20250628\10.dcm
2025-09-15 20:34:34 - [INFO] - [DEBUG] Study date: 20250628
2025-09-15 20:34:34 - [INFO] - [DEBUG] Patient ID: 10
2025-09-15 20:34:34 - [INFO] - [DEBUG] Session code: EMA
2025-09-15 20:34:34 - [INFO] - [DEBUG] Study date folder: F:\projek dosen\prototype riset\hotspot-analyzer\data\PLANAR\EMA\10\20250628
2025-09-15 20:34:34 - [INFO] - [DEBUG] Loading original image for Anterior
2025-09-15 20:34:34 - [INFO] - [DEBUG] Looking for original PNG in study_date dir: F:\projek dosen\prototype riset\hotspot-analyzer\data\PLANAR\EMA\10\20250628\ant_original.png
2025-09-15 20:34:34 - [DEBUG] - STREAM b'IHDR' 16 13
2025-09-15 20:34:34 - [DEBUG] - STREAM b'IDAT' 41 65536
2025-09-15 20:34:34 - [INFO] - [DEBUG] Loaded original PNG from study_date dir: (256, 1024)
2025-09-15 20:34:34 - [INFO] - [DEBUG] Original image loaded: (256, 1024)
2025-09-15 20:34:34 - [INFO] - [DEBUG] Applying invert to original image
2025-09-15 20:34:34 - [INFO] - [DEBUG] simple_invert_pil_image: Processing L image, size = (256, 1024)
2025-09-15 20:34:34 - [INFO] - [DEBUG] simple_invert_image: input shape = (1024, 256), dtype = uint8
2025-09-15 20:34:34 - [INFO] - [DEBUG] Simple inversion completed: [0-255] -> [0-255]
2025-09-15 20:34:34 - [INFO] - [DEBUG] simple_invert_pil_image: completed
2025-09-15 20:34:34 - [INFO] - [DEBUG] Using STORED B/C values: B=0.00, C=1.00
2025-09-15 20:34:34 - [INFO] - [DEBUG]   Image layer loaded and processed
2025-09-15 20:34:34 - [INFO] - [DEBUG] Loading segmentation layer for Anterior
2025-09-15 20:34:34 - [INFO] - [DEBUG] Looking for segmentation (NEWEST): F:\projek dosen\prototype riset\hotspot-analyzer\data\PLANAR\EMA\10\20250628\ant_segm.png
2025-09-15 20:34:34 - [DEBUG] - STREAM b'IHDR' 16 13
2025-09-15 20:34:34 - [DEBUG] - STREAM b'IDAT' 41 6214
2025-09-15 20:34:34 - [INFO] - [DEBUG]   Loaded segmentation with transparency: F:\projek dosen\prototype riset\hotspot-analyzer\data\PLANAR\EMA\10\20250628\ant_segm.png
2025-09-15 20:34:34 - [INFO] - [DEBUG] Segmentation type: ORIGINAL
2025-09-15 20:34:34 - [INFO] - [DEBUG] Loading hotspot layer for Anterior
2025-09-15 20:34:34 - [INFO] - [DEBUG] Looking for hotspot classification (NEWEST): F:\projek dosen\prototype riset\hotspot-analyzer\data\PLANAR\EMA\10\20250628\ant_hotspot_classification.png
2025-09-15 20:34:34 - [INFO] - [DEBUG] No hotspot classification found: F:\projek dosen\prototype riset\hotspot-analyzer\data\PLANAR\EMA\10\20250628\ant_hotspot_classification.png
2025-09-15 20:34:34 - [INFO] - [DEBUG] Loading bbox layer for Anterior
2025-09-15 20:34:34 - [INFO] - [DEBUG] Looking for classification XML (NEWEST): F:\projek dosen\prototype riset\hotspot-analyzer\data\PLANAR\EMA\10\20250628\ant_hotspot_classification.xml
2025-09-15 20:34:34 - [INFO] - [DEBUG] No classification XML found: F:\projek dosen\prototype riset\hotspot-analyzer\data\PLANAR\EMA\10\20250628\ant_hotspot_classification.xml
2025-09-15 20:34:34 - [INFO] - [CACHE STORE] Not caching due to adjustments/overrides/invert
2025-09-15 20:34:34 - [INFO] - [DEBUG]   Loaded 2 layers for Anterior: ['Image', 'Segmentation']
2025-09-15 20:34:34 - [INFO] - [DEBUG] Available CLASSIFICATION layers in files: ['Image', 'Segmentation']
2025-09-15 20:34:34 - [INFO] - [DEBUG] Creating CLASSIFICATION card 0 for view: Posterior
2025-09-15 20:34:34 - [INFO] - [DEBUG] Active layers selected: []
2025-09-15 20:34:34 - [INFO] - [DEBUG] DICOM path: F:\projek dosen\prototype riset\hotspot-analyzer\data\PLANAR\EMA\10\20250628\10.dcm
2025-09-15 20:34:34 - [INFO] - [DEBUG] Current view: Posterior
2025-09-15 20:34:34 - [INFO] - [CACHE DEBUG] use_cache=False
2025-09-15 20:34:34 - [INFO] - [CACHE DEBUG] has_adjustments=False (B=0.00, C=1.00)
2025-09-15 20:34:34 - [INFO] - [CACHE DEBUG] has_overrides=False (override_b=None, override_c=None)
2025-09-15 20:34:34 - [INFO] - [CACHE DEBUG] invert_original=True
2025-09-15 20:34:34 - [INFO] - [CACHE SKIP] Skipping cache due to adjustments/overrides/invert
2025-09-15 20:34:34 - [INFO] - [DEBUG] Path extraction: session=EMA, patient=10, study_date=20250628
2025-09-15 20:34:34 - [INFO] - [DEBUG] Extracted patient info - ID: 10, Session: EMA
2025-09-15 20:34:34 - [INFO] - [DEBUG] Original path: F:\projek dosen\prototype riset\hotspot-analyzer\data\PLANAR\EMA\10\20250628\10.dcm
2025-09-15 20:34:34 - [INFO] - [DEBUG] Study date: 20250628
2025-09-15 20:34:34 - [INFO] - [DEBUG] Patient ID: 10
2025-09-15 20:34:34 - [INFO] - [DEBUG] Session code: EMA
2025-09-15 20:34:34 - [INFO] - [DEBUG] Study date folder: F:\projek dosen\prototype riset\hotspot-analyzer\data\PLANAR\EMA\10\20250628
2025-09-15 20:34:34 - [INFO] - [DEBUG] Loading original image for Posterior
2025-09-15 20:34:34 - [INFO] - [DEBUG] Looking for original PNG in study_date dir: F:\projek dosen\prototype riset\hotspot-analyzer\data\PLANAR\EMA\10\20250628\post_original.png
2025-09-15 20:34:34 - [DEBUG] - STREAM b'IHDR' 16 13
2025-09-15 20:34:34 - [DEBUG] - STREAM b'IDAT' 41 65536
2025-09-15 20:34:34 - [INFO] - [DEBUG] Loaded original PNG from study_date dir: (256, 1024)
2025-09-15 20:34:34 - [INFO] - [DEBUG] Original image loaded: (256, 1024)
2025-09-15 20:34:34 - [INFO] - [DEBUG] Applying invert to original image
2025-09-15 20:34:34 - [INFO] - [DEBUG] simple_invert_pil_image: Processing L image, size = (256, 1024)
2025-09-15 20:34:34 - [INFO] - [DEBUG] simple_invert_image: input shape = (1024, 256), dtype = uint8
2025-09-15 20:34:34 - [INFO] - [DEBUG] Simple inversion completed: [0-255] -> [0-255]
2025-09-15 20:34:34 - [INFO] - [DEBUG] simple_invert_pil_image: completed
2025-09-15 20:34:34 - [INFO] - [DEBUG] Using STORED B/C values: B=0.00, C=1.00
2025-09-15 20:34:34 - [INFO] - [DEBUG]   Image layer loaded and processed
2025-09-15 20:34:34 - [INFO] - [DEBUG] Loading segmentation layer for Posterior
2025-09-15 20:34:34 - [INFO] - [DEBUG] Looking for segmentation (NEWEST): F:\projek dosen\prototype riset\hotspot-analyzer\data\PLANAR\EMA\10\20250628\post_segm.png
2025-09-15 20:34:34 - [DEBUG] - STREAM b'IHDR' 16 13
2025-09-15 20:34:34 - [DEBUG] - STREAM b'IDAT' 41 6048
2025-09-15 20:34:34 - [INFO] - [DEBUG]   Loaded segmentation with transparency: F:\projek dosen\prototype riset\hotspot-analyzer\data\PLANAR\EMA\10\20250628\post_segm.png
2025-09-15 20:34:34 - [INFO] - [DEBUG] Segmentation type: ORIGINAL
2025-09-15 20:34:34 - [INFO] - [DEBUG] Loading hotspot layer for Posterior
2025-09-15 20:34:34 - [INFO] - [DEBUG] Looking for hotspot classification (NEWEST): F:\projek dosen\prototype riset\hotspot-analyzer\data\PLANAR\EMA\10\20250628\post_hotspot_classification.png
2025-09-15 20:34:34 - [INFO] - [DEBUG] No hotspot classification found: F:\projek dosen\prototype riset\hotspot-analyzer\data\PLANAR\EMA\10\20250628\post_hotspot_classification.png
2025-09-15 20:34:34 - [INFO] - [DEBUG] Loading bbox layer for Posterior
2025-09-15 20:34:34 - [INFO] - [DEBUG] Looking for classification XML (NEWEST): F:\projek dosen\prototype riset\hotspot-analyzer\data\PLANAR\EMA\10\20250628\post_hotspot_classification.xml
2025-09-15 20:34:34 - [INFO] - [DEBUG] No classification XML found: F:\projek dosen\prototype riset\hotspot-analyzer\data\PLANAR\EMA\10\20250628\post_hotspot_classification.xml
2025-09-15 20:34:34 - [INFO] - [CACHE STORE] Not caching due to adjustments/overrides/invert
2025-09-15 20:34:34 - [INFO] - [DEBUG]   Loaded 2 layers for Posterior: ['Image', 'Segmentation']
2025-09-15 20:34:34 - [INFO] - [DEBUG] Available CLASSIFICATION layers in files: ['Image', 'Segmentation']
2025-09-15 20:34:34 - [INFO] - [SMART UPDATE] State updated - Type: full
2025-09-15 20:34:34 - [INFO] - [SMART UPDATE] State updated - Type: rebuild
2025-09-15 20:34:34 - [INFO] - [DEBUG] Set HotspotBBox opacity to 1.00
2025-09-15 20:34:34 - [INFO] - [SMART UPDATE] Change type: none
2025-09-15 20:34:34 - [INFO] - [SMART UPDATE] Using full rebuild for opacity change
2025-09-15 20:34:34 - [INFO] - [DEBUG] Rebuilding timeline for active scan index: 0
2025-09-15 20:34:34 - [INFO] - [DEBUG] Creating CLASSIFICATION card 0 for view: Anterior
2025-09-15 20:34:34 - [INFO] - [DEBUG] Active layers selected: []
2025-09-15 20:34:34 - [INFO] - [DEBUG] DICOM path: F:\projek dosen\prototype riset\hotspot-analyzer\data\PLANAR\EMA\10\20250628\10.dcm
2025-09-15 20:34:34 - [INFO] - [DEBUG] Current view: Anterior
2025-09-15 20:34:34 - [INFO] - [CACHE DEBUG] use_cache=False
2025-09-15 20:34:34 - [INFO] - [CACHE DEBUG] has_adjustments=False (B=0.00, C=1.00)
2025-09-15 20:34:34 - [INFO] - [CACHE DEBUG] has_overrides=False (override_b=None, override_c=None)
2025-09-15 20:34:34 - [INFO] - [CACHE DEBUG] invert_original=True
2025-09-15 20:34:34 - [INFO] - [CACHE SKIP] Skipping cache due to adjustments/overrides/invert
2025-09-15 20:34:34 - [INFO] - [DEBUG] Path extraction: session=EMA, patient=10, study_date=20250628
2025-09-15 20:34:34 - [INFO] - [DEBUG] Extracted patient info - ID: 10, Session: EMA
2025-09-15 20:34:34 - [INFO] - [DEBUG] Original path: F:\projek dosen\prototype riset\hotspot-analyzer\data\PLANAR\EMA\10\20250628\10.dcm
2025-09-15 20:34:34 - [INFO] - [DEBUG] Study date: 20250628
2025-09-15 20:34:34 - [INFO] - [DEBUG] Patient ID: 10
2025-09-15 20:34:34 - [INFO] - [DEBUG] Session code: EMA
2025-09-15 20:34:34 - [INFO] - [DEBUG] Study date folder: F:\projek dosen\prototype riset\hotspot-analyzer\data\PLANAR\EMA\10\20250628
2025-09-15 20:34:34 - [INFO] - [DEBUG] Loading original image for Anterior
2025-09-15 20:34:34 - [INFO] - [DEBUG] Looking for original PNG in study_date dir: F:\projek dosen\prototype riset\hotspot-analyzer\data\PLANAR\EMA\10\20250628\ant_original.png
2025-09-15 20:34:34 - [DEBUG] - STREAM b'IHDR' 16 13
2025-09-15 20:34:34 - [DEBUG] - STREAM b'IDAT' 41 65536
2025-09-15 20:34:34 - [INFO] - [DEBUG] Loaded original PNG from study_date dir: (256, 1024)
2025-09-15 20:34:34 - [INFO] - [DEBUG] Original image loaded: (256, 1024)
2025-09-15 20:34:34 - [INFO] - [DEBUG] Applying invert to original image
2025-09-15 20:34:34 - [INFO] - [DEBUG] simple_invert_pil_image: Processing L image, size = (256, 1024)
2025-09-15 20:34:34 - [INFO] - [DEBUG] simple_invert_image: input shape = (1024, 256), dtype = uint8
2025-09-15 20:34:34 - [INFO] - [DEBUG] Simple inversion completed: [0-255] -> [0-255]
2025-09-15 20:34:34 - [INFO] - [DEBUG] simple_invert_pil_image: completed
2025-09-15 20:34:34 - [INFO] - [DEBUG] Using STORED B/C values: B=0.00, C=1.00
2025-09-15 20:34:34 - [INFO] - [DEBUG]   Image layer loaded and processed
2025-09-15 20:34:34 - [INFO] - [DEBUG] Loading segmentation layer for Anterior
2025-09-15 20:34:34 - [INFO] - [DEBUG] Looking for segmentation (NEWEST): F:\projek dosen\prototype riset\hotspot-analyzer\data\PLANAR\EMA\10\20250628\ant_segm.png
2025-09-15 20:34:34 - [DEBUG] - STREAM b'IHDR' 16 13
2025-09-15 20:34:34 - [DEBUG] - STREAM b'IDAT' 41 6214
2025-09-15 20:34:34 - [INFO] - [DEBUG]   Loaded segmentation with transparency: F:\projek dosen\prototype riset\hotspot-analyzer\data\PLANAR\EMA\10\20250628\ant_segm.png
2025-09-15 20:34:34 - [INFO] - [DEBUG] Segmentation type: ORIGINAL
2025-09-15 20:34:34 - [INFO] - [DEBUG] Loading hotspot layer for Anterior
2025-09-15 20:34:34 - [INFO] - [DEBUG] Looking for hotspot classification (NEWEST): F:\projek dosen\prototype riset\hotspot-analyzer\data\PLANAR\EMA\10\20250628\ant_hotspot_classification.png
2025-09-15 20:34:34 - [INFO] - [DEBUG] No hotspot classification found: F:\projek dosen\prototype riset\hotspot-analyzer\data\PLANAR\EMA\10\20250628\ant_hotspot_classification.png
2025-09-15 20:34:34 - [INFO] - [DEBUG] Loading bbox layer for Anterior
2025-09-15 20:34:34 - [INFO] - [DEBUG] Looking for classification XML (NEWEST): F:\projek dosen\prototype riset\hotspot-analyzer\data\PLANAR\EMA\10\20250628\ant_hotspot_classification.xml
2025-09-15 20:34:34 - [INFO] - [DEBUG] No classification XML found: F:\projek dosen\prototype riset\hotspot-analyzer\data\PLANAR\EMA\10\20250628\ant_hotspot_classification.xml
2025-09-15 20:34:34 - [INFO] - [CACHE STORE] Not caching due to adjustments/overrides/invert
2025-09-15 20:34:34 - [INFO] - [DEBUG]   Loaded 2 layers for Anterior: ['Image', 'Segmentation']
2025-09-15 20:34:34 - [INFO] - [DEBUG] Available CLASSIFICATION layers in files: ['Image', 'Segmentation']
2025-09-15 20:34:34 - [INFO] - [DEBUG] Creating CLASSIFICATION card 0 for view: Posterior
2025-09-15 20:34:34 - [INFO] - [DEBUG] Active layers selected: []
2025-09-15 20:34:34 - [INFO] - [DEBUG] DICOM path: F:\projek dosen\prototype riset\hotspot-analyzer\data\PLANAR\EMA\10\20250628\10.dcm
2025-09-15 20:34:34 - [INFO] - [DEBUG] Current view: Posterior
2025-09-15 20:34:34 - [INFO] - [CACHE DEBUG] use_cache=False
2025-09-15 20:34:34 - [INFO] - [CACHE DEBUG] has_adjustments=False (B=0.00, C=1.00)
2025-09-15 20:34:34 - [INFO] - [CACHE DEBUG] has_overrides=False (override_b=None, override_c=None)
2025-09-15 20:34:34 - [INFO] - [CACHE DEBUG] invert_original=True
2025-09-15 20:34:34 - [INFO] - [CACHE SKIP] Skipping cache due to adjustments/overrides/invert
2025-09-15 20:34:34 - [INFO] - [DEBUG] Path extraction: session=EMA, patient=10, study_date=20250628
2025-09-15 20:34:34 - [INFO] - [DEBUG] Extracted patient info - ID: 10, Session: EMA
2025-09-15 20:34:34 - [INFO] - [DEBUG] Original path: F:\projek dosen\prototype riset\hotspot-analyzer\data\PLANAR\EMA\10\20250628\10.dcm
2025-09-15 20:34:34 - [INFO] - [DEBUG] Study date: 20250628
2025-09-15 20:34:34 - [INFO] - [DEBUG] Patient ID: 10
2025-09-15 20:34:34 - [INFO] - [DEBUG] Session code: EMA
2025-09-15 20:34:34 - [INFO] - [DEBUG] Study date folder: F:\projek dosen\prototype riset\hotspot-analyzer\data\PLANAR\EMA\10\20250628
2025-09-15 20:34:34 - [INFO] - [DEBUG] Loading original image for Posterior
2025-09-15 20:34:34 - [INFO] - [DEBUG] Looking for original PNG in study_date dir: F:\projek dosen\prototype riset\hotspot-analyzer\data\PLANAR\EMA\10\20250628\post_original.png
2025-09-15 20:34:34 - [DEBUG] - STREAM b'IHDR' 16 13
2025-09-15 20:34:34 - [DEBUG] - STREAM b'IDAT' 41 65536
2025-09-15 20:34:34 - [INFO] - [DEBUG] Loaded original PNG from study_date dir: (256, 1024)
2025-09-15 20:34:34 - [INFO] - [DEBUG] Original image loaded: (256, 1024)
2025-09-15 20:34:34 - [INFO] - [DEBUG] Applying invert to original image
2025-09-15 20:34:34 - [INFO] - [DEBUG] simple_invert_pil_image: Processing L image, size = (256, 1024)
2025-09-15 20:34:34 - [INFO] - [DEBUG] simple_invert_image: input shape = (1024, 256), dtype = uint8
2025-09-15 20:34:34 - [INFO] - [DEBUG] Simple inversion completed: [0-255] -> [0-255]
2025-09-15 20:34:34 - [INFO] - [DEBUG] simple_invert_pil_image: completed
2025-09-15 20:34:34 - [INFO] - [DEBUG] Using STORED B/C values: B=0.00, C=1.00
2025-09-15 20:34:34 - [INFO] - [DEBUG]   Image layer loaded and processed
2025-09-15 20:34:34 - [INFO] - [DEBUG] Loading segmentation layer for Posterior
2025-09-15 20:34:34 - [INFO] - [DEBUG] Looking for segmentation (NEWEST): F:\projek dosen\prototype riset\hotspot-analyzer\data\PLANAR\EMA\10\20250628\post_segm.png
2025-09-15 20:34:34 - [DEBUG] - STREAM b'IHDR' 16 13
2025-09-15 20:34:34 - [DEBUG] - STREAM b'IDAT' 41 6048
2025-09-15 20:34:34 - [INFO] - [DEBUG]   Loaded segmentation with transparency: F:\projek dosen\prototype riset\hotspot-analyzer\data\PLANAR\EMA\10\20250628\post_segm.png
2025-09-15 20:34:34 - [INFO] - [DEBUG] Segmentation type: ORIGINAL
2025-09-15 20:34:34 - [INFO] - [DEBUG] Loading hotspot layer for Posterior
2025-09-15 20:34:34 - [INFO] - [DEBUG] Looking for hotspot classification (NEWEST): F:\projek dosen\prototype riset\hotspot-analyzer\data\PLANAR\EMA\10\20250628\post_hotspot_classification.png
2025-09-15 20:34:34 - [INFO] - [DEBUG] No hotspot classification found: F:\projek dosen\prototype riset\hotspot-analyzer\data\PLANAR\EMA\10\20250628\post_hotspot_classification.png
2025-09-15 20:34:34 - [INFO] - [DEBUG] Loading bbox layer for Posterior
2025-09-15 20:34:34 - [INFO] - [DEBUG] Looking for classification XML (NEWEST): F:\projek dosen\prototype riset\hotspot-analyzer\data\PLANAR\EMA\10\20250628\post_hotspot_classification.xml
2025-09-15 20:34:34 - [INFO] - [DEBUG] No classification XML found: F:\projek dosen\prototype riset\hotspot-analyzer\data\PLANAR\EMA\10\20250628\post_hotspot_classification.xml
2025-09-15 20:34:34 - [INFO] - [CACHE STORE] Not caching due to adjustments/overrides/invert
2025-09-15 20:34:34 - [INFO] - [DEBUG]   Loaded 2 layers for Posterior: ['Image', 'Segmentation']
2025-09-15 20:34:34 - [INFO] - [DEBUG] Available CLASSIFICATION layers in files: ['Image', 'Segmentation']
2025-09-15 20:34:34 - [INFO] - [SMART UPDATE] State updated - Type: full
2025-09-15 20:34:34 - [INFO] - [SMART UPDATE] State updated - Type: rebuild
2025-09-15 20:34:34 - [INFO] - [DEBUG] Active layers: ['Image']
2025-09-15 20:34:34 - [INFO] - [SMART UPDATE] Change type: layers
2025-09-15 20:34:34 - [INFO] - [SMART UPDATE] Layers added: ['Image']
2025-09-15 20:34:34 - [INFO] - [DEBUG] Timeline active layers set to: ['Image']
2025-09-15 20:34:34 - [INFO] - [SMART UPDATE] Full rebuild required for change type: layers
2025-09-15 20:34:34 - [INFO] - [DEBUG] Rebuilding timeline for active scan index: 0
2025-09-15 20:34:34 - [INFO] - [DEBUG] Creating CLASSIFICATION card 0 for view: Anterior
2025-09-15 20:34:34 - [INFO] - [DEBUG] Active layers selected: ['Image']
2025-09-15 20:34:34 - [INFO] - [DEBUG] DICOM path: F:\projek dosen\prototype riset\hotspot-analyzer\data\PLANAR\EMA\10\20250628\10.dcm
2025-09-15 20:34:34 - [INFO] - [DEBUG] Current view: Anterior
2025-09-15 20:34:34 - [INFO] - [CACHE DEBUG] use_cache=False
2025-09-15 20:34:34 - [INFO] - [CACHE DEBUG] has_adjustments=False (B=0.00, C=1.00)
2025-09-15 20:34:34 - [INFO] - [CACHE DEBUG] has_overrides=False (override_b=None, override_c=None)
2025-09-15 20:34:34 - [INFO] - [CACHE DEBUG] invert_original=True
2025-09-15 20:34:34 - [INFO] - [CACHE SKIP] Skipping cache due to adjustments/overrides/invert
2025-09-15 20:34:34 - [INFO] - [DEBUG] Path extraction: session=EMA, patient=10, study_date=20250628
2025-09-15 20:34:34 - [INFO] - [DEBUG] Extracted patient info - ID: 10, Session: EMA
2025-09-15 20:34:34 - [INFO] - [DEBUG] Original path: F:\projek dosen\prototype riset\hotspot-analyzer\data\PLANAR\EMA\10\20250628\10.dcm
2025-09-15 20:34:34 - [INFO] - [DEBUG] Study date: 20250628
2025-09-15 20:34:34 - [INFO] - [DEBUG] Patient ID: 10
2025-09-15 20:34:34 - [INFO] - [DEBUG] Session code: EMA
2025-09-15 20:34:34 - [INFO] - [DEBUG] Study date folder: F:\projek dosen\prototype riset\hotspot-analyzer\data\PLANAR\EMA\10\20250628
2025-09-15 20:34:34 - [INFO] - [DEBUG] Loading original image for Anterior
2025-09-15 20:34:34 - [INFO] - [DEBUG] Looking for original PNG in study_date dir: F:\projek dosen\prototype riset\hotspot-analyzer\data\PLANAR\EMA\10\20250628\ant_original.png
2025-09-15 20:34:34 - [DEBUG] - STREAM b'IHDR' 16 13
2025-09-15 20:34:34 - [DEBUG] - STREAM b'IDAT' 41 65536
2025-09-15 20:34:34 - [INFO] - [DEBUG] Loaded original PNG from study_date dir: (256, 1024)
2025-09-15 20:34:34 - [INFO] - [DEBUG] Original image loaded: (256, 1024)
2025-09-15 20:34:34 - [INFO] - [DEBUG] Applying invert to original image
2025-09-15 20:34:34 - [INFO] - [DEBUG] simple_invert_pil_image: Processing L image, size = (256, 1024)
2025-09-15 20:34:34 - [INFO] - [DEBUG] simple_invert_image: input shape = (1024, 256), dtype = uint8
2025-09-15 20:34:34 - [INFO] - [DEBUG] Simple inversion completed: [0-255] -> [0-255]
2025-09-15 20:34:34 - [INFO] - [DEBUG] simple_invert_pil_image: completed
2025-09-15 20:34:34 - [INFO] - [DEBUG] Using STORED B/C values: B=0.00, C=1.00
2025-09-15 20:34:34 - [INFO] - [DEBUG]   Image layer loaded and processed
2025-09-15 20:34:34 - [INFO] - [DEBUG] Loading segmentation layer for Anterior
2025-09-15 20:34:34 - [INFO] - [DEBUG] Looking for segmentation (NEWEST): F:\projek dosen\prototype riset\hotspot-analyzer\data\PLANAR\EMA\10\20250628\ant_segm.png
2025-09-15 20:34:34 - [DEBUG] - STREAM b'IHDR' 16 13
2025-09-15 20:34:34 - [DEBUG] - STREAM b'IDAT' 41 6214
2025-09-15 20:34:34 - [INFO] - [DEBUG]   Loaded segmentation with transparency: F:\projek dosen\prototype riset\hotspot-analyzer\data\PLANAR\EMA\10\20250628\ant_segm.png
2025-09-15 20:34:34 - [INFO] - [DEBUG] Segmentation type: ORIGINAL
2025-09-15 20:34:34 - [INFO] - [DEBUG] Loading hotspot layer for Anterior
2025-09-15 20:34:34 - [INFO] - [DEBUG] Looking for hotspot classification (NEWEST): F:\projek dosen\prototype riset\hotspot-analyzer\data\PLANAR\EMA\10\20250628\ant_hotspot_classification.png
2025-09-15 20:34:34 - [INFO] - [DEBUG] No hotspot classification found: F:\projek dosen\prototype riset\hotspot-analyzer\data\PLANAR\EMA\10\20250628\ant_hotspot_classification.png
2025-09-15 20:34:34 - [INFO] - [DEBUG] Loading bbox layer for Anterior
2025-09-15 20:34:34 - [INFO] - [DEBUG] Looking for classification XML (NEWEST): F:\projek dosen\prototype riset\hotspot-analyzer\data\PLANAR\EMA\10\20250628\ant_hotspot_classification.xml
2025-09-15 20:34:34 - [INFO] - [DEBUG] No classification XML found: F:\projek dosen\prototype riset\hotspot-analyzer\data\PLANAR\EMA\10\20250628\ant_hotspot_classification.xml
2025-09-15 20:34:34 - [INFO] - [CACHE STORE] Not caching due to adjustments/overrides/invert
2025-09-15 20:34:34 - [INFO] - [DEBUG]   Loaded 2 layers for Anterior: ['Image', 'Segmentation']
2025-09-15 20:34:34 - [INFO] - [DEBUG] Available CLASSIFICATION layers in files: ['Image', 'Segmentation']
2025-09-15 20:34:34 - [INFO] - [DEBUG]   Added CLASSIFICATION Image to card 0 (opacity: 1.00)
2025-09-15 20:34:34 - [INFO] - [DEBUG]   CLASSIFICATION card 0 composite created with layers: ['Image']
2025-09-15 20:34:34 - [INFO] - [DEBUG] Creating CLASSIFICATION card 0 for view: Posterior
2025-09-15 20:34:34 - [INFO] - [DEBUG] Active layers selected: ['Image']
2025-09-15 20:34:34 - [INFO] - [DEBUG] DICOM path: F:\projek dosen\prototype riset\hotspot-analyzer\data\PLANAR\EMA\10\20250628\10.dcm
2025-09-15 20:34:34 - [INFO] - [DEBUG] Current view: Posterior
2025-09-15 20:34:34 - [INFO] - [CACHE DEBUG] use_cache=False
2025-09-15 20:34:34 - [INFO] - [CACHE DEBUG] has_adjustments=False (B=0.00, C=1.00)
2025-09-15 20:34:34 - [INFO] - [CACHE DEBUG] has_overrides=False (override_b=None, override_c=None)
2025-09-15 20:34:34 - [INFO] - [CACHE DEBUG] invert_original=True
2025-09-15 20:34:34 - [INFO] - [CACHE SKIP] Skipping cache due to adjustments/overrides/invert
2025-09-15 20:34:34 - [INFO] - [DEBUG] Path extraction: session=EMA, patient=10, study_date=20250628
2025-09-15 20:34:34 - [INFO] - [DEBUG] Extracted patient info - ID: 10, Session: EMA
2025-09-15 20:34:34 - [INFO] - [DEBUG] Original path: F:\projek dosen\prototype riset\hotspot-analyzer\data\PLANAR\EMA\10\20250628\10.dcm
2025-09-15 20:34:34 - [INFO] - [DEBUG] Study date: 20250628
2025-09-15 20:34:34 - [INFO] - [DEBUG] Patient ID: 10
2025-09-15 20:34:34 - [INFO] - [DEBUG] Session code: EMA
2025-09-15 20:34:34 - [INFO] - [DEBUG] Study date folder: F:\projek dosen\prototype riset\hotspot-analyzer\data\PLANAR\EMA\10\20250628
2025-09-15 20:34:34 - [INFO] - [DEBUG] Loading original image for Posterior
2025-09-15 20:34:34 - [INFO] - [DEBUG] Looking for original PNG in study_date dir: F:\projek dosen\prototype riset\hotspot-analyzer\data\PLANAR\EMA\10\20250628\post_original.png
2025-09-15 20:34:34 - [DEBUG] - STREAM b'IHDR' 16 13
2025-09-15 20:34:34 - [DEBUG] - STREAM b'IDAT' 41 65536
2025-09-15 20:34:34 - [INFO] - [DEBUG] Loaded original PNG from study_date dir: (256, 1024)
2025-09-15 20:34:34 - [INFO] - [DEBUG] Original image loaded: (256, 1024)
2025-09-15 20:34:34 - [INFO] - [DEBUG] Applying invert to original image
2025-09-15 20:34:34 - [INFO] - [DEBUG] simple_invert_pil_image: Processing L image, size = (256, 1024)
2025-09-15 20:34:34 - [INFO] - [DEBUG] simple_invert_image: input shape = (1024, 256), dtype = uint8
2025-09-15 20:34:34 - [INFO] - [DEBUG] Simple inversion completed: [0-255] -> [0-255]
2025-09-15 20:34:34 - [INFO] - [DEBUG] simple_invert_pil_image: completed
2025-09-15 20:34:34 - [INFO] - [DEBUG] Using STORED B/C values: B=0.00, C=1.00
2025-09-15 20:34:34 - [INFO] - [DEBUG]   Image layer loaded and processed
2025-09-15 20:34:34 - [INFO] - [DEBUG] Loading segmentation layer for Posterior
2025-09-15 20:34:34 - [INFO] - [DEBUG] Looking for segmentation (NEWEST): F:\projek dosen\prototype riset\hotspot-analyzer\data\PLANAR\EMA\10\20250628\post_segm.png
2025-09-15 20:34:34 - [DEBUG] - STREAM b'IHDR' 16 13
2025-09-15 20:34:34 - [DEBUG] - STREAM b'IDAT' 41 6048
2025-09-15 20:34:34 - [INFO] - [DEBUG]   Loaded segmentation with transparency: F:\projek dosen\prototype riset\hotspot-analyzer\data\PLANAR\EMA\10\20250628\post_segm.png
2025-09-15 20:34:34 - [INFO] - [DEBUG] Segmentation type: ORIGINAL
2025-09-15 20:34:34 - [INFO] - [DEBUG] Loading hotspot layer for Posterior
2025-09-15 20:34:34 - [INFO] - [DEBUG] Looking for hotspot classification (NEWEST): F:\projek dosen\prototype riset\hotspot-analyzer\data\PLANAR\EMA\10\20250628\post_hotspot_classification.png
2025-09-15 20:34:34 - [INFO] - [DEBUG] No hotspot classification found: F:\projek dosen\prototype riset\hotspot-analyzer\data\PLANAR\EMA\10\20250628\post_hotspot_classification.png
2025-09-15 20:34:34 - [INFO] - [DEBUG] Loading bbox layer for Posterior
2025-09-15 20:34:34 - [INFO] - [DEBUG] Looking for classification XML (NEWEST): F:\projek dosen\prototype riset\hotspot-analyzer\data\PLANAR\EMA\10\20250628\post_hotspot_classification.xml
2025-09-15 20:34:34 - [INFO] - [DEBUG] No classification XML found: F:\projek dosen\prototype riset\hotspot-analyzer\data\PLANAR\EMA\10\20250628\post_hotspot_classification.xml
2025-09-15 20:34:34 - [INFO] - [CACHE STORE] Not caching due to adjustments/overrides/invert
2025-09-15 20:34:34 - [INFO] - [DEBUG]   Loaded 2 layers for Posterior: ['Image', 'Segmentation']
2025-09-15 20:34:34 - [INFO] - [DEBUG] Available CLASSIFICATION layers in files: ['Image', 'Segmentation']
2025-09-15 20:34:34 - [INFO] - [DEBUG]   Added CLASSIFICATION Image to card 0 (opacity: 1.00)
2025-09-15 20:34:34 - [INFO] - [DEBUG]   CLASSIFICATION card 0 composite created with layers: ['Image']
2025-09-15 20:34:34 - [INFO] - [SMART UPDATE] State updated - Type: full
2025-09-15 20:34:34 - [INFO] - [SMART UPDATE] State updated - Type: layers
2025-09-15 20:34:34 - [INFO] - [DEBUG] Path extraction: session=EMA, patient=10, study_date=20250628
2025-09-15 20:34:34 - [INFO] - [DEBUG] Extracted patient info - ID: 10, Session: EMA
2025-09-15 20:34:34 - [INFO] - [DEBUG] Original path: F:\projek dosen\prototype riset\hotspot-analyzer\data\PLANAR\EMA\10\20250628\10.dcm
2025-09-15 20:34:34 - [INFO] - [SMART UPDATE] Change type: layers
2025-09-15 20:34:34 - [INFO] - [SMART UPDATE] Layers removed: ['Image']
2025-09-15 20:34:34 - [INFO] - [DEBUG] Timeline active layers set to: []
2025-09-15 20:34:34 - [INFO] - [SMART UPDATE] Full rebuild required for change type: layers
2025-09-15 20:34:34 - [INFO] - [DEBUG] Rebuilding timeline for active scan index: 0
2025-09-15 20:34:34 - [INFO] - [DEBUG] Creating CLASSIFICATION card 0 for view: Anterior
2025-09-15 20:34:34 - [INFO] - [DEBUG] Active layers selected: []
2025-09-15 20:34:34 - [INFO] - [DEBUG] DICOM path: F:\projek dosen\prototype riset\hotspot-analyzer\data\PLANAR\EMA\10\20250628\10.dcm
2025-09-15 20:34:34 - [INFO] - [DEBUG] Current view: Anterior
2025-09-15 20:34:34 - [INFO] - [CACHE DEBUG] use_cache=False
2025-09-15 20:34:34 - [INFO] - [CACHE DEBUG] has_adjustments=False (B=0.00, C=1.00)
2025-09-15 20:34:34 - [INFO] - [CACHE DEBUG] has_overrides=False (override_b=None, override_c=None)
2025-09-15 20:34:34 - [INFO] - [CACHE DEBUG] invert_original=True
2025-09-15 20:34:34 - [INFO] - [CACHE SKIP] Skipping cache due to adjustments/overrides/invert
2025-09-15 20:34:34 - [INFO] - [DEBUG] Path extraction: session=EMA, patient=10, study_date=20250628
2025-09-15 20:34:34 - [INFO] - [DEBUG] Extracted patient info - ID: 10, Session: EMA
2025-09-15 20:34:34 - [INFO] - [DEBUG] Original path: F:\projek dosen\prototype riset\hotspot-analyzer\data\PLANAR\EMA\10\20250628\10.dcm
2025-09-15 20:34:34 - [INFO] - [DEBUG] Study date: 20250628
2025-09-15 20:34:34 - [INFO] - [DEBUG] Patient ID: 10
2025-09-15 20:34:34 - [INFO] - [DEBUG] Session code: EMA
2025-09-15 20:34:34 - [INFO] - [DEBUG] Study date folder: F:\projek dosen\prototype riset\hotspot-analyzer\data\PLANAR\EMA\10\20250628
2025-09-15 20:34:34 - [INFO] - [DEBUG] Loading original image for Anterior
2025-09-15 20:34:34 - [INFO] - [DEBUG] Looking for original PNG in study_date dir: F:\projek dosen\prototype riset\hotspot-analyzer\data\PLANAR\EMA\10\20250628\ant_original.png
2025-09-15 20:34:34 - [DEBUG] - STREAM b'IHDR' 16 13
2025-09-15 20:34:34 - [DEBUG] - STREAM b'IDAT' 41 65536
2025-09-15 20:34:34 - [INFO] - [DEBUG] Loaded original PNG from study_date dir: (256, 1024)
2025-09-15 20:34:34 - [INFO] - [DEBUG] Original image loaded: (256, 1024)
2025-09-15 20:34:34 - [INFO] - [DEBUG] Applying invert to original image
2025-09-15 20:34:34 - [INFO] - [DEBUG] simple_invert_pil_image: Processing L image, size = (256, 1024)
2025-09-15 20:34:34 - [INFO] - [DEBUG] simple_invert_image: input shape = (1024, 256), dtype = uint8
2025-09-15 20:34:34 - [INFO] - [DEBUG] Simple inversion completed: [0-255] -> [0-255]
2025-09-15 20:34:34 - [INFO] - [DEBUG] simple_invert_pil_image: completed
2025-09-15 20:34:34 - [INFO] - [DEBUG] Using STORED B/C values: B=0.00, C=1.00
2025-09-15 20:34:34 - [INFO] - [DEBUG]   Image layer loaded and processed
2025-09-15 20:34:34 - [INFO] - [DEBUG] Loading segmentation layer for Anterior
2025-09-15 20:34:34 - [INFO] - [DEBUG] Looking for segmentation (NEWEST): F:\projek dosen\prototype riset\hotspot-analyzer\data\PLANAR\EMA\10\20250628\ant_segm.png
2025-09-15 20:34:34 - [DEBUG] - STREAM b'IHDR' 16 13
2025-09-15 20:34:34 - [DEBUG] - STREAM b'IDAT' 41 6214
2025-09-15 20:34:34 - [INFO] - [DEBUG]   Loaded segmentation with transparency: F:\projek dosen\prototype riset\hotspot-analyzer\data\PLANAR\EMA\10\20250628\ant_segm.png
2025-09-15 20:34:34 - [INFO] - [DEBUG] Segmentation type: ORIGINAL
2025-09-15 20:34:34 - [INFO] - [DEBUG] Loading hotspot layer for Anterior
2025-09-15 20:34:34 - [INFO] - [DEBUG] Looking for hotspot classification (NEWEST): F:\projek dosen\prototype riset\hotspot-analyzer\data\PLANAR\EMA\10\20250628\ant_hotspot_classification.png
2025-09-15 20:34:34 - [INFO] - [DEBUG] No hotspot classification found: F:\projek dosen\prototype riset\hotspot-analyzer\data\PLANAR\EMA\10\20250628\ant_hotspot_classification.png
2025-09-15 20:34:34 - [INFO] - [DEBUG] Loading bbox layer for Anterior
2025-09-15 20:34:34 - [INFO] - [DEBUG] Looking for classification XML (NEWEST): F:\projek dosen\prototype riset\hotspot-analyzer\data\PLANAR\EMA\10\20250628\ant_hotspot_classification.xml
2025-09-15 20:34:34 - [INFO] - [DEBUG] No classification XML found: F:\projek dosen\prototype riset\hotspot-analyzer\data\PLANAR\EMA\10\20250628\ant_hotspot_classification.xml
2025-09-15 20:34:34 - [INFO] - [CACHE STORE] Not caching due to adjustments/overrides/invert
2025-09-15 20:34:34 - [INFO] - [DEBUG]   Loaded 2 layers for Anterior: ['Image', 'Segmentation']
2025-09-15 20:34:34 - [INFO] - [DEBUG] Available CLASSIFICATION layers in files: ['Image', 'Segmentation']
2025-09-15 20:34:34 - [INFO] - [DEBUG] Creating CLASSIFICATION card 0 for view: Posterior
2025-09-15 20:34:34 - [INFO] - [DEBUG] Active layers selected: []
2025-09-15 20:34:34 - [INFO] - [DEBUG] DICOM path: F:\projek dosen\prototype riset\hotspot-analyzer\data\PLANAR\EMA\10\20250628\10.dcm
2025-09-15 20:34:34 - [INFO] - [DEBUG] Current view: Posterior
2025-09-15 20:34:34 - [INFO] - [CACHE DEBUG] use_cache=False
2025-09-15 20:34:34 - [INFO] - [CACHE DEBUG] has_adjustments=False (B=0.00, C=1.00)
2025-09-15 20:34:34 - [INFO] - [CACHE DEBUG] has_overrides=False (override_b=None, override_c=None)
2025-09-15 20:34:34 - [INFO] - [CACHE DEBUG] invert_original=True
2025-09-15 20:34:34 - [INFO] - [CACHE SKIP] Skipping cache due to adjustments/overrides/invert
2025-09-15 20:34:34 - [INFO] - [DEBUG] Path extraction: session=EMA, patient=10, study_date=20250628
2025-09-15 20:34:34 - [INFO] - [DEBUG] Extracted patient info - ID: 10, Session: EMA
2025-09-15 20:34:34 - [INFO] - [DEBUG] Original path: F:\projek dosen\prototype riset\hotspot-analyzer\data\PLANAR\EMA\10\20250628\10.dcm
2025-09-15 20:34:34 - [INFO] - [DEBUG] Study date: 20250628
2025-09-15 20:34:34 - [INFO] - [DEBUG] Patient ID: 10
2025-09-15 20:34:34 - [INFO] - [DEBUG] Session code: EMA
2025-09-15 20:34:34 - [INFO] - [DEBUG] Study date folder: F:\projek dosen\prototype riset\hotspot-analyzer\data\PLANAR\EMA\10\20250628
2025-09-15 20:34:34 - [INFO] - [DEBUG] Loading original image for Posterior
2025-09-15 20:34:34 - [INFO] - [DEBUG] Looking for original PNG in study_date dir: F:\projek dosen\prototype riset\hotspot-analyzer\data\PLANAR\EMA\10\20250628\post_original.png
2025-09-15 20:34:34 - [DEBUG] - STREAM b'IHDR' 16 13
2025-09-15 20:34:34 - [DEBUG] - STREAM b'IDAT' 41 65536
2025-09-15 20:34:34 - [INFO] - [DEBUG] Loaded original PNG from study_date dir: (256, 1024)
2025-09-15 20:34:34 - [INFO] - [DEBUG] Original image loaded: (256, 1024)
2025-09-15 20:34:34 - [INFO] - [DEBUG] Applying invert to original image
2025-09-15 20:34:34 - [INFO] - [DEBUG] simple_invert_pil_image: Processing L image, size = (256, 1024)
2025-09-15 20:34:34 - [INFO] - [DEBUG] simple_invert_image: input shape = (1024, 256), dtype = uint8
2025-09-15 20:34:34 - [INFO] - [DEBUG] Simple inversion completed: [0-255] -> [0-255]
2025-09-15 20:34:34 - [INFO] - [DEBUG] simple_invert_pil_image: completed
2025-09-15 20:34:34 - [INFO] - [DEBUG] Using STORED B/C values: B=0.00, C=1.00
2025-09-15 20:34:34 - [INFO] - [DEBUG]   Image layer loaded and processed
2025-09-15 20:34:34 - [INFO] - [DEBUG] Loading segmentation layer for Posterior
2025-09-15 20:34:34 - [INFO] - [DEBUG] Looking for segmentation (NEWEST): F:\projek dosen\prototype riset\hotspot-analyzer\data\PLANAR\EMA\10\20250628\post_segm.png
2025-09-15 20:34:34 - [DEBUG] - STREAM b'IHDR' 16 13
2025-09-15 20:34:34 - [DEBUG] - STREAM b'IDAT' 41 6048
2025-09-15 20:34:34 - [INFO] - [DEBUG]   Loaded segmentation with transparency: F:\projek dosen\prototype riset\hotspot-analyzer\data\PLANAR\EMA\10\20250628\post_segm.png
2025-09-15 20:34:34 - [INFO] - [DEBUG] Segmentation type: ORIGINAL
2025-09-15 20:34:34 - [INFO] - [DEBUG] Loading hotspot layer for Posterior
2025-09-15 20:34:34 - [INFO] - [DEBUG] Looking for hotspot classification (NEWEST): F:\projek dosen\prototype riset\hotspot-analyzer\data\PLANAR\EMA\10\20250628\post_hotspot_classification.png
2025-09-15 20:34:34 - [INFO] - [DEBUG] No hotspot classification found: F:\projek dosen\prototype riset\hotspot-analyzer\data\PLANAR\EMA\10\20250628\post_hotspot_classification.png
2025-09-15 20:34:34 - [INFO] - [DEBUG] Loading bbox layer for Posterior
2025-09-15 20:34:34 - [INFO] - [DEBUG] Looking for classification XML (NEWEST): F:\projek dosen\prototype riset\hotspot-analyzer\data\PLANAR\EMA\10\20250628\post_hotspot_classification.xml
2025-09-15 20:34:34 - [INFO] - [DEBUG] No classification XML found: F:\projek dosen\prototype riset\hotspot-analyzer\data\PLANAR\EMA\10\20250628\post_hotspot_classification.xml
2025-09-15 20:34:34 - [INFO] - [CACHE STORE] Not caching due to adjustments/overrides/invert
2025-09-15 20:34:34 - [INFO] - [DEBUG]   Loaded 2 layers for Posterior: ['Image', 'Segmentation']
2025-09-15 20:34:34 - [INFO] - [DEBUG] Available CLASSIFICATION layers in files: ['Image', 'Segmentation']
2025-09-15 20:34:34 - [INFO] - [SMART UPDATE] State updated - Type: full
2025-09-15 20:34:34 - [INFO] - [SMART UPDATE] State updated - Type: layers
2025-09-15 20:34:34 - [INFO] - [DEBUG] Path extraction: session=EMA, patient=10, study_date=20250628
2025-09-15 20:34:34 - [INFO] - [DEBUG] Extracted patient info - ID: 10, Session: EMA
2025-09-15 20:34:34 - [INFO] - [DEBUG] Original path: F:\projek dosen\prototype riset\hotspot-analyzer\data\PLANAR\EMA\10\20250628\10.dcm
2025-09-15 20:34:34 - [INFO] - [SMART UPDATE] Change type: none
2025-09-15 20:34:34 - [INFO] - [DEBUG] Timeline active layers set to: []
2025-09-15 20:34:34 - [INFO] - [SMART UPDATE] No changes detected, skipping update
2025-09-15 20:34:34 - [INFO] - [DEBUG] Set Image opacity to 1.00
2025-09-15 20:34:34 - [INFO] - [SMART UPDATE] Change type: none
2025-09-15 20:34:34 - [INFO] - [SMART UPDATE] Using full rebuild for opacity change
2025-09-15 20:34:34 - [INFO] - [DEBUG] Rebuilding timeline for active scan index: 0
2025-09-15 20:34:34 - [INFO] - [DEBUG] Creating CLASSIFICATION card 0 for view: Anterior
2025-09-15 20:34:34 - [INFO] - [DEBUG] Active layers selected: []
2025-09-15 20:34:34 - [INFO] - [DEBUG] DICOM path: F:\projek dosen\prototype riset\hotspot-analyzer\data\PLANAR\EMA\10\20250628\10.dcm
2025-09-15 20:34:34 - [INFO] - [DEBUG] Current view: Anterior
2025-09-15 20:34:34 - [INFO] - [CACHE DEBUG] use_cache=False
2025-09-15 20:34:34 - [INFO] - [CACHE DEBUG] has_adjustments=False (B=0.00, C=1.00)
2025-09-15 20:34:34 - [INFO] - [CACHE DEBUG] has_overrides=False (override_b=None, override_c=None)
2025-09-15 20:34:34 - [INFO] - [CACHE DEBUG] invert_original=True
2025-09-15 20:34:34 - [INFO] - [CACHE SKIP] Skipping cache due to adjustments/overrides/invert
2025-09-15 20:34:34 - [INFO] - [DEBUG] Path extraction: session=EMA, patient=10, study_date=20250628
2025-09-15 20:34:34 - [INFO] - [DEBUG] Extracted patient info - ID: 10, Session: EMA
2025-09-15 20:34:34 - [INFO] - [DEBUG] Original path: F:\projek dosen\prototype riset\hotspot-analyzer\data\PLANAR\EMA\10\20250628\10.dcm
2025-09-15 20:34:34 - [INFO] - [DEBUG] Study date: 20250628
2025-09-15 20:34:34 - [INFO] - [DEBUG] Patient ID: 10
2025-09-15 20:34:34 - [INFO] - [DEBUG] Session code: EMA
2025-09-15 20:34:34 - [INFO] - [DEBUG] Study date folder: F:\projek dosen\prototype riset\hotspot-analyzer\data\PLANAR\EMA\10\20250628
2025-09-15 20:34:34 - [INFO] - [DEBUG] Loading original image for Anterior
2025-09-15 20:34:34 - [INFO] - [DEBUG] Looking for original PNG in study_date dir: F:\projek dosen\prototype riset\hotspot-analyzer\data\PLANAR\EMA\10\20250628\ant_original.png
2025-09-15 20:34:34 - [DEBUG] - STREAM b'IHDR' 16 13
2025-09-15 20:34:34 - [DEBUG] - STREAM b'IDAT' 41 65536
2025-09-15 20:34:34 - [INFO] - [DEBUG] Loaded original PNG from study_date dir: (256, 1024)
2025-09-15 20:34:34 - [INFO] - [DEBUG] Original image loaded: (256, 1024)
2025-09-15 20:34:34 - [INFO] - [DEBUG] Applying invert to original image
2025-09-15 20:34:34 - [INFO] - [DEBUG] simple_invert_pil_image: Processing L image, size = (256, 1024)
2025-09-15 20:34:34 - [INFO] - [DEBUG] simple_invert_image: input shape = (1024, 256), dtype = uint8
2025-09-15 20:34:34 - [INFO] - [DEBUG] Simple inversion completed: [0-255] -> [0-255]
2025-09-15 20:34:34 - [INFO] - [DEBUG] simple_invert_pil_image: completed
2025-09-15 20:34:34 - [INFO] - [DEBUG] Using STORED B/C values: B=0.00, C=1.00
2025-09-15 20:34:34 - [INFO] - [DEBUG]   Image layer loaded and processed
2025-09-15 20:34:34 - [INFO] - [DEBUG] Loading segmentation layer for Anterior
2025-09-15 20:34:34 - [INFO] - [DEBUG] Looking for segmentation (NEWEST): F:\projek dosen\prototype riset\hotspot-analyzer\data\PLANAR\EMA\10\20250628\ant_segm.png
2025-09-15 20:34:34 - [DEBUG] - STREAM b'IHDR' 16 13
2025-09-15 20:34:34 - [DEBUG] - STREAM b'IDAT' 41 6214
2025-09-15 20:34:34 - [INFO] - [DEBUG]   Loaded segmentation with transparency: F:\projek dosen\prototype riset\hotspot-analyzer\data\PLANAR\EMA\10\20250628\ant_segm.png
2025-09-15 20:34:34 - [INFO] - [DEBUG] Segmentation type: ORIGINAL
2025-09-15 20:34:34 - [INFO] - [DEBUG] Loading hotspot layer for Anterior
2025-09-15 20:34:34 - [INFO] - [DEBUG] Looking for hotspot classification (NEWEST): F:\projek dosen\prototype riset\hotspot-analyzer\data\PLANAR\EMA\10\20250628\ant_hotspot_classification.png
2025-09-15 20:34:34 - [INFO] - [DEBUG] No hotspot classification found: F:\projek dosen\prototype riset\hotspot-analyzer\data\PLANAR\EMA\10\20250628\ant_hotspot_classification.png
2025-09-15 20:34:34 - [INFO] - [DEBUG] Loading bbox layer for Anterior
2025-09-15 20:34:34 - [INFO] - [DEBUG] Looking for classification XML (NEWEST): F:\projek dosen\prototype riset\hotspot-analyzer\data\PLANAR\EMA\10\20250628\ant_hotspot_classification.xml
2025-09-15 20:34:34 - [INFO] - [DEBUG] No classification XML found: F:\projek dosen\prototype riset\hotspot-analyzer\data\PLANAR\EMA\10\20250628\ant_hotspot_classification.xml
2025-09-15 20:34:34 - [INFO] - [CACHE STORE] Not caching due to adjustments/overrides/invert
2025-09-15 20:34:34 - [INFO] - [DEBUG]   Loaded 2 layers for Anterior: ['Image', 'Segmentation']
2025-09-15 20:34:34 - [INFO] - [DEBUG] Available CLASSIFICATION layers in files: ['Image', 'Segmentation']
2025-09-15 20:34:34 - [INFO] - [DEBUG] Creating CLASSIFICATION card 0 for view: Posterior
2025-09-15 20:34:34 - [INFO] - [DEBUG] Active layers selected: []
2025-09-15 20:34:34 - [INFO] - [DEBUG] DICOM path: F:\projek dosen\prototype riset\hotspot-analyzer\data\PLANAR\EMA\10\20250628\10.dcm
2025-09-15 20:34:34 - [INFO] - [DEBUG] Current view: Posterior
2025-09-15 20:34:34 - [INFO] - [CACHE DEBUG] use_cache=False
2025-09-15 20:34:34 - [INFO] - [CACHE DEBUG] has_adjustments=False (B=0.00, C=1.00)
2025-09-15 20:34:34 - [INFO] - [CACHE DEBUG] has_overrides=False (override_b=None, override_c=None)
2025-09-15 20:34:34 - [INFO] - [CACHE DEBUG] invert_original=True
2025-09-15 20:34:34 - [INFO] - [CACHE SKIP] Skipping cache due to adjustments/overrides/invert
2025-09-15 20:34:34 - [INFO] - [DEBUG] Path extraction: session=EMA, patient=10, study_date=20250628
2025-09-15 20:34:34 - [INFO] - [DEBUG] Extracted patient info - ID: 10, Session: EMA
2025-09-15 20:34:34 - [INFO] - [DEBUG] Original path: F:\projek dosen\prototype riset\hotspot-analyzer\data\PLANAR\EMA\10\20250628\10.dcm
2025-09-15 20:34:34 - [INFO] - [DEBUG] Study date: 20250628
2025-09-15 20:34:34 - [INFO] - [DEBUG] Patient ID: 10
2025-09-15 20:34:34 - [INFO] - [DEBUG] Session code: EMA
2025-09-15 20:34:34 - [INFO] - [DEBUG] Study date folder: F:\projek dosen\prototype riset\hotspot-analyzer\data\PLANAR\EMA\10\20250628
2025-09-15 20:34:34 - [INFO] - [DEBUG] Loading original image for Posterior
2025-09-15 20:34:34 - [INFO] - [DEBUG] Looking for original PNG in study_date dir: F:\projek dosen\prototype riset\hotspot-analyzer\data\PLANAR\EMA\10\20250628\post_original.png
2025-09-15 20:34:34 - [DEBUG] - STREAM b'IHDR' 16 13
2025-09-15 20:34:34 - [DEBUG] - STREAM b'IDAT' 41 65536
2025-09-15 20:34:34 - [INFO] - [DEBUG] Loaded original PNG from study_date dir: (256, 1024)
2025-09-15 20:34:34 - [INFO] - [DEBUG] Original image loaded: (256, 1024)
2025-09-15 20:34:34 - [INFO] - [DEBUG] Applying invert to original image
2025-09-15 20:34:34 - [INFO] - [DEBUG] simple_invert_pil_image: Processing L image, size = (256, 1024)
2025-09-15 20:34:34 - [INFO] - [DEBUG] simple_invert_image: input shape = (1024, 256), dtype = uint8
2025-09-15 20:34:34 - [INFO] - [DEBUG] Simple inversion completed: [0-255] -> [0-255]
2025-09-15 20:34:34 - [INFO] - [DEBUG] simple_invert_pil_image: completed
2025-09-15 20:34:34 - [INFO] - [DEBUG] Using STORED B/C values: B=0.00, C=1.00
2025-09-15 20:34:34 - [INFO] - [DEBUG]   Image layer loaded and processed
2025-09-15 20:34:34 - [INFO] - [DEBUG] Loading segmentation layer for Posterior
2025-09-15 20:34:34 - [INFO] - [DEBUG] Looking for segmentation (NEWEST): F:\projek dosen\prototype riset\hotspot-analyzer\data\PLANAR\EMA\10\20250628\post_segm.png
2025-09-15 20:34:34 - [DEBUG] - STREAM b'IHDR' 16 13
2025-09-15 20:34:34 - [DEBUG] - STREAM b'IDAT' 41 6048
2025-09-15 20:34:34 - [INFO] - [DEBUG]   Loaded segmentation with transparency: F:\projek dosen\prototype riset\hotspot-analyzer\data\PLANAR\EMA\10\20250628\post_segm.png
2025-09-15 20:34:34 - [INFO] - [DEBUG] Segmentation type: ORIGINAL
2025-09-15 20:34:34 - [INFO] - [DEBUG] Loading hotspot layer for Posterior
2025-09-15 20:34:34 - [INFO] - [DEBUG] Looking for hotspot classification (NEWEST): F:\projek dosen\prototype riset\hotspot-analyzer\data\PLANAR\EMA\10\20250628\post_hotspot_classification.png
2025-09-15 20:34:34 - [INFO] - [DEBUG] No hotspot classification found: F:\projek dosen\prototype riset\hotspot-analyzer\data\PLANAR\EMA\10\20250628\post_hotspot_classification.png
2025-09-15 20:34:34 - [INFO] - [DEBUG] Loading bbox layer for Posterior
2025-09-15 20:34:34 - [INFO] - [DEBUG] Looking for classification XML (NEWEST): F:\projek dosen\prototype riset\hotspot-analyzer\data\PLANAR\EMA\10\20250628\post_hotspot_classification.xml
2025-09-15 20:34:34 - [INFO] - [DEBUG] No classification XML found: F:\projek dosen\prototype riset\hotspot-analyzer\data\PLANAR\EMA\10\20250628\post_hotspot_classification.xml
2025-09-15 20:34:34 - [INFO] - [CACHE STORE] Not caching due to adjustments/overrides/invert
2025-09-15 20:34:34 - [INFO] - [DEBUG]   Loaded 2 layers for Posterior: ['Image', 'Segmentation']
2025-09-15 20:34:34 - [INFO] - [DEBUG] Available CLASSIFICATION layers in files: ['Image', 'Segmentation']
2025-09-15 20:34:34 - [INFO] - [SMART UPDATE] State updated - Type: full
2025-09-15 20:34:34 - [INFO] - [SMART UPDATE] State updated - Type: rebuild
2025-09-15 20:34:34 - [INFO] - [DEBUG] Set Segmentation opacity to 0.35
2025-09-15 20:34:34 - [INFO] - [SMART UPDATE] Change type: none
2025-09-15 20:34:34 - [INFO] - [SMART UPDATE] Using full rebuild for opacity change
2025-09-15 20:34:34 - [INFO] - [DEBUG] Rebuilding timeline for active scan index: 0
2025-09-15 20:34:34 - [INFO] - [DEBUG] Creating CLASSIFICATION card 0 for view: Anterior
2025-09-15 20:34:34 - [INFO] - [DEBUG] Active layers selected: []
2025-09-15 20:34:34 - [INFO] - [DEBUG] DICOM path: F:\projek dosen\prototype riset\hotspot-analyzer\data\PLANAR\EMA\10\20250628\10.dcm
2025-09-15 20:34:34 - [INFO] - [DEBUG] Current view: Anterior
2025-09-15 20:34:34 - [INFO] - [CACHE DEBUG] use_cache=False
2025-09-15 20:34:34 - [INFO] - [CACHE DEBUG] has_adjustments=False (B=0.00, C=1.00)
2025-09-15 20:34:34 - [INFO] - [CACHE DEBUG] has_overrides=False (override_b=None, override_c=None)
2025-09-15 20:34:34 - [INFO] - [CACHE DEBUG] invert_original=True
2025-09-15 20:34:34 - [INFO] - [CACHE SKIP] Skipping cache due to adjustments/overrides/invert
2025-09-15 20:34:34 - [INFO] - [DEBUG] Path extraction: session=EMA, patient=10, study_date=20250628
2025-09-15 20:34:34 - [INFO] - [DEBUG] Extracted patient info - ID: 10, Session: EMA
2025-09-15 20:34:34 - [INFO] - [DEBUG] Original path: F:\projek dosen\prototype riset\hotspot-analyzer\data\PLANAR\EMA\10\20250628\10.dcm
2025-09-15 20:34:34 - [INFO] - [DEBUG] Study date: 20250628
2025-09-15 20:34:34 - [INFO] - [DEBUG] Patient ID: 10
2025-09-15 20:34:34 - [INFO] - [DEBUG] Session code: EMA
2025-09-15 20:34:34 - [INFO] - [DEBUG] Study date folder: F:\projek dosen\prototype riset\hotspot-analyzer\data\PLANAR\EMA\10\20250628
2025-09-15 20:34:34 - [INFO] - [DEBUG] Loading original image for Anterior
2025-09-15 20:34:34 - [INFO] - [DEBUG] Looking for original PNG in study_date dir: F:\projek dosen\prototype riset\hotspot-analyzer\data\PLANAR\EMA\10\20250628\ant_original.png
2025-09-15 20:34:34 - [DEBUG] - STREAM b'IHDR' 16 13
2025-09-15 20:34:34 - [DEBUG] - STREAM b'IDAT' 41 65536
2025-09-15 20:34:34 - [INFO] - [DEBUG] Loaded original PNG from study_date dir: (256, 1024)
2025-09-15 20:34:34 - [INFO] - [DEBUG] Original image loaded: (256, 1024)
2025-09-15 20:34:34 - [INFO] - [DEBUG] Applying invert to original image
2025-09-15 20:34:34 - [INFO] - [DEBUG] simple_invert_pil_image: Processing L image, size = (256, 1024)
2025-09-15 20:34:34 - [INFO] - [DEBUG] simple_invert_image: input shape = (1024, 256), dtype = uint8
2025-09-15 20:34:34 - [INFO] - [DEBUG] Simple inversion completed: [0-255] -> [0-255]
2025-09-15 20:34:34 - [INFO] - [DEBUG] simple_invert_pil_image: completed
2025-09-15 20:34:34 - [INFO] - [DEBUG] Using STORED B/C values: B=0.00, C=1.00
2025-09-15 20:34:34 - [INFO] - [DEBUG]   Image layer loaded and processed
2025-09-15 20:34:34 - [INFO] - [DEBUG] Loading segmentation layer for Anterior
2025-09-15 20:34:34 - [INFO] - [DEBUG] Looking for segmentation (NEWEST): F:\projek dosen\prototype riset\hotspot-analyzer\data\PLANAR\EMA\10\20250628\ant_segm.png
2025-09-15 20:34:34 - [DEBUG] - STREAM b'IHDR' 16 13
2025-09-15 20:34:34 - [DEBUG] - STREAM b'IDAT' 41 6214
2025-09-15 20:34:34 - [INFO] - [DEBUG]   Loaded segmentation with transparency: F:\projek dosen\prototype riset\hotspot-analyzer\data\PLANAR\EMA\10\20250628\ant_segm.png
2025-09-15 20:34:34 - [INFO] - [DEBUG] Segmentation type: ORIGINAL
2025-09-15 20:34:34 - [INFO] - [DEBUG] Loading hotspot layer for Anterior
2025-09-15 20:34:34 - [INFO] - [DEBUG] Looking for hotspot classification (NEWEST): F:\projek dosen\prototype riset\hotspot-analyzer\data\PLANAR\EMA\10\20250628\ant_hotspot_classification.png
2025-09-15 20:34:34 - [INFO] - [DEBUG] No hotspot classification found: F:\projek dosen\prototype riset\hotspot-analyzer\data\PLANAR\EMA\10\20250628\ant_hotspot_classification.png
2025-09-15 20:34:34 - [INFO] - [DEBUG] Loading bbox layer for Anterior
2025-09-15 20:34:34 - [INFO] - [DEBUG] Looking for classification XML (NEWEST): F:\projek dosen\prototype riset\hotspot-analyzer\data\PLANAR\EMA\10\20250628\ant_hotspot_classification.xml
2025-09-15 20:34:34 - [INFO] - [DEBUG] No classification XML found: F:\projek dosen\prototype riset\hotspot-analyzer\data\PLANAR\EMA\10\20250628\ant_hotspot_classification.xml
2025-09-15 20:34:34 - [INFO] - [CACHE STORE] Not caching due to adjustments/overrides/invert
2025-09-15 20:34:34 - [INFO] - [DEBUG]   Loaded 2 layers for Anterior: ['Image', 'Segmentation']
2025-09-15 20:34:34 - [INFO] - [DEBUG] Available CLASSIFICATION layers in files: ['Image', 'Segmentation']
2025-09-15 20:34:34 - [INFO] - [DEBUG] Creating CLASSIFICATION card 0 for view: Posterior
2025-09-15 20:34:34 - [INFO] - [DEBUG] Active layers selected: []
2025-09-15 20:34:34 - [INFO] - [DEBUG] DICOM path: F:\projek dosen\prototype riset\hotspot-analyzer\data\PLANAR\EMA\10\20250628\10.dcm
2025-09-15 20:34:34 - [INFO] - [DEBUG] Current view: Posterior
2025-09-15 20:34:34 - [INFO] - [CACHE DEBUG] use_cache=False
2025-09-15 20:34:34 - [INFO] - [CACHE DEBUG] has_adjustments=False (B=0.00, C=1.00)
2025-09-15 20:34:34 - [INFO] - [CACHE DEBUG] has_overrides=False (override_b=None, override_c=None)
2025-09-15 20:34:34 - [INFO] - [CACHE DEBUG] invert_original=True
2025-09-15 20:34:34 - [INFO] - [CACHE SKIP] Skipping cache due to adjustments/overrides/invert
2025-09-15 20:34:34 - [INFO] - [DEBUG] Path extraction: session=EMA, patient=10, study_date=20250628
2025-09-15 20:34:34 - [INFO] - [DEBUG] Extracted patient info - ID: 10, Session: EMA
2025-09-15 20:34:34 - [INFO] - [DEBUG] Original path: F:\projek dosen\prototype riset\hotspot-analyzer\data\PLANAR\EMA\10\20250628\10.dcm
2025-09-15 20:34:34 - [INFO] - [DEBUG] Study date: 20250628
2025-09-15 20:34:34 - [INFO] - [DEBUG] Patient ID: 10
2025-09-15 20:34:34 - [INFO] - [DEBUG] Session code: EMA
2025-09-15 20:34:34 - [INFO] - [DEBUG] Study date folder: F:\projek dosen\prototype riset\hotspot-analyzer\data\PLANAR\EMA\10\20250628
2025-09-15 20:34:34 - [INFO] - [DEBUG] Loading original image for Posterior
2025-09-15 20:34:34 - [INFO] - [DEBUG] Looking for original PNG in study_date dir: F:\projek dosen\prototype riset\hotspot-analyzer\data\PLANAR\EMA\10\20250628\post_original.png
2025-09-15 20:34:34 - [DEBUG] - STREAM b'IHDR' 16 13
2025-09-15 20:34:34 - [DEBUG] - STREAM b'IDAT' 41 65536
2025-09-15 20:34:34 - [INFO] - [DEBUG] Loaded original PNG from study_date dir: (256, 1024)
2025-09-15 20:34:34 - [INFO] - [DEBUG] Original image loaded: (256, 1024)
2025-09-15 20:34:34 - [INFO] - [DEBUG] Applying invert to original image
2025-09-15 20:34:34 - [INFO] - [DEBUG] simple_invert_pil_image: Processing L image, size = (256, 1024)
2025-09-15 20:34:34 - [INFO] - [DEBUG] simple_invert_image: input shape = (1024, 256), dtype = uint8
2025-09-15 20:34:34 - [INFO] - [DEBUG] Simple inversion completed: [0-255] -> [0-255]
2025-09-15 20:34:34 - [INFO] - [DEBUG] simple_invert_pil_image: completed
2025-09-15 20:34:34 - [INFO] - [DEBUG] Using STORED B/C values: B=0.00, C=1.00
2025-09-15 20:34:34 - [INFO] - [DEBUG]   Image layer loaded and processed
2025-09-15 20:34:34 - [INFO] - [DEBUG] Loading segmentation layer for Posterior
2025-09-15 20:34:34 - [INFO] - [DEBUG] Looking for segmentation (NEWEST): F:\projek dosen\prototype riset\hotspot-analyzer\data\PLANAR\EMA\10\20250628\post_segm.png
2025-09-15 20:34:34 - [DEBUG] - STREAM b'IHDR' 16 13
2025-09-15 20:34:34 - [DEBUG] - STREAM b'IDAT' 41 6048
2025-09-15 20:34:34 - [INFO] - [DEBUG]   Loaded segmentation with transparency: F:\projek dosen\prototype riset\hotspot-analyzer\data\PLANAR\EMA\10\20250628\post_segm.png
2025-09-15 20:34:34 - [INFO] - [DEBUG] Segmentation type: ORIGINAL
2025-09-15 20:34:34 - [INFO] - [DEBUG] Loading hotspot layer for Posterior
2025-09-15 20:34:34 - [INFO] - [DEBUG] Looking for hotspot classification (NEWEST): F:\projek dosen\prototype riset\hotspot-analyzer\data\PLANAR\EMA\10\20250628\post_hotspot_classification.png
2025-09-15 20:34:34 - [INFO] - [DEBUG] No hotspot classification found: F:\projek dosen\prototype riset\hotspot-analyzer\data\PLANAR\EMA\10\20250628\post_hotspot_classification.png
2025-09-15 20:34:34 - [INFO] - [DEBUG] Loading bbox layer for Posterior
2025-09-15 20:34:34 - [INFO] - [DEBUG] Looking for classification XML (NEWEST): F:\projek dosen\prototype riset\hotspot-analyzer\data\PLANAR\EMA\10\20250628\post_hotspot_classification.xml
2025-09-15 20:34:34 - [INFO] - [DEBUG] No classification XML found: F:\projek dosen\prototype riset\hotspot-analyzer\data\PLANAR\EMA\10\20250628\post_hotspot_classification.xml
2025-09-15 20:34:34 - [INFO] - [CACHE STORE] Not caching due to adjustments/overrides/invert
2025-09-15 20:34:34 - [INFO] - [DEBUG]   Loaded 2 layers for Posterior: ['Image', 'Segmentation']
2025-09-15 20:34:34 - [INFO] - [DEBUG] Available CLASSIFICATION layers in files: ['Image', 'Segmentation']
2025-09-15 20:34:34 - [INFO] - [SMART UPDATE] State updated - Type: full
2025-09-15 20:34:34 - [INFO] - [SMART UPDATE] State updated - Type: rebuild
2025-09-15 20:34:34 - [INFO] - [DEBUG] Set Hotspot opacity to 0.50
2025-09-15 20:34:34 - [INFO] - [SMART UPDATE] Change type: none
2025-09-15 20:34:34 - [INFO] - [SMART UPDATE] Using full rebuild for opacity change
2025-09-15 20:34:34 - [INFO] - [DEBUG] Rebuilding timeline for active scan index: 0
2025-09-15 20:34:34 - [INFO] - [DEBUG] Creating CLASSIFICATION card 0 for view: Anterior
2025-09-15 20:34:34 - [INFO] - [DEBUG] Active layers selected: []
2025-09-15 20:34:34 - [INFO] - [DEBUG] DICOM path: F:\projek dosen\prototype riset\hotspot-analyzer\data\PLANAR\EMA\10\20250628\10.dcm
2025-09-15 20:34:34 - [INFO] - [DEBUG] Current view: Anterior
2025-09-15 20:34:34 - [INFO] - [CACHE DEBUG] use_cache=False
2025-09-15 20:34:34 - [INFO] - [CACHE DEBUG] has_adjustments=False (B=0.00, C=1.00)
2025-09-15 20:34:34 - [INFO] - [CACHE DEBUG] has_overrides=False (override_b=None, override_c=None)
2025-09-15 20:34:34 - [INFO] - [CACHE DEBUG] invert_original=True
2025-09-15 20:34:34 - [INFO] - [CACHE SKIP] Skipping cache due to adjustments/overrides/invert
2025-09-15 20:34:34 - [INFO] - [DEBUG] Path extraction: session=EMA, patient=10, study_date=20250628
2025-09-15 20:34:34 - [INFO] - [DEBUG] Extracted patient info - ID: 10, Session: EMA
2025-09-15 20:34:34 - [INFO] - [DEBUG] Original path: F:\projek dosen\prototype riset\hotspot-analyzer\data\PLANAR\EMA\10\20250628\10.dcm
2025-09-15 20:34:34 - [INFO] - [DEBUG] Study date: 20250628
2025-09-15 20:34:34 - [INFO] - [DEBUG] Patient ID: 10
2025-09-15 20:34:34 - [INFO] - [DEBUG] Session code: EMA
2025-09-15 20:34:34 - [INFO] - [DEBUG] Study date folder: F:\projek dosen\prototype riset\hotspot-analyzer\data\PLANAR\EMA\10\20250628
2025-09-15 20:34:34 - [INFO] - [DEBUG] Loading original image for Anterior
2025-09-15 20:34:34 - [INFO] - [DEBUG] Looking for original PNG in study_date dir: F:\projek dosen\prototype riset\hotspot-analyzer\data\PLANAR\EMA\10\20250628\ant_original.png
2025-09-15 20:34:34 - [DEBUG] - STREAM b'IHDR' 16 13
2025-09-15 20:34:34 - [DEBUG] - STREAM b'IDAT' 41 65536
2025-09-15 20:34:34 - [INFO] - [DEBUG] Loaded original PNG from study_date dir: (256, 1024)
2025-09-15 20:34:34 - [INFO] - [DEBUG] Original image loaded: (256, 1024)
2025-09-15 20:34:34 - [INFO] - [DEBUG] Applying invert to original image
2025-09-15 20:34:34 - [INFO] - [DEBUG] simple_invert_pil_image: Processing L image, size = (256, 1024)
2025-09-15 20:34:34 - [INFO] - [DEBUG] simple_invert_image: input shape = (1024, 256), dtype = uint8
2025-09-15 20:34:34 - [INFO] - [DEBUG] Simple inversion completed: [0-255] -> [0-255]
2025-09-15 20:34:34 - [INFO] - [DEBUG] simple_invert_pil_image: completed
2025-09-15 20:34:34 - [INFO] - [DEBUG] Using STORED B/C values: B=0.00, C=1.00
2025-09-15 20:34:34 - [INFO] - [DEBUG]   Image layer loaded and processed
2025-09-15 20:34:34 - [INFO] - [DEBUG] Loading segmentation layer for Anterior
2025-09-15 20:34:34 - [INFO] - [DEBUG] Looking for segmentation (NEWEST): F:\projek dosen\prototype riset\hotspot-analyzer\data\PLANAR\EMA\10\20250628\ant_segm.png
2025-09-15 20:34:34 - [DEBUG] - STREAM b'IHDR' 16 13
2025-09-15 20:34:34 - [DEBUG] - STREAM b'IDAT' 41 6214
2025-09-15 20:34:34 - [INFO] - [DEBUG]   Loaded segmentation with transparency: F:\projek dosen\prototype riset\hotspot-analyzer\data\PLANAR\EMA\10\20250628\ant_segm.png
2025-09-15 20:34:34 - [INFO] - [DEBUG] Segmentation type: ORIGINAL
2025-09-15 20:34:34 - [INFO] - [DEBUG] Loading hotspot layer for Anterior
2025-09-15 20:34:34 - [INFO] - [DEBUG] Looking for hotspot classification (NEWEST): F:\projek dosen\prototype riset\hotspot-analyzer\data\PLANAR\EMA\10\20250628\ant_hotspot_classification.png
2025-09-15 20:34:34 - [INFO] - [DEBUG] No hotspot classification found: F:\projek dosen\prototype riset\hotspot-analyzer\data\PLANAR\EMA\10\20250628\ant_hotspot_classification.png
2025-09-15 20:34:34 - [INFO] - [DEBUG] Loading bbox layer for Anterior
2025-09-15 20:34:34 - [INFO] - [DEBUG] Looking for classification XML (NEWEST): F:\projek dosen\prototype riset\hotspot-analyzer\data\PLANAR\EMA\10\20250628\ant_hotspot_classification.xml
2025-09-15 20:34:34 - [INFO] - [DEBUG] No classification XML found: F:\projek dosen\prototype riset\hotspot-analyzer\data\PLANAR\EMA\10\20250628\ant_hotspot_classification.xml
2025-09-15 20:34:34 - [INFO] - [CACHE STORE] Not caching due to adjustments/overrides/invert
2025-09-15 20:34:34 - [INFO] - [DEBUG]   Loaded 2 layers for Anterior: ['Image', 'Segmentation']
2025-09-15 20:34:34 - [INFO] - [DEBUG] Available CLASSIFICATION layers in files: ['Image', 'Segmentation']
2025-09-15 20:34:34 - [INFO] - [DEBUG] Creating CLASSIFICATION card 0 for view: Posterior
2025-09-15 20:34:34 - [INFO] - [DEBUG] Active layers selected: []
2025-09-15 20:34:34 - [INFO] - [DEBUG] DICOM path: F:\projek dosen\prototype riset\hotspot-analyzer\data\PLANAR\EMA\10\20250628\10.dcm
2025-09-15 20:34:34 - [INFO] - [DEBUG] Current view: Posterior
2025-09-15 20:34:34 - [INFO] - [CACHE DEBUG] use_cache=False
2025-09-15 20:34:34 - [INFO] - [CACHE DEBUG] has_adjustments=False (B=0.00, C=1.00)
2025-09-15 20:34:34 - [INFO] - [CACHE DEBUG] has_overrides=False (override_b=None, override_c=None)
2025-09-15 20:34:34 - [INFO] - [CACHE DEBUG] invert_original=True
2025-09-15 20:34:34 - [INFO] - [CACHE SKIP] Skipping cache due to adjustments/overrides/invert
2025-09-15 20:34:34 - [INFO] - [DEBUG] Path extraction: session=EMA, patient=10, study_date=20250628
2025-09-15 20:34:34 - [INFO] - [DEBUG] Extracted patient info - ID: 10, Session: EMA
2025-09-15 20:34:34 - [INFO] - [DEBUG] Original path: F:\projek dosen\prototype riset\hotspot-analyzer\data\PLANAR\EMA\10\20250628\10.dcm
2025-09-15 20:34:34 - [INFO] - [DEBUG] Study date: 20250628
2025-09-15 20:34:34 - [INFO] - [DEBUG] Patient ID: 10
2025-09-15 20:34:34 - [INFO] - [DEBUG] Session code: EMA
2025-09-15 20:34:34 - [INFO] - [DEBUG] Study date folder: F:\projek dosen\prototype riset\hotspot-analyzer\data\PLANAR\EMA\10\20250628
2025-09-15 20:34:34 - [INFO] - [DEBUG] Loading original image for Posterior
2025-09-15 20:34:34 - [INFO] - [DEBUG] Looking for original PNG in study_date dir: F:\projek dosen\prototype riset\hotspot-analyzer\data\PLANAR\EMA\10\20250628\post_original.png
2025-09-15 20:34:34 - [DEBUG] - STREAM b'IHDR' 16 13
2025-09-15 20:34:34 - [DEBUG] - STREAM b'IDAT' 41 65536
2025-09-15 20:34:34 - [INFO] - [DEBUG] Loaded original PNG from study_date dir: (256, 1024)
2025-09-15 20:34:34 - [INFO] - [DEBUG] Original image loaded: (256, 1024)
2025-09-15 20:34:34 - [INFO] - [DEBUG] Applying invert to original image
2025-09-15 20:34:34 - [INFO] - [DEBUG] simple_invert_pil_image: Processing L image, size = (256, 1024)
2025-09-15 20:34:34 - [INFO] - [DEBUG] simple_invert_image: input shape = (1024, 256), dtype = uint8
2025-09-15 20:34:34 - [INFO] - [DEBUG] Simple inversion completed: [0-255] -> [0-255]
2025-09-15 20:34:34 - [INFO] - [DEBUG] simple_invert_pil_image: completed
2025-09-15 20:34:34 - [INFO] - [DEBUG] Using STORED B/C values: B=0.00, C=1.00
2025-09-15 20:34:34 - [INFO] - [DEBUG]   Image layer loaded and processed
2025-09-15 20:34:34 - [INFO] - [DEBUG] Loading segmentation layer for Posterior
2025-09-15 20:34:34 - [INFO] - [DEBUG] Looking for segmentation (NEWEST): F:\projek dosen\prototype riset\hotspot-analyzer\data\PLANAR\EMA\10\20250628\post_segm.png
2025-09-15 20:34:34 - [DEBUG] - STREAM b'IHDR' 16 13
2025-09-15 20:34:34 - [DEBUG] - STREAM b'IDAT' 41 6048
2025-09-15 20:34:34 - [INFO] - [DEBUG]   Loaded segmentation with transparency: F:\projek dosen\prototype riset\hotspot-analyzer\data\PLANAR\EMA\10\20250628\post_segm.png
2025-09-15 20:34:34 - [INFO] - [DEBUG] Segmentation type: ORIGINAL
2025-09-15 20:34:34 - [INFO] - [DEBUG] Loading hotspot layer for Posterior
2025-09-15 20:34:34 - [INFO] - [DEBUG] Looking for hotspot classification (NEWEST): F:\projek dosen\prototype riset\hotspot-analyzer\data\PLANAR\EMA\10\20250628\post_hotspot_classification.png
2025-09-15 20:34:34 - [INFO] - [DEBUG] No hotspot classification found: F:\projek dosen\prototype riset\hotspot-analyzer\data\PLANAR\EMA\10\20250628\post_hotspot_classification.png
2025-09-15 20:34:34 - [INFO] - [DEBUG] Loading bbox layer for Posterior
2025-09-15 20:34:34 - [INFO] - [DEBUG] Looking for classification XML (NEWEST): F:\projek dosen\prototype riset\hotspot-analyzer\data\PLANAR\EMA\10\20250628\post_hotspot_classification.xml
2025-09-15 20:34:34 - [INFO] - [DEBUG] No classification XML found: F:\projek dosen\prototype riset\hotspot-analyzer\data\PLANAR\EMA\10\20250628\post_hotspot_classification.xml
2025-09-15 20:34:34 - [INFO] - [CACHE STORE] Not caching due to adjustments/overrides/invert
2025-09-15 20:34:34 - [INFO] - [DEBUG]   Loaded 2 layers for Posterior: ['Image', 'Segmentation']
2025-09-15 20:34:34 - [INFO] - [DEBUG] Available CLASSIFICATION layers in files: ['Image', 'Segmentation']
2025-09-15 20:34:34 - [INFO] - [SMART UPDATE] State updated - Type: full
2025-09-15 20:34:34 - [INFO] - [SMART UPDATE] State updated - Type: rebuild
2025-09-15 20:34:34 - [INFO] - [DEBUG] Set HotspotBBox opacity to 1.00
2025-09-15 20:34:34 - [INFO] - [SMART UPDATE] Change type: none
2025-09-15 20:34:34 - [INFO] - [SMART UPDATE] Using full rebuild for opacity change
2025-09-15 20:34:34 - [INFO] - [DEBUG] Rebuilding timeline for active scan index: 0
2025-09-15 20:34:34 - [INFO] - [DEBUG] Creating CLASSIFICATION card 0 for view: Anterior
2025-09-15 20:34:34 - [INFO] - [DEBUG] Active layers selected: []
2025-09-15 20:34:34 - [INFO] - [DEBUG] DICOM path: F:\projek dosen\prototype riset\hotspot-analyzer\data\PLANAR\EMA\10\20250628\10.dcm
2025-09-15 20:34:34 - [INFO] - [DEBUG] Current view: Anterior
2025-09-15 20:34:34 - [INFO] - [CACHE DEBUG] use_cache=False
2025-09-15 20:34:34 - [INFO] - [CACHE DEBUG] has_adjustments=False (B=0.00, C=1.00)
2025-09-15 20:34:34 - [INFO] - [CACHE DEBUG] has_overrides=False (override_b=None, override_c=None)
2025-09-15 20:34:34 - [INFO] - [CACHE DEBUG] invert_original=True
2025-09-15 20:34:34 - [INFO] - [CACHE SKIP] Skipping cache due to adjustments/overrides/invert
2025-09-15 20:34:34 - [INFO] - [DEBUG] Path extraction: session=EMA, patient=10, study_date=20250628
2025-09-15 20:34:34 - [INFO] - [DEBUG] Extracted patient info - ID: 10, Session: EMA
2025-09-15 20:34:34 - [INFO] - [DEBUG] Original path: F:\projek dosen\prototype riset\hotspot-analyzer\data\PLANAR\EMA\10\20250628\10.dcm
2025-09-15 20:34:34 - [INFO] - [DEBUG] Study date: 20250628
2025-09-15 20:34:34 - [INFO] - [DEBUG] Patient ID: 10
2025-09-15 20:34:34 - [INFO] - [DEBUG] Session code: EMA
2025-09-15 20:34:34 - [INFO] - [DEBUG] Study date folder: F:\projek dosen\prototype riset\hotspot-analyzer\data\PLANAR\EMA\10\20250628
2025-09-15 20:34:34 - [INFO] - [DEBUG] Loading original image for Anterior
2025-09-15 20:34:34 - [INFO] - [DEBUG] Looking for original PNG in study_date dir: F:\projek dosen\prototype riset\hotspot-analyzer\data\PLANAR\EMA\10\20250628\ant_original.png
2025-09-15 20:34:34 - [DEBUG] - STREAM b'IHDR' 16 13
2025-09-15 20:34:34 - [DEBUG] - STREAM b'IDAT' 41 65536
2025-09-15 20:34:34 - [INFO] - [DEBUG] Loaded original PNG from study_date dir: (256, 1024)
2025-09-15 20:34:34 - [INFO] - [DEBUG] Original image loaded: (256, 1024)
2025-09-15 20:34:34 - [INFO] - [DEBUG] Applying invert to original image
2025-09-15 20:34:34 - [INFO] - [DEBUG] simple_invert_pil_image: Processing L image, size = (256, 1024)
2025-09-15 20:34:34 - [INFO] - [DEBUG] simple_invert_image: input shape = (1024, 256), dtype = uint8
2025-09-15 20:34:34 - [INFO] - [DEBUG] Simple inversion completed: [0-255] -> [0-255]
2025-09-15 20:34:34 - [INFO] - [DEBUG] simple_invert_pil_image: completed
2025-09-15 20:34:34 - [INFO] - [DEBUG] Using STORED B/C values: B=0.00, C=1.00
2025-09-15 20:34:34 - [INFO] - [DEBUG]   Image layer loaded and processed
2025-09-15 20:34:34 - [INFO] - [DEBUG] Loading segmentation layer for Anterior
2025-09-15 20:34:34 - [INFO] - [DEBUG] Looking for segmentation (NEWEST): F:\projek dosen\prototype riset\hotspot-analyzer\data\PLANAR\EMA\10\20250628\ant_segm.png
2025-09-15 20:34:34 - [DEBUG] - STREAM b'IHDR' 16 13
2025-09-15 20:34:34 - [DEBUG] - STREAM b'IDAT' 41 6214
2025-09-15 20:34:34 - [INFO] - [DEBUG]   Loaded segmentation with transparency: F:\projek dosen\prototype riset\hotspot-analyzer\data\PLANAR\EMA\10\20250628\ant_segm.png
2025-09-15 20:34:34 - [INFO] - [DEBUG] Segmentation type: ORIGINAL
2025-09-15 20:34:34 - [INFO] - [DEBUG] Loading hotspot layer for Anterior
2025-09-15 20:34:34 - [INFO] - [DEBUG] Looking for hotspot classification (NEWEST): F:\projek dosen\prototype riset\hotspot-analyzer\data\PLANAR\EMA\10\20250628\ant_hotspot_classification.png
2025-09-15 20:34:34 - [INFO] - [DEBUG] No hotspot classification found: F:\projek dosen\prototype riset\hotspot-analyzer\data\PLANAR\EMA\10\20250628\ant_hotspot_classification.png
2025-09-15 20:34:34 - [INFO] - [DEBUG] Loading bbox layer for Anterior
2025-09-15 20:34:34 - [INFO] - [DEBUG] Looking for classification XML (NEWEST): F:\projek dosen\prototype riset\hotspot-analyzer\data\PLANAR\EMA\10\20250628\ant_hotspot_classification.xml
2025-09-15 20:34:34 - [INFO] - [DEBUG] No classification XML found: F:\projek dosen\prototype riset\hotspot-analyzer\data\PLANAR\EMA\10\20250628\ant_hotspot_classification.xml
2025-09-15 20:34:34 - [INFO] - [CACHE STORE] Not caching due to adjustments/overrides/invert
2025-09-15 20:34:34 - [INFO] - [DEBUG]   Loaded 2 layers for Anterior: ['Image', 'Segmentation']
2025-09-15 20:34:34 - [INFO] - [DEBUG] Available CLASSIFICATION layers in files: ['Image', 'Segmentation']
2025-09-15 20:34:34 - [INFO] - [DEBUG] Creating CLASSIFICATION card 0 for view: Posterior
2025-09-15 20:34:34 - [INFO] - [DEBUG] Active layers selected: []
2025-09-15 20:34:34 - [INFO] - [DEBUG] DICOM path: F:\projek dosen\prototype riset\hotspot-analyzer\data\PLANAR\EMA\10\20250628\10.dcm
2025-09-15 20:34:34 - [INFO] - [DEBUG] Current view: Posterior
2025-09-15 20:34:34 - [INFO] - [CACHE DEBUG] use_cache=False
2025-09-15 20:34:34 - [INFO] - [CACHE DEBUG] has_adjustments=False (B=0.00, C=1.00)
2025-09-15 20:34:34 - [INFO] - [CACHE DEBUG] has_overrides=False (override_b=None, override_c=None)
2025-09-15 20:34:34 - [INFO] - [CACHE DEBUG] invert_original=True
2025-09-15 20:34:34 - [INFO] - [CACHE SKIP] Skipping cache due to adjustments/overrides/invert
2025-09-15 20:34:34 - [INFO] - [DEBUG] Path extraction: session=EMA, patient=10, study_date=20250628
2025-09-15 20:34:34 - [INFO] - [DEBUG] Extracted patient info - ID: 10, Session: EMA
2025-09-15 20:34:34 - [INFO] - [DEBUG] Original path: F:\projek dosen\prototype riset\hotspot-analyzer\data\PLANAR\EMA\10\20250628\10.dcm
2025-09-15 20:34:34 - [INFO] - [DEBUG] Study date: 20250628
2025-09-15 20:34:34 - [INFO] - [DEBUG] Patient ID: 10
2025-09-15 20:34:34 - [INFO] - [DEBUG] Session code: EMA
2025-09-15 20:34:34 - [INFO] - [DEBUG] Study date folder: F:\projek dosen\prototype riset\hotspot-analyzer\data\PLANAR\EMA\10\20250628
2025-09-15 20:34:34 - [INFO] - [DEBUG] Loading original image for Posterior
2025-09-15 20:34:34 - [INFO] - [DEBUG] Looking for original PNG in study_date dir: F:\projek dosen\prototype riset\hotspot-analyzer\data\PLANAR\EMA\10\20250628\post_original.png
2025-09-15 20:34:34 - [DEBUG] - STREAM b'IHDR' 16 13
2025-09-15 20:34:34 - [DEBUG] - STREAM b'IDAT' 41 65536
2025-09-15 20:34:34 - [INFO] - [DEBUG] Loaded original PNG from study_date dir: (256, 1024)
2025-09-15 20:34:34 - [INFO] - [DEBUG] Original image loaded: (256, 1024)
2025-09-15 20:34:34 - [INFO] - [DEBUG] Applying invert to original image
2025-09-15 20:34:34 - [INFO] - [DEBUG] simple_invert_pil_image: Processing L image, size = (256, 1024)
2025-09-15 20:34:34 - [INFO] - [DEBUG] simple_invert_image: input shape = (1024, 256), dtype = uint8
2025-09-15 20:34:34 - [INFO] - [DEBUG] Simple inversion completed: [0-255] -> [0-255]
2025-09-15 20:34:34 - [INFO] - [DEBUG] simple_invert_pil_image: completed
2025-09-15 20:34:34 - [INFO] - [DEBUG] Using STORED B/C values: B=0.00, C=1.00
2025-09-15 20:34:34 - [INFO] - [DEBUG]   Image layer loaded and processed
2025-09-15 20:34:34 - [INFO] - [DEBUG] Loading segmentation layer for Posterior
2025-09-15 20:34:34 - [INFO] - [DEBUG] Looking for segmentation (NEWEST): F:\projek dosen\prototype riset\hotspot-analyzer\data\PLANAR\EMA\10\20250628\post_segm.png
2025-09-15 20:34:34 - [DEBUG] - STREAM b'IHDR' 16 13
2025-09-15 20:34:34 - [DEBUG] - STREAM b'IDAT' 41 6048
2025-09-15 20:34:34 - [INFO] - [DEBUG]   Loaded segmentation with transparency: F:\projek dosen\prototype riset\hotspot-analyzer\data\PLANAR\EMA\10\20250628\post_segm.png
2025-09-15 20:34:34 - [INFO] - [DEBUG] Segmentation type: ORIGINAL
2025-09-15 20:34:34 - [INFO] - [DEBUG] Loading hotspot layer for Posterior
2025-09-15 20:34:34 - [INFO] - [DEBUG] Looking for hotspot classification (NEWEST): F:\projek dosen\prototype riset\hotspot-analyzer\data\PLANAR\EMA\10\20250628\post_hotspot_classification.png
2025-09-15 20:34:34 - [INFO] - [DEBUG] No hotspot classification found: F:\projek dosen\prototype riset\hotspot-analyzer\data\PLANAR\EMA\10\20250628\post_hotspot_classification.png
2025-09-15 20:34:34 - [INFO] - [DEBUG] Loading bbox layer for Posterior
2025-09-15 20:34:34 - [INFO] - [DEBUG] Looking for classification XML (NEWEST): F:\projek dosen\prototype riset\hotspot-analyzer\data\PLANAR\EMA\10\20250628\post_hotspot_classification.xml
2025-09-15 20:34:34 - [INFO] - [DEBUG] No classification XML found: F:\projek dosen\prototype riset\hotspot-analyzer\data\PLANAR\EMA\10\20250628\post_hotspot_classification.xml
2025-09-15 20:34:34 - [INFO] - [CACHE STORE] Not caching due to adjustments/overrides/invert
2025-09-15 20:34:34 - [INFO] - [DEBUG]   Loaded 2 layers for Posterior: ['Image', 'Segmentation']
2025-09-15 20:34:34 - [INFO] - [DEBUG] Available CLASSIFICATION layers in files: ['Image', 'Segmentation']
2025-09-15 20:34:34 - [INFO] - [SMART UPDATE] State updated - Type: full
2025-09-15 20:34:34 - [INFO] - [SMART UPDATE] State updated - Type: rebuild
2025-09-15 20:34:34 - [INFO] - [DEBUG] Active layers: ['Image']
2025-09-15 20:34:34 - [INFO] - [SMART UPDATE] Change type: layers
2025-09-15 20:34:34 - [INFO] - [SMART UPDATE] Layers added: ['Image']
2025-09-15 20:34:34 - [INFO] - [DEBUG] Timeline active layers set to: ['Image']
2025-09-15 20:34:34 - [INFO] - [SMART UPDATE] Full rebuild required for change type: layers
2025-09-15 20:34:34 - [INFO] - [DEBUG] Rebuilding timeline for active scan index: 0
2025-09-15 20:34:34 - [INFO] - [DEBUG] Creating CLASSIFICATION card 0 for view: Anterior
2025-09-15 20:34:34 - [INFO] - [DEBUG] Active layers selected: ['Image']
2025-09-15 20:34:34 - [INFO] - [DEBUG] DICOM path: F:\projek dosen\prototype riset\hotspot-analyzer\data\PLANAR\EMA\10\20250628\10.dcm
2025-09-15 20:34:34 - [INFO] - [DEBUG] Current view: Anterior
2025-09-15 20:34:34 - [INFO] - [CACHE DEBUG] use_cache=False
2025-09-15 20:34:34 - [INFO] - [CACHE DEBUG] has_adjustments=False (B=0.00, C=1.00)
2025-09-15 20:34:34 - [INFO] - [CACHE DEBUG] has_overrides=False (override_b=None, override_c=None)
2025-09-15 20:34:34 - [INFO] - [CACHE DEBUG] invert_original=True
2025-09-15 20:34:34 - [INFO] - [CACHE SKIP] Skipping cache due to adjustments/overrides/invert
2025-09-15 20:34:34 - [INFO] - [DEBUG] Path extraction: session=EMA, patient=10, study_date=20250628
2025-09-15 20:34:34 - [INFO] - [DEBUG] Extracted patient info - ID: 10, Session: EMA
2025-09-15 20:34:34 - [INFO] - [DEBUG] Original path: F:\projek dosen\prototype riset\hotspot-analyzer\data\PLANAR\EMA\10\20250628\10.dcm
2025-09-15 20:34:34 - [INFO] - [DEBUG] Study date: 20250628
2025-09-15 20:34:34 - [INFO] - [DEBUG] Patient ID: 10
2025-09-15 20:34:34 - [INFO] - [DEBUG] Session code: EMA
2025-09-15 20:34:34 - [INFO] - [DEBUG] Study date folder: F:\projek dosen\prototype riset\hotspot-analyzer\data\PLANAR\EMA\10\20250628
2025-09-15 20:34:34 - [INFO] - [DEBUG] Loading original image for Anterior
2025-09-15 20:34:34 - [INFO] - [DEBUG] Looking for original PNG in study_date dir: F:\projek dosen\prototype riset\hotspot-analyzer\data\PLANAR\EMA\10\20250628\ant_original.png
2025-09-15 20:34:34 - [DEBUG] - STREAM b'IHDR' 16 13
2025-09-15 20:34:34 - [DEBUG] - STREAM b'IDAT' 41 65536
2025-09-15 20:34:34 - [INFO] - [DEBUG] Loaded original PNG from study_date dir: (256, 1024)
2025-09-15 20:34:34 - [INFO] - [DEBUG] Original image loaded: (256, 1024)
2025-09-15 20:34:34 - [INFO] - [DEBUG] Applying invert to original image
2025-09-15 20:34:34 - [INFO] - [DEBUG] simple_invert_pil_image: Processing L image, size = (256, 1024)
2025-09-15 20:34:34 - [INFO] - [DEBUG] simple_invert_image: input shape = (1024, 256), dtype = uint8
2025-09-15 20:34:34 - [INFO] - [DEBUG] Simple inversion completed: [0-255] -> [0-255]
2025-09-15 20:34:34 - [INFO] - [DEBUG] simple_invert_pil_image: completed
2025-09-15 20:34:34 - [INFO] - [DEBUG] Using STORED B/C values: B=0.00, C=1.00
2025-09-15 20:34:34 - [INFO] - [DEBUG]   Image layer loaded and processed
2025-09-15 20:34:34 - [INFO] - [DEBUG] Loading segmentation layer for Anterior
2025-09-15 20:34:34 - [INFO] - [DEBUG] Looking for segmentation (NEWEST): F:\projek dosen\prototype riset\hotspot-analyzer\data\PLANAR\EMA\10\20250628\ant_segm.png
2025-09-15 20:34:34 - [DEBUG] - STREAM b'IHDR' 16 13
2025-09-15 20:34:34 - [DEBUG] - STREAM b'IDAT' 41 6214
2025-09-15 20:34:34 - [INFO] - [DEBUG]   Loaded segmentation with transparency: F:\projek dosen\prototype riset\hotspot-analyzer\data\PLANAR\EMA\10\20250628\ant_segm.png
2025-09-15 20:34:34 - [INFO] - [DEBUG] Segmentation type: ORIGINAL
2025-09-15 20:34:34 - [INFO] - [DEBUG] Loading hotspot layer for Anterior
2025-09-15 20:34:34 - [INFO] - [DEBUG] Looking for hotspot classification (NEWEST): F:\projek dosen\prototype riset\hotspot-analyzer\data\PLANAR\EMA\10\20250628\ant_hotspot_classification.png
2025-09-15 20:34:34 - [INFO] - [DEBUG] No hotspot classification found: F:\projek dosen\prototype riset\hotspot-analyzer\data\PLANAR\EMA\10\20250628\ant_hotspot_classification.png
2025-09-15 20:34:34 - [INFO] - [DEBUG] Loading bbox layer for Anterior
2025-09-15 20:34:34 - [INFO] - [DEBUG] Looking for classification XML (NEWEST): F:\projek dosen\prototype riset\hotspot-analyzer\data\PLANAR\EMA\10\20250628\ant_hotspot_classification.xml
2025-09-15 20:34:34 - [INFO] - [DEBUG] No classification XML found: F:\projek dosen\prototype riset\hotspot-analyzer\data\PLANAR\EMA\10\20250628\ant_hotspot_classification.xml
2025-09-15 20:34:34 - [INFO] - [CACHE STORE] Not caching due to adjustments/overrides/invert
2025-09-15 20:34:34 - [INFO] - [DEBUG]   Loaded 2 layers for Anterior: ['Image', 'Segmentation']
2025-09-15 20:34:34 - [INFO] - [DEBUG] Available CLASSIFICATION layers in files: ['Image', 'Segmentation']
2025-09-15 20:34:34 - [INFO] - [DEBUG]   Added CLASSIFICATION Image to card 0 (opacity: 1.00)
2025-09-15 20:34:34 - [INFO] - [DEBUG]   CLASSIFICATION card 0 composite created with layers: ['Image']
2025-09-15 20:34:34 - [INFO] - [DEBUG] Creating CLASSIFICATION card 0 for view: Posterior
2025-09-15 20:34:34 - [INFO] - [DEBUG] Active layers selected: ['Image']
2025-09-15 20:34:34 - [INFO] - [DEBUG] DICOM path: F:\projek dosen\prototype riset\hotspot-analyzer\data\PLANAR\EMA\10\20250628\10.dcm
2025-09-15 20:34:34 - [INFO] - [DEBUG] Current view: Posterior
2025-09-15 20:34:34 - [INFO] - [CACHE DEBUG] use_cache=False
2025-09-15 20:34:34 - [INFO] - [CACHE DEBUG] has_adjustments=False (B=0.00, C=1.00)
2025-09-15 20:34:34 - [INFO] - [CACHE DEBUG] has_overrides=False (override_b=None, override_c=None)
2025-09-15 20:34:34 - [INFO] - [CACHE DEBUG] invert_original=True
2025-09-15 20:34:34 - [INFO] - [CACHE SKIP] Skipping cache due to adjustments/overrides/invert
2025-09-15 20:34:34 - [INFO] - [DEBUG] Path extraction: session=EMA, patient=10, study_date=20250628
2025-09-15 20:34:34 - [INFO] - [DEBUG] Extracted patient info - ID: 10, Session: EMA
2025-09-15 20:34:34 - [INFO] - [DEBUG] Original path: F:\projek dosen\prototype riset\hotspot-analyzer\data\PLANAR\EMA\10\20250628\10.dcm
2025-09-15 20:34:34 - [INFO] - [DEBUG] Study date: 20250628
2025-09-15 20:34:34 - [INFO] - [DEBUG] Patient ID: 10
2025-09-15 20:34:34 - [INFO] - [DEBUG] Session code: EMA
2025-09-15 20:34:34 - [INFO] - [DEBUG] Study date folder: F:\projek dosen\prototype riset\hotspot-analyzer\data\PLANAR\EMA\10\20250628
2025-09-15 20:34:34 - [INFO] - [DEBUG] Loading original image for Posterior
2025-09-15 20:34:34 - [INFO] - [DEBUG] Looking for original PNG in study_date dir: F:\projek dosen\prototype riset\hotspot-analyzer\data\PLANAR\EMA\10\20250628\post_original.png
2025-09-15 20:34:34 - [DEBUG] - STREAM b'IHDR' 16 13
2025-09-15 20:34:34 - [DEBUG] - STREAM b'IDAT' 41 65536
2025-09-15 20:34:34 - [INFO] - [DEBUG] Loaded original PNG from study_date dir: (256, 1024)
2025-09-15 20:34:34 - [INFO] - [DEBUG] Original image loaded: (256, 1024)
2025-09-15 20:34:34 - [INFO] - [DEBUG] Applying invert to original image
2025-09-15 20:34:34 - [INFO] - [DEBUG] simple_invert_pil_image: Processing L image, size = (256, 1024)
2025-09-15 20:34:34 - [INFO] - [DEBUG] simple_invert_image: input shape = (1024, 256), dtype = uint8
2025-09-15 20:34:34 - [INFO] - [DEBUG] Simple inversion completed: [0-255] -> [0-255]
2025-09-15 20:34:34 - [INFO] - [DEBUG] simple_invert_pil_image: completed
2025-09-15 20:34:34 - [INFO] - [DEBUG] Using STORED B/C values: B=0.00, C=1.00
2025-09-15 20:34:34 - [INFO] - [DEBUG]   Image layer loaded and processed
2025-09-15 20:34:34 - [INFO] - [DEBUG] Loading segmentation layer for Posterior
2025-09-15 20:34:34 - [INFO] - [DEBUG] Looking for segmentation (NEWEST): F:\projek dosen\prototype riset\hotspot-analyzer\data\PLANAR\EMA\10\20250628\post_segm.png
2025-09-15 20:34:34 - [DEBUG] - STREAM b'IHDR' 16 13
2025-09-15 20:34:34 - [DEBUG] - STREAM b'IDAT' 41 6048
2025-09-15 20:34:34 - [INFO] - [DEBUG]   Loaded segmentation with transparency: F:\projek dosen\prototype riset\hotspot-analyzer\data\PLANAR\EMA\10\20250628\post_segm.png
2025-09-15 20:34:34 - [INFO] - [DEBUG] Segmentation type: ORIGINAL
2025-09-15 20:34:34 - [INFO] - [DEBUG] Loading hotspot layer for Posterior
2025-09-15 20:34:34 - [INFO] - [DEBUG] Looking for hotspot classification (NEWEST): F:\projek dosen\prototype riset\hotspot-analyzer\data\PLANAR\EMA\10\20250628\post_hotspot_classification.png
2025-09-15 20:34:34 - [INFO] - [DEBUG] No hotspot classification found: F:\projek dosen\prototype riset\hotspot-analyzer\data\PLANAR\EMA\10\20250628\post_hotspot_classification.png
2025-09-15 20:34:34 - [INFO] - [DEBUG] Loading bbox layer for Posterior
2025-09-15 20:34:34 - [INFO] - [DEBUG] Looking for classification XML (NEWEST): F:\projek dosen\prototype riset\hotspot-analyzer\data\PLANAR\EMA\10\20250628\post_hotspot_classification.xml
2025-09-15 20:34:34 - [INFO] - [DEBUG] No classification XML found: F:\projek dosen\prototype riset\hotspot-analyzer\data\PLANAR\EMA\10\20250628\post_hotspot_classification.xml
2025-09-15 20:34:34 - [INFO] - [CACHE STORE] Not caching due to adjustments/overrides/invert
2025-09-15 20:34:34 - [INFO] - [DEBUG]   Loaded 2 layers for Posterior: ['Image', 'Segmentation']
2025-09-15 20:34:34 - [INFO] - [DEBUG] Available CLASSIFICATION layers in files: ['Image', 'Segmentation']
2025-09-15 20:34:34 - [INFO] - [DEBUG]   Added CLASSIFICATION Image to card 0 (opacity: 1.00)
2025-09-15 20:34:34 - [INFO] - [DEBUG]   CLASSIFICATION card 0 composite created with layers: ['Image']
2025-09-15 20:34:34 - [INFO] - [SMART UPDATE] State updated - Type: full
2025-09-15 20:34:34 - [INFO] - [SMART UPDATE] State updated - Type: layers
2025-09-15 20:34:34 - [INFO] - [DEBUG] Path extraction: session=EMA, patient=10, study_date=20250628
2025-09-15 20:34:34 - [INFO] - [DEBUG] Extracted patient info - ID: 10, Session: EMA
2025-09-15 20:34:34 - [INFO] - [DEBUG] Original path: F:\projek dosen\prototype riset\hotspot-analyzer\data\PLANAR\EMA\10\20250628\10.dcm
2025-09-15 20:34:34 - [INFO] - [SMART UPDATE] Change type: none
2025-09-15 20:34:34 - [INFO] - [DEBUG] Timeline active layers set to: ['Image']
2025-09-15 20:34:34 - [INFO] - [SMART UPDATE] No changes detected, skipping update
2025-09-15 20:34:34 - [INFO] - [DEBUG] Set Image opacity to 1.00
2025-09-15 20:34:34 - [INFO] - [SMART UPDATE] Change type: none
2025-09-15 20:34:34 - [INFO] - [SMART UPDATE] Using full rebuild for opacity change
2025-09-15 20:34:34 - [INFO] - [DEBUG] Rebuilding timeline for active scan index: 0
2025-09-15 20:34:34 - [INFO] - [DEBUG] Creating CLASSIFICATION card 0 for view: Anterior
2025-09-15 20:34:34 - [INFO] - [DEBUG] Active layers selected: ['Image']
2025-09-15 20:34:34 - [INFO] - [DEBUG] DICOM path: F:\projek dosen\prototype riset\hotspot-analyzer\data\PLANAR\EMA\10\20250628\10.dcm
2025-09-15 20:34:34 - [INFO] - [DEBUG] Current view: Anterior
2025-09-15 20:34:34 - [INFO] - [CACHE DEBUG] use_cache=False
2025-09-15 20:34:34 - [INFO] - [CACHE DEBUG] has_adjustments=False (B=0.00, C=1.00)
2025-09-15 20:34:34 - [INFO] - [CACHE DEBUG] has_overrides=False (override_b=None, override_c=None)
2025-09-15 20:34:34 - [INFO] - [CACHE DEBUG] invert_original=True
2025-09-15 20:34:34 - [INFO] - [CACHE SKIP] Skipping cache due to adjustments/overrides/invert
2025-09-15 20:34:34 - [INFO] - [DEBUG] Path extraction: session=EMA, patient=10, study_date=20250628
2025-09-15 20:34:34 - [INFO] - [DEBUG] Extracted patient info - ID: 10, Session: EMA
2025-09-15 20:34:34 - [INFO] - [DEBUG] Original path: F:\projek dosen\prototype riset\hotspot-analyzer\data\PLANAR\EMA\10\20250628\10.dcm
2025-09-15 20:34:34 - [INFO] - [DEBUG] Study date: 20250628
2025-09-15 20:34:34 - [INFO] - [DEBUG] Patient ID: 10
2025-09-15 20:34:34 - [INFO] - [DEBUG] Session code: EMA
2025-09-15 20:34:34 - [INFO] - [DEBUG] Study date folder: F:\projek dosen\prototype riset\hotspot-analyzer\data\PLANAR\EMA\10\20250628
2025-09-15 20:34:34 - [INFO] - [DEBUG] Loading original image for Anterior
2025-09-15 20:34:34 - [INFO] - [DEBUG] Looking for original PNG in study_date dir: F:\projek dosen\prototype riset\hotspot-analyzer\data\PLANAR\EMA\10\20250628\ant_original.png
2025-09-15 20:34:34 - [DEBUG] - STREAM b'IHDR' 16 13
2025-09-15 20:34:34 - [DEBUG] - STREAM b'IDAT' 41 65536
2025-09-15 20:34:34 - [INFO] - [DEBUG] Loaded original PNG from study_date dir: (256, 1024)
2025-09-15 20:34:34 - [INFO] - [DEBUG] Original image loaded: (256, 1024)
2025-09-15 20:34:34 - [INFO] - [DEBUG] Applying invert to original image
2025-09-15 20:34:34 - [INFO] - [DEBUG] simple_invert_pil_image: Processing L image, size = (256, 1024)
2025-09-15 20:34:34 - [INFO] - [DEBUG] simple_invert_image: input shape = (1024, 256), dtype = uint8
2025-09-15 20:34:34 - [INFO] - [DEBUG] Simple inversion completed: [0-255] -> [0-255]
2025-09-15 20:34:34 - [INFO] - [DEBUG] simple_invert_pil_image: completed
2025-09-15 20:34:34 - [INFO] - [DEBUG] Using STORED B/C values: B=0.00, C=1.00
2025-09-15 20:34:34 - [INFO] - [DEBUG]   Image layer loaded and processed
2025-09-15 20:34:34 - [INFO] - [DEBUG] Loading segmentation layer for Anterior
2025-09-15 20:34:34 - [INFO] - [DEBUG] Looking for segmentation (NEWEST): F:\projek dosen\prototype riset\hotspot-analyzer\data\PLANAR\EMA\10\20250628\ant_segm.png
2025-09-15 20:34:34 - [DEBUG] - STREAM b'IHDR' 16 13
2025-09-15 20:34:34 - [DEBUG] - STREAM b'IDAT' 41 6214
2025-09-15 20:34:34 - [INFO] - [DEBUG]   Loaded segmentation with transparency: F:\projek dosen\prototype riset\hotspot-analyzer\data\PLANAR\EMA\10\20250628\ant_segm.png
2025-09-15 20:34:34 - [INFO] - [DEBUG] Segmentation type: ORIGINAL
2025-09-15 20:34:34 - [INFO] - [DEBUG] Loading hotspot layer for Anterior
2025-09-15 20:34:34 - [INFO] - [DEBUG] Looking for hotspot classification (NEWEST): F:\projek dosen\prototype riset\hotspot-analyzer\data\PLANAR\EMA\10\20250628\ant_hotspot_classification.png
2025-09-15 20:34:34 - [INFO] - [DEBUG] No hotspot classification found: F:\projek dosen\prototype riset\hotspot-analyzer\data\PLANAR\EMA\10\20250628\ant_hotspot_classification.png
2025-09-15 20:34:34 - [INFO] - [DEBUG] Loading bbox layer for Anterior
2025-09-15 20:34:34 - [INFO] - [DEBUG] Looking for classification XML (NEWEST): F:\projek dosen\prototype riset\hotspot-analyzer\data\PLANAR\EMA\10\20250628\ant_hotspot_classification.xml
2025-09-15 20:34:34 - [INFO] - [DEBUG] No classification XML found: F:\projek dosen\prototype riset\hotspot-analyzer\data\PLANAR\EMA\10\20250628\ant_hotspot_classification.xml
2025-09-15 20:34:34 - [INFO] - [CACHE STORE] Not caching due to adjustments/overrides/invert
2025-09-15 20:34:34 - [INFO] - [DEBUG]   Loaded 2 layers for Anterior: ['Image', 'Segmentation']
2025-09-15 20:34:34 - [INFO] - [DEBUG] Available CLASSIFICATION layers in files: ['Image', 'Segmentation']
2025-09-15 20:34:34 - [INFO] - [DEBUG]   Added CLASSIFICATION Image to card 0 (opacity: 1.00)
2025-09-15 20:34:34 - [INFO] - [DEBUG]   CLASSIFICATION card 0 composite created with layers: ['Image']
2025-09-15 20:34:34 - [INFO] - [DEBUG] Creating CLASSIFICATION card 0 for view: Posterior
2025-09-15 20:34:34 - [INFO] - [DEBUG] Active layers selected: ['Image']
2025-09-15 20:34:34 - [INFO] - [DEBUG] DICOM path: F:\projek dosen\prototype riset\hotspot-analyzer\data\PLANAR\EMA\10\20250628\10.dcm
2025-09-15 20:34:34 - [INFO] - [DEBUG] Current view: Posterior
2025-09-15 20:34:34 - [INFO] - [CACHE DEBUG] use_cache=False
2025-09-15 20:34:34 - [INFO] - [CACHE DEBUG] has_adjustments=False (B=0.00, C=1.00)
2025-09-15 20:34:34 - [INFO] - [CACHE DEBUG] has_overrides=False (override_b=None, override_c=None)
2025-09-15 20:34:34 - [INFO] - [CACHE DEBUG] invert_original=True
2025-09-15 20:34:34 - [INFO] - [CACHE SKIP] Skipping cache due to adjustments/overrides/invert
2025-09-15 20:34:34 - [INFO] - [DEBUG] Path extraction: session=EMA, patient=10, study_date=20250628
2025-09-15 20:34:34 - [INFO] - [DEBUG] Extracted patient info - ID: 10, Session: EMA
2025-09-15 20:34:34 - [INFO] - [DEBUG] Original path: F:\projek dosen\prototype riset\hotspot-analyzer\data\PLANAR\EMA\10\20250628\10.dcm
2025-09-15 20:34:34 - [INFO] - [DEBUG] Study date: 20250628
2025-09-15 20:34:34 - [INFO] - [DEBUG] Patient ID: 10
2025-09-15 20:34:34 - [INFO] - [DEBUG] Session code: EMA
2025-09-15 20:34:34 - [INFO] - [DEBUG] Study date folder: F:\projek dosen\prototype riset\hotspot-analyzer\data\PLANAR\EMA\10\20250628
2025-09-15 20:34:34 - [INFO] - [DEBUG] Loading original image for Posterior
2025-09-15 20:34:34 - [INFO] - [DEBUG] Looking for original PNG in study_date dir: F:\projek dosen\prototype riset\hotspot-analyzer\data\PLANAR\EMA\10\20250628\post_original.png
2025-09-15 20:34:34 - [DEBUG] - STREAM b'IHDR' 16 13
2025-09-15 20:34:34 - [DEBUG] - STREAM b'IDAT' 41 65536
2025-09-15 20:34:34 - [INFO] - [DEBUG] Loaded original PNG from study_date dir: (256, 1024)
2025-09-15 20:34:34 - [INFO] - [DEBUG] Original image loaded: (256, 1024)
2025-09-15 20:34:34 - [INFO] - [DEBUG] Applying invert to original image
2025-09-15 20:34:34 - [INFO] - [DEBUG] simple_invert_pil_image: Processing L image, size = (256, 1024)
2025-09-15 20:34:34 - [INFO] - [DEBUG] simple_invert_image: input shape = (1024, 256), dtype = uint8
2025-09-15 20:34:34 - [INFO] - [DEBUG] Simple inversion completed: [0-255] -> [0-255]
2025-09-15 20:34:34 - [INFO] - [DEBUG] simple_invert_pil_image: completed
2025-09-15 20:34:34 - [INFO] - [DEBUG] Using STORED B/C values: B=0.00, C=1.00
2025-09-15 20:34:34 - [INFO] - [DEBUG]   Image layer loaded and processed
2025-09-15 20:34:34 - [INFO] - [DEBUG] Loading segmentation layer for Posterior
2025-09-15 20:34:34 - [INFO] - [DEBUG] Looking for segmentation (NEWEST): F:\projek dosen\prototype riset\hotspot-analyzer\data\PLANAR\EMA\10\20250628\post_segm.png
2025-09-15 20:34:34 - [DEBUG] - STREAM b'IHDR' 16 13
2025-09-15 20:34:34 - [DEBUG] - STREAM b'IDAT' 41 6048
2025-09-15 20:34:34 - [INFO] - [DEBUG]   Loaded segmentation with transparency: F:\projek dosen\prototype riset\hotspot-analyzer\data\PLANAR\EMA\10\20250628\post_segm.png
2025-09-15 20:34:34 - [INFO] - [DEBUG] Segmentation type: ORIGINAL
2025-09-15 20:34:34 - [INFO] - [DEBUG] Loading hotspot layer for Posterior
2025-09-15 20:34:34 - [INFO] - [DEBUG] Looking for hotspot classification (NEWEST): F:\projek dosen\prototype riset\hotspot-analyzer\data\PLANAR\EMA\10\20250628\post_hotspot_classification.png
2025-09-15 20:34:34 - [INFO] - [DEBUG] No hotspot classification found: F:\projek dosen\prototype riset\hotspot-analyzer\data\PLANAR\EMA\10\20250628\post_hotspot_classification.png
2025-09-15 20:34:34 - [INFO] - [DEBUG] Loading bbox layer for Posterior
2025-09-15 20:34:34 - [INFO] - [DEBUG] Looking for classification XML (NEWEST): F:\projek dosen\prototype riset\hotspot-analyzer\data\PLANAR\EMA\10\20250628\post_hotspot_classification.xml
2025-09-15 20:34:34 - [INFO] - [DEBUG] No classification XML found: F:\projek dosen\prototype riset\hotspot-analyzer\data\PLANAR\EMA\10\20250628\post_hotspot_classification.xml
2025-09-15 20:34:34 - [INFO] - [CACHE STORE] Not caching due to adjustments/overrides/invert
2025-09-15 20:34:34 - [INFO] - [DEBUG]   Loaded 2 layers for Posterior: ['Image', 'Segmentation']
2025-09-15 20:34:34 - [INFO] - [DEBUG] Available CLASSIFICATION layers in files: ['Image', 'Segmentation']
2025-09-15 20:34:34 - [INFO] - [DEBUG]   Added CLASSIFICATION Image to card 0 (opacity: 1.00)
2025-09-15 20:34:34 - [INFO] - [DEBUG]   CLASSIFICATION card 0 composite created with layers: ['Image']
2025-09-15 20:34:34 - [INFO] - [SMART UPDATE] State updated - Type: full
2025-09-15 20:34:34 - [INFO] - [SMART UPDATE] State updated - Type: rebuild
2025-09-15 20:34:34 - [INFO] - [DEBUG] Set Segmentation opacity to 0.40
2025-09-15 20:34:34 - [INFO] - [SMART UPDATE] Change type: none
2025-09-15 20:34:34 - [INFO] - [SMART UPDATE] Using full rebuild for opacity change
2025-09-15 20:34:34 - [INFO] - [DEBUG] Rebuilding timeline for active scan index: 0
2025-09-15 20:34:34 - [INFO] - [DEBUG] Creating CLASSIFICATION card 0 for view: Anterior
2025-09-15 20:34:34 - [INFO] - [DEBUG] Active layers selected: ['Image']
2025-09-15 20:34:34 - [INFO] - [DEBUG] DICOM path: F:\projek dosen\prototype riset\hotspot-analyzer\data\PLANAR\EMA\10\20250628\10.dcm
2025-09-15 20:34:34 - [INFO] - [DEBUG] Current view: Anterior
2025-09-15 20:34:34 - [INFO] - [CACHE DEBUG] use_cache=False
2025-09-15 20:34:34 - [INFO] - [CACHE DEBUG] has_adjustments=False (B=0.00, C=1.00)
2025-09-15 20:34:34 - [INFO] - [CACHE DEBUG] has_overrides=False (override_b=None, override_c=None)
2025-09-15 20:34:34 - [INFO] - [CACHE DEBUG] invert_original=True
2025-09-15 20:34:34 - [INFO] - [CACHE SKIP] Skipping cache due to adjustments/overrides/invert
2025-09-15 20:34:34 - [INFO] - [DEBUG] Path extraction: session=EMA, patient=10, study_date=20250628
2025-09-15 20:34:34 - [INFO] - [DEBUG] Extracted patient info - ID: 10, Session: EMA
2025-09-15 20:34:34 - [INFO] - [DEBUG] Original path: F:\projek dosen\prototype riset\hotspot-analyzer\data\PLANAR\EMA\10\20250628\10.dcm
2025-09-15 20:34:34 - [INFO] - [DEBUG] Study date: 20250628
2025-09-15 20:34:34 - [INFO] - [DEBUG] Patient ID: 10
2025-09-15 20:34:34 - [INFO] - [DEBUG] Session code: EMA
2025-09-15 20:34:34 - [INFO] - [DEBUG] Study date folder: F:\projek dosen\prototype riset\hotspot-analyzer\data\PLANAR\EMA\10\20250628
2025-09-15 20:34:34 - [INFO] - [DEBUG] Loading original image for Anterior
2025-09-15 20:34:34 - [INFO] - [DEBUG] Looking for original PNG in study_date dir: F:\projek dosen\prototype riset\hotspot-analyzer\data\PLANAR\EMA\10\20250628\ant_original.png
2025-09-15 20:34:34 - [DEBUG] - STREAM b'IHDR' 16 13
2025-09-15 20:34:34 - [DEBUG] - STREAM b'IDAT' 41 65536
2025-09-15 20:34:34 - [INFO] - [DEBUG] Loaded original PNG from study_date dir: (256, 1024)
2025-09-15 20:34:34 - [INFO] - [DEBUG] Original image loaded: (256, 1024)
2025-09-15 20:34:34 - [INFO] - [DEBUG] Applying invert to original image
2025-09-15 20:34:34 - [INFO] - [DEBUG] simple_invert_pil_image: Processing L image, size = (256, 1024)
2025-09-15 20:34:34 - [INFO] - [DEBUG] simple_invert_image: input shape = (1024, 256), dtype = uint8
2025-09-15 20:34:34 - [INFO] - [DEBUG] Simple inversion completed: [0-255] -> [0-255]
2025-09-15 20:34:34 - [INFO] - [DEBUG] simple_invert_pil_image: completed
2025-09-15 20:34:34 - [INFO] - [DEBUG] Using STORED B/C values: B=0.00, C=1.00
2025-09-15 20:34:34 - [INFO] - [DEBUG]   Image layer loaded and processed
2025-09-15 20:34:34 - [INFO] - [DEBUG] Loading segmentation layer for Anterior
2025-09-15 20:34:34 - [INFO] - [DEBUG] Looking for segmentation (NEWEST): F:\projek dosen\prototype riset\hotspot-analyzer\data\PLANAR\EMA\10\20250628\ant_segm.png
2025-09-15 20:34:34 - [DEBUG] - STREAM b'IHDR' 16 13
2025-09-15 20:34:34 - [DEBUG] - STREAM b'IDAT' 41 6214
2025-09-15 20:34:34 - [INFO] - [DEBUG]   Loaded segmentation with transparency: F:\projek dosen\prototype riset\hotspot-analyzer\data\PLANAR\EMA\10\20250628\ant_segm.png
2025-09-15 20:34:34 - [INFO] - [DEBUG] Segmentation type: ORIGINAL
2025-09-15 20:34:34 - [INFO] - [DEBUG] Loading hotspot layer for Anterior
2025-09-15 20:34:34 - [INFO] - [DEBUG] Looking for hotspot classification (NEWEST): F:\projek dosen\prototype riset\hotspot-analyzer\data\PLANAR\EMA\10\20250628\ant_hotspot_classification.png
2025-09-15 20:34:34 - [INFO] - [DEBUG] No hotspot classification found: F:\projek dosen\prototype riset\hotspot-analyzer\data\PLANAR\EMA\10\20250628\ant_hotspot_classification.png
2025-09-15 20:34:34 - [INFO] - [DEBUG] Loading bbox layer for Anterior
2025-09-15 20:34:34 - [INFO] - [DEBUG] Looking for classification XML (NEWEST): F:\projek dosen\prototype riset\hotspot-analyzer\data\PLANAR\EMA\10\20250628\ant_hotspot_classification.xml
2025-09-15 20:34:34 - [INFO] - [DEBUG] No classification XML found: F:\projek dosen\prototype riset\hotspot-analyzer\data\PLANAR\EMA\10\20250628\ant_hotspot_classification.xml
2025-09-15 20:34:34 - [INFO] - [CACHE STORE] Not caching due to adjustments/overrides/invert
2025-09-15 20:34:34 - [INFO] - [DEBUG]   Loaded 2 layers for Anterior: ['Image', 'Segmentation']
2025-09-15 20:34:34 - [INFO] - [DEBUG] Available CLASSIFICATION layers in files: ['Image', 'Segmentation']
2025-09-15 20:34:34 - [INFO] - [DEBUG]   Added CLASSIFICATION Image to card 0 (opacity: 1.00)
2025-09-15 20:34:34 - [INFO] - [DEBUG]   CLASSIFICATION card 0 composite created with layers: ['Image']
2025-09-15 20:34:34 - [INFO] - [DEBUG] Creating CLASSIFICATION card 0 for view: Posterior
2025-09-15 20:34:34 - [INFO] - [DEBUG] Active layers selected: ['Image']
2025-09-15 20:34:34 - [INFO] - [DEBUG] DICOM path: F:\projek dosen\prototype riset\hotspot-analyzer\data\PLANAR\EMA\10\20250628\10.dcm
2025-09-15 20:34:34 - [INFO] - [DEBUG] Current view: Posterior
2025-09-15 20:34:34 - [INFO] - [CACHE DEBUG] use_cache=False
2025-09-15 20:34:34 - [INFO] - [CACHE DEBUG] has_adjustments=False (B=0.00, C=1.00)
2025-09-15 20:34:34 - [INFO] - [CACHE DEBUG] has_overrides=False (override_b=None, override_c=None)
2025-09-15 20:34:34 - [INFO] - [CACHE DEBUG] invert_original=True
2025-09-15 20:34:34 - [INFO] - [CACHE SKIP] Skipping cache due to adjustments/overrides/invert
2025-09-15 20:34:34 - [INFO] - [DEBUG] Path extraction: session=EMA, patient=10, study_date=20250628
2025-09-15 20:34:34 - [INFO] - [DEBUG] Extracted patient info - ID: 10, Session: EMA
2025-09-15 20:34:34 - [INFO] - [DEBUG] Original path: F:\projek dosen\prototype riset\hotspot-analyzer\data\PLANAR\EMA\10\20250628\10.dcm
2025-09-15 20:34:34 - [INFO] - [DEBUG] Study date: 20250628
2025-09-15 20:34:34 - [INFO] - [DEBUG] Patient ID: 10
2025-09-15 20:34:34 - [INFO] - [DEBUG] Session code: EMA
2025-09-15 20:34:34 - [INFO] - [DEBUG] Study date folder: F:\projek dosen\prototype riset\hotspot-analyzer\data\PLANAR\EMA\10\20250628
2025-09-15 20:34:34 - [INFO] - [DEBUG] Loading original image for Posterior
2025-09-15 20:34:34 - [INFO] - [DEBUG] Looking for original PNG in study_date dir: F:\projek dosen\prototype riset\hotspot-analyzer\data\PLANAR\EMA\10\20250628\post_original.png
2025-09-15 20:34:34 - [DEBUG] - STREAM b'IHDR' 16 13
2025-09-15 20:34:34 - [DEBUG] - STREAM b'IDAT' 41 65536
2025-09-15 20:34:34 - [INFO] - [DEBUG] Loaded original PNG from study_date dir: (256, 1024)
2025-09-15 20:34:34 - [INFO] - [DEBUG] Original image loaded: (256, 1024)
2025-09-15 20:34:34 - [INFO] - [DEBUG] Applying invert to original image
2025-09-15 20:34:34 - [INFO] - [DEBUG] simple_invert_pil_image: Processing L image, size = (256, 1024)
2025-09-15 20:34:34 - [INFO] - [DEBUG] simple_invert_image: input shape = (1024, 256), dtype = uint8
2025-09-15 20:34:34 - [INFO] - [DEBUG] Simple inversion completed: [0-255] -> [0-255]
2025-09-15 20:34:34 - [INFO] - [DEBUG] simple_invert_pil_image: completed
2025-09-15 20:34:34 - [INFO] - [DEBUG] Using STORED B/C values: B=0.00, C=1.00
2025-09-15 20:34:34 - [INFO] - [DEBUG]   Image layer loaded and processed
2025-09-15 20:34:34 - [INFO] - [DEBUG] Loading segmentation layer for Posterior
2025-09-15 20:34:34 - [INFO] - [DEBUG] Looking for segmentation (NEWEST): F:\projek dosen\prototype riset\hotspot-analyzer\data\PLANAR\EMA\10\20250628\post_segm.png
2025-09-15 20:34:34 - [DEBUG] - STREAM b'IHDR' 16 13
2025-09-15 20:34:34 - [DEBUG] - STREAM b'IDAT' 41 6048
2025-09-15 20:34:34 - [INFO] - [DEBUG]   Loaded segmentation with transparency: F:\projek dosen\prototype riset\hotspot-analyzer\data\PLANAR\EMA\10\20250628\post_segm.png
2025-09-15 20:34:34 - [INFO] - [DEBUG] Segmentation type: ORIGINAL
2025-09-15 20:34:34 - [INFO] - [DEBUG] Loading hotspot layer for Posterior
2025-09-15 20:34:34 - [INFO] - [DEBUG] Looking for hotspot classification (NEWEST): F:\projek dosen\prototype riset\hotspot-analyzer\data\PLANAR\EMA\10\20250628\post_hotspot_classification.png
2025-09-15 20:34:34 - [INFO] - [DEBUG] No hotspot classification found: F:\projek dosen\prototype riset\hotspot-analyzer\data\PLANAR\EMA\10\20250628\post_hotspot_classification.png
2025-09-15 20:34:34 - [INFO] - [DEBUG] Loading bbox layer for Posterior
2025-09-15 20:34:34 - [INFO] - [DEBUG] Looking for classification XML (NEWEST): F:\projek dosen\prototype riset\hotspot-analyzer\data\PLANAR\EMA\10\20250628\post_hotspot_classification.xml
2025-09-15 20:34:34 - [INFO] - [DEBUG] No classification XML found: F:\projek dosen\prototype riset\hotspot-analyzer\data\PLANAR\EMA\10\20250628\post_hotspot_classification.xml
2025-09-15 20:34:34 - [INFO] - [CACHE STORE] Not caching due to adjustments/overrides/invert
2025-09-15 20:34:34 - [INFO] - [DEBUG]   Loaded 2 layers for Posterior: ['Image', 'Segmentation']
2025-09-15 20:34:34 - [INFO] - [DEBUG] Available CLASSIFICATION layers in files: ['Image', 'Segmentation']
2025-09-15 20:34:34 - [INFO] - [DEBUG]   Added CLASSIFICATION Image to card 0 (opacity: 1.00)
2025-09-15 20:34:34 - [INFO] - [DEBUG]   CLASSIFICATION card 0 composite created with layers: ['Image']
2025-09-15 20:34:34 - [INFO] - [SMART UPDATE] State updated - Type: full
2025-09-15 20:34:34 - [INFO] - [SMART UPDATE] State updated - Type: rebuild
2025-09-15 20:34:34 - [INFO] - [DEBUG] Set Hotspot opacity to 0.50
2025-09-15 20:34:34 - [INFO] - [SMART UPDATE] Change type: none
2025-09-15 20:34:34 - [INFO] - [SMART UPDATE] Using full rebuild for opacity change
2025-09-15 20:34:34 - [INFO] - [DEBUG] Rebuilding timeline for active scan index: 0
2025-09-15 20:34:34 - [INFO] - [DEBUG] Creating CLASSIFICATION card 0 for view: Anterior
2025-09-15 20:34:34 - [INFO] - [DEBUG] Active layers selected: ['Image']
2025-09-15 20:34:34 - [INFO] - [DEBUG] DICOM path: F:\projek dosen\prototype riset\hotspot-analyzer\data\PLANAR\EMA\10\20250628\10.dcm
2025-09-15 20:34:34 - [INFO] - [DEBUG] Current view: Anterior
2025-09-15 20:34:34 - [INFO] - [CACHE DEBUG] use_cache=False
2025-09-15 20:34:34 - [INFO] - [CACHE DEBUG] has_adjustments=False (B=0.00, C=1.00)
2025-09-15 20:34:34 - [INFO] - [CACHE DEBUG] has_overrides=False (override_b=None, override_c=None)
2025-09-15 20:34:34 - [INFO] - [CACHE DEBUG] invert_original=True
2025-09-15 20:34:34 - [INFO] - [CACHE SKIP] Skipping cache due to adjustments/overrides/invert
2025-09-15 20:34:34 - [INFO] - [DEBUG] Path extraction: session=EMA, patient=10, study_date=20250628
2025-09-15 20:34:34 - [INFO] - [DEBUG] Extracted patient info - ID: 10, Session: EMA
2025-09-15 20:34:34 - [INFO] - [DEBUG] Original path: F:\projek dosen\prototype riset\hotspot-analyzer\data\PLANAR\EMA\10\20250628\10.dcm
2025-09-15 20:34:34 - [INFO] - [DEBUG] Study date: 20250628
2025-09-15 20:34:34 - [INFO] - [DEBUG] Patient ID: 10
2025-09-15 20:34:34 - [INFO] - [DEBUG] Session code: EMA
2025-09-15 20:34:34 - [INFO] - [DEBUG] Study date folder: F:\projek dosen\prototype riset\hotspot-analyzer\data\PLANAR\EMA\10\20250628
2025-09-15 20:34:34 - [INFO] - [DEBUG] Loading original image for Anterior
2025-09-15 20:34:34 - [INFO] - [DEBUG] Looking for original PNG in study_date dir: F:\projek dosen\prototype riset\hotspot-analyzer\data\PLANAR\EMA\10\20250628\ant_original.png
2025-09-15 20:34:34 - [DEBUG] - STREAM b'IHDR' 16 13
2025-09-15 20:34:34 - [DEBUG] - STREAM b'IDAT' 41 65536
2025-09-15 20:34:34 - [INFO] - [DEBUG] Loaded original PNG from study_date dir: (256, 1024)
2025-09-15 20:34:34 - [INFO] - [DEBUG] Original image loaded: (256, 1024)
2025-09-15 20:34:34 - [INFO] - [DEBUG] Applying invert to original image
2025-09-15 20:34:34 - [INFO] - [DEBUG] simple_invert_pil_image: Processing L image, size = (256, 1024)
2025-09-15 20:34:34 - [INFO] - [DEBUG] simple_invert_image: input shape = (1024, 256), dtype = uint8
2025-09-15 20:34:34 - [INFO] - [DEBUG] Simple inversion completed: [0-255] -> [0-255]
2025-09-15 20:34:34 - [INFO] - [DEBUG] simple_invert_pil_image: completed
2025-09-15 20:34:34 - [INFO] - [DEBUG] Using STORED B/C values: B=0.00, C=1.00
2025-09-15 20:34:34 - [INFO] - [DEBUG]   Image layer loaded and processed
2025-09-15 20:34:34 - [INFO] - [DEBUG] Loading segmentation layer for Anterior
2025-09-15 20:34:34 - [INFO] - [DEBUG] Looking for segmentation (NEWEST): F:\projek dosen\prototype riset\hotspot-analyzer\data\PLANAR\EMA\10\20250628\ant_segm.png
2025-09-15 20:34:34 - [DEBUG] - STREAM b'IHDR' 16 13
2025-09-15 20:34:34 - [DEBUG] - STREAM b'IDAT' 41 6214
2025-09-15 20:34:34 - [INFO] - [DEBUG]   Loaded segmentation with transparency: F:\projek dosen\prototype riset\hotspot-analyzer\data\PLANAR\EMA\10\20250628\ant_segm.png
2025-09-15 20:34:34 - [INFO] - [DEBUG] Segmentation type: ORIGINAL
2025-09-15 20:34:34 - [INFO] - [DEBUG] Loading hotspot layer for Anterior
2025-09-15 20:34:34 - [INFO] - [DEBUG] Looking for hotspot classification (NEWEST): F:\projek dosen\prototype riset\hotspot-analyzer\data\PLANAR\EMA\10\20250628\ant_hotspot_classification.png
2025-09-15 20:34:34 - [INFO] - [DEBUG] No hotspot classification found: F:\projek dosen\prototype riset\hotspot-analyzer\data\PLANAR\EMA\10\20250628\ant_hotspot_classification.png
2025-09-15 20:34:34 - [INFO] - [DEBUG] Loading bbox layer for Anterior
2025-09-15 20:34:34 - [INFO] - [DEBUG] Looking for classification XML (NEWEST): F:\projek dosen\prototype riset\hotspot-analyzer\data\PLANAR\EMA\10\20250628\ant_hotspot_classification.xml
2025-09-15 20:34:34 - [INFO] - [DEBUG] No classification XML found: F:\projek dosen\prototype riset\hotspot-analyzer\data\PLANAR\EMA\10\20250628\ant_hotspot_classification.xml
2025-09-15 20:34:34 - [INFO] - [CACHE STORE] Not caching due to adjustments/overrides/invert
2025-09-15 20:34:34 - [INFO] - [DEBUG]   Loaded 2 layers for Anterior: ['Image', 'Segmentation']
2025-09-15 20:34:34 - [INFO] - [DEBUG] Available CLASSIFICATION layers in files: ['Image', 'Segmentation']
2025-09-15 20:34:34 - [INFO] - [DEBUG]   Added CLASSIFICATION Image to card 0 (opacity: 1.00)
2025-09-15 20:34:34 - [INFO] - [DEBUG]   CLASSIFICATION card 0 composite created with layers: ['Image']
2025-09-15 20:34:34 - [INFO] - [DEBUG] Creating CLASSIFICATION card 0 for view: Posterior
2025-09-15 20:34:34 - [INFO] - [DEBUG] Active layers selected: ['Image']
2025-09-15 20:34:34 - [INFO] - [DEBUG] DICOM path: F:\projek dosen\prototype riset\hotspot-analyzer\data\PLANAR\EMA\10\20250628\10.dcm
2025-09-15 20:34:34 - [INFO] - [DEBUG] Current view: Posterior
2025-09-15 20:34:34 - [INFO] - [CACHE DEBUG] use_cache=False
2025-09-15 20:34:34 - [INFO] - [CACHE DEBUG] has_adjustments=False (B=0.00, C=1.00)
2025-09-15 20:34:34 - [INFO] - [CACHE DEBUG] has_overrides=False (override_b=None, override_c=None)
2025-09-15 20:34:34 - [INFO] - [CACHE DEBUG] invert_original=True
2025-09-15 20:34:34 - [INFO] - [CACHE SKIP] Skipping cache due to adjustments/overrides/invert
2025-09-15 20:34:34 - [INFO] - [DEBUG] Path extraction: session=EMA, patient=10, study_date=20250628
2025-09-15 20:34:34 - [INFO] - [DEBUG] Extracted patient info - ID: 10, Session: EMA
2025-09-15 20:34:34 - [INFO] - [DEBUG] Original path: F:\projek dosen\prototype riset\hotspot-analyzer\data\PLANAR\EMA\10\20250628\10.dcm
2025-09-15 20:34:34 - [INFO] - [DEBUG] Study date: 20250628
2025-09-15 20:34:34 - [INFO] - [DEBUG] Patient ID: 10
2025-09-15 20:34:34 - [INFO] - [DEBUG] Session code: EMA
2025-09-15 20:34:34 - [INFO] - [DEBUG] Study date folder: F:\projek dosen\prototype riset\hotspot-analyzer\data\PLANAR\EMA\10\20250628
2025-09-15 20:34:34 - [INFO] - [DEBUG] Loading original image for Posterior
2025-09-15 20:34:34 - [INFO] - [DEBUG] Looking for original PNG in study_date dir: F:\projek dosen\prototype riset\hotspot-analyzer\data\PLANAR\EMA\10\20250628\post_original.png
2025-09-15 20:34:34 - [DEBUG] - STREAM b'IHDR' 16 13
2025-09-15 20:34:34 - [DEBUG] - STREAM b'IDAT' 41 65536
2025-09-15 20:34:34 - [INFO] - [DEBUG] Loaded original PNG from study_date dir: (256, 1024)
2025-09-15 20:34:34 - [INFO] - [DEBUG] Original image loaded: (256, 1024)
2025-09-15 20:34:34 - [INFO] - [DEBUG] Applying invert to original image
2025-09-15 20:34:34 - [INFO] - [DEBUG] simple_invert_pil_image: Processing L image, size = (256, 1024)
2025-09-15 20:34:34 - [INFO] - [DEBUG] simple_invert_image: input shape = (1024, 256), dtype = uint8
2025-09-15 20:34:34 - [INFO] - [DEBUG] Simple inversion completed: [0-255] -> [0-255]
2025-09-15 20:34:34 - [INFO] - [DEBUG] simple_invert_pil_image: completed
2025-09-15 20:34:34 - [INFO] - [DEBUG] Using STORED B/C values: B=0.00, C=1.00
2025-09-15 20:34:34 - [INFO] - [DEBUG]   Image layer loaded and processed
2025-09-15 20:34:34 - [INFO] - [DEBUG] Loading segmentation layer for Posterior
2025-09-15 20:34:34 - [INFO] - [DEBUG] Looking for segmentation (NEWEST): F:\projek dosen\prototype riset\hotspot-analyzer\data\PLANAR\EMA\10\20250628\post_segm.png
2025-09-15 20:34:34 - [DEBUG] - STREAM b'IHDR' 16 13
2025-09-15 20:34:34 - [DEBUG] - STREAM b'IDAT' 41 6048
2025-09-15 20:34:34 - [INFO] - [DEBUG]   Loaded segmentation with transparency: F:\projek dosen\prototype riset\hotspot-analyzer\data\PLANAR\EMA\10\20250628\post_segm.png
2025-09-15 20:34:34 - [INFO] - [DEBUG] Segmentation type: ORIGINAL
2025-09-15 20:34:34 - [INFO] - [DEBUG] Loading hotspot layer for Posterior
2025-09-15 20:34:34 - [INFO] - [DEBUG] Looking for hotspot classification (NEWEST): F:\projek dosen\prototype riset\hotspot-analyzer\data\PLANAR\EMA\10\20250628\post_hotspot_classification.png
2025-09-15 20:34:34 - [INFO] - [DEBUG] No hotspot classification found: F:\projek dosen\prototype riset\hotspot-analyzer\data\PLANAR\EMA\10\20250628\post_hotspot_classification.png
2025-09-15 20:34:34 - [INFO] - [DEBUG] Loading bbox layer for Posterior
2025-09-15 20:34:34 - [INFO] - [DEBUG] Looking for classification XML (NEWEST): F:\projek dosen\prototype riset\hotspot-analyzer\data\PLANAR\EMA\10\20250628\post_hotspot_classification.xml
2025-09-15 20:34:34 - [INFO] - [DEBUG] No classification XML found: F:\projek dosen\prototype riset\hotspot-analyzer\data\PLANAR\EMA\10\20250628\post_hotspot_classification.xml
2025-09-15 20:34:34 - [INFO] - [CACHE STORE] Not caching due to adjustments/overrides/invert
2025-09-15 20:34:34 - [INFO] - [DEBUG]   Loaded 2 layers for Posterior: ['Image', 'Segmentation']
2025-09-15 20:34:34 - [INFO] - [DEBUG] Available CLASSIFICATION layers in files: ['Image', 'Segmentation']
2025-09-15 20:34:34 - [INFO] - [DEBUG]   Added CLASSIFICATION Image to card 0 (opacity: 1.00)
2025-09-15 20:34:34 - [INFO] - [DEBUG]   CLASSIFICATION card 0 composite created with layers: ['Image']
2025-09-15 20:34:34 - [INFO] - [SMART UPDATE] State updated - Type: full
2025-09-15 20:34:34 - [INFO] - [SMART UPDATE] State updated - Type: rebuild
2025-09-15 20:34:34 - [INFO] - [DEBUG] Set HotspotBBox opacity to 1.00
2025-09-15 20:34:34 - [INFO] - [SMART UPDATE] Change type: none
2025-09-15 20:34:34 - [INFO] - [SMART UPDATE] Using full rebuild for opacity change
2025-09-15 20:34:34 - [INFO] - [DEBUG] Rebuilding timeline for active scan index: 0
2025-09-15 20:34:34 - [INFO] - [DEBUG] Creating CLASSIFICATION card 0 for view: Anterior
2025-09-15 20:34:34 - [INFO] - [DEBUG] Active layers selected: ['Image']
2025-09-15 20:34:34 - [INFO] - [DEBUG] DICOM path: F:\projek dosen\prototype riset\hotspot-analyzer\data\PLANAR\EMA\10\20250628\10.dcm
2025-09-15 20:34:34 - [INFO] - [DEBUG] Current view: Anterior
2025-09-15 20:34:34 - [INFO] - [CACHE DEBUG] use_cache=False
2025-09-15 20:34:34 - [INFO] - [CACHE DEBUG] has_adjustments=False (B=0.00, C=1.00)
2025-09-15 20:34:34 - [INFO] - [CACHE DEBUG] has_overrides=False (override_b=None, override_c=None)
2025-09-15 20:34:34 - [INFO] - [CACHE DEBUG] invert_original=True
2025-09-15 20:34:34 - [INFO] - [CACHE SKIP] Skipping cache due to adjustments/overrides/invert
2025-09-15 20:34:34 - [INFO] - [DEBUG] Path extraction: session=EMA, patient=10, study_date=20250628
2025-09-15 20:34:34 - [INFO] - [DEBUG] Extracted patient info - ID: 10, Session: EMA
2025-09-15 20:34:34 - [INFO] - [DEBUG] Original path: F:\projek dosen\prototype riset\hotspot-analyzer\data\PLANAR\EMA\10\20250628\10.dcm
2025-09-15 20:34:34 - [INFO] - [DEBUG] Study date: 20250628
2025-09-15 20:34:34 - [INFO] - [DEBUG] Patient ID: 10
2025-09-15 20:34:34 - [INFO] - [DEBUG] Session code: EMA
2025-09-15 20:34:34 - [INFO] - [DEBUG] Study date folder: F:\projek dosen\prototype riset\hotspot-analyzer\data\PLANAR\EMA\10\20250628
2025-09-15 20:34:34 - [INFO] - [DEBUG] Loading original image for Anterior
2025-09-15 20:34:34 - [INFO] - [DEBUG] Looking for original PNG in study_date dir: F:\projek dosen\prototype riset\hotspot-analyzer\data\PLANAR\EMA\10\20250628\ant_original.png
2025-09-15 20:34:34 - [DEBUG] - STREAM b'IHDR' 16 13
2025-09-15 20:34:34 - [DEBUG] - STREAM b'IDAT' 41 65536
2025-09-15 20:34:34 - [INFO] - [DEBUG] Loaded original PNG from study_date dir: (256, 1024)
2025-09-15 20:34:34 - [INFO] - [DEBUG] Original image loaded: (256, 1024)
2025-09-15 20:34:34 - [INFO] - [DEBUG] Applying invert to original image
2025-09-15 20:34:34 - [INFO] - [DEBUG] simple_invert_pil_image: Processing L image, size = (256, 1024)
2025-09-15 20:34:34 - [INFO] - [DEBUG] simple_invert_image: input shape = (1024, 256), dtype = uint8
2025-09-15 20:34:34 - [INFO] - [DEBUG] Simple inversion completed: [0-255] -> [0-255]
2025-09-15 20:34:34 - [INFO] - [DEBUG] simple_invert_pil_image: completed
2025-09-15 20:34:34 - [INFO] - [DEBUG] Using STORED B/C values: B=0.00, C=1.00
2025-09-15 20:34:34 - [INFO] - [DEBUG]   Image layer loaded and processed
2025-09-15 20:34:34 - [INFO] - [DEBUG] Loading segmentation layer for Anterior
2025-09-15 20:34:34 - [INFO] - [DEBUG] Looking for segmentation (NEWEST): F:\projek dosen\prototype riset\hotspot-analyzer\data\PLANAR\EMA\10\20250628\ant_segm.png
2025-09-15 20:34:34 - [DEBUG] - STREAM b'IHDR' 16 13
2025-09-15 20:34:34 - [DEBUG] - STREAM b'IDAT' 41 6214
2025-09-15 20:34:34 - [INFO] - [DEBUG]   Loaded segmentation with transparency: F:\projek dosen\prototype riset\hotspot-analyzer\data\PLANAR\EMA\10\20250628\ant_segm.png
2025-09-15 20:34:34 - [INFO] - [DEBUG] Segmentation type: ORIGINAL
2025-09-15 20:34:34 - [INFO] - [DEBUG] Loading hotspot layer for Anterior
2025-09-15 20:34:34 - [INFO] - [DEBUG] Looking for hotspot classification (NEWEST): F:\projek dosen\prototype riset\hotspot-analyzer\data\PLANAR\EMA\10\20250628\ant_hotspot_classification.png
2025-09-15 20:34:34 - [INFO] - [DEBUG] No hotspot classification found: F:\projek dosen\prototype riset\hotspot-analyzer\data\PLANAR\EMA\10\20250628\ant_hotspot_classification.png
2025-09-15 20:34:34 - [INFO] - [DEBUG] Loading bbox layer for Anterior
2025-09-15 20:34:34 - [INFO] - [DEBUG] Looking for classification XML (NEWEST): F:\projek dosen\prototype riset\hotspot-analyzer\data\PLANAR\EMA\10\20250628\ant_hotspot_classification.xml
2025-09-15 20:34:34 - [INFO] - [DEBUG] No classification XML found: F:\projek dosen\prototype riset\hotspot-analyzer\data\PLANAR\EMA\10\20250628\ant_hotspot_classification.xml
2025-09-15 20:34:34 - [INFO] - [CACHE STORE] Not caching due to adjustments/overrides/invert
2025-09-15 20:34:34 - [INFO] - [DEBUG]   Loaded 2 layers for Anterior: ['Image', 'Segmentation']
2025-09-15 20:34:34 - [INFO] - [DEBUG] Available CLASSIFICATION layers in files: ['Image', 'Segmentation']
2025-09-15 20:34:34 - [INFO] - [DEBUG]   Added CLASSIFICATION Image to card 0 (opacity: 1.00)
2025-09-15 20:34:34 - [INFO] - [DEBUG]   CLASSIFICATION card 0 composite created with layers: ['Image']
2025-09-15 20:34:34 - [INFO] - [DEBUG] Creating CLASSIFICATION card 0 for view: Posterior
2025-09-15 20:34:34 - [INFO] - [DEBUG] Active layers selected: ['Image']
2025-09-15 20:34:34 - [INFO] - [DEBUG] DICOM path: F:\projek dosen\prototype riset\hotspot-analyzer\data\PLANAR\EMA\10\20250628\10.dcm
2025-09-15 20:34:34 - [INFO] - [DEBUG] Current view: Posterior
2025-09-15 20:34:34 - [INFO] - [CACHE DEBUG] use_cache=False
2025-09-15 20:34:34 - [INFO] - [CACHE DEBUG] has_adjustments=False (B=0.00, C=1.00)
2025-09-15 20:34:34 - [INFO] - [CACHE DEBUG] has_overrides=False (override_b=None, override_c=None)
2025-09-15 20:34:34 - [INFO] - [CACHE DEBUG] invert_original=True
2025-09-15 20:34:34 - [INFO] - [CACHE SKIP] Skipping cache due to adjustments/overrides/invert
2025-09-15 20:34:34 - [INFO] - [DEBUG] Path extraction: session=EMA, patient=10, study_date=20250628
2025-09-15 20:34:34 - [INFO] - [DEBUG] Extracted patient info - ID: 10, Session: EMA
2025-09-15 20:34:34 - [INFO] - [DEBUG] Original path: F:\projek dosen\prototype riset\hotspot-analyzer\data\PLANAR\EMA\10\20250628\10.dcm
2025-09-15 20:34:34 - [INFO] - [DEBUG] Study date: 20250628
2025-09-15 20:34:34 - [INFO] - [DEBUG] Patient ID: 10
2025-09-15 20:34:34 - [INFO] - [DEBUG] Session code: EMA
2025-09-15 20:34:34 - [INFO] - [DEBUG] Study date folder: F:\projek dosen\prototype riset\hotspot-analyzer\data\PLANAR\EMA\10\20250628
2025-09-15 20:34:34 - [INFO] - [DEBUG] Loading original image for Posterior
2025-09-15 20:34:34 - [INFO] - [DEBUG] Looking for original PNG in study_date dir: F:\projek dosen\prototype riset\hotspot-analyzer\data\PLANAR\EMA\10\20250628\post_original.png
2025-09-15 20:34:34 - [DEBUG] - STREAM b'IHDR' 16 13
2025-09-15 20:34:34 - [DEBUG] - STREAM b'IDAT' 41 65536
2025-09-15 20:34:34 - [INFO] - [DEBUG] Loaded original PNG from study_date dir: (256, 1024)
2025-09-15 20:34:34 - [INFO] - [DEBUG] Original image loaded: (256, 1024)
2025-09-15 20:34:34 - [INFO] - [DEBUG] Applying invert to original image
2025-09-15 20:34:34 - [INFO] - [DEBUG] simple_invert_pil_image: Processing L image, size = (256, 1024)
2025-09-15 20:34:34 - [INFO] - [DEBUG] simple_invert_image: input shape = (1024, 256), dtype = uint8
2025-09-15 20:34:34 - [INFO] - [DEBUG] Simple inversion completed: [0-255] -> [0-255]
2025-09-15 20:34:34 - [INFO] - [DEBUG] simple_invert_pil_image: completed
2025-09-15 20:34:34 - [INFO] - [DEBUG] Using STORED B/C values: B=0.00, C=1.00
2025-09-15 20:34:34 - [INFO] - [DEBUG]   Image layer loaded and processed
2025-09-15 20:34:34 - [INFO] - [DEBUG] Loading segmentation layer for Posterior
2025-09-15 20:34:34 - [INFO] - [DEBUG] Looking for segmentation (NEWEST): F:\projek dosen\prototype riset\hotspot-analyzer\data\PLANAR\EMA\10\20250628\post_segm.png
2025-09-15 20:34:34 - [DEBUG] - STREAM b'IHDR' 16 13
2025-09-15 20:34:34 - [DEBUG] - STREAM b'IDAT' 41 6048
2025-09-15 20:34:34 - [INFO] - [DEBUG]   Loaded segmentation with transparency: F:\projek dosen\prototype riset\hotspot-analyzer\data\PLANAR\EMA\10\20250628\post_segm.png
2025-09-15 20:34:34 - [INFO] - [DEBUG] Segmentation type: ORIGINAL
2025-09-15 20:34:34 - [INFO] - [DEBUG] Loading hotspot layer for Posterior
2025-09-15 20:34:34 - [INFO] - [DEBUG] Looking for hotspot classification (NEWEST): F:\projek dosen\prototype riset\hotspot-analyzer\data\PLANAR\EMA\10\20250628\post_hotspot_classification.png
2025-09-15 20:34:34 - [INFO] - [DEBUG] No hotspot classification found: F:\projek dosen\prototype riset\hotspot-analyzer\data\PLANAR\EMA\10\20250628\post_hotspot_classification.png
2025-09-15 20:34:34 - [INFO] - [DEBUG] Loading bbox layer for Posterior
2025-09-15 20:34:34 - [INFO] - [DEBUG] Looking for classification XML (NEWEST): F:\projek dosen\prototype riset\hotspot-analyzer\data\PLANAR\EMA\10\20250628\post_hotspot_classification.xml
2025-09-15 20:34:34 - [INFO] - [DEBUG] No classification XML found: F:\projek dosen\prototype riset\hotspot-analyzer\data\PLANAR\EMA\10\20250628\post_hotspot_classification.xml
2025-09-15 20:34:34 - [INFO] - [CACHE STORE] Not caching due to adjustments/overrides/invert
2025-09-15 20:34:34 - [INFO] - [DEBUG]   Loaded 2 layers for Posterior: ['Image', 'Segmentation']
2025-09-15 20:34:34 - [INFO] - [DEBUG] Available CLASSIFICATION layers in files: ['Image', 'Segmentation']
2025-09-15 20:34:34 - [INFO] - [DEBUG]   Added CLASSIFICATION Image to card 0 (opacity: 1.00)
2025-09-15 20:34:34 - [INFO] - [DEBUG]   CLASSIFICATION card 0 composite created with layers: ['Image']
2025-09-15 20:34:34 - [INFO] - [SMART UPDATE] State updated - Type: full
2025-09-15 20:34:34 - [INFO] - [SMART UPDATE] State updated - Type: rebuild
2025-09-15 20:34:34 - [INFO] - [BSI META INTEGRATION] Updating scan meta with BSI data
2025-09-15 20:34:34 - [INFO] - [BSI META INTEGRATION] Session code: EMA
2025-09-15 20:34:34 - [INFO] - [BSI META INTEGRATION] Scan path: F:\projek dosen\prototype riset\hotspot-analyzer\data\PLANAR\EMA\2\20250628\2.dcm
2025-09-15 20:34:34 - [INFO] - [BSI EXTRACT INFO] Extracting from path: F:\projek dosen\prototype riset\hotspot-analyzer\data\PLANAR\EMA\2\20250628\2.dcm
2025-09-15 20:34:34 - [INFO] - [BSI EXTRACT INFO] Extracted study_date from DICOM: 20250628
2025-09-15 20:34:34 - [INFO] - [BSI EXTRACT INFO] Extracted patient_id from study_date structure: 2
2025-09-15 20:34:34 - [INFO] - [BSI EXTRACT INFO] Final result - Patient: 2, Study: 20250628
2025-09-15 20:34:34 - [INFO] - [BSI META INTEGRATION] Extracted - Patient: 2, Study: 20250628
2025-09-15 20:34:34 - [INFO] -   [DEBUG QUANT FILES] Getting quantification files for: F:\projek dosen\prototype riset\hotspot-analyzer\data\PLANAR\EMA\2\20250628
2025-09-15 20:34:34 - [INFO] -   [DEBUG QUANT FILES] Detected study_date folder: F:\projek dosen\prototype riset\hotspot-analyzer\data\PLANAR\EMA\2\20250628
2025-09-15 20:34:34 - [INFO] -   [DEBUG QUANT FILES] Generated paths:
2025-09-15 20:34:34 - [INFO] -   [DEBUG QUANT FILES]   bsi_json_ant: F:\projek dosen\prototype riset\hotspot-analyzer\data\PLANAR\EMA\2\20250628\bsi_quantification_ant.json (exists: False)
2025-09-15 20:34:34 - [INFO] -   [DEBUG QUANT FILES]   bsi_json_post: F:\projek dosen\prototype riset\hotspot-analyzer\data\PLANAR\EMA\2\20250628\bsi_quantification_post.json (exists: False)
2025-09-15 20:34:34 - [INFO] - [BSI META INTEGRATION] No BSI files in study_date folder, trying patient folder: F:\projek dosen\prototype riset\hotspot-analyzer\data\PLANAR\EMA\2
2025-09-15 20:34:34 - [INFO] -   [DEBUG QUANT FILES] Getting quantification files for: F:\projek dosen\prototype riset\hotspot-analyzer\data\PLANAR\EMA\2
2025-09-15 20:34:34 - [INFO] -   [DEBUG QUANT FILES] Using latest study_date folder: F:\projek dosen\prototype riset\hotspot-analyzer\data\PLANAR\EMA\2\20250628
2025-09-15 20:34:34 - [INFO] -   [DEBUG QUANT FILES] Generated paths:
2025-09-15 20:34:34 - [INFO] -   [DEBUG QUANT FILES]   bsi_json_ant: F:\projek dosen\prototype riset\hotspot-analyzer\data\PLANAR\EMA\2\20250628\bsi_quantification_ant.json (exists: False)
2025-09-15 20:34:34 - [INFO] -   [DEBUG QUANT FILES]   bsi_json_post: F:\projek dosen\prototype riset\hotspot-analyzer\data\PLANAR\EMA\2\20250628\bsi_quantification_post.json (exists: False)
2025-09-15 20:34:34 - [INFO] - [BSI META INTEGRATION] Could not determine patient folder with BSI files
2025-09-15 20:34:34 - [INFO] - [DEBUG] display_timeline called with 1 scan(s), focusing on index = 0
2025-09-15 20:34:34 - [INFO] - [BSI META INTEGRATION] Updating scan meta with BSI data
2025-09-15 20:34:34 - [INFO] - [BSI META INTEGRATION] Session code: EMA
2025-09-15 20:34:34 - [INFO] - [BSI META INTEGRATION] Scan path: F:\projek dosen\prototype riset\hotspot-analyzer\data\PLANAR\EMA\2\20250628\2.dcm
2025-09-15 20:34:34 - [INFO] - [BSI EXTRACT INFO] Extracting from path: F:\projek dosen\prototype riset\hotspot-analyzer\data\PLANAR\EMA\2\20250628\2.dcm
2025-09-15 20:34:34 - [INFO] - [BSI EXTRACT INFO] Extracted study_date from DICOM: 20250628
2025-09-15 20:34:34 - [INFO] - [BSI EXTRACT INFO] Extracted patient_id from study_date structure: 2
2025-09-15 20:34:34 - [INFO] - [BSI EXTRACT INFO] Final result - Patient: 2, Study: 20250628
2025-09-15 20:34:34 - [INFO] - [BSI META INTEGRATION] Extracted - Patient: 2, Study: 20250628
2025-09-15 20:34:34 - [INFO] -   [DEBUG QUANT FILES] Getting quantification files for: F:\projek dosen\prototype riset\hotspot-analyzer\data\PLANAR\EMA\2\20250628
2025-09-15 20:34:34 - [INFO] -   [DEBUG QUANT FILES] Detected study_date folder: F:\projek dosen\prototype riset\hotspot-analyzer\data\PLANAR\EMA\2\20250628
2025-09-15 20:34:34 - [INFO] -   [DEBUG QUANT FILES] Generated paths:
2025-09-15 20:34:34 - [INFO] -   [DEBUG QUANT FILES]   bsi_json_ant: F:\projek dosen\prototype riset\hotspot-analyzer\data\PLANAR\EMA\2\20250628\bsi_quantification_ant.json (exists: False)
2025-09-15 20:34:34 - [INFO] -   [DEBUG QUANT FILES]   bsi_json_post: F:\projek dosen\prototype riset\hotspot-analyzer\data\PLANAR\EMA\2\20250628\bsi_quantification_post.json (exists: False)
2025-09-15 20:34:34 - [INFO] - [BSI META INTEGRATION] No BSI files in study_date folder, trying patient folder: F:\projek dosen\prototype riset\hotspot-analyzer\data\PLANAR\EMA\2
2025-09-15 20:34:34 - [INFO] -   [DEBUG QUANT FILES] Getting quantification files for: F:\projek dosen\prototype riset\hotspot-analyzer\data\PLANAR\EMA\2
2025-09-15 20:34:34 - [INFO] -   [DEBUG QUANT FILES] Using latest study_date folder: F:\projek dosen\prototype riset\hotspot-analyzer\data\PLANAR\EMA\2\20250628
2025-09-15 20:34:34 - [INFO] -   [DEBUG QUANT FILES] Generated paths:
2025-09-15 20:34:34 - [INFO] -   [DEBUG QUANT FILES]   bsi_json_ant: F:\projek dosen\prototype riset\hotspot-analyzer\data\PLANAR\EMA\2\20250628\bsi_quantification_ant.json (exists: False)
2025-09-15 20:34:34 - [INFO] -   [DEBUG QUANT FILES]   bsi_json_post: F:\projek dosen\prototype riset\hotspot-analyzer\data\PLANAR\EMA\2\20250628\bsi_quantification_post.json (exists: False)
2025-09-15 20:34:34 - [INFO] - [BSI META INTEGRATION] Could not determine patient folder with BSI files
2025-09-15 20:34:34 - [INFO] - [DEBUG] Rebuilding timeline for active scan index: 0
2025-09-15 20:34:34 - [INFO] - [DEBUG] Creating CLASSIFICATION card 0 for view: Anterior
2025-09-15 20:34:34 - [INFO] - [DEBUG] Active layers selected: ['Image']
2025-09-15 20:34:34 - [INFO] - [DEBUG] DICOM path: F:\projek dosen\prototype riset\hotspot-analyzer\data\PLANAR\EMA\2\20250628\2.dcm
2025-09-15 20:34:34 - [INFO] - [DEBUG] Current view: Anterior
2025-09-15 20:34:34 - [INFO] - [CACHE DEBUG] use_cache=False
2025-09-15 20:34:34 - [INFO] - [CACHE DEBUG] has_adjustments=False (B=0.00, C=1.00)
2025-09-15 20:34:34 - [INFO] - [CACHE DEBUG] has_overrides=False (override_b=None, override_c=None)
2025-09-15 20:34:34 - [INFO] - [CACHE DEBUG] invert_original=True
2025-09-15 20:34:34 - [INFO] - [CACHE SKIP] Skipping cache due to adjustments/overrides/invert
2025-09-15 20:34:34 - [INFO] - [DEBUG] Path extraction: session=EMA, patient=2, study_date=20250628
2025-09-15 20:34:34 - [INFO] - [DEBUG] Extracted patient info - ID: 2, Session: EMA
2025-09-15 20:34:34 - [INFO] - [DEBUG] Original path: F:\projek dosen\prototype riset\hotspot-analyzer\data\PLANAR\EMA\2\20250628\2.dcm
2025-09-15 20:34:34 - [INFO] - [DEBUG] Study date: 20250628
2025-09-15 20:34:34 - [INFO] - [DEBUG] Patient ID: 2
2025-09-15 20:34:34 - [INFO] - [DEBUG] Session code: EMA
2025-09-15 20:34:34 - [INFO] - [DEBUG] Study date folder: F:\projek dosen\prototype riset\hotspot-analyzer\data\PLANAR\EMA\2\20250628
2025-09-15 20:34:34 - [INFO] - [DEBUG] Loading original image for Anterior
2025-09-15 20:34:34 - [INFO] - [DEBUG] Looking for original PNG in study_date dir: F:\projek dosen\prototype riset\hotspot-analyzer\data\PLANAR\EMA\2\20250628\ant_original.png
2025-09-15 20:34:34 - [DEBUG] - STREAM b'IHDR' 16 13
2025-09-15 20:34:34 - [DEBUG] - STREAM b'IDAT' 41 65536
2025-09-15 20:34:34 - [INFO] - [DEBUG] Loaded original PNG from study_date dir: (256, 1024)
2025-09-15 20:34:34 - [INFO] - [DEBUG] Original image loaded: (256, 1024)
2025-09-15 20:34:34 - [INFO] - [DEBUG] Applying invert to original image
2025-09-15 20:34:34 - [INFO] - [DEBUG] simple_invert_pil_image: Processing L image, size = (256, 1024)
2025-09-15 20:34:34 - [INFO] - [DEBUG] simple_invert_image: input shape = (1024, 256), dtype = uint8
2025-09-15 20:34:34 - [INFO] - [DEBUG] Simple inversion completed: [0-255] -> [0-255]
2025-09-15 20:34:34 - [INFO] - [DEBUG] simple_invert_pil_image: completed
2025-09-15 20:34:34 - [INFO] - [DEBUG] Using STORED B/C values: B=0.00, C=1.00
2025-09-15 20:34:34 - [INFO] - [DEBUG]   Image layer loaded and processed
2025-09-15 20:34:34 - [INFO] - [DEBUG] Loading segmentation layer for Anterior
2025-09-15 20:34:34 - [INFO] - [DEBUG] Looking for segmentation (NEWEST): F:\projek dosen\prototype riset\hotspot-analyzer\data\PLANAR\EMA\2\20250628\ant_segm.png
2025-09-15 20:34:34 - [DEBUG] - STREAM b'IHDR' 16 13
2025-09-15 20:34:34 - [DEBUG] - STREAM b'IDAT' 41 6439
2025-09-15 20:34:34 - [INFO] - [DEBUG]   Loaded segmentation with transparency: F:\projek dosen\prototype riset\hotspot-analyzer\data\PLANAR\EMA\2\20250628\ant_segm.png
2025-09-15 20:34:34 - [INFO] - [DEBUG] Segmentation type: ORIGINAL
2025-09-15 20:34:34 - [INFO] - [DEBUG] Loading hotspot layer for Anterior
2025-09-15 20:34:34 - [INFO] - [DEBUG] Looking for hotspot classification (NEWEST): F:\projek dosen\prototype riset\hotspot-analyzer\data\PLANAR\EMA\2\20250628\ant_hotspot_classification.png
2025-09-15 20:34:34 - [INFO] - [DEBUG] No hotspot classification found: F:\projek dosen\prototype riset\hotspot-analyzer\data\PLANAR\EMA\2\20250628\ant_hotspot_classification.png
2025-09-15 20:34:34 - [INFO] - [DEBUG] Loading bbox layer for Anterior
2025-09-15 20:34:34 - [INFO] - [DEBUG] Looking for classification XML (NEWEST): F:\projek dosen\prototype riset\hotspot-analyzer\data\PLANAR\EMA\2\20250628\ant_hotspot_classification.xml
2025-09-15 20:34:34 - [INFO] - [DEBUG] No classification XML found: F:\projek dosen\prototype riset\hotspot-analyzer\data\PLANAR\EMA\2\20250628\ant_hotspot_classification.xml
2025-09-15 20:34:34 - [INFO] - [CACHE STORE] Not caching due to adjustments/overrides/invert
2025-09-15 20:34:34 - [INFO] - [DEBUG]   Loaded 2 layers for Anterior: ['Image', 'Segmentation']
2025-09-15 20:34:34 - [INFO] - [DEBUG] Available CLASSIFICATION layers in files: ['Image', 'Segmentation']
2025-09-15 20:34:34 - [INFO] - [DEBUG]   Added CLASSIFICATION Image to card 0 (opacity: 1.00)
2025-09-15 20:34:34 - [INFO] - [DEBUG]   CLASSIFICATION card 0 composite created with layers: ['Image']
2025-09-15 20:34:34 - [INFO] - [DEBUG] Creating CLASSIFICATION card 0 for view: Posterior
2025-09-15 20:34:34 - [INFO] - [DEBUG] Active layers selected: ['Image']
2025-09-15 20:34:34 - [INFO] - [DEBUG] DICOM path: F:\projek dosen\prototype riset\hotspot-analyzer\data\PLANAR\EMA\2\20250628\2.dcm
2025-09-15 20:34:34 - [INFO] - [DEBUG] Current view: Posterior
2025-09-15 20:34:34 - [INFO] - [CACHE DEBUG] use_cache=False
2025-09-15 20:34:34 - [INFO] - [CACHE DEBUG] has_adjustments=False (B=0.00, C=1.00)
2025-09-15 20:34:34 - [INFO] - [CACHE DEBUG] has_overrides=False (override_b=None, override_c=None)
2025-09-15 20:34:34 - [INFO] - [CACHE DEBUG] invert_original=True
2025-09-15 20:34:34 - [INFO] - [CACHE SKIP] Skipping cache due to adjustments/overrides/invert
2025-09-15 20:34:34 - [INFO] - [DEBUG] Path extraction: session=EMA, patient=2, study_date=20250628
2025-09-15 20:34:34 - [INFO] - [DEBUG] Extracted patient info - ID: 2, Session: EMA
2025-09-15 20:34:34 - [INFO] - [DEBUG] Original path: F:\projek dosen\prototype riset\hotspot-analyzer\data\PLANAR\EMA\2\20250628\2.dcm
2025-09-15 20:34:34 - [INFO] - [DEBUG] Study date: 20250628
2025-09-15 20:34:34 - [INFO] - [DEBUG] Patient ID: 2
2025-09-15 20:34:34 - [INFO] - [DEBUG] Session code: EMA
2025-09-15 20:34:34 - [INFO] - [DEBUG] Study date folder: F:\projek dosen\prototype riset\hotspot-analyzer\data\PLANAR\EMA\2\20250628
2025-09-15 20:34:34 - [INFO] - [DEBUG] Loading original image for Posterior
2025-09-15 20:34:34 - [INFO] - [DEBUG] Looking for original PNG in study_date dir: F:\projek dosen\prototype riset\hotspot-analyzer\data\PLANAR\EMA\2\20250628\post_original.png
2025-09-15 20:34:34 - [DEBUG] - STREAM b'IHDR' 16 13
2025-09-15 20:34:34 - [DEBUG] - STREAM b'IDAT' 41 65536
2025-09-15 20:34:34 - [INFO] - [DEBUG] Loaded original PNG from study_date dir: (256, 1024)
2025-09-15 20:34:34 - [INFO] - [DEBUG] Original image loaded: (256, 1024)
2025-09-15 20:34:34 - [INFO] - [DEBUG] Applying invert to original image
2025-09-15 20:34:34 - [INFO] - [DEBUG] simple_invert_pil_image: Processing L image, size = (256, 1024)
2025-09-15 20:34:34 - [INFO] - [DEBUG] simple_invert_image: input shape = (1024, 256), dtype = uint8
2025-09-15 20:34:34 - [INFO] - [DEBUG] Simple inversion completed: [0-255] -> [0-255]
2025-09-15 20:34:34 - [INFO] - [DEBUG] simple_invert_pil_image: completed
2025-09-15 20:34:34 - [INFO] - [DEBUG] Using STORED B/C values: B=0.00, C=1.00
2025-09-15 20:34:34 - [INFO] - [DEBUG]   Image layer loaded and processed
2025-09-15 20:34:34 - [INFO] - [DEBUG] Loading segmentation layer for Posterior
2025-09-15 20:34:34 - [INFO] - [DEBUG] Looking for segmentation (NEWEST): F:\projek dosen\prototype riset\hotspot-analyzer\data\PLANAR\EMA\2\20250628\post_segm.png
2025-09-15 20:34:34 - [DEBUG] - STREAM b'IHDR' 16 13
2025-09-15 20:34:34 - [DEBUG] - STREAM b'IDAT' 41 5917
2025-09-15 20:34:34 - [INFO] - [DEBUG]   Loaded segmentation with transparency: F:\projek dosen\prototype riset\hotspot-analyzer\data\PLANAR\EMA\2\20250628\post_segm.png
2025-09-15 20:34:34 - [INFO] - [DEBUG] Segmentation type: ORIGINAL
2025-09-15 20:34:34 - [INFO] - [DEBUG] Loading hotspot layer for Posterior
2025-09-15 20:34:34 - [INFO] - [DEBUG] Looking for hotspot classification (NEWEST): F:\projek dosen\prototype riset\hotspot-analyzer\data\PLANAR\EMA\2\20250628\post_hotspot_classification.png
2025-09-15 20:34:34 - [INFO] - [DEBUG] No hotspot classification found: F:\projek dosen\prototype riset\hotspot-analyzer\data\PLANAR\EMA\2\20250628\post_hotspot_classification.png
2025-09-15 20:34:34 - [INFO] - [DEBUG] Loading bbox layer for Posterior
2025-09-15 20:34:34 - [INFO] - [DEBUG] Looking for classification XML (NEWEST): F:\projek dosen\prototype riset\hotspot-analyzer\data\PLANAR\EMA\2\20250628\post_hotspot_classification.xml
2025-09-15 20:34:34 - [INFO] - [DEBUG] No classification XML found: F:\projek dosen\prototype riset\hotspot-analyzer\data\PLANAR\EMA\2\20250628\post_hotspot_classification.xml
2025-09-15 20:34:34 - [INFO] - [CACHE STORE] Not caching due to adjustments/overrides/invert
2025-09-15 20:34:34 - [INFO] - [DEBUG]   Loaded 2 layers for Posterior: ['Image', 'Segmentation']
2025-09-15 20:34:34 - [INFO] - [DEBUG] Available CLASSIFICATION layers in files: ['Image', 'Segmentation']
2025-09-15 20:34:34 - [INFO] - [DEBUG]   Added CLASSIFICATION Image to card 0 (opacity: 1.00)
2025-09-15 20:34:34 - [INFO] - [DEBUG]   CLASSIFICATION card 0 composite created with layers: ['Image']
2025-09-15 20:34:34 - [INFO] - [SMART UPDATE] State updated - Type: full
2025-09-15 20:34:34 - [INFO] -   [DEBUG QUANT FILES] Getting quantification files for: F:\projek dosen\prototype riset\hotspot-analyzer\data\PLANAR\EMA\2\20250628
2025-09-15 20:34:34 - [INFO] -   [DEBUG QUANT FILES] Detected study_date folder: F:\projek dosen\prototype riset\hotspot-analyzer\data\PLANAR\EMA\2\20250628
2025-09-15 20:34:34 - [INFO] -   [DEBUG QUANT FILES] Generated paths:
2025-09-15 20:34:34 - [INFO] -   [DEBUG QUANT FILES]   bsi_json_ant: F:\projek dosen\prototype riset\hotspot-analyzer\data\PLANAR\EMA\2\20250628\bsi_quantification_ant.json (exists: False)
2025-09-15 20:34:34 - [INFO] -   [DEBUG QUANT FILES]   bsi_json_post: F:\projek dosen\prototype riset\hotspot-analyzer\data\PLANAR\EMA\2\20250628\bsi_quantification_post.json (exists: False)
2025-09-15 20:34:34 - [INFO] -   [DEBUG QUANT FILES] Getting quantification files for: F:\projek dosen\prototype riset\hotspot-analyzer\data\PLANAR\EMA\2
2025-09-15 20:34:34 - [INFO] -   [DEBUG QUANT FILES] Using latest study_date folder: F:\projek dosen\prototype riset\hotspot-analyzer\data\PLANAR\EMA\2\20250628
2025-09-15 20:34:34 - [INFO] -   [DEBUG QUANT FILES] Generated paths:
2025-09-15 20:34:34 - [INFO] -   [DEBUG QUANT FILES]   bsi_json_ant: F:\projek dosen\prototype riset\hotspot-analyzer\data\PLANAR\EMA\2\20250628\bsi_quantification_ant.json (exists: False)
2025-09-15 20:34:34 - [INFO] -   [DEBUG QUANT FILES]   bsi_json_post: F:\projek dosen\prototype riset\hotspot-analyzer\data\PLANAR\EMA\2\20250628\bsi_quantification_post.json (exists: False)
2025-09-15 20:34:34 - [INFO] - [BSI SIDE PANEL] Clearing data...
2025-09-15 20:34:34 - [INFO] - [DEBUG] Path extraction: session=EMA, patient=2, study_date=20250628
2025-09-15 20:34:34 - [INFO] - [DEBUG] Extracted patient info - ID: 2, Session: EMA
2025-09-15 20:34:34 - [INFO] - [DEBUG] Original path: F:\projek dosen\prototype riset\hotspot-analyzer\data\PLANAR\EMA\2\20250628\2.dcm
2025-09-15 20:34:37 - [INFO] - [DEBUG] Logout requested
2025-09-15 20:34:37 - [INFO] - [DEBUG] === Starting new session ===
2025-09-15 20:34:37 - [INFO] - [DEBUG] Development mode - creating dialog immediately
2025-09-15 20:34:37 - [INFO] - [DEBUG] Creating doctor selection dialog (attempt 1/3)...
2025-09-15 20:34:37 - [INFO] - [DEBUG] Dialog class imported successfully
2025-09-15 20:34:37 - [INFO] - [DEBUG] Dialog instance created successfully
2025-09-15 20:34:37 - [INFO] - [DEBUG] Dialog window properties set
2025-09-15 20:34:37 - [INFO] - [DEBUG] Showing dialog to user...
2025-09-15 20:34:37 - [INFO] - [DEBUG] Dialog shown successfully
2025-09-15 20:34:37 - [INFO] - [DEBUG] Waiting for user input...
2025-09-15 20:35:16 - [INFO] - [DEBUG] Dialog execution completed with result: 0
2025-09-15 20:35:16 - [INFO] - [DEBUG] Quick close detected: False
2025-09-15 20:35:16 - [INFO] - [DEBUG] User cancelled dialog, exiting application
2025-09-15 20:35:16 - [INFO] - [DEBUG] Shutting down application...
2025-09-15 20:35:16 - [INFO] - [DEBUG] Application exited with code: 0
2025-09-15 20:35:16 - [INFO] - Aplikasi terminated normally
