2025-09-10 01:14:05 - [INFO] - Logger berhasil dikonfigurasi. Memulai aplikasi...
2025-09-10 01:14:05 - [INFO] - [DEBUG] Running in development mode
2025-09-10 01:14:05 - [INFO] - [DEBUG] Starting TELPLASTINA...
2025-09-10 01:14:05 - [INFO] - [UI] Application icon loaded: assets\icon.ico
2025-09-10 01:14:05 - [INFO] - [UI] Poppins font applied
2025-09-10 01:14:05 - [INFO] - [DEBUG] TELPLASTINA application created and configured
2025-09-10 01:14:05 - [INFO] - [DEBUG] Starting session with 100ms delay...
2025-09-10 01:14:05 - [INFO] - [DEBUG] === Starting new session ===
2025-09-10 01:14:05 - [INFO] - [DEBUG] Development mode - creating dialog immediately
2025-09-10 01:14:05 - [INFO] - [DEBUG] Creating doctor selection dialog (attempt 1/3)...
2025-09-10 01:14:06 - [INFO] - [PATHS] Found YOLO model at: F:\projek dosen\prototype riset\hotspot-analyzer\models\hotspot_detection\models\model_detection_hs_yolov8.pt
2025-09-10 01:14:06 - [INFO] - [DEBUG] Dialog class imported successfully
2025-09-10 01:14:07 - [INFO] - [DEBUG] Dialog instance created successfully
2025-09-10 01:14:07 - [INFO] - [DEBUG] Dialog window properties set
2025-09-10 01:14:07 - [INFO] - [DEBUG] Showing dialog to user...
2025-09-10 01:14:07 - [INFO] - [DEBUG] Dialog shown successfully
2025-09-10 01:14:07 - [INFO] - [DEBUG] Waiting for user input...
2025-09-10 01:14:09 - [INFO] - [SESSION] Created session: NSY_Planar_20250910_011409
2025-09-10 01:14:09 - [INFO] - [SESSION] Created: NSY_Planar_20250910_011409
2025-09-10 01:14:09 - [INFO] - [DEBUG] Dialog execution completed with result: 1
2025-09-10 01:14:09 - [INFO] - [DEBUG] Quick close detected: False
2025-09-10 01:14:09 - [INFO] - [DEBUG] Session selected - Code: NSY, Modality: Planar
2025-09-10 01:14:09 - [INFO] - [DEBUG] Data directory confirmed: data
2025-09-10 01:14:09 - [INFO] - [DEBUG] Starting PLANAR session with code: NSY
2025-09-10 01:14:09 - [INFO] - [DEBUG] Creating main window for session: NSY
2025-09-10 01:14:13 - [INFO] - [YOLO] Module loaded - model will be loaded on-demand
2025-09-10 01:14:13 - [INFO] - [DEBUG] session_code in MainWindow = NSY
2025-09-10 01:14:13 - [INFO] - [DEBUG] Timeline keyboard shortcuts enabled: Ctrl+/- for zoom, Ctrl+0 for reset
2025-09-10 01:14:13 - [INFO] - [DEBUG] Connecting invert checkbox...
2025-09-10 01:14:13 - [INFO] - [DEBUG] Testing checkbox connection...
2025-09-10 01:14:13 - [INFO] - [DEBUG] Timeline widget exists: True
2025-09-10 01:14:13 - [INFO] - [DEBUG] Timeline widget type: <class 'features.spect_viewer.gui.scan_timeline.ScanTimelineWidget'>
2025-09-10 01:14:13 - [INFO] - [DEBUG] Invert checkbox created and connected
2025-09-10 01:14:14 - [INFO] - [MainWindow]   Global keyboard shortcuts setup complete
2025-09-10 01:14:14 - [INFO] - [MainWindow] Syncing view 'Anterior' across all components
2025-09-10 01:14:14 - [INFO] - [DEBUG] set_active_view called with 'Anterior', but is now ignored.
2025-09-10 01:14:14 - [INFO] - [MainWindow]   View sync completed
2025-09-10 01:14:14 - [INFO] - [MainWindow]   Complete integration initialization finished
2025-09-10 01:14:14 - [INFO] - [DEBUG] Starting folder scan for session: NSY
2025-09-10 01:14:14 - [INFO] - Ditemukan 7 file DICOM di 'F:\projek dosen\prototype riset\hotspot-analyzer\data\PLANAR'
2025-09-10 01:14:14 - [INFO] - Ditemukan 4 session, 7 pasien (total 7 file DICOM).
2025-09-10 01:14:14 - [INFO] - ALL: 1 pasien, 1 file
2025-09-10 01:14:14 - [INFO] - ATL: 4 pasien, 4 file
2025-09-10 01:14:14 - [INFO] - NBL: 1 pasien, 1 file
2025-09-10 01:14:14 - [INFO] - NSY: 1 pasien, 1 file
2025-09-10 01:14:14 - [INFO] - [DEBUG] Found 4 total sessions: ['ALL', 'ATL', 'NBL', 'NSY']
2025-09-10 01:14:14 - [INFO] - [DEBUG] Filtered to session NSY: 1 patients
2025-09-10 01:14:14 - [INFO] - [DEBUG] Added 1 patients to combo box for session NSY
2025-09-10 01:14:14 - [INFO] - [DEBUG] display_timeline called with 0 scan(s), focusing on index = -1
2025-09-10 01:14:14 - [INFO] - [DEBUG] Rebuilding timeline for active scan index: -1
2025-09-10 01:14:14 - [INFO] - [BSI SIDE PANEL] Clearing all patient data...
2025-09-10 01:14:14 - [INFO] - [DEBUG] Folder scan completed
2025-09-10 01:14:14 - [INFO] - [DEBUG] Main window created successfully for session: NSY
2025-09-10 01:14:14 - [INFO] - [DEBUG] Main window created successfully
2025-09-10 01:14:14 - [INFO] - [DEBUG] Logout signal connected
2025-09-10 01:14:14 - [INFO] - [DEBUG] Main window displayed
2025-09-10 01:14:14 - [INFO] - [DEBUG] Active windows count: 1
2025-09-10 01:14:15 - [INFO] - [TEST] Testing invert connection...
2025-09-10 01:14:15 - [INFO] - [TEST] Timeline widget exists: True
2025-09-10 01:14:15 - [INFO] - [TEST] Checkbox exists: True
2025-09-10 01:14:15 - [INFO] - [TEST] Current checkbox state: False
2025-09-10 01:14:15 - [INFO] - [DEBUG] === INVERT CHECKBOX CHANGED ===
2025-09-10 01:14:15 - [INFO] - [DEBUG] Checkbox state: 2, isChecked(): True
2025-09-10 01:14:15 - [INFO] - [DEBUG] Invert flag changed: False -> True
2025-09-10 01:14:15 - [INFO] - [DEBUG] Calling timeline_widget.set_invert_original(True)
2025-09-10 01:14:15 - [INFO] - [DEBUG] set_invert_original called: True (current: False)
2025-09-10 01:14:15 - [INFO] - [CACHE CLEAR] Cleared 0 layer cache entries
2025-09-10 01:14:15 - [INFO] - [CACHE CLEAR] Cleared zoom cache (0 labels)
2025-09-10 01:14:15 - [INFO] - [DEBUG] Cleared layer cache due to invert change
2025-09-10 01:14:15 - [INFO] - [DEBUG] No scans loaded, rebuild skipped
2025-09-10 01:14:15 - [INFO] - [DEBUG]   Timeline invert method called successfully
2025-09-10 01:14:15 - [INFO] - [TEST] Toggled checkbox to: True
2025-09-10 01:14:15 - [INFO] - [DEBUG] Opening DICOM import dialog...
2025-09-10 01:14:17 - [INFO] - [DEBUG] Import dialog cancelled
2025-09-10 01:14:18 - [INFO] - [DEBUG] Opening DICOM import dialog...
2025-09-10 01:14:22 - [INFO] - [DEBUG] Import dialog cancelled
2025-09-10 01:14:26 - [INFO] - [DEBUG] item activated → ID: 0001158915 (NSY) @ index 0
2025-09-10 01:14:26 - [INFO] - [DEBUG] item activated → ID: 0001158915 (NSY)
2025-09-10 01:14:26 - [INFO] - 
2025-09-10 01:14:26 - [INFO] - [DEBUG SELECT GANTENG] ===================
2025-09-10 01:14:26 - [INFO] - [DEBUG SELECT] Patient selected: ID: 0001158915 (NSY)
2025-09-10 01:14:26 - [INFO] - [DEBUG SELECT] Parsed - Patient: 0001158915, Session: NSY
2025-09-10 01:14:26 - [INFO] - [DEBUG SELECT] Patient path from paths.py: F:\projek dosen\prototype riset\hotspot-analyzer\data\PLANAR\NSY\0001158915
2025-09-10 01:14:26 - [INFO] - [DEBUG SELECT] Patient path exists: True
2025-09-10 01:14:26 - [INFO] - [DEBUG SELECT] Patient path contents:
2025-09-10 01:14:26 - [INFO] - [DEBUG SELECT]   - 20241204 (DIR)
2025-09-10 01:14:26 - [INFO] - 
2025-09-10 01:14:26 - [INFO] - [DEBUG PATHS GANTENG] ===================
2025-09-10 01:14:26 - [INFO] - [DEBUG PATHS] Patient folder: F:\projek dosen\prototype riset\hotspot-analyzer\data\PLANAR\NSY\0001158915
2025-09-10 01:14:26 - [INFO] - [DEBUG PATHS] Patient ID: 0001158915
2025-09-10 01:14:26 - [INFO] - [DEBUG PATHS] Folder exists: True
2025-09-10 01:14:26 - [INFO] - [DEBUG PATHS] Folder structure:
2025-09-10 01:14:26 - [INFO] - [DEBUG PATHS]   DIR:  20241204/
2025-09-10 01:14:26 - [INFO] - [DEBUG PATHS]     Study date folder contents:
2025-09-10 01:14:26 - [INFO] - [DEBUG PATHS]       DIR:  20250824/
2025-09-10 01:14:26 - [INFO] - [DEBUG PATHS]       DIR:  20250826/
2025-09-10 01:14:26 - [INFO] - [DEBUG PATHS]       FILE: ANT001_DS.dcm (1054352 bytes)
2025-09-10 01:14:26 - [INFO] - [DEBUG PATHS]       FILE: ant_hotspot_classification.json (36468 bytes)
2025-09-10 01:14:26 - [INFO] - [DEBUG PATHS]       FILE: ant_hotspot_classification.png (1012 bytes)
2025-09-10 01:14:26 - [INFO] - [DEBUG PATHS]       FILE: ant_hotspot_classification.xml (919 bytes)
2025-09-10 01:14:26 - [INFO] - [DEBUG PATHS]       FILE: ant_hotspot_otsu_colored.png (1138 bytes)
2025-09-10 01:14:26 - [INFO] - [DEBUG PATHS]       FILE: ant_hotspot_otsu_colored_blend.png (99622 bytes)
2025-09-10 01:14:26 - [INFO] - [DEBUG PATHS]       FILE: ant_hotspot_otsu_grayscale.png (566 bytes)
2025-09-10 01:14:26 - [INFO] - [DEBUG PATHS]       FILE: ant_hotspot_yolo.xml (991 bytes)
2025-09-10 01:14:26 - [INFO] - [DEBUG PATHS]       FILE: ant_mask.png (2694 bytes)
2025-09-10 01:14:26 - [INFO] - [DEBUG PATHS]       FILE: ant_original.png (74077 bytes)
2025-09-10 01:14:26 - [INFO] - [DEBUG PATHS]       FILE: ant_segm.png (5053 bytes)
2025-09-10 01:14:26 - [INFO] - [DEBUG PATHS]       FILE: bsi_quantification_ant.json (3803 bytes)
2025-09-10 01:14:26 - [INFO] - [DEBUG PATHS]       FILE: post_hotspot_otsu_colored.png (1011 bytes)
2025-09-10 01:14:26 - [INFO] - [DEBUG PATHS]       FILE: post_hotspot_otsu_colored_blend.png (102487 bytes)
2025-09-10 01:14:26 - [INFO] - [DEBUG PATHS]       FILE: post_hotspot_otsu_grayscale.png (452 bytes)
2025-09-10 01:14:26 - [INFO] - [DEBUG PATHS]       FILE: post_hotspot_yolo.xml (673 bytes)
2025-09-10 01:14:26 - [INFO] - [DEBUG PATHS]       FILE: post_mask.png (2603 bytes)
2025-09-10 01:14:26 - [INFO] - [DEBUG PATHS]       FILE: post_original.png (75692 bytes)
2025-09-10 01:14:26 - [INFO] - [DEBUG PATHS]       FILE: post_segm.png (4682 bytes)
2025-09-10 01:14:26 - [INFO] - [DEBUG QUANT FILES] Getting quantification files for: F:\projek dosen\prototype riset\hotspot-analyzer\data\PLANAR\NSY\0001158915
2025-09-10 01:14:26 - [INFO] - [DEBUG QUANT FILES] Using latest study_date folder: F:\projek dosen\prototype riset\hotspot-analyzer\data\PLANAR\NSY\0001158915\20241204
2025-09-10 01:14:26 - [INFO] - [DEBUG QUANT FILES] Generated paths:
2025-09-10 01:14:26 - [INFO] - [DEBUG QUANT FILES]   bsi_json_ant: F:\projek dosen\prototype riset\hotspot-analyzer\data\PLANAR\NSY\0001158915\20241204\bsi_quantification_ant.json (exists: True)
2025-09-10 01:14:26 - [INFO] - [DEBUG QUANT FILES]   bsi_json_post: F:\projek dosen\prototype riset\hotspot-analyzer\data\PLANAR\NSY\0001158915\20241204\bsi_quantification_post.json (exists: False)
2025-09-10 01:14:26 - [INFO] - [DEBUG PATHS] New quantification paths:
2025-09-10 01:14:26 - [INFO] - [DEBUG PATHS]   bsi_json_ant: F:\projek dosen\prototype riset\hotspot-analyzer\data\PLANAR\NSY\0001158915\20241204\bsi_quantification_ant.json (exists: True, size: 3803 bytes)
2025-09-10 01:14:26 - [INFO] - [DEBUG PATHS]     Content preview: {
2025-09-10 01:14:26 - [INFO] - "patient_info": {
2025-09-10 01:14:26 - [INFO] - "patient_id": "0001158915",
2025-09-10 01:14:26 - [INFO] - "study_date": "20241204",
2025-09-10 01:14:26 - [INFO] - "filename_st...
2025-09-10 01:14:26 - [INFO] - [DEBUG PATHS]   bsi_json_post: F:\projek dosen\prototype riset\hotspot-analyzer\data\PLANAR\NSY\0001158915\20241204\bsi_quantification_post.json (exists: False, size: 0 bytes)
2025-09-10 01:14:26 - [INFO] - [DEBUG PATHS] Old pattern search:
2025-09-10 01:14:26 - [INFO] - [DEBUG PATHS]   Old anterior: []
2025-09-10 01:14:26 - [INFO] - [DEBUG PATHS]   Old posterior: []
2025-09-10 01:14:26 - [INFO] - [DEBUG SELECT] Found DICOM files: 1
2025-09-10 01:14:26 - [INFO] - [DEBUG SELECT]   DICOM: F:\projek dosen\prototype riset\hotspot-analyzer\data\PLANAR\NSY\0001158915\20241204\ANT001_DS.dcm
2025-09-10 01:14:26 - [INFO] - [DEBUG SELECT]   DICOM folder: F:\projek dosen\prototype riset\hotspot-analyzer\data\PLANAR\NSY\0001158915\20241204
2025-09-10 01:14:26 - [INFO] - [DEBUG QUANT FILES] Getting quantification files for: F:\projek dosen\prototype riset\hotspot-analyzer\data\PLANAR\NSY\0001158915\20241204
2025-09-10 01:14:26 - [INFO] - [DEBUG QUANT FILES] Detected study_date folder: F:\projek dosen\prototype riset\hotspot-analyzer\data\PLANAR\NSY\0001158915\20241204
2025-09-10 01:14:26 - [INFO] - [DEBUG QUANT FILES] Generated paths:
2025-09-10 01:14:26 - [INFO] - [DEBUG QUANT FILES]   bsi_json_ant: F:\projek dosen\prototype riset\hotspot-analyzer\data\PLANAR\NSY\0001158915\20241204\bsi_quantification_ant.json (exists: True)
2025-09-10 01:14:26 - [INFO] - [DEBUG QUANT FILES]   bsi_json_post: F:\projek dosen\prototype riset\hotspot-analyzer\data\PLANAR\NSY\0001158915\20241204\bsi_quantification_post.json (exists: False)
2025-09-10 01:14:26 - [INFO] - [DEBUG SELECT]   BSI files near DICOM:
2025-09-10 01:14:26 - [INFO] - [DEBUG SELECT]     Anterior: True
2025-09-10 01:14:26 - [INFO] - [DEBUG SELECT]     Posterior: False
2025-09-10 01:14:26 - [INFO] - [DEBUG] Loading patient: 0001158915 from session: NSY
2025-09-10 01:14:26 - [INFO] - [CACHE DEBUG] Cache key: 0001158915_NSY
2025-09-10 01:14:26 - [INFO] - [CACHE DEBUG] Existing cache keys: []
2025-09-10 01:14:26 - [INFO] - [DEBUG] Loading scans for 0001158915_NSY from disk...
2025-09-10 01:14:26 - [INFO] - [DEBUG] Found 1 DICOM files for patient 0001158915
2025-09-10 01:14:26 - [INFO] - [DEBUG] Enriched scan data for: ANT001_DS.dcm
2025-09-10 01:14:26 - [INFO] - [DEBUG] Scan files for 0001158915_20241204:
2025-09-10 01:14:26 - [INFO] - [DEBUG] Available files: None
2025-09-10 01:14:26 - [INFO] - [DEBUG] Available PNG files for 0001158915_20241204: None
2025-09-10 01:14:26 - [INFO] - [DEBUG] Saving 1 scans to cache for 0001158915_NSY
2025-09-10 01:14:26 - [INFO] - [DEBUG] Layers changed to: []
2025-09-10 01:14:26 - [INFO] - [SMART UPDATE] Change type: none
2025-09-10 01:14:26 - [INFO] - [DEBUG] Timeline active layers set to: []
2025-09-10 01:14:26 - [INFO] - [SMART UPDATE] No changes detected, skipping update
2025-09-10 01:14:26 - [INFO] - [EDIT BUTTONS] Has scan: False, Has seg data: False, Can edit hotspot: False
2025-09-10 01:14:26 - [INFO] - [EDIT BUTTONS] Seg button enabled: False, Hotspot button enabled: False
2025-09-10 01:14:26 - [INFO] - [SMART UPDATE] Change type: none
2025-09-10 01:14:26 - [INFO] - [DEBUG] Timeline active layers set to: []
2025-09-10 01:14:26 - [INFO] - [SMART UPDATE] No changes detected, skipping update
2025-09-10 01:14:26 - [INFO] - [DEBUG] Set Image opacity to 1.00
2025-09-10 01:14:26 - [INFO] - [SMART UPDATE] Change type: none
2025-09-10 01:14:26 - [INFO] - [SMART UPDATE] Using full rebuild for opacity change
2025-09-10 01:14:26 - [INFO] - [DEBUG] Rebuilding timeline for active scan index: -1
2025-09-10 01:14:26 - [INFO] - [SMART UPDATE] State updated - Type: rebuild
2025-09-10 01:14:26 - [INFO] - [DEBUG] Set Segmentation opacity to 0.35
2025-09-10 01:14:26 - [INFO] - [SMART UPDATE] Change type: none
2025-09-10 01:14:26 - [INFO] - [SMART UPDATE] Using full rebuild for opacity change
2025-09-10 01:14:26 - [INFO] - [DEBUG] Rebuilding timeline for active scan index: -1
2025-09-10 01:14:26 - [INFO] - [SMART UPDATE] State updated - Type: rebuild
2025-09-10 01:14:26 - [INFO] - [DEBUG] Set Hotspot opacity to 0.50
2025-09-10 01:14:26 - [INFO] - [SMART UPDATE] Change type: none
2025-09-10 01:14:26 - [INFO] - [SMART UPDATE] Using full rebuild for opacity change
2025-09-10 01:14:26 - [INFO] - [DEBUG] Rebuilding timeline for active scan index: -1
2025-09-10 01:14:26 - [INFO] - [SMART UPDATE] State updated - Type: rebuild
2025-09-10 01:14:26 - [INFO] - [DEBUG] Set HotspotBBox opacity to 1.00
2025-09-10 01:14:26 - [INFO] - [SMART UPDATE] Change type: none
2025-09-10 01:14:26 - [INFO] - [SMART UPDATE] Using full rebuild for opacity change
2025-09-10 01:14:26 - [INFO] - [DEBUG] Rebuilding timeline for active scan index: -1
2025-09-10 01:14:26 - [INFO] - [SMART UPDATE] State updated - Type: rebuild
2025-09-10 01:14:26 - [INFO] - [DEBUG] Setting default layers: 'Image' checkbox should now be ON.
2025-09-10 01:14:26 - [INFO] - [DEBUG] Checkbox Image toggled: True
2025-09-10 01:14:26 - [INFO] - [DEBUG] Active layers: ['Image']
2025-09-10 01:14:26 - [INFO] - [DEBUG] Layers changed to: ['Image']
2025-09-10 01:14:26 - [INFO] - [SMART UPDATE] Change type: layers
2025-09-10 01:14:26 - [INFO] - [SMART UPDATE] Layers added: ['Image']
2025-09-10 01:14:26 - [INFO] - [DEBUG] Timeline active layers set to: ['Image']
2025-09-10 01:14:26 - [INFO] - [SMART UPDATE] Full rebuild required for change type: layers
2025-09-10 01:14:26 - [INFO] - [DEBUG] Rebuilding timeline for active scan index: -1
2025-09-10 01:14:26 - [INFO] - [SMART UPDATE] State updated - Type: layers
2025-09-10 01:14:26 - [INFO] - [EDIT BUTTONS] Has scan: False, Has seg data: False, Can edit hotspot: False
2025-09-10 01:14:26 - [INFO] - [EDIT BUTTONS] Seg button enabled: False, Hotspot button enabled: False
2025-09-10 01:14:26 - [INFO] - [DEBUG] All data loaded. Total scans: 1
2025-09-10 01:14:26 - [INFO] - [DEBUG] Layers changed to: []
2025-09-10 01:14:26 - [INFO] - [SMART UPDATE] Change type: layers
2025-09-10 01:14:26 - [INFO] - [SMART UPDATE] Layers removed: ['Image']
2025-09-10 01:14:26 - [INFO] - [DEBUG] Timeline active layers set to: []
2025-09-10 01:14:26 - [INFO] - [SMART UPDATE] Full rebuild required for change type: layers
2025-09-10 01:14:26 - [INFO] - [DEBUG] Rebuilding timeline for active scan index: -1
2025-09-10 01:14:26 - [INFO] - [SMART UPDATE] State updated - Type: layers
2025-09-10 01:14:26 - [INFO] - [EDIT BUTTONS] Has scan: False, Has seg data: False, Can edit hotspot: False
2025-09-10 01:14:26 - [INFO] - [EDIT BUTTONS] Seg button enabled: False, Hotspot button enabled: False
2025-09-10 01:14:26 - [INFO] - [SMART UPDATE] Change type: none
2025-09-10 01:14:26 - [INFO] - [DEBUG] Timeline active layers set to: []
2025-09-10 01:14:26 - [INFO] - [SMART UPDATE] No changes detected, skipping update
2025-09-10 01:14:26 - [INFO] - [DEBUG] Set Image opacity to 1.00
2025-09-10 01:14:26 - [INFO] - [SMART UPDATE] Change type: none
2025-09-10 01:14:26 - [INFO] - [SMART UPDATE] Using full rebuild for opacity change
2025-09-10 01:14:26 - [INFO] - [DEBUG] Rebuilding timeline for active scan index: -1
2025-09-10 01:14:26 - [INFO] - [SMART UPDATE] State updated - Type: rebuild
2025-09-10 01:14:26 - [INFO] - [DEBUG] Set Segmentation opacity to 0.35
2025-09-10 01:14:26 - [INFO] - [SMART UPDATE] Change type: none
2025-09-10 01:14:26 - [INFO] - [SMART UPDATE] Using full rebuild for opacity change
2025-09-10 01:14:26 - [INFO] - [DEBUG] Rebuilding timeline for active scan index: -1
2025-09-10 01:14:26 - [INFO] - [SMART UPDATE] State updated - Type: rebuild
2025-09-10 01:14:26 - [INFO] - [DEBUG] Set Hotspot opacity to 0.50
2025-09-10 01:14:26 - [INFO] - [SMART UPDATE] Change type: none
2025-09-10 01:14:26 - [INFO] - [SMART UPDATE] Using full rebuild for opacity change
2025-09-10 01:14:26 - [INFO] - [DEBUG] Rebuilding timeline for active scan index: -1
2025-09-10 01:14:26 - [INFO] - [SMART UPDATE] State updated - Type: rebuild
2025-09-10 01:14:26 - [INFO] - [DEBUG] Set HotspotBBox opacity to 1.00
2025-09-10 01:14:26 - [INFO] - [SMART UPDATE] Change type: none
2025-09-10 01:14:26 - [INFO] - [SMART UPDATE] Using full rebuild for opacity change
2025-09-10 01:14:26 - [INFO] - [DEBUG] Rebuilding timeline for active scan index: -1
2025-09-10 01:14:26 - [INFO] - [SMART UPDATE] State updated - Type: rebuild
2025-09-10 01:14:26 - [INFO] - [DEBUG] Setting default layers: 'Image' checkbox should now be ON.
2025-09-10 01:14:26 - [INFO] - [DEBUG] Checkbox Image toggled: True
2025-09-10 01:14:26 - [INFO] - [DEBUG] Active layers: ['Image']
2025-09-10 01:14:26 - [INFO] - [DEBUG] Layers changed to: ['Image']
2025-09-10 01:14:26 - [INFO] - [SMART UPDATE] Change type: layers
2025-09-10 01:14:26 - [INFO] - [SMART UPDATE] Layers added: ['Image']
2025-09-10 01:14:26 - [INFO] - [DEBUG] Timeline active layers set to: ['Image']
2025-09-10 01:14:26 - [INFO] - [SMART UPDATE] Full rebuild required for change type: layers
2025-09-10 01:14:26 - [INFO] - [DEBUG] Rebuilding timeline for active scan index: -1
2025-09-10 01:14:26 - [INFO] - [SMART UPDATE] State updated - Type: layers
2025-09-10 01:14:26 - [INFO] - [EDIT BUTTONS] Has scan: False, Has seg data: False, Can edit hotspot: False
2025-09-10 01:14:26 - [INFO] - [EDIT BUTTONS] Seg button enabled: False, Hotspot button enabled: False
2025-09-10 01:14:26 - [INFO] - [SMART UPDATE] Change type: none
2025-09-10 01:14:26 - [INFO] - [DEBUG] Timeline active layers set to: ['Image']
2025-09-10 01:14:26 - [INFO] - [SMART UPDATE] No changes detected, skipping update
2025-09-10 01:14:26 - [INFO] - [DEBUG] Set Image opacity to 1.00
2025-09-10 01:14:26 - [INFO] - [SMART UPDATE] Change type: none
2025-09-10 01:14:26 - [INFO] - [SMART UPDATE] Using full rebuild for opacity change
2025-09-10 01:14:26 - [INFO] - [DEBUG] Rebuilding timeline for active scan index: -1
2025-09-10 01:14:26 - [INFO] - [SMART UPDATE] State updated - Type: rebuild
2025-09-10 01:14:26 - [INFO] - [DEBUG] Set Segmentation opacity to 0.40
2025-09-10 01:14:26 - [INFO] - [SMART UPDATE] Change type: none
2025-09-10 01:14:26 - [INFO] - [SMART UPDATE] Using full rebuild for opacity change
2025-09-10 01:14:26 - [INFO] - [DEBUG] Rebuilding timeline for active scan index: -1
2025-09-10 01:14:26 - [INFO] - [SMART UPDATE] State updated - Type: rebuild
2025-09-10 01:14:26 - [INFO] - [DEBUG] Set Hotspot opacity to 0.50
2025-09-10 01:14:26 - [INFO] - [SMART UPDATE] Change type: none
2025-09-10 01:14:26 - [INFO] - [SMART UPDATE] Using full rebuild for opacity change
2025-09-10 01:14:26 - [INFO] - [DEBUG] Rebuilding timeline for active scan index: -1
2025-09-10 01:14:26 - [INFO] - [SMART UPDATE] State updated - Type: rebuild
2025-09-10 01:14:26 - [INFO] - [DEBUG] Set HotspotBBox opacity to 1.00
2025-09-10 01:14:26 - [INFO] - [SMART UPDATE] Change type: none
2025-09-10 01:14:26 - [INFO] - [SMART UPDATE] Using full rebuild for opacity change
2025-09-10 01:14:26 - [INFO] - [DEBUG] Rebuilding timeline for active scan index: -1
2025-09-10 01:14:26 - [INFO] - [SMART UPDATE] State updated - Type: rebuild
2025-09-10 01:14:26 - [INFO] - [MainWindow] Updating timeline with 1 scans
2025-09-10 01:14:26 - [INFO] - [BSI META INTEGRATION] Updating scan meta with BSI data
2025-09-10 01:14:26 - [INFO] - [BSI META INTEGRATION] Session code: NSY
2025-09-10 01:14:26 - [INFO] - [BSI META INTEGRATION] Scan path: F:\projek dosen\prototype riset\hotspot-analyzer\data\PLANAR\NSY\0001158915\20241204\ANT001_DS.dcm
2025-09-10 01:14:26 - [INFO] - [BSI EXTRACT INFO] Extracting from path: F:\projek dosen\prototype riset\hotspot-analyzer\data\PLANAR\NSY\0001158915\20241204\ANT001_DS.dcm
2025-09-10 01:14:26 - [INFO] - [BSI EXTRACT INFO] Extracted study_date from DICOM: 20241204
2025-09-10 01:14:26 - [INFO] - [BSI EXTRACT INFO] Extracted patient_id from study_date structure: 0001158915
2025-09-10 01:14:26 - [INFO] - [BSI EXTRACT INFO] Final result - Patient: 0001158915, Study: 20241204
2025-09-10 01:14:26 - [INFO] - [BSI META INTEGRATION] Extracted - Patient: 0001158915, Study: 20241204
2025-09-10 01:14:26 - [INFO] - [DEBUG QUANT FILES] Getting quantification files for: F:\projek dosen\prototype riset\hotspot-analyzer\data\PLANAR\NSY\0001158915\20241204
2025-09-10 01:14:26 - [INFO] - [DEBUG QUANT FILES] Detected study_date folder: F:\projek dosen\prototype riset\hotspot-analyzer\data\PLANAR\NSY\0001158915\20241204
2025-09-10 01:14:26 - [INFO] - [DEBUG QUANT FILES] Generated paths:
2025-09-10 01:14:26 - [INFO] - [DEBUG QUANT FILES]   bsi_json_ant: F:\projek dosen\prototype riset\hotspot-analyzer\data\PLANAR\NSY\0001158915\20241204\bsi_quantification_ant.json (exists: True)
2025-09-10 01:14:26 - [INFO] - [DEBUG QUANT FILES]   bsi_json_post: F:\projek dosen\prototype riset\hotspot-analyzer\data\PLANAR\NSY\0001158915\20241204\bsi_quantification_post.json (exists: False)
2025-09-10 01:14:26 - [INFO] - [BSI META INTEGRATION] Found BSI files in study_date folder: F:\projek dosen\prototype riset\hotspot-analyzer\data\PLANAR\NSY\0001158915\20241204
2025-09-10 01:14:26 - [INFO] - [BSI META INTEGRATION] Using patient folder: F:\projek dosen\prototype riset\hotspot-analyzer\data\PLANAR\NSY\0001158915\20241204
2025-09-10 01:14:26 - [INFO] - [DEBUG BSI] Detected study_date folder, using parent: F:\projek dosen\prototype riset\hotspot-analyzer\data\PLANAR\NSY\0001158915
2025-09-10 01:14:26 - [INFO] - [DEBUG BSI] Found study_date folder: 20241204
2025-09-10 01:14:26 - [INFO] - [DEBUG BSI]     - 20241204 (DIR)
2025-09-10 01:14:26 - [INFO] - [DEBUG BSI]     - 20250824 (DIR)
2025-09-10 01:14:26 - [INFO] - [DEBUG BSI]     - 20250826 (DIR)
2025-09-10 01:14:26 - [INFO] - [DEBUG BSI]     - ANT001_DS.dcm (FILE)
2025-09-10 01:14:26 - [INFO] - [DEBUG BSI]     - ant_hotspot_classification.json (FILE)
2025-09-10 01:14:26 - [INFO] - [DEBUG BSI]     - ant_hotspot_classification.png (FILE)
2025-09-10 01:14:26 - [INFO] - [DEBUG BSI]     - ant_hotspot_classification.xml (FILE)
2025-09-10 01:14:26 - [INFO] - [DEBUG BSI]     - ant_hotspot_otsu_colored.png (FILE)
2025-09-10 01:14:26 - [INFO] - [DEBUG BSI]     - ant_hotspot_otsu_colored_blend.png (FILE)
2025-09-10 01:14:26 - [INFO] - [DEBUG BSI]     - ant_hotspot_otsu_grayscale.png (FILE)
2025-09-10 01:14:26 - [INFO] - [DEBUG BSI]     - ant_hotspot_yolo.xml (FILE)
2025-09-10 01:14:26 - [INFO] - [DEBUG BSI]     - ant_mask.png (FILE)
2025-09-10 01:14:26 - [INFO] - [DEBUG BSI]     - ant_original.png (FILE)
2025-09-10 01:14:26 - [INFO] - [DEBUG BSI]     - ant_segm.png (FILE)
2025-09-10 01:14:26 - [INFO] - [DEBUG BSI]     - bsi_quantification_ant.json (FILE)
2025-09-10 01:14:26 - [INFO] - [DEBUG BSI]     - post_hotspot_otsu_colored.png (FILE)
2025-09-10 01:14:26 - [INFO] - [DEBUG BSI]     - post_hotspot_otsu_colored_blend.png (FILE)
2025-09-10 01:14:26 - [INFO] - [DEBUG BSI]     - post_hotspot_otsu_grayscale.png (FILE)
2025-09-10 01:14:26 - [INFO] - [DEBUG BSI]     - post_hotspot_yolo.xml (FILE)
2025-09-10 01:14:26 - [INFO] - [DEBUG BSI]     - post_mask.png (FILE)
2025-09-10 01:14:26 - [INFO] - [DEBUG BSI]     - post_original.png (FILE)
2025-09-10 01:14:26 - [INFO] - [DEBUG BSI]     - post_segm.png (FILE)
2025-09-10 01:14:26 - [INFO] - [DEBUG BSI]     - 20241204 (DIR)
2025-09-10 01:14:26 - [INFO] - [BSI META INTEGRATION] Found BSI data: {'study_date': '20241204', 'anterior_bsi': 0.3730588265879179, 'posterior_bsi': 0.0, 'combined_bsi': 0.3730588265879179, 'bsi_score': 0.3730588265879179, 'file_source': 'bsi_quantification_ant.json', 'processing_mode': 'single_view_anterior', 'is_v2': True, 'note': 'Only anterior view available', 'source_location': 'Study date folder'}
2025-09-10 01:14:26 - [INFO] - [BSI META INTEGRATION]   Updated meta with BSI data:
2025-09-10 01:14:26 - [INFO] - [BSI META INTEGRATION]   Anterior BSI: 0.3730588265879179
2025-09-10 01:14:26 - [INFO] - [BSI META INTEGRATION]   Posterior BSI: 0.0
2025-09-10 01:14:26 - [INFO] - [BSI META INTEGRATION]   Processing mode: single_view_anterior
2025-09-10 01:14:26 - [INFO] - [MainWindow]   BSI integration completed for 1 scans
2025-09-10 01:14:26 - [INFO] - [MainWindow DEBUG] First scan meta keys: ['patient_id', 'patient_name', 'patient_birth_date', 'patient_sex', 'patient_weight', 'patient_size', 'patient_age', 'study_date', 'series_date', 'study_time', 'modality', 'series_description', 'study_instance_uid', 'series_instance_uid', 'has_bsi', 'bsi_anterior', 'bsi_posterior', 'bsi_combined', 'bsi_processing_mode', 'bsi_file_source']
2025-09-10 01:14:26 - [INFO] - [MainWindow DEBUG] has_bsi: True
2025-09-10 01:14:26 - [INFO] - [MainWindow DEBUG] bsi_anterior: 0.3730588265879179
2025-09-10 01:14:26 - [INFO] - [MainWindow DEBUG] bsi_posterior: 0.0
2025-09-10 01:14:26 - [INFO] - [DEBUG] display_timeline called with 1 scan(s), focusing on index = 0
2025-09-10 01:14:26 - [INFO] - [BSI META INTEGRATION] Updating scan meta with BSI data
2025-09-10 01:14:26 - [INFO] - [BSI META INTEGRATION] Session code: NSY
2025-09-10 01:14:26 - [INFO] - [BSI META INTEGRATION] Scan path: F:\projek dosen\prototype riset\hotspot-analyzer\data\PLANAR\NSY\0001158915\20241204\ANT001_DS.dcm
2025-09-10 01:14:26 - [INFO] - [BSI EXTRACT INFO] Extracting from path: F:\projek dosen\prototype riset\hotspot-analyzer\data\PLANAR\NSY\0001158915\20241204\ANT001_DS.dcm
2025-09-10 01:14:26 - [INFO] - [BSI EXTRACT INFO] Extracted study_date from DICOM: 20241204
2025-09-10 01:14:26 - [INFO] - [BSI EXTRACT INFO] Extracted patient_id from study_date structure: 0001158915
2025-09-10 01:14:26 - [INFO] - [BSI EXTRACT INFO] Final result - Patient: 0001158915, Study: 20241204
2025-09-10 01:14:26 - [INFO] - [BSI META INTEGRATION] Extracted - Patient: 0001158915, Study: 20241204
2025-09-10 01:14:26 - [INFO] - [DEBUG QUANT FILES] Getting quantification files for: F:\projek dosen\prototype riset\hotspot-analyzer\data\PLANAR\NSY\0001158915\20241204
2025-09-10 01:14:26 - [INFO] - [DEBUG QUANT FILES] Detected study_date folder: F:\projek dosen\prototype riset\hotspot-analyzer\data\PLANAR\NSY\0001158915\20241204
2025-09-10 01:14:26 - [INFO] - [DEBUG QUANT FILES] Generated paths:
2025-09-10 01:14:26 - [INFO] - [DEBUG QUANT FILES]   bsi_json_ant: F:\projek dosen\prototype riset\hotspot-analyzer\data\PLANAR\NSY\0001158915\20241204\bsi_quantification_ant.json (exists: True)
2025-09-10 01:14:26 - [INFO] - [DEBUG QUANT FILES]   bsi_json_post: F:\projek dosen\prototype riset\hotspot-analyzer\data\PLANAR\NSY\0001158915\20241204\bsi_quantification_post.json (exists: False)
2025-09-10 01:14:26 - [INFO] - [BSI META INTEGRATION] Found BSI files in study_date folder: F:\projek dosen\prototype riset\hotspot-analyzer\data\PLANAR\NSY\0001158915\20241204
2025-09-10 01:14:26 - [INFO] - [BSI META INTEGRATION] Using patient folder: F:\projek dosen\prototype riset\hotspot-analyzer\data\PLANAR\NSY\0001158915\20241204
2025-09-10 01:14:26 - [INFO] - [DEBUG BSI] Detected study_date folder, using parent: F:\projek dosen\prototype riset\hotspot-analyzer\data\PLANAR\NSY\0001158915
2025-09-10 01:14:26 - [INFO] - [DEBUG BSI] Found study_date folder: 20241204
2025-09-10 01:14:26 - [INFO] - [DEBUG BSI]     - 20241204 (DIR)
2025-09-10 01:14:26 - [INFO] - [DEBUG BSI]     - 20250824 (DIR)
2025-09-10 01:14:26 - [INFO] - [DEBUG BSI]     - 20250826 (DIR)
2025-09-10 01:14:26 - [INFO] - [DEBUG BSI]     - ANT001_DS.dcm (FILE)
2025-09-10 01:14:26 - [INFO] - [DEBUG BSI]     - ant_hotspot_classification.json (FILE)
2025-09-10 01:14:26 - [INFO] - [DEBUG BSI]     - ant_hotspot_classification.png (FILE)
2025-09-10 01:14:26 - [INFO] - [DEBUG BSI]     - ant_hotspot_classification.xml (FILE)
2025-09-10 01:14:26 - [INFO] - [DEBUG BSI]     - ant_hotspot_otsu_colored.png (FILE)
2025-09-10 01:14:26 - [INFO] - [DEBUG BSI]     - ant_hotspot_otsu_colored_blend.png (FILE)
2025-09-10 01:14:26 - [INFO] - [DEBUG BSI]     - ant_hotspot_otsu_grayscale.png (FILE)
2025-09-10 01:14:26 - [INFO] - [DEBUG BSI]     - ant_hotspot_yolo.xml (FILE)
2025-09-10 01:14:26 - [INFO] - [DEBUG BSI]     - ant_mask.png (FILE)
2025-09-10 01:14:26 - [INFO] - [DEBUG BSI]     - ant_original.png (FILE)
2025-09-10 01:14:26 - [INFO] - [DEBUG BSI]     - ant_segm.png (FILE)
2025-09-10 01:14:26 - [INFO] - [DEBUG BSI]     - bsi_quantification_ant.json (FILE)
2025-09-10 01:14:26 - [INFO] - [DEBUG BSI]     - post_hotspot_otsu_colored.png (FILE)
2025-09-10 01:14:26 - [INFO] - [DEBUG BSI]     - post_hotspot_otsu_colored_blend.png (FILE)
2025-09-10 01:14:26 - [INFO] - [DEBUG BSI]     - post_hotspot_otsu_grayscale.png (FILE)
2025-09-10 01:14:26 - [INFO] - [DEBUG BSI]     - post_hotspot_yolo.xml (FILE)
2025-09-10 01:14:26 - [INFO] - [DEBUG BSI]     - post_mask.png (FILE)
2025-09-10 01:14:26 - [INFO] - [DEBUG BSI]     - post_original.png (FILE)
2025-09-10 01:14:26 - [INFO] - [DEBUG BSI]     - post_segm.png (FILE)
2025-09-10 01:14:26 - [INFO] - [DEBUG BSI]     - 20241204 (DIR)
2025-09-10 01:14:26 - [INFO] - [BSI META INTEGRATION] Found BSI data: {'study_date': '20241204', 'anterior_bsi': 0.3730588265879179, 'posterior_bsi': 0.0, 'combined_bsi': 0.3730588265879179, 'bsi_score': 0.3730588265879179, 'file_source': 'bsi_quantification_ant.json', 'processing_mode': 'single_view_anterior', 'is_v2': True, 'note': 'Only anterior view available', 'source_location': 'Study date folder'}
2025-09-10 01:14:26 - [INFO] - [BSI META INTEGRATION]   Updated meta with BSI data:
2025-09-10 01:14:26 - [INFO] - [BSI META INTEGRATION]   Anterior BSI: 0.3730588265879179
2025-09-10 01:14:26 - [INFO] - [BSI META INTEGRATION]   Posterior BSI: 0.0
2025-09-10 01:14:26 - [INFO] - [BSI META INTEGRATION]   Processing mode: single_view_anterior
2025-09-10 01:14:26 - [INFO] - [DEBUG] Rebuilding timeline for active scan index: 0
2025-09-10 01:14:26 - [INFO] - [DEBUG] Creating CLASSIFICATION card 0 for view: Anterior
2025-09-10 01:14:26 - [INFO] - [DEBUG] Active layers selected: ['Image']
2025-09-10 01:14:26 - [INFO] - [DEBUG] DICOM path: F:\projek dosen\prototype riset\hotspot-analyzer\data\PLANAR\NSY\0001158915\20241204\ANT001_DS.dcm
2025-09-10 01:14:26 - [INFO] - [DEBUG] Current view: Anterior
2025-09-10 01:14:26 - [INFO] - [CACHE DEBUG] use_cache=False
2025-09-10 01:14:26 - [INFO] - [CACHE DEBUG] has_adjustments=False (B=0.00, C=1.00)
2025-09-10 01:14:26 - [INFO] - [CACHE DEBUG] has_overrides=False (override_b=None, override_c=None)
2025-09-10 01:14:26 - [INFO] - [CACHE DEBUG] invert_original=True
2025-09-10 01:14:26 - [INFO] - [CACHE SKIP] Skipping cache due to adjustments/overrides/invert
2025-09-10 01:14:26 - [INFO] - [DEBUG] Path extraction: session=NSY, patient=0001158915, study_date=20241204
2025-09-10 01:14:26 - [INFO] - [DEBUG] Extracted patient info - ID: 0001158915, Session: NSY
2025-09-10 01:14:26 - [INFO] - [DEBUG] Original path: F:\projek dosen\prototype riset\hotspot-analyzer\data\PLANAR\NSY\0001158915\20241204\ANT001_DS.dcm
2025-09-10 01:14:26 - [INFO] - [DEBUG] Study date: 20241204
2025-09-10 01:14:26 - [INFO] - [DEBUG] Patient ID: 0001158915
2025-09-10 01:14:26 - [INFO] - [DEBUG] Session code: NSY
2025-09-10 01:14:26 - [INFO] - [DEBUG] Study date folder: F:\projek dosen\prototype riset\hotspot-analyzer\data\PLANAR\NSY\0001158915\20241204
2025-09-10 01:14:26 - [INFO] - [DEBUG] Loading original image for Anterior
2025-09-10 01:14:26 - [INFO] - [DEBUG] Looking for original PNG in study_date dir: F:\projek dosen\prototype riset\hotspot-analyzer\data\PLANAR\NSY\0001158915\20241204\ant_original.png
2025-09-10 01:14:26 - [DEBUG] - STREAM b'IHDR' 16 13
2025-09-10 01:14:26 - [DEBUG] - STREAM b'IDAT' 41 65536
2025-09-10 01:14:26 - [INFO] - [DEBUG] Loaded original PNG from study_date dir: (256, 1024)
2025-09-10 01:14:26 - [INFO] - [DEBUG] Original image loaded: (256, 1024)
2025-09-10 01:14:26 - [INFO] - [DEBUG] Applying invert to original image
2025-09-10 01:14:26 - [INFO] - [DEBUG] simple_invert_pil_image: Processing L image, size = (256, 1024)
2025-09-10 01:14:26 - [INFO] - [DEBUG] simple_invert_image: input shape = (1024, 256), dtype = uint8
2025-09-10 01:14:26 - [INFO] - [DEBUG] Simple inversion completed: [0-255] -> [0-255]
2025-09-10 01:14:26 - [INFO] - [DEBUG] simple_invert_pil_image: completed
2025-09-10 01:14:26 - [INFO] - [DEBUG] Using STORED B/C values: B=0.00, C=1.00
2025-09-10 01:14:26 - [INFO] - [DEBUG]   Image layer loaded and processed
2025-09-10 01:14:26 - [INFO] - [DEBUG] Loading segmentation layer for Anterior
2025-09-10 01:14:26 - [INFO] - [DEBUG] Looking for segmentation (NEWEST): F:\projek dosen\prototype riset\hotspot-analyzer\data\PLANAR\NSY\0001158915\20241204\20250826\ant_segm_011039.png
2025-09-10 01:14:26 - [DEBUG] - STREAM b'IHDR' 16 13
2025-09-10 01:14:26 - [DEBUG] - STREAM b'IDAT' 41 5158
2025-09-10 01:14:26 - [INFO] - [DEBUG]   Loaded segmentation with transparency: F:\projek dosen\prototype riset\hotspot-analyzer\data\PLANAR\NSY\0001158915\20241204\20250826\ant_segm_011039.png
2025-09-10 01:14:26 - [INFO] - [DEBUG] Segmentation type: EDITED
2025-09-10 01:14:26 - [INFO] - [DEBUG] Loading hotspot layer for Anterior
2025-09-10 01:14:26 - [INFO] - [DEBUG] Looking for hotspot classification (NEWEST): F:\projek dosen\prototype riset\hotspot-analyzer\data\PLANAR\NSY\0001158915\20241204\20250826\ant_hotspot_classification_011055.png
2025-09-10 01:14:26 - [DEBUG] - STREAM b'IHDR' 16 13
2025-09-10 01:14:26 - [DEBUG] - STREAM b'IDAT' 41 1000
2025-09-10 01:14:26 - [INFO] - [DEBUG]   Loaded hotspot layer: F:\projek dosen\prototype riset\hotspot-analyzer\data\PLANAR\NSY\0001158915\20241204\20250826\ant_hotspot_classification_011055.png
2025-09-10 01:14:26 - [INFO] - [DEBUG] Hotspot type: EDITED
2025-09-10 01:14:26 - [INFO] - [DEBUG] Loading bbox layer for Anterior
2025-09-10 01:14:26 - [INFO] - [DEBUG] Looking for classification XML (NEWEST): F:\projek dosen\prototype riset\hotspot-analyzer\data\PLANAR\NSY\0001158915\20241204\20250826\ant_hotspot_classification_011055.xml
2025-09-10 01:14:26 - [INFO] - [DEBUG] Loading CLASSIFICATION XML for bbox: F:\projek dosen\prototype riset\hotspot-analyzer\data\PLANAR\NSY\0001158915\20241204\20250826\ant_hotspot_classification_011055.xml
2025-09-10 01:14:26 - [INFO] - [DEBUG] Drew CLASSIFICATION Abnormal bbox: (63,74) -> (72,84)
2025-09-10 01:14:26 - [INFO] - [DEBUG] Drew CLASSIFICATION Abnormal bbox: (180,129) -> (213,158)
2025-09-10 01:14:26 - [INFO] - [DEBUG]   Created CLASSIFICATION bbox visualization with 2 boxes
2025-09-10 01:14:26 - [INFO] - [DEBUG]   Loaded bbox layer: F:\projek dosen\prototype riset\hotspot-analyzer\data\PLANAR\NSY\0001158915\20241204\20250826\ant_hotspot_classification_011055.xml
2025-09-10 01:14:26 - [INFO] - [DEBUG] BBox XML type: EDITED
2025-09-10 01:14:26 - [INFO] - [CACHE STORE] Not caching due to adjustments/overrides/invert
2025-09-10 01:14:26 - [INFO] - [DEBUG]   Loaded 4 layers for Anterior: ['Image', 'Segmentation', 'Hotspot', 'HotspotBBox']
2025-09-10 01:14:26 - [INFO] - [DEBUG] Available CLASSIFICATION layers in files: ['Image', 'Segmentation', 'Hotspot', 'HotspotBBox']
2025-09-10 01:14:26 - [INFO] - [DEBUG]   Added CLASSIFICATION Image to card 0 (opacity: 1.00)
2025-09-10 01:14:26 - [INFO] - [DEBUG]   CLASSIFICATION card 0 composite created with layers: ['Image']
2025-09-10 01:14:26 - [INFO] - [DEBUG] Creating CLASSIFICATION card 0 for view: Posterior
2025-09-10 01:14:26 - [INFO] - [DEBUG] Active layers selected: ['Image']
2025-09-10 01:14:26 - [INFO] - [DEBUG] DICOM path: F:\projek dosen\prototype riset\hotspot-analyzer\data\PLANAR\NSY\0001158915\20241204\ANT001_DS.dcm
2025-09-10 01:14:26 - [INFO] - [DEBUG] Current view: Posterior
2025-09-10 01:14:26 - [INFO] - [CACHE DEBUG] use_cache=False
2025-09-10 01:14:26 - [INFO] - [CACHE DEBUG] has_adjustments=False (B=0.00, C=1.00)
2025-09-10 01:14:26 - [INFO] - [CACHE DEBUG] has_overrides=False (override_b=None, override_c=None)
2025-09-10 01:14:26 - [INFO] - [CACHE DEBUG] invert_original=True
2025-09-10 01:14:26 - [INFO] - [CACHE SKIP] Skipping cache due to adjustments/overrides/invert
2025-09-10 01:14:26 - [INFO] - [DEBUG] Path extraction: session=NSY, patient=0001158915, study_date=20241204
2025-09-10 01:14:26 - [INFO] - [DEBUG] Extracted patient info - ID: 0001158915, Session: NSY
2025-09-10 01:14:26 - [INFO] - [DEBUG] Original path: F:\projek dosen\prototype riset\hotspot-analyzer\data\PLANAR\NSY\0001158915\20241204\ANT001_DS.dcm
2025-09-10 01:14:26 - [INFO] - [DEBUG] Study date: 20241204
2025-09-10 01:14:26 - [INFO] - [DEBUG] Patient ID: 0001158915
2025-09-10 01:14:26 - [INFO] - [DEBUG] Session code: NSY
2025-09-10 01:14:26 - [INFO] - [DEBUG] Study date folder: F:\projek dosen\prototype riset\hotspot-analyzer\data\PLANAR\NSY\0001158915\20241204
2025-09-10 01:14:26 - [INFO] - [DEBUG] Loading original image for Posterior
2025-09-10 01:14:26 - [INFO] - [DEBUG] Looking for original PNG in study_date dir: F:\projek dosen\prototype riset\hotspot-analyzer\data\PLANAR\NSY\0001158915\20241204\post_original.png
2025-09-10 01:14:26 - [DEBUG] - STREAM b'IHDR' 16 13
2025-09-10 01:14:26 - [DEBUG] - STREAM b'IDAT' 41 65536
2025-09-10 01:14:26 - [INFO] - [DEBUG] Loaded original PNG from study_date dir: (256, 1024)
2025-09-10 01:14:26 - [INFO] - [DEBUG] Original image loaded: (256, 1024)
2025-09-10 01:14:26 - [INFO] - [DEBUG] Applying invert to original image
2025-09-10 01:14:26 - [INFO] - [DEBUG] simple_invert_pil_image: Processing L image, size = (256, 1024)
2025-09-10 01:14:26 - [INFO] - [DEBUG] simple_invert_image: input shape = (1024, 256), dtype = uint8
2025-09-10 01:14:26 - [INFO] - [DEBUG] Simple inversion completed: [0-255] -> [0-255]
2025-09-10 01:14:26 - [INFO] - [DEBUG] simple_invert_pil_image: completed
2025-09-10 01:14:26 - [INFO] - [DEBUG] Using STORED B/C values: B=0.00, C=1.00
2025-09-10 01:14:26 - [INFO] - [DEBUG]   Image layer loaded and processed
2025-09-10 01:14:26 - [INFO] - [DEBUG] Loading segmentation layer for Posterior
2025-09-10 01:14:26 - [INFO] - [DEBUG] Looking for segmentation (NEWEST): F:\projek dosen\prototype riset\hotspot-analyzer\data\PLANAR\NSY\0001158915\20241204\post_segm.png
2025-09-10 01:14:26 - [DEBUG] - STREAM b'IHDR' 16 13
2025-09-10 01:14:26 - [DEBUG] - STREAM b'IDAT' 41 4625
2025-09-10 01:14:26 - [INFO] - [DEBUG]   Loaded segmentation with transparency: F:\projek dosen\prototype riset\hotspot-analyzer\data\PLANAR\NSY\0001158915\20241204\post_segm.png
2025-09-10 01:14:26 - [INFO] - [DEBUG] Segmentation type: ORIGINAL
2025-09-10 01:14:26 - [INFO] - [DEBUG] Loading hotspot layer for Posterior
2025-09-10 01:14:26 - [INFO] - [DEBUG] Looking for hotspot classification (NEWEST): F:\projek dosen\prototype riset\hotspot-analyzer\data\PLANAR\NSY\0001158915\20241204\post_hotspot_classification.png
2025-09-10 01:14:26 - [INFO] - [DEBUG] No hotspot classification found: F:\projek dosen\prototype riset\hotspot-analyzer\data\PLANAR\NSY\0001158915\20241204\post_hotspot_classification.png
2025-09-10 01:14:26 - [INFO] - [DEBUG] Loading bbox layer for Posterior
2025-09-10 01:14:26 - [INFO] - [DEBUG] Looking for classification XML (NEWEST): F:\projek dosen\prototype riset\hotspot-analyzer\data\PLANAR\NSY\0001158915\20241204\post_hotspot_classification.xml
2025-09-10 01:14:26 - [INFO] - [DEBUG] No classification XML found: F:\projek dosen\prototype riset\hotspot-analyzer\data\PLANAR\NSY\0001158915\20241204\post_hotspot_classification.xml
2025-09-10 01:14:26 - [INFO] - [CACHE STORE] Not caching due to adjustments/overrides/invert
2025-09-10 01:14:26 - [INFO] - [DEBUG]   Loaded 2 layers for Posterior: ['Image', 'Segmentation']
2025-09-10 01:14:26 - [INFO] - [DEBUG] Available CLASSIFICATION layers in files: ['Image', 'Segmentation']
2025-09-10 01:14:26 - [INFO] - [DEBUG]   Added CLASSIFICATION Image to card 0 (opacity: 1.00)
2025-09-10 01:14:26 - [INFO] - [DEBUG]   CLASSIFICATION card 0 composite created with layers: ['Image']
2025-09-10 01:14:26 - [INFO] - [SMART UPDATE] State updated - Type: full
2025-09-10 01:14:26 - [INFO] - [MainWindow]   Timeline updated with BSI integration
2025-09-10 01:14:26 - [INFO] - 
2025-09-10 01:14:26 - [INFO] - 🏠 [DEBUG MAIN GANTENG] ===================
2025-09-10 01:14:26 - [INFO] - 🏠 [DEBUG MAIN] Loading BSI data for selected scan
2025-09-10 01:14:26 - [INFO] - 🏠 [DEBUG MAIN] Session code: NSY
2025-09-10 01:14:26 - [INFO] - 🏠 [DEBUG MAIN] Scan data keys: ['meta', 'frames', 'path', 'workflow_files']
2025-09-10 01:14:26 - [INFO] - 🏠 [DEBUG MAIN] DICOM path: F:\projek dosen\prototype riset\hotspot-analyzer\data\PLANAR\NSY\0001158915\20241204\ANT001_DS.dcm
2025-09-10 01:14:26 - [INFO] - 🏠 [DEBUG MAIN] DICOM exists: True
2025-09-10 01:14:26 - [INFO] - 🏠 [DEBUG MAIN] Initial patient folder: F:\projek dosen\prototype riset\hotspot-analyzer\data\PLANAR\NSY\0001158915\20241204
2025-09-10 01:14:26 - [INFO] - 🏠 [DEBUG MAIN] Initial patient folder exists: True
2025-09-10 01:14:26 - [INFO] - 🏠 [DEBUG MAIN] Initial patient folder name: 20241204
2025-09-10 01:14:26 - [INFO] - 🏠 [DEBUG MAIN] Study date from DICOM: 20241204
2025-09-10 01:14:26 - [INFO] - 🏠 [DEBUG MAIN] Detected study_date folder structure
2025-09-10 01:14:26 - [INFO] - 🏠 [DEBUG MAIN] Corrected patient folder: F:\projek dosen\prototype riset\hotspot-analyzer\data\PLANAR\NSY\0001158915
2025-09-10 01:14:26 - [INFO] - 🏠 [DEBUG MAIN] Corrected patient ID: 0001158915
2025-09-10 01:14:26 - [INFO] - 🏠 [DEBUG MAIN] Corrected study date: 20241204
2025-09-10 01:14:26 - [INFO] - [DEBUG QUANT FILES] Getting quantification files for: F:\projek dosen\prototype riset\hotspot-analyzer\data\PLANAR\NSY\0001158915\20241204
2025-09-10 01:14:26 - [INFO] - [DEBUG QUANT FILES] Detected study_date folder: F:\projek dosen\prototype riset\hotspot-analyzer\data\PLANAR\NSY\0001158915\20241204
2025-09-10 01:14:26 - [INFO] - [DEBUG QUANT FILES] Generated paths:
2025-09-10 01:14:26 - [INFO] - [DEBUG QUANT FILES]   bsi_json_ant: F:\projek dosen\prototype riset\hotspot-analyzer\data\PLANAR\NSY\0001158915\20241204\bsi_quantification_ant.json (exists: True)
2025-09-10 01:14:26 - [INFO] - [DEBUG QUANT FILES]   bsi_json_post: F:\projek dosen\prototype riset\hotspot-analyzer\data\PLANAR\NSY\0001158915\20241204\bsi_quantification_post.json (exists: False)
2025-09-10 01:14:26 - [INFO] - 🏠 [DEBUG MAIN] BSI files in study_date folder:
2025-09-10 01:14:26 - [INFO] - 🏠 [DEBUG MAIN]   Anterior: True
2025-09-10 01:14:26 - [INFO] - 🏠 [DEBUG MAIN]   Posterior: False
2025-09-10 01:14:26 - [INFO] - 🏠 [DEBUG MAIN] Found BSI files in study_date folder, using it
2025-09-10 01:14:26 - [INFO] - [BSI CANVAS] Using patient folder for trend: F:\projek dosen\prototype riset\hotspot-analyzer\data\PLANAR\NSY\0001158915
2025-09-10 01:14:26 - [INFO] - [DEBUG BSI] Using patient folder directly: F:\projek dosen\prototype riset\hotspot-analyzer\data\PLANAR\NSY\0001158915
2025-09-10 01:14:26 - [INFO] - [DEBUG BSI] Found study_date folder: 20241204
2025-09-10 01:14:26 - [INFO] - [DEBUG BSI]     - 20241204 (DIR)
2025-09-10 01:14:26 - [INFO] - [DEBUG BSI]     - 20250824 (DIR)
2025-09-10 01:14:26 - [INFO] - [DEBUG BSI]     - 20250826 (DIR)
2025-09-10 01:14:26 - [INFO] - [DEBUG BSI]     - ANT001_DS.dcm (FILE)
2025-09-10 01:14:26 - [INFO] - [DEBUG BSI]     - ant_hotspot_classification.json (FILE)
2025-09-10 01:14:26 - [INFO] - [DEBUG BSI]     - ant_hotspot_classification.png (FILE)
2025-09-10 01:14:26 - [INFO] - [DEBUG BSI]     - ant_hotspot_classification.xml (FILE)
2025-09-10 01:14:26 - [INFO] - [DEBUG BSI]     - ant_hotspot_otsu_colored.png (FILE)
2025-09-10 01:14:26 - [INFO] - [DEBUG BSI]     - ant_hotspot_otsu_colored_blend.png (FILE)
2025-09-10 01:14:26 - [INFO] - [DEBUG BSI]     - ant_hotspot_otsu_grayscale.png (FILE)
2025-09-10 01:14:26 - [INFO] - [DEBUG BSI]     - ant_hotspot_yolo.xml (FILE)
2025-09-10 01:14:26 - [INFO] - [DEBUG BSI]     - ant_mask.png (FILE)
2025-09-10 01:14:26 - [INFO] - [DEBUG BSI]     - ant_original.png (FILE)
2025-09-10 01:14:26 - [INFO] - [DEBUG BSI]     - ant_segm.png (FILE)
2025-09-10 01:14:26 - [INFO] - [DEBUG BSI]     - bsi_quantification_ant.json (FILE)
2025-09-10 01:14:26 - [INFO] - [DEBUG BSI]     - post_hotspot_otsu_colored.png (FILE)
2025-09-10 01:14:26 - [INFO] - [DEBUG BSI]     - post_hotspot_otsu_colored_blend.png (FILE)
2025-09-10 01:14:26 - [INFO] - [DEBUG BSI]     - post_hotspot_otsu_grayscale.png (FILE)
2025-09-10 01:14:26 - [INFO] - [DEBUG BSI]     - post_hotspot_yolo.xml (FILE)
2025-09-10 01:14:26 - [INFO] - [DEBUG BSI]     - post_mask.png (FILE)
2025-09-10 01:14:26 - [INFO] - [DEBUG BSI]     - post_original.png (FILE)
2025-09-10 01:14:26 - [INFO] - [DEBUG BSI]     - post_segm.png (FILE)
2025-09-10 01:14:26 - [INFO] - [DEBUG BSI CANVAS] Processing date: 20241204, mode: single_view_anterior
2025-09-10 01:14:26 - [INFO] - [DEBUG BSI CANVAS] Added: Ant=0.3730588265879179 Post=None
2025-09-10 01:14:26 - [INFO] - [DEBUG QUANT FILES] Getting quantification files for: F:\projek dosen\prototype riset\hotspot-analyzer\data\PLANAR\NSY\0001158915\20241204
2025-09-10 01:14:26 - [INFO] - [DEBUG QUANT FILES] Detected study_date folder: F:\projek dosen\prototype riset\hotspot-analyzer\data\PLANAR\NSY\0001158915\20241204
2025-09-10 01:14:26 - [INFO] - [DEBUG QUANT FILES] Generated paths:
2025-09-10 01:14:26 - [INFO] - [DEBUG QUANT FILES]   bsi_json_ant: F:\projek dosen\prototype riset\hotspot-analyzer\data\PLANAR\NSY\0001158915\20241204\bsi_quantification_ant.json (exists: True)
2025-09-10 01:14:26 - [INFO] - [DEBUG QUANT FILES]   bsi_json_post: F:\projek dosen\prototype riset\hotspot-analyzer\data\PLANAR\NSY\0001158915\20241204\bsi_quantification_post.json (exists: False)
2025-09-10 01:14:26 - [INFO] - 📖 [DEBUG RESULTS] Processing anterior-only data
2025-09-10 01:14:26 - [INFO] - 📖 [DEBUG RESULTS]   Successfully loaded V1.2 results
2025-09-10 01:14:26 - [INFO] - 🏠 [DEBUG MAIN] BSI panel load result: True
2025-09-10 01:14:26 - [INFO] - [DEBUG] Path extraction: session=NSY, patient=0001158915, study_date=20241204
2025-09-10 01:14:26 - [INFO] - [DEBUG] Extracted patient info - ID: 0001158915, Session: NSY
2025-09-10 01:14:26 - [INFO] - [DEBUG] Original path: F:\projek dosen\prototype riset\hotspot-analyzer\data\PLANAR\NSY\0001158915\20241204\ANT001_DS.dcm
2025-09-10 01:14:26 - [INFO] - [EDIT BUTTONS] Has scan: True, Has seg data: True, Can edit hotspot: True
2025-09-10 01:14:26 - [INFO] - [EDIT BUTTONS] Seg button enabled: True, Hotspot button enabled: True
2025-09-10 01:14:27 - [INFO] - [DEBUG BSI] Using patient folder directly: F:\projek dosen\prototype riset\hotspot-analyzer\data\PLANAR\NSY\0001158915
2025-09-10 01:14:27 - [INFO] - [DEBUG BSI] Found study_date folder: 20241204
2025-09-10 01:14:27 - [INFO] - [DEBUG BSI]     - 20241204 (DIR)
2025-09-10 01:14:27 - [INFO] - [DEBUG BSI]     - 20250824 (DIR)
2025-09-10 01:14:27 - [INFO] - [DEBUG BSI]     - 20250826 (DIR)
2025-09-10 01:14:27 - [INFO] - [DEBUG BSI]     - ANT001_DS.dcm (FILE)
2025-09-10 01:14:27 - [INFO] - [DEBUG BSI]     - ant_hotspot_classification.json (FILE)
2025-09-10 01:14:27 - [INFO] - [DEBUG BSI]     - ant_hotspot_classification.png (FILE)
2025-09-10 01:14:27 - [INFO] - [DEBUG BSI]     - ant_hotspot_classification.xml (FILE)
2025-09-10 01:14:27 - [INFO] - [DEBUG BSI]     - ant_hotspot_otsu_colored.png (FILE)
2025-09-10 01:14:27 - [INFO] - [DEBUG BSI]     - ant_hotspot_otsu_colored_blend.png (FILE)
2025-09-10 01:14:27 - [INFO] - [DEBUG BSI]     - ant_hotspot_otsu_grayscale.png (FILE)
2025-09-10 01:14:27 - [INFO] - [DEBUG BSI]     - ant_hotspot_yolo.xml (FILE)
2025-09-10 01:14:27 - [INFO] - [DEBUG BSI]     - ant_mask.png (FILE)
2025-09-10 01:14:27 - [INFO] - [DEBUG BSI]     - ant_original.png (FILE)
2025-09-10 01:14:27 - [INFO] - [DEBUG BSI]     - ant_segm.png (FILE)
2025-09-10 01:14:27 - [INFO] - [DEBUG BSI]     - bsi_quantification_ant.json (FILE)
2025-09-10 01:14:27 - [INFO] - [DEBUG BSI]     - post_hotspot_otsu_colored.png (FILE)
2025-09-10 01:14:27 - [INFO] - [DEBUG BSI]     - post_hotspot_otsu_colored_blend.png (FILE)
2025-09-10 01:14:27 - [INFO] - [DEBUG BSI]     - post_hotspot_otsu_grayscale.png (FILE)
2025-09-10 01:14:27 - [INFO] - [DEBUG BSI]     - post_hotspot_yolo.xml (FILE)
2025-09-10 01:14:27 - [INFO] - [DEBUG BSI]     - post_mask.png (FILE)
2025-09-10 01:14:27 - [INFO] - [DEBUG BSI]     - post_original.png (FILE)
2025-09-10 01:14:27 - [INFO] - [DEBUG BSI]     - post_segm.png (FILE)
2025-09-10 01:14:27 - [INFO] - [DEBUG BSI CANVAS] Processing date: 20241204, mode: single_view_anterior
2025-09-10 01:14:27 - [INFO] - [DEBUG BSI CANVAS] Added: Ant=0.3730588265879179 Post=None
2025-09-10 01:14:27 - [ERROR] - F:\projek dosen\prototype riset\hotspot-analyzer\features\spect_viewer\gui\bsi_canvas.py:222: UserWarning: No artists with labels found to put in legend.  Note that artists whose label start with an underscore are ignored when legend() is called with no argument.
2025-09-10 01:14:27 - [ERROR] - legend = ax.legend(loc='upper left', fontsize=9)
2025-09-10 01:14:32 - [INFO] - [DEBUG BSI] Using patient folder directly: F:\projek dosen\prototype riset\hotspot-analyzer\data\PLANAR\NSY\0001158915
2025-09-10 01:14:32 - [INFO] - [DEBUG BSI] Found study_date folder: 20241204
2025-09-10 01:14:32 - [INFO] - [DEBUG BSI]     - 20241204 (DIR)
2025-09-10 01:14:32 - [INFO] - [DEBUG BSI]     - 20250824 (DIR)
2025-09-10 01:14:32 - [INFO] - [DEBUG BSI]     - 20250826 (DIR)
2025-09-10 01:14:32 - [INFO] - [DEBUG BSI]     - ANT001_DS.dcm (FILE)
2025-09-10 01:14:32 - [INFO] - [DEBUG BSI]     - ant_hotspot_classification.json (FILE)
2025-09-10 01:14:32 - [INFO] - [DEBUG BSI]     - ant_hotspot_classification.png (FILE)
2025-09-10 01:14:32 - [INFO] - [DEBUG BSI]     - ant_hotspot_classification.xml (FILE)
2025-09-10 01:14:32 - [INFO] - [DEBUG BSI]     - ant_hotspot_otsu_colored.png (FILE)
2025-09-10 01:14:32 - [INFO] - [DEBUG BSI]     - ant_hotspot_otsu_colored_blend.png (FILE)
2025-09-10 01:14:32 - [INFO] - [DEBUG BSI]     - ant_hotspot_otsu_grayscale.png (FILE)
2025-09-10 01:14:32 - [INFO] - [DEBUG BSI]     - ant_hotspot_yolo.xml (FILE)
2025-09-10 01:14:32 - [INFO] - [DEBUG BSI]     - ant_mask.png (FILE)
2025-09-10 01:14:32 - [INFO] - [DEBUG BSI]     - ant_original.png (FILE)
2025-09-10 01:14:32 - [INFO] - [DEBUG BSI]     - ant_segm.png (FILE)
2025-09-10 01:14:32 - [INFO] - [DEBUG BSI]     - bsi_quantification_ant.json (FILE)
2025-09-10 01:14:32 - [INFO] - [DEBUG BSI]     - post_hotspot_otsu_colored.png (FILE)
2025-09-10 01:14:32 - [INFO] - [DEBUG BSI]     - post_hotspot_otsu_colored_blend.png (FILE)
2025-09-10 01:14:32 - [INFO] - [DEBUG BSI]     - post_hotspot_otsu_grayscale.png (FILE)
2025-09-10 01:14:32 - [INFO] - [DEBUG BSI]     - post_hotspot_yolo.xml (FILE)
2025-09-10 01:14:32 - [INFO] - [DEBUG BSI]     - post_mask.png (FILE)
2025-09-10 01:14:32 - [INFO] - [DEBUG BSI]     - post_original.png (FILE)
2025-09-10 01:14:32 - [INFO] - [DEBUG BSI]     - post_segm.png (FILE)
2025-09-10 01:14:32 - [INFO] - [DEBUG BSI CANVAS] Processing date: 20241204, mode: single_view_anterior
2025-09-10 01:14:32 - [INFO] - [DEBUG BSI CANVAS] Added: Ant=0.3730588265879179 Post=None
2025-09-10 01:14:33 - [INFO] - [DEBUG BSI] Using patient folder directly: F:\projek dosen\prototype riset\hotspot-analyzer\data\PLANAR\NSY\0001158915
2025-09-10 01:14:33 - [INFO] - [DEBUG BSI] Found study_date folder: 20241204
2025-09-10 01:14:33 - [INFO] - [DEBUG BSI]     - 20241204 (DIR)
2025-09-10 01:14:33 - [INFO] - [DEBUG BSI]     - 20250824 (DIR)
2025-09-10 01:14:33 - [INFO] - [DEBUG BSI]     - 20250826 (DIR)
2025-09-10 01:14:33 - [INFO] - [DEBUG BSI]     - ANT001_DS.dcm (FILE)
2025-09-10 01:14:33 - [INFO] - [DEBUG BSI]     - ant_hotspot_classification.json (FILE)
2025-09-10 01:14:33 - [INFO] - [DEBUG BSI]     - ant_hotspot_classification.png (FILE)
2025-09-10 01:14:33 - [INFO] - [DEBUG BSI]     - ant_hotspot_classification.xml (FILE)
2025-09-10 01:14:33 - [INFO] - [DEBUG BSI]     - ant_hotspot_otsu_colored.png (FILE)
2025-09-10 01:14:33 - [INFO] - [DEBUG BSI]     - ant_hotspot_otsu_colored_blend.png (FILE)
2025-09-10 01:14:33 - [INFO] - [DEBUG BSI]     - ant_hotspot_otsu_grayscale.png (FILE)
2025-09-10 01:14:33 - [INFO] - [DEBUG BSI]     - ant_hotspot_yolo.xml (FILE)
2025-09-10 01:14:33 - [INFO] - [DEBUG BSI]     - ant_mask.png (FILE)
2025-09-10 01:14:33 - [INFO] - [DEBUG BSI]     - ant_original.png (FILE)
2025-09-10 01:14:33 - [INFO] - [DEBUG BSI]     - ant_segm.png (FILE)
2025-09-10 01:14:33 - [INFO] - [DEBUG BSI]     - bsi_quantification_ant.json (FILE)
2025-09-10 01:14:33 - [INFO] - [DEBUG BSI]     - post_hotspot_otsu_colored.png (FILE)
2025-09-10 01:14:33 - [INFO] - [DEBUG BSI]     - post_hotspot_otsu_colored_blend.png (FILE)
2025-09-10 01:14:33 - [INFO] - [DEBUG BSI]     - post_hotspot_otsu_grayscale.png (FILE)
2025-09-10 01:14:33 - [INFO] - [DEBUG BSI]     - post_hotspot_yolo.xml (FILE)
2025-09-10 01:14:33 - [INFO] - [DEBUG BSI]     - post_mask.png (FILE)
2025-09-10 01:14:33 - [INFO] - [DEBUG BSI]     - post_original.png (FILE)
2025-09-10 01:14:33 - [INFO] - [DEBUG BSI]     - post_segm.png (FILE)
2025-09-10 01:14:33 - [INFO] - [DEBUG BSI CANVAS] Processing date: 20241204, mode: single_view_anterior
2025-09-10 01:14:33 - [INFO] - [DEBUG BSI CANVAS] Added: Ant=0.3730588265879179 Post=None
2025-09-10 01:14:34 - [INFO] - [DEBUG BSI] Using patient folder directly: F:\projek dosen\prototype riset\hotspot-analyzer\data\PLANAR\NSY\0001158915
2025-09-10 01:14:34 - [INFO] - [DEBUG BSI] Found study_date folder: 20241204
2025-09-10 01:14:34 - [INFO] - [DEBUG BSI]     - 20241204 (DIR)
2025-09-10 01:14:34 - [INFO] - [DEBUG BSI]     - 20250824 (DIR)
2025-09-10 01:14:34 - [INFO] - [DEBUG BSI]     - 20250826 (DIR)
2025-09-10 01:14:34 - [INFO] - [DEBUG BSI]     - ANT001_DS.dcm (FILE)
2025-09-10 01:14:34 - [INFO] - [DEBUG BSI]     - ant_hotspot_classification.json (FILE)
2025-09-10 01:14:34 - [INFO] - [DEBUG BSI]     - ant_hotspot_classification.png (FILE)
2025-09-10 01:14:34 - [INFO] - [DEBUG BSI]     - ant_hotspot_classification.xml (FILE)
2025-09-10 01:14:34 - [INFO] - [DEBUG BSI]     - ant_hotspot_otsu_colored.png (FILE)
2025-09-10 01:14:34 - [INFO] - [DEBUG BSI]     - ant_hotspot_otsu_colored_blend.png (FILE)
2025-09-10 01:14:34 - [INFO] - [DEBUG BSI]     - ant_hotspot_otsu_grayscale.png (FILE)
2025-09-10 01:14:34 - [INFO] - [DEBUG BSI]     - ant_hotspot_yolo.xml (FILE)
2025-09-10 01:14:34 - [INFO] - [DEBUG BSI]     - ant_mask.png (FILE)
2025-09-10 01:14:34 - [INFO] - [DEBUG BSI]     - ant_original.png (FILE)
2025-09-10 01:14:34 - [INFO] - [DEBUG BSI]     - ant_segm.png (FILE)
2025-09-10 01:14:34 - [INFO] - [DEBUG BSI]     - bsi_quantification_ant.json (FILE)
2025-09-10 01:14:34 - [INFO] - [DEBUG BSI]     - post_hotspot_otsu_colored.png (FILE)
2025-09-10 01:14:34 - [INFO] - [DEBUG BSI]     - post_hotspot_otsu_colored_blend.png (FILE)
2025-09-10 01:14:34 - [INFO] - [DEBUG BSI]     - post_hotspot_otsu_grayscale.png (FILE)
2025-09-10 01:14:34 - [INFO] - [DEBUG BSI]     - post_hotspot_yolo.xml (FILE)
2025-09-10 01:14:34 - [INFO] - [DEBUG BSI]     - post_mask.png (FILE)
2025-09-10 01:14:34 - [INFO] - [DEBUG BSI]     - post_original.png (FILE)
2025-09-10 01:14:34 - [INFO] - [DEBUG BSI]     - post_segm.png (FILE)
2025-09-10 01:14:34 - [INFO] - [DEBUG BSI CANVAS] Processing date: 20241204, mode: single_view_anterior
2025-09-10 01:14:34 - [INFO] - [DEBUG BSI CANVAS] Added: Ant=0.3730588265879179 Post=None
2025-09-10 01:14:36 - [INFO] - [BSI] Export requested: chart
2025-09-10 01:14:40 - [INFO] - [DEBUG] Logout requested
2025-09-10 01:14:40 - [INFO] - [DEBUG] Membersihkan sumber daya di MainWindow (SPECT)...
2025-09-10 01:14:40 - [INFO] - [DEBUG] Menutup process pool...
2025-09-10 01:14:40 - [ERROR] - Traceback (most recent call last):
2025-09-10 01:14:40 - [ERROR] - File "F:\projek dosen\prototype riset\hotspot-analyzer\features\spect_viewer\gui\main_window_spect.py", line 1230, in _handle_logout
2025-09-10 01:14:40 - [ERROR] - self.close()
2025-09-10 01:14:40 - [ERROR] - File "F:\projek dosen\prototype riset\hotspot-analyzer\features\spect_viewer\gui\main_window_spect.py", line 1235, in closeEvent
2025-09-10 01:14:40 - [ERROR] - if self._pool is not None:
2025-09-10 01:14:40 - [ERROR] - ^
2025-09-10 01:14:40 - [ERROR] - ^
2025-09-10 01:14:40 - [ERROR] - ^
2025-09-10 01:14:40 - [ERROR] - ^
2025-09-10 01:14:40 - [ERROR] - ^
2025-09-10 01:14:40 - [ERROR] - ^
2025-09-10 01:14:40 - [ERROR] - ^
2025-09-10 01:14:40 - [ERROR] - ^
2025-09-10 01:14:40 - [ERROR] - ^
2025-09-10 01:14:40 - [ERROR] - ^
2025-09-10 01:14:40 - [ERROR] - AttributeError
2025-09-10 01:14:40 - [ERROR] - :
2025-09-10 01:14:40 - [ERROR] - Error calling Python override of QMainWindow::closeEvent(): 'MainWindowSpect' object has no attribute '_pool'
2025-09-10 01:14:40 - [ERROR] - . Did you mean: '
2025-09-10 01:14:40 - [ERROR] - pool
2025-09-10 01:14:40 - [ERROR] - '?
2025-09-10 01:14:40 - [INFO] - [DEBUG] === Starting new session ===
2025-09-10 01:14:40 - [INFO] - [DEBUG] Development mode - creating dialog immediately
2025-09-10 01:14:40 - [INFO] - [DEBUG] Creating doctor selection dialog (attempt 1/3)...
2025-09-10 01:14:40 - [INFO] - [DEBUG] Dialog class imported successfully
2025-09-10 01:14:40 - [INFO] - [DEBUG] Dialog instance created successfully
2025-09-10 01:14:40 - [INFO] - [DEBUG] Dialog window properties set
2025-09-10 01:14:40 - [INFO] - [DEBUG] Showing dialog to user...
2025-09-10 01:14:40 - [INFO] - [DEBUG] Dialog shown successfully
2025-09-10 01:14:40 - [INFO] - [DEBUG] Waiting for user input...
2025-09-10 01:14:41 - [INFO] - [SESSION] Created session: ALL_Planar_20250910_011441
2025-09-10 01:14:41 - [INFO] - [SESSION] Created: ALL_Planar_20250910_011441
2025-09-10 01:14:41 - [INFO] - [DEBUG] Dialog execution completed with result: 1
2025-09-10 01:14:41 - [INFO] - [DEBUG] Quick close detected: False
2025-09-10 01:14:41 - [INFO] - [DEBUG] Session selected - Code: ALL, Modality: Planar
2025-09-10 01:14:41 - [INFO] - [DEBUG] Data directory confirmed: data
2025-09-10 01:14:41 - [INFO] - [DEBUG] Starting PLANAR session with code: ALL
2025-09-10 01:14:41 - [INFO] - [DEBUG] Creating main window for session: ALL
2025-09-10 01:14:41 - [INFO] - [DEBUG] session_code in MainWindow = ALL
2025-09-10 01:14:41 - [INFO] - [DEBUG] Timeline keyboard shortcuts enabled: Ctrl+/- for zoom, Ctrl+0 for reset
2025-09-10 01:14:41 - [INFO] - [DEBUG] Connecting invert checkbox...
2025-09-10 01:14:41 - [INFO] - [DEBUG] Testing checkbox connection...
2025-09-10 01:14:41 - [INFO] - [DEBUG] Timeline widget exists: True
2025-09-10 01:14:41 - [INFO] - [DEBUG] Timeline widget type: <class 'features.spect_viewer.gui.scan_timeline.ScanTimelineWidget'>
2025-09-10 01:14:41 - [INFO] - [DEBUG] Invert checkbox created and connected
2025-09-10 01:14:42 - [INFO] - [MainWindow]   Global keyboard shortcuts setup complete
2025-09-10 01:14:42 - [INFO] - [MainWindow] Syncing view 'Anterior' across all components
2025-09-10 01:14:42 - [INFO] - [DEBUG] set_active_view called with 'Anterior', but is now ignored.
2025-09-10 01:14:42 - [INFO] - [MainWindow]   View sync completed
2025-09-10 01:14:42 - [INFO] - [MainWindow]   Complete integration initialization finished
2025-09-10 01:14:42 - [INFO] - [DEBUG] Starting folder scan for session: ALL
2025-09-10 01:14:42 - [INFO] - Ditemukan 7 file DICOM di 'F:\projek dosen\prototype riset\hotspot-analyzer\data\PLANAR'
2025-09-10 01:14:42 - [INFO] - Ditemukan 4 session, 7 pasien (total 7 file DICOM).
2025-09-10 01:14:42 - [INFO] - ALL: 1 pasien, 1 file
2025-09-10 01:14:42 - [INFO] - ATL: 4 pasien, 4 file
2025-09-10 01:14:42 - [INFO] - NBL: 1 pasien, 1 file
2025-09-10 01:14:42 - [INFO] - NSY: 1 pasien, 1 file
2025-09-10 01:14:42 - [INFO] - [DEBUG] Found 4 total sessions: ['ALL', 'ATL', 'NBL', 'NSY']
2025-09-10 01:14:42 - [INFO] - [DEBUG] Filtered to session ALL: 1 patients
2025-09-10 01:14:42 - [INFO] - [DEBUG] Added 1 patients to combo box for session ALL
2025-09-10 01:14:42 - [INFO] - [DEBUG] display_timeline called with 0 scan(s), focusing on index = -1
2025-09-10 01:14:42 - [INFO] - [DEBUG] Rebuilding timeline for active scan index: -1
2025-09-10 01:14:42 - [INFO] - [BSI SIDE PANEL] Clearing all patient data...
2025-09-10 01:14:42 - [INFO] - [DEBUG] Folder scan completed
2025-09-10 01:14:42 - [INFO] - [DEBUG] Main window created successfully for session: ALL
2025-09-10 01:14:42 - [INFO] - [DEBUG] Main window created successfully
2025-09-10 01:14:42 - [INFO] - [DEBUG] Logout signal connected
2025-09-10 01:14:42 - [INFO] - [DEBUG] Main window displayed
2025-09-10 01:14:42 - [INFO] - [DEBUG] Active windows count: 1
2025-09-10 01:14:43 - [INFO] - [TEST] Testing invert connection...
2025-09-10 01:14:43 - [INFO] - [TEST] Timeline widget exists: True
2025-09-10 01:14:43 - [INFO] - [TEST] Checkbox exists: True
2025-09-10 01:14:43 - [INFO] - [TEST] Current checkbox state: False
2025-09-10 01:14:43 - [INFO] - [DEBUG] === INVERT CHECKBOX CHANGED ===
2025-09-10 01:14:43 - [INFO] - [DEBUG] Checkbox state: 2, isChecked(): True
2025-09-10 01:14:43 - [INFO] - [DEBUG] Invert flag changed: False -> True
2025-09-10 01:14:43 - [INFO] - [DEBUG] Calling timeline_widget.set_invert_original(True)
2025-09-10 01:14:43 - [INFO] - [DEBUG] set_invert_original called: True (current: False)
2025-09-10 01:14:43 - [INFO] - [CACHE CLEAR] Cleared 0 layer cache entries
2025-09-10 01:14:43 - [INFO] - [CACHE CLEAR] Cleared zoom cache (0 labels)
2025-09-10 01:14:43 - [INFO] - [DEBUG] Cleared layer cache due to invert change
2025-09-10 01:14:43 - [INFO] - [DEBUG] No scans loaded, rebuild skipped
2025-09-10 01:14:43 - [INFO] - [DEBUG]   Timeline invert method called successfully
2025-09-10 01:14:43 - [INFO] - [TEST] Toggled checkbox to: True
2025-09-10 01:14:43 - [INFO] - [DEBUG] item activated → ID: 5001 (ALL) @ index 0
2025-09-10 01:14:43 - [INFO] - [DEBUG] item activated → ID: 5001 (ALL)
2025-09-10 01:14:43 - [INFO] - 
2025-09-10 01:14:43 - [INFO] - [DEBUG SELECT GANTENG] ===================
2025-09-10 01:14:43 - [INFO] - [DEBUG SELECT] Patient selected: ID: 5001 (ALL)
2025-09-10 01:14:43 - [INFO] - [DEBUG SELECT] Parsed - Patient: 5001, Session: ALL
2025-09-10 01:14:43 - [INFO] - [DEBUG SELECT] Patient path from paths.py: F:\projek dosen\prototype riset\hotspot-analyzer\data\PLANAR\ALL\5001
2025-09-10 01:14:43 - [INFO] - [DEBUG SELECT] Patient path exists: True
2025-09-10 01:14:43 - [INFO] - [DEBUG SELECT] Patient path contents:
2025-09-10 01:14:43 - [INFO] - [DEBUG SELECT]   - 20250115 (DIR)
2025-09-10 01:14:43 - [INFO] - [DEBUG SELECT]   - 20250816 (DIR)
2025-09-10 01:14:43 - [INFO] - 
2025-09-10 01:14:43 - [INFO] - [DEBUG PATHS GANTENG] ===================
2025-09-10 01:14:43 - [INFO] - [DEBUG PATHS] Patient folder: F:\projek dosen\prototype riset\hotspot-analyzer\data\PLANAR\ALL\5001
2025-09-10 01:14:43 - [INFO] - [DEBUG PATHS] Patient ID: 5001
2025-09-10 01:14:43 - [INFO] - [DEBUG PATHS] Folder exists: True
2025-09-10 01:14:43 - [INFO] - [DEBUG PATHS] Folder structure:
2025-09-10 01:14:43 - [INFO] - [DEBUG PATHS]   DIR:  20250115/
2025-09-10 01:14:43 - [INFO] - [DEBUG PATHS]     Study date folder contents:
2025-09-10 01:14:43 - [INFO] - [DEBUG PATHS]       FILE: 5001_20250115_anterior_colored_grayscaledSegmentation.png (5132 bytes)
2025-09-10 01:14:43 - [INFO] - [DEBUG PATHS]       FILE: 5001_20250115_posterior_colored_grayscaledSegmentation.png (4886 bytes)
2025-09-10 01:14:43 - [INFO] - [DEBUG PATHS]       FILE: A1.dcm (1049756 bytes)
2025-09-10 01:14:43 - [INFO] - [DEBUG PATHS]       FILE: ant_hotspot_classification.json (55824 bytes)
2025-09-10 01:14:43 - [INFO] - [DEBUG PATHS]       FILE: ant_hotspot_classification.png (1214 bytes)
2025-09-10 01:14:43 - [INFO] - [DEBUG PATHS]       FILE: ant_hotspot_classification.xml (1444 bytes)
2025-09-10 01:14:43 - [INFO] - [DEBUG PATHS]       FILE: ant_hotspot_otsu_colored.png (1290 bytes)
2025-09-10 01:14:43 - [INFO] - [DEBUG PATHS]       FILE: ant_hotspot_otsu_colored_blend.png (133750 bytes)
2025-09-10 01:14:43 - [INFO] - [DEBUG PATHS]       FILE: ant_hotspot_otsu_grayscale.png (729 bytes)
2025-09-10 01:14:43 - [INFO] - [DEBUG PATHS]       FILE: ant_hotspot_yolo.xml (1304 bytes)
2025-09-10 01:14:43 - [INFO] - [DEBUG PATHS]       FILE: ant_mask.png (4152 bytes)
2025-09-10 01:14:43 - [INFO] - [DEBUG PATHS]       FILE: ant_mask_234136.png (3424 bytes)
2025-09-10 01:14:43 - [INFO] - [DEBUG PATHS]       FILE: ant_original.png (79262 bytes)
2025-09-10 01:14:43 - [INFO] - [DEBUG PATHS]       FILE: ant_segm.png (6680 bytes)
2025-09-10 01:14:43 - [INFO] - [DEBUG PATHS]       FILE: ant_segm_234136.png (6415 bytes)
2025-09-10 01:14:43 - [INFO] - [DEBUG PATHS]       FILE: bsi_quantification_ant.json (3740 bytes)
2025-09-10 01:14:43 - [INFO] - [DEBUG PATHS]       FILE: bsi_quantification_post.json (3735 bytes)
2025-09-10 01:14:43 - [INFO] - [DEBUG PATHS]       DIR:  NSY/
2025-09-10 01:14:43 - [INFO] - [DEBUG PATHS]       FILE: post_hotspot_classification.json (206464 bytes)
2025-09-10 01:14:43 - [INFO] - [DEBUG PATHS]       FILE: post_hotspot_classification.png (1450 bytes)
2025-09-10 01:14:43 - [INFO] - [DEBUG PATHS]       FILE: post_hotspot_classification.xml (2389 bytes)
2025-09-10 01:14:43 - [INFO] - [DEBUG PATHS]       FILE: post_hotspot_otsu_colored.png (1535 bytes)
2025-09-10 01:14:43 - [INFO] - [DEBUG PATHS]       FILE: post_hotspot_otsu_colored_blend.png (132992 bytes)
2025-09-10 01:14:43 - [INFO] - [DEBUG PATHS]       FILE: post_hotspot_otsu_mask.png (941 bytes)
2025-09-10 01:14:43 - [INFO] - [DEBUG PATHS]       FILE: post_hotspot_yolo.xml (1936 bytes)
2025-09-10 01:14:43 - [INFO] - [DEBUG PATHS]       FILE: post_mask.png (4097 bytes)
2025-09-10 01:14:43 - [INFO] - [DEBUG PATHS]       FILE: post_original.png (80985 bytes)
2025-09-10 01:14:43 - [INFO] - [DEBUG PATHS]       FILE: post_segm.png (6334 bytes)
2025-09-10 01:14:43 - [INFO] - [DEBUG PATHS]   DIR:  20250816/
2025-09-10 01:14:43 - [INFO] - [DEBUG PATHS]     Study date folder contents:
2025-09-10 01:14:43 - [INFO] - [DEBUG PATHS]       DIR:  NSY/
2025-09-10 01:14:43 - [INFO] - [DEBUG QUANT FILES] Getting quantification files for: F:\projek dosen\prototype riset\hotspot-analyzer\data\PLANAR\ALL\5001
2025-09-10 01:14:43 - [INFO] - [DEBUG QUANT FILES] Using latest study_date folder: F:\projek dosen\prototype riset\hotspot-analyzer\data\PLANAR\ALL\5001\20250816
2025-09-10 01:14:43 - [INFO] - [DEBUG QUANT FILES] Generated paths:
2025-09-10 01:14:43 - [INFO] - [DEBUG QUANT FILES]   bsi_json_ant: F:\projek dosen\prototype riset\hotspot-analyzer\data\PLANAR\ALL\5001\20250816\bsi_quantification_ant.json (exists: False)
2025-09-10 01:14:43 - [INFO] - [DEBUG QUANT FILES]   bsi_json_post: F:\projek dosen\prototype riset\hotspot-analyzer\data\PLANAR\ALL\5001\20250816\bsi_quantification_post.json (exists: False)
2025-09-10 01:14:43 - [INFO] - [DEBUG PATHS] New quantification paths:
2025-09-10 01:14:43 - [INFO] - [DEBUG PATHS]   bsi_json_ant: F:\projek dosen\prototype riset\hotspot-analyzer\data\PLANAR\ALL\5001\20250816\bsi_quantification_ant.json (exists: False, size: 0 bytes)
2025-09-10 01:14:43 - [INFO] - [DEBUG PATHS]   bsi_json_post: F:\projek dosen\prototype riset\hotspot-analyzer\data\PLANAR\ALL\5001\20250816\bsi_quantification_post.json (exists: False, size: 0 bytes)
2025-09-10 01:14:43 - [INFO] - [DEBUG PATHS] Old pattern search:
2025-09-10 01:14:43 - [INFO] - [DEBUG PATHS]   Old anterior: []
2025-09-10 01:14:43 - [INFO] - [DEBUG PATHS]   Old posterior: []
2025-09-10 01:14:43 - [INFO] - [DEBUG SELECT] Found DICOM files: 1
2025-09-10 01:14:43 - [INFO] - [DEBUG SELECT]   DICOM: F:\projek dosen\prototype riset\hotspot-analyzer\data\PLANAR\ALL\5001\20250115\A1.dcm
2025-09-10 01:14:43 - [INFO] - [DEBUG SELECT]   DICOM folder: F:\projek dosen\prototype riset\hotspot-analyzer\data\PLANAR\ALL\5001\20250115
2025-09-10 01:14:43 - [INFO] - [DEBUG QUANT FILES] Getting quantification files for: F:\projek dosen\prototype riset\hotspot-analyzer\data\PLANAR\ALL\5001\20250115
2025-09-10 01:14:43 - [INFO] - [DEBUG QUANT FILES] Detected study_date folder: F:\projek dosen\prototype riset\hotspot-analyzer\data\PLANAR\ALL\5001\20250115
2025-09-10 01:14:43 - [INFO] - [DEBUG QUANT FILES] Generated paths:
2025-09-10 01:14:43 - [INFO] - [DEBUG QUANT FILES]   bsi_json_ant: F:\projek dosen\prototype riset\hotspot-analyzer\data\PLANAR\ALL\5001\20250115\bsi_quantification_ant.json (exists: True)
2025-09-10 01:14:43 - [INFO] - [DEBUG QUANT FILES]   bsi_json_post: F:\projek dosen\prototype riset\hotspot-analyzer\data\PLANAR\ALL\5001\20250115\bsi_quantification_post.json (exists: True)
2025-09-10 01:14:43 - [INFO] - [DEBUG SELECT]   BSI files near DICOM:
2025-09-10 01:14:43 - [INFO] - [DEBUG SELECT]     Anterior: True
2025-09-10 01:14:43 - [INFO] - [DEBUG SELECT]     Posterior: True
2025-09-10 01:14:43 - [INFO] - [DEBUG] Loading patient: 5001 from session: ALL
2025-09-10 01:14:43 - [INFO] - [CACHE DEBUG] Cache key: 5001_ALL
2025-09-10 01:14:43 - [INFO] - [CACHE DEBUG] Existing cache keys: []
2025-09-10 01:14:43 - [INFO] - [DEBUG] Loading scans for 5001_ALL from disk...
2025-09-10 01:14:43 - [INFO] - [DEBUG] Found 1 DICOM files for patient 5001
2025-09-10 01:14:43 - [INFO] - [DEBUG] Enriched scan data for: A1.dcm
2025-09-10 01:14:43 - [INFO] - [DEBUG] Scan files for 5001_20250115:
2025-09-10 01:14:43 - [INFO] - [DEBUG] Available files: None
2025-09-10 01:14:43 - [INFO] - [DEBUG] Available PNG files for 5001_20250115: None
2025-09-10 01:14:43 - [INFO] - [DEBUG] Saving 1 scans to cache for 5001_ALL
2025-09-10 01:14:43 - [INFO] - [DEBUG] Layers changed to: []
2025-09-10 01:14:43 - [INFO] - [SMART UPDATE] Change type: none
2025-09-10 01:14:43 - [INFO] - [DEBUG] Timeline active layers set to: []
2025-09-10 01:14:43 - [INFO] - [SMART UPDATE] No changes detected, skipping update
2025-09-10 01:14:43 - [INFO] - [EDIT BUTTONS] Has scan: False, Has seg data: False, Can edit hotspot: False
2025-09-10 01:14:43 - [INFO] - [EDIT BUTTONS] Seg button enabled: False, Hotspot button enabled: False
2025-09-10 01:14:43 - [INFO] - [SMART UPDATE] Change type: none
2025-09-10 01:14:43 - [INFO] - [DEBUG] Timeline active layers set to: []
2025-09-10 01:14:43 - [INFO] - [SMART UPDATE] No changes detected, skipping update
2025-09-10 01:14:43 - [INFO] - [DEBUG] Set Image opacity to 1.00
2025-09-10 01:14:43 - [INFO] - [SMART UPDATE] Change type: none
2025-09-10 01:14:43 - [INFO] - [SMART UPDATE] Using full rebuild for opacity change
2025-09-10 01:14:43 - [INFO] - [DEBUG] Rebuilding timeline for active scan index: -1
2025-09-10 01:14:43 - [INFO] - [SMART UPDATE] State updated - Type: rebuild
2025-09-10 01:14:43 - [INFO] - [DEBUG] Set Segmentation opacity to 0.35
2025-09-10 01:14:43 - [INFO] - [SMART UPDATE] Change type: none
2025-09-10 01:14:43 - [INFO] - [SMART UPDATE] Using full rebuild for opacity change
2025-09-10 01:14:43 - [INFO] - [DEBUG] Rebuilding timeline for active scan index: -1
2025-09-10 01:14:43 - [INFO] - [SMART UPDATE] State updated - Type: rebuild
2025-09-10 01:14:43 - [INFO] - [DEBUG] Set Hotspot opacity to 0.50
2025-09-10 01:14:43 - [INFO] - [SMART UPDATE] Change type: none
2025-09-10 01:14:43 - [INFO] - [SMART UPDATE] Using full rebuild for opacity change
2025-09-10 01:14:43 - [INFO] - [DEBUG] Rebuilding timeline for active scan index: -1
2025-09-10 01:14:43 - [INFO] - [SMART UPDATE] State updated - Type: rebuild
2025-09-10 01:14:43 - [INFO] - [DEBUG] Set HotspotBBox opacity to 1.00
2025-09-10 01:14:43 - [INFO] - [SMART UPDATE] Change type: none
2025-09-10 01:14:43 - [INFO] - [SMART UPDATE] Using full rebuild for opacity change
2025-09-10 01:14:43 - [INFO] - [DEBUG] Rebuilding timeline for active scan index: -1
2025-09-10 01:14:43 - [INFO] - [SMART UPDATE] State updated - Type: rebuild
2025-09-10 01:14:43 - [INFO] - [DEBUG] Setting default layers: 'Image' checkbox should now be ON.
2025-09-10 01:14:43 - [INFO] - [DEBUG] Checkbox Image toggled: True
2025-09-10 01:14:43 - [INFO] - [DEBUG] Active layers: ['Image']
2025-09-10 01:14:43 - [INFO] - [DEBUG] Layers changed to: ['Image']
2025-09-10 01:14:43 - [INFO] - [SMART UPDATE] Change type: layers
2025-09-10 01:14:43 - [INFO] - [SMART UPDATE] Layers added: ['Image']
2025-09-10 01:14:43 - [INFO] - [DEBUG] Timeline active layers set to: ['Image']
2025-09-10 01:14:43 - [INFO] - [SMART UPDATE] Full rebuild required for change type: layers
2025-09-10 01:14:43 - [INFO] - [DEBUG] Rebuilding timeline for active scan index: -1
2025-09-10 01:14:43 - [INFO] - [SMART UPDATE] State updated - Type: layers
2025-09-10 01:14:43 - [INFO] - [EDIT BUTTONS] Has scan: False, Has seg data: False, Can edit hotspot: False
2025-09-10 01:14:43 - [INFO] - [EDIT BUTTONS] Seg button enabled: False, Hotspot button enabled: False
2025-09-10 01:14:43 - [INFO] - [DEBUG] All data loaded. Total scans: 1
2025-09-10 01:14:43 - [INFO] - [DEBUG] Layers changed to: []
2025-09-10 01:14:43 - [INFO] - [SMART UPDATE] Change type: layers
2025-09-10 01:14:43 - [INFO] - [SMART UPDATE] Layers removed: ['Image']
2025-09-10 01:14:43 - [INFO] - [DEBUG] Timeline active layers set to: []
2025-09-10 01:14:43 - [INFO] - [SMART UPDATE] Full rebuild required for change type: layers
2025-09-10 01:14:43 - [INFO] - [DEBUG] Rebuilding timeline for active scan index: -1
2025-09-10 01:14:43 - [INFO] - [SMART UPDATE] State updated - Type: layers
2025-09-10 01:14:43 - [INFO] - [EDIT BUTTONS] Has scan: False, Has seg data: False, Can edit hotspot: False
2025-09-10 01:14:43 - [INFO] - [EDIT BUTTONS] Seg button enabled: False, Hotspot button enabled: False
2025-09-10 01:14:43 - [INFO] - [SMART UPDATE] Change type: none
2025-09-10 01:14:43 - [INFO] - [DEBUG] Timeline active layers set to: []
2025-09-10 01:14:43 - [INFO] - [SMART UPDATE] No changes detected, skipping update
2025-09-10 01:14:43 - [INFO] - [DEBUG] Set Image opacity to 1.00
2025-09-10 01:14:43 - [INFO] - [SMART UPDATE] Change type: none
2025-09-10 01:14:43 - [INFO] - [SMART UPDATE] Using full rebuild for opacity change
2025-09-10 01:14:43 - [INFO] - [DEBUG] Rebuilding timeline for active scan index: -1
2025-09-10 01:14:43 - [INFO] - [SMART UPDATE] State updated - Type: rebuild
2025-09-10 01:14:43 - [INFO] - [DEBUG] Set Segmentation opacity to 0.35
2025-09-10 01:14:43 - [INFO] - [SMART UPDATE] Change type: none
2025-09-10 01:14:43 - [INFO] - [SMART UPDATE] Using full rebuild for opacity change
2025-09-10 01:14:43 - [INFO] - [DEBUG] Rebuilding timeline for active scan index: -1
2025-09-10 01:14:43 - [INFO] - [SMART UPDATE] State updated - Type: rebuild
2025-09-10 01:14:43 - [INFO] - [DEBUG] Set Hotspot opacity to 0.50
2025-09-10 01:14:43 - [INFO] - [SMART UPDATE] Change type: none
2025-09-10 01:14:43 - [INFO] - [SMART UPDATE] Using full rebuild for opacity change
2025-09-10 01:14:43 - [INFO] - [DEBUG] Rebuilding timeline for active scan index: -1
2025-09-10 01:14:43 - [INFO] - [SMART UPDATE] State updated - Type: rebuild
2025-09-10 01:14:43 - [INFO] - [DEBUG] Set HotspotBBox opacity to 1.00
2025-09-10 01:14:43 - [INFO] - [SMART UPDATE] Change type: none
2025-09-10 01:14:43 - [INFO] - [SMART UPDATE] Using full rebuild for opacity change
2025-09-10 01:14:43 - [INFO] - [DEBUG] Rebuilding timeline for active scan index: -1
2025-09-10 01:14:43 - [INFO] - [SMART UPDATE] State updated - Type: rebuild
2025-09-10 01:14:43 - [INFO] - [DEBUG] Setting default layers: 'Image' checkbox should now be ON.
2025-09-10 01:14:43 - [INFO] - [DEBUG] Checkbox Image toggled: True
2025-09-10 01:14:43 - [INFO] - [DEBUG] Active layers: ['Image']
2025-09-10 01:14:43 - [INFO] - [DEBUG] Layers changed to: ['Image']
2025-09-10 01:14:43 - [INFO] - [SMART UPDATE] Change type: layers
2025-09-10 01:14:43 - [INFO] - [SMART UPDATE] Layers added: ['Image']
2025-09-10 01:14:43 - [INFO] - [DEBUG] Timeline active layers set to: ['Image']
2025-09-10 01:14:43 - [INFO] - [SMART UPDATE] Full rebuild required for change type: layers
2025-09-10 01:14:43 - [INFO] - [DEBUG] Rebuilding timeline for active scan index: -1
2025-09-10 01:14:43 - [INFO] - [SMART UPDATE] State updated - Type: layers
2025-09-10 01:14:43 - [INFO] - [EDIT BUTTONS] Has scan: False, Has seg data: False, Can edit hotspot: False
2025-09-10 01:14:43 - [INFO] - [EDIT BUTTONS] Seg button enabled: False, Hotspot button enabled: False
2025-09-10 01:14:43 - [INFO] - [SMART UPDATE] Change type: none
2025-09-10 01:14:43 - [INFO] - [DEBUG] Timeline active layers set to: ['Image']
2025-09-10 01:14:43 - [INFO] - [SMART UPDATE] No changes detected, skipping update
2025-09-10 01:14:43 - [INFO] - [DEBUG] Set Image opacity to 1.00
2025-09-10 01:14:43 - [INFO] - [SMART UPDATE] Change type: none
2025-09-10 01:14:43 - [INFO] - [SMART UPDATE] Using full rebuild for opacity change
2025-09-10 01:14:43 - [INFO] - [DEBUG] Rebuilding timeline for active scan index: -1
2025-09-10 01:14:43 - [INFO] - [SMART UPDATE] State updated - Type: rebuild
2025-09-10 01:14:43 - [INFO] - [DEBUG] Set Segmentation opacity to 0.40
2025-09-10 01:14:43 - [INFO] - [SMART UPDATE] Change type: none
2025-09-10 01:14:43 - [INFO] - [SMART UPDATE] Using full rebuild for opacity change
2025-09-10 01:14:43 - [INFO] - [DEBUG] Rebuilding timeline for active scan index: -1
2025-09-10 01:14:43 - [INFO] - [SMART UPDATE] State updated - Type: rebuild
2025-09-10 01:14:43 - [INFO] - [DEBUG] Set Hotspot opacity to 0.50
2025-09-10 01:14:43 - [INFO] - [SMART UPDATE] Change type: none
2025-09-10 01:14:43 - [INFO] - [SMART UPDATE] Using full rebuild for opacity change
2025-09-10 01:14:43 - [INFO] - [DEBUG] Rebuilding timeline for active scan index: -1
2025-09-10 01:14:43 - [INFO] - [SMART UPDATE] State updated - Type: rebuild
2025-09-10 01:14:43 - [INFO] - [DEBUG] Set HotspotBBox opacity to 1.00
2025-09-10 01:14:43 - [INFO] - [SMART UPDATE] Change type: none
2025-09-10 01:14:43 - [INFO] - [SMART UPDATE] Using full rebuild for opacity change
2025-09-10 01:14:43 - [INFO] - [DEBUG] Rebuilding timeline for active scan index: -1
2025-09-10 01:14:43 - [INFO] - [SMART UPDATE] State updated - Type: rebuild
2025-09-10 01:14:43 - [INFO] - [MainWindow] Updating timeline with 1 scans
2025-09-10 01:14:43 - [INFO] - [BSI META INTEGRATION] Updating scan meta with BSI data
2025-09-10 01:14:43 - [INFO] - [BSI META INTEGRATION] Session code: ALL
2025-09-10 01:14:43 - [INFO] - [BSI META INTEGRATION] Scan path: F:\projek dosen\prototype riset\hotspot-analyzer\data\PLANAR\ALL\5001\20250115\A1.dcm
2025-09-10 01:14:43 - [INFO] - [BSI EXTRACT INFO] Extracting from path: F:\projek dosen\prototype riset\hotspot-analyzer\data\PLANAR\ALL\5001\20250115\A1.dcm
2025-09-10 01:14:43 - [INFO] - [BSI EXTRACT INFO] Extracted study_date from DICOM: 20250115
2025-09-10 01:14:43 - [INFO] - [BSI EXTRACT INFO] Extracted patient_id from study_date structure: 5001
2025-09-10 01:14:43 - [INFO] - [BSI EXTRACT INFO] Final result - Patient: 5001, Study: 20250115
2025-09-10 01:14:43 - [INFO] - [BSI META INTEGRATION] Extracted - Patient: 5001, Study: 20250115
2025-09-10 01:14:43 - [INFO] - [DEBUG QUANT FILES] Getting quantification files for: F:\projek dosen\prototype riset\hotspot-analyzer\data\PLANAR\ALL\5001\20250115
2025-09-10 01:14:43 - [INFO] - [DEBUG QUANT FILES] Detected study_date folder: F:\projek dosen\prototype riset\hotspot-analyzer\data\PLANAR\ALL\5001\20250115
2025-09-10 01:14:43 - [INFO] - [DEBUG QUANT FILES] Generated paths:
2025-09-10 01:14:43 - [INFO] - [DEBUG QUANT FILES]   bsi_json_ant: F:\projek dosen\prototype riset\hotspot-analyzer\data\PLANAR\ALL\5001\20250115\bsi_quantification_ant.json (exists: True)
2025-09-10 01:14:43 - [INFO] - [DEBUG QUANT FILES]   bsi_json_post: F:\projek dosen\prototype riset\hotspot-analyzer\data\PLANAR\ALL\5001\20250115\bsi_quantification_post.json (exists: True)
2025-09-10 01:14:43 - [INFO] - [BSI META INTEGRATION] Found BSI files in study_date folder: F:\projek dosen\prototype riset\hotspot-analyzer\data\PLANAR\ALL\5001\20250115
2025-09-10 01:14:43 - [INFO] - [BSI META INTEGRATION] Using patient folder: F:\projek dosen\prototype riset\hotspot-analyzer\data\PLANAR\ALL\5001\20250115
2025-09-10 01:14:43 - [INFO] - [DEBUG BSI] Detected study_date folder, using parent: F:\projek dosen\prototype riset\hotspot-analyzer\data\PLANAR\ALL\5001
2025-09-10 01:14:43 - [INFO] - [DEBUG BSI] Found study_date folder: 20250115
2025-09-10 01:14:43 - [INFO] - [DEBUG BSI] Found study_date folder: 20250816
2025-09-10 01:14:43 - [INFO] - [DEBUG BSI]     - 20250115 (DIR)
2025-09-10 01:14:43 - [INFO] - [DEBUG BSI]     - 20250816 (DIR)
2025-09-10 01:14:43 - [INFO] - [DEBUG BSI]     - 5001_20250115_anterior_colored_grayscaledSegmentation.png (FILE)
2025-09-10 01:14:43 - [INFO] - [DEBUG BSI]     - 5001_20250115_posterior_colored_grayscaledSegmentation.png (FILE)
2025-09-10 01:14:43 - [INFO] - [DEBUG BSI]     - A1.dcm (FILE)
2025-09-10 01:14:43 - [INFO] - [DEBUG BSI]     - ant_hotspot_classification.json (FILE)
2025-09-10 01:14:43 - [INFO] - [DEBUG BSI]     - ant_hotspot_classification.png (FILE)
2025-09-10 01:14:43 - [INFO] - [DEBUG BSI]     - ant_hotspot_classification.xml (FILE)
2025-09-10 01:14:43 - [INFO] - [DEBUG BSI]     - ant_hotspot_otsu_colored.png (FILE)
2025-09-10 01:14:43 - [INFO] - [DEBUG BSI]     - ant_hotspot_otsu_colored_blend.png (FILE)
2025-09-10 01:14:43 - [INFO] - [DEBUG BSI]     - ant_hotspot_otsu_grayscale.png (FILE)
2025-09-10 01:14:43 - [INFO] - [DEBUG BSI]     - ant_hotspot_yolo.xml (FILE)
2025-09-10 01:14:43 - [INFO] - [DEBUG BSI]     - ant_mask.png (FILE)
2025-09-10 01:14:43 - [INFO] - [DEBUG BSI]     - ant_mask_234136.png (FILE)
2025-09-10 01:14:43 - [INFO] - [DEBUG BSI]     - ant_original.png (FILE)
2025-09-10 01:14:43 - [INFO] - [DEBUG BSI]     - ant_segm.png (FILE)
2025-09-10 01:14:43 - [INFO] - [DEBUG BSI]     - ant_segm_234136.png (FILE)
2025-09-10 01:14:43 - [INFO] - [DEBUG BSI]     - bsi_quantification_ant.json (FILE)
2025-09-10 01:14:43 - [INFO] - [DEBUG BSI]     - bsi_quantification_post.json (FILE)
2025-09-10 01:14:43 - [INFO] - [DEBUG BSI]     - NSY (DIR)
2025-09-10 01:14:43 - [INFO] - [DEBUG BSI]     - post_hotspot_classification.json (FILE)
2025-09-10 01:14:43 - [INFO] - [DEBUG BSI]     - post_hotspot_classification.png (FILE)
2025-09-10 01:14:43 - [INFO] - [DEBUG BSI]     - post_hotspot_classification.xml (FILE)
2025-09-10 01:14:43 - [INFO] - [DEBUG BSI]     - post_hotspot_otsu_colored.png (FILE)
2025-09-10 01:14:43 - [INFO] - [DEBUG BSI]     - post_hotspot_otsu_colored_blend.png (FILE)
2025-09-10 01:14:43 - [INFO] - [DEBUG BSI]     - post_hotspot_otsu_mask.png (FILE)
2025-09-10 01:14:43 - [INFO] - [DEBUG BSI]     - post_hotspot_yolo.xml (FILE)
2025-09-10 01:14:43 - [INFO] - [DEBUG BSI]     - post_mask.png (FILE)
2025-09-10 01:14:43 - [INFO] - [DEBUG BSI]     - post_original.png (FILE)
2025-09-10 01:14:43 - [INFO] - [DEBUG BSI]     - post_segm.png (FILE)
2025-09-10 01:14:43 - [INFO] - [DEBUG BSI]     - NSY (DIR)
2025-09-10 01:14:43 - [INFO] - [DEBUG BSI]     - 20250115 (DIR)
2025-09-10 01:14:43 - [INFO] - [DEBUG BSI]     - 20250816 (DIR)
2025-09-10 01:14:43 - [INFO] - [BSI META INTEGRATION] Found BSI data: {'study_date': '20250115', 'anterior_bsi': 0.27713394964366816, 'posterior_bsi': 0.5460494599816491, 'combined_bsi': 0.4115917048126586, 'bsi_score': 0.4115917048126586, 'file_source': 'bsi_quantification_ant.json + bsi_quantification_post.json', 'processing_mode': 'dual_view', 'is_v2': True, 'source_location': 'Study date folder'}
2025-09-10 01:14:43 - [INFO] - [BSI META INTEGRATION]   Updated meta with BSI data:
2025-09-10 01:14:43 - [INFO] - [BSI META INTEGRATION]   Anterior BSI: 0.27713394964366816
2025-09-10 01:14:43 - [INFO] - [BSI META INTEGRATION]   Posterior BSI: 0.5460494599816491
2025-09-10 01:14:43 - [INFO] - [BSI META INTEGRATION]   Processing mode: dual_view
2025-09-10 01:14:43 - [INFO] - [MainWindow]   BSI integration completed for 1 scans
2025-09-10 01:14:43 - [INFO] - [MainWindow DEBUG] First scan meta keys: ['patient_id', 'patient_name', 'patient_birth_date', 'patient_sex', 'patient_weight', 'patient_size', 'patient_age', 'study_date', 'series_date', 'study_time', 'modality', 'series_description', 'study_instance_uid', 'series_instance_uid', 'has_bsi', 'bsi_anterior', 'bsi_posterior', 'bsi_combined', 'bsi_processing_mode', 'bsi_file_source']
2025-09-10 01:14:43 - [INFO] - [MainWindow DEBUG] has_bsi: True
2025-09-10 01:14:43 - [INFO] - [MainWindow DEBUG] bsi_anterior: 0.27713394964366816
2025-09-10 01:14:43 - [INFO] - [MainWindow DEBUG] bsi_posterior: 0.5460494599816491
2025-09-10 01:14:43 - [INFO] - [DEBUG] display_timeline called with 1 scan(s), focusing on index = 0
2025-09-10 01:14:43 - [INFO] - [BSI META INTEGRATION] Updating scan meta with BSI data
2025-09-10 01:14:43 - [INFO] - [BSI META INTEGRATION] Session code: ALL
2025-09-10 01:14:43 - [INFO] - [BSI META INTEGRATION] Scan path: F:\projek dosen\prototype riset\hotspot-analyzer\data\PLANAR\ALL\5001\20250115\A1.dcm
2025-09-10 01:14:43 - [INFO] - [BSI EXTRACT INFO] Extracting from path: F:\projek dosen\prototype riset\hotspot-analyzer\data\PLANAR\ALL\5001\20250115\A1.dcm
2025-09-10 01:14:43 - [INFO] - [BSI EXTRACT INFO] Extracted study_date from DICOM: 20250115
2025-09-10 01:14:43 - [INFO] - [BSI EXTRACT INFO] Extracted patient_id from study_date structure: 5001
2025-09-10 01:14:43 - [INFO] - [BSI EXTRACT INFO] Final result - Patient: 5001, Study: 20250115
2025-09-10 01:14:43 - [INFO] - [BSI META INTEGRATION] Extracted - Patient: 5001, Study: 20250115
2025-09-10 01:14:43 - [INFO] - [DEBUG QUANT FILES] Getting quantification files for: F:\projek dosen\prototype riset\hotspot-analyzer\data\PLANAR\ALL\5001\20250115
2025-09-10 01:14:43 - [INFO] - [DEBUG QUANT FILES] Detected study_date folder: F:\projek dosen\prototype riset\hotspot-analyzer\data\PLANAR\ALL\5001\20250115
2025-09-10 01:14:43 - [INFO] - [DEBUG QUANT FILES] Generated paths:
2025-09-10 01:14:43 - [INFO] - [DEBUG QUANT FILES]   bsi_json_ant: F:\projek dosen\prototype riset\hotspot-analyzer\data\PLANAR\ALL\5001\20250115\bsi_quantification_ant.json (exists: True)
2025-09-10 01:14:43 - [INFO] - [DEBUG QUANT FILES]   bsi_json_post: F:\projek dosen\prototype riset\hotspot-analyzer\data\PLANAR\ALL\5001\20250115\bsi_quantification_post.json (exists: True)
2025-09-10 01:14:43 - [INFO] - [BSI META INTEGRATION] Found BSI files in study_date folder: F:\projek dosen\prototype riset\hotspot-analyzer\data\PLANAR\ALL\5001\20250115
2025-09-10 01:14:43 - [INFO] - [BSI META INTEGRATION] Using patient folder: F:\projek dosen\prototype riset\hotspot-analyzer\data\PLANAR\ALL\5001\20250115
2025-09-10 01:14:43 - [INFO] - [DEBUG BSI] Detected study_date folder, using parent: F:\projek dosen\prototype riset\hotspot-analyzer\data\PLANAR\ALL\5001
2025-09-10 01:14:43 - [INFO] - [DEBUG BSI] Found study_date folder: 20250115
2025-09-10 01:14:43 - [INFO] - [DEBUG BSI] Found study_date folder: 20250816
2025-09-10 01:14:43 - [INFO] - [DEBUG BSI]     - 20250115 (DIR)
2025-09-10 01:14:43 - [INFO] - [DEBUG BSI]     - 20250816 (DIR)
2025-09-10 01:14:43 - [INFO] - [DEBUG BSI]     - 5001_20250115_anterior_colored_grayscaledSegmentation.png (FILE)
2025-09-10 01:14:43 - [INFO] - [DEBUG BSI]     - 5001_20250115_posterior_colored_grayscaledSegmentation.png (FILE)
2025-09-10 01:14:43 - [INFO] - [DEBUG BSI]     - A1.dcm (FILE)
2025-09-10 01:14:43 - [INFO] - [DEBUG BSI]     - ant_hotspot_classification.json (FILE)
2025-09-10 01:14:43 - [INFO] - [DEBUG BSI]     - ant_hotspot_classification.png (FILE)
2025-09-10 01:14:43 - [INFO] - [DEBUG BSI]     - ant_hotspot_classification.xml (FILE)
2025-09-10 01:14:43 - [INFO] - [DEBUG BSI]     - ant_hotspot_otsu_colored.png (FILE)
2025-09-10 01:14:43 - [INFO] - [DEBUG BSI]     - ant_hotspot_otsu_colored_blend.png (FILE)
2025-09-10 01:14:43 - [INFO] - [DEBUG BSI]     - ant_hotspot_otsu_grayscale.png (FILE)
2025-09-10 01:14:43 - [INFO] - [DEBUG BSI]     - ant_hotspot_yolo.xml (FILE)
2025-09-10 01:14:43 - [INFO] - [DEBUG BSI]     - ant_mask.png (FILE)
2025-09-10 01:14:43 - [INFO] - [DEBUG BSI]     - ant_mask_234136.png (FILE)
2025-09-10 01:14:43 - [INFO] - [DEBUG BSI]     - ant_original.png (FILE)
2025-09-10 01:14:43 - [INFO] - [DEBUG BSI]     - ant_segm.png (FILE)
2025-09-10 01:14:43 - [INFO] - [DEBUG BSI]     - ant_segm_234136.png (FILE)
2025-09-10 01:14:43 - [INFO] - [DEBUG BSI]     - bsi_quantification_ant.json (FILE)
2025-09-10 01:14:43 - [INFO] - [DEBUG BSI]     - bsi_quantification_post.json (FILE)
2025-09-10 01:14:43 - [INFO] - [DEBUG BSI]     - NSY (DIR)
2025-09-10 01:14:43 - [INFO] - [DEBUG BSI]     - post_hotspot_classification.json (FILE)
2025-09-10 01:14:43 - [INFO] - [DEBUG BSI]     - post_hotspot_classification.png (FILE)
2025-09-10 01:14:43 - [INFO] - [DEBUG BSI]     - post_hotspot_classification.xml (FILE)
2025-09-10 01:14:43 - [INFO] - [DEBUG BSI]     - post_hotspot_otsu_colored.png (FILE)
2025-09-10 01:14:43 - [INFO] - [DEBUG BSI]     - post_hotspot_otsu_colored_blend.png (FILE)
2025-09-10 01:14:43 - [INFO] - [DEBUG BSI]     - post_hotspot_otsu_mask.png (FILE)
2025-09-10 01:14:43 - [INFO] - [DEBUG BSI]     - post_hotspot_yolo.xml (FILE)
2025-09-10 01:14:43 - [INFO] - [DEBUG BSI]     - post_mask.png (FILE)
2025-09-10 01:14:43 - [INFO] - [DEBUG BSI]     - post_original.png (FILE)
2025-09-10 01:14:43 - [INFO] - [DEBUG BSI]     - post_segm.png (FILE)
2025-09-10 01:14:43 - [INFO] - [DEBUG BSI]     - NSY (DIR)
2025-09-10 01:14:43 - [INFO] - [DEBUG BSI]     - 20250115 (DIR)
2025-09-10 01:14:43 - [INFO] - [DEBUG BSI]     - 20250816 (DIR)
2025-09-10 01:14:43 - [INFO] - [BSI META INTEGRATION] Found BSI data: {'study_date': '20250115', 'anterior_bsi': 0.27713394964366816, 'posterior_bsi': 0.5460494599816491, 'combined_bsi': 0.4115917048126586, 'bsi_score': 0.4115917048126586, 'file_source': 'bsi_quantification_ant.json + bsi_quantification_post.json', 'processing_mode': 'dual_view', 'is_v2': True, 'source_location': 'Study date folder'}
2025-09-10 01:14:43 - [INFO] - [BSI META INTEGRATION]   Updated meta with BSI data:
2025-09-10 01:14:43 - [INFO] - [BSI META INTEGRATION]   Anterior BSI: 0.27713394964366816
2025-09-10 01:14:43 - [INFO] - [BSI META INTEGRATION]   Posterior BSI: 0.5460494599816491
2025-09-10 01:14:43 - [INFO] - [BSI META INTEGRATION]   Processing mode: dual_view
2025-09-10 01:14:43 - [INFO] - [DEBUG] Rebuilding timeline for active scan index: 0
2025-09-10 01:14:43 - [INFO] - [DEBUG] Creating CLASSIFICATION card 0 for view: Anterior
2025-09-10 01:14:43 - [INFO] - [DEBUG] Active layers selected: ['Image']
2025-09-10 01:14:43 - [INFO] - [DEBUG] DICOM path: F:\projek dosen\prototype riset\hotspot-analyzer\data\PLANAR\ALL\5001\20250115\A1.dcm
2025-09-10 01:14:43 - [INFO] - [DEBUG] Current view: Anterior
2025-09-10 01:14:43 - [INFO] - [CACHE DEBUG] use_cache=False
2025-09-10 01:14:43 - [INFO] - [CACHE DEBUG] has_adjustments=False (B=0.00, C=1.00)
2025-09-10 01:14:43 - [INFO] - [CACHE DEBUG] has_overrides=False (override_b=None, override_c=None)
2025-09-10 01:14:43 - [INFO] - [CACHE DEBUG] invert_original=True
2025-09-10 01:14:43 - [INFO] - [CACHE SKIP] Skipping cache due to adjustments/overrides/invert
2025-09-10 01:14:43 - [INFO] - [DEBUG] Path extraction: session=ALL, patient=5001, study_date=20250115
2025-09-10 01:14:43 - [INFO] - [DEBUG] Extracted patient info - ID: 5001, Session: ALL
2025-09-10 01:14:43 - [INFO] - [DEBUG] Original path: F:\projek dosen\prototype riset\hotspot-analyzer\data\PLANAR\ALL\5001\20250115\A1.dcm
2025-09-10 01:14:43 - [INFO] - [DEBUG] Study date: 20250115
2025-09-10 01:14:43 - [INFO] - [DEBUG] Patient ID: 5001
2025-09-10 01:14:43 - [INFO] - [DEBUG] Session code: ALL
2025-09-10 01:14:43 - [INFO] - [DEBUG] Study date folder: F:\projek dosen\prototype riset\hotspot-analyzer\data\PLANAR\ALL\5001\20250115
2025-09-10 01:14:43 - [INFO] - [DEBUG] Loading original image for Anterior
2025-09-10 01:14:43 - [INFO] - [DEBUG] Looking for original PNG in study_date dir: F:\projek dosen\prototype riset\hotspot-analyzer\data\PLANAR\ALL\5001\20250115\ant_original.png
2025-09-10 01:14:43 - [DEBUG] - STREAM b'IHDR' 16 13
2025-09-10 01:14:43 - [DEBUG] - STREAM b'IDAT' 41 65536
2025-09-10 01:14:43 - [INFO] - [DEBUG] Loaded original PNG from study_date dir: (256, 1024)
2025-09-10 01:14:43 - [INFO] - [DEBUG] Original image loaded: (256, 1024)
2025-09-10 01:14:43 - [INFO] - [DEBUG] Applying invert to original image
2025-09-10 01:14:43 - [INFO] - [DEBUG] simple_invert_pil_image: Processing L image, size = (256, 1024)
2025-09-10 01:14:43 - [INFO] - [DEBUG] simple_invert_image: input shape = (1024, 256), dtype = uint8
2025-09-10 01:14:43 - [INFO] - [DEBUG] Simple inversion completed: [0-255] -> [0-255]
2025-09-10 01:14:43 - [INFO] - [DEBUG] simple_invert_pil_image: completed
2025-09-10 01:14:43 - [INFO] - [DEBUG] Using STORED B/C values: B=0.00, C=1.00
2025-09-10 01:14:43 - [INFO] - [DEBUG]   Image layer loaded and processed
2025-09-10 01:14:43 - [INFO] - [DEBUG] Loading segmentation layer for Anterior
2025-09-10 01:14:43 - [INFO] - [DEBUG] Looking for segmentation (NEWEST): F:\projek dosen\prototype riset\hotspot-analyzer\data\PLANAR\ALL\5001\20250115\NSY\20250817\ant_segm_011631.png
2025-09-10 01:14:43 - [DEBUG] - STREAM b'IHDR' 16 13
2025-09-10 01:14:43 - [DEBUG] - STREAM b'IDAT' 41 6353
2025-09-10 01:14:43 - [INFO] - [DEBUG]   Loaded segmentation with transparency: F:\projek dosen\prototype riset\hotspot-analyzer\data\PLANAR\ALL\5001\20250115\NSY\20250817\ant_segm_011631.png
2025-09-10 01:14:43 - [INFO] - [DEBUG] Segmentation type: EDITED
2025-09-10 01:14:43 - [INFO] - [DEBUG] Loading hotspot layer for Anterior
2025-09-10 01:14:43 - [INFO] - [DEBUG] Looking for hotspot classification (NEWEST): F:\projek dosen\prototype riset\hotspot-analyzer\data\PLANAR\ALL\5001\20250115\NSY\20250817\ant_hotspot_classification_005852.png
2025-09-10 01:14:43 - [DEBUG] - STREAM b'IHDR' 16 13
2025-09-10 01:14:43 - [DEBUG] - STREAM b'IDAT' 41 1121
2025-09-10 01:14:43 - [INFO] - [DEBUG]   Loaded hotspot layer: F:\projek dosen\prototype riset\hotspot-analyzer\data\PLANAR\ALL\5001\20250115\NSY\20250817\ant_hotspot_classification_005852.png
2025-09-10 01:14:43 - [INFO] - [DEBUG] Hotspot type: EDITED
2025-09-10 01:14:43 - [INFO] - [DEBUG] Loading bbox layer for Anterior
2025-09-10 01:14:43 - [INFO] - [DEBUG] Looking for classification XML (NEWEST): F:\projek dosen\prototype riset\hotspot-analyzer\data\PLANAR\ALL\5001\20250115\NSY\20250817\ant_hotspot_classification_005852.xml
2025-09-10 01:14:43 - [INFO] - [DEBUG] Loading CLASSIFICATION XML for bbox: F:\projek dosen\prototype riset\hotspot-analyzer\data\PLANAR\ALL\5001\20250115\NSY\20250817\ant_hotspot_classification_005852.xml
2025-09-10 01:14:43 - [INFO] - [DEBUG] Drew CLASSIFICATION Abnormal bbox: (193,150) -> (214,171)
2025-09-10 01:14:43 - [INFO] - [DEBUG] Drew CLASSIFICATION Abnormal bbox: (156,480) -> (188,511)
2025-09-10 01:14:43 - [INFO] - [DEBUG]   Created CLASSIFICATION bbox visualization with 2 boxes
2025-09-10 01:14:43 - [INFO] - [DEBUG]   Loaded bbox layer: F:\projek dosen\prototype riset\hotspot-analyzer\data\PLANAR\ALL\5001\20250115\NSY\20250817\ant_hotspot_classification_005852.xml
2025-09-10 01:14:43 - [INFO] - [DEBUG] BBox XML type: EDITED
2025-09-10 01:14:43 - [INFO] - [CACHE STORE] Not caching due to adjustments/overrides/invert
2025-09-10 01:14:43 - [INFO] - [DEBUG]   Loaded 4 layers for Anterior: ['Image', 'Segmentation', 'Hotspot', 'HotspotBBox']
2025-09-10 01:14:43 - [INFO] - [DEBUG] Available CLASSIFICATION layers in files: ['Image', 'Segmentation', 'Hotspot', 'HotspotBBox']
2025-09-10 01:14:43 - [INFO] - [DEBUG]   Added CLASSIFICATION Image to card 0 (opacity: 1.00)
2025-09-10 01:14:43 - [INFO] - [DEBUG]   CLASSIFICATION card 0 composite created with layers: ['Image']
2025-09-10 01:14:43 - [INFO] - [DEBUG] Creating CLASSIFICATION card 0 for view: Posterior
2025-09-10 01:14:43 - [INFO] - [DEBUG] Active layers selected: ['Image']
2025-09-10 01:14:43 - [INFO] - [DEBUG] DICOM path: F:\projek dosen\prototype riset\hotspot-analyzer\data\PLANAR\ALL\5001\20250115\A1.dcm
2025-09-10 01:14:43 - [INFO] - [DEBUG] Current view: Posterior
2025-09-10 01:14:43 - [INFO] - [CACHE DEBUG] use_cache=False
2025-09-10 01:14:43 - [INFO] - [CACHE DEBUG] has_adjustments=False (B=0.00, C=1.00)
2025-09-10 01:14:43 - [INFO] - [CACHE DEBUG] has_overrides=False (override_b=None, override_c=None)
2025-09-10 01:14:43 - [INFO] - [CACHE DEBUG] invert_original=True
2025-09-10 01:14:43 - [INFO] - [CACHE SKIP] Skipping cache due to adjustments/overrides/invert
2025-09-10 01:14:43 - [INFO] - [DEBUG] Path extraction: session=ALL, patient=5001, study_date=20250115
2025-09-10 01:14:43 - [INFO] - [DEBUG] Extracted patient info - ID: 5001, Session: ALL
2025-09-10 01:14:43 - [INFO] - [DEBUG] Original path: F:\projek dosen\prototype riset\hotspot-analyzer\data\PLANAR\ALL\5001\20250115\A1.dcm
2025-09-10 01:14:43 - [INFO] - [DEBUG] Study date: 20250115
2025-09-10 01:14:43 - [INFO] - [DEBUG] Patient ID: 5001
2025-09-10 01:14:43 - [INFO] - [DEBUG] Session code: ALL
2025-09-10 01:14:43 - [INFO] - [DEBUG] Study date folder: F:\projek dosen\prototype riset\hotspot-analyzer\data\PLANAR\ALL\5001\20250115
2025-09-10 01:14:43 - [INFO] - [DEBUG] Loading original image for Posterior
2025-09-10 01:14:43 - [INFO] - [DEBUG] Looking for original PNG in study_date dir: F:\projek dosen\prototype riset\hotspot-analyzer\data\PLANAR\ALL\5001\20250115\post_original.png
2025-09-10 01:14:44 - [DEBUG] - STREAM b'IHDR' 16 13
2025-09-10 01:14:44 - [DEBUG] - STREAM b'IDAT' 41 65536
2025-09-10 01:14:44 - [INFO] - [DEBUG] Loaded original PNG from study_date dir: (256, 1024)
2025-09-10 01:14:44 - [INFO] - [DEBUG] Original image loaded: (256, 1024)
2025-09-10 01:14:44 - [INFO] - [DEBUG] Applying invert to original image
2025-09-10 01:14:44 - [INFO] - [DEBUG] simple_invert_pil_image: Processing L image, size = (256, 1024)
2025-09-10 01:14:44 - [INFO] - [DEBUG] simple_invert_image: input shape = (1024, 256), dtype = uint8
2025-09-10 01:14:44 - [INFO] - [DEBUG] Simple inversion completed: [0-255] -> [0-255]
2025-09-10 01:14:44 - [INFO] - [DEBUG] simple_invert_pil_image: completed
2025-09-10 01:14:44 - [INFO] - [DEBUG] Using STORED B/C values: B=0.00, C=1.00
2025-09-10 01:14:44 - [INFO] - [DEBUG]   Image layer loaded and processed
2025-09-10 01:14:44 - [INFO] - [DEBUG] Loading segmentation layer for Posterior
2025-09-10 01:14:44 - [INFO] - [DEBUG] Looking for segmentation (NEWEST): F:\projek dosen\prototype riset\hotspot-analyzer\data\PLANAR\ALL\5001\20250115\post_segm.png
2025-09-10 01:14:44 - [DEBUG] - STREAM b'IHDR' 16 13
2025-09-10 01:14:44 - [DEBUG] - STREAM b'IDAT' 41 6277
2025-09-10 01:14:44 - [INFO] - [DEBUG]   Loaded segmentation with transparency: F:\projek dosen\prototype riset\hotspot-analyzer\data\PLANAR\ALL\5001\20250115\post_segm.png
2025-09-10 01:14:44 - [INFO] - [DEBUG] Segmentation type: ORIGINAL
2025-09-10 01:14:44 - [INFO] - [DEBUG] Loading hotspot layer for Posterior
2025-09-10 01:14:44 - [INFO] - [DEBUG] Looking for hotspot classification (NEWEST): F:\projek dosen\prototype riset\hotspot-analyzer\data\PLANAR\ALL\5001\20250115\post_hotspot_classification.png
2025-09-10 01:14:44 - [DEBUG] - STREAM b'IHDR' 16 13
2025-09-10 01:14:44 - [DEBUG] - STREAM b'IDAT' 41 1393
2025-09-10 01:14:44 - [INFO] - [DEBUG]   Loaded hotspot layer: F:\projek dosen\prototype riset\hotspot-analyzer\data\PLANAR\ALL\5001\20250115\post_hotspot_classification.png
2025-09-10 01:14:44 - [INFO] - [DEBUG] Hotspot type: ORIGINAL
2025-09-10 01:14:44 - [INFO] - [DEBUG] Loading bbox layer for Posterior
2025-09-10 01:14:44 - [INFO] - [DEBUG] Looking for classification XML (NEWEST): F:\projek dosen\prototype riset\hotspot-analyzer\data\PLANAR\ALL\5001\20250115\post_hotspot_classification.xml
2025-09-10 01:14:44 - [INFO] - [DEBUG] Loading CLASSIFICATION XML for bbox: F:\projek dosen\prototype riset\hotspot-analyzer\data\PLANAR\ALL\5001\20250115\post_hotspot_classification.xml
2025-09-10 01:14:44 - [INFO] - [DEBUG] Drew CLASSIFICATION Abnormal bbox: (44,482) -> (95,537)
2025-09-10 01:14:44 - [INFO] - [DEBUG] Drew CLASSIFICATION Abnormal bbox: (111,344) -> (132,365)
2025-09-10 01:14:44 - [INFO] - [DEBUG] Drew CLASSIFICATION Abnormal bbox: (96,51) -> (117,75)
2025-09-10 01:14:44 - [INFO] - [DEBUG] Drew CLASSIFICATION Abnormal bbox: (54,483) -> (91,527)
2025-09-10 01:14:44 - [INFO] - [DEBUG]   Created CLASSIFICATION bbox visualization with 4 boxes
2025-09-10 01:14:44 - [INFO] - [DEBUG]   Loaded bbox layer: F:\projek dosen\prototype riset\hotspot-analyzer\data\PLANAR\ALL\5001\20250115\post_hotspot_classification.xml
2025-09-10 01:14:44 - [INFO] - [DEBUG] BBox XML type: ORIGINAL
2025-09-10 01:14:44 - [INFO] - [CACHE STORE] Not caching due to adjustments/overrides/invert
2025-09-10 01:14:44 - [INFO] - [DEBUG]   Loaded 4 layers for Posterior: ['Image', 'Segmentation', 'Hotspot', 'HotspotBBox']
2025-09-10 01:14:44 - [INFO] - [DEBUG] Available CLASSIFICATION layers in files: ['Image', 'Segmentation', 'Hotspot', 'HotspotBBox']
2025-09-10 01:14:44 - [INFO] - [DEBUG]   Added CLASSIFICATION Image to card 0 (opacity: 1.00)
2025-09-10 01:14:44 - [INFO] - [DEBUG]   CLASSIFICATION card 0 composite created with layers: ['Image']
2025-09-10 01:14:44 - [INFO] - [SMART UPDATE] State updated - Type: full
2025-09-10 01:14:44 - [INFO] - [MainWindow]   Timeline updated with BSI integration
2025-09-10 01:14:44 - [INFO] - 
2025-09-10 01:14:44 - [INFO] - 🏠 [DEBUG MAIN GANTENG] ===================
2025-09-10 01:14:44 - [INFO] - 🏠 [DEBUG MAIN] Loading BSI data for selected scan
2025-09-10 01:14:44 - [INFO] - 🏠 [DEBUG MAIN] Session code: ALL
2025-09-10 01:14:44 - [INFO] - 🏠 [DEBUG MAIN] Scan data keys: ['meta', 'frames', 'path', 'workflow_files']
2025-09-10 01:14:44 - [INFO] - 🏠 [DEBUG MAIN] DICOM path: F:\projek dosen\prototype riset\hotspot-analyzer\data\PLANAR\ALL\5001\20250115\A1.dcm
2025-09-10 01:14:44 - [INFO] - 🏠 [DEBUG MAIN] DICOM exists: True
2025-09-10 01:14:44 - [INFO] - 🏠 [DEBUG MAIN] Initial patient folder: F:\projek dosen\prototype riset\hotspot-analyzer\data\PLANAR\ALL\5001\20250115
2025-09-10 01:14:44 - [INFO] - 🏠 [DEBUG MAIN] Initial patient folder exists: True
2025-09-10 01:14:44 - [INFO] - 🏠 [DEBUG MAIN] Initial patient folder name: 20250115
2025-09-10 01:14:44 - [INFO] - 🏠 [DEBUG MAIN] Study date from DICOM: 20250115
2025-09-10 01:14:44 - [INFO] - 🏠 [DEBUG MAIN] Detected study_date folder structure
2025-09-10 01:14:44 - [INFO] - 🏠 [DEBUG MAIN] Corrected patient folder: F:\projek dosen\prototype riset\hotspot-analyzer\data\PLANAR\ALL\5001
2025-09-10 01:14:44 - [INFO] - 🏠 [DEBUG MAIN] Corrected patient ID: 5001
2025-09-10 01:14:44 - [INFO] - 🏠 [DEBUG MAIN] Corrected study date: 20250115
2025-09-10 01:14:44 - [INFO] - [DEBUG QUANT FILES] Getting quantification files for: F:\projek dosen\prototype riset\hotspot-analyzer\data\PLANAR\ALL\5001\20250115
2025-09-10 01:14:44 - [INFO] - [DEBUG QUANT FILES] Detected study_date folder: F:\projek dosen\prototype riset\hotspot-analyzer\data\PLANAR\ALL\5001\20250115
2025-09-10 01:14:44 - [INFO] - [DEBUG QUANT FILES] Generated paths:
2025-09-10 01:14:44 - [INFO] - [DEBUG QUANT FILES]   bsi_json_ant: F:\projek dosen\prototype riset\hotspot-analyzer\data\PLANAR\ALL\5001\20250115\bsi_quantification_ant.json (exists: True)
2025-09-10 01:14:44 - [INFO] - [DEBUG QUANT FILES]   bsi_json_post: F:\projek dosen\prototype riset\hotspot-analyzer\data\PLANAR\ALL\5001\20250115\bsi_quantification_post.json (exists: True)
2025-09-10 01:14:44 - [INFO] - 🏠 [DEBUG MAIN] BSI files in study_date folder:
2025-09-10 01:14:44 - [INFO] - 🏠 [DEBUG MAIN]   Anterior: True
2025-09-10 01:14:44 - [INFO] - 🏠 [DEBUG MAIN]   Posterior: True
2025-09-10 01:14:44 - [INFO] - 🏠 [DEBUG MAIN] Found BSI files in study_date folder, using it
2025-09-10 01:14:44 - [INFO] - [BSI CANVAS] Using patient folder for trend: F:\projek dosen\prototype riset\hotspot-analyzer\data\PLANAR\ALL\5001
2025-09-10 01:14:44 - [INFO] - [DEBUG BSI] Using patient folder directly: F:\projek dosen\prototype riset\hotspot-analyzer\data\PLANAR\ALL\5001
2025-09-10 01:14:44 - [INFO] - [DEBUG BSI] Found study_date folder: 20250115
2025-09-10 01:14:44 - [INFO] - [DEBUG BSI] Found study_date folder: 20250816
2025-09-10 01:14:44 - [INFO] - [DEBUG BSI]     - 20250115 (DIR)
2025-09-10 01:14:44 - [INFO] - [DEBUG BSI]     - 20250816 (DIR)
2025-09-10 01:14:44 - [INFO] - [DEBUG BSI]     - 5001_20250115_anterior_colored_grayscaledSegmentation.png (FILE)
2025-09-10 01:14:44 - [INFO] - [DEBUG BSI]     - 5001_20250115_posterior_colored_grayscaledSegmentation.png (FILE)
2025-09-10 01:14:44 - [INFO] - [DEBUG BSI]     - A1.dcm (FILE)
2025-09-10 01:14:44 - [INFO] - [DEBUG BSI]     - ant_hotspot_classification.json (FILE)
2025-09-10 01:14:44 - [INFO] - [DEBUG BSI]     - ant_hotspot_classification.png (FILE)
2025-09-10 01:14:44 - [INFO] - [DEBUG BSI]     - ant_hotspot_classification.xml (FILE)
2025-09-10 01:14:44 - [INFO] - [DEBUG BSI]     - ant_hotspot_otsu_colored.png (FILE)
2025-09-10 01:14:44 - [INFO] - [DEBUG BSI]     - ant_hotspot_otsu_colored_blend.png (FILE)
2025-09-10 01:14:44 - [INFO] - [DEBUG BSI]     - ant_hotspot_otsu_grayscale.png (FILE)
2025-09-10 01:14:44 - [INFO] - [DEBUG BSI]     - ant_hotspot_yolo.xml (FILE)
2025-09-10 01:14:44 - [INFO] - [DEBUG BSI]     - ant_mask.png (FILE)
2025-09-10 01:14:44 - [INFO] - [DEBUG BSI]     - ant_mask_234136.png (FILE)
2025-09-10 01:14:44 - [INFO] - [DEBUG BSI]     - ant_original.png (FILE)
2025-09-10 01:14:44 - [INFO] - [DEBUG BSI]     - ant_segm.png (FILE)
2025-09-10 01:14:44 - [INFO] - [DEBUG BSI]     - ant_segm_234136.png (FILE)
2025-09-10 01:14:44 - [INFO] - [DEBUG BSI]     - bsi_quantification_ant.json (FILE)
2025-09-10 01:14:44 - [INFO] - [DEBUG BSI]     - bsi_quantification_post.json (FILE)
2025-09-10 01:14:44 - [INFO] - [DEBUG BSI]     - NSY (DIR)
2025-09-10 01:14:44 - [INFO] - [DEBUG BSI]     - post_hotspot_classification.json (FILE)
2025-09-10 01:14:44 - [INFO] - [DEBUG BSI]     - post_hotspot_classification.png (FILE)
2025-09-10 01:14:44 - [INFO] - [DEBUG BSI]     - post_hotspot_classification.xml (FILE)
2025-09-10 01:14:44 - [INFO] - [DEBUG BSI]     - post_hotspot_otsu_colored.png (FILE)
2025-09-10 01:14:44 - [INFO] - [DEBUG BSI]     - post_hotspot_otsu_colored_blend.png (FILE)
2025-09-10 01:14:44 - [INFO] - [DEBUG BSI]     - post_hotspot_otsu_mask.png (FILE)
2025-09-10 01:14:44 - [INFO] - [DEBUG BSI]     - post_hotspot_yolo.xml (FILE)
2025-09-10 01:14:44 - [INFO] - [DEBUG BSI]     - post_mask.png (FILE)
2025-09-10 01:14:44 - [INFO] - [DEBUG BSI]     - post_original.png (FILE)
2025-09-10 01:14:44 - [INFO] - [DEBUG BSI]     - post_segm.png (FILE)
2025-09-10 01:14:44 - [INFO] - [DEBUG BSI]     - NSY (DIR)
2025-09-10 01:14:44 - [INFO] - [DEBUG BSI CANVAS] Processing date: 20250115, mode: dual_view
2025-09-10 01:14:44 - [INFO] - [DEBUG BSI CANVAS] Added: Ant=0.27713394964366816 Post=0.5460494599816491
2025-09-10 01:14:44 - [INFO] - [DEBUG QUANT FILES] Getting quantification files for: F:\projek dosen\prototype riset\hotspot-analyzer\data\PLANAR\ALL\5001\20250115
2025-09-10 01:14:44 - [INFO] - [DEBUG QUANT FILES] Detected study_date folder: F:\projek dosen\prototype riset\hotspot-analyzer\data\PLANAR\ALL\5001\20250115
2025-09-10 01:14:44 - [INFO] - [DEBUG QUANT FILES] Generated paths:
2025-09-10 01:14:44 - [INFO] - [DEBUG QUANT FILES]   bsi_json_ant: F:\projek dosen\prototype riset\hotspot-analyzer\data\PLANAR\ALL\5001\20250115\bsi_quantification_ant.json (exists: True)
2025-09-10 01:14:44 - [INFO] - [DEBUG QUANT FILES]   bsi_json_post: F:\projek dosen\prototype riset\hotspot-analyzer\data\PLANAR\ALL\5001\20250115\bsi_quantification_post.json (exists: True)
2025-09-10 01:14:44 - [INFO] - 📖 [DEBUG RESULTS] Combined BSI: 0.41
2025-09-10 01:14:44 - [INFO] - 📖 [DEBUG RESULTS]   Successfully loaded V1.2 results
2025-09-10 01:14:44 - [INFO] - 🏠 [DEBUG MAIN] BSI panel load result: True
2025-09-10 01:14:44 - [INFO] - [DEBUG] Path extraction: session=ALL, patient=5001, study_date=20250115
2025-09-10 01:14:44 - [INFO] - [DEBUG] Extracted patient info - ID: 5001, Session: ALL
2025-09-10 01:14:44 - [INFO] - [DEBUG] Original path: F:\projek dosen\prototype riset\hotspot-analyzer\data\PLANAR\ALL\5001\20250115\A1.dcm
2025-09-10 01:14:44 - [INFO] - [EDIT BUTTONS] Has scan: True, Has seg data: True, Can edit hotspot: True
2025-09-10 01:14:44 - [INFO] - [EDIT BUTTONS] Seg button enabled: True, Hotspot button enabled: True
2025-09-10 01:14:47 - [INFO] - [DEBUG] Logout requested
2025-09-10 01:14:47 - [INFO] - [DEBUG] Membersihkan sumber daya di MainWindow (SPECT)...
2025-09-10 01:14:47 - [INFO] - [DEBUG] Menutup process pool...
2025-09-10 01:14:47 - [ERROR] - Traceback (most recent call last):
2025-09-10 01:14:47 - [ERROR] - File "F:\projek dosen\prototype riset\hotspot-analyzer\features\spect_viewer\gui\main_window_spect.py", line 1230, in _handle_logout
2025-09-10 01:14:47 - [ERROR] - self.close()
2025-09-10 01:14:47 - [ERROR] - File "F:\projek dosen\prototype riset\hotspot-analyzer\features\spect_viewer\gui\main_window_spect.py", line 1235, in closeEvent
2025-09-10 01:14:47 - [ERROR] - if self._pool is not None:
2025-09-10 01:14:47 - [ERROR] - ^
2025-09-10 01:14:47 - [ERROR] - ^
2025-09-10 01:14:47 - [ERROR] - ^
2025-09-10 01:14:47 - [ERROR] - ^
2025-09-10 01:14:47 - [ERROR] - ^
2025-09-10 01:14:47 - [ERROR] - ^
2025-09-10 01:14:47 - [ERROR] - ^
2025-09-10 01:14:47 - [ERROR] - ^
2025-09-10 01:14:47 - [ERROR] - ^
2025-09-10 01:14:47 - [ERROR] - ^
2025-09-10 01:14:47 - [ERROR] - AttributeError
2025-09-10 01:14:47 - [ERROR] - :
2025-09-10 01:14:47 - [ERROR] - Error calling Python override of QMainWindow::closeEvent(): 'MainWindowSpect' object has no attribute '_pool'
2025-09-10 01:14:47 - [ERROR] - . Did you mean: '
2025-09-10 01:14:47 - [ERROR] - pool
2025-09-10 01:14:47 - [ERROR] - '?
2025-09-10 01:14:48 - [INFO] - [DEBUG] === Starting new session ===
2025-09-10 01:14:48 - [INFO] - [DEBUG] Development mode - creating dialog immediately
2025-09-10 01:14:48 - [INFO] - [DEBUG] Creating doctor selection dialog (attempt 1/3)...
2025-09-10 01:14:48 - [INFO] - [DEBUG] Dialog class imported successfully
2025-09-10 01:14:48 - [INFO] - [DEBUG] Dialog instance created successfully
2025-09-10 01:14:48 - [INFO] - [DEBUG] Dialog window properties set
2025-09-10 01:14:48 - [INFO] - [DEBUG] Showing dialog to user...
2025-09-10 01:14:48 - [INFO] - [DEBUG] Dialog shown successfully
2025-09-10 01:14:48 - [INFO] - [DEBUG] Waiting for user input...
2025-09-10 01:14:49 - [INFO] - [SESSION] Created session: ATL_Planar_20250910_011449
2025-09-10 01:14:49 - [INFO] - [SESSION] Created: ATL_Planar_20250910_011449
2025-09-10 01:14:49 - [INFO] - [DEBUG] Dialog execution completed with result: 1
2025-09-10 01:14:49 - [INFO] - [DEBUG] Quick close detected: False
2025-09-10 01:14:49 - [INFO] - [DEBUG] Session selected - Code: ATL, Modality: Planar
2025-09-10 01:14:49 - [INFO] - [DEBUG] Data directory confirmed: data
2025-09-10 01:14:49 - [INFO] - [DEBUG] Starting PLANAR session with code: ATL
2025-09-10 01:14:49 - [INFO] - [DEBUG] Creating main window for session: ATL
2025-09-10 01:14:49 - [INFO] - [DEBUG] session_code in MainWindow = ATL
2025-09-10 01:14:49 - [INFO] - [DEBUG] Timeline keyboard shortcuts enabled: Ctrl+/- for zoom, Ctrl+0 for reset
2025-09-10 01:14:49 - [INFO] - [DEBUG] Connecting invert checkbox...
2025-09-10 01:14:49 - [INFO] - [DEBUG] Testing checkbox connection...
2025-09-10 01:14:49 - [INFO] - [DEBUG] Timeline widget exists: True
2025-09-10 01:14:49 - [INFO] - [DEBUG] Timeline widget type: <class 'features.spect_viewer.gui.scan_timeline.ScanTimelineWidget'>
2025-09-10 01:14:49 - [INFO] - [DEBUG] Invert checkbox created and connected
2025-09-10 01:14:49 - [INFO] - [MainWindow]   Global keyboard shortcuts setup complete
2025-09-10 01:14:49 - [INFO] - [MainWindow] Syncing view 'Anterior' across all components
2025-09-10 01:14:49 - [INFO] - [DEBUG] set_active_view called with 'Anterior', but is now ignored.
2025-09-10 01:14:49 - [INFO] - [MainWindow]   View sync completed
2025-09-10 01:14:49 - [INFO] - [MainWindow]   Complete integration initialization finished
2025-09-10 01:14:49 - [INFO] - [DEBUG] Starting folder scan for session: ATL
2025-09-10 01:14:49 - [INFO] - Ditemukan 7 file DICOM di 'F:\projek dosen\prototype riset\hotspot-analyzer\data\PLANAR'
2025-09-10 01:14:49 - [INFO] - Ditemukan 4 session, 7 pasien (total 7 file DICOM).
2025-09-10 01:14:49 - [INFO] - ALL: 1 pasien, 1 file
2025-09-10 01:14:49 - [INFO] - ATL: 4 pasien, 4 file
2025-09-10 01:14:49 - [INFO] - NBL: 1 pasien, 1 file
2025-09-10 01:14:49 - [INFO] - NSY: 1 pasien, 1 file
2025-09-10 01:14:49 - [INFO] - [DEBUG] Found 4 total sessions: ['ALL', 'ATL', 'NBL', 'NSY']
2025-09-10 01:14:49 - [INFO] - [DEBUG] Filtered to session ATL: 4 patients
2025-09-10 01:14:49 - [INFO] - [DEBUG] Added 4 patients to combo box for session ATL
2025-09-10 01:14:49 - [INFO] - [DEBUG] display_timeline called with 0 scan(s), focusing on index = -1
2025-09-10 01:14:49 - [INFO] - [DEBUG] Rebuilding timeline for active scan index: -1
2025-09-10 01:14:49 - [INFO] - [BSI SIDE PANEL] Clearing all patient data...
2025-09-10 01:14:49 - [INFO] - [DEBUG] Folder scan completed
2025-09-10 01:14:49 - [INFO] - [DEBUG] Main window created successfully for session: ATL
2025-09-10 01:14:49 - [INFO] - [DEBUG] Main window created successfully
2025-09-10 01:14:49 - [INFO] - [DEBUG] Logout signal connected
2025-09-10 01:14:49 - [INFO] - [DEBUG] Main window displayed
2025-09-10 01:14:49 - [INFO] - [DEBUG] Active windows count: 1
2025-09-10 01:14:50 - [INFO] - [TEST] Testing invert connection...
2025-09-10 01:14:50 - [INFO] - [TEST] Timeline widget exists: True
2025-09-10 01:14:50 - [INFO] - [TEST] Checkbox exists: True
2025-09-10 01:14:50 - [INFO] - [TEST] Current checkbox state: False
2025-09-10 01:14:50 - [INFO] - [DEBUG] === INVERT CHECKBOX CHANGED ===
2025-09-10 01:14:50 - [INFO] - [DEBUG] Checkbox state: 2, isChecked(): True
2025-09-10 01:14:50 - [INFO] - [DEBUG] Invert flag changed: False -> True
2025-09-10 01:14:50 - [INFO] - [DEBUG] Calling timeline_widget.set_invert_original(True)
2025-09-10 01:14:50 - [INFO] - [DEBUG] set_invert_original called: True (current: False)
2025-09-10 01:14:50 - [INFO] - [CACHE CLEAR] Cleared 0 layer cache entries
2025-09-10 01:14:50 - [INFO] - [CACHE CLEAR] Cleared zoom cache (0 labels)
2025-09-10 01:14:50 - [INFO] - [DEBUG] Cleared layer cache due to invert change
2025-09-10 01:14:50 - [INFO] - [DEBUG] No scans loaded, rebuild skipped
2025-09-10 01:14:50 - [INFO] - [DEBUG]   Timeline invert method called successfully
2025-09-10 01:14:50 - [INFO] - [TEST] Toggled checkbox to: True
2025-09-10 01:14:51 - [INFO] - [DEBUG] item activated → ID: 5003 (ATL) @ index 3
2025-09-10 01:14:51 - [INFO] - [DEBUG] item activated → ID: 5003 (ATL)
2025-09-10 01:14:51 - [INFO] - 
2025-09-10 01:14:51 - [INFO] - [DEBUG SELECT GANTENG] ===================
2025-09-10 01:14:51 - [INFO] - [DEBUG SELECT] Patient selected: ID: 5003 (ATL)
2025-09-10 01:14:51 - [INFO] - [DEBUG SELECT] Parsed - Patient: 5003, Session: ATL
2025-09-10 01:14:51 - [INFO] - [DEBUG SELECT] Patient path from paths.py: F:\projek dosen\prototype riset\hotspot-analyzer\data\PLANAR\ATL\5003
2025-09-10 01:14:51 - [INFO] - [DEBUG SELECT] Patient path exists: True
2025-09-10 01:14:51 - [INFO] - [DEBUG SELECT] Patient path contents:
2025-09-10 01:14:51 - [INFO] - [DEBUG SELECT]   - ant_mask.png (FILE)
2025-09-10 01:14:51 - [INFO] - [DEBUG SELECT]   - ant_original.png (FILE)
2025-09-10 01:14:51 - [INFO] - [DEBUG SELECT]   - ant_segm.png (FILE)
2025-09-10 01:14:51 - [INFO] - [DEBUG SELECT]   - input.dcm (FILE)
2025-09-10 01:14:51 - [INFO] - [DEBUG SELECT]   - post_mask.png (FILE)
2025-09-10 01:14:51 - [INFO] - [DEBUG SELECT]   - post_original.png (FILE)
2025-09-10 01:14:51 - [INFO] - [DEBUG SELECT]   - post_segm.png (FILE)
2025-09-10 01:14:51 - [INFO] - 
2025-09-10 01:14:51 - [INFO] - [DEBUG PATHS GANTENG] ===================
2025-09-10 01:14:51 - [INFO] - [DEBUG PATHS] Patient folder: F:\projek dosen\prototype riset\hotspot-analyzer\data\PLANAR\ATL\5003
2025-09-10 01:14:51 - [INFO] - [DEBUG PATHS] Patient ID: 5003
2025-09-10 01:14:51 - [INFO] - [DEBUG PATHS] Folder exists: True
2025-09-10 01:14:51 - [INFO] - [DEBUG PATHS] Folder structure:
2025-09-10 01:14:51 - [INFO] - [DEBUG PATHS]   FILE: ant_mask.png (4201 bytes)
2025-09-10 01:14:51 - [INFO] - [DEBUG PATHS]   FILE: ant_original.png (60865 bytes)
2025-09-10 01:14:51 - [INFO] - [DEBUG PATHS]   FILE: ant_segm.png (6696 bytes)
2025-09-10 01:14:51 - [INFO] - [DEBUG PATHS]   FILE: input.dcm (3147192 bytes)
2025-09-10 01:14:51 - [INFO] - [DEBUG PATHS]   FILE: post_mask.png (4201 bytes)
2025-09-10 01:14:51 - [INFO] - [DEBUG PATHS]   FILE: post_original.png (60865 bytes)
2025-09-10 01:14:51 - [INFO] - [DEBUG PATHS]   FILE: post_segm.png (6696 bytes)
2025-09-10 01:14:51 - [INFO] - [DEBUG QUANT FILES] Getting quantification files for: F:\projek dosen\prototype riset\hotspot-analyzer\data\PLANAR\ATL\5003
2025-09-10 01:14:51 - [INFO] - [DEBUG QUANT FILES] Using patient folder: F:\projek dosen\prototype riset\hotspot-analyzer\data\PLANAR\ATL\5003
2025-09-10 01:14:51 - [INFO] - [DEBUG QUANT FILES] Generated paths:
2025-09-10 01:14:51 - [INFO] - [DEBUG QUANT FILES]   bsi_json_ant: F:\projek dosen\prototype riset\hotspot-analyzer\data\PLANAR\ATL\5003\bsi_quantification_ant.json (exists: False)
2025-09-10 01:14:51 - [INFO] - [DEBUG QUANT FILES]   bsi_json_post: F:\projek dosen\prototype riset\hotspot-analyzer\data\PLANAR\ATL\5003\bsi_quantification_post.json (exists: False)
2025-09-10 01:14:51 - [INFO] - [DEBUG PATHS] New quantification paths:
2025-09-10 01:14:51 - [INFO] - [DEBUG PATHS]   bsi_json_ant: F:\projek dosen\prototype riset\hotspot-analyzer\data\PLANAR\ATL\5003\bsi_quantification_ant.json (exists: False, size: 0 bytes)
2025-09-10 01:14:51 - [INFO] - [DEBUG PATHS]   bsi_json_post: F:\projek dosen\prototype riset\hotspot-analyzer\data\PLANAR\ATL\5003\bsi_quantification_post.json (exists: False, size: 0 bytes)
2025-09-10 01:14:51 - [INFO] - [DEBUG PATHS] Old pattern search:
2025-09-10 01:14:51 - [INFO] - [DEBUG PATHS]   Old anterior: []
2025-09-10 01:14:51 - [INFO] - [DEBUG PATHS]   Old posterior: []
2025-09-10 01:14:51 - [INFO] - [DEBUG SELECT] Found DICOM files: 1
2025-09-10 01:14:51 - [INFO] - [DEBUG SELECT]   DICOM: F:\projek dosen\prototype riset\hotspot-analyzer\data\PLANAR\ATL\5003\input.dcm
2025-09-10 01:14:51 - [INFO] - [DEBUG SELECT]   DICOM folder: F:\projek dosen\prototype riset\hotspot-analyzer\data\PLANAR\ATL\5003
2025-09-10 01:14:51 - [INFO] - [DEBUG QUANT FILES] Getting quantification files for: F:\projek dosen\prototype riset\hotspot-analyzer\data\PLANAR\ATL\5003
2025-09-10 01:14:51 - [INFO] - [DEBUG QUANT FILES] Using patient folder: F:\projek dosen\prototype riset\hotspot-analyzer\data\PLANAR\ATL\5003
2025-09-10 01:14:51 - [INFO] - [DEBUG QUANT FILES] Generated paths:
2025-09-10 01:14:51 - [INFO] - [DEBUG QUANT FILES]   bsi_json_ant: F:\projek dosen\prototype riset\hotspot-analyzer\data\PLANAR\ATL\5003\bsi_quantification_ant.json (exists: False)
2025-09-10 01:14:51 - [INFO] - [DEBUG QUANT FILES]   bsi_json_post: F:\projek dosen\prototype riset\hotspot-analyzer\data\PLANAR\ATL\5003\bsi_quantification_post.json (exists: False)
2025-09-10 01:14:51 - [INFO] - [DEBUG SELECT]   BSI files near DICOM:
2025-09-10 01:14:51 - [INFO] - [DEBUG SELECT]     Anterior: False
2025-09-10 01:14:51 - [INFO] - [DEBUG SELECT]     Posterior: False
2025-09-10 01:14:51 - [INFO] - [DEBUG] Loading patient: 5003 from session: ATL
2025-09-10 01:14:51 - [INFO] - [CACHE DEBUG] Cache key: 5003_ATL
2025-09-10 01:14:51 - [INFO] - [CACHE DEBUG] Existing cache keys: []
2025-09-10 01:14:51 - [INFO] - [DEBUG] Loading scans for 5003_ATL from disk...
2025-09-10 01:14:51 - [INFO] - [DEBUG] Found 1 DICOM files for patient 5003
2025-09-10 01:14:51 - [INFO] - ⚠️  Non-standard view name: BillStephen
2025-09-10 01:14:51 - [INFO] - ⚠️  Non-standard view name: BillStephen #2
2025-09-10 01:14:51 - [INFO] - ⚠️  Non-standard view name: BillStephen #3
2025-09-10 01:14:51 - [INFO] - ⚠️  Non-standard view name: Sembiring
2025-09-10 01:14:51 - [INFO] - ⚠️  Non-standard view name: Sembiring #2
2025-09-10 01:14:51 - [INFO] - ⚠️  Non-standard view name: Sembiring #3
2025-09-10 01:14:51 - [INFO] - [DEBUG] Enriched scan data for: input.dcm
2025-09-10 01:14:51 - [INFO] - [DEBUG] Scan files for 5003_20250809:
2025-09-10 01:14:51 - [INFO] - [DEBUG] Available files: None
2025-09-10 01:14:51 - [INFO] - [DEBUG] Available PNG files for 5003_20250809: None
2025-09-10 01:14:51 - [INFO] - [DEBUG] Saving 1 scans to cache for 5003_ATL
2025-09-10 01:14:51 - [INFO] - [DEBUG] Layers changed to: []
2025-09-10 01:14:51 - [INFO] - [SMART UPDATE] Change type: none
2025-09-10 01:14:51 - [INFO] - [DEBUG] Timeline active layers set to: []
2025-09-10 01:14:51 - [INFO] - [SMART UPDATE] No changes detected, skipping update
2025-09-10 01:14:51 - [INFO] - [EDIT BUTTONS] Has scan: False, Has seg data: False, Can edit hotspot: False
2025-09-10 01:14:51 - [INFO] - [EDIT BUTTONS] Seg button enabled: False, Hotspot button enabled: False
2025-09-10 01:14:51 - [INFO] - [SMART UPDATE] Change type: none
2025-09-10 01:14:51 - [INFO] - [DEBUG] Timeline active layers set to: []
2025-09-10 01:14:51 - [INFO] - [SMART UPDATE] No changes detected, skipping update
2025-09-10 01:14:51 - [INFO] - [DEBUG] Set Image opacity to 1.00
2025-09-10 01:14:51 - [INFO] - [SMART UPDATE] Change type: none
2025-09-10 01:14:51 - [INFO] - [SMART UPDATE] Using full rebuild for opacity change
2025-09-10 01:14:51 - [INFO] - [DEBUG] Rebuilding timeline for active scan index: -1
2025-09-10 01:14:51 - [INFO] - [SMART UPDATE] State updated - Type: rebuild
2025-09-10 01:14:51 - [INFO] - [DEBUG] Set Segmentation opacity to 0.35
2025-09-10 01:14:51 - [INFO] - [SMART UPDATE] Change type: none
2025-09-10 01:14:51 - [INFO] - [SMART UPDATE] Using full rebuild for opacity change
2025-09-10 01:14:51 - [INFO] - [DEBUG] Rebuilding timeline for active scan index: -1
2025-09-10 01:14:51 - [INFO] - [SMART UPDATE] State updated - Type: rebuild
2025-09-10 01:14:51 - [INFO] - [DEBUG] Set Hotspot opacity to 0.50
2025-09-10 01:14:51 - [INFO] - [SMART UPDATE] Change type: none
2025-09-10 01:14:51 - [INFO] - [SMART UPDATE] Using full rebuild for opacity change
2025-09-10 01:14:51 - [INFO] - [DEBUG] Rebuilding timeline for active scan index: -1
2025-09-10 01:14:51 - [INFO] - [SMART UPDATE] State updated - Type: rebuild
2025-09-10 01:14:51 - [INFO] - [DEBUG] Set HotspotBBox opacity to 1.00
2025-09-10 01:14:51 - [INFO] - [SMART UPDATE] Change type: none
2025-09-10 01:14:51 - [INFO] - [SMART UPDATE] Using full rebuild for opacity change
2025-09-10 01:14:51 - [INFO] - [DEBUG] Rebuilding timeline for active scan index: -1
2025-09-10 01:14:51 - [INFO] - [SMART UPDATE] State updated - Type: rebuild
2025-09-10 01:14:51 - [INFO] - [DEBUG] Setting default layers: 'Image' checkbox should now be ON.
2025-09-10 01:14:51 - [INFO] - [DEBUG] Checkbox Image toggled: True
2025-09-10 01:14:51 - [INFO] - [DEBUG] Active layers: ['Image']
2025-09-10 01:14:51 - [INFO] - [DEBUG] Layers changed to: ['Image']
2025-09-10 01:14:51 - [INFO] - [SMART UPDATE] Change type: layers
2025-09-10 01:14:51 - [INFO] - [SMART UPDATE] Layers added: ['Image']
2025-09-10 01:14:51 - [INFO] - [DEBUG] Timeline active layers set to: ['Image']
2025-09-10 01:14:51 - [INFO] - [SMART UPDATE] Full rebuild required for change type: layers
2025-09-10 01:14:51 - [INFO] - [DEBUG] Rebuilding timeline for active scan index: -1
2025-09-10 01:14:51 - [INFO] - [SMART UPDATE] State updated - Type: layers
2025-09-10 01:14:51 - [INFO] - [EDIT BUTTONS] Has scan: False, Has seg data: False, Can edit hotspot: False
2025-09-10 01:14:51 - [INFO] - [EDIT BUTTONS] Seg button enabled: False, Hotspot button enabled: False
2025-09-10 01:14:51 - [INFO] - [DEBUG] All data loaded. Total scans: 1
2025-09-10 01:14:51 - [INFO] - [DEBUG] Layers changed to: []
2025-09-10 01:14:51 - [INFO] - [SMART UPDATE] Change type: layers
2025-09-10 01:14:51 - [INFO] - [SMART UPDATE] Layers removed: ['Image']
2025-09-10 01:14:51 - [INFO] - [DEBUG] Timeline active layers set to: []
2025-09-10 01:14:51 - [INFO] - [SMART UPDATE] Full rebuild required for change type: layers
2025-09-10 01:14:51 - [INFO] - [DEBUG] Rebuilding timeline for active scan index: -1
2025-09-10 01:14:51 - [INFO] - [SMART UPDATE] State updated - Type: layers
2025-09-10 01:14:51 - [INFO] - [EDIT BUTTONS] Has scan: False, Has seg data: False, Can edit hotspot: False
2025-09-10 01:14:51 - [INFO] - [EDIT BUTTONS] Seg button enabled: False, Hotspot button enabled: False
2025-09-10 01:14:51 - [INFO] - [SMART UPDATE] Change type: none
2025-09-10 01:14:51 - [INFO] - [DEBUG] Timeline active layers set to: []
2025-09-10 01:14:51 - [INFO] - [SMART UPDATE] No changes detected, skipping update
2025-09-10 01:14:51 - [INFO] - [DEBUG] Set Image opacity to 1.00
2025-09-10 01:14:51 - [INFO] - [SMART UPDATE] Change type: none
2025-09-10 01:14:51 - [INFO] - [SMART UPDATE] Using full rebuild for opacity change
2025-09-10 01:14:51 - [INFO] - [DEBUG] Rebuilding timeline for active scan index: -1
2025-09-10 01:14:51 - [INFO] - [SMART UPDATE] State updated - Type: rebuild
2025-09-10 01:14:51 - [INFO] - [DEBUG] Set Segmentation opacity to 0.35
2025-09-10 01:14:51 - [INFO] - [SMART UPDATE] Change type: none
2025-09-10 01:14:51 - [INFO] - [SMART UPDATE] Using full rebuild for opacity change
2025-09-10 01:14:51 - [INFO] - [DEBUG] Rebuilding timeline for active scan index: -1
2025-09-10 01:14:51 - [INFO] - [SMART UPDATE] State updated - Type: rebuild
2025-09-10 01:14:51 - [INFO] - [DEBUG] Set Hotspot opacity to 0.50
2025-09-10 01:14:51 - [INFO] - [SMART UPDATE] Change type: none
2025-09-10 01:14:51 - [INFO] - [SMART UPDATE] Using full rebuild for opacity change
2025-09-10 01:14:51 - [INFO] - [DEBUG] Rebuilding timeline for active scan index: -1
2025-09-10 01:14:51 - [INFO] - [SMART UPDATE] State updated - Type: rebuild
2025-09-10 01:14:51 - [INFO] - [DEBUG] Set HotspotBBox opacity to 1.00
2025-09-10 01:14:51 - [INFO] - [SMART UPDATE] Change type: none
2025-09-10 01:14:51 - [INFO] - [SMART UPDATE] Using full rebuild for opacity change
2025-09-10 01:14:51 - [INFO] - [DEBUG] Rebuilding timeline for active scan index: -1
2025-09-10 01:14:51 - [INFO] - [SMART UPDATE] State updated - Type: rebuild
2025-09-10 01:14:51 - [INFO] - [DEBUG] Setting default layers: 'Image' checkbox should now be ON.
2025-09-10 01:14:51 - [INFO] - [DEBUG] Checkbox Image toggled: True
2025-09-10 01:14:51 - [INFO] - [DEBUG] Active layers: ['Image']
2025-09-10 01:14:51 - [INFO] - [DEBUG] Layers changed to: ['Image']
2025-09-10 01:14:51 - [INFO] - [SMART UPDATE] Change type: layers
2025-09-10 01:14:51 - [INFO] - [SMART UPDATE] Layers added: ['Image']
2025-09-10 01:14:51 - [INFO] - [DEBUG] Timeline active layers set to: ['Image']
2025-09-10 01:14:51 - [INFO] - [SMART UPDATE] Full rebuild required for change type: layers
2025-09-10 01:14:51 - [INFO] - [DEBUG] Rebuilding timeline for active scan index: -1
2025-09-10 01:14:51 - [INFO] - [SMART UPDATE] State updated - Type: layers
2025-09-10 01:14:51 - [INFO] - [EDIT BUTTONS] Has scan: False, Has seg data: False, Can edit hotspot: False
2025-09-10 01:14:51 - [INFO] - [EDIT BUTTONS] Seg button enabled: False, Hotspot button enabled: False
2025-09-10 01:14:51 - [INFO] - [SMART UPDATE] Change type: none
2025-09-10 01:14:51 - [INFO] - [DEBUG] Timeline active layers set to: ['Image']
2025-09-10 01:14:51 - [INFO] - [SMART UPDATE] No changes detected, skipping update
2025-09-10 01:14:51 - [INFO] - [DEBUG] Set Image opacity to 1.00
2025-09-10 01:14:51 - [INFO] - [SMART UPDATE] Change type: none
2025-09-10 01:14:51 - [INFO] - [SMART UPDATE] Using full rebuild for opacity change
2025-09-10 01:14:51 - [INFO] - [DEBUG] Rebuilding timeline for active scan index: -1
2025-09-10 01:14:51 - [INFO] - [SMART UPDATE] State updated - Type: rebuild
2025-09-10 01:14:51 - [INFO] - [DEBUG] Set Segmentation opacity to 0.40
2025-09-10 01:14:51 - [INFO] - [SMART UPDATE] Change type: none
2025-09-10 01:14:51 - [INFO] - [SMART UPDATE] Using full rebuild for opacity change
2025-09-10 01:14:51 - [INFO] - [DEBUG] Rebuilding timeline for active scan index: -1
2025-09-10 01:14:51 - [INFO] - [SMART UPDATE] State updated - Type: rebuild
2025-09-10 01:14:51 - [INFO] - [DEBUG] Set Hotspot opacity to 0.50
2025-09-10 01:14:51 - [INFO] - [SMART UPDATE] Change type: none
2025-09-10 01:14:51 - [INFO] - [SMART UPDATE] Using full rebuild for opacity change
2025-09-10 01:14:51 - [INFO] - [DEBUG] Rebuilding timeline for active scan index: -1
2025-09-10 01:14:51 - [INFO] - [SMART UPDATE] State updated - Type: rebuild
2025-09-10 01:14:51 - [INFO] - [DEBUG] Set HotspotBBox opacity to 1.00
2025-09-10 01:14:51 - [INFO] - [SMART UPDATE] Change type: none
2025-09-10 01:14:51 - [INFO] - [SMART UPDATE] Using full rebuild for opacity change
2025-09-10 01:14:51 - [INFO] - [DEBUG] Rebuilding timeline for active scan index: -1
2025-09-10 01:14:51 - [INFO] - [SMART UPDATE] State updated - Type: rebuild
2025-09-10 01:14:51 - [INFO] - [MainWindow] Updating timeline with 1 scans
2025-09-10 01:14:51 - [INFO] - [BSI META INTEGRATION] Updating scan meta with BSI data
2025-09-10 01:14:51 - [INFO] - [BSI META INTEGRATION] Session code: ATL
2025-09-10 01:14:51 - [INFO] - [BSI META INTEGRATION] Scan path: F:\projek dosen\prototype riset\hotspot-analyzer\data\PLANAR\ATL\5003\input.dcm
2025-09-10 01:14:51 - [INFO] - [BSI EXTRACT INFO] Extracting from path: F:\projek dosen\prototype riset\hotspot-analyzer\data\PLANAR\ATL\5003\input.dcm
2025-09-10 01:14:51 - [INFO] - [BSI EXTRACT INFO] Extracted study_date from DICOM: 20250809
2025-09-10 01:14:51 - [INFO] - [BSI EXTRACT INFO] Extracted patient_id from direct structure: 5003
2025-09-10 01:14:51 - [INFO] - [BSI EXTRACT INFO] Final result - Patient: 5003, Study: 20250809
2025-09-10 01:14:51 - [INFO] - [BSI META INTEGRATION] Extracted - Patient: 5003, Study: 20250809
2025-09-10 01:14:51 - [INFO] - [BSI META INTEGRATION] Using patient folder: F:\projek dosen\prototype riset\hotspot-analyzer\data\PLANAR\ATL\5003
2025-09-10 01:14:51 - [INFO] - [DEBUG BSI] Using patient folder directly: F:\projek dosen\prototype riset\hotspot-analyzer\data\PLANAR\ATL\5003
2025-09-10 01:14:51 - [INFO] - [DEBUG BSI]     - ant_mask.png (FILE)
2025-09-10 01:14:51 - [INFO] - [DEBUG BSI]     - ant_original.png (FILE)
2025-09-10 01:14:51 - [INFO] - [DEBUG BSI]     - ant_segm.png (FILE)
2025-09-10 01:14:51 - [INFO] - [DEBUG BSI]     - input.dcm (FILE)
2025-09-10 01:14:51 - [INFO] - [DEBUG BSI]     - post_mask.png (FILE)
2025-09-10 01:14:51 - [INFO] - [DEBUG BSI]     - post_original.png (FILE)
2025-09-10 01:14:51 - [INFO] - [DEBUG BSI]     - post_segm.png (FILE)
2025-09-10 01:14:51 - [INFO] - [BSI META INTEGRATION] No BSI scores found for study_date: 20250809
2025-09-10 01:14:51 - [INFO] - [MainWindow]   BSI integration completed for 1 scans
2025-09-10 01:14:51 - [INFO] - [MainWindow DEBUG] First scan meta keys: ['patient_id', 'patient_name', 'patient_birth_date', 'patient_sex', 'patient_weight', 'patient_size', 'patient_age', 'study_date', 'series_date', 'study_time', 'modality', 'series_description', 'study_instance_uid', 'series_instance_uid', 'has_bsi']
2025-09-10 01:14:51 - [INFO] - [MainWindow DEBUG] has_bsi: False
2025-09-10 01:14:51 - [INFO] - [DEBUG] display_timeline called with 1 scan(s), focusing on index = 0
2025-09-10 01:14:51 - [INFO] - [BSI META INTEGRATION] Updating scan meta with BSI data
2025-09-10 01:14:51 - [INFO] - [BSI META INTEGRATION] Session code: ATL
2025-09-10 01:14:51 - [INFO] - [BSI META INTEGRATION] Scan path: F:\projek dosen\prototype riset\hotspot-analyzer\data\PLANAR\ATL\5003\input.dcm
2025-09-10 01:14:51 - [INFO] - [BSI EXTRACT INFO] Extracting from path: F:\projek dosen\prototype riset\hotspot-analyzer\data\PLANAR\ATL\5003\input.dcm
2025-09-10 01:14:51 - [INFO] - [BSI EXTRACT INFO] Extracted study_date from DICOM: 20250809
2025-09-10 01:14:51 - [INFO] - [BSI EXTRACT INFO] Extracted patient_id from direct structure: 5003
2025-09-10 01:14:51 - [INFO] - [BSI EXTRACT INFO] Final result - Patient: 5003, Study: 20250809
2025-09-10 01:14:51 - [INFO] - [BSI META INTEGRATION] Extracted - Patient: 5003, Study: 20250809
2025-09-10 01:14:51 - [INFO] - [BSI META INTEGRATION] Using patient folder: F:\projek dosen\prototype riset\hotspot-analyzer\data\PLANAR\ATL\5003
2025-09-10 01:14:51 - [INFO] - [DEBUG BSI] Using patient folder directly: F:\projek dosen\prototype riset\hotspot-analyzer\data\PLANAR\ATL\5003
2025-09-10 01:14:51 - [INFO] - [DEBUG BSI]     - ant_mask.png (FILE)
2025-09-10 01:14:51 - [INFO] - [DEBUG BSI]     - ant_original.png (FILE)
2025-09-10 01:14:51 - [INFO] - [DEBUG BSI]     - ant_segm.png (FILE)
2025-09-10 01:14:51 - [INFO] - [DEBUG BSI]     - input.dcm (FILE)
2025-09-10 01:14:51 - [INFO] - [DEBUG BSI]     - post_mask.png (FILE)
2025-09-10 01:14:51 - [INFO] - [DEBUG BSI]     - post_original.png (FILE)
2025-09-10 01:14:51 - [INFO] - [DEBUG BSI]     - post_segm.png (FILE)
2025-09-10 01:14:51 - [INFO] - [BSI META INTEGRATION] No BSI scores found for study_date: 20250809
2025-09-10 01:14:51 - [INFO] - [DEBUG] Rebuilding timeline for active scan index: 0
2025-09-10 01:14:51 - [INFO] - [DEBUG] Creating CLASSIFICATION card 0 for view: Anterior
2025-09-10 01:14:51 - [INFO] - [DEBUG] Active layers selected: ['Image']
2025-09-10 01:14:51 - [INFO] - [DEBUG] DICOM path: F:\projek dosen\prototype riset\hotspot-analyzer\data\PLANAR\ATL\5003\input.dcm
2025-09-10 01:14:51 - [INFO] - [DEBUG] Current view: Anterior
2025-09-10 01:14:51 - [INFO] - [CACHE DEBUG] use_cache=False
2025-09-10 01:14:51 - [INFO] - [CACHE DEBUG] has_adjustments=False (B=0.00, C=1.00)
2025-09-10 01:14:51 - [INFO] - [CACHE DEBUG] has_overrides=False (override_b=None, override_c=None)
2025-09-10 01:14:51 - [INFO] - [CACHE DEBUG] invert_original=True
2025-09-10 01:14:51 - [INFO] - [CACHE SKIP] Skipping cache due to adjustments/overrides/invert
2025-09-10 01:14:51 - [INFO] - [DEBUG] Path extraction: session=ATL, patient=5003, study_date=input.dcm
2025-09-10 01:14:51 - [INFO] - [DEBUG] Extracted patient info - ID: 5003, Session: ATL
2025-09-10 01:14:51 - [INFO] - [DEBUG] Original path: F:\projek dosen\prototype riset\hotspot-analyzer\data\PLANAR\ATL\5003\input.dcm
2025-09-10 01:14:51 - [INFO] - [WARN] Study date folder does not exist: F:\projek dosen\prototype riset\hotspot-analyzer\data\PLANAR\ATL\5003\20250809
2025-09-10 01:14:51 - [INFO] - [DEBUG] Fallback to DICOM parent: F:\projek dosen\prototype riset\hotspot-analyzer\data\PLANAR\ATL\5003
2025-09-10 01:14:51 - [INFO] - [DEBUG] Study date: 20250809
2025-09-10 01:14:51 - [INFO] - [DEBUG] Patient ID: 5003
2025-09-10 01:14:51 - [INFO] - [DEBUG] Session code: ATL
2025-09-10 01:14:51 - [INFO] - [DEBUG] Study date folder: F:\projek dosen\prototype riset\hotspot-analyzer\data\PLANAR\ATL\5003
2025-09-10 01:14:51 - [INFO] - [DEBUG] Loading original image for Anterior
2025-09-10 01:14:51 - [INFO] - [DEBUG] Looking for original PNG in study_date dir: F:\projek dosen\prototype riset\hotspot-analyzer\data\PLANAR\ATL\5003\ant_original.png
2025-09-10 01:14:51 - [DEBUG] - STREAM b'IHDR' 16 13
2025-09-10 01:14:51 - [DEBUG] - STREAM b'IDAT' 41 60808
2025-09-10 01:14:51 - [INFO] - [DEBUG] Loaded original PNG from study_date dir: (256, 1024)
2025-09-10 01:14:51 - [INFO] - [DEBUG] Original image loaded: (256, 1024)
2025-09-10 01:14:51 - [INFO] - [DEBUG] Applying invert to original image
2025-09-10 01:14:51 - [INFO] - [DEBUG] simple_invert_pil_image: Processing L image, size = (256, 1024)
2025-09-10 01:14:51 - [INFO] - [DEBUG] simple_invert_image: input shape = (1024, 256), dtype = uint8
2025-09-10 01:14:51 - [INFO] - [DEBUG] Simple inversion completed: [0-255] -> [0-255]
2025-09-10 01:14:51 - [INFO] - [DEBUG] simple_invert_pil_image: completed
2025-09-10 01:14:51 - [INFO] - [DEBUG] Using STORED B/C values: B=0.00, C=1.00
2025-09-10 01:14:51 - [INFO] - [DEBUG]   Image layer loaded and processed
2025-09-10 01:14:51 - [INFO] - [DEBUG] Loading segmentation layer for Anterior
2025-09-10 01:14:51 - [INFO] - [DEBUG] Looking for segmentation (NEWEST): F:\projek dosen\prototype riset\hotspot-analyzer\data\PLANAR\ATL\5003\ant_segm.png
2025-09-10 01:14:51 - [DEBUG] - STREAM b'IHDR' 16 13
2025-09-10 01:14:51 - [DEBUG] - STREAM b'IDAT' 41 6639
2025-09-10 01:14:51 - [INFO] - [DEBUG]   Loaded segmentation with transparency: F:\projek dosen\prototype riset\hotspot-analyzer\data\PLANAR\ATL\5003\ant_segm.png
2025-09-10 01:14:51 - [INFO] - [DEBUG] Segmentation type: ORIGINAL
2025-09-10 01:14:51 - [INFO] - [DEBUG] Loading hotspot layer for Anterior
2025-09-10 01:14:51 - [INFO] - [DEBUG] Looking for hotspot classification (NEWEST): F:\projek dosen\prototype riset\hotspot-analyzer\data\PLANAR\ATL\5003\ant_hotspot_classification.png
2025-09-10 01:14:51 - [INFO] - [DEBUG] No hotspot classification found: F:\projek dosen\prototype riset\hotspot-analyzer\data\PLANAR\ATL\5003\ant_hotspot_classification.png
2025-09-10 01:14:51 - [INFO] - [DEBUG] Loading bbox layer for Anterior
2025-09-10 01:14:51 - [INFO] - [DEBUG] Looking for classification XML (NEWEST): F:\projek dosen\prototype riset\hotspot-analyzer\data\PLANAR\ATL\5003\ant_hotspot_classification.xml
2025-09-10 01:14:51 - [INFO] - [DEBUG] No classification XML found: F:\projek dosen\prototype riset\hotspot-analyzer\data\PLANAR\ATL\5003\ant_hotspot_classification.xml
2025-09-10 01:14:51 - [INFO] - [CACHE STORE] Not caching due to adjustments/overrides/invert
2025-09-10 01:14:51 - [INFO] - [DEBUG]   Loaded 2 layers for Anterior: ['Image', 'Segmentation']
2025-09-10 01:14:51 - [INFO] - [DEBUG] Available CLASSIFICATION layers in files: ['Image', 'Segmentation']
2025-09-10 01:14:51 - [INFO] - [DEBUG]   Added CLASSIFICATION Image to card 0 (opacity: 1.00)
2025-09-10 01:14:51 - [INFO] - [DEBUG]   CLASSIFICATION card 0 composite created with layers: ['Image']
2025-09-10 01:14:51 - [INFO] - [DEBUG] Creating CLASSIFICATION card 0 for view: Posterior
2025-09-10 01:14:51 - [INFO] - [DEBUG] Active layers selected: ['Image']
2025-09-10 01:14:51 - [INFO] - [DEBUG] DICOM path: F:\projek dosen\prototype riset\hotspot-analyzer\data\PLANAR\ATL\5003\input.dcm
2025-09-10 01:14:51 - [INFO] - [DEBUG] Current view: Posterior
2025-09-10 01:14:51 - [INFO] - [CACHE DEBUG] use_cache=False
2025-09-10 01:14:51 - [INFO] - [CACHE DEBUG] has_adjustments=False (B=0.00, C=1.00)
2025-09-10 01:14:51 - [INFO] - [CACHE DEBUG] has_overrides=False (override_b=None, override_c=None)
2025-09-10 01:14:51 - [INFO] - [CACHE DEBUG] invert_original=True
2025-09-10 01:14:51 - [INFO] - [CACHE SKIP] Skipping cache due to adjustments/overrides/invert
2025-09-10 01:14:51 - [INFO] - [DEBUG] Path extraction: session=ATL, patient=5003, study_date=input.dcm
2025-09-10 01:14:51 - [INFO] - [DEBUG] Extracted patient info - ID: 5003, Session: ATL
2025-09-10 01:14:51 - [INFO] - [DEBUG] Original path: F:\projek dosen\prototype riset\hotspot-analyzer\data\PLANAR\ATL\5003\input.dcm
2025-09-10 01:14:51 - [INFO] - [WARN] Study date folder does not exist: F:\projek dosen\prototype riset\hotspot-analyzer\data\PLANAR\ATL\5003\20250809
2025-09-10 01:14:51 - [INFO] - [DEBUG] Fallback to DICOM parent: F:\projek dosen\prototype riset\hotspot-analyzer\data\PLANAR\ATL\5003
2025-09-10 01:14:51 - [INFO] - [DEBUG] Study date: 20250809
2025-09-10 01:14:51 - [INFO] - [DEBUG] Patient ID: 5003
2025-09-10 01:14:51 - [INFO] - [DEBUG] Session code: ATL
2025-09-10 01:14:51 - [INFO] - [DEBUG] Study date folder: F:\projek dosen\prototype riset\hotspot-analyzer\data\PLANAR\ATL\5003
2025-09-10 01:14:51 - [INFO] - [DEBUG] Loading original image for Posterior
2025-09-10 01:14:51 - [INFO] - [DEBUG] Looking for original PNG in study_date dir: F:\projek dosen\prototype riset\hotspot-analyzer\data\PLANAR\ATL\5003\post_original.png
2025-09-10 01:14:51 - [DEBUG] - STREAM b'IHDR' 16 13
2025-09-10 01:14:51 - [DEBUG] - STREAM b'IDAT' 41 60808
2025-09-10 01:14:51 - [INFO] - [DEBUG] Loaded original PNG from study_date dir: (256, 1024)
2025-09-10 01:14:51 - [INFO] - [DEBUG] Original image loaded: (256, 1024)
2025-09-10 01:14:51 - [INFO] - [DEBUG] Applying invert to original image
2025-09-10 01:14:51 - [INFO] - [DEBUG] simple_invert_pil_image: Processing L image, size = (256, 1024)
2025-09-10 01:14:51 - [INFO] - [DEBUG] simple_invert_image: input shape = (1024, 256), dtype = uint8
2025-09-10 01:14:51 - [INFO] - [DEBUG] Simple inversion completed: [0-255] -> [0-255]
2025-09-10 01:14:51 - [INFO] - [DEBUG] simple_invert_pil_image: completed
2025-09-10 01:14:51 - [INFO] - [DEBUG] Using STORED B/C values: B=0.00, C=1.00
2025-09-10 01:14:51 - [INFO] - [DEBUG]   Image layer loaded and processed
2025-09-10 01:14:51 - [INFO] - [DEBUG] Loading segmentation layer for Posterior
2025-09-10 01:14:51 - [INFO] - [DEBUG] Looking for segmentation (NEWEST): F:\projek dosen\prototype riset\hotspot-analyzer\data\PLANAR\ATL\5003\post_segm.png
2025-09-10 01:14:51 - [DEBUG] - STREAM b'IHDR' 16 13
2025-09-10 01:14:51 - [DEBUG] - STREAM b'IDAT' 41 6639
2025-09-10 01:14:51 - [INFO] - [DEBUG]   Loaded segmentation with transparency: F:\projek dosen\prototype riset\hotspot-analyzer\data\PLANAR\ATL\5003\post_segm.png
2025-09-10 01:14:51 - [INFO] - [DEBUG] Segmentation type: ORIGINAL
2025-09-10 01:14:51 - [INFO] - [DEBUG] Loading hotspot layer for Posterior
2025-09-10 01:14:51 - [INFO] - [DEBUG] Looking for hotspot classification (NEWEST): F:\projek dosen\prototype riset\hotspot-analyzer\data\PLANAR\ATL\5003\post_hotspot_classification.png
2025-09-10 01:14:51 - [INFO] - [DEBUG] No hotspot classification found: F:\projek dosen\prototype riset\hotspot-analyzer\data\PLANAR\ATL\5003\post_hotspot_classification.png
2025-09-10 01:14:51 - [INFO] - [DEBUG] Loading bbox layer for Posterior
2025-09-10 01:14:51 - [INFO] - [DEBUG] Looking for classification XML (NEWEST): F:\projek dosen\prototype riset\hotspot-analyzer\data\PLANAR\ATL\5003\post_hotspot_classification.xml
2025-09-10 01:14:51 - [INFO] - [DEBUG] No classification XML found: F:\projek dosen\prototype riset\hotspot-analyzer\data\PLANAR\ATL\5003\post_hotspot_classification.xml
2025-09-10 01:14:51 - [INFO] - [CACHE STORE] Not caching due to adjustments/overrides/invert
2025-09-10 01:14:51 - [INFO] - [DEBUG]   Loaded 2 layers for Posterior: ['Image', 'Segmentation']
2025-09-10 01:14:51 - [INFO] - [DEBUG] Available CLASSIFICATION layers in files: ['Image', 'Segmentation']
2025-09-10 01:14:51 - [INFO] - [DEBUG]   Added CLASSIFICATION Image to card 0 (opacity: 1.00)
2025-09-10 01:14:51 - [INFO] - [DEBUG]   CLASSIFICATION card 0 composite created with layers: ['Image']
2025-09-10 01:14:51 - [INFO] - [SMART UPDATE] State updated - Type: full
2025-09-10 01:14:51 - [INFO] - [MainWindow]   Timeline updated with BSI integration
2025-09-10 01:14:51 - [INFO] - 
2025-09-10 01:14:51 - [INFO] - 🏠 [DEBUG MAIN GANTENG] ===================
2025-09-10 01:14:51 - [INFO] - 🏠 [DEBUG MAIN] Loading BSI data for selected scan
2025-09-10 01:14:51 - [INFO] - 🏠 [DEBUG MAIN] Session code: ATL
2025-09-10 01:14:51 - [INFO] - 🏠 [DEBUG MAIN] Scan data keys: ['meta', 'frames', 'path', 'workflow_files']
2025-09-10 01:14:51 - [INFO] - 🏠 [DEBUG MAIN] DICOM path: F:\projek dosen\prototype riset\hotspot-analyzer\data\PLANAR\ATL\5003\input.dcm
2025-09-10 01:14:51 - [INFO] - 🏠 [DEBUG MAIN] DICOM exists: True
2025-09-10 01:14:51 - [INFO] - 🏠 [DEBUG MAIN] Initial patient folder: F:\projek dosen\prototype riset\hotspot-analyzer\data\PLANAR\ATL\5003
2025-09-10 01:14:51 - [INFO] - 🏠 [DEBUG MAIN] Initial patient folder exists: True
2025-09-10 01:14:51 - [INFO] - 🏠 [DEBUG MAIN] Initial patient folder name: 5003
2025-09-10 01:14:51 - [INFO] - 🏠 [DEBUG MAIN] Study date from DICOM: 20250809
2025-09-10 01:14:51 - [INFO] - 🏠 [DEBUG MAIN] Standard patient folder structure
2025-09-10 01:14:51 - [INFO] - 🏠 [DEBUG MAIN] Patient ID: 5003
2025-09-10 01:14:51 - [INFO] - [DEBUG QUANT FILES] Getting quantification files for: F:\projek dosen\prototype riset\hotspot-analyzer\data\PLANAR\ATL\5003
2025-09-10 01:14:51 - [INFO] - [DEBUG QUANT FILES] Using patient folder: F:\projek dosen\prototype riset\hotspot-analyzer\data\PLANAR\ATL\5003
2025-09-10 01:14:51 - [INFO] - [DEBUG QUANT FILES] Generated paths:
2025-09-10 01:14:51 - [INFO] - [DEBUG QUANT FILES]   bsi_json_ant: F:\projek dosen\prototype riset\hotspot-analyzer\data\PLANAR\ATL\5003\bsi_quantification_ant.json (exists: False)
2025-09-10 01:14:51 - [INFO] - [DEBUG QUANT FILES]   bsi_json_post: F:\projek dosen\prototype riset\hotspot-analyzer\data\PLANAR\ATL\5003\bsi_quantification_post.json (exists: False)
2025-09-10 01:14:51 - [INFO] - 🏠 [DEBUG MAIN] BSI files in patient folder:
2025-09-10 01:14:51 - [INFO] - 🏠 [DEBUG MAIN]   Anterior: False
2025-09-10 01:14:51 - [INFO] - 🏠 [DEBUG MAIN]   Posterior: False
2025-09-10 01:14:51 - [INFO] - [BSI CANVAS] Using patient folder for trend: F:\projek dosen\prototype riset\hotspot-analyzer\data\PLANAR\ATL\5003
2025-09-10 01:14:51 - [INFO] - [DEBUG BSI] Using patient folder directly: F:\projek dosen\prototype riset\hotspot-analyzer\data\PLANAR\ATL\5003
2025-09-10 01:14:51 - [INFO] - [DEBUG BSI]     - ant_mask.png (FILE)
2025-09-10 01:14:51 - [INFO] - [DEBUG BSI]     - ant_original.png (FILE)
2025-09-10 01:14:51 - [INFO] - [DEBUG BSI]     - ant_segm.png (FILE)
2025-09-10 01:14:51 - [INFO] - [DEBUG BSI]     - input.dcm (FILE)
2025-09-10 01:14:51 - [INFO] - [DEBUG BSI]     - post_mask.png (FILE)
2025-09-10 01:14:51 - [INFO] - [DEBUG BSI]     - post_original.png (FILE)
2025-09-10 01:14:51 - [INFO] - [DEBUG BSI]     - post_segm.png (FILE)
2025-09-10 01:14:51 - [INFO] - [DEBUG QUANT FILES] Getting quantification files for: F:\projek dosen\prototype riset\hotspot-analyzer\data\PLANAR\ATL\5003
2025-09-10 01:14:51 - [INFO] - [DEBUG QUANT FILES] Using patient folder: F:\projek dosen\prototype riset\hotspot-analyzer\data\PLANAR\ATL\5003
2025-09-10 01:14:51 - [INFO] - [DEBUG QUANT FILES] Generated paths:
2025-09-10 01:14:51 - [INFO] - [DEBUG QUANT FILES]   bsi_json_ant: F:\projek dosen\prototype riset\hotspot-analyzer\data\PLANAR\ATL\5003\bsi_quantification_ant.json (exists: False)
2025-09-10 01:14:51 - [INFO] - [DEBUG QUANT FILES]   bsi_json_post: F:\projek dosen\prototype riset\hotspot-analyzer\data\PLANAR\ATL\5003\bsi_quantification_post.json (exists: False)
2025-09-10 01:14:51 - [INFO] - 🏠 [DEBUG MAIN] BSI panel load result: True
2025-09-10 01:14:51 - [INFO] - [DEBUG] Path extraction: session=ATL, patient=5003, study_date=input.dcm
2025-09-10 01:14:51 - [INFO] - [DEBUG] Extracted patient info - ID: 5003, Session: ATL
2025-09-10 01:14:51 - [INFO] - [DEBUG] Original path: F:\projek dosen\prototype riset\hotspot-analyzer\data\PLANAR\ATL\5003\input.dcm
2025-09-10 01:14:51 - [INFO] - [EDIT BUTTONS] Has scan: True, Has seg data: True, Can edit hotspot: True
2025-09-10 01:14:51 - [INFO] - [EDIT BUTTONS] Seg button enabled: True, Hotspot button enabled: True
2025-09-10 01:14:56 - [INFO] - [DEBUG] item activated → ID: 5001 (ATL) @ index 2
2025-09-10 01:14:56 - [INFO] - [DEBUG] item activated → ID: 5001 (ATL)
2025-09-10 01:14:56 - [INFO] - 
2025-09-10 01:14:56 - [INFO] - [DEBUG SELECT GANTENG] ===================
2025-09-10 01:14:56 - [INFO] - [DEBUG SELECT] Patient selected: ID: 5001 (ATL)
2025-09-10 01:14:56 - [INFO] - [DEBUG SELECT] Parsed - Patient: 5001, Session: ATL
2025-09-10 01:14:56 - [INFO] - [DEBUG SELECT] Patient path from paths.py: F:\projek dosen\prototype riset\hotspot-analyzer\data\PLANAR\ATL\5001
2025-09-10 01:14:56 - [INFO] - [DEBUG SELECT] Patient path exists: True
2025-09-10 01:14:56 - [INFO] - [DEBUG SELECT] Patient path contents:
2025-09-10 01:14:56 - [INFO] - [DEBUG SELECT]   - 2025-08-16 (DIR)
2025-09-10 01:14:56 - [INFO] - [DEBUG SELECT]   - 20250115 (DIR)
2025-09-10 01:14:56 - [INFO] - 
2025-09-10 01:14:56 - [INFO] - [DEBUG PATHS GANTENG] ===================
2025-09-10 01:14:56 - [INFO] - [DEBUG PATHS] Patient folder: F:\projek dosen\prototype riset\hotspot-analyzer\data\PLANAR\ATL\5001
2025-09-10 01:14:56 - [INFO] - [DEBUG PATHS] Patient ID: 5001
2025-09-10 01:14:56 - [INFO] - [DEBUG PATHS] Folder exists: True
2025-09-10 01:14:56 - [INFO] - [DEBUG PATHS] Folder structure:
2025-09-10 01:14:56 - [INFO] - [DEBUG PATHS]   DIR:  2025-08-16/
2025-09-10 01:14:56 - [INFO] - [DEBUG PATHS]   DIR:  20250115/
2025-09-10 01:14:56 - [INFO] - [DEBUG PATHS]     Study date folder contents:
2025-09-10 01:14:56 - [INFO] - [DEBUG PATHS]       DIR:  20250826/
2025-09-10 01:14:56 - [INFO] - [DEBUG PATHS]       FILE: 5001_20250115_anterior_colored_grayscaledSegmentation.png (5132 bytes)
2025-09-10 01:14:56 - [INFO] - [DEBUG PATHS]       FILE: 5001_20250115_posterior_colored_grayscaledSegmentation.png (4886 bytes)
2025-09-10 01:14:56 - [INFO] - [DEBUG PATHS]       FILE: A1.dcm (1049756 bytes)
2025-09-10 01:14:56 - [INFO] - [DEBUG PATHS]       FILE: ant_hotspot_classification.json (55824 bytes)
2025-09-10 01:14:56 - [INFO] - [DEBUG PATHS]       FILE: ant_hotspot_classification.png (1214 bytes)
2025-09-10 01:14:56 - [INFO] - [DEBUG PATHS]       FILE: ant_hotspot_classification.xml (1444 bytes)
2025-09-10 01:14:56 - [INFO] - [DEBUG PATHS]       FILE: ant_hotspot_otsu_colored.png (1290 bytes)
2025-09-10 01:14:56 - [INFO] - [DEBUG PATHS]       FILE: ant_hotspot_otsu_colored_blend.png (133750 bytes)
2025-09-10 01:14:56 - [INFO] - [DEBUG PATHS]       FILE: ant_hotspot_otsu_grayscale.png (729 bytes)
2025-09-10 01:14:56 - [INFO] - [DEBUG PATHS]       FILE: ant_hotspot_yolo.xml (1304 bytes)
2025-09-10 01:14:56 - [INFO] - [DEBUG PATHS]       FILE: ant_mask.png (4152 bytes)
2025-09-10 01:14:56 - [INFO] - [DEBUG PATHS]       FILE: ant_original.png (79262 bytes)
2025-09-10 01:14:56 - [INFO] - [DEBUG PATHS]       FILE: ant_segm.png (6680 bytes)
2025-09-10 01:14:56 - [INFO] - [DEBUG PATHS]       FILE: bsi_quantification_ant.json (3738 bytes)
2025-09-10 01:14:56 - [INFO] - [DEBUG PATHS]       FILE: bsi_quantification_post.json (3702 bytes)
2025-09-10 01:14:56 - [INFO] - [DEBUG PATHS]       FILE: post_hotspot_classification.json (206464 bytes)
2025-09-10 01:14:56 - [INFO] - [DEBUG PATHS]       FILE: post_hotspot_classification.png (1450 bytes)
2025-09-10 01:14:56 - [INFO] - [DEBUG PATHS]       FILE: post_hotspot_classification.xml (2389 bytes)
2025-09-10 01:14:56 - [INFO] - [DEBUG PATHS]       FILE: post_hotspot_otsu_colored.png (1535 bytes)
2025-09-10 01:14:56 - [INFO] - [DEBUG PATHS]       FILE: post_hotspot_otsu_colored_blend.png (132992 bytes)
2025-09-10 01:14:56 - [INFO] - [DEBUG PATHS]       FILE: post_hotspot_otsu_mask.png (941 bytes)
2025-09-10 01:14:56 - [INFO] - [DEBUG PATHS]       FILE: post_hotspot_yolo.xml (1936 bytes)
2025-09-10 01:14:56 - [INFO] - [DEBUG PATHS]       FILE: post_mask.png (4097 bytes)
2025-09-10 01:14:56 - [INFO] - [DEBUG PATHS]       FILE: post_original.png (80985 bytes)
2025-09-10 01:14:56 - [INFO] - [DEBUG PATHS]       FILE: post_segm.png (6334 bytes)
2025-09-10 01:14:56 - [INFO] - [DEBUG QUANT FILES] Getting quantification files for: F:\projek dosen\prototype riset\hotspot-analyzer\data\PLANAR\ATL\5001
2025-09-10 01:14:56 - [INFO] - [DEBUG QUANT FILES] Using latest study_date folder: F:\projek dosen\prototype riset\hotspot-analyzer\data\PLANAR\ATL\5001\20250115
2025-09-10 01:14:56 - [INFO] - [DEBUG QUANT FILES] Generated paths:
2025-09-10 01:14:56 - [INFO] - [DEBUG QUANT FILES]   bsi_json_ant: F:\projek dosen\prototype riset\hotspot-analyzer\data\PLANAR\ATL\5001\20250115\bsi_quantification_ant.json (exists: True)
2025-09-10 01:14:56 - [INFO] - [DEBUG QUANT FILES]   bsi_json_post: F:\projek dosen\prototype riset\hotspot-analyzer\data\PLANAR\ATL\5001\20250115\bsi_quantification_post.json (exists: True)
2025-09-10 01:14:56 - [INFO] - [DEBUG PATHS] New quantification paths:
2025-09-10 01:14:56 - [INFO] - [DEBUG PATHS]   bsi_json_ant: F:\projek dosen\prototype riset\hotspot-analyzer\data\PLANAR\ATL\5001\20250115\bsi_quantification_ant.json (exists: True, size: 3738 bytes)
2025-09-10 01:14:56 - [INFO] - [DEBUG PATHS]     Content preview: {
2025-09-10 01:14:56 - [INFO] - "patient_info": {
2025-09-10 01:14:56 - [INFO] - "patient_id": "5001",
2025-09-10 01:14:56 - [INFO] - "study_date": "20250115",
2025-09-10 01:14:56 - [INFO] - "filename_stem": "...
2025-09-10 01:14:56 - [INFO] - [DEBUG PATHS]   bsi_json_post: F:\projek dosen\prototype riset\hotspot-analyzer\data\PLANAR\ATL\5001\20250115\bsi_quantification_post.json (exists: True, size: 3702 bytes)
2025-09-10 01:14:56 - [INFO] - [DEBUG PATHS]     Content preview: {
2025-09-10 01:14:56 - [INFO] - "patient_info": {
2025-09-10 01:14:56 - [INFO] - "patient_id": "5001",
2025-09-10 01:14:56 - [INFO] - "study_date": "20250115",
2025-09-10 01:14:56 - [INFO] - "filename_stem": "...
2025-09-10 01:14:56 - [INFO] - [DEBUG PATHS] Old pattern search:
2025-09-10 01:14:56 - [INFO] - [DEBUG PATHS]   Old anterior: []
2025-09-10 01:14:56 - [INFO] - [DEBUG PATHS]   Old posterior: []
2025-09-10 01:14:56 - [INFO] - [DEBUG SELECT] Found DICOM files: 1
2025-09-10 01:14:56 - [INFO] - [DEBUG SELECT]   DICOM: F:\projek dosen\prototype riset\hotspot-analyzer\data\PLANAR\ATL\5001\20250115\A1.dcm
2025-09-10 01:14:56 - [INFO] - [DEBUG SELECT]   DICOM folder: F:\projek dosen\prototype riset\hotspot-analyzer\data\PLANAR\ATL\5001\20250115
2025-09-10 01:14:56 - [INFO] - [DEBUG QUANT FILES] Getting quantification files for: F:\projek dosen\prototype riset\hotspot-analyzer\data\PLANAR\ATL\5001\20250115
2025-09-10 01:14:56 - [INFO] - [DEBUG QUANT FILES] Detected study_date folder: F:\projek dosen\prototype riset\hotspot-analyzer\data\PLANAR\ATL\5001\20250115
2025-09-10 01:14:56 - [INFO] - [DEBUG QUANT FILES] Generated paths:
2025-09-10 01:14:56 - [INFO] - [DEBUG QUANT FILES]   bsi_json_ant: F:\projek dosen\prototype riset\hotspot-analyzer\data\PLANAR\ATL\5001\20250115\bsi_quantification_ant.json (exists: True)
2025-09-10 01:14:56 - [INFO] - [DEBUG QUANT FILES]   bsi_json_post: F:\projek dosen\prototype riset\hotspot-analyzer\data\PLANAR\ATL\5001\20250115\bsi_quantification_post.json (exists: True)
2025-09-10 01:14:56 - [INFO] - [DEBUG SELECT]   BSI files near DICOM:
2025-09-10 01:14:56 - [INFO] - [DEBUG SELECT]     Anterior: True
2025-09-10 01:14:56 - [INFO] - [DEBUG SELECT]     Posterior: True
2025-09-10 01:14:56 - [INFO] - [DEBUG] Loading patient: 5001 from session: ATL
2025-09-10 01:14:56 - [INFO] - [CACHE DEBUG] Cache key: 5001_ATL
2025-09-10 01:14:56 - [INFO] - [CACHE DEBUG] Existing cache keys: ['5003_ATL']
2025-09-10 01:14:56 - [INFO] - [DEBUG] Loading scans for 5001_ATL from disk...
2025-09-10 01:14:56 - [INFO] - [DEBUG] Found 1 DICOM files for patient 5001
2025-09-10 01:14:56 - [INFO] - [DEBUG] Enriched scan data for: A1.dcm
2025-09-10 01:14:56 - [INFO] - [DEBUG] Scan files for 5001_20250115:
2025-09-10 01:14:56 - [INFO] - [DEBUG] Available files: None
2025-09-10 01:14:56 - [INFO] - [DEBUG] Available PNG files for 5001_20250115: None
2025-09-10 01:14:56 - [INFO] - [DEBUG] Saving 1 scans to cache for 5001_ATL
2025-09-10 01:14:56 - [INFO] - [DEBUG] Layers changed to: []
2025-09-10 01:14:56 - [INFO] - [SMART UPDATE] Change type: layers
2025-09-10 01:14:56 - [INFO] - [SMART UPDATE] Layers removed: ['Image']
2025-09-10 01:14:56 - [INFO] - [DEBUG] Timeline active layers set to: []
2025-09-10 01:14:56 - [INFO] - [SMART UPDATE] Full rebuild required for change type: layers
2025-09-10 01:14:56 - [INFO] - [DEBUG] Rebuilding timeline for active scan index: 0
2025-09-10 01:14:56 - [INFO] - [DEBUG] Creating CLASSIFICATION card 0 for view: Anterior
2025-09-10 01:14:56 - [INFO] - [DEBUG] Active layers selected: []
2025-09-10 01:14:56 - [INFO] - [DEBUG] DICOM path: F:\projek dosen\prototype riset\hotspot-analyzer\data\PLANAR\ATL\5003\input.dcm
2025-09-10 01:14:56 - [INFO] - [DEBUG] Current view: Anterior
2025-09-10 01:14:56 - [INFO] - [CACHE DEBUG] use_cache=False
2025-09-10 01:14:56 - [INFO] - [CACHE DEBUG] has_adjustments=False (B=0.00, C=1.00)
2025-09-10 01:14:56 - [INFO] - [CACHE DEBUG] has_overrides=False (override_b=None, override_c=None)
2025-09-10 01:14:56 - [INFO] - [CACHE DEBUG] invert_original=True
2025-09-10 01:14:56 - [INFO] - [CACHE SKIP] Skipping cache due to adjustments/overrides/invert
2025-09-10 01:14:56 - [INFO] - [DEBUG] Path extraction: session=ATL, patient=5003, study_date=input.dcm
2025-09-10 01:14:56 - [INFO] - [DEBUG] Extracted patient info - ID: 5003, Session: ATL
2025-09-10 01:14:56 - [INFO] - [DEBUG] Original path: F:\projek dosen\prototype riset\hotspot-analyzer\data\PLANAR\ATL\5003\input.dcm
2025-09-10 01:14:56 - [INFO] - [WARN] Study date folder does not exist: F:\projek dosen\prototype riset\hotspot-analyzer\data\PLANAR\ATL\5003\20250809
2025-09-10 01:14:56 - [INFO] - [DEBUG] Fallback to DICOM parent: F:\projek dosen\prototype riset\hotspot-analyzer\data\PLANAR\ATL\5003
2025-09-10 01:14:56 - [INFO] - [DEBUG] Study date: 20250809
2025-09-10 01:14:56 - [INFO] - [DEBUG] Patient ID: 5003
2025-09-10 01:14:56 - [INFO] - [DEBUG] Session code: ATL
2025-09-10 01:14:56 - [INFO] - [DEBUG] Study date folder: F:\projek dosen\prototype riset\hotspot-analyzer\data\PLANAR\ATL\5003
2025-09-10 01:14:56 - [INFO] - [DEBUG] Loading original image for Anterior
2025-09-10 01:14:56 - [INFO] - [DEBUG] Looking for original PNG in study_date dir: F:\projek dosen\prototype riset\hotspot-analyzer\data\PLANAR\ATL\5003\ant_original.png
2025-09-10 01:14:56 - [DEBUG] - STREAM b'IHDR' 16 13
2025-09-10 01:14:56 - [DEBUG] - STREAM b'IDAT' 41 60808
2025-09-10 01:14:56 - [INFO] - [DEBUG] Loaded original PNG from study_date dir: (256, 1024)
2025-09-10 01:14:56 - [INFO] - [DEBUG] Original image loaded: (256, 1024)
2025-09-10 01:14:56 - [INFO] - [DEBUG] Applying invert to original image
2025-09-10 01:14:56 - [INFO] - [DEBUG] simple_invert_pil_image: Processing L image, size = (256, 1024)
2025-09-10 01:14:56 - [INFO] - [DEBUG] simple_invert_image: input shape = (1024, 256), dtype = uint8
2025-09-10 01:14:56 - [INFO] - [DEBUG] Simple inversion completed: [0-255] -> [0-255]
2025-09-10 01:14:56 - [INFO] - [DEBUG] simple_invert_pil_image: completed
2025-09-10 01:14:56 - [INFO] - [DEBUG] Using STORED B/C values: B=0.00, C=1.00
2025-09-10 01:14:56 - [INFO] - [DEBUG]   Image layer loaded and processed
2025-09-10 01:14:56 - [INFO] - [DEBUG] Loading segmentation layer for Anterior
2025-09-10 01:14:56 - [INFO] - [DEBUG] Looking for segmentation (NEWEST): F:\projek dosen\prototype riset\hotspot-analyzer\data\PLANAR\ATL\5003\ant_segm.png
2025-09-10 01:14:56 - [DEBUG] - STREAM b'IHDR' 16 13
2025-09-10 01:14:56 - [DEBUG] - STREAM b'IDAT' 41 6639
2025-09-10 01:14:56 - [INFO] - [DEBUG]   Loaded segmentation with transparency: F:\projek dosen\prototype riset\hotspot-analyzer\data\PLANAR\ATL\5003\ant_segm.png
2025-09-10 01:14:56 - [INFO] - [DEBUG] Segmentation type: ORIGINAL
2025-09-10 01:14:56 - [INFO] - [DEBUG] Loading hotspot layer for Anterior
2025-09-10 01:14:56 - [INFO] - [DEBUG] Looking for hotspot classification (NEWEST): F:\projek dosen\prototype riset\hotspot-analyzer\data\PLANAR\ATL\5003\ant_hotspot_classification.png
2025-09-10 01:14:56 - [INFO] - [DEBUG] No hotspot classification found: F:\projek dosen\prototype riset\hotspot-analyzer\data\PLANAR\ATL\5003\ant_hotspot_classification.png
2025-09-10 01:14:56 - [INFO] - [DEBUG] Loading bbox layer for Anterior
2025-09-10 01:14:56 - [INFO] - [DEBUG] Looking for classification XML (NEWEST): F:\projek dosen\prototype riset\hotspot-analyzer\data\PLANAR\ATL\5003\ant_hotspot_classification.xml
2025-09-10 01:14:56 - [INFO] - [DEBUG] No classification XML found: F:\projek dosen\prototype riset\hotspot-analyzer\data\PLANAR\ATL\5003\ant_hotspot_classification.xml
2025-09-10 01:14:56 - [INFO] - [CACHE STORE] Not caching due to adjustments/overrides/invert
2025-09-10 01:14:56 - [INFO] - [DEBUG]   Loaded 2 layers for Anterior: ['Image', 'Segmentation']
2025-09-10 01:14:56 - [INFO] - [DEBUG] Available CLASSIFICATION layers in files: ['Image', 'Segmentation']
2025-09-10 01:14:56 - [INFO] - [DEBUG] Creating CLASSIFICATION card 0 for view: Posterior
2025-09-10 01:14:56 - [INFO] - [DEBUG] Active layers selected: []
2025-09-10 01:14:56 - [INFO] - [DEBUG] DICOM path: F:\projek dosen\prototype riset\hotspot-analyzer\data\PLANAR\ATL\5003\input.dcm
2025-09-10 01:14:56 - [INFO] - [DEBUG] Current view: Posterior
2025-09-10 01:14:56 - [INFO] - [CACHE DEBUG] use_cache=False
2025-09-10 01:14:56 - [INFO] - [CACHE DEBUG] has_adjustments=False (B=0.00, C=1.00)
2025-09-10 01:14:56 - [INFO] - [CACHE DEBUG] has_overrides=False (override_b=None, override_c=None)
2025-09-10 01:14:56 - [INFO] - [CACHE DEBUG] invert_original=True
2025-09-10 01:14:56 - [INFO] - [CACHE SKIP] Skipping cache due to adjustments/overrides/invert
2025-09-10 01:14:56 - [INFO] - [DEBUG] Path extraction: session=ATL, patient=5003, study_date=input.dcm
2025-09-10 01:14:56 - [INFO] - [DEBUG] Extracted patient info - ID: 5003, Session: ATL
2025-09-10 01:14:56 - [INFO] - [DEBUG] Original path: F:\projek dosen\prototype riset\hotspot-analyzer\data\PLANAR\ATL\5003\input.dcm
2025-09-10 01:14:56 - [INFO] - [WARN] Study date folder does not exist: F:\projek dosen\prototype riset\hotspot-analyzer\data\PLANAR\ATL\5003\20250809
2025-09-10 01:14:56 - [INFO] - [DEBUG] Fallback to DICOM parent: F:\projek dosen\prototype riset\hotspot-analyzer\data\PLANAR\ATL\5003
2025-09-10 01:14:56 - [INFO] - [DEBUG] Study date: 20250809
2025-09-10 01:14:56 - [INFO] - [DEBUG] Patient ID: 5003
2025-09-10 01:14:56 - [INFO] - [DEBUG] Session code: ATL
2025-09-10 01:14:56 - [INFO] - [DEBUG] Study date folder: F:\projek dosen\prototype riset\hotspot-analyzer\data\PLANAR\ATL\5003
2025-09-10 01:14:56 - [INFO] - [DEBUG] Loading original image for Posterior
2025-09-10 01:14:56 - [INFO] - [DEBUG] Looking for original PNG in study_date dir: F:\projek dosen\prototype riset\hotspot-analyzer\data\PLANAR\ATL\5003\post_original.png
2025-09-10 01:14:56 - [DEBUG] - STREAM b'IHDR' 16 13
2025-09-10 01:14:56 - [DEBUG] - STREAM b'IDAT' 41 60808
2025-09-10 01:14:56 - [INFO] - [DEBUG] Loaded original PNG from study_date dir: (256, 1024)
2025-09-10 01:14:56 - [INFO] - [DEBUG] Original image loaded: (256, 1024)
2025-09-10 01:14:56 - [INFO] - [DEBUG] Applying invert to original image
2025-09-10 01:14:56 - [INFO] - [DEBUG] simple_invert_pil_image: Processing L image, size = (256, 1024)
2025-09-10 01:14:56 - [INFO] - [DEBUG] simple_invert_image: input shape = (1024, 256), dtype = uint8
2025-09-10 01:14:56 - [INFO] - [DEBUG] Simple inversion completed: [0-255] -> [0-255]
2025-09-10 01:14:56 - [INFO] - [DEBUG] simple_invert_pil_image: completed
2025-09-10 01:14:56 - [INFO] - [DEBUG] Using STORED B/C values: B=0.00, C=1.00
2025-09-10 01:14:56 - [INFO] - [DEBUG]   Image layer loaded and processed
2025-09-10 01:14:56 - [INFO] - [DEBUG] Loading segmentation layer for Posterior
2025-09-10 01:14:56 - [INFO] - [DEBUG] Looking for segmentation (NEWEST): F:\projek dosen\prototype riset\hotspot-analyzer\data\PLANAR\ATL\5003\post_segm.png
2025-09-10 01:14:56 - [DEBUG] - STREAM b'IHDR' 16 13
2025-09-10 01:14:56 - [DEBUG] - STREAM b'IDAT' 41 6639
2025-09-10 01:14:56 - [INFO] - [DEBUG]   Loaded segmentation with transparency: F:\projek dosen\prototype riset\hotspot-analyzer\data\PLANAR\ATL\5003\post_segm.png
2025-09-10 01:14:56 - [INFO] - [DEBUG] Segmentation type: ORIGINAL
2025-09-10 01:14:56 - [INFO] - [DEBUG] Loading hotspot layer for Posterior
2025-09-10 01:14:56 - [INFO] - [DEBUG] Looking for hotspot classification (NEWEST): F:\projek dosen\prototype riset\hotspot-analyzer\data\PLANAR\ATL\5003\post_hotspot_classification.png
2025-09-10 01:14:56 - [INFO] - [DEBUG] No hotspot classification found: F:\projek dosen\prototype riset\hotspot-analyzer\data\PLANAR\ATL\5003\post_hotspot_classification.png
2025-09-10 01:14:56 - [INFO] - [DEBUG] Loading bbox layer for Posterior
2025-09-10 01:14:56 - [INFO] - [DEBUG] Looking for classification XML (NEWEST): F:\projek dosen\prototype riset\hotspot-analyzer\data\PLANAR\ATL\5003\post_hotspot_classification.xml
2025-09-10 01:14:56 - [INFO] - [DEBUG] No classification XML found: F:\projek dosen\prototype riset\hotspot-analyzer\data\PLANAR\ATL\5003\post_hotspot_classification.xml
2025-09-10 01:14:56 - [INFO] - [CACHE STORE] Not caching due to adjustments/overrides/invert
2025-09-10 01:14:56 - [INFO] - [DEBUG]   Loaded 2 layers for Posterior: ['Image', 'Segmentation']
2025-09-10 01:14:56 - [INFO] - [DEBUG] Available CLASSIFICATION layers in files: ['Image', 'Segmentation']
2025-09-10 01:14:56 - [INFO] - [SMART UPDATE] State updated - Type: full
2025-09-10 01:14:56 - [INFO] - [SMART UPDATE] State updated - Type: layers
2025-09-10 01:14:56 - [INFO] - [DEBUG] Path extraction: session=ATL, patient=5003, study_date=input.dcm
2025-09-10 01:14:56 - [INFO] - [DEBUG] Extracted patient info - ID: 5003, Session: ATL
2025-09-10 01:14:56 - [INFO] - [DEBUG] Original path: F:\projek dosen\prototype riset\hotspot-analyzer\data\PLANAR\ATL\5003\input.dcm
2025-09-10 01:14:56 - [INFO] - [EDIT BUTTONS] Has scan: True, Has seg data: True, Can edit hotspot: True
2025-09-10 01:14:56 - [INFO] - [EDIT BUTTONS] Seg button enabled: True, Hotspot button enabled: True
2025-09-10 01:14:56 - [INFO] - [SMART UPDATE] Change type: none
2025-09-10 01:14:56 - [INFO] - [DEBUG] Timeline active layers set to: []
2025-09-10 01:14:56 - [INFO] - [SMART UPDATE] No changes detected, skipping update
2025-09-10 01:14:56 - [INFO] - [DEBUG] Set Image opacity to 1.00
2025-09-10 01:14:56 - [INFO] - [SMART UPDATE] Change type: none
2025-09-10 01:14:56 - [INFO] - [SMART UPDATE] Using full rebuild for opacity change
2025-09-10 01:14:56 - [INFO] - [DEBUG] Rebuilding timeline for active scan index: 0
2025-09-10 01:14:56 - [INFO] - [DEBUG] Creating CLASSIFICATION card 0 for view: Anterior
2025-09-10 01:14:56 - [INFO] - [DEBUG] Active layers selected: []
2025-09-10 01:14:56 - [INFO] - [DEBUG] DICOM path: F:\projek dosen\prototype riset\hotspot-analyzer\data\PLANAR\ATL\5003\input.dcm
2025-09-10 01:14:56 - [INFO] - [DEBUG] Current view: Anterior
2025-09-10 01:14:56 - [INFO] - [CACHE DEBUG] use_cache=False
2025-09-10 01:14:56 - [INFO] - [CACHE DEBUG] has_adjustments=False (B=0.00, C=1.00)
2025-09-10 01:14:56 - [INFO] - [CACHE DEBUG] has_overrides=False (override_b=None, override_c=None)
2025-09-10 01:14:56 - [INFO] - [CACHE DEBUG] invert_original=True
2025-09-10 01:14:56 - [INFO] - [CACHE SKIP] Skipping cache due to adjustments/overrides/invert
2025-09-10 01:14:56 - [INFO] - [DEBUG] Path extraction: session=ATL, patient=5003, study_date=input.dcm
2025-09-10 01:14:56 - [INFO] - [DEBUG] Extracted patient info - ID: 5003, Session: ATL
2025-09-10 01:14:56 - [INFO] - [DEBUG] Original path: F:\projek dosen\prototype riset\hotspot-analyzer\data\PLANAR\ATL\5003\input.dcm
2025-09-10 01:14:56 - [INFO] - [WARN] Study date folder does not exist: F:\projek dosen\prototype riset\hotspot-analyzer\data\PLANAR\ATL\5003\20250809
2025-09-10 01:14:56 - [INFO] - [DEBUG] Fallback to DICOM parent: F:\projek dosen\prototype riset\hotspot-analyzer\data\PLANAR\ATL\5003
2025-09-10 01:14:56 - [INFO] - [DEBUG] Study date: 20250809
2025-09-10 01:14:56 - [INFO] - [DEBUG] Patient ID: 5003
2025-09-10 01:14:56 - [INFO] - [DEBUG] Session code: ATL
2025-09-10 01:14:56 - [INFO] - [DEBUG] Study date folder: F:\projek dosen\prototype riset\hotspot-analyzer\data\PLANAR\ATL\5003
2025-09-10 01:14:56 - [INFO] - [DEBUG] Loading original image for Anterior
2025-09-10 01:14:56 - [INFO] - [DEBUG] Looking for original PNG in study_date dir: F:\projek dosen\prototype riset\hotspot-analyzer\data\PLANAR\ATL\5003\ant_original.png
2025-09-10 01:14:56 - [DEBUG] - STREAM b'IHDR' 16 13
2025-09-10 01:14:56 - [DEBUG] - STREAM b'IDAT' 41 60808
2025-09-10 01:14:56 - [INFO] - [DEBUG] Loaded original PNG from study_date dir: (256, 1024)
2025-09-10 01:14:56 - [INFO] - [DEBUG] Original image loaded: (256, 1024)
2025-09-10 01:14:56 - [INFO] - [DEBUG] Applying invert to original image
2025-09-10 01:14:56 - [INFO] - [DEBUG] simple_invert_pil_image: Processing L image, size = (256, 1024)
2025-09-10 01:14:56 - [INFO] - [DEBUG] simple_invert_image: input shape = (1024, 256), dtype = uint8
2025-09-10 01:14:56 - [INFO] - [DEBUG] Simple inversion completed: [0-255] -> [0-255]
2025-09-10 01:14:56 - [INFO] - [DEBUG] simple_invert_pil_image: completed
2025-09-10 01:14:56 - [INFO] - [DEBUG] Using STORED B/C values: B=0.00, C=1.00
2025-09-10 01:14:56 - [INFO] - [DEBUG]   Image layer loaded and processed
2025-09-10 01:14:56 - [INFO] - [DEBUG] Loading segmentation layer for Anterior
2025-09-10 01:14:56 - [INFO] - [DEBUG] Looking for segmentation (NEWEST): F:\projek dosen\prototype riset\hotspot-analyzer\data\PLANAR\ATL\5003\ant_segm.png
2025-09-10 01:14:56 - [DEBUG] - STREAM b'IHDR' 16 13
2025-09-10 01:14:56 - [DEBUG] - STREAM b'IDAT' 41 6639
2025-09-10 01:14:56 - [INFO] - [DEBUG]   Loaded segmentation with transparency: F:\projek dosen\prototype riset\hotspot-analyzer\data\PLANAR\ATL\5003\ant_segm.png
2025-09-10 01:14:56 - [INFO] - [DEBUG] Segmentation type: ORIGINAL
2025-09-10 01:14:56 - [INFO] - [DEBUG] Loading hotspot layer for Anterior
2025-09-10 01:14:56 - [INFO] - [DEBUG] Looking for hotspot classification (NEWEST): F:\projek dosen\prototype riset\hotspot-analyzer\data\PLANAR\ATL\5003\ant_hotspot_classification.png
2025-09-10 01:14:56 - [INFO] - [DEBUG] No hotspot classification found: F:\projek dosen\prototype riset\hotspot-analyzer\data\PLANAR\ATL\5003\ant_hotspot_classification.png
2025-09-10 01:14:56 - [INFO] - [DEBUG] Loading bbox layer for Anterior
2025-09-10 01:14:56 - [INFO] - [DEBUG] Looking for classification XML (NEWEST): F:\projek dosen\prototype riset\hotspot-analyzer\data\PLANAR\ATL\5003\ant_hotspot_classification.xml
2025-09-10 01:14:56 - [INFO] - [DEBUG] No classification XML found: F:\projek dosen\prototype riset\hotspot-analyzer\data\PLANAR\ATL\5003\ant_hotspot_classification.xml
2025-09-10 01:14:56 - [INFO] - [CACHE STORE] Not caching due to adjustments/overrides/invert
2025-09-10 01:14:56 - [INFO] - [DEBUG]   Loaded 2 layers for Anterior: ['Image', 'Segmentation']
2025-09-10 01:14:56 - [INFO] - [DEBUG] Available CLASSIFICATION layers in files: ['Image', 'Segmentation']
2025-09-10 01:14:56 - [INFO] - [DEBUG] Creating CLASSIFICATION card 0 for view: Posterior
2025-09-10 01:14:56 - [INFO] - [DEBUG] Active layers selected: []
2025-09-10 01:14:56 - [INFO] - [DEBUG] DICOM path: F:\projek dosen\prototype riset\hotspot-analyzer\data\PLANAR\ATL\5003\input.dcm
2025-09-10 01:14:56 - [INFO] - [DEBUG] Current view: Posterior
2025-09-10 01:14:56 - [INFO] - [CACHE DEBUG] use_cache=False
2025-09-10 01:14:56 - [INFO] - [CACHE DEBUG] has_adjustments=False (B=0.00, C=1.00)
2025-09-10 01:14:56 - [INFO] - [CACHE DEBUG] has_overrides=False (override_b=None, override_c=None)
2025-09-10 01:14:56 - [INFO] - [CACHE DEBUG] invert_original=True
2025-09-10 01:14:56 - [INFO] - [CACHE SKIP] Skipping cache due to adjustments/overrides/invert
2025-09-10 01:14:56 - [INFO] - [DEBUG] Path extraction: session=ATL, patient=5003, study_date=input.dcm
2025-09-10 01:14:56 - [INFO] - [DEBUG] Extracted patient info - ID: 5003, Session: ATL
2025-09-10 01:14:56 - [INFO] - [DEBUG] Original path: F:\projek dosen\prototype riset\hotspot-analyzer\data\PLANAR\ATL\5003\input.dcm
2025-09-10 01:14:56 - [INFO] - [WARN] Study date folder does not exist: F:\projek dosen\prototype riset\hotspot-analyzer\data\PLANAR\ATL\5003\20250809
2025-09-10 01:14:56 - [INFO] - [DEBUG] Fallback to DICOM parent: F:\projek dosen\prototype riset\hotspot-analyzer\data\PLANAR\ATL\5003
2025-09-10 01:14:56 - [INFO] - [DEBUG] Study date: 20250809
2025-09-10 01:14:56 - [INFO] - [DEBUG] Patient ID: 5003
2025-09-10 01:14:56 - [INFO] - [DEBUG] Session code: ATL
2025-09-10 01:14:56 - [INFO] - [DEBUG] Study date folder: F:\projek dosen\prototype riset\hotspot-analyzer\data\PLANAR\ATL\5003
2025-09-10 01:14:56 - [INFO] - [DEBUG] Loading original image for Posterior
2025-09-10 01:14:56 - [INFO] - [DEBUG] Looking for original PNG in study_date dir: F:\projek dosen\prototype riset\hotspot-analyzer\data\PLANAR\ATL\5003\post_original.png
2025-09-10 01:14:56 - [DEBUG] - STREAM b'IHDR' 16 13
2025-09-10 01:14:56 - [DEBUG] - STREAM b'IDAT' 41 60808
2025-09-10 01:14:56 - [INFO] - [DEBUG] Loaded original PNG from study_date dir: (256, 1024)
2025-09-10 01:14:56 - [INFO] - [DEBUG] Original image loaded: (256, 1024)
2025-09-10 01:14:56 - [INFO] - [DEBUG] Applying invert to original image
2025-09-10 01:14:56 - [INFO] - [DEBUG] simple_invert_pil_image: Processing L image, size = (256, 1024)
2025-09-10 01:14:56 - [INFO] - [DEBUG] simple_invert_image: input shape = (1024, 256), dtype = uint8
2025-09-10 01:14:56 - [INFO] - [DEBUG] Simple inversion completed: [0-255] -> [0-255]
2025-09-10 01:14:56 - [INFO] - [DEBUG] simple_invert_pil_image: completed
2025-09-10 01:14:56 - [INFO] - [DEBUG] Using STORED B/C values: B=0.00, C=1.00
2025-09-10 01:14:56 - [INFO] - [DEBUG]   Image layer loaded and processed
2025-09-10 01:14:56 - [INFO] - [DEBUG] Loading segmentation layer for Posterior
2025-09-10 01:14:56 - [INFO] - [DEBUG] Looking for segmentation (NEWEST): F:\projek dosen\prototype riset\hotspot-analyzer\data\PLANAR\ATL\5003\post_segm.png
2025-09-10 01:14:56 - [DEBUG] - STREAM b'IHDR' 16 13
2025-09-10 01:14:56 - [DEBUG] - STREAM b'IDAT' 41 6639
2025-09-10 01:14:56 - [INFO] - [DEBUG]   Loaded segmentation with transparency: F:\projek dosen\prototype riset\hotspot-analyzer\data\PLANAR\ATL\5003\post_segm.png
2025-09-10 01:14:56 - [INFO] - [DEBUG] Segmentation type: ORIGINAL
2025-09-10 01:14:56 - [INFO] - [DEBUG] Loading hotspot layer for Posterior
2025-09-10 01:14:56 - [INFO] - [DEBUG] Looking for hotspot classification (NEWEST): F:\projek dosen\prototype riset\hotspot-analyzer\data\PLANAR\ATL\5003\post_hotspot_classification.png
2025-09-10 01:14:56 - [INFO] - [DEBUG] No hotspot classification found: F:\projek dosen\prototype riset\hotspot-analyzer\data\PLANAR\ATL\5003\post_hotspot_classification.png
2025-09-10 01:14:56 - [INFO] - [DEBUG] Loading bbox layer for Posterior
2025-09-10 01:14:56 - [INFO] - [DEBUG] Looking for classification XML (NEWEST): F:\projek dosen\prototype riset\hotspot-analyzer\data\PLANAR\ATL\5003\post_hotspot_classification.xml
2025-09-10 01:14:56 - [INFO] - [DEBUG] No classification XML found: F:\projek dosen\prototype riset\hotspot-analyzer\data\PLANAR\ATL\5003\post_hotspot_classification.xml
2025-09-10 01:14:56 - [INFO] - [CACHE STORE] Not caching due to adjustments/overrides/invert
2025-09-10 01:14:56 - [INFO] - [DEBUG]   Loaded 2 layers for Posterior: ['Image', 'Segmentation']
2025-09-10 01:14:56 - [INFO] - [DEBUG] Available CLASSIFICATION layers in files: ['Image', 'Segmentation']
2025-09-10 01:14:56 - [INFO] - [SMART UPDATE] State updated - Type: full
2025-09-10 01:14:56 - [INFO] - [SMART UPDATE] State updated - Type: rebuild
2025-09-10 01:14:56 - [INFO] - [DEBUG] Set Segmentation opacity to 0.35
2025-09-10 01:14:56 - [INFO] - [SMART UPDATE] Change type: none
2025-09-10 01:14:56 - [INFO] - [SMART UPDATE] Using full rebuild for opacity change
2025-09-10 01:14:56 - [INFO] - [DEBUG] Rebuilding timeline for active scan index: 0
2025-09-10 01:14:56 - [INFO] - [DEBUG] Creating CLASSIFICATION card 0 for view: Anterior
2025-09-10 01:14:56 - [INFO] - [DEBUG] Active layers selected: []
2025-09-10 01:14:56 - [INFO] - [DEBUG] DICOM path: F:\projek dosen\prototype riset\hotspot-analyzer\data\PLANAR\ATL\5003\input.dcm
2025-09-10 01:14:56 - [INFO] - [DEBUG] Current view: Anterior
2025-09-10 01:14:56 - [INFO] - [CACHE DEBUG] use_cache=False
2025-09-10 01:14:56 - [INFO] - [CACHE DEBUG] has_adjustments=False (B=0.00, C=1.00)
2025-09-10 01:14:56 - [INFO] - [CACHE DEBUG] has_overrides=False (override_b=None, override_c=None)
2025-09-10 01:14:56 - [INFO] - [CACHE DEBUG] invert_original=True
2025-09-10 01:14:56 - [INFO] - [CACHE SKIP] Skipping cache due to adjustments/overrides/invert
2025-09-10 01:14:56 - [INFO] - [DEBUG] Path extraction: session=ATL, patient=5003, study_date=input.dcm
2025-09-10 01:14:56 - [INFO] - [DEBUG] Extracted patient info - ID: 5003, Session: ATL
2025-09-10 01:14:56 - [INFO] - [DEBUG] Original path: F:\projek dosen\prototype riset\hotspot-analyzer\data\PLANAR\ATL\5003\input.dcm
2025-09-10 01:14:56 - [INFO] - [WARN] Study date folder does not exist: F:\projek dosen\prototype riset\hotspot-analyzer\data\PLANAR\ATL\5003\20250809
2025-09-10 01:14:56 - [INFO] - [DEBUG] Fallback to DICOM parent: F:\projek dosen\prototype riset\hotspot-analyzer\data\PLANAR\ATL\5003
2025-09-10 01:14:56 - [INFO] - [DEBUG] Study date: 20250809
2025-09-10 01:14:56 - [INFO] - [DEBUG] Patient ID: 5003
2025-09-10 01:14:56 - [INFO] - [DEBUG] Session code: ATL
2025-09-10 01:14:56 - [INFO] - [DEBUG] Study date folder: F:\projek dosen\prototype riset\hotspot-analyzer\data\PLANAR\ATL\5003
2025-09-10 01:14:56 - [INFO] - [DEBUG] Loading original image for Anterior
2025-09-10 01:14:56 - [INFO] - [DEBUG] Looking for original PNG in study_date dir: F:\projek dosen\prototype riset\hotspot-analyzer\data\PLANAR\ATL\5003\ant_original.png
2025-09-10 01:14:56 - [DEBUG] - STREAM b'IHDR' 16 13
2025-09-10 01:14:56 - [DEBUG] - STREAM b'IDAT' 41 60808
2025-09-10 01:14:56 - [INFO] - [DEBUG] Loaded original PNG from study_date dir: (256, 1024)
2025-09-10 01:14:56 - [INFO] - [DEBUG] Original image loaded: (256, 1024)
2025-09-10 01:14:56 - [INFO] - [DEBUG] Applying invert to original image
2025-09-10 01:14:56 - [INFO] - [DEBUG] simple_invert_pil_image: Processing L image, size = (256, 1024)
2025-09-10 01:14:56 - [INFO] - [DEBUG] simple_invert_image: input shape = (1024, 256), dtype = uint8
2025-09-10 01:14:56 - [INFO] - [DEBUG] Simple inversion completed: [0-255] -> [0-255]
2025-09-10 01:14:56 - [INFO] - [DEBUG] simple_invert_pil_image: completed
2025-09-10 01:14:56 - [INFO] - [DEBUG] Using STORED B/C values: B=0.00, C=1.00
2025-09-10 01:14:56 - [INFO] - [DEBUG]   Image layer loaded and processed
2025-09-10 01:14:56 - [INFO] - [DEBUG] Loading segmentation layer for Anterior
2025-09-10 01:14:56 - [INFO] - [DEBUG] Looking for segmentation (NEWEST): F:\projek dosen\prototype riset\hotspot-analyzer\data\PLANAR\ATL\5003\ant_segm.png
2025-09-10 01:14:56 - [DEBUG] - STREAM b'IHDR' 16 13
2025-09-10 01:14:56 - [DEBUG] - STREAM b'IDAT' 41 6639
2025-09-10 01:14:56 - [INFO] - [DEBUG]   Loaded segmentation with transparency: F:\projek dosen\prototype riset\hotspot-analyzer\data\PLANAR\ATL\5003\ant_segm.png
2025-09-10 01:14:56 - [INFO] - [DEBUG] Segmentation type: ORIGINAL
2025-09-10 01:14:56 - [INFO] - [DEBUG] Loading hotspot layer for Anterior
2025-09-10 01:14:56 - [INFO] - [DEBUG] Looking for hotspot classification (NEWEST): F:\projek dosen\prototype riset\hotspot-analyzer\data\PLANAR\ATL\5003\ant_hotspot_classification.png
2025-09-10 01:14:56 - [INFO] - [DEBUG] No hotspot classification found: F:\projek dosen\prototype riset\hotspot-analyzer\data\PLANAR\ATL\5003\ant_hotspot_classification.png
2025-09-10 01:14:56 - [INFO] - [DEBUG] Loading bbox layer for Anterior
2025-09-10 01:14:56 - [INFO] - [DEBUG] Looking for classification XML (NEWEST): F:\projek dosen\prototype riset\hotspot-analyzer\data\PLANAR\ATL\5003\ant_hotspot_classification.xml
2025-09-10 01:14:56 - [INFO] - [DEBUG] No classification XML found: F:\projek dosen\prototype riset\hotspot-analyzer\data\PLANAR\ATL\5003\ant_hotspot_classification.xml
2025-09-10 01:14:56 - [INFO] - [CACHE STORE] Not caching due to adjustments/overrides/invert
2025-09-10 01:14:56 - [INFO] - [DEBUG]   Loaded 2 layers for Anterior: ['Image', 'Segmentation']
2025-09-10 01:14:56 - [INFO] - [DEBUG] Available CLASSIFICATION layers in files: ['Image', 'Segmentation']
2025-09-10 01:14:56 - [INFO] - [DEBUG] Creating CLASSIFICATION card 0 for view: Posterior
2025-09-10 01:14:56 - [INFO] - [DEBUG] Active layers selected: []
2025-09-10 01:14:56 - [INFO] - [DEBUG] DICOM path: F:\projek dosen\prototype riset\hotspot-analyzer\data\PLANAR\ATL\5003\input.dcm
2025-09-10 01:14:56 - [INFO] - [DEBUG] Current view: Posterior
2025-09-10 01:14:56 - [INFO] - [CACHE DEBUG] use_cache=False
2025-09-10 01:14:56 - [INFO] - [CACHE DEBUG] has_adjustments=False (B=0.00, C=1.00)
2025-09-10 01:14:56 - [INFO] - [CACHE DEBUG] has_overrides=False (override_b=None, override_c=None)
2025-09-10 01:14:56 - [INFO] - [CACHE DEBUG] invert_original=True
2025-09-10 01:14:56 - [INFO] - [CACHE SKIP] Skipping cache due to adjustments/overrides/invert
2025-09-10 01:14:56 - [INFO] - [DEBUG] Path extraction: session=ATL, patient=5003, study_date=input.dcm
2025-09-10 01:14:56 - [INFO] - [DEBUG] Extracted patient info - ID: 5003, Session: ATL
2025-09-10 01:14:56 - [INFO] - [DEBUG] Original path: F:\projek dosen\prototype riset\hotspot-analyzer\data\PLANAR\ATL\5003\input.dcm
2025-09-10 01:14:56 - [INFO] - [WARN] Study date folder does not exist: F:\projek dosen\prototype riset\hotspot-analyzer\data\PLANAR\ATL\5003\20250809
2025-09-10 01:14:56 - [INFO] - [DEBUG] Fallback to DICOM parent: F:\projek dosen\prototype riset\hotspot-analyzer\data\PLANAR\ATL\5003
2025-09-10 01:14:56 - [INFO] - [DEBUG] Study date: 20250809
2025-09-10 01:14:56 - [INFO] - [DEBUG] Patient ID: 5003
2025-09-10 01:14:56 - [INFO] - [DEBUG] Session code: ATL
2025-09-10 01:14:56 - [INFO] - [DEBUG] Study date folder: F:\projek dosen\prototype riset\hotspot-analyzer\data\PLANAR\ATL\5003
2025-09-10 01:14:56 - [INFO] - [DEBUG] Loading original image for Posterior
2025-09-10 01:14:56 - [INFO] - [DEBUG] Looking for original PNG in study_date dir: F:\projek dosen\prototype riset\hotspot-analyzer\data\PLANAR\ATL\5003\post_original.png
2025-09-10 01:14:56 - [DEBUG] - STREAM b'IHDR' 16 13
2025-09-10 01:14:56 - [DEBUG] - STREAM b'IDAT' 41 60808
2025-09-10 01:14:56 - [INFO] - [DEBUG] Loaded original PNG from study_date dir: (256, 1024)
2025-09-10 01:14:56 - [INFO] - [DEBUG] Original image loaded: (256, 1024)
2025-09-10 01:14:56 - [INFO] - [DEBUG] Applying invert to original image
2025-09-10 01:14:56 - [INFO] - [DEBUG] simple_invert_pil_image: Processing L image, size = (256, 1024)
2025-09-10 01:14:56 - [INFO] - [DEBUG] simple_invert_image: input shape = (1024, 256), dtype = uint8
2025-09-10 01:14:56 - [INFO] - [DEBUG] Simple inversion completed: [0-255] -> [0-255]
2025-09-10 01:14:56 - [INFO] - [DEBUG] simple_invert_pil_image: completed
2025-09-10 01:14:56 - [INFO] - [DEBUG] Using STORED B/C values: B=0.00, C=1.00
2025-09-10 01:14:56 - [INFO] - [DEBUG]   Image layer loaded and processed
2025-09-10 01:14:56 - [INFO] - [DEBUG] Loading segmentation layer for Posterior
2025-09-10 01:14:56 - [INFO] - [DEBUG] Looking for segmentation (NEWEST): F:\projek dosen\prototype riset\hotspot-analyzer\data\PLANAR\ATL\5003\post_segm.png
2025-09-10 01:14:56 - [DEBUG] - STREAM b'IHDR' 16 13
2025-09-10 01:14:56 - [DEBUG] - STREAM b'IDAT' 41 6639
2025-09-10 01:14:56 - [INFO] - [DEBUG]   Loaded segmentation with transparency: F:\projek dosen\prototype riset\hotspot-analyzer\data\PLANAR\ATL\5003\post_segm.png
2025-09-10 01:14:56 - [INFO] - [DEBUG] Segmentation type: ORIGINAL
2025-09-10 01:14:56 - [INFO] - [DEBUG] Loading hotspot layer for Posterior
2025-09-10 01:14:56 - [INFO] - [DEBUG] Looking for hotspot classification (NEWEST): F:\projek dosen\prototype riset\hotspot-analyzer\data\PLANAR\ATL\5003\post_hotspot_classification.png
2025-09-10 01:14:56 - [INFO] - [DEBUG] No hotspot classification found: F:\projek dosen\prototype riset\hotspot-analyzer\data\PLANAR\ATL\5003\post_hotspot_classification.png
2025-09-10 01:14:56 - [INFO] - [DEBUG] Loading bbox layer for Posterior
2025-09-10 01:14:56 - [INFO] - [DEBUG] Looking for classification XML (NEWEST): F:\projek dosen\prototype riset\hotspot-analyzer\data\PLANAR\ATL\5003\post_hotspot_classification.xml
2025-09-10 01:14:56 - [INFO] - [DEBUG] No classification XML found: F:\projek dosen\prototype riset\hotspot-analyzer\data\PLANAR\ATL\5003\post_hotspot_classification.xml
2025-09-10 01:14:56 - [INFO] - [CACHE STORE] Not caching due to adjustments/overrides/invert
2025-09-10 01:14:56 - [INFO] - [DEBUG]   Loaded 2 layers for Posterior: ['Image', 'Segmentation']
2025-09-10 01:14:56 - [INFO] - [DEBUG] Available CLASSIFICATION layers in files: ['Image', 'Segmentation']
2025-09-10 01:14:56 - [INFO] - [SMART UPDATE] State updated - Type: full
2025-09-10 01:14:56 - [INFO] - [SMART UPDATE] State updated - Type: rebuild
2025-09-10 01:14:56 - [INFO] - [DEBUG] Set Hotspot opacity to 0.50
2025-09-10 01:14:56 - [INFO] - [SMART UPDATE] Change type: none
2025-09-10 01:14:56 - [INFO] - [SMART UPDATE] Using full rebuild for opacity change
2025-09-10 01:14:56 - [INFO] - [DEBUG] Rebuilding timeline for active scan index: 0
2025-09-10 01:14:56 - [INFO] - [DEBUG] Creating CLASSIFICATION card 0 for view: Anterior
2025-09-10 01:14:56 - [INFO] - [DEBUG] Active layers selected: []
2025-09-10 01:14:56 - [INFO] - [DEBUG] DICOM path: F:\projek dosen\prototype riset\hotspot-analyzer\data\PLANAR\ATL\5003\input.dcm
2025-09-10 01:14:56 - [INFO] - [DEBUG] Current view: Anterior
2025-09-10 01:14:56 - [INFO] - [CACHE DEBUG] use_cache=False
2025-09-10 01:14:56 - [INFO] - [CACHE DEBUG] has_adjustments=False (B=0.00, C=1.00)
2025-09-10 01:14:56 - [INFO] - [CACHE DEBUG] has_overrides=False (override_b=None, override_c=None)
2025-09-10 01:14:56 - [INFO] - [CACHE DEBUG] invert_original=True
2025-09-10 01:14:56 - [INFO] - [CACHE SKIP] Skipping cache due to adjustments/overrides/invert
2025-09-10 01:14:56 - [INFO] - [DEBUG] Path extraction: session=ATL, patient=5003, study_date=input.dcm
2025-09-10 01:14:56 - [INFO] - [DEBUG] Extracted patient info - ID: 5003, Session: ATL
2025-09-10 01:14:56 - [INFO] - [DEBUG] Original path: F:\projek dosen\prototype riset\hotspot-analyzer\data\PLANAR\ATL\5003\input.dcm
2025-09-10 01:14:56 - [INFO] - [WARN] Study date folder does not exist: F:\projek dosen\prototype riset\hotspot-analyzer\data\PLANAR\ATL\5003\20250809
2025-09-10 01:14:56 - [INFO] - [DEBUG] Fallback to DICOM parent: F:\projek dosen\prototype riset\hotspot-analyzer\data\PLANAR\ATL\5003
2025-09-10 01:14:56 - [INFO] - [DEBUG] Study date: 20250809
2025-09-10 01:14:56 - [INFO] - [DEBUG] Patient ID: 5003
2025-09-10 01:14:56 - [INFO] - [DEBUG] Session code: ATL
2025-09-10 01:14:56 - [INFO] - [DEBUG] Study date folder: F:\projek dosen\prototype riset\hotspot-analyzer\data\PLANAR\ATL\5003
2025-09-10 01:14:56 - [INFO] - [DEBUG] Loading original image for Anterior
2025-09-10 01:14:56 - [INFO] - [DEBUG] Looking for original PNG in study_date dir: F:\projek dosen\prototype riset\hotspot-analyzer\data\PLANAR\ATL\5003\ant_original.png
2025-09-10 01:14:56 - [DEBUG] - STREAM b'IHDR' 16 13
2025-09-10 01:14:56 - [DEBUG] - STREAM b'IDAT' 41 60808
2025-09-10 01:14:56 - [INFO] - [DEBUG] Loaded original PNG from study_date dir: (256, 1024)
2025-09-10 01:14:56 - [INFO] - [DEBUG] Original image loaded: (256, 1024)
2025-09-10 01:14:56 - [INFO] - [DEBUG] Applying invert to original image
2025-09-10 01:14:56 - [INFO] - [DEBUG] simple_invert_pil_image: Processing L image, size = (256, 1024)
2025-09-10 01:14:56 - [INFO] - [DEBUG] simple_invert_image: input shape = (1024, 256), dtype = uint8
2025-09-10 01:14:56 - [INFO] - [DEBUG] Simple inversion completed: [0-255] -> [0-255]
2025-09-10 01:14:56 - [INFO] - [DEBUG] simple_invert_pil_image: completed
2025-09-10 01:14:56 - [INFO] - [DEBUG] Using STORED B/C values: B=0.00, C=1.00
2025-09-10 01:14:56 - [INFO] - [DEBUG]   Image layer loaded and processed
2025-09-10 01:14:56 - [INFO] - [DEBUG] Loading segmentation layer for Anterior
2025-09-10 01:14:56 - [INFO] - [DEBUG] Looking for segmentation (NEWEST): F:\projek dosen\prototype riset\hotspot-analyzer\data\PLANAR\ATL\5003\ant_segm.png
2025-09-10 01:14:56 - [DEBUG] - STREAM b'IHDR' 16 13
2025-09-10 01:14:56 - [DEBUG] - STREAM b'IDAT' 41 6639
2025-09-10 01:14:56 - [INFO] - [DEBUG]   Loaded segmentation with transparency: F:\projek dosen\prototype riset\hotspot-analyzer\data\PLANAR\ATL\5003\ant_segm.png
2025-09-10 01:14:56 - [INFO] - [DEBUG] Segmentation type: ORIGINAL
2025-09-10 01:14:56 - [INFO] - [DEBUG] Loading hotspot layer for Anterior
2025-09-10 01:14:56 - [INFO] - [DEBUG] Looking for hotspot classification (NEWEST): F:\projek dosen\prototype riset\hotspot-analyzer\data\PLANAR\ATL\5003\ant_hotspot_classification.png
2025-09-10 01:14:56 - [INFO] - [DEBUG] No hotspot classification found: F:\projek dosen\prototype riset\hotspot-analyzer\data\PLANAR\ATL\5003\ant_hotspot_classification.png
2025-09-10 01:14:56 - [INFO] - [DEBUG] Loading bbox layer for Anterior
2025-09-10 01:14:56 - [INFO] - [DEBUG] Looking for classification XML (NEWEST): F:\projek dosen\prototype riset\hotspot-analyzer\data\PLANAR\ATL\5003\ant_hotspot_classification.xml
2025-09-10 01:14:56 - [INFO] - [DEBUG] No classification XML found: F:\projek dosen\prototype riset\hotspot-analyzer\data\PLANAR\ATL\5003\ant_hotspot_classification.xml
2025-09-10 01:14:56 - [INFO] - [CACHE STORE] Not caching due to adjustments/overrides/invert
2025-09-10 01:14:56 - [INFO] - [DEBUG]   Loaded 2 layers for Anterior: ['Image', 'Segmentation']
2025-09-10 01:14:56 - [INFO] - [DEBUG] Available CLASSIFICATION layers in files: ['Image', 'Segmentation']
2025-09-10 01:14:56 - [INFO] - [DEBUG] Creating CLASSIFICATION card 0 for view: Posterior
2025-09-10 01:14:56 - [INFO] - [DEBUG] Active layers selected: []
2025-09-10 01:14:56 - [INFO] - [DEBUG] DICOM path: F:\projek dosen\prototype riset\hotspot-analyzer\data\PLANAR\ATL\5003\input.dcm
2025-09-10 01:14:56 - [INFO] - [DEBUG] Current view: Posterior
2025-09-10 01:14:56 - [INFO] - [CACHE DEBUG] use_cache=False
2025-09-10 01:14:56 - [INFO] - [CACHE DEBUG] has_adjustments=False (B=0.00, C=1.00)
2025-09-10 01:14:56 - [INFO] - [CACHE DEBUG] has_overrides=False (override_b=None, override_c=None)
2025-09-10 01:14:56 - [INFO] - [CACHE DEBUG] invert_original=True
2025-09-10 01:14:56 - [INFO] - [CACHE SKIP] Skipping cache due to adjustments/overrides/invert
2025-09-10 01:14:56 - [INFO] - [DEBUG] Path extraction: session=ATL, patient=5003, study_date=input.dcm
2025-09-10 01:14:56 - [INFO] - [DEBUG] Extracted patient info - ID: 5003, Session: ATL
2025-09-10 01:14:56 - [INFO] - [DEBUG] Original path: F:\projek dosen\prototype riset\hotspot-analyzer\data\PLANAR\ATL\5003\input.dcm
2025-09-10 01:14:56 - [INFO] - [WARN] Study date folder does not exist: F:\projek dosen\prototype riset\hotspot-analyzer\data\PLANAR\ATL\5003\20250809
2025-09-10 01:14:56 - [INFO] - [DEBUG] Fallback to DICOM parent: F:\projek dosen\prototype riset\hotspot-analyzer\data\PLANAR\ATL\5003
2025-09-10 01:14:56 - [INFO] - [DEBUG] Study date: 20250809
2025-09-10 01:14:56 - [INFO] - [DEBUG] Patient ID: 5003
2025-09-10 01:14:56 - [INFO] - [DEBUG] Session code: ATL
2025-09-10 01:14:56 - [INFO] - [DEBUG] Study date folder: F:\projek dosen\prototype riset\hotspot-analyzer\data\PLANAR\ATL\5003
2025-09-10 01:14:56 - [INFO] - [DEBUG] Loading original image for Posterior
2025-09-10 01:14:56 - [INFO] - [DEBUG] Looking for original PNG in study_date dir: F:\projek dosen\prototype riset\hotspot-analyzer\data\PLANAR\ATL\5003\post_original.png
2025-09-10 01:14:56 - [DEBUG] - STREAM b'IHDR' 16 13
2025-09-10 01:14:56 - [DEBUG] - STREAM b'IDAT' 41 60808
2025-09-10 01:14:56 - [INFO] - [DEBUG] Loaded original PNG from study_date dir: (256, 1024)
2025-09-10 01:14:56 - [INFO] - [DEBUG] Original image loaded: (256, 1024)
2025-09-10 01:14:56 - [INFO] - [DEBUG] Applying invert to original image
2025-09-10 01:14:56 - [INFO] - [DEBUG] simple_invert_pil_image: Processing L image, size = (256, 1024)
2025-09-10 01:14:56 - [INFO] - [DEBUG] simple_invert_image: input shape = (1024, 256), dtype = uint8
2025-09-10 01:14:56 - [INFO] - [DEBUG] Simple inversion completed: [0-255] -> [0-255]
2025-09-10 01:14:56 - [INFO] - [DEBUG] simple_invert_pil_image: completed
2025-09-10 01:14:56 - [INFO] - [DEBUG] Using STORED B/C values: B=0.00, C=1.00
2025-09-10 01:14:56 - [INFO] - [DEBUG]   Image layer loaded and processed
2025-09-10 01:14:56 - [INFO] - [DEBUG] Loading segmentation layer for Posterior
2025-09-10 01:14:56 - [INFO] - [DEBUG] Looking for segmentation (NEWEST): F:\projek dosen\prototype riset\hotspot-analyzer\data\PLANAR\ATL\5003\post_segm.png
2025-09-10 01:14:56 - [DEBUG] - STREAM b'IHDR' 16 13
2025-09-10 01:14:56 - [DEBUG] - STREAM b'IDAT' 41 6639
2025-09-10 01:14:56 - [INFO] - [DEBUG]   Loaded segmentation with transparency: F:\projek dosen\prototype riset\hotspot-analyzer\data\PLANAR\ATL\5003\post_segm.png
2025-09-10 01:14:56 - [INFO] - [DEBUG] Segmentation type: ORIGINAL
2025-09-10 01:14:56 - [INFO] - [DEBUG] Loading hotspot layer for Posterior
2025-09-10 01:14:56 - [INFO] - [DEBUG] Looking for hotspot classification (NEWEST): F:\projek dosen\prototype riset\hotspot-analyzer\data\PLANAR\ATL\5003\post_hotspot_classification.png
2025-09-10 01:14:56 - [INFO] - [DEBUG] No hotspot classification found: F:\projek dosen\prototype riset\hotspot-analyzer\data\PLANAR\ATL\5003\post_hotspot_classification.png
2025-09-10 01:14:56 - [INFO] - [DEBUG] Loading bbox layer for Posterior
2025-09-10 01:14:56 - [INFO] - [DEBUG] Looking for classification XML (NEWEST): F:\projek dosen\prototype riset\hotspot-analyzer\data\PLANAR\ATL\5003\post_hotspot_classification.xml
2025-09-10 01:14:56 - [INFO] - [DEBUG] No classification XML found: F:\projek dosen\prototype riset\hotspot-analyzer\data\PLANAR\ATL\5003\post_hotspot_classification.xml
2025-09-10 01:14:56 - [INFO] - [CACHE STORE] Not caching due to adjustments/overrides/invert
2025-09-10 01:14:56 - [INFO] - [DEBUG]   Loaded 2 layers for Posterior: ['Image', 'Segmentation']
2025-09-10 01:14:56 - [INFO] - [DEBUG] Available CLASSIFICATION layers in files: ['Image', 'Segmentation']
2025-09-10 01:14:56 - [INFO] - [SMART UPDATE] State updated - Type: full
2025-09-10 01:14:56 - [INFO] - [SMART UPDATE] State updated - Type: rebuild
2025-09-10 01:14:56 - [INFO] - [DEBUG] Set HotspotBBox opacity to 1.00
2025-09-10 01:14:56 - [INFO] - [SMART UPDATE] Change type: none
2025-09-10 01:14:56 - [INFO] - [SMART UPDATE] Using full rebuild for opacity change
2025-09-10 01:14:56 - [INFO] - [DEBUG] Rebuilding timeline for active scan index: 0
2025-09-10 01:14:56 - [INFO] - [DEBUG] Creating CLASSIFICATION card 0 for view: Anterior
2025-09-10 01:14:56 - [INFO] - [DEBUG] Active layers selected: []
2025-09-10 01:14:56 - [INFO] - [DEBUG] DICOM path: F:\projek dosen\prototype riset\hotspot-analyzer\data\PLANAR\ATL\5003\input.dcm
2025-09-10 01:14:56 - [INFO] - [DEBUG] Current view: Anterior
2025-09-10 01:14:56 - [INFO] - [CACHE DEBUG] use_cache=False
2025-09-10 01:14:56 - [INFO] - [CACHE DEBUG] has_adjustments=False (B=0.00, C=1.00)
2025-09-10 01:14:56 - [INFO] - [CACHE DEBUG] has_overrides=False (override_b=None, override_c=None)
2025-09-10 01:14:56 - [INFO] - [CACHE DEBUG] invert_original=True
2025-09-10 01:14:56 - [INFO] - [CACHE SKIP] Skipping cache due to adjustments/overrides/invert
2025-09-10 01:14:56 - [INFO] - [DEBUG] Path extraction: session=ATL, patient=5003, study_date=input.dcm
2025-09-10 01:14:56 - [INFO] - [DEBUG] Extracted patient info - ID: 5003, Session: ATL
2025-09-10 01:14:56 - [INFO] - [DEBUG] Original path: F:\projek dosen\prototype riset\hotspot-analyzer\data\PLANAR\ATL\5003\input.dcm
2025-09-10 01:14:56 - [INFO] - [WARN] Study date folder does not exist: F:\projek dosen\prototype riset\hotspot-analyzer\data\PLANAR\ATL\5003\20250809
2025-09-10 01:14:56 - [INFO] - [DEBUG] Fallback to DICOM parent: F:\projek dosen\prototype riset\hotspot-analyzer\data\PLANAR\ATL\5003
2025-09-10 01:14:56 - [INFO] - [DEBUG] Study date: 20250809
2025-09-10 01:14:56 - [INFO] - [DEBUG] Patient ID: 5003
2025-09-10 01:14:56 - [INFO] - [DEBUG] Session code: ATL
2025-09-10 01:14:56 - [INFO] - [DEBUG] Study date folder: F:\projek dosen\prototype riset\hotspot-analyzer\data\PLANAR\ATL\5003
2025-09-10 01:14:56 - [INFO] - [DEBUG] Loading original image for Anterior
2025-09-10 01:14:56 - [INFO] - [DEBUG] Looking for original PNG in study_date dir: F:\projek dosen\prototype riset\hotspot-analyzer\data\PLANAR\ATL\5003\ant_original.png
2025-09-10 01:14:56 - [DEBUG] - STREAM b'IHDR' 16 13
2025-09-10 01:14:56 - [DEBUG] - STREAM b'IDAT' 41 60808
2025-09-10 01:14:56 - [INFO] - [DEBUG] Loaded original PNG from study_date dir: (256, 1024)
2025-09-10 01:14:56 - [INFO] - [DEBUG] Original image loaded: (256, 1024)
2025-09-10 01:14:56 - [INFO] - [DEBUG] Applying invert to original image
2025-09-10 01:14:56 - [INFO] - [DEBUG] simple_invert_pil_image: Processing L image, size = (256, 1024)
2025-09-10 01:14:56 - [INFO] - [DEBUG] simple_invert_image: input shape = (1024, 256), dtype = uint8
2025-09-10 01:14:56 - [INFO] - [DEBUG] Simple inversion completed: [0-255] -> [0-255]
2025-09-10 01:14:56 - [INFO] - [DEBUG] simple_invert_pil_image: completed
2025-09-10 01:14:56 - [INFO] - [DEBUG] Using STORED B/C values: B=0.00, C=1.00
2025-09-10 01:14:56 - [INFO] - [DEBUG]   Image layer loaded and processed
2025-09-10 01:14:56 - [INFO] - [DEBUG] Loading segmentation layer for Anterior
2025-09-10 01:14:56 - [INFO] - [DEBUG] Looking for segmentation (NEWEST): F:\projek dosen\prototype riset\hotspot-analyzer\data\PLANAR\ATL\5003\ant_segm.png
2025-09-10 01:14:56 - [DEBUG] - STREAM b'IHDR' 16 13
2025-09-10 01:14:56 - [DEBUG] - STREAM b'IDAT' 41 6639
2025-09-10 01:14:56 - [INFO] - [DEBUG]   Loaded segmentation with transparency: F:\projek dosen\prototype riset\hotspot-analyzer\data\PLANAR\ATL\5003\ant_segm.png
2025-09-10 01:14:56 - [INFO] - [DEBUG] Segmentation type: ORIGINAL
2025-09-10 01:14:56 - [INFO] - [DEBUG] Loading hotspot layer for Anterior
2025-09-10 01:14:56 - [INFO] - [DEBUG] Looking for hotspot classification (NEWEST): F:\projek dosen\prototype riset\hotspot-analyzer\data\PLANAR\ATL\5003\ant_hotspot_classification.png
2025-09-10 01:14:56 - [INFO] - [DEBUG] No hotspot classification found: F:\projek dosen\prototype riset\hotspot-analyzer\data\PLANAR\ATL\5003\ant_hotspot_classification.png
2025-09-10 01:14:56 - [INFO] - [DEBUG] Loading bbox layer for Anterior
2025-09-10 01:14:56 - [INFO] - [DEBUG] Looking for classification XML (NEWEST): F:\projek dosen\prototype riset\hotspot-analyzer\data\PLANAR\ATL\5003\ant_hotspot_classification.xml
2025-09-10 01:14:56 - [INFO] - [DEBUG] No classification XML found: F:\projek dosen\prototype riset\hotspot-analyzer\data\PLANAR\ATL\5003\ant_hotspot_classification.xml
2025-09-10 01:14:56 - [INFO] - [CACHE STORE] Not caching due to adjustments/overrides/invert
2025-09-10 01:14:56 - [INFO] - [DEBUG]   Loaded 2 layers for Anterior: ['Image', 'Segmentation']
2025-09-10 01:14:56 - [INFO] - [DEBUG] Available CLASSIFICATION layers in files: ['Image', 'Segmentation']
2025-09-10 01:14:56 - [INFO] - [DEBUG] Creating CLASSIFICATION card 0 for view: Posterior
2025-09-10 01:14:56 - [INFO] - [DEBUG] Active layers selected: []
2025-09-10 01:14:56 - [INFO] - [DEBUG] DICOM path: F:\projek dosen\prototype riset\hotspot-analyzer\data\PLANAR\ATL\5003\input.dcm
2025-09-10 01:14:56 - [INFO] - [DEBUG] Current view: Posterior
2025-09-10 01:14:56 - [INFO] - [CACHE DEBUG] use_cache=False
2025-09-10 01:14:56 - [INFO] - [CACHE DEBUG] has_adjustments=False (B=0.00, C=1.00)
2025-09-10 01:14:56 - [INFO] - [CACHE DEBUG] has_overrides=False (override_b=None, override_c=None)
2025-09-10 01:14:56 - [INFO] - [CACHE DEBUG] invert_original=True
2025-09-10 01:14:56 - [INFO] - [CACHE SKIP] Skipping cache due to adjustments/overrides/invert
2025-09-10 01:14:56 - [INFO] - [DEBUG] Path extraction: session=ATL, patient=5003, study_date=input.dcm
2025-09-10 01:14:56 - [INFO] - [DEBUG] Extracted patient info - ID: 5003, Session: ATL
2025-09-10 01:14:56 - [INFO] - [DEBUG] Original path: F:\projek dosen\prototype riset\hotspot-analyzer\data\PLANAR\ATL\5003\input.dcm
2025-09-10 01:14:56 - [INFO] - [WARN] Study date folder does not exist: F:\projek dosen\prototype riset\hotspot-analyzer\data\PLANAR\ATL\5003\20250809
2025-09-10 01:14:56 - [INFO] - [DEBUG] Fallback to DICOM parent: F:\projek dosen\prototype riset\hotspot-analyzer\data\PLANAR\ATL\5003
2025-09-10 01:14:56 - [INFO] - [DEBUG] Study date: 20250809
2025-09-10 01:14:56 - [INFO] - [DEBUG] Patient ID: 5003
2025-09-10 01:14:56 - [INFO] - [DEBUG] Session code: ATL
2025-09-10 01:14:56 - [INFO] - [DEBUG] Study date folder: F:\projek dosen\prototype riset\hotspot-analyzer\data\PLANAR\ATL\5003
2025-09-10 01:14:56 - [INFO] - [DEBUG] Loading original image for Posterior
2025-09-10 01:14:56 - [INFO] - [DEBUG] Looking for original PNG in study_date dir: F:\projek dosen\prototype riset\hotspot-analyzer\data\PLANAR\ATL\5003\post_original.png
2025-09-10 01:14:56 - [DEBUG] - STREAM b'IHDR' 16 13
2025-09-10 01:14:56 - [DEBUG] - STREAM b'IDAT' 41 60808
2025-09-10 01:14:56 - [INFO] - [DEBUG] Loaded original PNG from study_date dir: (256, 1024)
2025-09-10 01:14:56 - [INFO] - [DEBUG] Original image loaded: (256, 1024)
2025-09-10 01:14:56 - [INFO] - [DEBUG] Applying invert to original image
2025-09-10 01:14:56 - [INFO] - [DEBUG] simple_invert_pil_image: Processing L image, size = (256, 1024)
2025-09-10 01:14:56 - [INFO] - [DEBUG] simple_invert_image: input shape = (1024, 256), dtype = uint8
2025-09-10 01:14:56 - [INFO] - [DEBUG] Simple inversion completed: [0-255] -> [0-255]
2025-09-10 01:14:56 - [INFO] - [DEBUG] simple_invert_pil_image: completed
2025-09-10 01:14:56 - [INFO] - [DEBUG] Using STORED B/C values: B=0.00, C=1.00
2025-09-10 01:14:56 - [INFO] - [DEBUG]   Image layer loaded and processed
2025-09-10 01:14:56 - [INFO] - [DEBUG] Loading segmentation layer for Posterior
2025-09-10 01:14:56 - [INFO] - [DEBUG] Looking for segmentation (NEWEST): F:\projek dosen\prototype riset\hotspot-analyzer\data\PLANAR\ATL\5003\post_segm.png
2025-09-10 01:14:56 - [DEBUG] - STREAM b'IHDR' 16 13
2025-09-10 01:14:56 - [DEBUG] - STREAM b'IDAT' 41 6639
2025-09-10 01:14:56 - [INFO] - [DEBUG]   Loaded segmentation with transparency: F:\projek dosen\prototype riset\hotspot-analyzer\data\PLANAR\ATL\5003\post_segm.png
2025-09-10 01:14:56 - [INFO] - [DEBUG] Segmentation type: ORIGINAL
2025-09-10 01:14:56 - [INFO] - [DEBUG] Loading hotspot layer for Posterior
2025-09-10 01:14:56 - [INFO] - [DEBUG] Looking for hotspot classification (NEWEST): F:\projek dosen\prototype riset\hotspot-analyzer\data\PLANAR\ATL\5003\post_hotspot_classification.png
2025-09-10 01:14:56 - [INFO] - [DEBUG] No hotspot classification found: F:\projek dosen\prototype riset\hotspot-analyzer\data\PLANAR\ATL\5003\post_hotspot_classification.png
2025-09-10 01:14:56 - [INFO] - [DEBUG] Loading bbox layer for Posterior
2025-09-10 01:14:56 - [INFO] - [DEBUG] Looking for classification XML (NEWEST): F:\projek dosen\prototype riset\hotspot-analyzer\data\PLANAR\ATL\5003\post_hotspot_classification.xml
2025-09-10 01:14:56 - [INFO] - [DEBUG] No classification XML found: F:\projek dosen\prototype riset\hotspot-analyzer\data\PLANAR\ATL\5003\post_hotspot_classification.xml
2025-09-10 01:14:56 - [INFO] - [CACHE STORE] Not caching due to adjustments/overrides/invert
2025-09-10 01:14:56 - [INFO] - [DEBUG]   Loaded 2 layers for Posterior: ['Image', 'Segmentation']
2025-09-10 01:14:56 - [INFO] - [DEBUG] Available CLASSIFICATION layers in files: ['Image', 'Segmentation']
2025-09-10 01:14:56 - [INFO] - [SMART UPDATE] State updated - Type: full
2025-09-10 01:14:56 - [INFO] - [SMART UPDATE] State updated - Type: rebuild
2025-09-10 01:14:56 - [INFO] - [DEBUG] Setting default layers: 'Image' checkbox should now be ON.
2025-09-10 01:14:56 - [INFO] - [DEBUG] Checkbox Image toggled: True
2025-09-10 01:14:56 - [INFO] - [DEBUG] Active layers: ['Image']
2025-09-10 01:14:56 - [INFO] - [DEBUG] Layers changed to: ['Image']
2025-09-10 01:14:56 - [INFO] - [SMART UPDATE] Change type: layers
2025-09-10 01:14:56 - [INFO] - [SMART UPDATE] Layers added: ['Image']
2025-09-10 01:14:56 - [INFO] - [DEBUG] Timeline active layers set to: ['Image']
2025-09-10 01:14:56 - [INFO] - [SMART UPDATE] Full rebuild required for change type: layers
2025-09-10 01:14:56 - [INFO] - [DEBUG] Rebuilding timeline for active scan index: 0
2025-09-10 01:14:56 - [INFO] - [DEBUG] Creating CLASSIFICATION card 0 for view: Anterior
2025-09-10 01:14:56 - [INFO] - [DEBUG] Active layers selected: ['Image']
2025-09-10 01:14:56 - [INFO] - [DEBUG] DICOM path: F:\projek dosen\prototype riset\hotspot-analyzer\data\PLANAR\ATL\5003\input.dcm
2025-09-10 01:14:56 - [INFO] - [DEBUG] Current view: Anterior
2025-09-10 01:14:56 - [INFO] - [CACHE DEBUG] use_cache=False
2025-09-10 01:14:56 - [INFO] - [CACHE DEBUG] has_adjustments=False (B=0.00, C=1.00)
2025-09-10 01:14:56 - [INFO] - [CACHE DEBUG] has_overrides=False (override_b=None, override_c=None)
2025-09-10 01:14:56 - [INFO] - [CACHE DEBUG] invert_original=True
2025-09-10 01:14:56 - [INFO] - [CACHE SKIP] Skipping cache due to adjustments/overrides/invert
2025-09-10 01:14:56 - [INFO] - [DEBUG] Path extraction: session=ATL, patient=5003, study_date=input.dcm
2025-09-10 01:14:56 - [INFO] - [DEBUG] Extracted patient info - ID: 5003, Session: ATL
2025-09-10 01:14:56 - [INFO] - [DEBUG] Original path: F:\projek dosen\prototype riset\hotspot-analyzer\data\PLANAR\ATL\5003\input.dcm
2025-09-10 01:14:56 - [INFO] - [WARN] Study date folder does not exist: F:\projek dosen\prototype riset\hotspot-analyzer\data\PLANAR\ATL\5003\20250809
2025-09-10 01:14:56 - [INFO] - [DEBUG] Fallback to DICOM parent: F:\projek dosen\prototype riset\hotspot-analyzer\data\PLANAR\ATL\5003
2025-09-10 01:14:56 - [INFO] - [DEBUG] Study date: 20250809
2025-09-10 01:14:56 - [INFO] - [DEBUG] Patient ID: 5003
2025-09-10 01:14:56 - [INFO] - [DEBUG] Session code: ATL
2025-09-10 01:14:56 - [INFO] - [DEBUG] Study date folder: F:\projek dosen\prototype riset\hotspot-analyzer\data\PLANAR\ATL\5003
2025-09-10 01:14:56 - [INFO] - [DEBUG] Loading original image for Anterior
2025-09-10 01:14:56 - [INFO] - [DEBUG] Looking for original PNG in study_date dir: F:\projek dosen\prototype riset\hotspot-analyzer\data\PLANAR\ATL\5003\ant_original.png
2025-09-10 01:14:56 - [DEBUG] - STREAM b'IHDR' 16 13
2025-09-10 01:14:56 - [DEBUG] - STREAM b'IDAT' 41 60808
2025-09-10 01:14:56 - [INFO] - [DEBUG] Loaded original PNG from study_date dir: (256, 1024)
2025-09-10 01:14:56 - [INFO] - [DEBUG] Original image loaded: (256, 1024)
2025-09-10 01:14:56 - [INFO] - [DEBUG] Applying invert to original image
2025-09-10 01:14:56 - [INFO] - [DEBUG] simple_invert_pil_image: Processing L image, size = (256, 1024)
2025-09-10 01:14:56 - [INFO] - [DEBUG] simple_invert_image: input shape = (1024, 256), dtype = uint8
2025-09-10 01:14:56 - [INFO] - [DEBUG] Simple inversion completed: [0-255] -> [0-255]
2025-09-10 01:14:56 - [INFO] - [DEBUG] simple_invert_pil_image: completed
2025-09-10 01:14:56 - [INFO] - [DEBUG] Using STORED B/C values: B=0.00, C=1.00
2025-09-10 01:14:56 - [INFO] - [DEBUG]   Image layer loaded and processed
2025-09-10 01:14:56 - [INFO] - [DEBUG] Loading segmentation layer for Anterior
2025-09-10 01:14:56 - [INFO] - [DEBUG] Looking for segmentation (NEWEST): F:\projek dosen\prototype riset\hotspot-analyzer\data\PLANAR\ATL\5003\ant_segm.png
2025-09-10 01:14:56 - [DEBUG] - STREAM b'IHDR' 16 13
2025-09-10 01:14:56 - [DEBUG] - STREAM b'IDAT' 41 6639
2025-09-10 01:14:56 - [INFO] - [DEBUG]   Loaded segmentation with transparency: F:\projek dosen\prototype riset\hotspot-analyzer\data\PLANAR\ATL\5003\ant_segm.png
2025-09-10 01:14:56 - [INFO] - [DEBUG] Segmentation type: ORIGINAL
2025-09-10 01:14:56 - [INFO] - [DEBUG] Loading hotspot layer for Anterior
2025-09-10 01:14:56 - [INFO] - [DEBUG] Looking for hotspot classification (NEWEST): F:\projek dosen\prototype riset\hotspot-analyzer\data\PLANAR\ATL\5003\ant_hotspot_classification.png
2025-09-10 01:14:56 - [INFO] - [DEBUG] No hotspot classification found: F:\projek dosen\prototype riset\hotspot-analyzer\data\PLANAR\ATL\5003\ant_hotspot_classification.png
2025-09-10 01:14:56 - [INFO] - [DEBUG] Loading bbox layer for Anterior
2025-09-10 01:14:56 - [INFO] - [DEBUG] Looking for classification XML (NEWEST): F:\projek dosen\prototype riset\hotspot-analyzer\data\PLANAR\ATL\5003\ant_hotspot_classification.xml
2025-09-10 01:14:56 - [INFO] - [DEBUG] No classification XML found: F:\projek dosen\prototype riset\hotspot-analyzer\data\PLANAR\ATL\5003\ant_hotspot_classification.xml
2025-09-10 01:14:56 - [INFO] - [CACHE STORE] Not caching due to adjustments/overrides/invert
2025-09-10 01:14:56 - [INFO] - [DEBUG]   Loaded 2 layers for Anterior: ['Image', 'Segmentation']
2025-09-10 01:14:56 - [INFO] - [DEBUG] Available CLASSIFICATION layers in files: ['Image', 'Segmentation']
2025-09-10 01:14:56 - [INFO] - [DEBUG]   Added CLASSIFICATION Image to card 0 (opacity: 1.00)
2025-09-10 01:14:56 - [INFO] - [DEBUG]   CLASSIFICATION card 0 composite created with layers: ['Image']
2025-09-10 01:14:56 - [INFO] - [DEBUG] Creating CLASSIFICATION card 0 for view: Posterior
2025-09-10 01:14:56 - [INFO] - [DEBUG] Active layers selected: ['Image']
2025-09-10 01:14:56 - [INFO] - [DEBUG] DICOM path: F:\projek dosen\prototype riset\hotspot-analyzer\data\PLANAR\ATL\5003\input.dcm
2025-09-10 01:14:56 - [INFO] - [DEBUG] Current view: Posterior
2025-09-10 01:14:56 - [INFO] - [CACHE DEBUG] use_cache=False
2025-09-10 01:14:56 - [INFO] - [CACHE DEBUG] has_adjustments=False (B=0.00, C=1.00)
2025-09-10 01:14:56 - [INFO] - [CACHE DEBUG] has_overrides=False (override_b=None, override_c=None)
2025-09-10 01:14:56 - [INFO] - [CACHE DEBUG] invert_original=True
2025-09-10 01:14:56 - [INFO] - [CACHE SKIP] Skipping cache due to adjustments/overrides/invert
2025-09-10 01:14:56 - [INFO] - [DEBUG] Path extraction: session=ATL, patient=5003, study_date=input.dcm
2025-09-10 01:14:56 - [INFO] - [DEBUG] Extracted patient info - ID: 5003, Session: ATL
2025-09-10 01:14:56 - [INFO] - [DEBUG] Original path: F:\projek dosen\prototype riset\hotspot-analyzer\data\PLANAR\ATL\5003\input.dcm
2025-09-10 01:14:56 - [INFO] - [WARN] Study date folder does not exist: F:\projek dosen\prototype riset\hotspot-analyzer\data\PLANAR\ATL\5003\20250809
2025-09-10 01:14:56 - [INFO] - [DEBUG] Fallback to DICOM parent: F:\projek dosen\prototype riset\hotspot-analyzer\data\PLANAR\ATL\5003
2025-09-10 01:14:56 - [INFO] - [DEBUG] Study date: 20250809
2025-09-10 01:14:56 - [INFO] - [DEBUG] Patient ID: 5003
2025-09-10 01:14:56 - [INFO] - [DEBUG] Session code: ATL
2025-09-10 01:14:56 - [INFO] - [DEBUG] Study date folder: F:\projek dosen\prototype riset\hotspot-analyzer\data\PLANAR\ATL\5003
2025-09-10 01:14:56 - [INFO] - [DEBUG] Loading original image for Posterior
2025-09-10 01:14:56 - [INFO] - [DEBUG] Looking for original PNG in study_date dir: F:\projek dosen\prototype riset\hotspot-analyzer\data\PLANAR\ATL\5003\post_original.png
2025-09-10 01:14:56 - [DEBUG] - STREAM b'IHDR' 16 13
2025-09-10 01:14:56 - [DEBUG] - STREAM b'IDAT' 41 60808
2025-09-10 01:14:56 - [INFO] - [DEBUG] Loaded original PNG from study_date dir: (256, 1024)
2025-09-10 01:14:56 - [INFO] - [DEBUG] Original image loaded: (256, 1024)
2025-09-10 01:14:56 - [INFO] - [DEBUG] Applying invert to original image
2025-09-10 01:14:56 - [INFO] - [DEBUG] simple_invert_pil_image: Processing L image, size = (256, 1024)
2025-09-10 01:14:56 - [INFO] - [DEBUG] simple_invert_image: input shape = (1024, 256), dtype = uint8
2025-09-10 01:14:56 - [INFO] - [DEBUG] Simple inversion completed: [0-255] -> [0-255]
2025-09-10 01:14:56 - [INFO] - [DEBUG] simple_invert_pil_image: completed
2025-09-10 01:14:56 - [INFO] - [DEBUG] Using STORED B/C values: B=0.00, C=1.00
2025-09-10 01:14:56 - [INFO] - [DEBUG]   Image layer loaded and processed
2025-09-10 01:14:56 - [INFO] - [DEBUG] Loading segmentation layer for Posterior
2025-09-10 01:14:56 - [INFO] - [DEBUG] Looking for segmentation (NEWEST): F:\projek dosen\prototype riset\hotspot-analyzer\data\PLANAR\ATL\5003\post_segm.png
2025-09-10 01:14:56 - [DEBUG] - STREAM b'IHDR' 16 13
2025-09-10 01:14:56 - [DEBUG] - STREAM b'IDAT' 41 6639
2025-09-10 01:14:56 - [INFO] - [DEBUG]   Loaded segmentation with transparency: F:\projek dosen\prototype riset\hotspot-analyzer\data\PLANAR\ATL\5003\post_segm.png
2025-09-10 01:14:56 - [INFO] - [DEBUG] Segmentation type: ORIGINAL
2025-09-10 01:14:56 - [INFO] - [DEBUG] Loading hotspot layer for Posterior
2025-09-10 01:14:56 - [INFO] - [DEBUG] Looking for hotspot classification (NEWEST): F:\projek dosen\prototype riset\hotspot-analyzer\data\PLANAR\ATL\5003\post_hotspot_classification.png
2025-09-10 01:14:56 - [INFO] - [DEBUG] No hotspot classification found: F:\projek dosen\prototype riset\hotspot-analyzer\data\PLANAR\ATL\5003\post_hotspot_classification.png
2025-09-10 01:14:56 - [INFO] - [DEBUG] Loading bbox layer for Posterior
2025-09-10 01:14:56 - [INFO] - [DEBUG] Looking for classification XML (NEWEST): F:\projek dosen\prototype riset\hotspot-analyzer\data\PLANAR\ATL\5003\post_hotspot_classification.xml
2025-09-10 01:14:56 - [INFO] - [DEBUG] No classification XML found: F:\projek dosen\prototype riset\hotspot-analyzer\data\PLANAR\ATL\5003\post_hotspot_classification.xml
2025-09-10 01:14:56 - [INFO] - [CACHE STORE] Not caching due to adjustments/overrides/invert
2025-09-10 01:14:56 - [INFO] - [DEBUG]   Loaded 2 layers for Posterior: ['Image', 'Segmentation']
2025-09-10 01:14:56 - [INFO] - [DEBUG] Available CLASSIFICATION layers in files: ['Image', 'Segmentation']
2025-09-10 01:14:56 - [INFO] - [DEBUG]   Added CLASSIFICATION Image to card 0 (opacity: 1.00)
2025-09-10 01:14:56 - [INFO] - [DEBUG]   CLASSIFICATION card 0 composite created with layers: ['Image']
2025-09-10 01:14:56 - [INFO] - [SMART UPDATE] State updated - Type: full
2025-09-10 01:14:56 - [INFO] - [SMART UPDATE] State updated - Type: layers
2025-09-10 01:14:56 - [INFO] - [DEBUG] Path extraction: session=ATL, patient=5003, study_date=input.dcm
2025-09-10 01:14:56 - [INFO] - [DEBUG] Extracted patient info - ID: 5003, Session: ATL
2025-09-10 01:14:56 - [INFO] - [DEBUG] Original path: F:\projek dosen\prototype riset\hotspot-analyzer\data\PLANAR\ATL\5003\input.dcm
2025-09-10 01:14:56 - [INFO] - [EDIT BUTTONS] Has scan: True, Has seg data: True, Can edit hotspot: True
2025-09-10 01:14:56 - [INFO] - [EDIT BUTTONS] Seg button enabled: True, Hotspot button enabled: True
2025-09-10 01:14:56 - [INFO] - [DEBUG] All data loaded. Total scans: 1
2025-09-10 01:14:56 - [INFO] - [DEBUG] Layers changed to: []
2025-09-10 01:14:56 - [INFO] - [SMART UPDATE] Change type: layers
2025-09-10 01:14:56 - [INFO] - [SMART UPDATE] Layers removed: ['Image']
2025-09-10 01:14:56 - [INFO] - [DEBUG] Timeline active layers set to: []
2025-09-10 01:14:56 - [INFO] - [SMART UPDATE] Full rebuild required for change type: layers
2025-09-10 01:14:56 - [INFO] - [DEBUG] Rebuilding timeline for active scan index: 0
2025-09-10 01:14:56 - [INFO] - [DEBUG] Creating CLASSIFICATION card 0 for view: Anterior
2025-09-10 01:14:56 - [INFO] - [DEBUG] Active layers selected: []
2025-09-10 01:14:56 - [INFO] - [DEBUG] DICOM path: F:\projek dosen\prototype riset\hotspot-analyzer\data\PLANAR\ATL\5003\input.dcm
2025-09-10 01:14:56 - [INFO] - [DEBUG] Current view: Anterior
2025-09-10 01:14:56 - [INFO] - [CACHE DEBUG] use_cache=False
2025-09-10 01:14:56 - [INFO] - [CACHE DEBUG] has_adjustments=False (B=0.00, C=1.00)
2025-09-10 01:14:56 - [INFO] - [CACHE DEBUG] has_overrides=False (override_b=None, override_c=None)
2025-09-10 01:14:56 - [INFO] - [CACHE DEBUG] invert_original=True
2025-09-10 01:14:56 - [INFO] - [CACHE SKIP] Skipping cache due to adjustments/overrides/invert
2025-09-10 01:14:56 - [INFO] - [DEBUG] Path extraction: session=ATL, patient=5003, study_date=input.dcm
2025-09-10 01:14:56 - [INFO] - [DEBUG] Extracted patient info - ID: 5003, Session: ATL
2025-09-10 01:14:56 - [INFO] - [DEBUG] Original path: F:\projek dosen\prototype riset\hotspot-analyzer\data\PLANAR\ATL\5003\input.dcm
2025-09-10 01:14:56 - [INFO] - [WARN] Study date folder does not exist: F:\projek dosen\prototype riset\hotspot-analyzer\data\PLANAR\ATL\5003\20250809
2025-09-10 01:14:56 - [INFO] - [DEBUG] Fallback to DICOM parent: F:\projek dosen\prototype riset\hotspot-analyzer\data\PLANAR\ATL\5003
2025-09-10 01:14:56 - [INFO] - [DEBUG] Study date: 20250809
2025-09-10 01:14:56 - [INFO] - [DEBUG] Patient ID: 5003
2025-09-10 01:14:56 - [INFO] - [DEBUG] Session code: ATL
2025-09-10 01:14:56 - [INFO] - [DEBUG] Study date folder: F:\projek dosen\prototype riset\hotspot-analyzer\data\PLANAR\ATL\5003
2025-09-10 01:14:56 - [INFO] - [DEBUG] Loading original image for Anterior
2025-09-10 01:14:56 - [INFO] - [DEBUG] Looking for original PNG in study_date dir: F:\projek dosen\prototype riset\hotspot-analyzer\data\PLANAR\ATL\5003\ant_original.png
2025-09-10 01:14:56 - [DEBUG] - STREAM b'IHDR' 16 13
2025-09-10 01:14:56 - [DEBUG] - STREAM b'IDAT' 41 60808
2025-09-10 01:14:56 - [INFO] - [DEBUG] Loaded original PNG from study_date dir: (256, 1024)
2025-09-10 01:14:56 - [INFO] - [DEBUG] Original image loaded: (256, 1024)
2025-09-10 01:14:56 - [INFO] - [DEBUG] Applying invert to original image
2025-09-10 01:14:56 - [INFO] - [DEBUG] simple_invert_pil_image: Processing L image, size = (256, 1024)
2025-09-10 01:14:56 - [INFO] - [DEBUG] simple_invert_image: input shape = (1024, 256), dtype = uint8
2025-09-10 01:14:56 - [INFO] - [DEBUG] Simple inversion completed: [0-255] -> [0-255]
2025-09-10 01:14:56 - [INFO] - [DEBUG] simple_invert_pil_image: completed
2025-09-10 01:14:56 - [INFO] - [DEBUG] Using STORED B/C values: B=0.00, C=1.00
2025-09-10 01:14:56 - [INFO] - [DEBUG]   Image layer loaded and processed
2025-09-10 01:14:56 - [INFO] - [DEBUG] Loading segmentation layer for Anterior
2025-09-10 01:14:56 - [INFO] - [DEBUG] Looking for segmentation (NEWEST): F:\projek dosen\prototype riset\hotspot-analyzer\data\PLANAR\ATL\5003\ant_segm.png
2025-09-10 01:14:56 - [DEBUG] - STREAM b'IHDR' 16 13
2025-09-10 01:14:56 - [DEBUG] - STREAM b'IDAT' 41 6639
2025-09-10 01:14:56 - [INFO] - [DEBUG]   Loaded segmentation with transparency: F:\projek dosen\prototype riset\hotspot-analyzer\data\PLANAR\ATL\5003\ant_segm.png
2025-09-10 01:14:56 - [INFO] - [DEBUG] Segmentation type: ORIGINAL
2025-09-10 01:14:56 - [INFO] - [DEBUG] Loading hotspot layer for Anterior
2025-09-10 01:14:56 - [INFO] - [DEBUG] Looking for hotspot classification (NEWEST): F:\projek dosen\prototype riset\hotspot-analyzer\data\PLANAR\ATL\5003\ant_hotspot_classification.png
2025-09-10 01:14:56 - [INFO] - [DEBUG] No hotspot classification found: F:\projek dosen\prototype riset\hotspot-analyzer\data\PLANAR\ATL\5003\ant_hotspot_classification.png
2025-09-10 01:14:56 - [INFO] - [DEBUG] Loading bbox layer for Anterior
2025-09-10 01:14:56 - [INFO] - [DEBUG] Looking for classification XML (NEWEST): F:\projek dosen\prototype riset\hotspot-analyzer\data\PLANAR\ATL\5003\ant_hotspot_classification.xml
2025-09-10 01:14:56 - [INFO] - [DEBUG] No classification XML found: F:\projek dosen\prototype riset\hotspot-analyzer\data\PLANAR\ATL\5003\ant_hotspot_classification.xml
2025-09-10 01:14:56 - [INFO] - [CACHE STORE] Not caching due to adjustments/overrides/invert
2025-09-10 01:14:56 - [INFO] - [DEBUG]   Loaded 2 layers for Anterior: ['Image', 'Segmentation']
2025-09-10 01:14:56 - [INFO] - [DEBUG] Available CLASSIFICATION layers in files: ['Image', 'Segmentation']
2025-09-10 01:14:56 - [INFO] - [DEBUG] Creating CLASSIFICATION card 0 for view: Posterior
2025-09-10 01:14:56 - [INFO] - [DEBUG] Active layers selected: []
2025-09-10 01:14:56 - [INFO] - [DEBUG] DICOM path: F:\projek dosen\prototype riset\hotspot-analyzer\data\PLANAR\ATL\5003\input.dcm
2025-09-10 01:14:56 - [INFO] - [DEBUG] Current view: Posterior
2025-09-10 01:14:56 - [INFO] - [CACHE DEBUG] use_cache=False
2025-09-10 01:14:56 - [INFO] - [CACHE DEBUG] has_adjustments=False (B=0.00, C=1.00)
2025-09-10 01:14:56 - [INFO] - [CACHE DEBUG] has_overrides=False (override_b=None, override_c=None)
2025-09-10 01:14:56 - [INFO] - [CACHE DEBUG] invert_original=True
2025-09-10 01:14:56 - [INFO] - [CACHE SKIP] Skipping cache due to adjustments/overrides/invert
2025-09-10 01:14:56 - [INFO] - [DEBUG] Path extraction: session=ATL, patient=5003, study_date=input.dcm
2025-09-10 01:14:56 - [INFO] - [DEBUG] Extracted patient info - ID: 5003, Session: ATL
2025-09-10 01:14:56 - [INFO] - [DEBUG] Original path: F:\projek dosen\prototype riset\hotspot-analyzer\data\PLANAR\ATL\5003\input.dcm
2025-09-10 01:14:56 - [INFO] - [WARN] Study date folder does not exist: F:\projek dosen\prototype riset\hotspot-analyzer\data\PLANAR\ATL\5003\20250809
2025-09-10 01:14:56 - [INFO] - [DEBUG] Fallback to DICOM parent: F:\projek dosen\prototype riset\hotspot-analyzer\data\PLANAR\ATL\5003
2025-09-10 01:14:56 - [INFO] - [DEBUG] Study date: 20250809
2025-09-10 01:14:56 - [INFO] - [DEBUG] Patient ID: 5003
2025-09-10 01:14:56 - [INFO] - [DEBUG] Session code: ATL
2025-09-10 01:14:56 - [INFO] - [DEBUG] Study date folder: F:\projek dosen\prototype riset\hotspot-analyzer\data\PLANAR\ATL\5003
2025-09-10 01:14:56 - [INFO] - [DEBUG] Loading original image for Posterior
2025-09-10 01:14:56 - [INFO] - [DEBUG] Looking for original PNG in study_date dir: F:\projek dosen\prototype riset\hotspot-analyzer\data\PLANAR\ATL\5003\post_original.png
2025-09-10 01:14:56 - [DEBUG] - STREAM b'IHDR' 16 13
2025-09-10 01:14:56 - [DEBUG] - STREAM b'IDAT' 41 60808
2025-09-10 01:14:56 - [INFO] - [DEBUG] Loaded original PNG from study_date dir: (256, 1024)
2025-09-10 01:14:56 - [INFO] - [DEBUG] Original image loaded: (256, 1024)
2025-09-10 01:14:56 - [INFO] - [DEBUG] Applying invert to original image
2025-09-10 01:14:56 - [INFO] - [DEBUG] simple_invert_pil_image: Processing L image, size = (256, 1024)
2025-09-10 01:14:56 - [INFO] - [DEBUG] simple_invert_image: input shape = (1024, 256), dtype = uint8
2025-09-10 01:14:56 - [INFO] - [DEBUG] Simple inversion completed: [0-255] -> [0-255]
2025-09-10 01:14:56 - [INFO] - [DEBUG] simple_invert_pil_image: completed
2025-09-10 01:14:56 - [INFO] - [DEBUG] Using STORED B/C values: B=0.00, C=1.00
2025-09-10 01:14:56 - [INFO] - [DEBUG]   Image layer loaded and processed
2025-09-10 01:14:56 - [INFO] - [DEBUG] Loading segmentation layer for Posterior
2025-09-10 01:14:56 - [INFO] - [DEBUG] Looking for segmentation (NEWEST): F:\projek dosen\prototype riset\hotspot-analyzer\data\PLANAR\ATL\5003\post_segm.png
2025-09-10 01:14:56 - [DEBUG] - STREAM b'IHDR' 16 13
2025-09-10 01:14:56 - [DEBUG] - STREAM b'IDAT' 41 6639
2025-09-10 01:14:56 - [INFO] - [DEBUG]   Loaded segmentation with transparency: F:\projek dosen\prototype riset\hotspot-analyzer\data\PLANAR\ATL\5003\post_segm.png
2025-09-10 01:14:56 - [INFO] - [DEBUG] Segmentation type: ORIGINAL
2025-09-10 01:14:56 - [INFO] - [DEBUG] Loading hotspot layer for Posterior
2025-09-10 01:14:56 - [INFO] - [DEBUG] Looking for hotspot classification (NEWEST): F:\projek dosen\prototype riset\hotspot-analyzer\data\PLANAR\ATL\5003\post_hotspot_classification.png
2025-09-10 01:14:56 - [INFO] - [DEBUG] No hotspot classification found: F:\projek dosen\prototype riset\hotspot-analyzer\data\PLANAR\ATL\5003\post_hotspot_classification.png
2025-09-10 01:14:56 - [INFO] - [DEBUG] Loading bbox layer for Posterior
2025-09-10 01:14:56 - [INFO] - [DEBUG] Looking for classification XML (NEWEST): F:\projek dosen\prototype riset\hotspot-analyzer\data\PLANAR\ATL\5003\post_hotspot_classification.xml
2025-09-10 01:14:56 - [INFO] - [DEBUG] No classification XML found: F:\projek dosen\prototype riset\hotspot-analyzer\data\PLANAR\ATL\5003\post_hotspot_classification.xml
2025-09-10 01:14:56 - [INFO] - [CACHE STORE] Not caching due to adjustments/overrides/invert
2025-09-10 01:14:56 - [INFO] - [DEBUG]   Loaded 2 layers for Posterior: ['Image', 'Segmentation']
2025-09-10 01:14:56 - [INFO] - [DEBUG] Available CLASSIFICATION layers in files: ['Image', 'Segmentation']
2025-09-10 01:14:56 - [INFO] - [SMART UPDATE] State updated - Type: full
2025-09-10 01:14:56 - [INFO] - [SMART UPDATE] State updated - Type: layers
2025-09-10 01:14:56 - [INFO] - [DEBUG] Path extraction: session=ATL, patient=5003, study_date=input.dcm
2025-09-10 01:14:56 - [INFO] - [DEBUG] Extracted patient info - ID: 5003, Session: ATL
2025-09-10 01:14:56 - [INFO] - [DEBUG] Original path: F:\projek dosen\prototype riset\hotspot-analyzer\data\PLANAR\ATL\5003\input.dcm
2025-09-10 01:14:56 - [INFO] - [EDIT BUTTONS] Has scan: True, Has seg data: True, Can edit hotspot: True
2025-09-10 01:14:56 - [INFO] - [EDIT BUTTONS] Seg button enabled: True, Hotspot button enabled: True
2025-09-10 01:14:56 - [INFO] - [SMART UPDATE] Change type: none
2025-09-10 01:14:56 - [INFO] - [DEBUG] Timeline active layers set to: []
2025-09-10 01:14:56 - [INFO] - [SMART UPDATE] No changes detected, skipping update
2025-09-10 01:14:56 - [INFO] - [DEBUG] Set Image opacity to 1.00
2025-09-10 01:14:56 - [INFO] - [SMART UPDATE] Change type: none
2025-09-10 01:14:56 - [INFO] - [SMART UPDATE] Using full rebuild for opacity change
2025-09-10 01:14:56 - [INFO] - [DEBUG] Rebuilding timeline for active scan index: 0
2025-09-10 01:14:56 - [INFO] - [DEBUG] Creating CLASSIFICATION card 0 for view: Anterior
2025-09-10 01:14:56 - [INFO] - [DEBUG] Active layers selected: []
2025-09-10 01:14:56 - [INFO] - [DEBUG] DICOM path: F:\projek dosen\prototype riset\hotspot-analyzer\data\PLANAR\ATL\5003\input.dcm
2025-09-10 01:14:56 - [INFO] - [DEBUG] Current view: Anterior
2025-09-10 01:14:56 - [INFO] - [CACHE DEBUG] use_cache=False
2025-09-10 01:14:56 - [INFO] - [CACHE DEBUG] has_adjustments=False (B=0.00, C=1.00)
2025-09-10 01:14:56 - [INFO] - [CACHE DEBUG] has_overrides=False (override_b=None, override_c=None)
2025-09-10 01:14:56 - [INFO] - [CACHE DEBUG] invert_original=True
2025-09-10 01:14:56 - [INFO] - [CACHE SKIP] Skipping cache due to adjustments/overrides/invert
2025-09-10 01:14:56 - [INFO] - [DEBUG] Path extraction: session=ATL, patient=5003, study_date=input.dcm
2025-09-10 01:14:56 - [INFO] - [DEBUG] Extracted patient info - ID: 5003, Session: ATL
2025-09-10 01:14:56 - [INFO] - [DEBUG] Original path: F:\projek dosen\prototype riset\hotspot-analyzer\data\PLANAR\ATL\5003\input.dcm
2025-09-10 01:14:56 - [INFO] - [WARN] Study date folder does not exist: F:\projek dosen\prototype riset\hotspot-analyzer\data\PLANAR\ATL\5003\20250809
2025-09-10 01:14:56 - [INFO] - [DEBUG] Fallback to DICOM parent: F:\projek dosen\prototype riset\hotspot-analyzer\data\PLANAR\ATL\5003
2025-09-10 01:14:56 - [INFO] - [DEBUG] Study date: 20250809
2025-09-10 01:14:56 - [INFO] - [DEBUG] Patient ID: 5003
2025-09-10 01:14:56 - [INFO] - [DEBUG] Session code: ATL
2025-09-10 01:14:56 - [INFO] - [DEBUG] Study date folder: F:\projek dosen\prototype riset\hotspot-analyzer\data\PLANAR\ATL\5003
2025-09-10 01:14:56 - [INFO] - [DEBUG] Loading original image for Anterior
2025-09-10 01:14:56 - [INFO] - [DEBUG] Looking for original PNG in study_date dir: F:\projek dosen\prototype riset\hotspot-analyzer\data\PLANAR\ATL\5003\ant_original.png
2025-09-10 01:14:56 - [DEBUG] - STREAM b'IHDR' 16 13
2025-09-10 01:14:56 - [DEBUG] - STREAM b'IDAT' 41 60808
2025-09-10 01:14:56 - [INFO] - [DEBUG] Loaded original PNG from study_date dir: (256, 1024)
2025-09-10 01:14:56 - [INFO] - [DEBUG] Original image loaded: (256, 1024)
2025-09-10 01:14:56 - [INFO] - [DEBUG] Applying invert to original image
2025-09-10 01:14:56 - [INFO] - [DEBUG] simple_invert_pil_image: Processing L image, size = (256, 1024)
2025-09-10 01:14:56 - [INFO] - [DEBUG] simple_invert_image: input shape = (1024, 256), dtype = uint8
2025-09-10 01:14:56 - [INFO] - [DEBUG] Simple inversion completed: [0-255] -> [0-255]
2025-09-10 01:14:56 - [INFO] - [DEBUG] simple_invert_pil_image: completed
2025-09-10 01:14:56 - [INFO] - [DEBUG] Using STORED B/C values: B=0.00, C=1.00
2025-09-10 01:14:56 - [INFO] - [DEBUG]   Image layer loaded and processed
2025-09-10 01:14:56 - [INFO] - [DEBUG] Loading segmentation layer for Anterior
2025-09-10 01:14:56 - [INFO] - [DEBUG] Looking for segmentation (NEWEST): F:\projek dosen\prototype riset\hotspot-analyzer\data\PLANAR\ATL\5003\ant_segm.png
2025-09-10 01:14:56 - [DEBUG] - STREAM b'IHDR' 16 13
2025-09-10 01:14:56 - [DEBUG] - STREAM b'IDAT' 41 6639
2025-09-10 01:14:56 - [INFO] - [DEBUG]   Loaded segmentation with transparency: F:\projek dosen\prototype riset\hotspot-analyzer\data\PLANAR\ATL\5003\ant_segm.png
2025-09-10 01:14:56 - [INFO] - [DEBUG] Segmentation type: ORIGINAL
2025-09-10 01:14:56 - [INFO] - [DEBUG] Loading hotspot layer for Anterior
2025-09-10 01:14:56 - [INFO] - [DEBUG] Looking for hotspot classification (NEWEST): F:\projek dosen\prototype riset\hotspot-analyzer\data\PLANAR\ATL\5003\ant_hotspot_classification.png
2025-09-10 01:14:56 - [INFO] - [DEBUG] No hotspot classification found: F:\projek dosen\prototype riset\hotspot-analyzer\data\PLANAR\ATL\5003\ant_hotspot_classification.png
2025-09-10 01:14:56 - [INFO] - [DEBUG] Loading bbox layer for Anterior
2025-09-10 01:14:56 - [INFO] - [DEBUG] Looking for classification XML (NEWEST): F:\projek dosen\prototype riset\hotspot-analyzer\data\PLANAR\ATL\5003\ant_hotspot_classification.xml
2025-09-10 01:14:56 - [INFO] - [DEBUG] No classification XML found: F:\projek dosen\prototype riset\hotspot-analyzer\data\PLANAR\ATL\5003\ant_hotspot_classification.xml
2025-09-10 01:14:56 - [INFO] - [CACHE STORE] Not caching due to adjustments/overrides/invert
2025-09-10 01:14:56 - [INFO] - [DEBUG]   Loaded 2 layers for Anterior: ['Image', 'Segmentation']
2025-09-10 01:14:56 - [INFO] - [DEBUG] Available CLASSIFICATION layers in files: ['Image', 'Segmentation']
2025-09-10 01:14:56 - [INFO] - [DEBUG] Creating CLASSIFICATION card 0 for view: Posterior
2025-09-10 01:14:56 - [INFO] - [DEBUG] Active layers selected: []
2025-09-10 01:14:56 - [INFO] - [DEBUG] DICOM path: F:\projek dosen\prototype riset\hotspot-analyzer\data\PLANAR\ATL\5003\input.dcm
2025-09-10 01:14:56 - [INFO] - [DEBUG] Current view: Posterior
2025-09-10 01:14:56 - [INFO] - [CACHE DEBUG] use_cache=False
2025-09-10 01:14:56 - [INFO] - [CACHE DEBUG] has_adjustments=False (B=0.00, C=1.00)
2025-09-10 01:14:56 - [INFO] - [CACHE DEBUG] has_overrides=False (override_b=None, override_c=None)
2025-09-10 01:14:56 - [INFO] - [CACHE DEBUG] invert_original=True
2025-09-10 01:14:56 - [INFO] - [CACHE SKIP] Skipping cache due to adjustments/overrides/invert
2025-09-10 01:14:56 - [INFO] - [DEBUG] Path extraction: session=ATL, patient=5003, study_date=input.dcm
2025-09-10 01:14:56 - [INFO] - [DEBUG] Extracted patient info - ID: 5003, Session: ATL
2025-09-10 01:14:56 - [INFO] - [DEBUG] Original path: F:\projek dosen\prototype riset\hotspot-analyzer\data\PLANAR\ATL\5003\input.dcm
2025-09-10 01:14:56 - [INFO] - [WARN] Study date folder does not exist: F:\projek dosen\prototype riset\hotspot-analyzer\data\PLANAR\ATL\5003\20250809
2025-09-10 01:14:56 - [INFO] - [DEBUG] Fallback to DICOM parent: F:\projek dosen\prototype riset\hotspot-analyzer\data\PLANAR\ATL\5003
2025-09-10 01:14:56 - [INFO] - [DEBUG] Study date: 20250809
2025-09-10 01:14:56 - [INFO] - [DEBUG] Patient ID: 5003
2025-09-10 01:14:56 - [INFO] - [DEBUG] Session code: ATL
2025-09-10 01:14:56 - [INFO] - [DEBUG] Study date folder: F:\projek dosen\prototype riset\hotspot-analyzer\data\PLANAR\ATL\5003
2025-09-10 01:14:56 - [INFO] - [DEBUG] Loading original image for Posterior
2025-09-10 01:14:56 - [INFO] - [DEBUG] Looking for original PNG in study_date dir: F:\projek dosen\prototype riset\hotspot-analyzer\data\PLANAR\ATL\5003\post_original.png
2025-09-10 01:14:56 - [DEBUG] - STREAM b'IHDR' 16 13
2025-09-10 01:14:56 - [DEBUG] - STREAM b'IDAT' 41 60808
2025-09-10 01:14:56 - [INFO] - [DEBUG] Loaded original PNG from study_date dir: (256, 1024)
2025-09-10 01:14:56 - [INFO] - [DEBUG] Original image loaded: (256, 1024)
2025-09-10 01:14:56 - [INFO] - [DEBUG] Applying invert to original image
2025-09-10 01:14:56 - [INFO] - [DEBUG] simple_invert_pil_image: Processing L image, size = (256, 1024)
2025-09-10 01:14:56 - [INFO] - [DEBUG] simple_invert_image: input shape = (1024, 256), dtype = uint8
2025-09-10 01:14:56 - [INFO] - [DEBUG] Simple inversion completed: [0-255] -> [0-255]
2025-09-10 01:14:56 - [INFO] - [DEBUG] simple_invert_pil_image: completed
2025-09-10 01:14:56 - [INFO] - [DEBUG] Using STORED B/C values: B=0.00, C=1.00
2025-09-10 01:14:56 - [INFO] - [DEBUG]   Image layer loaded and processed
2025-09-10 01:14:56 - [INFO] - [DEBUG] Loading segmentation layer for Posterior
2025-09-10 01:14:56 - [INFO] - [DEBUG] Looking for segmentation (NEWEST): F:\projek dosen\prototype riset\hotspot-analyzer\data\PLANAR\ATL\5003\post_segm.png
2025-09-10 01:14:56 - [DEBUG] - STREAM b'IHDR' 16 13
2025-09-10 01:14:56 - [DEBUG] - STREAM b'IDAT' 41 6639
2025-09-10 01:14:56 - [INFO] - [DEBUG]   Loaded segmentation with transparency: F:\projek dosen\prototype riset\hotspot-analyzer\data\PLANAR\ATL\5003\post_segm.png
2025-09-10 01:14:56 - [INFO] - [DEBUG] Segmentation type: ORIGINAL
2025-09-10 01:14:56 - [INFO] - [DEBUG] Loading hotspot layer for Posterior
2025-09-10 01:14:56 - [INFO] - [DEBUG] Looking for hotspot classification (NEWEST): F:\projek dosen\prototype riset\hotspot-analyzer\data\PLANAR\ATL\5003\post_hotspot_classification.png
2025-09-10 01:14:56 - [INFO] - [DEBUG] No hotspot classification found: F:\projek dosen\prototype riset\hotspot-analyzer\data\PLANAR\ATL\5003\post_hotspot_classification.png
2025-09-10 01:14:56 - [INFO] - [DEBUG] Loading bbox layer for Posterior
2025-09-10 01:14:56 - [INFO] - [DEBUG] Looking for classification XML (NEWEST): F:\projek dosen\prototype riset\hotspot-analyzer\data\PLANAR\ATL\5003\post_hotspot_classification.xml
2025-09-10 01:14:56 - [INFO] - [DEBUG] No classification XML found: F:\projek dosen\prototype riset\hotspot-analyzer\data\PLANAR\ATL\5003\post_hotspot_classification.xml
2025-09-10 01:14:56 - [INFO] - [CACHE STORE] Not caching due to adjustments/overrides/invert
2025-09-10 01:14:56 - [INFO] - [DEBUG]   Loaded 2 layers for Posterior: ['Image', 'Segmentation']
2025-09-10 01:14:56 - [INFO] - [DEBUG] Available CLASSIFICATION layers in files: ['Image', 'Segmentation']
2025-09-10 01:14:56 - [INFO] - [SMART UPDATE] State updated - Type: full
2025-09-10 01:14:56 - [INFO] - [SMART UPDATE] State updated - Type: rebuild
2025-09-10 01:14:56 - [INFO] - [DEBUG] Set Segmentation opacity to 0.35
2025-09-10 01:14:56 - [INFO] - [SMART UPDATE] Change type: none
2025-09-10 01:14:56 - [INFO] - [SMART UPDATE] Using full rebuild for opacity change
2025-09-10 01:14:56 - [INFO] - [DEBUG] Rebuilding timeline for active scan index: 0
2025-09-10 01:14:56 - [INFO] - [DEBUG] Creating CLASSIFICATION card 0 for view: Anterior
2025-09-10 01:14:56 - [INFO] - [DEBUG] Active layers selected: []
2025-09-10 01:14:56 - [INFO] - [DEBUG] DICOM path: F:\projek dosen\prototype riset\hotspot-analyzer\data\PLANAR\ATL\5003\input.dcm
2025-09-10 01:14:56 - [INFO] - [DEBUG] Current view: Anterior
2025-09-10 01:14:56 - [INFO] - [CACHE DEBUG] use_cache=False
2025-09-10 01:14:56 - [INFO] - [CACHE DEBUG] has_adjustments=False (B=0.00, C=1.00)
2025-09-10 01:14:56 - [INFO] - [CACHE DEBUG] has_overrides=False (override_b=None, override_c=None)
2025-09-10 01:14:56 - [INFO] - [CACHE DEBUG] invert_original=True
2025-09-10 01:14:56 - [INFO] - [CACHE SKIP] Skipping cache due to adjustments/overrides/invert
2025-09-10 01:14:56 - [INFO] - [DEBUG] Path extraction: session=ATL, patient=5003, study_date=input.dcm
2025-09-10 01:14:56 - [INFO] - [DEBUG] Extracted patient info - ID: 5003, Session: ATL
2025-09-10 01:14:56 - [INFO] - [DEBUG] Original path: F:\projek dosen\prototype riset\hotspot-analyzer\data\PLANAR\ATL\5003\input.dcm
2025-09-10 01:14:56 - [INFO] - [WARN] Study date folder does not exist: F:\projek dosen\prototype riset\hotspot-analyzer\data\PLANAR\ATL\5003\20250809
2025-09-10 01:14:56 - [INFO] - [DEBUG] Fallback to DICOM parent: F:\projek dosen\prototype riset\hotspot-analyzer\data\PLANAR\ATL\5003
2025-09-10 01:14:56 - [INFO] - [DEBUG] Study date: 20250809
2025-09-10 01:14:56 - [INFO] - [DEBUG] Patient ID: 5003
2025-09-10 01:14:56 - [INFO] - [DEBUG] Session code: ATL
2025-09-10 01:14:56 - [INFO] - [DEBUG] Study date folder: F:\projek dosen\prototype riset\hotspot-analyzer\data\PLANAR\ATL\5003
2025-09-10 01:14:56 - [INFO] - [DEBUG] Loading original image for Anterior
2025-09-10 01:14:56 - [INFO] - [DEBUG] Looking for original PNG in study_date dir: F:\projek dosen\prototype riset\hotspot-analyzer\data\PLANAR\ATL\5003\ant_original.png
2025-09-10 01:14:56 - [DEBUG] - STREAM b'IHDR' 16 13
2025-09-10 01:14:56 - [DEBUG] - STREAM b'IDAT' 41 60808
2025-09-10 01:14:56 - [INFO] - [DEBUG] Loaded original PNG from study_date dir: (256, 1024)
2025-09-10 01:14:56 - [INFO] - [DEBUG] Original image loaded: (256, 1024)
2025-09-10 01:14:56 - [INFO] - [DEBUG] Applying invert to original image
2025-09-10 01:14:56 - [INFO] - [DEBUG] simple_invert_pil_image: Processing L image, size = (256, 1024)
2025-09-10 01:14:56 - [INFO] - [DEBUG] simple_invert_image: input shape = (1024, 256), dtype = uint8
2025-09-10 01:14:56 - [INFO] - [DEBUG] Simple inversion completed: [0-255] -> [0-255]
2025-09-10 01:14:56 - [INFO] - [DEBUG] simple_invert_pil_image: completed
2025-09-10 01:14:56 - [INFO] - [DEBUG] Using STORED B/C values: B=0.00, C=1.00
2025-09-10 01:14:56 - [INFO] - [DEBUG]   Image layer loaded and processed
2025-09-10 01:14:56 - [INFO] - [DEBUG] Loading segmentation layer for Anterior
2025-09-10 01:14:56 - [INFO] - [DEBUG] Looking for segmentation (NEWEST): F:\projek dosen\prototype riset\hotspot-analyzer\data\PLANAR\ATL\5003\ant_segm.png
2025-09-10 01:14:56 - [DEBUG] - STREAM b'IHDR' 16 13
2025-09-10 01:14:56 - [DEBUG] - STREAM b'IDAT' 41 6639
2025-09-10 01:14:56 - [INFO] - [DEBUG]   Loaded segmentation with transparency: F:\projek dosen\prototype riset\hotspot-analyzer\data\PLANAR\ATL\5003\ant_segm.png
2025-09-10 01:14:56 - [INFO] - [DEBUG] Segmentation type: ORIGINAL
2025-09-10 01:14:56 - [INFO] - [DEBUG] Loading hotspot layer for Anterior
2025-09-10 01:14:56 - [INFO] - [DEBUG] Looking for hotspot classification (NEWEST): F:\projek dosen\prototype riset\hotspot-analyzer\data\PLANAR\ATL\5003\ant_hotspot_classification.png
2025-09-10 01:14:56 - [INFO] - [DEBUG] No hotspot classification found: F:\projek dosen\prototype riset\hotspot-analyzer\data\PLANAR\ATL\5003\ant_hotspot_classification.png
2025-09-10 01:14:56 - [INFO] - [DEBUG] Loading bbox layer for Anterior
2025-09-10 01:14:56 - [INFO] - [DEBUG] Looking for classification XML (NEWEST): F:\projek dosen\prototype riset\hotspot-analyzer\data\PLANAR\ATL\5003\ant_hotspot_classification.xml
2025-09-10 01:14:56 - [INFO] - [DEBUG] No classification XML found: F:\projek dosen\prototype riset\hotspot-analyzer\data\PLANAR\ATL\5003\ant_hotspot_classification.xml
2025-09-10 01:14:56 - [INFO] - [CACHE STORE] Not caching due to adjustments/overrides/invert
2025-09-10 01:14:56 - [INFO] - [DEBUG]   Loaded 2 layers for Anterior: ['Image', 'Segmentation']
2025-09-10 01:14:56 - [INFO] - [DEBUG] Available CLASSIFICATION layers in files: ['Image', 'Segmentation']
2025-09-10 01:14:56 - [INFO] - [DEBUG] Creating CLASSIFICATION card 0 for view: Posterior
2025-09-10 01:14:56 - [INFO] - [DEBUG] Active layers selected: []
2025-09-10 01:14:56 - [INFO] - [DEBUG] DICOM path: F:\projek dosen\prototype riset\hotspot-analyzer\data\PLANAR\ATL\5003\input.dcm
2025-09-10 01:14:56 - [INFO] - [DEBUG] Current view: Posterior
2025-09-10 01:14:56 - [INFO] - [CACHE DEBUG] use_cache=False
2025-09-10 01:14:56 - [INFO] - [CACHE DEBUG] has_adjustments=False (B=0.00, C=1.00)
2025-09-10 01:14:56 - [INFO] - [CACHE DEBUG] has_overrides=False (override_b=None, override_c=None)
2025-09-10 01:14:56 - [INFO] - [CACHE DEBUG] invert_original=True
2025-09-10 01:14:56 - [INFO] - [CACHE SKIP] Skipping cache due to adjustments/overrides/invert
2025-09-10 01:14:56 - [INFO] - [DEBUG] Path extraction: session=ATL, patient=5003, study_date=input.dcm
2025-09-10 01:14:56 - [INFO] - [DEBUG] Extracted patient info - ID: 5003, Session: ATL
2025-09-10 01:14:56 - [INFO] - [DEBUG] Original path: F:\projek dosen\prototype riset\hotspot-analyzer\data\PLANAR\ATL\5003\input.dcm
2025-09-10 01:14:56 - [INFO] - [WARN] Study date folder does not exist: F:\projek dosen\prototype riset\hotspot-analyzer\data\PLANAR\ATL\5003\20250809
2025-09-10 01:14:56 - [INFO] - [DEBUG] Fallback to DICOM parent: F:\projek dosen\prototype riset\hotspot-analyzer\data\PLANAR\ATL\5003
2025-09-10 01:14:56 - [INFO] - [DEBUG] Study date: 20250809
2025-09-10 01:14:56 - [INFO] - [DEBUG] Patient ID: 5003
2025-09-10 01:14:56 - [INFO] - [DEBUG] Session code: ATL
2025-09-10 01:14:56 - [INFO] - [DEBUG] Study date folder: F:\projek dosen\prototype riset\hotspot-analyzer\data\PLANAR\ATL\5003
2025-09-10 01:14:56 - [INFO] - [DEBUG] Loading original image for Posterior
2025-09-10 01:14:56 - [INFO] - [DEBUG] Looking for original PNG in study_date dir: F:\projek dosen\prototype riset\hotspot-analyzer\data\PLANAR\ATL\5003\post_original.png
2025-09-10 01:14:56 - [DEBUG] - STREAM b'IHDR' 16 13
2025-09-10 01:14:56 - [DEBUG] - STREAM b'IDAT' 41 60808
2025-09-10 01:14:56 - [INFO] - [DEBUG] Loaded original PNG from study_date dir: (256, 1024)
2025-09-10 01:14:56 - [INFO] - [DEBUG] Original image loaded: (256, 1024)
2025-09-10 01:14:56 - [INFO] - [DEBUG] Applying invert to original image
2025-09-10 01:14:56 - [INFO] - [DEBUG] simple_invert_pil_image: Processing L image, size = (256, 1024)
2025-09-10 01:14:56 - [INFO] - [DEBUG] simple_invert_image: input shape = (1024, 256), dtype = uint8
2025-09-10 01:14:56 - [INFO] - [DEBUG] Simple inversion completed: [0-255] -> [0-255]
2025-09-10 01:14:56 - [INFO] - [DEBUG] simple_invert_pil_image: completed
2025-09-10 01:14:56 - [INFO] - [DEBUG] Using STORED B/C values: B=0.00, C=1.00
2025-09-10 01:14:56 - [INFO] - [DEBUG]   Image layer loaded and processed
2025-09-10 01:14:56 - [INFO] - [DEBUG] Loading segmentation layer for Posterior
2025-09-10 01:14:56 - [INFO] - [DEBUG] Looking for segmentation (NEWEST): F:\projek dosen\prototype riset\hotspot-analyzer\data\PLANAR\ATL\5003\post_segm.png
2025-09-10 01:14:56 - [DEBUG] - STREAM b'IHDR' 16 13
2025-09-10 01:14:56 - [DEBUG] - STREAM b'IDAT' 41 6639
2025-09-10 01:14:56 - [INFO] - [DEBUG]   Loaded segmentation with transparency: F:\projek dosen\prototype riset\hotspot-analyzer\data\PLANAR\ATL\5003\post_segm.png
2025-09-10 01:14:56 - [INFO] - [DEBUG] Segmentation type: ORIGINAL
2025-09-10 01:14:56 - [INFO] - [DEBUG] Loading hotspot layer for Posterior
2025-09-10 01:14:56 - [INFO] - [DEBUG] Looking for hotspot classification (NEWEST): F:\projek dosen\prototype riset\hotspot-analyzer\data\PLANAR\ATL\5003\post_hotspot_classification.png
2025-09-10 01:14:56 - [INFO] - [DEBUG] No hotspot classification found: F:\projek dosen\prototype riset\hotspot-analyzer\data\PLANAR\ATL\5003\post_hotspot_classification.png
2025-09-10 01:14:56 - [INFO] - [DEBUG] Loading bbox layer for Posterior
2025-09-10 01:14:56 - [INFO] - [DEBUG] Looking for classification XML (NEWEST): F:\projek dosen\prototype riset\hotspot-analyzer\data\PLANAR\ATL\5003\post_hotspot_classification.xml
2025-09-10 01:14:56 - [INFO] - [DEBUG] No classification XML found: F:\projek dosen\prototype riset\hotspot-analyzer\data\PLANAR\ATL\5003\post_hotspot_classification.xml
2025-09-10 01:14:56 - [INFO] - [CACHE STORE] Not caching due to adjustments/overrides/invert
2025-09-10 01:14:56 - [INFO] - [DEBUG]   Loaded 2 layers for Posterior: ['Image', 'Segmentation']
2025-09-10 01:14:56 - [INFO] - [DEBUG] Available CLASSIFICATION layers in files: ['Image', 'Segmentation']
2025-09-10 01:14:56 - [INFO] - [SMART UPDATE] State updated - Type: full
2025-09-10 01:14:56 - [INFO] - [SMART UPDATE] State updated - Type: rebuild
2025-09-10 01:14:56 - [INFO] - [DEBUG] Set Hotspot opacity to 0.50
2025-09-10 01:14:56 - [INFO] - [SMART UPDATE] Change type: none
2025-09-10 01:14:56 - [INFO] - [SMART UPDATE] Using full rebuild for opacity change
2025-09-10 01:14:56 - [INFO] - [DEBUG] Rebuilding timeline for active scan index: 0
2025-09-10 01:14:56 - [INFO] - [DEBUG] Creating CLASSIFICATION card 0 for view: Anterior
2025-09-10 01:14:56 - [INFO] - [DEBUG] Active layers selected: []
2025-09-10 01:14:56 - [INFO] - [DEBUG] DICOM path: F:\projek dosen\prototype riset\hotspot-analyzer\data\PLANAR\ATL\5003\input.dcm
2025-09-10 01:14:56 - [INFO] - [DEBUG] Current view: Anterior
2025-09-10 01:14:56 - [INFO] - [CACHE DEBUG] use_cache=False
2025-09-10 01:14:56 - [INFO] - [CACHE DEBUG] has_adjustments=False (B=0.00, C=1.00)
2025-09-10 01:14:56 - [INFO] - [CACHE DEBUG] has_overrides=False (override_b=None, override_c=None)
2025-09-10 01:14:56 - [INFO] - [CACHE DEBUG] invert_original=True
2025-09-10 01:14:56 - [INFO] - [CACHE SKIP] Skipping cache due to adjustments/overrides/invert
2025-09-10 01:14:56 - [INFO] - [DEBUG] Path extraction: session=ATL, patient=5003, study_date=input.dcm
2025-09-10 01:14:56 - [INFO] - [DEBUG] Extracted patient info - ID: 5003, Session: ATL
2025-09-10 01:14:56 - [INFO] - [DEBUG] Original path: F:\projek dosen\prototype riset\hotspot-analyzer\data\PLANAR\ATL\5003\input.dcm
2025-09-10 01:14:56 - [INFO] - [WARN] Study date folder does not exist: F:\projek dosen\prototype riset\hotspot-analyzer\data\PLANAR\ATL\5003\20250809
2025-09-10 01:14:56 - [INFO] - [DEBUG] Fallback to DICOM parent: F:\projek dosen\prototype riset\hotspot-analyzer\data\PLANAR\ATL\5003
2025-09-10 01:14:56 - [INFO] - [DEBUG] Study date: 20250809
2025-09-10 01:14:56 - [INFO] - [DEBUG] Patient ID: 5003
2025-09-10 01:14:56 - [INFO] - [DEBUG] Session code: ATL
2025-09-10 01:14:56 - [INFO] - [DEBUG] Study date folder: F:\projek dosen\prototype riset\hotspot-analyzer\data\PLANAR\ATL\5003
2025-09-10 01:14:56 - [INFO] - [DEBUG] Loading original image for Anterior
2025-09-10 01:14:56 - [INFO] - [DEBUG] Looking for original PNG in study_date dir: F:\projek dosen\prototype riset\hotspot-analyzer\data\PLANAR\ATL\5003\ant_original.png
2025-09-10 01:14:56 - [DEBUG] - STREAM b'IHDR' 16 13
2025-09-10 01:14:56 - [DEBUG] - STREAM b'IDAT' 41 60808
2025-09-10 01:14:56 - [INFO] - [DEBUG] Loaded original PNG from study_date dir: (256, 1024)
2025-09-10 01:14:56 - [INFO] - [DEBUG] Original image loaded: (256, 1024)
2025-09-10 01:14:56 - [INFO] - [DEBUG] Applying invert to original image
2025-09-10 01:14:56 - [INFO] - [DEBUG] simple_invert_pil_image: Processing L image, size = (256, 1024)
2025-09-10 01:14:56 - [INFO] - [DEBUG] simple_invert_image: input shape = (1024, 256), dtype = uint8
2025-09-10 01:14:56 - [INFO] - [DEBUG] Simple inversion completed: [0-255] -> [0-255]
2025-09-10 01:14:56 - [INFO] - [DEBUG] simple_invert_pil_image: completed
2025-09-10 01:14:56 - [INFO] - [DEBUG] Using STORED B/C values: B=0.00, C=1.00
2025-09-10 01:14:56 - [INFO] - [DEBUG]   Image layer loaded and processed
2025-09-10 01:14:56 - [INFO] - [DEBUG] Loading segmentation layer for Anterior
2025-09-10 01:14:56 - [INFO] - [DEBUG] Looking for segmentation (NEWEST): F:\projek dosen\prototype riset\hotspot-analyzer\data\PLANAR\ATL\5003\ant_segm.png
2025-09-10 01:14:56 - [DEBUG] - STREAM b'IHDR' 16 13
2025-09-10 01:14:56 - [DEBUG] - STREAM b'IDAT' 41 6639
2025-09-10 01:14:56 - [INFO] - [DEBUG]   Loaded segmentation with transparency: F:\projek dosen\prototype riset\hotspot-analyzer\data\PLANAR\ATL\5003\ant_segm.png
2025-09-10 01:14:56 - [INFO] - [DEBUG] Segmentation type: ORIGINAL
2025-09-10 01:14:56 - [INFO] - [DEBUG] Loading hotspot layer for Anterior
2025-09-10 01:14:56 - [INFO] - [DEBUG] Looking for hotspot classification (NEWEST): F:\projek dosen\prototype riset\hotspot-analyzer\data\PLANAR\ATL\5003\ant_hotspot_classification.png
2025-09-10 01:14:56 - [INFO] - [DEBUG] No hotspot classification found: F:\projek dosen\prototype riset\hotspot-analyzer\data\PLANAR\ATL\5003\ant_hotspot_classification.png
2025-09-10 01:14:56 - [INFO] - [DEBUG] Loading bbox layer for Anterior
2025-09-10 01:14:56 - [INFO] - [DEBUG] Looking for classification XML (NEWEST): F:\projek dosen\prototype riset\hotspot-analyzer\data\PLANAR\ATL\5003\ant_hotspot_classification.xml
2025-09-10 01:14:56 - [INFO] - [DEBUG] No classification XML found: F:\projek dosen\prototype riset\hotspot-analyzer\data\PLANAR\ATL\5003\ant_hotspot_classification.xml
2025-09-10 01:14:56 - [INFO] - [CACHE STORE] Not caching due to adjustments/overrides/invert
2025-09-10 01:14:56 - [INFO] - [DEBUG]   Loaded 2 layers for Anterior: ['Image', 'Segmentation']
2025-09-10 01:14:56 - [INFO] - [DEBUG] Available CLASSIFICATION layers in files: ['Image', 'Segmentation']
2025-09-10 01:14:56 - [INFO] - [DEBUG] Creating CLASSIFICATION card 0 for view: Posterior
2025-09-10 01:14:56 - [INFO] - [DEBUG] Active layers selected: []
2025-09-10 01:14:56 - [INFO] - [DEBUG] DICOM path: F:\projek dosen\prototype riset\hotspot-analyzer\data\PLANAR\ATL\5003\input.dcm
2025-09-10 01:14:56 - [INFO] - [DEBUG] Current view: Posterior
2025-09-10 01:14:56 - [INFO] - [CACHE DEBUG] use_cache=False
2025-09-10 01:14:56 - [INFO] - [CACHE DEBUG] has_adjustments=False (B=0.00, C=1.00)
2025-09-10 01:14:56 - [INFO] - [CACHE DEBUG] has_overrides=False (override_b=None, override_c=None)
2025-09-10 01:14:56 - [INFO] - [CACHE DEBUG] invert_original=True
2025-09-10 01:14:56 - [INFO] - [CACHE SKIP] Skipping cache due to adjustments/overrides/invert
2025-09-10 01:14:56 - [INFO] - [DEBUG] Path extraction: session=ATL, patient=5003, study_date=input.dcm
2025-09-10 01:14:56 - [INFO] - [DEBUG] Extracted patient info - ID: 5003, Session: ATL
2025-09-10 01:14:56 - [INFO] - [DEBUG] Original path: F:\projek dosen\prototype riset\hotspot-analyzer\data\PLANAR\ATL\5003\input.dcm
2025-09-10 01:14:56 - [INFO] - [WARN] Study date folder does not exist: F:\projek dosen\prototype riset\hotspot-analyzer\data\PLANAR\ATL\5003\20250809
2025-09-10 01:14:56 - [INFO] - [DEBUG] Fallback to DICOM parent: F:\projek dosen\prototype riset\hotspot-analyzer\data\PLANAR\ATL\5003
2025-09-10 01:14:56 - [INFO] - [DEBUG] Study date: 20250809
2025-09-10 01:14:56 - [INFO] - [DEBUG] Patient ID: 5003
2025-09-10 01:14:56 - [INFO] - [DEBUG] Session code: ATL
2025-09-10 01:14:56 - [INFO] - [DEBUG] Study date folder: F:\projek dosen\prototype riset\hotspot-analyzer\data\PLANAR\ATL\5003
2025-09-10 01:14:56 - [INFO] - [DEBUG] Loading original image for Posterior
2025-09-10 01:14:56 - [INFO] - [DEBUG] Looking for original PNG in study_date dir: F:\projek dosen\prototype riset\hotspot-analyzer\data\PLANAR\ATL\5003\post_original.png
2025-09-10 01:14:56 - [DEBUG] - STREAM b'IHDR' 16 13
2025-09-10 01:14:56 - [DEBUG] - STREAM b'IDAT' 41 60808
2025-09-10 01:14:56 - [INFO] - [DEBUG] Loaded original PNG from study_date dir: (256, 1024)
2025-09-10 01:14:56 - [INFO] - [DEBUG] Original image loaded: (256, 1024)
2025-09-10 01:14:56 - [INFO] - [DEBUG] Applying invert to original image
2025-09-10 01:14:56 - [INFO] - [DEBUG] simple_invert_pil_image: Processing L image, size = (256, 1024)
2025-09-10 01:14:56 - [INFO] - [DEBUG] simple_invert_image: input shape = (1024, 256), dtype = uint8
2025-09-10 01:14:56 - [INFO] - [DEBUG] Simple inversion completed: [0-255] -> [0-255]
2025-09-10 01:14:56 - [INFO] - [DEBUG] simple_invert_pil_image: completed
2025-09-10 01:14:56 - [INFO] - [DEBUG] Using STORED B/C values: B=0.00, C=1.00
2025-09-10 01:14:56 - [INFO] - [DEBUG]   Image layer loaded and processed
2025-09-10 01:14:56 - [INFO] - [DEBUG] Loading segmentation layer for Posterior
2025-09-10 01:14:56 - [INFO] - [DEBUG] Looking for segmentation (NEWEST): F:\projek dosen\prototype riset\hotspot-analyzer\data\PLANAR\ATL\5003\post_segm.png
2025-09-10 01:14:56 - [DEBUG] - STREAM b'IHDR' 16 13
2025-09-10 01:14:56 - [DEBUG] - STREAM b'IDAT' 41 6639
2025-09-10 01:14:56 - [INFO] - [DEBUG]   Loaded segmentation with transparency: F:\projek dosen\prototype riset\hotspot-analyzer\data\PLANAR\ATL\5003\post_segm.png
2025-09-10 01:14:56 - [INFO] - [DEBUG] Segmentation type: ORIGINAL
2025-09-10 01:14:56 - [INFO] - [DEBUG] Loading hotspot layer for Posterior
2025-09-10 01:14:56 - [INFO] - [DEBUG] Looking for hotspot classification (NEWEST): F:\projek dosen\prototype riset\hotspot-analyzer\data\PLANAR\ATL\5003\post_hotspot_classification.png
2025-09-10 01:14:56 - [INFO] - [DEBUG] No hotspot classification found: F:\projek dosen\prototype riset\hotspot-analyzer\data\PLANAR\ATL\5003\post_hotspot_classification.png
2025-09-10 01:14:56 - [INFO] - [DEBUG] Loading bbox layer for Posterior
2025-09-10 01:14:56 - [INFO] - [DEBUG] Looking for classification XML (NEWEST): F:\projek dosen\prototype riset\hotspot-analyzer\data\PLANAR\ATL\5003\post_hotspot_classification.xml
2025-09-10 01:14:56 - [INFO] - [DEBUG] No classification XML found: F:\projek dosen\prototype riset\hotspot-analyzer\data\PLANAR\ATL\5003\post_hotspot_classification.xml
2025-09-10 01:14:56 - [INFO] - [CACHE STORE] Not caching due to adjustments/overrides/invert
2025-09-10 01:14:56 - [INFO] - [DEBUG]   Loaded 2 layers for Posterior: ['Image', 'Segmentation']
2025-09-10 01:14:56 - [INFO] - [DEBUG] Available CLASSIFICATION layers in files: ['Image', 'Segmentation']
2025-09-10 01:14:56 - [INFO] - [SMART UPDATE] State updated - Type: full
2025-09-10 01:14:56 - [INFO] - [SMART UPDATE] State updated - Type: rebuild
2025-09-10 01:14:56 - [INFO] - [DEBUG] Set HotspotBBox opacity to 1.00
2025-09-10 01:14:56 - [INFO] - [SMART UPDATE] Change type: none
2025-09-10 01:14:56 - [INFO] - [SMART UPDATE] Using full rebuild for opacity change
2025-09-10 01:14:56 - [INFO] - [DEBUG] Rebuilding timeline for active scan index: 0
2025-09-10 01:14:56 - [INFO] - [DEBUG] Creating CLASSIFICATION card 0 for view: Anterior
2025-09-10 01:14:56 - [INFO] - [DEBUG] Active layers selected: []
2025-09-10 01:14:56 - [INFO] - [DEBUG] DICOM path: F:\projek dosen\prototype riset\hotspot-analyzer\data\PLANAR\ATL\5003\input.dcm
2025-09-10 01:14:56 - [INFO] - [DEBUG] Current view: Anterior
2025-09-10 01:14:56 - [INFO] - [CACHE DEBUG] use_cache=False
2025-09-10 01:14:56 - [INFO] - [CACHE DEBUG] has_adjustments=False (B=0.00, C=1.00)
2025-09-10 01:14:56 - [INFO] - [CACHE DEBUG] has_overrides=False (override_b=None, override_c=None)
2025-09-10 01:14:56 - [INFO] - [CACHE DEBUG] invert_original=True
2025-09-10 01:14:56 - [INFO] - [CACHE SKIP] Skipping cache due to adjustments/overrides/invert
2025-09-10 01:14:56 - [INFO] - [DEBUG] Path extraction: session=ATL, patient=5003, study_date=input.dcm
2025-09-10 01:14:56 - [INFO] - [DEBUG] Extracted patient info - ID: 5003, Session: ATL
2025-09-10 01:14:56 - [INFO] - [DEBUG] Original path: F:\projek dosen\prototype riset\hotspot-analyzer\data\PLANAR\ATL\5003\input.dcm
2025-09-10 01:14:56 - [INFO] - [WARN] Study date folder does not exist: F:\projek dosen\prototype riset\hotspot-analyzer\data\PLANAR\ATL\5003\20250809
2025-09-10 01:14:56 - [INFO] - [DEBUG] Fallback to DICOM parent: F:\projek dosen\prototype riset\hotspot-analyzer\data\PLANAR\ATL\5003
2025-09-10 01:14:56 - [INFO] - [DEBUG] Study date: 20250809
2025-09-10 01:14:56 - [INFO] - [DEBUG] Patient ID: 5003
2025-09-10 01:14:56 - [INFO] - [DEBUG] Session code: ATL
2025-09-10 01:14:56 - [INFO] - [DEBUG] Study date folder: F:\projek dosen\prototype riset\hotspot-analyzer\data\PLANAR\ATL\5003
2025-09-10 01:14:56 - [INFO] - [DEBUG] Loading original image for Anterior
2025-09-10 01:14:56 - [INFO] - [DEBUG] Looking for original PNG in study_date dir: F:\projek dosen\prototype riset\hotspot-analyzer\data\PLANAR\ATL\5003\ant_original.png
2025-09-10 01:14:56 - [DEBUG] - STREAM b'IHDR' 16 13
2025-09-10 01:14:56 - [DEBUG] - STREAM b'IDAT' 41 60808
2025-09-10 01:14:56 - [INFO] - [DEBUG] Loaded original PNG from study_date dir: (256, 1024)
2025-09-10 01:14:56 - [INFO] - [DEBUG] Original image loaded: (256, 1024)
2025-09-10 01:14:56 - [INFO] - [DEBUG] Applying invert to original image
2025-09-10 01:14:56 - [INFO] - [DEBUG] simple_invert_pil_image: Processing L image, size = (256, 1024)
2025-09-10 01:14:56 - [INFO] - [DEBUG] simple_invert_image: input shape = (1024, 256), dtype = uint8
2025-09-10 01:14:56 - [INFO] - [DEBUG] Simple inversion completed: [0-255] -> [0-255]
2025-09-10 01:14:56 - [INFO] - [DEBUG] simple_invert_pil_image: completed
2025-09-10 01:14:56 - [INFO] - [DEBUG] Using STORED B/C values: B=0.00, C=1.00
2025-09-10 01:14:56 - [INFO] - [DEBUG]   Image layer loaded and processed
2025-09-10 01:14:56 - [INFO] - [DEBUG] Loading segmentation layer for Anterior
2025-09-10 01:14:56 - [INFO] - [DEBUG] Looking for segmentation (NEWEST): F:\projek dosen\prototype riset\hotspot-analyzer\data\PLANAR\ATL\5003\ant_segm.png
2025-09-10 01:14:56 - [DEBUG] - STREAM b'IHDR' 16 13
2025-09-10 01:14:56 - [DEBUG] - STREAM b'IDAT' 41 6639
2025-09-10 01:14:56 - [INFO] - [DEBUG]   Loaded segmentation with transparency: F:\projek dosen\prototype riset\hotspot-analyzer\data\PLANAR\ATL\5003\ant_segm.png
2025-09-10 01:14:56 - [INFO] - [DEBUG] Segmentation type: ORIGINAL
2025-09-10 01:14:56 - [INFO] - [DEBUG] Loading hotspot layer for Anterior
2025-09-10 01:14:56 - [INFO] - [DEBUG] Looking for hotspot classification (NEWEST): F:\projek dosen\prototype riset\hotspot-analyzer\data\PLANAR\ATL\5003\ant_hotspot_classification.png
2025-09-10 01:14:56 - [INFO] - [DEBUG] No hotspot classification found: F:\projek dosen\prototype riset\hotspot-analyzer\data\PLANAR\ATL\5003\ant_hotspot_classification.png
2025-09-10 01:14:56 - [INFO] - [DEBUG] Loading bbox layer for Anterior
2025-09-10 01:14:56 - [INFO] - [DEBUG] Looking for classification XML (NEWEST): F:\projek dosen\prototype riset\hotspot-analyzer\data\PLANAR\ATL\5003\ant_hotspot_classification.xml
2025-09-10 01:14:56 - [INFO] - [DEBUG] No classification XML found: F:\projek dosen\prototype riset\hotspot-analyzer\data\PLANAR\ATL\5003\ant_hotspot_classification.xml
2025-09-10 01:14:56 - [INFO] - [CACHE STORE] Not caching due to adjustments/overrides/invert
2025-09-10 01:14:56 - [INFO] - [DEBUG]   Loaded 2 layers for Anterior: ['Image', 'Segmentation']
2025-09-10 01:14:56 - [INFO] - [DEBUG] Available CLASSIFICATION layers in files: ['Image', 'Segmentation']
2025-09-10 01:14:56 - [INFO] - [DEBUG] Creating CLASSIFICATION card 0 for view: Posterior
2025-09-10 01:14:56 - [INFO] - [DEBUG] Active layers selected: []
2025-09-10 01:14:56 - [INFO] - [DEBUG] DICOM path: F:\projek dosen\prototype riset\hotspot-analyzer\data\PLANAR\ATL\5003\input.dcm
2025-09-10 01:14:56 - [INFO] - [DEBUG] Current view: Posterior
2025-09-10 01:14:56 - [INFO] - [CACHE DEBUG] use_cache=False
2025-09-10 01:14:56 - [INFO] - [CACHE DEBUG] has_adjustments=False (B=0.00, C=1.00)
2025-09-10 01:14:56 - [INFO] - [CACHE DEBUG] has_overrides=False (override_b=None, override_c=None)
2025-09-10 01:14:56 - [INFO] - [CACHE DEBUG] invert_original=True
2025-09-10 01:14:56 - [INFO] - [CACHE SKIP] Skipping cache due to adjustments/overrides/invert
2025-09-10 01:14:56 - [INFO] - [DEBUG] Path extraction: session=ATL, patient=5003, study_date=input.dcm
2025-09-10 01:14:56 - [INFO] - [DEBUG] Extracted patient info - ID: 5003, Session: ATL
2025-09-10 01:14:56 - [INFO] - [DEBUG] Original path: F:\projek dosen\prototype riset\hotspot-analyzer\data\PLANAR\ATL\5003\input.dcm
2025-09-10 01:14:56 - [INFO] - [WARN] Study date folder does not exist: F:\projek dosen\prototype riset\hotspot-analyzer\data\PLANAR\ATL\5003\20250809
2025-09-10 01:14:56 - [INFO] - [DEBUG] Fallback to DICOM parent: F:\projek dosen\prototype riset\hotspot-analyzer\data\PLANAR\ATL\5003
2025-09-10 01:14:56 - [INFO] - [DEBUG] Study date: 20250809
2025-09-10 01:14:56 - [INFO] - [DEBUG] Patient ID: 5003
2025-09-10 01:14:56 - [INFO] - [DEBUG] Session code: ATL
2025-09-10 01:14:56 - [INFO] - [DEBUG] Study date folder: F:\projek dosen\prototype riset\hotspot-analyzer\data\PLANAR\ATL\5003
2025-09-10 01:14:56 - [INFO] - [DEBUG] Loading original image for Posterior
2025-09-10 01:14:56 - [INFO] - [DEBUG] Looking for original PNG in study_date dir: F:\projek dosen\prototype riset\hotspot-analyzer\data\PLANAR\ATL\5003\post_original.png
2025-09-10 01:14:56 - [DEBUG] - STREAM b'IHDR' 16 13
2025-09-10 01:14:56 - [DEBUG] - STREAM b'IDAT' 41 60808
2025-09-10 01:14:56 - [INFO] - [DEBUG] Loaded original PNG from study_date dir: (256, 1024)
2025-09-10 01:14:56 - [INFO] - [DEBUG] Original image loaded: (256, 1024)
2025-09-10 01:14:56 - [INFO] - [DEBUG] Applying invert to original image
2025-09-10 01:14:56 - [INFO] - [DEBUG] simple_invert_pil_image: Processing L image, size = (256, 1024)
2025-09-10 01:14:56 - [INFO] - [DEBUG] simple_invert_image: input shape = (1024, 256), dtype = uint8
2025-09-10 01:14:56 - [INFO] - [DEBUG] Simple inversion completed: [0-255] -> [0-255]
2025-09-10 01:14:56 - [INFO] - [DEBUG] simple_invert_pil_image: completed
2025-09-10 01:14:56 - [INFO] - [DEBUG] Using STORED B/C values: B=0.00, C=1.00
2025-09-10 01:14:56 - [INFO] - [DEBUG]   Image layer loaded and processed
2025-09-10 01:14:56 - [INFO] - [DEBUG] Loading segmentation layer for Posterior
2025-09-10 01:14:56 - [INFO] - [DEBUG] Looking for segmentation (NEWEST): F:\projek dosen\prototype riset\hotspot-analyzer\data\PLANAR\ATL\5003\post_segm.png
2025-09-10 01:14:56 - [DEBUG] - STREAM b'IHDR' 16 13
2025-09-10 01:14:56 - [DEBUG] - STREAM b'IDAT' 41 6639
2025-09-10 01:14:56 - [INFO] - [DEBUG]   Loaded segmentation with transparency: F:\projek dosen\prototype riset\hotspot-analyzer\data\PLANAR\ATL\5003\post_segm.png
2025-09-10 01:14:56 - [INFO] - [DEBUG] Segmentation type: ORIGINAL
2025-09-10 01:14:56 - [INFO] - [DEBUG] Loading hotspot layer for Posterior
2025-09-10 01:14:56 - [INFO] - [DEBUG] Looking for hotspot classification (NEWEST): F:\projek dosen\prototype riset\hotspot-analyzer\data\PLANAR\ATL\5003\post_hotspot_classification.png
2025-09-10 01:14:56 - [INFO] - [DEBUG] No hotspot classification found: F:\projek dosen\prototype riset\hotspot-analyzer\data\PLANAR\ATL\5003\post_hotspot_classification.png
2025-09-10 01:14:56 - [INFO] - [DEBUG] Loading bbox layer for Posterior
2025-09-10 01:14:56 - [INFO] - [DEBUG] Looking for classification XML (NEWEST): F:\projek dosen\prototype riset\hotspot-analyzer\data\PLANAR\ATL\5003\post_hotspot_classification.xml
2025-09-10 01:14:56 - [INFO] - [DEBUG] No classification XML found: F:\projek dosen\prototype riset\hotspot-analyzer\data\PLANAR\ATL\5003\post_hotspot_classification.xml
2025-09-10 01:14:56 - [INFO] - [CACHE STORE] Not caching due to adjustments/overrides/invert
2025-09-10 01:14:56 - [INFO] - [DEBUG]   Loaded 2 layers for Posterior: ['Image', 'Segmentation']
2025-09-10 01:14:56 - [INFO] - [DEBUG] Available CLASSIFICATION layers in files: ['Image', 'Segmentation']
2025-09-10 01:14:56 - [INFO] - [SMART UPDATE] State updated - Type: full
2025-09-10 01:14:56 - [INFO] - [SMART UPDATE] State updated - Type: rebuild
2025-09-10 01:14:56 - [INFO] - [DEBUG] Setting default layers: 'Image' checkbox should now be ON.
2025-09-10 01:14:56 - [INFO] - [DEBUG] Checkbox Image toggled: True
2025-09-10 01:14:56 - [INFO] - [DEBUG] Active layers: ['Image']
2025-09-10 01:14:56 - [INFO] - [DEBUG] Layers changed to: ['Image']
2025-09-10 01:14:56 - [INFO] - [SMART UPDATE] Change type: layers
2025-09-10 01:14:56 - [INFO] - [SMART UPDATE] Layers added: ['Image']
2025-09-10 01:14:56 - [INFO] - [DEBUG] Timeline active layers set to: ['Image']
2025-09-10 01:14:56 - [INFO] - [SMART UPDATE] Full rebuild required for change type: layers
2025-09-10 01:14:56 - [INFO] - [DEBUG] Rebuilding timeline for active scan index: 0
2025-09-10 01:14:56 - [INFO] - [DEBUG] Creating CLASSIFICATION card 0 for view: Anterior
2025-09-10 01:14:56 - [INFO] - [DEBUG] Active layers selected: ['Image']
2025-09-10 01:14:56 - [INFO] - [DEBUG] DICOM path: F:\projek dosen\prototype riset\hotspot-analyzer\data\PLANAR\ATL\5003\input.dcm
2025-09-10 01:14:56 - [INFO] - [DEBUG] Current view: Anterior
2025-09-10 01:14:56 - [INFO] - [CACHE DEBUG] use_cache=False
2025-09-10 01:14:56 - [INFO] - [CACHE DEBUG] has_adjustments=False (B=0.00, C=1.00)
2025-09-10 01:14:56 - [INFO] - [CACHE DEBUG] has_overrides=False (override_b=None, override_c=None)
2025-09-10 01:14:56 - [INFO] - [CACHE DEBUG] invert_original=True
2025-09-10 01:14:56 - [INFO] - [CACHE SKIP] Skipping cache due to adjustments/overrides/invert
2025-09-10 01:14:56 - [INFO] - [DEBUG] Path extraction: session=ATL, patient=5003, study_date=input.dcm
2025-09-10 01:14:56 - [INFO] - [DEBUG] Extracted patient info - ID: 5003, Session: ATL
2025-09-10 01:14:56 - [INFO] - [DEBUG] Original path: F:\projek dosen\prototype riset\hotspot-analyzer\data\PLANAR\ATL\5003\input.dcm
2025-09-10 01:14:56 - [INFO] - [WARN] Study date folder does not exist: F:\projek dosen\prototype riset\hotspot-analyzer\data\PLANAR\ATL\5003\20250809
2025-09-10 01:14:56 - [INFO] - [DEBUG] Fallback to DICOM parent: F:\projek dosen\prototype riset\hotspot-analyzer\data\PLANAR\ATL\5003
2025-09-10 01:14:56 - [INFO] - [DEBUG] Study date: 20250809
2025-09-10 01:14:56 - [INFO] - [DEBUG] Patient ID: 5003
2025-09-10 01:14:56 - [INFO] - [DEBUG] Session code: ATL
2025-09-10 01:14:56 - [INFO] - [DEBUG] Study date folder: F:\projek dosen\prototype riset\hotspot-analyzer\data\PLANAR\ATL\5003
2025-09-10 01:14:56 - [INFO] - [DEBUG] Loading original image for Anterior
2025-09-10 01:14:56 - [INFO] - [DEBUG] Looking for original PNG in study_date dir: F:\projek dosen\prototype riset\hotspot-analyzer\data\PLANAR\ATL\5003\ant_original.png
2025-09-10 01:14:56 - [DEBUG] - STREAM b'IHDR' 16 13
2025-09-10 01:14:56 - [DEBUG] - STREAM b'IDAT' 41 60808
2025-09-10 01:14:56 - [INFO] - [DEBUG] Loaded original PNG from study_date dir: (256, 1024)
2025-09-10 01:14:56 - [INFO] - [DEBUG] Original image loaded: (256, 1024)
2025-09-10 01:14:56 - [INFO] - [DEBUG] Applying invert to original image
2025-09-10 01:14:56 - [INFO] - [DEBUG] simple_invert_pil_image: Processing L image, size = (256, 1024)
2025-09-10 01:14:56 - [INFO] - [DEBUG] simple_invert_image: input shape = (1024, 256), dtype = uint8
2025-09-10 01:14:56 - [INFO] - [DEBUG] Simple inversion completed: [0-255] -> [0-255]
2025-09-10 01:14:56 - [INFO] - [DEBUG] simple_invert_pil_image: completed
2025-09-10 01:14:56 - [INFO] - [DEBUG] Using STORED B/C values: B=0.00, C=1.00
2025-09-10 01:14:56 - [INFO] - [DEBUG]   Image layer loaded and processed
2025-09-10 01:14:56 - [INFO] - [DEBUG] Loading segmentation layer for Anterior
2025-09-10 01:14:56 - [INFO] - [DEBUG] Looking for segmentation (NEWEST): F:\projek dosen\prototype riset\hotspot-analyzer\data\PLANAR\ATL\5003\ant_segm.png
2025-09-10 01:14:56 - [DEBUG] - STREAM b'IHDR' 16 13
2025-09-10 01:14:56 - [DEBUG] - STREAM b'IDAT' 41 6639
2025-09-10 01:14:56 - [INFO] - [DEBUG]   Loaded segmentation with transparency: F:\projek dosen\prototype riset\hotspot-analyzer\data\PLANAR\ATL\5003\ant_segm.png
2025-09-10 01:14:56 - [INFO] - [DEBUG] Segmentation type: ORIGINAL
2025-09-10 01:14:56 - [INFO] - [DEBUG] Loading hotspot layer for Anterior
2025-09-10 01:14:56 - [INFO] - [DEBUG] Looking for hotspot classification (NEWEST): F:\projek dosen\prototype riset\hotspot-analyzer\data\PLANAR\ATL\5003\ant_hotspot_classification.png
2025-09-10 01:14:56 - [INFO] - [DEBUG] No hotspot classification found: F:\projek dosen\prototype riset\hotspot-analyzer\data\PLANAR\ATL\5003\ant_hotspot_classification.png
2025-09-10 01:14:56 - [INFO] - [DEBUG] Loading bbox layer for Anterior
2025-09-10 01:14:56 - [INFO] - [DEBUG] Looking for classification XML (NEWEST): F:\projek dosen\prototype riset\hotspot-analyzer\data\PLANAR\ATL\5003\ant_hotspot_classification.xml
2025-09-10 01:14:56 - [INFO] - [DEBUG] No classification XML found: F:\projek dosen\prototype riset\hotspot-analyzer\data\PLANAR\ATL\5003\ant_hotspot_classification.xml
2025-09-10 01:14:56 - [INFO] - [CACHE STORE] Not caching due to adjustments/overrides/invert
2025-09-10 01:14:56 - [INFO] - [DEBUG]   Loaded 2 layers for Anterior: ['Image', 'Segmentation']
2025-09-10 01:14:56 - [INFO] - [DEBUG] Available CLASSIFICATION layers in files: ['Image', 'Segmentation']
2025-09-10 01:14:56 - [INFO] - [DEBUG]   Added CLASSIFICATION Image to card 0 (opacity: 1.00)
2025-09-10 01:14:56 - [INFO] - [DEBUG]   CLASSIFICATION card 0 composite created with layers: ['Image']
2025-09-10 01:14:56 - [INFO] - [DEBUG] Creating CLASSIFICATION card 0 for view: Posterior
2025-09-10 01:14:56 - [INFO] - [DEBUG] Active layers selected: ['Image']
2025-09-10 01:14:56 - [INFO] - [DEBUG] DICOM path: F:\projek dosen\prototype riset\hotspot-analyzer\data\PLANAR\ATL\5003\input.dcm
2025-09-10 01:14:56 - [INFO] - [DEBUG] Current view: Posterior
2025-09-10 01:14:56 - [INFO] - [CACHE DEBUG] use_cache=False
2025-09-10 01:14:56 - [INFO] - [CACHE DEBUG] has_adjustments=False (B=0.00, C=1.00)
2025-09-10 01:14:56 - [INFO] - [CACHE DEBUG] has_overrides=False (override_b=None, override_c=None)
2025-09-10 01:14:56 - [INFO] - [CACHE DEBUG] invert_original=True
2025-09-10 01:14:56 - [INFO] - [CACHE SKIP] Skipping cache due to adjustments/overrides/invert
2025-09-10 01:14:56 - [INFO] - [DEBUG] Path extraction: session=ATL, patient=5003, study_date=input.dcm
2025-09-10 01:14:56 - [INFO] - [DEBUG] Extracted patient info - ID: 5003, Session: ATL
2025-09-10 01:14:56 - [INFO] - [DEBUG] Original path: F:\projek dosen\prototype riset\hotspot-analyzer\data\PLANAR\ATL\5003\input.dcm
2025-09-10 01:14:56 - [INFO] - [WARN] Study date folder does not exist: F:\projek dosen\prototype riset\hotspot-analyzer\data\PLANAR\ATL\5003\20250809
2025-09-10 01:14:56 - [INFO] - [DEBUG] Fallback to DICOM parent: F:\projek dosen\prototype riset\hotspot-analyzer\data\PLANAR\ATL\5003
2025-09-10 01:14:56 - [INFO] - [DEBUG] Study date: 20250809
2025-09-10 01:14:56 - [INFO] - [DEBUG] Patient ID: 5003
2025-09-10 01:14:56 - [INFO] - [DEBUG] Session code: ATL
2025-09-10 01:14:56 - [INFO] - [DEBUG] Study date folder: F:\projek dosen\prototype riset\hotspot-analyzer\data\PLANAR\ATL\5003
2025-09-10 01:14:56 - [INFO] - [DEBUG] Loading original image for Posterior
2025-09-10 01:14:56 - [INFO] - [DEBUG] Looking for original PNG in study_date dir: F:\projek dosen\prototype riset\hotspot-analyzer\data\PLANAR\ATL\5003\post_original.png
2025-09-10 01:14:56 - [DEBUG] - STREAM b'IHDR' 16 13
2025-09-10 01:14:56 - [DEBUG] - STREAM b'IDAT' 41 60808
2025-09-10 01:14:56 - [INFO] - [DEBUG] Loaded original PNG from study_date dir: (256, 1024)
2025-09-10 01:14:56 - [INFO] - [DEBUG] Original image loaded: (256, 1024)
2025-09-10 01:14:56 - [INFO] - [DEBUG] Applying invert to original image
2025-09-10 01:14:56 - [INFO] - [DEBUG] simple_invert_pil_image: Processing L image, size = (256, 1024)
2025-09-10 01:14:56 - [INFO] - [DEBUG] simple_invert_image: input shape = (1024, 256), dtype = uint8
2025-09-10 01:14:56 - [INFO] - [DEBUG] Simple inversion completed: [0-255] -> [0-255]
2025-09-10 01:14:56 - [INFO] - [DEBUG] simple_invert_pil_image: completed
2025-09-10 01:14:56 - [INFO] - [DEBUG] Using STORED B/C values: B=0.00, C=1.00
2025-09-10 01:14:56 - [INFO] - [DEBUG]   Image layer loaded and processed
2025-09-10 01:14:56 - [INFO] - [DEBUG] Loading segmentation layer for Posterior
2025-09-10 01:14:56 - [INFO] - [DEBUG] Looking for segmentation (NEWEST): F:\projek dosen\prototype riset\hotspot-analyzer\data\PLANAR\ATL\5003\post_segm.png
2025-09-10 01:14:56 - [DEBUG] - STREAM b'IHDR' 16 13
2025-09-10 01:14:56 - [DEBUG] - STREAM b'IDAT' 41 6639
2025-09-10 01:14:56 - [INFO] - [DEBUG]   Loaded segmentation with transparency: F:\projek dosen\prototype riset\hotspot-analyzer\data\PLANAR\ATL\5003\post_segm.png
2025-09-10 01:14:56 - [INFO] - [DEBUG] Segmentation type: ORIGINAL
2025-09-10 01:14:56 - [INFO] - [DEBUG] Loading hotspot layer for Posterior
2025-09-10 01:14:56 - [INFO] - [DEBUG] Looking for hotspot classification (NEWEST): F:\projek dosen\prototype riset\hotspot-analyzer\data\PLANAR\ATL\5003\post_hotspot_classification.png
2025-09-10 01:14:56 - [INFO] - [DEBUG] No hotspot classification found: F:\projek dosen\prototype riset\hotspot-analyzer\data\PLANAR\ATL\5003\post_hotspot_classification.png
2025-09-10 01:14:56 - [INFO] - [DEBUG] Loading bbox layer for Posterior
2025-09-10 01:14:56 - [INFO] - [DEBUG] Looking for classification XML (NEWEST): F:\projek dosen\prototype riset\hotspot-analyzer\data\PLANAR\ATL\5003\post_hotspot_classification.xml
2025-09-10 01:14:56 - [INFO] - [DEBUG] No classification XML found: F:\projek dosen\prototype riset\hotspot-analyzer\data\PLANAR\ATL\5003\post_hotspot_classification.xml
2025-09-10 01:14:56 - [INFO] - [CACHE STORE] Not caching due to adjustments/overrides/invert
2025-09-10 01:14:56 - [INFO] - [DEBUG]   Loaded 2 layers for Posterior: ['Image', 'Segmentation']
2025-09-10 01:14:56 - [INFO] - [DEBUG] Available CLASSIFICATION layers in files: ['Image', 'Segmentation']
2025-09-10 01:14:56 - [INFO] - [DEBUG]   Added CLASSIFICATION Image to card 0 (opacity: 1.00)
2025-09-10 01:14:56 - [INFO] - [DEBUG]   CLASSIFICATION card 0 composite created with layers: ['Image']
2025-09-10 01:14:56 - [INFO] - [SMART UPDATE] State updated - Type: full
2025-09-10 01:14:56 - [INFO] - [SMART UPDATE] State updated - Type: layers
2025-09-10 01:14:56 - [INFO] - [DEBUG] Path extraction: session=ATL, patient=5003, study_date=input.dcm
2025-09-10 01:14:56 - [INFO] - [DEBUG] Extracted patient info - ID: 5003, Session: ATL
2025-09-10 01:14:56 - [INFO] - [DEBUG] Original path: F:\projek dosen\prototype riset\hotspot-analyzer\data\PLANAR\ATL\5003\input.dcm
2025-09-10 01:14:56 - [INFO] - [EDIT BUTTONS] Has scan: True, Has seg data: True, Can edit hotspot: True
2025-09-10 01:14:56 - [INFO] - [EDIT BUTTONS] Seg button enabled: True, Hotspot button enabled: True
2025-09-10 01:14:56 - [INFO] - [SMART UPDATE] Change type: none
2025-09-10 01:14:56 - [INFO] - [DEBUG] Timeline active layers set to: ['Image']
2025-09-10 01:14:56 - [INFO] - [SMART UPDATE] No changes detected, skipping update
2025-09-10 01:14:56 - [INFO] - [DEBUG] Set Image opacity to 1.00
2025-09-10 01:14:56 - [INFO] - [SMART UPDATE] Change type: none
2025-09-10 01:14:56 - [INFO] - [SMART UPDATE] Using full rebuild for opacity change
2025-09-10 01:14:56 - [INFO] - [DEBUG] Rebuilding timeline for active scan index: 0
2025-09-10 01:14:56 - [INFO] - [DEBUG] Creating CLASSIFICATION card 0 for view: Anterior
2025-09-10 01:14:56 - [INFO] - [DEBUG] Active layers selected: ['Image']
2025-09-10 01:14:56 - [INFO] - [DEBUG] DICOM path: F:\projek dosen\prototype riset\hotspot-analyzer\data\PLANAR\ATL\5003\input.dcm
2025-09-10 01:14:56 - [INFO] - [DEBUG] Current view: Anterior
2025-09-10 01:14:56 - [INFO] - [CACHE DEBUG] use_cache=False
2025-09-10 01:14:56 - [INFO] - [CACHE DEBUG] has_adjustments=False (B=0.00, C=1.00)
2025-09-10 01:14:56 - [INFO] - [CACHE DEBUG] has_overrides=False (override_b=None, override_c=None)
2025-09-10 01:14:56 - [INFO] - [CACHE DEBUG] invert_original=True
2025-09-10 01:14:56 - [INFO] - [CACHE SKIP] Skipping cache due to adjustments/overrides/invert
2025-09-10 01:14:56 - [INFO] - [DEBUG] Path extraction: session=ATL, patient=5003, study_date=input.dcm
2025-09-10 01:14:56 - [INFO] - [DEBUG] Extracted patient info - ID: 5003, Session: ATL
2025-09-10 01:14:56 - [INFO] - [DEBUG] Original path: F:\projek dosen\prototype riset\hotspot-analyzer\data\PLANAR\ATL\5003\input.dcm
2025-09-10 01:14:56 - [INFO] - [WARN] Study date folder does not exist: F:\projek dosen\prototype riset\hotspot-analyzer\data\PLANAR\ATL\5003\20250809
2025-09-10 01:14:56 - [INFO] - [DEBUG] Fallback to DICOM parent: F:\projek dosen\prototype riset\hotspot-analyzer\data\PLANAR\ATL\5003
2025-09-10 01:14:56 - [INFO] - [DEBUG] Study date: 20250809
2025-09-10 01:14:56 - [INFO] - [DEBUG] Patient ID: 5003
2025-09-10 01:14:56 - [INFO] - [DEBUG] Session code: ATL
2025-09-10 01:14:56 - [INFO] - [DEBUG] Study date folder: F:\projek dosen\prototype riset\hotspot-analyzer\data\PLANAR\ATL\5003
2025-09-10 01:14:56 - [INFO] - [DEBUG] Loading original image for Anterior
2025-09-10 01:14:56 - [INFO] - [DEBUG] Looking for original PNG in study_date dir: F:\projek dosen\prototype riset\hotspot-analyzer\data\PLANAR\ATL\5003\ant_original.png
2025-09-10 01:14:56 - [DEBUG] - STREAM b'IHDR' 16 13
2025-09-10 01:14:56 - [DEBUG] - STREAM b'IDAT' 41 60808
2025-09-10 01:14:56 - [INFO] - [DEBUG] Loaded original PNG from study_date dir: (256, 1024)
2025-09-10 01:14:56 - [INFO] - [DEBUG] Original image loaded: (256, 1024)
2025-09-10 01:14:56 - [INFO] - [DEBUG] Applying invert to original image
2025-09-10 01:14:56 - [INFO] - [DEBUG] simple_invert_pil_image: Processing L image, size = (256, 1024)
2025-09-10 01:14:56 - [INFO] - [DEBUG] simple_invert_image: input shape = (1024, 256), dtype = uint8
2025-09-10 01:14:56 - [INFO] - [DEBUG] Simple inversion completed: [0-255] -> [0-255]
2025-09-10 01:14:56 - [INFO] - [DEBUG] simple_invert_pil_image: completed
2025-09-10 01:14:56 - [INFO] - [DEBUG] Using STORED B/C values: B=0.00, C=1.00
2025-09-10 01:14:56 - [INFO] - [DEBUG]   Image layer loaded and processed
2025-09-10 01:14:56 - [INFO] - [DEBUG] Loading segmentation layer for Anterior
2025-09-10 01:14:56 - [INFO] - [DEBUG] Looking for segmentation (NEWEST): F:\projek dosen\prototype riset\hotspot-analyzer\data\PLANAR\ATL\5003\ant_segm.png
2025-09-10 01:14:56 - [DEBUG] - STREAM b'IHDR' 16 13
2025-09-10 01:14:56 - [DEBUG] - STREAM b'IDAT' 41 6639
2025-09-10 01:14:56 - [INFO] - [DEBUG]   Loaded segmentation with transparency: F:\projek dosen\prototype riset\hotspot-analyzer\data\PLANAR\ATL\5003\ant_segm.png
2025-09-10 01:14:56 - [INFO] - [DEBUG] Segmentation type: ORIGINAL
2025-09-10 01:14:56 - [INFO] - [DEBUG] Loading hotspot layer for Anterior
2025-09-10 01:14:56 - [INFO] - [DEBUG] Looking for hotspot classification (NEWEST): F:\projek dosen\prototype riset\hotspot-analyzer\data\PLANAR\ATL\5003\ant_hotspot_classification.png
2025-09-10 01:14:56 - [INFO] - [DEBUG] No hotspot classification found: F:\projek dosen\prototype riset\hotspot-analyzer\data\PLANAR\ATL\5003\ant_hotspot_classification.png
2025-09-10 01:14:56 - [INFO] - [DEBUG] Loading bbox layer for Anterior
2025-09-10 01:14:56 - [INFO] - [DEBUG] Looking for classification XML (NEWEST): F:\projek dosen\prototype riset\hotspot-analyzer\data\PLANAR\ATL\5003\ant_hotspot_classification.xml
2025-09-10 01:14:56 - [INFO] - [DEBUG] No classification XML found: F:\projek dosen\prototype riset\hotspot-analyzer\data\PLANAR\ATL\5003\ant_hotspot_classification.xml
2025-09-10 01:14:56 - [INFO] - [CACHE STORE] Not caching due to adjustments/overrides/invert
2025-09-10 01:14:56 - [INFO] - [DEBUG]   Loaded 2 layers for Anterior: ['Image', 'Segmentation']
2025-09-10 01:14:56 - [INFO] - [DEBUG] Available CLASSIFICATION layers in files: ['Image', 'Segmentation']
2025-09-10 01:14:56 - [INFO] - [DEBUG]   Added CLASSIFICATION Image to card 0 (opacity: 1.00)
2025-09-10 01:14:56 - [INFO] - [DEBUG]   CLASSIFICATION card 0 composite created with layers: ['Image']
2025-09-10 01:14:56 - [INFO] - [DEBUG] Creating CLASSIFICATION card 0 for view: Posterior
2025-09-10 01:14:56 - [INFO] - [DEBUG] Active layers selected: ['Image']
2025-09-10 01:14:56 - [INFO] - [DEBUG] DICOM path: F:\projek dosen\prototype riset\hotspot-analyzer\data\PLANAR\ATL\5003\input.dcm
2025-09-10 01:14:56 - [INFO] - [DEBUG] Current view: Posterior
2025-09-10 01:14:56 - [INFO] - [CACHE DEBUG] use_cache=False
2025-09-10 01:14:56 - [INFO] - [CACHE DEBUG] has_adjustments=False (B=0.00, C=1.00)
2025-09-10 01:14:56 - [INFO] - [CACHE DEBUG] has_overrides=False (override_b=None, override_c=None)
2025-09-10 01:14:56 - [INFO] - [CACHE DEBUG] invert_original=True
2025-09-10 01:14:56 - [INFO] - [CACHE SKIP] Skipping cache due to adjustments/overrides/invert
2025-09-10 01:14:56 - [INFO] - [DEBUG] Path extraction: session=ATL, patient=5003, study_date=input.dcm
2025-09-10 01:14:56 - [INFO] - [DEBUG] Extracted patient info - ID: 5003, Session: ATL
2025-09-10 01:14:56 - [INFO] - [DEBUG] Original path: F:\projek dosen\prototype riset\hotspot-analyzer\data\PLANAR\ATL\5003\input.dcm
2025-09-10 01:14:56 - [INFO] - [WARN] Study date folder does not exist: F:\projek dosen\prototype riset\hotspot-analyzer\data\PLANAR\ATL\5003\20250809
2025-09-10 01:14:56 - [INFO] - [DEBUG] Fallback to DICOM parent: F:\projek dosen\prototype riset\hotspot-analyzer\data\PLANAR\ATL\5003
2025-09-10 01:14:56 - [INFO] - [DEBUG] Study date: 20250809
2025-09-10 01:14:56 - [INFO] - [DEBUG] Patient ID: 5003
2025-09-10 01:14:56 - [INFO] - [DEBUG] Session code: ATL
2025-09-10 01:14:56 - [INFO] - [DEBUG] Study date folder: F:\projek dosen\prototype riset\hotspot-analyzer\data\PLANAR\ATL\5003
2025-09-10 01:14:56 - [INFO] - [DEBUG] Loading original image for Posterior
2025-09-10 01:14:56 - [INFO] - [DEBUG] Looking for original PNG in study_date dir: F:\projek dosen\prototype riset\hotspot-analyzer\data\PLANAR\ATL\5003\post_original.png
2025-09-10 01:14:56 - [DEBUG] - STREAM b'IHDR' 16 13
2025-09-10 01:14:56 - [DEBUG] - STREAM b'IDAT' 41 60808
2025-09-10 01:14:56 - [INFO] - [DEBUG] Loaded original PNG from study_date dir: (256, 1024)
2025-09-10 01:14:56 - [INFO] - [DEBUG] Original image loaded: (256, 1024)
2025-09-10 01:14:56 - [INFO] - [DEBUG] Applying invert to original image
2025-09-10 01:14:56 - [INFO] - [DEBUG] simple_invert_pil_image: Processing L image, size = (256, 1024)
2025-09-10 01:14:57 - [INFO] - [DEBUG] simple_invert_image: input shape = (1024, 256), dtype = uint8
2025-09-10 01:14:57 - [INFO] - [DEBUG] Simple inversion completed: [0-255] -> [0-255]
2025-09-10 01:14:57 - [INFO] - [DEBUG] simple_invert_pil_image: completed
2025-09-10 01:14:57 - [INFO] - [DEBUG] Using STORED B/C values: B=0.00, C=1.00
2025-09-10 01:14:57 - [INFO] - [DEBUG]   Image layer loaded and processed
2025-09-10 01:14:57 - [INFO] - [DEBUG] Loading segmentation layer for Posterior
2025-09-10 01:14:57 - [INFO] - [DEBUG] Looking for segmentation (NEWEST): F:\projek dosen\prototype riset\hotspot-analyzer\data\PLANAR\ATL\5003\post_segm.png
2025-09-10 01:14:57 - [DEBUG] - STREAM b'IHDR' 16 13
2025-09-10 01:14:57 - [DEBUG] - STREAM b'IDAT' 41 6639
2025-09-10 01:14:57 - [INFO] - [DEBUG]   Loaded segmentation with transparency: F:\projek dosen\prototype riset\hotspot-analyzer\data\PLANAR\ATL\5003\post_segm.png
2025-09-10 01:14:57 - [INFO] - [DEBUG] Segmentation type: ORIGINAL
2025-09-10 01:14:57 - [INFO] - [DEBUG] Loading hotspot layer for Posterior
2025-09-10 01:14:57 - [INFO] - [DEBUG] Looking for hotspot classification (NEWEST): F:\projek dosen\prototype riset\hotspot-analyzer\data\PLANAR\ATL\5003\post_hotspot_classification.png
2025-09-10 01:14:57 - [INFO] - [DEBUG] No hotspot classification found: F:\projek dosen\prototype riset\hotspot-analyzer\data\PLANAR\ATL\5003\post_hotspot_classification.png
2025-09-10 01:14:57 - [INFO] - [DEBUG] Loading bbox layer for Posterior
2025-09-10 01:14:57 - [INFO] - [DEBUG] Looking for classification XML (NEWEST): F:\projek dosen\prototype riset\hotspot-analyzer\data\PLANAR\ATL\5003\post_hotspot_classification.xml
2025-09-10 01:14:57 - [INFO] - [DEBUG] No classification XML found: F:\projek dosen\prototype riset\hotspot-analyzer\data\PLANAR\ATL\5003\post_hotspot_classification.xml
2025-09-10 01:14:57 - [INFO] - [CACHE STORE] Not caching due to adjustments/overrides/invert
2025-09-10 01:14:57 - [INFO] - [DEBUG]   Loaded 2 layers for Posterior: ['Image', 'Segmentation']
2025-09-10 01:14:57 - [INFO] - [DEBUG] Available CLASSIFICATION layers in files: ['Image', 'Segmentation']
2025-09-10 01:14:57 - [INFO] - [DEBUG]   Added CLASSIFICATION Image to card 0 (opacity: 1.00)
2025-09-10 01:14:57 - [INFO] - [DEBUG]   CLASSIFICATION card 0 composite created with layers: ['Image']
2025-09-10 01:14:57 - [INFO] - [SMART UPDATE] State updated - Type: full
2025-09-10 01:14:57 - [INFO] - [SMART UPDATE] State updated - Type: rebuild
2025-09-10 01:14:57 - [INFO] - [DEBUG] Set Segmentation opacity to 0.40
2025-09-10 01:14:57 - [INFO] - [SMART UPDATE] Change type: none
2025-09-10 01:14:57 - [INFO] - [SMART UPDATE] Using full rebuild for opacity change
2025-09-10 01:14:57 - [INFO] - [DEBUG] Rebuilding timeline for active scan index: 0
2025-09-10 01:14:57 - [INFO] - [DEBUG] Creating CLASSIFICATION card 0 for view: Anterior
2025-09-10 01:14:57 - [INFO] - [DEBUG] Active layers selected: ['Image']
2025-09-10 01:14:57 - [INFO] - [DEBUG] DICOM path: F:\projek dosen\prototype riset\hotspot-analyzer\data\PLANAR\ATL\5003\input.dcm
2025-09-10 01:14:57 - [INFO] - [DEBUG] Current view: Anterior
2025-09-10 01:14:57 - [INFO] - [CACHE DEBUG] use_cache=False
2025-09-10 01:14:57 - [INFO] - [CACHE DEBUG] has_adjustments=False (B=0.00, C=1.00)
2025-09-10 01:14:57 - [INFO] - [CACHE DEBUG] has_overrides=False (override_b=None, override_c=None)
2025-09-10 01:14:57 - [INFO] - [CACHE DEBUG] invert_original=True
2025-09-10 01:14:57 - [INFO] - [CACHE SKIP] Skipping cache due to adjustments/overrides/invert
2025-09-10 01:14:57 - [INFO] - [DEBUG] Path extraction: session=ATL, patient=5003, study_date=input.dcm
2025-09-10 01:14:57 - [INFO] - [DEBUG] Extracted patient info - ID: 5003, Session: ATL
2025-09-10 01:14:57 - [INFO] - [DEBUG] Original path: F:\projek dosen\prototype riset\hotspot-analyzer\data\PLANAR\ATL\5003\input.dcm
2025-09-10 01:14:57 - [INFO] - [WARN] Study date folder does not exist: F:\projek dosen\prototype riset\hotspot-analyzer\data\PLANAR\ATL\5003\20250809
2025-09-10 01:14:57 - [INFO] - [DEBUG] Fallback to DICOM parent: F:\projek dosen\prototype riset\hotspot-analyzer\data\PLANAR\ATL\5003
2025-09-10 01:14:57 - [INFO] - [DEBUG] Study date: 20250809
2025-09-10 01:14:57 - [INFO] - [DEBUG] Patient ID: 5003
2025-09-10 01:14:57 - [INFO] - [DEBUG] Session code: ATL
2025-09-10 01:14:57 - [INFO] - [DEBUG] Study date folder: F:\projek dosen\prototype riset\hotspot-analyzer\data\PLANAR\ATL\5003
2025-09-10 01:14:57 - [INFO] - [DEBUG] Loading original image for Anterior
2025-09-10 01:14:57 - [INFO] - [DEBUG] Looking for original PNG in study_date dir: F:\projek dosen\prototype riset\hotspot-analyzer\data\PLANAR\ATL\5003\ant_original.png
2025-09-10 01:14:57 - [DEBUG] - STREAM b'IHDR' 16 13
2025-09-10 01:14:57 - [DEBUG] - STREAM b'IDAT' 41 60808
2025-09-10 01:14:57 - [INFO] - [DEBUG] Loaded original PNG from study_date dir: (256, 1024)
2025-09-10 01:14:57 - [INFO] - [DEBUG] Original image loaded: (256, 1024)
2025-09-10 01:14:57 - [INFO] - [DEBUG] Applying invert to original image
2025-09-10 01:14:57 - [INFO] - [DEBUG] simple_invert_pil_image: Processing L image, size = (256, 1024)
2025-09-10 01:14:57 - [INFO] - [DEBUG] simple_invert_image: input shape = (1024, 256), dtype = uint8
2025-09-10 01:14:57 - [INFO] - [DEBUG] Simple inversion completed: [0-255] -> [0-255]
2025-09-10 01:14:57 - [INFO] - [DEBUG] simple_invert_pil_image: completed
2025-09-10 01:14:57 - [INFO] - [DEBUG] Using STORED B/C values: B=0.00, C=1.00
2025-09-10 01:14:57 - [INFO] - [DEBUG]   Image layer loaded and processed
2025-09-10 01:14:57 - [INFO] - [DEBUG] Loading segmentation layer for Anterior
2025-09-10 01:14:57 - [INFO] - [DEBUG] Looking for segmentation (NEWEST): F:\projek dosen\prototype riset\hotspot-analyzer\data\PLANAR\ATL\5003\ant_segm.png
2025-09-10 01:14:57 - [DEBUG] - STREAM b'IHDR' 16 13
2025-09-10 01:14:57 - [DEBUG] - STREAM b'IDAT' 41 6639
2025-09-10 01:14:57 - [INFO] - [DEBUG]   Loaded segmentation with transparency: F:\projek dosen\prototype riset\hotspot-analyzer\data\PLANAR\ATL\5003\ant_segm.png
2025-09-10 01:14:57 - [INFO] - [DEBUG] Segmentation type: ORIGINAL
2025-09-10 01:14:57 - [INFO] - [DEBUG] Loading hotspot layer for Anterior
2025-09-10 01:14:57 - [INFO] - [DEBUG] Looking for hotspot classification (NEWEST): F:\projek dosen\prototype riset\hotspot-analyzer\data\PLANAR\ATL\5003\ant_hotspot_classification.png
2025-09-10 01:14:57 - [INFO] - [DEBUG] No hotspot classification found: F:\projek dosen\prototype riset\hotspot-analyzer\data\PLANAR\ATL\5003\ant_hotspot_classification.png
2025-09-10 01:14:57 - [INFO] - [DEBUG] Loading bbox layer for Anterior
2025-09-10 01:14:57 - [INFO] - [DEBUG] Looking for classification XML (NEWEST): F:\projek dosen\prototype riset\hotspot-analyzer\data\PLANAR\ATL\5003\ant_hotspot_classification.xml
2025-09-10 01:14:57 - [INFO] - [DEBUG] No classification XML found: F:\projek dosen\prototype riset\hotspot-analyzer\data\PLANAR\ATL\5003\ant_hotspot_classification.xml
2025-09-10 01:14:57 - [INFO] - [CACHE STORE] Not caching due to adjustments/overrides/invert
2025-09-10 01:14:57 - [INFO] - [DEBUG]   Loaded 2 layers for Anterior: ['Image', 'Segmentation']
2025-09-10 01:14:57 - [INFO] - [DEBUG] Available CLASSIFICATION layers in files: ['Image', 'Segmentation']
2025-09-10 01:14:57 - [INFO] - [DEBUG]   Added CLASSIFICATION Image to card 0 (opacity: 1.00)
2025-09-10 01:14:57 - [INFO] - [DEBUG]   CLASSIFICATION card 0 composite created with layers: ['Image']
2025-09-10 01:14:57 - [INFO] - [DEBUG] Creating CLASSIFICATION card 0 for view: Posterior
2025-09-10 01:14:57 - [INFO] - [DEBUG] Active layers selected: ['Image']
2025-09-10 01:14:57 - [INFO] - [DEBUG] DICOM path: F:\projek dosen\prototype riset\hotspot-analyzer\data\PLANAR\ATL\5003\input.dcm
2025-09-10 01:14:57 - [INFO] - [DEBUG] Current view: Posterior
2025-09-10 01:14:57 - [INFO] - [CACHE DEBUG] use_cache=False
2025-09-10 01:14:57 - [INFO] - [CACHE DEBUG] has_adjustments=False (B=0.00, C=1.00)
2025-09-10 01:14:57 - [INFO] - [CACHE DEBUG] has_overrides=False (override_b=None, override_c=None)
2025-09-10 01:14:57 - [INFO] - [CACHE DEBUG] invert_original=True
2025-09-10 01:14:57 - [INFO] - [CACHE SKIP] Skipping cache due to adjustments/overrides/invert
2025-09-10 01:14:57 - [INFO] - [DEBUG] Path extraction: session=ATL, patient=5003, study_date=input.dcm
2025-09-10 01:14:57 - [INFO] - [DEBUG] Extracted patient info - ID: 5003, Session: ATL
2025-09-10 01:14:57 - [INFO] - [DEBUG] Original path: F:\projek dosen\prototype riset\hotspot-analyzer\data\PLANAR\ATL\5003\input.dcm
2025-09-10 01:14:57 - [INFO] - [WARN] Study date folder does not exist: F:\projek dosen\prototype riset\hotspot-analyzer\data\PLANAR\ATL\5003\20250809
2025-09-10 01:14:57 - [INFO] - [DEBUG] Fallback to DICOM parent: F:\projek dosen\prototype riset\hotspot-analyzer\data\PLANAR\ATL\5003
2025-09-10 01:14:57 - [INFO] - [DEBUG] Study date: 20250809
2025-09-10 01:14:57 - [INFO] - [DEBUG] Patient ID: 5003
2025-09-10 01:14:57 - [INFO] - [DEBUG] Session code: ATL
2025-09-10 01:14:57 - [INFO] - [DEBUG] Study date folder: F:\projek dosen\prototype riset\hotspot-analyzer\data\PLANAR\ATL\5003
2025-09-10 01:14:57 - [INFO] - [DEBUG] Loading original image for Posterior
2025-09-10 01:14:57 - [INFO] - [DEBUG] Looking for original PNG in study_date dir: F:\projek dosen\prototype riset\hotspot-analyzer\data\PLANAR\ATL\5003\post_original.png
2025-09-10 01:14:57 - [DEBUG] - STREAM b'IHDR' 16 13
2025-09-10 01:14:57 - [DEBUG] - STREAM b'IDAT' 41 60808
2025-09-10 01:14:57 - [INFO] - [DEBUG] Loaded original PNG from study_date dir: (256, 1024)
2025-09-10 01:14:57 - [INFO] - [DEBUG] Original image loaded: (256, 1024)
2025-09-10 01:14:57 - [INFO] - [DEBUG] Applying invert to original image
2025-09-10 01:14:57 - [INFO] - [DEBUG] simple_invert_pil_image: Processing L image, size = (256, 1024)
2025-09-10 01:14:57 - [INFO] - [DEBUG] simple_invert_image: input shape = (1024, 256), dtype = uint8
2025-09-10 01:14:57 - [INFO] - [DEBUG] Simple inversion completed: [0-255] -> [0-255]
2025-09-10 01:14:57 - [INFO] - [DEBUG] simple_invert_pil_image: completed
2025-09-10 01:14:57 - [INFO] - [DEBUG] Using STORED B/C values: B=0.00, C=1.00
2025-09-10 01:14:57 - [INFO] - [DEBUG]   Image layer loaded and processed
2025-09-10 01:14:57 - [INFO] - [DEBUG] Loading segmentation layer for Posterior
2025-09-10 01:14:57 - [INFO] - [DEBUG] Looking for segmentation (NEWEST): F:\projek dosen\prototype riset\hotspot-analyzer\data\PLANAR\ATL\5003\post_segm.png
2025-09-10 01:14:57 - [DEBUG] - STREAM b'IHDR' 16 13
2025-09-10 01:14:57 - [DEBUG] - STREAM b'IDAT' 41 6639
2025-09-10 01:14:57 - [INFO] - [DEBUG]   Loaded segmentation with transparency: F:\projek dosen\prototype riset\hotspot-analyzer\data\PLANAR\ATL\5003\post_segm.png
2025-09-10 01:14:57 - [INFO] - [DEBUG] Segmentation type: ORIGINAL
2025-09-10 01:14:57 - [INFO] - [DEBUG] Loading hotspot layer for Posterior
2025-09-10 01:14:57 - [INFO] - [DEBUG] Looking for hotspot classification (NEWEST): F:\projek dosen\prototype riset\hotspot-analyzer\data\PLANAR\ATL\5003\post_hotspot_classification.png
2025-09-10 01:14:57 - [INFO] - [DEBUG] No hotspot classification found: F:\projek dosen\prototype riset\hotspot-analyzer\data\PLANAR\ATL\5003\post_hotspot_classification.png
2025-09-10 01:14:57 - [INFO] - [DEBUG] Loading bbox layer for Posterior
2025-09-10 01:14:57 - [INFO] - [DEBUG] Looking for classification XML (NEWEST): F:\projek dosen\prototype riset\hotspot-analyzer\data\PLANAR\ATL\5003\post_hotspot_classification.xml
2025-09-10 01:14:57 - [INFO] - [DEBUG] No classification XML found: F:\projek dosen\prototype riset\hotspot-analyzer\data\PLANAR\ATL\5003\post_hotspot_classification.xml
2025-09-10 01:14:57 - [INFO] - [CACHE STORE] Not caching due to adjustments/overrides/invert
2025-09-10 01:14:57 - [INFO] - [DEBUG]   Loaded 2 layers for Posterior: ['Image', 'Segmentation']
2025-09-10 01:14:57 - [INFO] - [DEBUG] Available CLASSIFICATION layers in files: ['Image', 'Segmentation']
2025-09-10 01:14:57 - [INFO] - [DEBUG]   Added CLASSIFICATION Image to card 0 (opacity: 1.00)
2025-09-10 01:14:57 - [INFO] - [DEBUG]   CLASSIFICATION card 0 composite created with layers: ['Image']
2025-09-10 01:14:57 - [INFO] - [SMART UPDATE] State updated - Type: full
2025-09-10 01:14:57 - [INFO] - [SMART UPDATE] State updated - Type: rebuild
2025-09-10 01:14:57 - [INFO] - [DEBUG] Set Hotspot opacity to 0.50
2025-09-10 01:14:57 - [INFO] - [SMART UPDATE] Change type: none
2025-09-10 01:14:57 - [INFO] - [SMART UPDATE] Using full rebuild for opacity change
2025-09-10 01:14:57 - [INFO] - [DEBUG] Rebuilding timeline for active scan index: 0
2025-09-10 01:14:57 - [INFO] - [DEBUG] Creating CLASSIFICATION card 0 for view: Anterior
2025-09-10 01:14:57 - [INFO] - [DEBUG] Active layers selected: ['Image']
2025-09-10 01:14:57 - [INFO] - [DEBUG] DICOM path: F:\projek dosen\prototype riset\hotspot-analyzer\data\PLANAR\ATL\5003\input.dcm
2025-09-10 01:14:57 - [INFO] - [DEBUG] Current view: Anterior
2025-09-10 01:14:57 - [INFO] - [CACHE DEBUG] use_cache=False
2025-09-10 01:14:57 - [INFO] - [CACHE DEBUG] has_adjustments=False (B=0.00, C=1.00)
2025-09-10 01:14:57 - [INFO] - [CACHE DEBUG] has_overrides=False (override_b=None, override_c=None)
2025-09-10 01:14:57 - [INFO] - [CACHE DEBUG] invert_original=True
2025-09-10 01:14:57 - [INFO] - [CACHE SKIP] Skipping cache due to adjustments/overrides/invert
2025-09-10 01:14:57 - [INFO] - [DEBUG] Path extraction: session=ATL, patient=5003, study_date=input.dcm
2025-09-10 01:14:57 - [INFO] - [DEBUG] Extracted patient info - ID: 5003, Session: ATL
2025-09-10 01:14:57 - [INFO] - [DEBUG] Original path: F:\projek dosen\prototype riset\hotspot-analyzer\data\PLANAR\ATL\5003\input.dcm
2025-09-10 01:14:57 - [INFO] - [WARN] Study date folder does not exist: F:\projek dosen\prototype riset\hotspot-analyzer\data\PLANAR\ATL\5003\20250809
2025-09-10 01:14:57 - [INFO] - [DEBUG] Fallback to DICOM parent: F:\projek dosen\prototype riset\hotspot-analyzer\data\PLANAR\ATL\5003
2025-09-10 01:14:57 - [INFO] - [DEBUG] Study date: 20250809
2025-09-10 01:14:57 - [INFO] - [DEBUG] Patient ID: 5003
2025-09-10 01:14:57 - [INFO] - [DEBUG] Session code: ATL
2025-09-10 01:14:57 - [INFO] - [DEBUG] Study date folder: F:\projek dosen\prototype riset\hotspot-analyzer\data\PLANAR\ATL\5003
2025-09-10 01:14:57 - [INFO] - [DEBUG] Loading original image for Anterior
2025-09-10 01:14:57 - [INFO] - [DEBUG] Looking for original PNG in study_date dir: F:\projek dosen\prototype riset\hotspot-analyzer\data\PLANAR\ATL\5003\ant_original.png
2025-09-10 01:14:57 - [DEBUG] - STREAM b'IHDR' 16 13
2025-09-10 01:14:57 - [DEBUG] - STREAM b'IDAT' 41 60808
2025-09-10 01:14:57 - [INFO] - [DEBUG] Loaded original PNG from study_date dir: (256, 1024)
2025-09-10 01:14:57 - [INFO] - [DEBUG] Original image loaded: (256, 1024)
2025-09-10 01:14:57 - [INFO] - [DEBUG] Applying invert to original image
2025-09-10 01:14:57 - [INFO] - [DEBUG] simple_invert_pil_image: Processing L image, size = (256, 1024)
2025-09-10 01:14:57 - [INFO] - [DEBUG] simple_invert_image: input shape = (1024, 256), dtype = uint8
2025-09-10 01:14:57 - [INFO] - [DEBUG] Simple inversion completed: [0-255] -> [0-255]
2025-09-10 01:14:57 - [INFO] - [DEBUG] simple_invert_pil_image: completed
2025-09-10 01:14:57 - [INFO] - [DEBUG] Using STORED B/C values: B=0.00, C=1.00
2025-09-10 01:14:57 - [INFO] - [DEBUG]   Image layer loaded and processed
2025-09-10 01:14:57 - [INFO] - [DEBUG] Loading segmentation layer for Anterior
2025-09-10 01:14:57 - [INFO] - [DEBUG] Looking for segmentation (NEWEST): F:\projek dosen\prototype riset\hotspot-analyzer\data\PLANAR\ATL\5003\ant_segm.png
2025-09-10 01:14:57 - [DEBUG] - STREAM b'IHDR' 16 13
2025-09-10 01:14:57 - [DEBUG] - STREAM b'IDAT' 41 6639
2025-09-10 01:14:57 - [INFO] - [DEBUG]   Loaded segmentation with transparency: F:\projek dosen\prototype riset\hotspot-analyzer\data\PLANAR\ATL\5003\ant_segm.png
2025-09-10 01:14:57 - [INFO] - [DEBUG] Segmentation type: ORIGINAL
2025-09-10 01:14:57 - [INFO] - [DEBUG] Loading hotspot layer for Anterior
2025-09-10 01:14:57 - [INFO] - [DEBUG] Looking for hotspot classification (NEWEST): F:\projek dosen\prototype riset\hotspot-analyzer\data\PLANAR\ATL\5003\ant_hotspot_classification.png
2025-09-10 01:14:57 - [INFO] - [DEBUG] No hotspot classification found: F:\projek dosen\prototype riset\hotspot-analyzer\data\PLANAR\ATL\5003\ant_hotspot_classification.png
2025-09-10 01:14:57 - [INFO] - [DEBUG] Loading bbox layer for Anterior
2025-09-10 01:14:57 - [INFO] - [DEBUG] Looking for classification XML (NEWEST): F:\projek dosen\prototype riset\hotspot-analyzer\data\PLANAR\ATL\5003\ant_hotspot_classification.xml
2025-09-10 01:14:57 - [INFO] - [DEBUG] No classification XML found: F:\projek dosen\prototype riset\hotspot-analyzer\data\PLANAR\ATL\5003\ant_hotspot_classification.xml
2025-09-10 01:14:57 - [INFO] - [CACHE STORE] Not caching due to adjustments/overrides/invert
2025-09-10 01:14:57 - [INFO] - [DEBUG]   Loaded 2 layers for Anterior: ['Image', 'Segmentation']
2025-09-10 01:14:57 - [INFO] - [DEBUG] Available CLASSIFICATION layers in files: ['Image', 'Segmentation']
2025-09-10 01:14:57 - [INFO] - [DEBUG]   Added CLASSIFICATION Image to card 0 (opacity: 1.00)
2025-09-10 01:14:57 - [INFO] - [DEBUG]   CLASSIFICATION card 0 composite created with layers: ['Image']
2025-09-10 01:14:57 - [INFO] - [DEBUG] Creating CLASSIFICATION card 0 for view: Posterior
2025-09-10 01:14:57 - [INFO] - [DEBUG] Active layers selected: ['Image']
2025-09-10 01:14:57 - [INFO] - [DEBUG] DICOM path: F:\projek dosen\prototype riset\hotspot-analyzer\data\PLANAR\ATL\5003\input.dcm
2025-09-10 01:14:57 - [INFO] - [DEBUG] Current view: Posterior
2025-09-10 01:14:57 - [INFO] - [CACHE DEBUG] use_cache=False
2025-09-10 01:14:57 - [INFO] - [CACHE DEBUG] has_adjustments=False (B=0.00, C=1.00)
2025-09-10 01:14:57 - [INFO] - [CACHE DEBUG] has_overrides=False (override_b=None, override_c=None)
2025-09-10 01:14:57 - [INFO] - [CACHE DEBUG] invert_original=True
2025-09-10 01:14:57 - [INFO] - [CACHE SKIP] Skipping cache due to adjustments/overrides/invert
2025-09-10 01:14:57 - [INFO] - [DEBUG] Path extraction: session=ATL, patient=5003, study_date=input.dcm
2025-09-10 01:14:57 - [INFO] - [DEBUG] Extracted patient info - ID: 5003, Session: ATL
2025-09-10 01:14:57 - [INFO] - [DEBUG] Original path: F:\projek dosen\prototype riset\hotspot-analyzer\data\PLANAR\ATL\5003\input.dcm
2025-09-10 01:14:57 - [INFO] - [WARN] Study date folder does not exist: F:\projek dosen\prototype riset\hotspot-analyzer\data\PLANAR\ATL\5003\20250809
2025-09-10 01:14:57 - [INFO] - [DEBUG] Fallback to DICOM parent: F:\projek dosen\prototype riset\hotspot-analyzer\data\PLANAR\ATL\5003
2025-09-10 01:14:57 - [INFO] - [DEBUG] Study date: 20250809
2025-09-10 01:14:57 - [INFO] - [DEBUG] Patient ID: 5003
2025-09-10 01:14:57 - [INFO] - [DEBUG] Session code: ATL
2025-09-10 01:14:57 - [INFO] - [DEBUG] Study date folder: F:\projek dosen\prototype riset\hotspot-analyzer\data\PLANAR\ATL\5003
2025-09-10 01:14:57 - [INFO] - [DEBUG] Loading original image for Posterior
2025-09-10 01:14:57 - [INFO] - [DEBUG] Looking for original PNG in study_date dir: F:\projek dosen\prototype riset\hotspot-analyzer\data\PLANAR\ATL\5003\post_original.png
2025-09-10 01:14:57 - [DEBUG] - STREAM b'IHDR' 16 13
2025-09-10 01:14:57 - [DEBUG] - STREAM b'IDAT' 41 60808
2025-09-10 01:14:57 - [INFO] - [DEBUG] Loaded original PNG from study_date dir: (256, 1024)
2025-09-10 01:14:57 - [INFO] - [DEBUG] Original image loaded: (256, 1024)
2025-09-10 01:14:57 - [INFO] - [DEBUG] Applying invert to original image
2025-09-10 01:14:57 - [INFO] - [DEBUG] simple_invert_pil_image: Processing L image, size = (256, 1024)
2025-09-10 01:14:57 - [INFO] - [DEBUG] simple_invert_image: input shape = (1024, 256), dtype = uint8
2025-09-10 01:14:57 - [INFO] - [DEBUG] Simple inversion completed: [0-255] -> [0-255]
2025-09-10 01:14:57 - [INFO] - [DEBUG] simple_invert_pil_image: completed
2025-09-10 01:14:57 - [INFO] - [DEBUG] Using STORED B/C values: B=0.00, C=1.00
2025-09-10 01:14:57 - [INFO] - [DEBUG]   Image layer loaded and processed
2025-09-10 01:14:57 - [INFO] - [DEBUG] Loading segmentation layer for Posterior
2025-09-10 01:14:57 - [INFO] - [DEBUG] Looking for segmentation (NEWEST): F:\projek dosen\prototype riset\hotspot-analyzer\data\PLANAR\ATL\5003\post_segm.png
2025-09-10 01:14:57 - [DEBUG] - STREAM b'IHDR' 16 13
2025-09-10 01:14:57 - [DEBUG] - STREAM b'IDAT' 41 6639
2025-09-10 01:14:57 - [INFO] - [DEBUG]   Loaded segmentation with transparency: F:\projek dosen\prototype riset\hotspot-analyzer\data\PLANAR\ATL\5003\post_segm.png
2025-09-10 01:14:57 - [INFO] - [DEBUG] Segmentation type: ORIGINAL
2025-09-10 01:14:57 - [INFO] - [DEBUG] Loading hotspot layer for Posterior
2025-09-10 01:14:57 - [INFO] - [DEBUG] Looking for hotspot classification (NEWEST): F:\projek dosen\prototype riset\hotspot-analyzer\data\PLANAR\ATL\5003\post_hotspot_classification.png
2025-09-10 01:14:57 - [INFO] - [DEBUG] No hotspot classification found: F:\projek dosen\prototype riset\hotspot-analyzer\data\PLANAR\ATL\5003\post_hotspot_classification.png
2025-09-10 01:14:57 - [INFO] - [DEBUG] Loading bbox layer for Posterior
2025-09-10 01:14:57 - [INFO] - [DEBUG] Looking for classification XML (NEWEST): F:\projek dosen\prototype riset\hotspot-analyzer\data\PLANAR\ATL\5003\post_hotspot_classification.xml
2025-09-10 01:14:57 - [INFO] - [DEBUG] No classification XML found: F:\projek dosen\prototype riset\hotspot-analyzer\data\PLANAR\ATL\5003\post_hotspot_classification.xml
2025-09-10 01:14:57 - [INFO] - [CACHE STORE] Not caching due to adjustments/overrides/invert
2025-09-10 01:14:57 - [INFO] - [DEBUG]   Loaded 2 layers for Posterior: ['Image', 'Segmentation']
2025-09-10 01:14:57 - [INFO] - [DEBUG] Available CLASSIFICATION layers in files: ['Image', 'Segmentation']
2025-09-10 01:14:57 - [INFO] - [DEBUG]   Added CLASSIFICATION Image to card 0 (opacity: 1.00)
2025-09-10 01:14:57 - [INFO] - [DEBUG]   CLASSIFICATION card 0 composite created with layers: ['Image']
2025-09-10 01:14:57 - [INFO] - [SMART UPDATE] State updated - Type: full
2025-09-10 01:14:57 - [INFO] - [SMART UPDATE] State updated - Type: rebuild
2025-09-10 01:14:57 - [INFO] - [DEBUG] Set HotspotBBox opacity to 1.00
2025-09-10 01:14:57 - [INFO] - [SMART UPDATE] Change type: none
2025-09-10 01:14:57 - [INFO] - [SMART UPDATE] Using full rebuild for opacity change
2025-09-10 01:14:57 - [INFO] - [DEBUG] Rebuilding timeline for active scan index: 0
2025-09-10 01:14:57 - [INFO] - [DEBUG] Creating CLASSIFICATION card 0 for view: Anterior
2025-09-10 01:14:57 - [INFO] - [DEBUG] Active layers selected: ['Image']
2025-09-10 01:14:57 - [INFO] - [DEBUG] DICOM path: F:\projek dosen\prototype riset\hotspot-analyzer\data\PLANAR\ATL\5003\input.dcm
2025-09-10 01:14:57 - [INFO] - [DEBUG] Current view: Anterior
2025-09-10 01:14:57 - [INFO] - [CACHE DEBUG] use_cache=False
2025-09-10 01:14:57 - [INFO] - [CACHE DEBUG] has_adjustments=False (B=0.00, C=1.00)
2025-09-10 01:14:57 - [INFO] - [CACHE DEBUG] has_overrides=False (override_b=None, override_c=None)
2025-09-10 01:14:57 - [INFO] - [CACHE DEBUG] invert_original=True
2025-09-10 01:14:57 - [INFO] - [CACHE SKIP] Skipping cache due to adjustments/overrides/invert
2025-09-10 01:14:57 - [INFO] - [DEBUG] Path extraction: session=ATL, patient=5003, study_date=input.dcm
2025-09-10 01:14:57 - [INFO] - [DEBUG] Extracted patient info - ID: 5003, Session: ATL
2025-09-10 01:14:57 - [INFO] - [DEBUG] Original path: F:\projek dosen\prototype riset\hotspot-analyzer\data\PLANAR\ATL\5003\input.dcm
2025-09-10 01:14:57 - [INFO] - [WARN] Study date folder does not exist: F:\projek dosen\prototype riset\hotspot-analyzer\data\PLANAR\ATL\5003\20250809
2025-09-10 01:14:57 - [INFO] - [DEBUG] Fallback to DICOM parent: F:\projek dosen\prototype riset\hotspot-analyzer\data\PLANAR\ATL\5003
2025-09-10 01:14:57 - [INFO] - [DEBUG] Study date: 20250809
2025-09-10 01:14:57 - [INFO] - [DEBUG] Patient ID: 5003
2025-09-10 01:14:57 - [INFO] - [DEBUG] Session code: ATL
2025-09-10 01:14:57 - [INFO] - [DEBUG] Study date folder: F:\projek dosen\prototype riset\hotspot-analyzer\data\PLANAR\ATL\5003
2025-09-10 01:14:57 - [INFO] - [DEBUG] Loading original image for Anterior
2025-09-10 01:14:57 - [INFO] - [DEBUG] Looking for original PNG in study_date dir: F:\projek dosen\prototype riset\hotspot-analyzer\data\PLANAR\ATL\5003\ant_original.png
2025-09-10 01:14:57 - [DEBUG] - STREAM b'IHDR' 16 13
2025-09-10 01:14:57 - [DEBUG] - STREAM b'IDAT' 41 60808
2025-09-10 01:14:57 - [INFO] - [DEBUG] Loaded original PNG from study_date dir: (256, 1024)
2025-09-10 01:14:57 - [INFO] - [DEBUG] Original image loaded: (256, 1024)
2025-09-10 01:14:57 - [INFO] - [DEBUG] Applying invert to original image
2025-09-10 01:14:57 - [INFO] - [DEBUG] simple_invert_pil_image: Processing L image, size = (256, 1024)
2025-09-10 01:14:57 - [INFO] - [DEBUG] simple_invert_image: input shape = (1024, 256), dtype = uint8
2025-09-10 01:14:57 - [INFO] - [DEBUG] Simple inversion completed: [0-255] -> [0-255]
2025-09-10 01:14:57 - [INFO] - [DEBUG] simple_invert_pil_image: completed
2025-09-10 01:14:57 - [INFO] - [DEBUG] Using STORED B/C values: B=0.00, C=1.00
2025-09-10 01:14:57 - [INFO] - [DEBUG]   Image layer loaded and processed
2025-09-10 01:14:57 - [INFO] - [DEBUG] Loading segmentation layer for Anterior
2025-09-10 01:14:57 - [INFO] - [DEBUG] Looking for segmentation (NEWEST): F:\projek dosen\prototype riset\hotspot-analyzer\data\PLANAR\ATL\5003\ant_segm.png
2025-09-10 01:14:57 - [DEBUG] - STREAM b'IHDR' 16 13
2025-09-10 01:14:57 - [DEBUG] - STREAM b'IDAT' 41 6639
2025-09-10 01:14:57 - [INFO] - [DEBUG]   Loaded segmentation with transparency: F:\projek dosen\prototype riset\hotspot-analyzer\data\PLANAR\ATL\5003\ant_segm.png
2025-09-10 01:14:57 - [INFO] - [DEBUG] Segmentation type: ORIGINAL
2025-09-10 01:14:57 - [INFO] - [DEBUG] Loading hotspot layer for Anterior
2025-09-10 01:14:57 - [INFO] - [DEBUG] Looking for hotspot classification (NEWEST): F:\projek dosen\prototype riset\hotspot-analyzer\data\PLANAR\ATL\5003\ant_hotspot_classification.png
2025-09-10 01:14:57 - [INFO] - [DEBUG] No hotspot classification found: F:\projek dosen\prototype riset\hotspot-analyzer\data\PLANAR\ATL\5003\ant_hotspot_classification.png
2025-09-10 01:14:57 - [INFO] - [DEBUG] Loading bbox layer for Anterior
2025-09-10 01:14:57 - [INFO] - [DEBUG] Looking for classification XML (NEWEST): F:\projek dosen\prototype riset\hotspot-analyzer\data\PLANAR\ATL\5003\ant_hotspot_classification.xml
2025-09-10 01:14:57 - [INFO] - [DEBUG] No classification XML found: F:\projek dosen\prototype riset\hotspot-analyzer\data\PLANAR\ATL\5003\ant_hotspot_classification.xml
2025-09-10 01:14:57 - [INFO] - [CACHE STORE] Not caching due to adjustments/overrides/invert
2025-09-10 01:14:57 - [INFO] - [DEBUG]   Loaded 2 layers for Anterior: ['Image', 'Segmentation']
2025-09-10 01:14:57 - [INFO] - [DEBUG] Available CLASSIFICATION layers in files: ['Image', 'Segmentation']
2025-09-10 01:14:57 - [INFO] - [DEBUG]   Added CLASSIFICATION Image to card 0 (opacity: 1.00)
2025-09-10 01:14:57 - [INFO] - [DEBUG]   CLASSIFICATION card 0 composite created with layers: ['Image']
2025-09-10 01:14:57 - [INFO] - [DEBUG] Creating CLASSIFICATION card 0 for view: Posterior
2025-09-10 01:14:57 - [INFO] - [DEBUG] Active layers selected: ['Image']
2025-09-10 01:14:57 - [INFO] - [DEBUG] DICOM path: F:\projek dosen\prototype riset\hotspot-analyzer\data\PLANAR\ATL\5003\input.dcm
2025-09-10 01:14:57 - [INFO] - [DEBUG] Current view: Posterior
2025-09-10 01:14:57 - [INFO] - [CACHE DEBUG] use_cache=False
2025-09-10 01:14:57 - [INFO] - [CACHE DEBUG] has_adjustments=False (B=0.00, C=1.00)
2025-09-10 01:14:57 - [INFO] - [CACHE DEBUG] has_overrides=False (override_b=None, override_c=None)
2025-09-10 01:14:57 - [INFO] - [CACHE DEBUG] invert_original=True
2025-09-10 01:14:57 - [INFO] - [CACHE SKIP] Skipping cache due to adjustments/overrides/invert
2025-09-10 01:14:57 - [INFO] - [DEBUG] Path extraction: session=ATL, patient=5003, study_date=input.dcm
2025-09-10 01:14:57 - [INFO] - [DEBUG] Extracted patient info - ID: 5003, Session: ATL
2025-09-10 01:14:57 - [INFO] - [DEBUG] Original path: F:\projek dosen\prototype riset\hotspot-analyzer\data\PLANAR\ATL\5003\input.dcm
2025-09-10 01:14:57 - [INFO] - [WARN] Study date folder does not exist: F:\projek dosen\prototype riset\hotspot-analyzer\data\PLANAR\ATL\5003\20250809
2025-09-10 01:14:57 - [INFO] - [DEBUG] Fallback to DICOM parent: F:\projek dosen\prototype riset\hotspot-analyzer\data\PLANAR\ATL\5003
2025-09-10 01:14:57 - [INFO] - [DEBUG] Study date: 20250809
2025-09-10 01:14:57 - [INFO] - [DEBUG] Patient ID: 5003
2025-09-10 01:14:57 - [INFO] - [DEBUG] Session code: ATL
2025-09-10 01:14:57 - [INFO] - [DEBUG] Study date folder: F:\projek dosen\prototype riset\hotspot-analyzer\data\PLANAR\ATL\5003
2025-09-10 01:14:57 - [INFO] - [DEBUG] Loading original image for Posterior
2025-09-10 01:14:57 - [INFO] - [DEBUG] Looking for original PNG in study_date dir: F:\projek dosen\prototype riset\hotspot-analyzer\data\PLANAR\ATL\5003\post_original.png
2025-09-10 01:14:57 - [DEBUG] - STREAM b'IHDR' 16 13
2025-09-10 01:14:57 - [DEBUG] - STREAM b'IDAT' 41 60808
2025-09-10 01:14:57 - [INFO] - [DEBUG] Loaded original PNG from study_date dir: (256, 1024)
2025-09-10 01:14:57 - [INFO] - [DEBUG] Original image loaded: (256, 1024)
2025-09-10 01:14:57 - [INFO] - [DEBUG] Applying invert to original image
2025-09-10 01:14:57 - [INFO] - [DEBUG] simple_invert_pil_image: Processing L image, size = (256, 1024)
2025-09-10 01:14:57 - [INFO] - [DEBUG] simple_invert_image: input shape = (1024, 256), dtype = uint8
2025-09-10 01:14:57 - [INFO] - [DEBUG] Simple inversion completed: [0-255] -> [0-255]
2025-09-10 01:14:57 - [INFO] - [DEBUG] simple_invert_pil_image: completed
2025-09-10 01:14:57 - [INFO] - [DEBUG] Using STORED B/C values: B=0.00, C=1.00
2025-09-10 01:14:57 - [INFO] - [DEBUG]   Image layer loaded and processed
2025-09-10 01:14:57 - [INFO] - [DEBUG] Loading segmentation layer for Posterior
2025-09-10 01:14:57 - [INFO] - [DEBUG] Looking for segmentation (NEWEST): F:\projek dosen\prototype riset\hotspot-analyzer\data\PLANAR\ATL\5003\post_segm.png
2025-09-10 01:14:57 - [DEBUG] - STREAM b'IHDR' 16 13
2025-09-10 01:14:57 - [DEBUG] - STREAM b'IDAT' 41 6639
2025-09-10 01:14:57 - [INFO] - [DEBUG]   Loaded segmentation with transparency: F:\projek dosen\prototype riset\hotspot-analyzer\data\PLANAR\ATL\5003\post_segm.png
2025-09-10 01:14:57 - [INFO] - [DEBUG] Segmentation type: ORIGINAL
2025-09-10 01:14:57 - [INFO] - [DEBUG] Loading hotspot layer for Posterior
2025-09-10 01:14:57 - [INFO] - [DEBUG] Looking for hotspot classification (NEWEST): F:\projek dosen\prototype riset\hotspot-analyzer\data\PLANAR\ATL\5003\post_hotspot_classification.png
2025-09-10 01:14:57 - [INFO] - [DEBUG] No hotspot classification found: F:\projek dosen\prototype riset\hotspot-analyzer\data\PLANAR\ATL\5003\post_hotspot_classification.png
2025-09-10 01:14:57 - [INFO] - [DEBUG] Loading bbox layer for Posterior
2025-09-10 01:14:57 - [INFO] - [DEBUG] Looking for classification XML (NEWEST): F:\projek dosen\prototype riset\hotspot-analyzer\data\PLANAR\ATL\5003\post_hotspot_classification.xml
2025-09-10 01:14:57 - [INFO] - [DEBUG] No classification XML found: F:\projek dosen\prototype riset\hotspot-analyzer\data\PLANAR\ATL\5003\post_hotspot_classification.xml
2025-09-10 01:14:57 - [INFO] - [CACHE STORE] Not caching due to adjustments/overrides/invert
2025-09-10 01:14:57 - [INFO] - [DEBUG]   Loaded 2 layers for Posterior: ['Image', 'Segmentation']
2025-09-10 01:14:57 - [INFO] - [DEBUG] Available CLASSIFICATION layers in files: ['Image', 'Segmentation']
2025-09-10 01:14:57 - [INFO] - [DEBUG]   Added CLASSIFICATION Image to card 0 (opacity: 1.00)
2025-09-10 01:14:57 - [INFO] - [DEBUG]   CLASSIFICATION card 0 composite created with layers: ['Image']
2025-09-10 01:14:57 - [INFO] - [SMART UPDATE] State updated - Type: full
2025-09-10 01:14:57 - [INFO] - [SMART UPDATE] State updated - Type: rebuild
2025-09-10 01:14:57 - [INFO] - [MainWindow] Updating timeline with 1 scans
2025-09-10 01:14:57 - [INFO] - [BSI META INTEGRATION] Updating scan meta with BSI data
2025-09-10 01:14:57 - [INFO] - [BSI META INTEGRATION] Session code: ATL
2025-09-10 01:14:57 - [INFO] - [BSI META INTEGRATION] Scan path: F:\projek dosen\prototype riset\hotspot-analyzer\data\PLANAR\ATL\5001\20250115\A1.dcm
2025-09-10 01:14:57 - [INFO] - [BSI EXTRACT INFO] Extracting from path: F:\projek dosen\prototype riset\hotspot-analyzer\data\PLANAR\ATL\5001\20250115\A1.dcm
2025-09-10 01:14:57 - [INFO] - [BSI EXTRACT INFO] Extracted study_date from DICOM: 20250115
2025-09-10 01:14:57 - [INFO] - [BSI EXTRACT INFO] Extracted patient_id from study_date structure: 5001
2025-09-10 01:14:57 - [INFO] - [BSI EXTRACT INFO] Final result - Patient: 5001, Study: 20250115
2025-09-10 01:14:57 - [INFO] - [BSI META INTEGRATION] Extracted - Patient: 5001, Study: 20250115
2025-09-10 01:14:57 - [INFO] - [DEBUG QUANT FILES] Getting quantification files for: F:\projek dosen\prototype riset\hotspot-analyzer\data\PLANAR\ATL\5001\20250115
2025-09-10 01:14:57 - [INFO] - [DEBUG QUANT FILES] Detected study_date folder: F:\projek dosen\prototype riset\hotspot-analyzer\data\PLANAR\ATL\5001\20250115
2025-09-10 01:14:57 - [INFO] - [DEBUG QUANT FILES] Generated paths:
2025-09-10 01:14:57 - [INFO] - [DEBUG QUANT FILES]   bsi_json_ant: F:\projek dosen\prototype riset\hotspot-analyzer\data\PLANAR\ATL\5001\20250115\bsi_quantification_ant.json (exists: True)
2025-09-10 01:14:57 - [INFO] - [DEBUG QUANT FILES]   bsi_json_post: F:\projek dosen\prototype riset\hotspot-analyzer\data\PLANAR\ATL\5001\20250115\bsi_quantification_post.json (exists: True)
2025-09-10 01:14:57 - [INFO] - [BSI META INTEGRATION] Found BSI files in study_date folder: F:\projek dosen\prototype riset\hotspot-analyzer\data\PLANAR\ATL\5001\20250115
2025-09-10 01:14:57 - [INFO] - [BSI META INTEGRATION] Using patient folder: F:\projek dosen\prototype riset\hotspot-analyzer\data\PLANAR\ATL\5001\20250115
2025-09-10 01:14:57 - [INFO] - [DEBUG BSI] Detected study_date folder, using parent: F:\projek dosen\prototype riset\hotspot-analyzer\data\PLANAR\ATL\5001
2025-09-10 01:14:57 - [INFO] - [DEBUG BSI] Found study_date folder: 20250115
2025-09-10 01:14:57 - [INFO] - [DEBUG BSI]     - 2025-08-16 (DIR)
2025-09-10 01:14:57 - [INFO] - [DEBUG BSI]     - 20250115 (DIR)
2025-09-10 01:14:57 - [INFO] - [DEBUG BSI]     - 20250826 (DIR)
2025-09-10 01:14:57 - [INFO] - [DEBUG BSI]     - 5001_20250115_anterior_colored_grayscaledSegmentation.png (FILE)
2025-09-10 01:14:57 - [INFO] - [DEBUG BSI]     - 5001_20250115_posterior_colored_grayscaledSegmentation.png (FILE)
2025-09-10 01:14:57 - [INFO] - [DEBUG BSI]     - A1.dcm (FILE)
2025-09-10 01:14:57 - [INFO] - [DEBUG BSI]     - ant_hotspot_classification.json (FILE)
2025-09-10 01:14:57 - [INFO] - [DEBUG BSI]     - ant_hotspot_classification.png (FILE)
2025-09-10 01:14:57 - [INFO] - [DEBUG BSI]     - ant_hotspot_classification.xml (FILE)
2025-09-10 01:14:57 - [INFO] - [DEBUG BSI]     - ant_hotspot_otsu_colored.png (FILE)
2025-09-10 01:14:57 - [INFO] - [DEBUG BSI]     - ant_hotspot_otsu_colored_blend.png (FILE)
2025-09-10 01:14:57 - [INFO] - [DEBUG BSI]     - ant_hotspot_otsu_grayscale.png (FILE)
2025-09-10 01:14:57 - [INFO] - [DEBUG BSI]     - ant_hotspot_yolo.xml (FILE)
2025-09-10 01:14:57 - [INFO] - [DEBUG BSI]     - ant_mask.png (FILE)
2025-09-10 01:14:57 - [INFO] - [DEBUG BSI]     - ant_original.png (FILE)
2025-09-10 01:14:57 - [INFO] - [DEBUG BSI]     - ant_segm.png (FILE)
2025-09-10 01:14:57 - [INFO] - [DEBUG BSI]     - bsi_quantification_ant.json (FILE)
2025-09-10 01:14:57 - [INFO] - [DEBUG BSI]     - bsi_quantification_post.json (FILE)
2025-09-10 01:14:57 - [INFO] - [DEBUG BSI]     - post_hotspot_classification.json (FILE)
2025-09-10 01:14:57 - [INFO] - [DEBUG BSI]     - post_hotspot_classification.png (FILE)
2025-09-10 01:14:57 - [INFO] - [DEBUG BSI]     - post_hotspot_classification.xml (FILE)
2025-09-10 01:14:57 - [INFO] - [DEBUG BSI]     - post_hotspot_otsu_colored.png (FILE)
2025-09-10 01:14:57 - [INFO] - [DEBUG BSI]     - post_hotspot_otsu_colored_blend.png (FILE)
2025-09-10 01:14:57 - [INFO] - [DEBUG BSI]     - post_hotspot_otsu_mask.png (FILE)
2025-09-10 01:14:57 - [INFO] - [DEBUG BSI]     - post_hotspot_yolo.xml (FILE)
2025-09-10 01:14:57 - [INFO] - [DEBUG BSI]     - post_mask.png (FILE)
2025-09-10 01:14:57 - [INFO] - [DEBUG BSI]     - post_original.png (FILE)
2025-09-10 01:14:57 - [INFO] - [DEBUG BSI]     - post_segm.png (FILE)
2025-09-10 01:14:57 - [INFO] - [DEBUG BSI]     - 2025-08-16 (DIR)
2025-09-10 01:14:57 - [INFO] - [DEBUG BSI]     - 20250115 (DIR)
2025-09-10 01:14:57 - [INFO] - [BSI META INTEGRATION] Found BSI data: {'study_date': '20250115', 'anterior_bsi': 0.17069203044835105, 'posterior_bsi': 0.40696223248870805, 'combined_bsi': 0.28882713146852956, 'bsi_score': 0.28882713146852956, 'file_source': 'bsi_quantification_ant.json + bsi_quantification_post.json', 'processing_mode': 'dual_view', 'is_v2': True, 'source_location': 'Study date folder'}
2025-09-10 01:14:57 - [INFO] - [BSI META INTEGRATION]   Updated meta with BSI data:
2025-09-10 01:14:57 - [INFO] - [BSI META INTEGRATION]   Anterior BSI: 0.17069203044835105
2025-09-10 01:14:57 - [INFO] - [BSI META INTEGRATION]   Posterior BSI: 0.40696223248870805
2025-09-10 01:14:57 - [INFO] - [BSI META INTEGRATION]   Processing mode: dual_view
2025-09-10 01:14:57 - [INFO] - [MainWindow]   BSI integration completed for 1 scans
2025-09-10 01:14:57 - [INFO] - [MainWindow DEBUG] First scan meta keys: ['patient_id', 'patient_name', 'patient_birth_date', 'patient_sex', 'patient_weight', 'patient_size', 'patient_age', 'study_date', 'series_date', 'study_time', 'modality', 'series_description', 'study_instance_uid', 'series_instance_uid', 'has_bsi', 'bsi_anterior', 'bsi_posterior', 'bsi_combined', 'bsi_processing_mode', 'bsi_file_source']
2025-09-10 01:14:57 - [INFO] - [MainWindow DEBUG] has_bsi: True
2025-09-10 01:14:57 - [INFO] - [MainWindow DEBUG] bsi_anterior: 0.17069203044835105
2025-09-10 01:14:57 - [INFO] - [MainWindow DEBUG] bsi_posterior: 0.40696223248870805
2025-09-10 01:14:57 - [INFO] - [DEBUG] display_timeline called with 1 scan(s), focusing on index = 0
2025-09-10 01:14:57 - [INFO] - [BSI META INTEGRATION] Updating scan meta with BSI data
2025-09-10 01:14:57 - [INFO] - [BSI META INTEGRATION] Session code: ATL
2025-09-10 01:14:57 - [INFO] - [BSI META INTEGRATION] Scan path: F:\projek dosen\prototype riset\hotspot-analyzer\data\PLANAR\ATL\5001\20250115\A1.dcm
2025-09-10 01:14:57 - [INFO] - [BSI EXTRACT INFO] Extracting from path: F:\projek dosen\prototype riset\hotspot-analyzer\data\PLANAR\ATL\5001\20250115\A1.dcm
2025-09-10 01:14:57 - [INFO] - [BSI EXTRACT INFO] Extracted study_date from DICOM: 20250115
2025-09-10 01:14:57 - [INFO] - [BSI EXTRACT INFO] Extracted patient_id from study_date structure: 5001
2025-09-10 01:14:57 - [INFO] - [BSI EXTRACT INFO] Final result - Patient: 5001, Study: 20250115
2025-09-10 01:14:57 - [INFO] - [BSI META INTEGRATION] Extracted - Patient: 5001, Study: 20250115
2025-09-10 01:14:57 - [INFO] - [DEBUG QUANT FILES] Getting quantification files for: F:\projek dosen\prototype riset\hotspot-analyzer\data\PLANAR\ATL\5001\20250115
2025-09-10 01:14:57 - [INFO] - [DEBUG QUANT FILES] Detected study_date folder: F:\projek dosen\prototype riset\hotspot-analyzer\data\PLANAR\ATL\5001\20250115
2025-09-10 01:14:57 - [INFO] - [DEBUG QUANT FILES] Generated paths:
2025-09-10 01:14:57 - [INFO] - [DEBUG QUANT FILES]   bsi_json_ant: F:\projek dosen\prototype riset\hotspot-analyzer\data\PLANAR\ATL\5001\20250115\bsi_quantification_ant.json (exists: True)
2025-09-10 01:14:57 - [INFO] - [DEBUG QUANT FILES]   bsi_json_post: F:\projek dosen\prototype riset\hotspot-analyzer\data\PLANAR\ATL\5001\20250115\bsi_quantification_post.json (exists: True)
2025-09-10 01:14:57 - [INFO] - [BSI META INTEGRATION] Found BSI files in study_date folder: F:\projek dosen\prototype riset\hotspot-analyzer\data\PLANAR\ATL\5001\20250115
2025-09-10 01:14:57 - [INFO] - [BSI META INTEGRATION] Using patient folder: F:\projek dosen\prototype riset\hotspot-analyzer\data\PLANAR\ATL\5001\20250115
2025-09-10 01:14:57 - [INFO] - [DEBUG BSI] Detected study_date folder, using parent: F:\projek dosen\prototype riset\hotspot-analyzer\data\PLANAR\ATL\5001
2025-09-10 01:14:57 - [INFO] - [DEBUG BSI] Found study_date folder: 20250115
2025-09-10 01:14:57 - [INFO] - [DEBUG BSI]     - 2025-08-16 (DIR)
2025-09-10 01:14:57 - [INFO] - [DEBUG BSI]     - 20250115 (DIR)
2025-09-10 01:14:57 - [INFO] - [DEBUG BSI]     - 20250826 (DIR)
2025-09-10 01:14:57 - [INFO] - [DEBUG BSI]     - 5001_20250115_anterior_colored_grayscaledSegmentation.png (FILE)
2025-09-10 01:14:57 - [INFO] - [DEBUG BSI]     - 5001_20250115_posterior_colored_grayscaledSegmentation.png (FILE)
2025-09-10 01:14:57 - [INFO] - [DEBUG BSI]     - A1.dcm (FILE)
2025-09-10 01:14:57 - [INFO] - [DEBUG BSI]     - ant_hotspot_classification.json (FILE)
2025-09-10 01:14:57 - [INFO] - [DEBUG BSI]     - ant_hotspot_classification.png (FILE)
2025-09-10 01:14:57 - [INFO] - [DEBUG BSI]     - ant_hotspot_classification.xml (FILE)
2025-09-10 01:14:57 - [INFO] - [DEBUG BSI]     - ant_hotspot_otsu_colored.png (FILE)
2025-09-10 01:14:57 - [INFO] - [DEBUG BSI]     - ant_hotspot_otsu_colored_blend.png (FILE)
2025-09-10 01:14:57 - [INFO] - [DEBUG BSI]     - ant_hotspot_otsu_grayscale.png (FILE)
2025-09-10 01:14:57 - [INFO] - [DEBUG BSI]     - ant_hotspot_yolo.xml (FILE)
2025-09-10 01:14:57 - [INFO] - [DEBUG BSI]     - ant_mask.png (FILE)
2025-09-10 01:14:57 - [INFO] - [DEBUG BSI]     - ant_original.png (FILE)
2025-09-10 01:14:57 - [INFO] - [DEBUG BSI]     - ant_segm.png (FILE)
2025-09-10 01:14:57 - [INFO] - [DEBUG BSI]     - bsi_quantification_ant.json (FILE)
2025-09-10 01:14:57 - [INFO] - [DEBUG BSI]     - bsi_quantification_post.json (FILE)
2025-09-10 01:14:57 - [INFO] - [DEBUG BSI]     - post_hotspot_classification.json (FILE)
2025-09-10 01:14:57 - [INFO] - [DEBUG BSI]     - post_hotspot_classification.png (FILE)
2025-09-10 01:14:57 - [INFO] - [DEBUG BSI]     - post_hotspot_classification.xml (FILE)
2025-09-10 01:14:57 - [INFO] - [DEBUG BSI]     - post_hotspot_otsu_colored.png (FILE)
2025-09-10 01:14:57 - [INFO] - [DEBUG BSI]     - post_hotspot_otsu_colored_blend.png (FILE)
2025-09-10 01:14:57 - [INFO] - [DEBUG BSI]     - post_hotspot_otsu_mask.png (FILE)
2025-09-10 01:14:57 - [INFO] - [DEBUG BSI]     - post_hotspot_yolo.xml (FILE)
2025-09-10 01:14:57 - [INFO] - [DEBUG BSI]     - post_mask.png (FILE)
2025-09-10 01:14:57 - [INFO] - [DEBUG BSI]     - post_original.png (FILE)
2025-09-10 01:14:57 - [INFO] - [DEBUG BSI]     - post_segm.png (FILE)
2025-09-10 01:14:57 - [INFO] - [DEBUG BSI]     - 2025-08-16 (DIR)
2025-09-10 01:14:57 - [INFO] - [DEBUG BSI]     - 20250115 (DIR)
2025-09-10 01:14:57 - [INFO] - [BSI META INTEGRATION] Found BSI data: {'study_date': '20250115', 'anterior_bsi': 0.17069203044835105, 'posterior_bsi': 0.40696223248870805, 'combined_bsi': 0.28882713146852956, 'bsi_score': 0.28882713146852956, 'file_source': 'bsi_quantification_ant.json + bsi_quantification_post.json', 'processing_mode': 'dual_view', 'is_v2': True, 'source_location': 'Study date folder'}
2025-09-10 01:14:57 - [INFO] - [BSI META INTEGRATION]   Updated meta with BSI data:
2025-09-10 01:14:57 - [INFO] - [BSI META INTEGRATION]   Anterior BSI: 0.17069203044835105
2025-09-10 01:14:57 - [INFO] - [BSI META INTEGRATION]   Posterior BSI: 0.40696223248870805
2025-09-10 01:14:57 - [INFO] - [BSI META INTEGRATION]   Processing mode: dual_view
2025-09-10 01:14:57 - [INFO] - [DEBUG] Rebuilding timeline for active scan index: 0
2025-09-10 01:14:57 - [INFO] - [DEBUG] Creating CLASSIFICATION card 0 for view: Anterior
2025-09-10 01:14:57 - [INFO] - [DEBUG] Active layers selected: ['Image']
2025-09-10 01:14:57 - [INFO] - [DEBUG] DICOM path: F:\projek dosen\prototype riset\hotspot-analyzer\data\PLANAR\ATL\5001\20250115\A1.dcm
2025-09-10 01:14:57 - [INFO] - [DEBUG] Current view: Anterior
2025-09-10 01:14:57 - [INFO] - [CACHE DEBUG] use_cache=False
2025-09-10 01:14:57 - [INFO] - [CACHE DEBUG] has_adjustments=False (B=0.00, C=1.00)
2025-09-10 01:14:57 - [INFO] - [CACHE DEBUG] has_overrides=False (override_b=None, override_c=None)
2025-09-10 01:14:57 - [INFO] - [CACHE DEBUG] invert_original=True
2025-09-10 01:14:57 - [INFO] - [CACHE SKIP] Skipping cache due to adjustments/overrides/invert
2025-09-10 01:14:57 - [INFO] - [DEBUG] Path extraction: session=ATL, patient=5001, study_date=20250115
2025-09-10 01:14:57 - [INFO] - [DEBUG] Extracted patient info - ID: 5001, Session: ATL
2025-09-10 01:14:57 - [INFO] - [DEBUG] Original path: F:\projek dosen\prototype riset\hotspot-analyzer\data\PLANAR\ATL\5001\20250115\A1.dcm
2025-09-10 01:14:57 - [INFO] - [DEBUG] Study date: 20250115
2025-09-10 01:14:57 - [INFO] - [DEBUG] Patient ID: 5001
2025-09-10 01:14:57 - [INFO] - [DEBUG] Session code: ATL
2025-09-10 01:14:57 - [INFO] - [DEBUG] Study date folder: F:\projek dosen\prototype riset\hotspot-analyzer\data\PLANAR\ATL\5001\20250115
2025-09-10 01:14:57 - [INFO] - [DEBUG] Loading original image for Anterior
2025-09-10 01:14:57 - [INFO] - [DEBUG] Looking for original PNG in study_date dir: F:\projek dosen\prototype riset\hotspot-analyzer\data\PLANAR\ATL\5001\20250115\ant_original.png
2025-09-10 01:14:57 - [DEBUG] - STREAM b'IHDR' 16 13
2025-09-10 01:14:57 - [DEBUG] - STREAM b'IDAT' 41 65536
2025-09-10 01:14:57 - [INFO] - [DEBUG] Loaded original PNG from study_date dir: (256, 1024)
2025-09-10 01:14:57 - [INFO] - [DEBUG] Original image loaded: (256, 1024)
2025-09-10 01:14:57 - [INFO] - [DEBUG] Applying invert to original image
2025-09-10 01:14:57 - [INFO] - [DEBUG] simple_invert_pil_image: Processing L image, size = (256, 1024)
2025-09-10 01:14:57 - [INFO] - [DEBUG] simple_invert_image: input shape = (1024, 256), dtype = uint8
2025-09-10 01:14:57 - [INFO] - [DEBUG] Simple inversion completed: [0-255] -> [0-255]
2025-09-10 01:14:57 - [INFO] - [DEBUG] simple_invert_pil_image: completed
2025-09-10 01:14:57 - [INFO] - [DEBUG] Using STORED B/C values: B=0.00, C=1.00
2025-09-10 01:14:57 - [INFO] - [DEBUG]   Image layer loaded and processed
2025-09-10 01:14:57 - [INFO] - [DEBUG] Loading segmentation layer for Anterior
2025-09-10 01:14:57 - [INFO] - [DEBUG] Looking for segmentation (NEWEST): F:\projek dosen\prototype riset\hotspot-analyzer\data\PLANAR\ATL\5001\20250115\20250826\ant_segm_004811.png
2025-09-10 01:14:57 - [DEBUG] - STREAM b'IHDR' 16 13
2025-09-10 01:14:57 - [DEBUG] - STREAM b'IDAT' 41 6545
2025-09-10 01:14:57 - [INFO] - [DEBUG]   Loaded segmentation with transparency: F:\projek dosen\prototype riset\hotspot-analyzer\data\PLANAR\ATL\5001\20250115\20250826\ant_segm_004811.png
2025-09-10 01:14:57 - [INFO] - [DEBUG] Segmentation type: EDITED
2025-09-10 01:14:57 - [INFO] - [DEBUG] Loading hotspot layer for Anterior
2025-09-10 01:14:57 - [INFO] - [DEBUG] Looking for hotspot classification (NEWEST): F:\projek dosen\prototype riset\hotspot-analyzer\data\PLANAR\ATL\5001\20250115\20250826\ant_hotspot_classification_004836.png
2025-09-10 01:14:57 - [DEBUG] - STREAM b'IHDR' 16 13
2025-09-10 01:14:57 - [DEBUG] - STREAM b'IDAT' 41 1146
2025-09-10 01:14:57 - [INFO] - [DEBUG]   Loaded hotspot layer: F:\projek dosen\prototype riset\hotspot-analyzer\data\PLANAR\ATL\5001\20250115\20250826\ant_hotspot_classification_004836.png
2025-09-10 01:14:57 - [INFO] - [DEBUG] Hotspot type: EDITED
2025-09-10 01:14:57 - [INFO] - [DEBUG] Loading bbox layer for Anterior
2025-09-10 01:14:57 - [INFO] - [DEBUG] Looking for classification XML (NEWEST): F:\projek dosen\prototype riset\hotspot-analyzer\data\PLANAR\ATL\5001\20250115\20250826\ant_hotspot_classification_004836.xml
2025-09-10 01:14:57 - [INFO] - [DEBUG] Loading CLASSIFICATION XML for bbox: F:\projek dosen\prototype riset\hotspot-analyzer\data\PLANAR\ATL\5001\20250115\20250826\ant_hotspot_classification_004836.xml
2025-09-10 01:14:57 - [INFO] - [DEBUG] Drew CLASSIFICATION Abnormal bbox: (194,150) -> (214,171)
2025-09-10 01:14:57 - [INFO] - [DEBUG] Drew CLASSIFICATION Abnormal bbox: (156,480) -> (188,511)
2025-09-10 01:14:57 - [INFO] - [DEBUG]   Created CLASSIFICATION bbox visualization with 2 boxes
2025-09-10 01:14:57 - [INFO] - [DEBUG]   Loaded bbox layer: F:\projek dosen\prototype riset\hotspot-analyzer\data\PLANAR\ATL\5001\20250115\20250826\ant_hotspot_classification_004836.xml
2025-09-10 01:14:57 - [INFO] - [DEBUG] BBox XML type: EDITED
2025-09-10 01:14:57 - [INFO] - [CACHE STORE] Not caching due to adjustments/overrides/invert
2025-09-10 01:14:57 - [INFO] - [DEBUG]   Loaded 4 layers for Anterior: ['Image', 'Segmentation', 'Hotspot', 'HotspotBBox']
2025-09-10 01:14:57 - [INFO] - [DEBUG] Available CLASSIFICATION layers in files: ['Image', 'Segmentation', 'Hotspot', 'HotspotBBox']
2025-09-10 01:14:57 - [INFO] - [DEBUG]   Added CLASSIFICATION Image to card 0 (opacity: 1.00)
2025-09-10 01:14:57 - [INFO] - [DEBUG]   CLASSIFICATION card 0 composite created with layers: ['Image']
2025-09-10 01:14:57 - [INFO] - [DEBUG] Creating CLASSIFICATION card 0 for view: Posterior
2025-09-10 01:14:57 - [INFO] - [DEBUG] Active layers selected: ['Image']
2025-09-10 01:14:57 - [INFO] - [DEBUG] DICOM path: F:\projek dosen\prototype riset\hotspot-analyzer\data\PLANAR\ATL\5001\20250115\A1.dcm
2025-09-10 01:14:57 - [INFO] - [DEBUG] Current view: Posterior
2025-09-10 01:14:57 - [INFO] - [CACHE DEBUG] use_cache=False
2025-09-10 01:14:57 - [INFO] - [CACHE DEBUG] has_adjustments=False (B=0.00, C=1.00)
2025-09-10 01:14:57 - [INFO] - [CACHE DEBUG] has_overrides=False (override_b=None, override_c=None)
2025-09-10 01:14:57 - [INFO] - [CACHE DEBUG] invert_original=True
2025-09-10 01:14:57 - [INFO] - [CACHE SKIP] Skipping cache due to adjustments/overrides/invert
2025-09-10 01:14:57 - [INFO] - [DEBUG] Path extraction: session=ATL, patient=5001, study_date=20250115
2025-09-10 01:14:57 - [INFO] - [DEBUG] Extracted patient info - ID: 5001, Session: ATL
2025-09-10 01:14:57 - [INFO] - [DEBUG] Original path: F:\projek dosen\prototype riset\hotspot-analyzer\data\PLANAR\ATL\5001\20250115\A1.dcm
2025-09-10 01:14:57 - [INFO] - [DEBUG] Study date: 20250115
2025-09-10 01:14:57 - [INFO] - [DEBUG] Patient ID: 5001
2025-09-10 01:14:57 - [INFO] - [DEBUG] Session code: ATL
2025-09-10 01:14:57 - [INFO] - [DEBUG] Study date folder: F:\projek dosen\prototype riset\hotspot-analyzer\data\PLANAR\ATL\5001\20250115
2025-09-10 01:14:57 - [INFO] - [DEBUG] Loading original image for Posterior
2025-09-10 01:14:57 - [INFO] - [DEBUG] Looking for original PNG in study_date dir: F:\projek dosen\prototype riset\hotspot-analyzer\data\PLANAR\ATL\5001\20250115\post_original.png
2025-09-10 01:14:57 - [DEBUG] - STREAM b'IHDR' 16 13
2025-09-10 01:14:57 - [DEBUG] - STREAM b'IDAT' 41 65536
2025-09-10 01:14:57 - [INFO] - [DEBUG] Loaded original PNG from study_date dir: (256, 1024)
2025-09-10 01:14:57 - [INFO] - [DEBUG] Original image loaded: (256, 1024)
2025-09-10 01:14:57 - [INFO] - [DEBUG] Applying invert to original image
2025-09-10 01:14:57 - [INFO] - [DEBUG] simple_invert_pil_image: Processing L image, size = (256, 1024)
2025-09-10 01:14:57 - [INFO] - [DEBUG] simple_invert_image: input shape = (1024, 256), dtype = uint8
2025-09-10 01:14:57 - [INFO] - [DEBUG] Simple inversion completed: [0-255] -> [0-255]
2025-09-10 01:14:57 - [INFO] - [DEBUG] simple_invert_pil_image: completed
2025-09-10 01:14:57 - [INFO] - [DEBUG] Using STORED B/C values: B=0.00, C=1.00
2025-09-10 01:14:57 - [INFO] - [DEBUG]   Image layer loaded and processed
2025-09-10 01:14:57 - [INFO] - [DEBUG] Loading segmentation layer for Posterior
2025-09-10 01:14:57 - [INFO] - [DEBUG] Looking for segmentation (NEWEST): F:\projek dosen\prototype riset\hotspot-analyzer\data\PLANAR\ATL\5001\20250115\post_segm.png
2025-09-10 01:14:57 - [DEBUG] - STREAM b'IHDR' 16 13
2025-09-10 01:14:57 - [DEBUG] - STREAM b'IDAT' 41 6277
2025-09-10 01:14:57 - [INFO] - [DEBUG]   Loaded segmentation with transparency: F:\projek dosen\prototype riset\hotspot-analyzer\data\PLANAR\ATL\5001\20250115\post_segm.png
2025-09-10 01:14:57 - [INFO] - [DEBUG] Segmentation type: ORIGINAL
2025-09-10 01:14:57 - [INFO] - [DEBUG] Loading hotspot layer for Posterior
2025-09-10 01:14:57 - [INFO] - [DEBUG] Looking for hotspot classification (NEWEST): F:\projek dosen\prototype riset\hotspot-analyzer\data\PLANAR\ATL\5001\20250115\post_hotspot_classification.png
2025-09-10 01:14:57 - [DEBUG] - STREAM b'IHDR' 16 13
2025-09-10 01:14:57 - [DEBUG] - STREAM b'IDAT' 41 1393
2025-09-10 01:14:57 - [INFO] - [DEBUG]   Loaded hotspot layer: F:\projek dosen\prototype riset\hotspot-analyzer\data\PLANAR\ATL\5001\20250115\post_hotspot_classification.png
2025-09-10 01:14:57 - [INFO] - [DEBUG] Hotspot type: ORIGINAL
2025-09-10 01:14:57 - [INFO] - [DEBUG] Loading bbox layer for Posterior
2025-09-10 01:14:57 - [INFO] - [DEBUG] Looking for classification XML (NEWEST): F:\projek dosen\prototype riset\hotspot-analyzer\data\PLANAR\ATL\5001\20250115\post_hotspot_classification.xml
2025-09-10 01:14:57 - [INFO] - [DEBUG] Loading CLASSIFICATION XML for bbox: F:\projek dosen\prototype riset\hotspot-analyzer\data\PLANAR\ATL\5001\20250115\post_hotspot_classification.xml
2025-09-10 01:14:57 - [INFO] - [DEBUG] Drew CLASSIFICATION Abnormal bbox: (44,482) -> (95,537)
2025-09-10 01:14:57 - [INFO] - [DEBUG] Drew CLASSIFICATION Abnormal bbox: (111,344) -> (132,365)
2025-09-10 01:14:57 - [INFO] - [DEBUG] Drew CLASSIFICATION Abnormal bbox: (96,51) -> (117,75)
2025-09-10 01:14:57 - [INFO] - [DEBUG] Drew CLASSIFICATION Abnormal bbox: (54,483) -> (91,527)
2025-09-10 01:14:57 - [INFO] - [DEBUG]   Created CLASSIFICATION bbox visualization with 4 boxes
2025-09-10 01:14:57 - [INFO] - [DEBUG]   Loaded bbox layer: F:\projek dosen\prototype riset\hotspot-analyzer\data\PLANAR\ATL\5001\20250115\post_hotspot_classification.xml
2025-09-10 01:14:57 - [INFO] - [DEBUG] BBox XML type: ORIGINAL
2025-09-10 01:14:57 - [INFO] - [CACHE STORE] Not caching due to adjustments/overrides/invert
2025-09-10 01:14:57 - [INFO] - [DEBUG]   Loaded 4 layers for Posterior: ['Image', 'Segmentation', 'Hotspot', 'HotspotBBox']
2025-09-10 01:14:57 - [INFO] - [DEBUG] Available CLASSIFICATION layers in files: ['Image', 'Segmentation', 'Hotspot', 'HotspotBBox']
2025-09-10 01:14:57 - [INFO] - [DEBUG]   Added CLASSIFICATION Image to card 0 (opacity: 1.00)
2025-09-10 01:14:57 - [INFO] - [DEBUG]   CLASSIFICATION card 0 composite created with layers: ['Image']
2025-09-10 01:14:57 - [INFO] - [SMART UPDATE] State updated - Type: full
2025-09-10 01:14:57 - [INFO] - [MainWindow]   Timeline updated with BSI integration
2025-09-10 01:14:57 - [INFO] - 
2025-09-10 01:14:57 - [INFO] - 🏠 [DEBUG MAIN GANTENG] ===================
2025-09-10 01:14:57 - [INFO] - 🏠 [DEBUG MAIN] Loading BSI data for selected scan
2025-09-10 01:14:57 - [INFO] - 🏠 [DEBUG MAIN] Session code: ATL
2025-09-10 01:14:57 - [INFO] - 🏠 [DEBUG MAIN] Scan data keys: ['meta', 'frames', 'path', 'workflow_files']
2025-09-10 01:14:57 - [INFO] - 🏠 [DEBUG MAIN] DICOM path: F:\projek dosen\prototype riset\hotspot-analyzer\data\PLANAR\ATL\5001\20250115\A1.dcm
2025-09-10 01:14:57 - [INFO] - 🏠 [DEBUG MAIN] DICOM exists: True
2025-09-10 01:14:57 - [INFO] - 🏠 [DEBUG MAIN] Initial patient folder: F:\projek dosen\prototype riset\hotspot-analyzer\data\PLANAR\ATL\5001\20250115
2025-09-10 01:14:57 - [INFO] - 🏠 [DEBUG MAIN] Initial patient folder exists: True
2025-09-10 01:14:57 - [INFO] - 🏠 [DEBUG MAIN] Initial patient folder name: 20250115
2025-09-10 01:14:57 - [INFO] - 🏠 [DEBUG MAIN] Study date from DICOM: 20250115
2025-09-10 01:14:57 - [INFO] - 🏠 [DEBUG MAIN] Detected study_date folder structure
2025-09-10 01:14:57 - [INFO] - 🏠 [DEBUG MAIN] Corrected patient folder: F:\projek dosen\prototype riset\hotspot-analyzer\data\PLANAR\ATL\5001
2025-09-10 01:14:57 - [INFO] - 🏠 [DEBUG MAIN] Corrected patient ID: 5001
2025-09-10 01:14:57 - [INFO] - 🏠 [DEBUG MAIN] Corrected study date: 20250115
2025-09-10 01:14:57 - [INFO] - [DEBUG QUANT FILES] Getting quantification files for: F:\projek dosen\prototype riset\hotspot-analyzer\data\PLANAR\ATL\5001\20250115
2025-09-10 01:14:57 - [INFO] - [DEBUG QUANT FILES] Detected study_date folder: F:\projek dosen\prototype riset\hotspot-analyzer\data\PLANAR\ATL\5001\20250115
2025-09-10 01:14:57 - [INFO] - [DEBUG QUANT FILES] Generated paths:
2025-09-10 01:14:57 - [INFO] - [DEBUG QUANT FILES]   bsi_json_ant: F:\projek dosen\prototype riset\hotspot-analyzer\data\PLANAR\ATL\5001\20250115\bsi_quantification_ant.json (exists: True)
2025-09-10 01:14:57 - [INFO] - [DEBUG QUANT FILES]   bsi_json_post: F:\projek dosen\prototype riset\hotspot-analyzer\data\PLANAR\ATL\5001\20250115\bsi_quantification_post.json (exists: True)
2025-09-10 01:14:57 - [INFO] - 🏠 [DEBUG MAIN] BSI files in study_date folder:
2025-09-10 01:14:57 - [INFO] - 🏠 [DEBUG MAIN]   Anterior: True
2025-09-10 01:14:57 - [INFO] - 🏠 [DEBUG MAIN]   Posterior: True
2025-09-10 01:14:57 - [INFO] - 🏠 [DEBUG MAIN] Found BSI files in study_date folder, using it
2025-09-10 01:14:57 - [INFO] - [BSI CANVAS] Using patient folder for trend: F:\projek dosen\prototype riset\hotspot-analyzer\data\PLANAR\ATL\5001
2025-09-10 01:14:57 - [INFO] - [DEBUG BSI] Using patient folder directly: F:\projek dosen\prototype riset\hotspot-analyzer\data\PLANAR\ATL\5001
2025-09-10 01:14:57 - [INFO] - [DEBUG BSI] Found study_date folder: 20250115
2025-09-10 01:14:57 - [INFO] - [DEBUG BSI]     - 2025-08-16 (DIR)
2025-09-10 01:14:57 - [INFO] - [DEBUG BSI]     - 20250115 (DIR)
2025-09-10 01:14:57 - [INFO] - [DEBUG BSI]     - 20250826 (DIR)
2025-09-10 01:14:57 - [INFO] - [DEBUG BSI]     - 5001_20250115_anterior_colored_grayscaledSegmentation.png (FILE)
2025-09-10 01:14:57 - [INFO] - [DEBUG BSI]     - 5001_20250115_posterior_colored_grayscaledSegmentation.png (FILE)
2025-09-10 01:14:57 - [INFO] - [DEBUG BSI]     - A1.dcm (FILE)
2025-09-10 01:14:57 - [INFO] - [DEBUG BSI]     - ant_hotspot_classification.json (FILE)
2025-09-10 01:14:57 - [INFO] - [DEBUG BSI]     - ant_hotspot_classification.png (FILE)
2025-09-10 01:14:57 - [INFO] - [DEBUG BSI]     - ant_hotspot_classification.xml (FILE)
2025-09-10 01:14:57 - [INFO] - [DEBUG BSI]     - ant_hotspot_otsu_colored.png (FILE)
2025-09-10 01:14:57 - [INFO] - [DEBUG BSI]     - ant_hotspot_otsu_colored_blend.png (FILE)
2025-09-10 01:14:57 - [INFO] - [DEBUG BSI]     - ant_hotspot_otsu_grayscale.png (FILE)
2025-09-10 01:14:57 - [INFO] - [DEBUG BSI]     - ant_hotspot_yolo.xml (FILE)
2025-09-10 01:14:57 - [INFO] - [DEBUG BSI]     - ant_mask.png (FILE)
2025-09-10 01:14:57 - [INFO] - [DEBUG BSI]     - ant_original.png (FILE)
2025-09-10 01:14:57 - [INFO] - [DEBUG BSI]     - ant_segm.png (FILE)
2025-09-10 01:14:57 - [INFO] - [DEBUG BSI]     - bsi_quantification_ant.json (FILE)
2025-09-10 01:14:57 - [INFO] - [DEBUG BSI]     - bsi_quantification_post.json (FILE)
2025-09-10 01:14:57 - [INFO] - [DEBUG BSI]     - post_hotspot_classification.json (FILE)
2025-09-10 01:14:57 - [INFO] - [DEBUG BSI]     - post_hotspot_classification.png (FILE)
2025-09-10 01:14:57 - [INFO] - [DEBUG BSI]     - post_hotspot_classification.xml (FILE)
2025-09-10 01:14:57 - [INFO] - [DEBUG BSI]     - post_hotspot_otsu_colored.png (FILE)
2025-09-10 01:14:57 - [INFO] - [DEBUG BSI]     - post_hotspot_otsu_colored_blend.png (FILE)
2025-09-10 01:14:57 - [INFO] - [DEBUG BSI]     - post_hotspot_otsu_mask.png (FILE)
2025-09-10 01:14:57 - [INFO] - [DEBUG BSI]     - post_hotspot_yolo.xml (FILE)
2025-09-10 01:14:57 - [INFO] - [DEBUG BSI]     - post_mask.png (FILE)
2025-09-10 01:14:57 - [INFO] - [DEBUG BSI]     - post_original.png (FILE)
2025-09-10 01:14:57 - [INFO] - [DEBUG BSI]     - post_segm.png (FILE)
2025-09-10 01:14:57 - [INFO] - [DEBUG BSI CANVAS] Processing date: 20250115, mode: dual_view
2025-09-10 01:14:57 - [INFO] - [DEBUG BSI CANVAS] Added: Ant=0.17069203044835105 Post=0.40696223248870805
2025-09-10 01:14:57 - [INFO] - [DEBUG QUANT FILES] Getting quantification files for: F:\projek dosen\prototype riset\hotspot-analyzer\data\PLANAR\ATL\5001\20250115
2025-09-10 01:14:57 - [INFO] - [DEBUG QUANT FILES] Detected study_date folder: F:\projek dosen\prototype riset\hotspot-analyzer\data\PLANAR\ATL\5001\20250115
2025-09-10 01:14:57 - [INFO] - [DEBUG QUANT FILES] Generated paths:
2025-09-10 01:14:57 - [INFO] - [DEBUG QUANT FILES]   bsi_json_ant: F:\projek dosen\prototype riset\hotspot-analyzer\data\PLANAR\ATL\5001\20250115\bsi_quantification_ant.json (exists: True)
2025-09-10 01:14:57 - [INFO] - [DEBUG QUANT FILES]   bsi_json_post: F:\projek dosen\prototype riset\hotspot-analyzer\data\PLANAR\ATL\5001\20250115\bsi_quantification_post.json (exists: True)
2025-09-10 01:14:57 - [INFO] - 📖 [DEBUG RESULTS] Combined BSI: 0.29
2025-09-10 01:14:57 - [INFO] - 📖 [DEBUG RESULTS]   Successfully loaded V1.2 results
2025-09-10 01:14:57 - [INFO] - 🏠 [DEBUG MAIN] BSI panel load result: True
2025-09-10 01:14:57 - [INFO] - [DEBUG] Path extraction: session=ATL, patient=5001, study_date=20250115
2025-09-10 01:14:57 - [INFO] - [DEBUG] Extracted patient info - ID: 5001, Session: ATL
2025-09-10 01:14:57 - [INFO] - [DEBUG] Original path: F:\projek dosen\prototype riset\hotspot-analyzer\data\PLANAR\ATL\5001\20250115\A1.dcm
2025-09-10 01:14:57 - [INFO] - [EDIT BUTTONS] Has scan: True, Has seg data: True, Can edit hotspot: True
2025-09-10 01:14:57 - [INFO] - [EDIT BUTTONS] Seg button enabled: True, Hotspot button enabled: True
2025-09-10 01:15:01 - [INFO] - [DEBUG] Opening DICOM import dialog...
2025-09-10 01:15:03 - [INFO] - [DEBUG] Import dialog cancelled
2025-09-10 01:15:03 - [INFO] - [DEBUG] Logout requested
2025-09-10 01:15:03 - [INFO] - [DEBUG] Membersihkan sumber daya di MainWindow (SPECT)...
2025-09-10 01:15:03 - [INFO] - [DEBUG] Menutup process pool...
2025-09-10 01:15:03 - [ERROR] - Traceback (most recent call last):
2025-09-10 01:15:03 - [ERROR] - File "F:\projek dosen\prototype riset\hotspot-analyzer\features\spect_viewer\gui\main_window_spect.py", line 1230, in _handle_logout
2025-09-10 01:15:03 - [ERROR] - self.close()
2025-09-10 01:15:03 - [ERROR] - File "F:\projek dosen\prototype riset\hotspot-analyzer\features\spect_viewer\gui\main_window_spect.py", line 1235, in closeEvent
2025-09-10 01:15:03 - [ERROR] - if self._pool is not None:
2025-09-10 01:15:03 - [ERROR] - ^
2025-09-10 01:15:03 - [ERROR] - ^
2025-09-10 01:15:03 - [ERROR] - ^
2025-09-10 01:15:03 - [ERROR] - ^
2025-09-10 01:15:03 - [ERROR] - ^
2025-09-10 01:15:03 - [ERROR] - ^
2025-09-10 01:15:03 - [ERROR] - ^
2025-09-10 01:15:03 - [ERROR] - ^
2025-09-10 01:15:03 - [ERROR] - ^
2025-09-10 01:15:03 - [ERROR] - ^
2025-09-10 01:15:03 - [ERROR] - AttributeError
2025-09-10 01:15:03 - [ERROR] - :
2025-09-10 01:15:03 - [ERROR] - Error calling Python override of QMainWindow::closeEvent(): 'MainWindowSpect' object has no attribute '_pool'
2025-09-10 01:15:03 - [ERROR] - . Did you mean: '
2025-09-10 01:15:03 - [ERROR] - pool
2025-09-10 01:15:03 - [ERROR] - '?
2025-09-10 01:15:04 - [INFO] - [DEBUG] === Starting new session ===
2025-09-10 01:15:04 - [INFO] - [DEBUG] Development mode - creating dialog immediately
2025-09-10 01:15:04 - [INFO] - [DEBUG] Creating doctor selection dialog (attempt 1/3)...
2025-09-10 01:15:04 - [INFO] - [DEBUG] Dialog class imported successfully
2025-09-10 01:15:04 - [INFO] - [DEBUG] Dialog instance created successfully
2025-09-10 01:15:04 - [INFO] - [DEBUG] Dialog window properties set
2025-09-10 01:15:04 - [INFO] - [DEBUG] Showing dialog to user...
2025-09-10 01:15:04 - [INFO] - [DEBUG] Dialog shown successfully
2025-09-10 01:15:04 - [INFO] - [DEBUG] Waiting for user input...
2025-09-10 01:15:05 - [INFO] - [SESSION] Created session: NBL_Planar_20250910_011505
2025-09-10 01:15:05 - [INFO] - [SESSION] Created: NBL_Planar_20250910_011505
2025-09-10 01:15:05 - [INFO] - [DEBUG] Dialog execution completed with result: 1
2025-09-10 01:15:05 - [INFO] - [DEBUG] Quick close detected: False
2025-09-10 01:15:05 - [INFO] - [DEBUG] Session selected - Code: NBL, Modality: Planar
2025-09-10 01:15:05 - [INFO] - [DEBUG] Data directory confirmed: data
2025-09-10 01:15:05 - [INFO] - [DEBUG] Starting PLANAR session with code: NBL
2025-09-10 01:15:05 - [INFO] - [DEBUG] Creating main window for session: NBL
2025-09-10 01:15:05 - [INFO] - [DEBUG] session_code in MainWindow = NBL
2025-09-10 01:15:05 - [INFO] - [DEBUG] Timeline keyboard shortcuts enabled: Ctrl+/- for zoom, Ctrl+0 for reset
2025-09-10 01:15:05 - [INFO] - [DEBUG] Connecting invert checkbox...
2025-09-10 01:15:05 - [INFO] - [DEBUG] Testing checkbox connection...
2025-09-10 01:15:05 - [INFO] - [DEBUG] Timeline widget exists: True
2025-09-10 01:15:05 - [INFO] - [DEBUG] Timeline widget type: <class 'features.spect_viewer.gui.scan_timeline.ScanTimelineWidget'>
2025-09-10 01:15:05 - [INFO] - [DEBUG] Invert checkbox created and connected
2025-09-10 01:15:05 - [INFO] - [MainWindow]   Global keyboard shortcuts setup complete
2025-09-10 01:15:05 - [INFO] - [MainWindow] Syncing view 'Anterior' across all components
2025-09-10 01:15:05 - [INFO] - [DEBUG] set_active_view called with 'Anterior', but is now ignored.
2025-09-10 01:15:05 - [INFO] - [MainWindow]   View sync completed
2025-09-10 01:15:05 - [INFO] - [MainWindow]   Complete integration initialization finished
2025-09-10 01:15:05 - [INFO] - [DEBUG] Starting folder scan for session: NBL
2025-09-10 01:15:05 - [INFO] - Ditemukan 7 file DICOM di 'F:\projek dosen\prototype riset\hotspot-analyzer\data\PLANAR'
2025-09-10 01:15:05 - [INFO] - Ditemukan 4 session, 7 pasien (total 7 file DICOM).
2025-09-10 01:15:05 - [INFO] - ALL: 1 pasien, 1 file
2025-09-10 01:15:05 - [INFO] - ATL: 4 pasien, 4 file
2025-09-10 01:15:05 - [INFO] - NBL: 1 pasien, 1 file
2025-09-10 01:15:05 - [INFO] - NSY: 1 pasien, 1 file
2025-09-10 01:15:05 - [INFO] - [DEBUG] Found 4 total sessions: ['ALL', 'ATL', 'NBL', 'NSY']
2025-09-10 01:15:05 - [INFO] - [DEBUG] Filtered to session NBL: 1 patients
2025-09-10 01:15:05 - [INFO] - [DEBUG] Added 1 patients to combo box for session NBL
2025-09-10 01:15:05 - [INFO] - [DEBUG] display_timeline called with 0 scan(s), focusing on index = -1
2025-09-10 01:15:05 - [INFO] - [DEBUG] Rebuilding timeline for active scan index: -1
2025-09-10 01:15:05 - [INFO] - [BSI SIDE PANEL] Clearing all patient data...
2025-09-10 01:15:05 - [INFO] - [DEBUG] Folder scan completed
2025-09-10 01:15:05 - [INFO] - [DEBUG] Main window created successfully for session: NBL
2025-09-10 01:15:05 - [INFO] - [DEBUG] Main window created successfully
2025-09-10 01:15:05 - [INFO] - [DEBUG] Logout signal connected
2025-09-10 01:15:05 - [INFO] - [DEBUG] Main window displayed
2025-09-10 01:15:05 - [INFO] - [DEBUG] Active windows count: 1
2025-09-10 01:15:06 - [INFO] - [TEST] Testing invert connection...
2025-09-10 01:15:06 - [INFO] - [TEST] Timeline widget exists: True
2025-09-10 01:15:06 - [INFO] - [TEST] Checkbox exists: True
2025-09-10 01:15:06 - [INFO] - [TEST] Current checkbox state: False
2025-09-10 01:15:06 - [INFO] - [DEBUG] === INVERT CHECKBOX CHANGED ===
2025-09-10 01:15:06 - [INFO] - [DEBUG] Checkbox state: 2, isChecked(): True
2025-09-10 01:15:06 - [INFO] - [DEBUG] Invert flag changed: False -> True
2025-09-10 01:15:06 - [INFO] - [DEBUG] Calling timeline_widget.set_invert_original(True)
2025-09-10 01:15:06 - [INFO] - [DEBUG] set_invert_original called: True (current: False)
2025-09-10 01:15:06 - [INFO] - [CACHE CLEAR] Cleared 0 layer cache entries
2025-09-10 01:15:06 - [INFO] - [CACHE CLEAR] Cleared zoom cache (0 labels)
2025-09-10 01:15:06 - [INFO] - [DEBUG] Cleared layer cache due to invert change
2025-09-10 01:15:06 - [INFO] - [DEBUG] No scans loaded, rebuild skipped
2025-09-10 01:15:06 - [INFO] - [DEBUG]   Timeline invert method called successfully
2025-09-10 01:15:06 - [INFO] - [TEST] Toggled checkbox to: True
2025-09-10 01:15:07 - [INFO] - [DEBUG] item activated → ID: 0000953258 (NBL) @ index 0
2025-09-10 01:15:07 - [INFO] - [DEBUG] item activated → ID: 0000953258 (NBL)
2025-09-10 01:15:07 - [INFO] - 
2025-09-10 01:15:07 - [INFO] - [DEBUG SELECT GANTENG] ===================
2025-09-10 01:15:07 - [INFO] - [DEBUG SELECT] Patient selected: ID: 0000953258 (NBL)
2025-09-10 01:15:07 - [INFO] - [DEBUG SELECT] Parsed - Patient: 0000953258, Session: NBL
2025-09-10 01:15:07 - [INFO] - [DEBUG SELECT] Patient path from paths.py: F:\projek dosen\prototype riset\hotspot-analyzer\data\PLANAR\NBL\0000953258
2025-09-10 01:15:07 - [INFO] - [DEBUG SELECT] Patient path exists: True
2025-09-10 01:15:07 - [INFO] - [DEBUG SELECT] Patient path contents:
2025-09-10 01:15:07 - [INFO] - [DEBUG SELECT]   - 20250807 (DIR)
2025-09-10 01:15:07 - [INFO] - 
2025-09-10 01:15:07 - [INFO] - [DEBUG PATHS GANTENG] ===================
2025-09-10 01:15:07 - [INFO] - [DEBUG PATHS] Patient folder: F:\projek dosen\prototype riset\hotspot-analyzer\data\PLANAR\NBL\0000953258
2025-09-10 01:15:07 - [INFO] - [DEBUG PATHS] Patient ID: 0000953258
2025-09-10 01:15:07 - [INFO] - [DEBUG PATHS] Folder exists: True
2025-09-10 01:15:07 - [INFO] - [DEBUG PATHS] Folder structure:
2025-09-10 01:15:07 - [INFO] - [DEBUG PATHS]   DIR:  20250807/
2025-09-10 01:15:07 - [INFO] - [DEBUG PATHS]     Study date folder contents:
2025-09-10 01:15:07 - [INFO] - [DEBUG PATHS]       DIR:  20250826/
2025-09-10 01:15:07 - [INFO] - [DEBUG PATHS]       FILE: ANT001_DS.dcm (1054386 bytes)
2025-09-10 01:15:07 - [INFO] - [DEBUG PATHS]       FILE: ant_hotspot_classification.json (22714 bytes)
2025-09-10 01:15:07 - [INFO] - [DEBUG PATHS]       FILE: ant_hotspot_classification.png (904 bytes)
2025-09-10 01:15:07 - [INFO] - [DEBUG PATHS]       FILE: ant_hotspot_classification.xml (913 bytes)
2025-09-10 01:15:07 - [INFO] - [DEBUG PATHS]       FILE: ant_hotspot_otsu_colored.png (1015 bytes)
2025-09-10 01:15:07 - [INFO] - [DEBUG PATHS]       FILE: ant_hotspot_otsu_colored_blend.png (98386 bytes)
2025-09-10 01:15:07 - [INFO] - [DEBUG PATHS]       FILE: ant_hotspot_otsu_grayscale.png (469 bytes)
2025-09-10 01:15:07 - [INFO] - [DEBUG PATHS]       FILE: ant_hotspot_yolo.xml (987 bytes)
2025-09-10 01:15:07 - [INFO] - [DEBUG PATHS]       FILE: ant_mask.png (2977 bytes)
2025-09-10 01:15:07 - [INFO] - [DEBUG PATHS]       FILE: ant_original.png (75236 bytes)
2025-09-10 01:15:07 - [INFO] - [DEBUG PATHS]       FILE: ant_segm.png (5422 bytes)
2025-09-10 01:15:07 - [INFO] - [DEBUG PATHS]       FILE: bsi_quantification_ant.json (3806 bytes)
2025-09-10 01:15:07 - [INFO] - [DEBUG PATHS]       FILE: post_hotspot_otsu_colored.png (952 bytes)
2025-09-10 01:15:07 - [INFO] - [DEBUG PATHS]       FILE: post_hotspot_otsu_colored_blend.png (107413 bytes)
2025-09-10 01:15:07 - [INFO] - [DEBUG PATHS]       FILE: post_hotspot_otsu_grayscale.png (403 bytes)
2025-09-10 01:15:07 - [INFO] - [DEBUG PATHS]       FILE: post_hotspot_yolo.xml (673 bytes)
2025-09-10 01:15:07 - [INFO] - [DEBUG PATHS]       FILE: post_mask.png (2870 bytes)
2025-09-10 01:15:07 - [INFO] - [DEBUG PATHS]       FILE: post_original.png (80740 bytes)
2025-09-10 01:15:07 - [INFO] - [DEBUG PATHS]       FILE: post_segm.png (5136 bytes)
2025-09-10 01:15:07 - [INFO] - [DEBUG QUANT FILES] Getting quantification files for: F:\projek dosen\prototype riset\hotspot-analyzer\data\PLANAR\NBL\0000953258
2025-09-10 01:15:07 - [INFO] - [DEBUG QUANT FILES] Using latest study_date folder: F:\projek dosen\prototype riset\hotspot-analyzer\data\PLANAR\NBL\0000953258\20250807
2025-09-10 01:15:07 - [INFO] - [DEBUG QUANT FILES] Generated paths:
2025-09-10 01:15:07 - [INFO] - [DEBUG QUANT FILES]   bsi_json_ant: F:\projek dosen\prototype riset\hotspot-analyzer\data\PLANAR\NBL\0000953258\20250807\bsi_quantification_ant.json (exists: True)
2025-09-10 01:15:07 - [INFO] - [DEBUG QUANT FILES]   bsi_json_post: F:\projek dosen\prototype riset\hotspot-analyzer\data\PLANAR\NBL\0000953258\20250807\bsi_quantification_post.json (exists: False)
2025-09-10 01:15:07 - [INFO] - [DEBUG PATHS] New quantification paths:
2025-09-10 01:15:07 - [INFO] - [DEBUG PATHS]   bsi_json_ant: F:\projek dosen\prototype riset\hotspot-analyzer\data\PLANAR\NBL\0000953258\20250807\bsi_quantification_ant.json (exists: True, size: 3806 bytes)
2025-09-10 01:15:07 - [INFO] - [DEBUG PATHS]     Content preview: {
2025-09-10 01:15:07 - [INFO] - "patient_info": {
2025-09-10 01:15:07 - [INFO] - "patient_id": "0000953258",
2025-09-10 01:15:07 - [INFO] - "study_date": "20250807",
2025-09-10 01:15:07 - [INFO] - "filename_st...
2025-09-10 01:15:07 - [INFO] - [DEBUG PATHS]   bsi_json_post: F:\projek dosen\prototype riset\hotspot-analyzer\data\PLANAR\NBL\0000953258\20250807\bsi_quantification_post.json (exists: False, size: 0 bytes)
2025-09-10 01:15:07 - [INFO] - [DEBUG PATHS] Old pattern search:
2025-09-10 01:15:07 - [INFO] - [DEBUG PATHS]   Old anterior: []
2025-09-10 01:15:07 - [INFO] - [DEBUG PATHS]   Old posterior: []
2025-09-10 01:15:07 - [INFO] - [DEBUG SELECT] Found DICOM files: 1
2025-09-10 01:15:07 - [INFO] - [DEBUG SELECT]   DICOM: F:\projek dosen\prototype riset\hotspot-analyzer\data\PLANAR\NBL\0000953258\20250807\ANT001_DS.dcm
2025-09-10 01:15:07 - [INFO] - [DEBUG SELECT]   DICOM folder: F:\projek dosen\prototype riset\hotspot-analyzer\data\PLANAR\NBL\0000953258\20250807
2025-09-10 01:15:07 - [INFO] - [DEBUG QUANT FILES] Getting quantification files for: F:\projek dosen\prototype riset\hotspot-analyzer\data\PLANAR\NBL\0000953258\20250807
2025-09-10 01:15:07 - [INFO] - [DEBUG QUANT FILES] Detected study_date folder: F:\projek dosen\prototype riset\hotspot-analyzer\data\PLANAR\NBL\0000953258\20250807
2025-09-10 01:15:07 - [INFO] - [DEBUG QUANT FILES] Generated paths:
2025-09-10 01:15:07 - [INFO] - [DEBUG QUANT FILES]   bsi_json_ant: F:\projek dosen\prototype riset\hotspot-analyzer\data\PLANAR\NBL\0000953258\20250807\bsi_quantification_ant.json (exists: True)
2025-09-10 01:15:07 - [INFO] - [DEBUG QUANT FILES]   bsi_json_post: F:\projek dosen\prototype riset\hotspot-analyzer\data\PLANAR\NBL\0000953258\20250807\bsi_quantification_post.json (exists: False)
2025-09-10 01:15:07 - [INFO] - [DEBUG SELECT]   BSI files near DICOM:
2025-09-10 01:15:07 - [INFO] - [DEBUG SELECT]     Anterior: True
2025-09-10 01:15:07 - [INFO] - [DEBUG SELECT]     Posterior: False
2025-09-10 01:15:07 - [INFO] - [DEBUG] Loading patient: 0000953258 from session: NBL
2025-09-10 01:15:07 - [INFO] - [CACHE DEBUG] Cache key: 0000953258_NBL
2025-09-10 01:15:07 - [INFO] - [CACHE DEBUG] Existing cache keys: []
2025-09-10 01:15:07 - [INFO] - [DEBUG] Loading scans for 0000953258_NBL from disk...
2025-09-10 01:15:07 - [INFO] - [DEBUG] Found 1 DICOM files for patient 0000953258
2025-09-10 01:15:07 - [INFO] - [DEBUG] Enriched scan data for: ANT001_DS.dcm
2025-09-10 01:15:07 - [INFO] - [DEBUG] Scan files for 0000953258_20250807:
2025-09-10 01:15:07 - [INFO] - [DEBUG] Available files: None
2025-09-10 01:15:07 - [INFO] - [DEBUG] Available PNG files for 0000953258_20250807: None
2025-09-10 01:15:07 - [INFO] - [DEBUG] Saving 1 scans to cache for 0000953258_NBL
2025-09-10 01:15:07 - [INFO] - [DEBUG] Layers changed to: []
2025-09-10 01:15:07 - [INFO] - [SMART UPDATE] Change type: none
2025-09-10 01:15:07 - [INFO] - [DEBUG] Timeline active layers set to: []
2025-09-10 01:15:07 - [INFO] - [SMART UPDATE] No changes detected, skipping update
2025-09-10 01:15:07 - [INFO] - [EDIT BUTTONS] Has scan: False, Has seg data: False, Can edit hotspot: False
2025-09-10 01:15:07 - [INFO] - [EDIT BUTTONS] Seg button enabled: False, Hotspot button enabled: False
2025-09-10 01:15:07 - [INFO] - [SMART UPDATE] Change type: none
2025-09-10 01:15:07 - [INFO] - [DEBUG] Timeline active layers set to: []
2025-09-10 01:15:07 - [INFO] - [SMART UPDATE] No changes detected, skipping update
2025-09-10 01:15:07 - [INFO] - [DEBUG] Set Image opacity to 1.00
2025-09-10 01:15:07 - [INFO] - [SMART UPDATE] Change type: none
2025-09-10 01:15:07 - [INFO] - [SMART UPDATE] Using full rebuild for opacity change
2025-09-10 01:15:07 - [INFO] - [DEBUG] Rebuilding timeline for active scan index: -1
2025-09-10 01:15:07 - [INFO] - [SMART UPDATE] State updated - Type: rebuild
2025-09-10 01:15:07 - [INFO] - [DEBUG] Set Segmentation opacity to 0.35
2025-09-10 01:15:07 - [INFO] - [SMART UPDATE] Change type: none
2025-09-10 01:15:07 - [INFO] - [SMART UPDATE] Using full rebuild for opacity change
2025-09-10 01:15:07 - [INFO] - [DEBUG] Rebuilding timeline for active scan index: -1
2025-09-10 01:15:07 - [INFO] - [SMART UPDATE] State updated - Type: rebuild
2025-09-10 01:15:07 - [INFO] - [DEBUG] Set Hotspot opacity to 0.50
2025-09-10 01:15:07 - [INFO] - [SMART UPDATE] Change type: none
2025-09-10 01:15:07 - [INFO] - [SMART UPDATE] Using full rebuild for opacity change
2025-09-10 01:15:07 - [INFO] - [DEBUG] Rebuilding timeline for active scan index: -1
2025-09-10 01:15:07 - [INFO] - [SMART UPDATE] State updated - Type: rebuild
2025-09-10 01:15:07 - [INFO] - [DEBUG] Set HotspotBBox opacity to 1.00
2025-09-10 01:15:07 - [INFO] - [SMART UPDATE] Change type: none
2025-09-10 01:15:07 - [INFO] - [SMART UPDATE] Using full rebuild for opacity change
2025-09-10 01:15:07 - [INFO] - [DEBUG] Rebuilding timeline for active scan index: -1
2025-09-10 01:15:07 - [INFO] - [SMART UPDATE] State updated - Type: rebuild
2025-09-10 01:15:07 - [INFO] - [DEBUG] Setting default layers: 'Image' checkbox should now be ON.
2025-09-10 01:15:07 - [INFO] - [DEBUG] Checkbox Image toggled: True
2025-09-10 01:15:07 - [INFO] - [DEBUG] Active layers: ['Image']
2025-09-10 01:15:07 - [INFO] - [DEBUG] Layers changed to: ['Image']
2025-09-10 01:15:07 - [INFO] - [SMART UPDATE] Change type: layers
2025-09-10 01:15:07 - [INFO] - [SMART UPDATE] Layers added: ['Image']
2025-09-10 01:15:07 - [INFO] - [DEBUG] Timeline active layers set to: ['Image']
2025-09-10 01:15:07 - [INFO] - [SMART UPDATE] Full rebuild required for change type: layers
2025-09-10 01:15:07 - [INFO] - [DEBUG] Rebuilding timeline for active scan index: -1
2025-09-10 01:15:07 - [INFO] - [SMART UPDATE] State updated - Type: layers
2025-09-10 01:15:07 - [INFO] - [EDIT BUTTONS] Has scan: False, Has seg data: False, Can edit hotspot: False
2025-09-10 01:15:07 - [INFO] - [EDIT BUTTONS] Seg button enabled: False, Hotspot button enabled: False
2025-09-10 01:15:07 - [INFO] - [DEBUG] All data loaded. Total scans: 1
2025-09-10 01:15:07 - [INFO] - [DEBUG] Layers changed to: []
2025-09-10 01:15:07 - [INFO] - [SMART UPDATE] Change type: layers
2025-09-10 01:15:07 - [INFO] - [SMART UPDATE] Layers removed: ['Image']
2025-09-10 01:15:07 - [INFO] - [DEBUG] Timeline active layers set to: []
2025-09-10 01:15:07 - [INFO] - [SMART UPDATE] Full rebuild required for change type: layers
2025-09-10 01:15:07 - [INFO] - [DEBUG] Rebuilding timeline for active scan index: -1
2025-09-10 01:15:07 - [INFO] - [SMART UPDATE] State updated - Type: layers
2025-09-10 01:15:07 - [INFO] - [EDIT BUTTONS] Has scan: False, Has seg data: False, Can edit hotspot: False
2025-09-10 01:15:07 - [INFO] - [EDIT BUTTONS] Seg button enabled: False, Hotspot button enabled: False
2025-09-10 01:15:07 - [INFO] - [SMART UPDATE] Change type: none
2025-09-10 01:15:07 - [INFO] - [DEBUG] Timeline active layers set to: []
2025-09-10 01:15:07 - [INFO] - [SMART UPDATE] No changes detected, skipping update
2025-09-10 01:15:07 - [INFO] - [DEBUG] Set Image opacity to 1.00
2025-09-10 01:15:07 - [INFO] - [SMART UPDATE] Change type: none
2025-09-10 01:15:07 - [INFO] - [SMART UPDATE] Using full rebuild for opacity change
2025-09-10 01:15:07 - [INFO] - [DEBUG] Rebuilding timeline for active scan index: -1
2025-09-10 01:15:07 - [INFO] - [SMART UPDATE] State updated - Type: rebuild
2025-09-10 01:15:07 - [INFO] - [DEBUG] Set Segmentation opacity to 0.35
2025-09-10 01:15:07 - [INFO] - [SMART UPDATE] Change type: none
2025-09-10 01:15:07 - [INFO] - [SMART UPDATE] Using full rebuild for opacity change
2025-09-10 01:15:07 - [INFO] - [DEBUG] Rebuilding timeline for active scan index: -1
2025-09-10 01:15:07 - [INFO] - [SMART UPDATE] State updated - Type: rebuild
2025-09-10 01:15:07 - [INFO] - [DEBUG] Set Hotspot opacity to 0.50
2025-09-10 01:15:07 - [INFO] - [SMART UPDATE] Change type: none
2025-09-10 01:15:07 - [INFO] - [SMART UPDATE] Using full rebuild for opacity change
2025-09-10 01:15:07 - [INFO] - [DEBUG] Rebuilding timeline for active scan index: -1
2025-09-10 01:15:07 - [INFO] - [SMART UPDATE] State updated - Type: rebuild
2025-09-10 01:15:07 - [INFO] - [DEBUG] Set HotspotBBox opacity to 1.00
2025-09-10 01:15:07 - [INFO] - [SMART UPDATE] Change type: none
2025-09-10 01:15:07 - [INFO] - [SMART UPDATE] Using full rebuild for opacity change
2025-09-10 01:15:07 - [INFO] - [DEBUG] Rebuilding timeline for active scan index: -1
2025-09-10 01:15:07 - [INFO] - [SMART UPDATE] State updated - Type: rebuild
2025-09-10 01:15:07 - [INFO] - [DEBUG] Setting default layers: 'Image' checkbox should now be ON.
2025-09-10 01:15:07 - [INFO] - [DEBUG] Checkbox Image toggled: True
2025-09-10 01:15:07 - [INFO] - [DEBUG] Active layers: ['Image']
2025-09-10 01:15:07 - [INFO] - [DEBUG] Layers changed to: ['Image']
2025-09-10 01:15:07 - [INFO] - [SMART UPDATE] Change type: layers
2025-09-10 01:15:07 - [INFO] - [SMART UPDATE] Layers added: ['Image']
2025-09-10 01:15:07 - [INFO] - [DEBUG] Timeline active layers set to: ['Image']
2025-09-10 01:15:07 - [INFO] - [SMART UPDATE] Full rebuild required for change type: layers
2025-09-10 01:15:07 - [INFO] - [DEBUG] Rebuilding timeline for active scan index: -1
2025-09-10 01:15:07 - [INFO] - [SMART UPDATE] State updated - Type: layers
2025-09-10 01:15:07 - [INFO] - [EDIT BUTTONS] Has scan: False, Has seg data: False, Can edit hotspot: False
2025-09-10 01:15:07 - [INFO] - [EDIT BUTTONS] Seg button enabled: False, Hotspot button enabled: False
2025-09-10 01:15:07 - [INFO] - [SMART UPDATE] Change type: none
2025-09-10 01:15:07 - [INFO] - [DEBUG] Timeline active layers set to: ['Image']
2025-09-10 01:15:07 - [INFO] - [SMART UPDATE] No changes detected, skipping update
2025-09-10 01:15:07 - [INFO] - [DEBUG] Set Image opacity to 1.00
2025-09-10 01:15:07 - [INFO] - [SMART UPDATE] Change type: none
2025-09-10 01:15:07 - [INFO] - [SMART UPDATE] Using full rebuild for opacity change
2025-09-10 01:15:07 - [INFO] - [DEBUG] Rebuilding timeline for active scan index: -1
2025-09-10 01:15:07 - [INFO] - [SMART UPDATE] State updated - Type: rebuild
2025-09-10 01:15:07 - [INFO] - [DEBUG] Set Segmentation opacity to 0.40
2025-09-10 01:15:07 - [INFO] - [SMART UPDATE] Change type: none
2025-09-10 01:15:07 - [INFO] - [SMART UPDATE] Using full rebuild for opacity change
2025-09-10 01:15:07 - [INFO] - [DEBUG] Rebuilding timeline for active scan index: -1
2025-09-10 01:15:07 - [INFO] - [SMART UPDATE] State updated - Type: rebuild
2025-09-10 01:15:07 - [INFO] - [DEBUG] Set Hotspot opacity to 0.50
2025-09-10 01:15:07 - [INFO] - [SMART UPDATE] Change type: none
2025-09-10 01:15:07 - [INFO] - [SMART UPDATE] Using full rebuild for opacity change
2025-09-10 01:15:07 - [INFO] - [DEBUG] Rebuilding timeline for active scan index: -1
2025-09-10 01:15:07 - [INFO] - [SMART UPDATE] State updated - Type: rebuild
2025-09-10 01:15:07 - [INFO] - [DEBUG] Set HotspotBBox opacity to 1.00
2025-09-10 01:15:07 - [INFO] - [SMART UPDATE] Change type: none
2025-09-10 01:15:07 - [INFO] - [SMART UPDATE] Using full rebuild for opacity change
2025-09-10 01:15:07 - [INFO] - [DEBUG] Rebuilding timeline for active scan index: -1
2025-09-10 01:15:07 - [INFO] - [SMART UPDATE] State updated - Type: rebuild
2025-09-10 01:15:07 - [INFO] - [MainWindow] Updating timeline with 1 scans
2025-09-10 01:15:07 - [INFO] - [BSI META INTEGRATION] Updating scan meta with BSI data
2025-09-10 01:15:07 - [INFO] - [BSI META INTEGRATION] Session code: NBL
2025-09-10 01:15:07 - [INFO] - [BSI META INTEGRATION] Scan path: F:\projek dosen\prototype riset\hotspot-analyzer\data\PLANAR\NBL\0000953258\20250807\ANT001_DS.dcm
2025-09-10 01:15:07 - [INFO] - [BSI EXTRACT INFO] Extracting from path: F:\projek dosen\prototype riset\hotspot-analyzer\data\PLANAR\NBL\0000953258\20250807\ANT001_DS.dcm
2025-09-10 01:15:07 - [INFO] - [BSI EXTRACT INFO] Extracted study_date from DICOM: 20250807
2025-09-10 01:15:07 - [INFO] - [BSI EXTRACT INFO] Extracted patient_id from study_date structure: 0000953258
2025-09-10 01:15:07 - [INFO] - [BSI EXTRACT INFO] Final result - Patient: 0000953258, Study: 20250807
2025-09-10 01:15:07 - [INFO] - [BSI META INTEGRATION] Extracted - Patient: 0000953258, Study: 20250807
2025-09-10 01:15:07 - [INFO] - [DEBUG QUANT FILES] Getting quantification files for: F:\projek dosen\prototype riset\hotspot-analyzer\data\PLANAR\NBL\0000953258\20250807
2025-09-10 01:15:07 - [INFO] - [DEBUG QUANT FILES] Detected study_date folder: F:\projek dosen\prototype riset\hotspot-analyzer\data\PLANAR\NBL\0000953258\20250807
2025-09-10 01:15:07 - [INFO] - [DEBUG QUANT FILES] Generated paths:
2025-09-10 01:15:07 - [INFO] - [DEBUG QUANT FILES]   bsi_json_ant: F:\projek dosen\prototype riset\hotspot-analyzer\data\PLANAR\NBL\0000953258\20250807\bsi_quantification_ant.json (exists: True)
2025-09-10 01:15:07 - [INFO] - [DEBUG QUANT FILES]   bsi_json_post: F:\projek dosen\prototype riset\hotspot-analyzer\data\PLANAR\NBL\0000953258\20250807\bsi_quantification_post.json (exists: False)
2025-09-10 01:15:07 - [INFO] - [BSI META INTEGRATION] Found BSI files in study_date folder: F:\projek dosen\prototype riset\hotspot-analyzer\data\PLANAR\NBL\0000953258\20250807
2025-09-10 01:15:07 - [INFO] - [BSI META INTEGRATION] Using patient folder: F:\projek dosen\prototype riset\hotspot-analyzer\data\PLANAR\NBL\0000953258\20250807
2025-09-10 01:15:07 - [INFO] - [DEBUG BSI] Detected study_date folder, using parent: F:\projek dosen\prototype riset\hotspot-analyzer\data\PLANAR\NBL\0000953258
2025-09-10 01:15:07 - [INFO] - [DEBUG BSI] Found study_date folder: 20250807
2025-09-10 01:15:07 - [INFO] - [DEBUG BSI]     - 20250807 (DIR)
2025-09-10 01:15:07 - [INFO] - [DEBUG BSI]     - 20250826 (DIR)
2025-09-10 01:15:07 - [INFO] - [DEBUG BSI]     - ANT001_DS.dcm (FILE)
2025-09-10 01:15:07 - [INFO] - [DEBUG BSI]     - ant_hotspot_classification.json (FILE)
2025-09-10 01:15:07 - [INFO] - [DEBUG BSI]     - ant_hotspot_classification.png (FILE)
2025-09-10 01:15:07 - [INFO] - [DEBUG BSI]     - ant_hotspot_classification.xml (FILE)
2025-09-10 01:15:07 - [INFO] - [DEBUG BSI]     - ant_hotspot_otsu_colored.png (FILE)
2025-09-10 01:15:07 - [INFO] - [DEBUG BSI]     - ant_hotspot_otsu_colored_blend.png (FILE)
2025-09-10 01:15:07 - [INFO] - [DEBUG BSI]     - ant_hotspot_otsu_grayscale.png (FILE)
2025-09-10 01:15:07 - [INFO] - [DEBUG BSI]     - ant_hotspot_yolo.xml (FILE)
2025-09-10 01:15:07 - [INFO] - [DEBUG BSI]     - ant_mask.png (FILE)
2025-09-10 01:15:07 - [INFO] - [DEBUG BSI]     - ant_original.png (FILE)
2025-09-10 01:15:07 - [INFO] - [DEBUG BSI]     - ant_segm.png (FILE)
2025-09-10 01:15:07 - [INFO] - [DEBUG BSI]     - bsi_quantification_ant.json (FILE)
2025-09-10 01:15:07 - [INFO] - [DEBUG BSI]     - post_hotspot_otsu_colored.png (FILE)
2025-09-10 01:15:07 - [INFO] - [DEBUG BSI]     - post_hotspot_otsu_colored_blend.png (FILE)
2025-09-10 01:15:07 - [INFO] - [DEBUG BSI]     - post_hotspot_otsu_grayscale.png (FILE)
2025-09-10 01:15:07 - [INFO] - [DEBUG BSI]     - post_hotspot_yolo.xml (FILE)
2025-09-10 01:15:07 - [INFO] - [DEBUG BSI]     - post_mask.png (FILE)
2025-09-10 01:15:07 - [INFO] - [DEBUG BSI]     - post_original.png (FILE)
2025-09-10 01:15:07 - [INFO] - [DEBUG BSI]     - post_segm.png (FILE)
2025-09-10 01:15:07 - [INFO] - [DEBUG BSI]     - 20250807 (DIR)
2025-09-10 01:15:07 - [INFO] - [BSI META INTEGRATION] Found BSI data: {'study_date': '20250807', 'anterior_bsi': 0.2088293388316451, 'posterior_bsi': 0.0, 'combined_bsi': 0.2088293388316451, 'bsi_score': 0.2088293388316451, 'file_source': 'bsi_quantification_ant.json', 'processing_mode': 'single_view_anterior', 'is_v2': True, 'note': 'Only anterior view available', 'source_location': 'Study date folder'}
2025-09-10 01:15:07 - [INFO] - [BSI META INTEGRATION]   Updated meta with BSI data:
2025-09-10 01:15:07 - [INFO] - [BSI META INTEGRATION]   Anterior BSI: 0.2088293388316451
2025-09-10 01:15:07 - [INFO] - [BSI META INTEGRATION]   Posterior BSI: 0.0
2025-09-10 01:15:07 - [INFO] - [BSI META INTEGRATION]   Processing mode: single_view_anterior
2025-09-10 01:15:07 - [INFO] - [MainWindow]   BSI integration completed for 1 scans
2025-09-10 01:15:07 - [INFO] - [MainWindow DEBUG] First scan meta keys: ['patient_id', 'patient_name', 'patient_birth_date', 'patient_sex', 'patient_weight', 'patient_size', 'patient_age', 'study_date', 'series_date', 'study_time', 'modality', 'series_description', 'study_instance_uid', 'series_instance_uid', 'has_bsi', 'bsi_anterior', 'bsi_posterior', 'bsi_combined', 'bsi_processing_mode', 'bsi_file_source']
2025-09-10 01:15:07 - [INFO] - [MainWindow DEBUG] has_bsi: True
2025-09-10 01:15:07 - [INFO] - [MainWindow DEBUG] bsi_anterior: 0.2088293388316451
2025-09-10 01:15:07 - [INFO] - [MainWindow DEBUG] bsi_posterior: 0.0
2025-09-10 01:15:07 - [INFO] - [DEBUG] display_timeline called with 1 scan(s), focusing on index = 0
2025-09-10 01:15:07 - [INFO] - [BSI META INTEGRATION] Updating scan meta with BSI data
2025-09-10 01:15:07 - [INFO] - [BSI META INTEGRATION] Session code: NBL
2025-09-10 01:15:07 - [INFO] - [BSI META INTEGRATION] Scan path: F:\projek dosen\prototype riset\hotspot-analyzer\data\PLANAR\NBL\0000953258\20250807\ANT001_DS.dcm
2025-09-10 01:15:07 - [INFO] - [BSI EXTRACT INFO] Extracting from path: F:\projek dosen\prototype riset\hotspot-analyzer\data\PLANAR\NBL\0000953258\20250807\ANT001_DS.dcm
2025-09-10 01:15:07 - [INFO] - [BSI EXTRACT INFO] Extracted study_date from DICOM: 20250807
2025-09-10 01:15:07 - [INFO] - [BSI EXTRACT INFO] Extracted patient_id from study_date structure: 0000953258
2025-09-10 01:15:07 - [INFO] - [BSI EXTRACT INFO] Final result - Patient: 0000953258, Study: 20250807
2025-09-10 01:15:07 - [INFO] - [BSI META INTEGRATION] Extracted - Patient: 0000953258, Study: 20250807
2025-09-10 01:15:07 - [INFO] - [DEBUG QUANT FILES] Getting quantification files for: F:\projek dosen\prototype riset\hotspot-analyzer\data\PLANAR\NBL\0000953258\20250807
2025-09-10 01:15:07 - [INFO] - [DEBUG QUANT FILES] Detected study_date folder: F:\projek dosen\prototype riset\hotspot-analyzer\data\PLANAR\NBL\0000953258\20250807
2025-09-10 01:15:07 - [INFO] - [DEBUG QUANT FILES] Generated paths:
2025-09-10 01:15:07 - [INFO] - [DEBUG QUANT FILES]   bsi_json_ant: F:\projek dosen\prototype riset\hotspot-analyzer\data\PLANAR\NBL\0000953258\20250807\bsi_quantification_ant.json (exists: True)
2025-09-10 01:15:07 - [INFO] - [DEBUG QUANT FILES]   bsi_json_post: F:\projek dosen\prototype riset\hotspot-analyzer\data\PLANAR\NBL\0000953258\20250807\bsi_quantification_post.json (exists: False)
2025-09-10 01:15:07 - [INFO] - [BSI META INTEGRATION] Found BSI files in study_date folder: F:\projek dosen\prototype riset\hotspot-analyzer\data\PLANAR\NBL\0000953258\20250807
2025-09-10 01:15:07 - [INFO] - [BSI META INTEGRATION] Using patient folder: F:\projek dosen\prototype riset\hotspot-analyzer\data\PLANAR\NBL\0000953258\20250807
2025-09-10 01:15:07 - [INFO] - [DEBUG BSI] Detected study_date folder, using parent: F:\projek dosen\prototype riset\hotspot-analyzer\data\PLANAR\NBL\0000953258
2025-09-10 01:15:07 - [INFO] - [DEBUG BSI] Found study_date folder: 20250807
2025-09-10 01:15:07 - [INFO] - [DEBUG BSI]     - 20250807 (DIR)
2025-09-10 01:15:07 - [INFO] - [DEBUG BSI]     - 20250826 (DIR)
2025-09-10 01:15:07 - [INFO] - [DEBUG BSI]     - ANT001_DS.dcm (FILE)
2025-09-10 01:15:07 - [INFO] - [DEBUG BSI]     - ant_hotspot_classification.json (FILE)
2025-09-10 01:15:07 - [INFO] - [DEBUG BSI]     - ant_hotspot_classification.png (FILE)
2025-09-10 01:15:07 - [INFO] - [DEBUG BSI]     - ant_hotspot_classification.xml (FILE)
2025-09-10 01:15:07 - [INFO] - [DEBUG BSI]     - ant_hotspot_otsu_colored.png (FILE)
2025-09-10 01:15:07 - [INFO] - [DEBUG BSI]     - ant_hotspot_otsu_colored_blend.png (FILE)
2025-09-10 01:15:07 - [INFO] - [DEBUG BSI]     - ant_hotspot_otsu_grayscale.png (FILE)
2025-09-10 01:15:07 - [INFO] - [DEBUG BSI]     - ant_hotspot_yolo.xml (FILE)
2025-09-10 01:15:07 - [INFO] - [DEBUG BSI]     - ant_mask.png (FILE)
2025-09-10 01:15:07 - [INFO] - [DEBUG BSI]     - ant_original.png (FILE)
2025-09-10 01:15:07 - [INFO] - [DEBUG BSI]     - ant_segm.png (FILE)
2025-09-10 01:15:07 - [INFO] - [DEBUG BSI]     - bsi_quantification_ant.json (FILE)
2025-09-10 01:15:07 - [INFO] - [DEBUG BSI]     - post_hotspot_otsu_colored.png (FILE)
2025-09-10 01:15:07 - [INFO] - [DEBUG BSI]     - post_hotspot_otsu_colored_blend.png (FILE)
2025-09-10 01:15:07 - [INFO] - [DEBUG BSI]     - post_hotspot_otsu_grayscale.png (FILE)
2025-09-10 01:15:07 - [INFO] - [DEBUG BSI]     - post_hotspot_yolo.xml (FILE)
2025-09-10 01:15:07 - [INFO] - [DEBUG BSI]     - post_mask.png (FILE)
2025-09-10 01:15:07 - [INFO] - [DEBUG BSI]     - post_original.png (FILE)
2025-09-10 01:15:07 - [INFO] - [DEBUG BSI]     - post_segm.png (FILE)
2025-09-10 01:15:07 - [INFO] - [DEBUG BSI]     - 20250807 (DIR)
2025-09-10 01:15:07 - [INFO] - [BSI META INTEGRATION] Found BSI data: {'study_date': '20250807', 'anterior_bsi': 0.2088293388316451, 'posterior_bsi': 0.0, 'combined_bsi': 0.2088293388316451, 'bsi_score': 0.2088293388316451, 'file_source': 'bsi_quantification_ant.json', 'processing_mode': 'single_view_anterior', 'is_v2': True, 'note': 'Only anterior view available', 'source_location': 'Study date folder'}
2025-09-10 01:15:07 - [INFO] - [BSI META INTEGRATION]   Updated meta with BSI data:
2025-09-10 01:15:07 - [INFO] - [BSI META INTEGRATION]   Anterior BSI: 0.2088293388316451
2025-09-10 01:15:07 - [INFO] - [BSI META INTEGRATION]   Posterior BSI: 0.0
2025-09-10 01:15:07 - [INFO] - [BSI META INTEGRATION]   Processing mode: single_view_anterior
2025-09-10 01:15:07 - [INFO] - [DEBUG] Rebuilding timeline for active scan index: 0
2025-09-10 01:15:07 - [INFO] - [DEBUG] Creating CLASSIFICATION card 0 for view: Anterior
2025-09-10 01:15:07 - [INFO] - [DEBUG] Active layers selected: ['Image']
2025-09-10 01:15:07 - [INFO] - [DEBUG] DICOM path: F:\projek dosen\prototype riset\hotspot-analyzer\data\PLANAR\NBL\0000953258\20250807\ANT001_DS.dcm
2025-09-10 01:15:07 - [INFO] - [DEBUG] Current view: Anterior
2025-09-10 01:15:07 - [INFO] - [CACHE DEBUG] use_cache=False
2025-09-10 01:15:07 - [INFO] - [CACHE DEBUG] has_adjustments=False (B=0.00, C=1.00)
2025-09-10 01:15:07 - [INFO] - [CACHE DEBUG] has_overrides=False (override_b=None, override_c=None)
2025-09-10 01:15:07 - [INFO] - [CACHE DEBUG] invert_original=True
2025-09-10 01:15:07 - [INFO] - [CACHE SKIP] Skipping cache due to adjustments/overrides/invert
2025-09-10 01:15:07 - [INFO] - [DEBUG] Path extraction: session=NBL, patient=0000953258, study_date=20250807
2025-09-10 01:15:07 - [INFO] - [DEBUG] Extracted patient info - ID: 0000953258, Session: NBL
2025-09-10 01:15:07 - [INFO] - [DEBUG] Original path: F:\projek dosen\prototype riset\hotspot-analyzer\data\PLANAR\NBL\0000953258\20250807\ANT001_DS.dcm
2025-09-10 01:15:07 - [INFO] - [DEBUG] Study date: 20250807
2025-09-10 01:15:07 - [INFO] - [DEBUG] Patient ID: 0000953258
2025-09-10 01:15:07 - [INFO] - [DEBUG] Session code: NBL
2025-09-10 01:15:07 - [INFO] - [DEBUG] Study date folder: F:\projek dosen\prototype riset\hotspot-analyzer\data\PLANAR\NBL\0000953258\20250807
2025-09-10 01:15:07 - [INFO] - [DEBUG] Loading original image for Anterior
2025-09-10 01:15:07 - [INFO] - [DEBUG] Looking for original PNG in study_date dir: F:\projek dosen\prototype riset\hotspot-analyzer\data\PLANAR\NBL\0000953258\20250807\ant_original.png
2025-09-10 01:15:07 - [DEBUG] - STREAM b'IHDR' 16 13
2025-09-10 01:15:07 - [DEBUG] - STREAM b'IDAT' 41 65536
2025-09-10 01:15:07 - [INFO] - [DEBUG] Loaded original PNG from study_date dir: (256, 1024)
2025-09-10 01:15:07 - [INFO] - [DEBUG] Original image loaded: (256, 1024)
2025-09-10 01:15:07 - [INFO] - [DEBUG] Applying invert to original image
2025-09-10 01:15:07 - [INFO] - [DEBUG] simple_invert_pil_image: Processing L image, size = (256, 1024)
2025-09-10 01:15:07 - [INFO] - [DEBUG] simple_invert_image: input shape = (1024, 256), dtype = uint8
2025-09-10 01:15:07 - [INFO] - [DEBUG] Simple inversion completed: [0-255] -> [0-255]
2025-09-10 01:15:07 - [INFO] - [DEBUG] simple_invert_pil_image: completed
2025-09-10 01:15:07 - [INFO] - [DEBUG] Using STORED B/C values: B=0.00, C=1.00
2025-09-10 01:15:07 - [INFO] - [DEBUG]   Image layer loaded and processed
2025-09-10 01:15:07 - [INFO] - [DEBUG] Loading segmentation layer for Anterior
2025-09-10 01:15:07 - [INFO] - [DEBUG] Looking for segmentation (NEWEST): F:\projek dosen\prototype riset\hotspot-analyzer\data\PLANAR\NBL\0000953258\20250807\20250826\ant_segm_005743.png
2025-09-10 01:15:07 - [DEBUG] - STREAM b'IHDR' 16 13
2025-09-10 01:15:07 - [DEBUG] - STREAM b'IDAT' 41 5454
2025-09-10 01:15:07 - [INFO] - [DEBUG]   Loaded segmentation with transparency: F:\projek dosen\prototype riset\hotspot-analyzer\data\PLANAR\NBL\0000953258\20250807\20250826\ant_segm_005743.png
2025-09-10 01:15:07 - [INFO] - [DEBUG] Segmentation type: EDITED
2025-09-10 01:15:07 - [INFO] - [DEBUG] Loading hotspot layer for Anterior
2025-09-10 01:15:07 - [INFO] - [DEBUG] Looking for hotspot classification (NEWEST): F:\projek dosen\prototype riset\hotspot-analyzer\data\PLANAR\NBL\0000953258\20250807\20250826\ant_hotspot_classification_010730.png
2025-09-10 01:15:07 - [DEBUG] - STREAM b'IHDR' 16 13
2025-09-10 01:15:07 - [DEBUG] - STREAM b'IDAT' 41 1201
2025-09-10 01:15:07 - [INFO] - [DEBUG]   Loaded hotspot layer: F:\projek dosen\prototype riset\hotspot-analyzer\data\PLANAR\NBL\0000953258\20250807\20250826\ant_hotspot_classification_010730.png
2025-09-10 01:15:07 - [INFO] - [DEBUG] Hotspot type: EDITED
2025-09-10 01:15:07 - [INFO] - [DEBUG] Loading bbox layer for Anterior
2025-09-10 01:15:07 - [INFO] - [DEBUG] Looking for classification XML (NEWEST): F:\projek dosen\prototype riset\hotspot-analyzer\data\PLANAR\NBL\0000953258\20250807\20250826\ant_hotspot_classification_010730.xml
2025-09-10 01:15:07 - [INFO] - [DEBUG] Loading CLASSIFICATION XML for bbox: F:\projek dosen\prototype riset\hotspot-analyzer\data\PLANAR\NBL\0000953258\20250807\20250826\ant_hotspot_classification_010730.xml
2025-09-10 01:15:07 - [INFO] - [DEBUG] Drew CLASSIFICATION Abnormal bbox: (98,55) -> (109,65)
2025-09-10 01:15:07 - [INFO] - [DEBUG] Drew CLASSIFICATION Abnormal bbox: (80,161) -> (120,208)
2025-09-10 01:15:07 - [INFO] - [DEBUG] Drew CLASSIFICATION Abnormal bbox: (80,229) -> (98,252)
2025-09-10 01:15:07 - [INFO] - [DEBUG]   Created CLASSIFICATION bbox visualization with 3 boxes
2025-09-10 01:15:07 - [INFO] - [DEBUG]   Loaded bbox layer: F:\projek dosen\prototype riset\hotspot-analyzer\data\PLANAR\NBL\0000953258\20250807\20250826\ant_hotspot_classification_010730.xml
2025-09-10 01:15:07 - [INFO] - [DEBUG] BBox XML type: EDITED
2025-09-10 01:15:07 - [INFO] - [CACHE STORE] Not caching due to adjustments/overrides/invert
2025-09-10 01:15:07 - [INFO] - [DEBUG]   Loaded 4 layers for Anterior: ['Image', 'Segmentation', 'Hotspot', 'HotspotBBox']
2025-09-10 01:15:07 - [INFO] - [DEBUG] Available CLASSIFICATION layers in files: ['Image', 'Segmentation', 'Hotspot', 'HotspotBBox']
2025-09-10 01:15:07 - [INFO] - [DEBUG]   Added CLASSIFICATION Image to card 0 (opacity: 1.00)
2025-09-10 01:15:07 - [INFO] - [DEBUG]   CLASSIFICATION card 0 composite created with layers: ['Image']
2025-09-10 01:15:07 - [INFO] - [DEBUG] Creating CLASSIFICATION card 0 for view: Posterior
2025-09-10 01:15:07 - [INFO] - [DEBUG] Active layers selected: ['Image']
2025-09-10 01:15:07 - [INFO] - [DEBUG] DICOM path: F:\projek dosen\prototype riset\hotspot-analyzer\data\PLANAR\NBL\0000953258\20250807\ANT001_DS.dcm
2025-09-10 01:15:07 - [INFO] - [DEBUG] Current view: Posterior
2025-09-10 01:15:07 - [INFO] - [CACHE DEBUG] use_cache=False
2025-09-10 01:15:07 - [INFO] - [CACHE DEBUG] has_adjustments=False (B=0.00, C=1.00)
2025-09-10 01:15:07 - [INFO] - [CACHE DEBUG] has_overrides=False (override_b=None, override_c=None)
2025-09-10 01:15:07 - [INFO] - [CACHE DEBUG] invert_original=True
2025-09-10 01:15:07 - [INFO] - [CACHE SKIP] Skipping cache due to adjustments/overrides/invert
2025-09-10 01:15:07 - [INFO] - [DEBUG] Path extraction: session=NBL, patient=0000953258, study_date=20250807
2025-09-10 01:15:07 - [INFO] - [DEBUG] Extracted patient info - ID: 0000953258, Session: NBL
2025-09-10 01:15:07 - [INFO] - [DEBUG] Original path: F:\projek dosen\prototype riset\hotspot-analyzer\data\PLANAR\NBL\0000953258\20250807\ANT001_DS.dcm
2025-09-10 01:15:07 - [INFO] - [DEBUG] Study date: 20250807
2025-09-10 01:15:07 - [INFO] - [DEBUG] Patient ID: 0000953258
2025-09-10 01:15:07 - [INFO] - [DEBUG] Session code: NBL
2025-09-10 01:15:07 - [INFO] - [DEBUG] Study date folder: F:\projek dosen\prototype riset\hotspot-analyzer\data\PLANAR\NBL\0000953258\20250807
2025-09-10 01:15:07 - [INFO] - [DEBUG] Loading original image for Posterior
2025-09-10 01:15:07 - [INFO] - [DEBUG] Looking for original PNG in study_date dir: F:\projek dosen\prototype riset\hotspot-analyzer\data\PLANAR\NBL\0000953258\20250807\post_original.png
2025-09-10 01:15:07 - [DEBUG] - STREAM b'IHDR' 16 13
2025-09-10 01:15:07 - [DEBUG] - STREAM b'IDAT' 41 65536
2025-09-10 01:15:07 - [INFO] - [DEBUG] Loaded original PNG from study_date dir: (256, 1024)
2025-09-10 01:15:07 - [INFO] - [DEBUG] Original image loaded: (256, 1024)
2025-09-10 01:15:07 - [INFO] - [DEBUG] Applying invert to original image
2025-09-10 01:15:07 - [INFO] - [DEBUG] simple_invert_pil_image: Processing L image, size = (256, 1024)
2025-09-10 01:15:07 - [INFO] - [DEBUG] simple_invert_image: input shape = (1024, 256), dtype = uint8
2025-09-10 01:15:07 - [INFO] - [DEBUG] Simple inversion completed: [0-255] -> [0-255]
2025-09-10 01:15:07 - [INFO] - [DEBUG] simple_invert_pil_image: completed
2025-09-10 01:15:07 - [INFO] - [DEBUG] Using STORED B/C values: B=0.00, C=1.00
2025-09-10 01:15:07 - [INFO] - [DEBUG]   Image layer loaded and processed
2025-09-10 01:15:07 - [INFO] - [DEBUG] Loading segmentation layer for Posterior
2025-09-10 01:15:07 - [INFO] - [DEBUG] Looking for segmentation (NEWEST): F:\projek dosen\prototype riset\hotspot-analyzer\data\PLANAR\NBL\0000953258\20250807\post_segm.png
2025-09-10 01:15:07 - [DEBUG] - STREAM b'IHDR' 16 13
2025-09-10 01:15:07 - [DEBUG] - STREAM b'IDAT' 41 5079
2025-09-10 01:15:07 - [INFO] - [DEBUG]   Loaded segmentation with transparency: F:\projek dosen\prototype riset\hotspot-analyzer\data\PLANAR\NBL\0000953258\20250807\post_segm.png
2025-09-10 01:15:07 - [INFO] - [DEBUG] Segmentation type: ORIGINAL
2025-09-10 01:15:07 - [INFO] - [DEBUG] Loading hotspot layer for Posterior
2025-09-10 01:15:07 - [INFO] - [DEBUG] Looking for hotspot classification (NEWEST): F:\projek dosen\prototype riset\hotspot-analyzer\data\PLANAR\NBL\0000953258\20250807\post_hotspot_classification.png
2025-09-10 01:15:07 - [INFO] - [DEBUG] No hotspot classification found: F:\projek dosen\prototype riset\hotspot-analyzer\data\PLANAR\NBL\0000953258\20250807\post_hotspot_classification.png
2025-09-10 01:15:07 - [INFO] - [DEBUG] Loading bbox layer for Posterior
2025-09-10 01:15:07 - [INFO] - [DEBUG] Looking for classification XML (NEWEST): F:\projek dosen\prototype riset\hotspot-analyzer\data\PLANAR\NBL\0000953258\20250807\post_hotspot_classification.xml
2025-09-10 01:15:07 - [INFO] - [DEBUG] No classification XML found: F:\projek dosen\prototype riset\hotspot-analyzer\data\PLANAR\NBL\0000953258\20250807\post_hotspot_classification.xml
2025-09-10 01:15:07 - [INFO] - [CACHE STORE] Not caching due to adjustments/overrides/invert
2025-09-10 01:15:07 - [INFO] - [DEBUG]   Loaded 2 layers for Posterior: ['Image', 'Segmentation']
2025-09-10 01:15:07 - [INFO] - [DEBUG] Available CLASSIFICATION layers in files: ['Image', 'Segmentation']
2025-09-10 01:15:07 - [INFO] - [DEBUG]   Added CLASSIFICATION Image to card 0 (opacity: 1.00)
2025-09-10 01:15:07 - [INFO] - [DEBUG]   CLASSIFICATION card 0 composite created with layers: ['Image']
2025-09-10 01:15:07 - [INFO] - [SMART UPDATE] State updated - Type: full
2025-09-10 01:15:07 - [INFO] - [MainWindow]   Timeline updated with BSI integration
2025-09-10 01:15:07 - [INFO] - 
2025-09-10 01:15:07 - [INFO] - 🏠 [DEBUG MAIN GANTENG] ===================
2025-09-10 01:15:07 - [INFO] - 🏠 [DEBUG MAIN] Loading BSI data for selected scan
2025-09-10 01:15:07 - [INFO] - 🏠 [DEBUG MAIN] Session code: NBL
2025-09-10 01:15:07 - [INFO] - 🏠 [DEBUG MAIN] Scan data keys: ['meta', 'frames', 'path', 'workflow_files']
2025-09-10 01:15:07 - [INFO] - 🏠 [DEBUG MAIN] DICOM path: F:\projek dosen\prototype riset\hotspot-analyzer\data\PLANAR\NBL\0000953258\20250807\ANT001_DS.dcm
2025-09-10 01:15:07 - [INFO] - 🏠 [DEBUG MAIN] DICOM exists: True
2025-09-10 01:15:07 - [INFO] - 🏠 [DEBUG MAIN] Initial patient folder: F:\projek dosen\prototype riset\hotspot-analyzer\data\PLANAR\NBL\0000953258\20250807
2025-09-10 01:15:07 - [INFO] - 🏠 [DEBUG MAIN] Initial patient folder exists: True
2025-09-10 01:15:07 - [INFO] - 🏠 [DEBUG MAIN] Initial patient folder name: 20250807
2025-09-10 01:15:07 - [INFO] - 🏠 [DEBUG MAIN] Study date from DICOM: 20250807
2025-09-10 01:15:07 - [INFO] - 🏠 [DEBUG MAIN] Detected study_date folder structure
2025-09-10 01:15:07 - [INFO] - 🏠 [DEBUG MAIN] Corrected patient folder: F:\projek dosen\prototype riset\hotspot-analyzer\data\PLANAR\NBL\0000953258
2025-09-10 01:15:07 - [INFO] - 🏠 [DEBUG MAIN] Corrected patient ID: 0000953258
2025-09-10 01:15:07 - [INFO] - 🏠 [DEBUG MAIN] Corrected study date: 20250807
2025-09-10 01:15:07 - [INFO] - [DEBUG QUANT FILES] Getting quantification files for: F:\projek dosen\prototype riset\hotspot-analyzer\data\PLANAR\NBL\0000953258\20250807
2025-09-10 01:15:07 - [INFO] - [DEBUG QUANT FILES] Detected study_date folder: F:\projek dosen\prototype riset\hotspot-analyzer\data\PLANAR\NBL\0000953258\20250807
2025-09-10 01:15:07 - [INFO] - [DEBUG QUANT FILES] Generated paths:
2025-09-10 01:15:07 - [INFO] - [DEBUG QUANT FILES]   bsi_json_ant: F:\projek dosen\prototype riset\hotspot-analyzer\data\PLANAR\NBL\0000953258\20250807\bsi_quantification_ant.json (exists: True)
2025-09-10 01:15:07 - [INFO] - [DEBUG QUANT FILES]   bsi_json_post: F:\projek dosen\prototype riset\hotspot-analyzer\data\PLANAR\NBL\0000953258\20250807\bsi_quantification_post.json (exists: False)
2025-09-10 01:15:07 - [INFO] - 🏠 [DEBUG MAIN] BSI files in study_date folder:
2025-09-10 01:15:07 - [INFO] - 🏠 [DEBUG MAIN]   Anterior: True
2025-09-10 01:15:07 - [INFO] - 🏠 [DEBUG MAIN]   Posterior: False
2025-09-10 01:15:07 - [INFO] - 🏠 [DEBUG MAIN] Found BSI files in study_date folder, using it
2025-09-10 01:15:07 - [INFO] - [BSI CANVAS] Using patient folder for trend: F:\projek dosen\prototype riset\hotspot-analyzer\data\PLANAR\NBL\0000953258
2025-09-10 01:15:07 - [INFO] - [DEBUG BSI] Using patient folder directly: F:\projek dosen\prototype riset\hotspot-analyzer\data\PLANAR\NBL\0000953258
2025-09-10 01:15:07 - [INFO] - [DEBUG BSI] Found study_date folder: 20250807
2025-09-10 01:15:07 - [INFO] - [DEBUG BSI]     - 20250807 (DIR)
2025-09-10 01:15:07 - [INFO] - [DEBUG BSI]     - 20250826 (DIR)
2025-09-10 01:15:07 - [INFO] - [DEBUG BSI]     - ANT001_DS.dcm (FILE)
2025-09-10 01:15:07 - [INFO] - [DEBUG BSI]     - ant_hotspot_classification.json (FILE)
2025-09-10 01:15:07 - [INFO] - [DEBUG BSI]     - ant_hotspot_classification.png (FILE)
2025-09-10 01:15:07 - [INFO] - [DEBUG BSI]     - ant_hotspot_classification.xml (FILE)
2025-09-10 01:15:07 - [INFO] - [DEBUG BSI]     - ant_hotspot_otsu_colored.png (FILE)
2025-09-10 01:15:07 - [INFO] - [DEBUG BSI]     - ant_hotspot_otsu_colored_blend.png (FILE)
2025-09-10 01:15:07 - [INFO] - [DEBUG BSI]     - ant_hotspot_otsu_grayscale.png (FILE)
2025-09-10 01:15:07 - [INFO] - [DEBUG BSI]     - ant_hotspot_yolo.xml (FILE)
2025-09-10 01:15:07 - [INFO] - [DEBUG BSI]     - ant_mask.png (FILE)
2025-09-10 01:15:07 - [INFO] - [DEBUG BSI]     - ant_original.png (FILE)
2025-09-10 01:15:07 - [INFO] - [DEBUG BSI]     - ant_segm.png (FILE)
2025-09-10 01:15:07 - [INFO] - [DEBUG BSI]     - bsi_quantification_ant.json (FILE)
2025-09-10 01:15:07 - [INFO] - [DEBUG BSI]     - post_hotspot_otsu_colored.png (FILE)
2025-09-10 01:15:07 - [INFO] - [DEBUG BSI]     - post_hotspot_otsu_colored_blend.png (FILE)
2025-09-10 01:15:07 - [INFO] - [DEBUG BSI]     - post_hotspot_otsu_grayscale.png (FILE)
2025-09-10 01:15:07 - [INFO] - [DEBUG BSI]     - post_hotspot_yolo.xml (FILE)
2025-09-10 01:15:07 - [INFO] - [DEBUG BSI]     - post_mask.png (FILE)
2025-09-10 01:15:07 - [INFO] - [DEBUG BSI]     - post_original.png (FILE)
2025-09-10 01:15:07 - [INFO] - [DEBUG BSI]     - post_segm.png (FILE)
2025-09-10 01:15:07 - [INFO] - [DEBUG BSI CANVAS] Processing date: 20250807, mode: single_view_anterior
2025-09-10 01:15:07 - [INFO] - [DEBUG BSI CANVAS] Added: Ant=0.2088293388316451 Post=None
2025-09-10 01:15:07 - [INFO] - [DEBUG QUANT FILES] Getting quantification files for: F:\projek dosen\prototype riset\hotspot-analyzer\data\PLANAR\NBL\0000953258\20250807
2025-09-10 01:15:07 - [INFO] - [DEBUG QUANT FILES] Detected study_date folder: F:\projek dosen\prototype riset\hotspot-analyzer\data\PLANAR\NBL\0000953258\20250807
2025-09-10 01:15:07 - [INFO] - [DEBUG QUANT FILES] Generated paths:
2025-09-10 01:15:07 - [INFO] - [DEBUG QUANT FILES]   bsi_json_ant: F:\projek dosen\prototype riset\hotspot-analyzer\data\PLANAR\NBL\0000953258\20250807\bsi_quantification_ant.json (exists: True)
2025-09-10 01:15:07 - [INFO] - [DEBUG QUANT FILES]   bsi_json_post: F:\projek dosen\prototype riset\hotspot-analyzer\data\PLANAR\NBL\0000953258\20250807\bsi_quantification_post.json (exists: False)
2025-09-10 01:15:07 - [INFO] - 📖 [DEBUG RESULTS] Processing anterior-only data
2025-09-10 01:15:07 - [INFO] - 📖 [DEBUG RESULTS]   Successfully loaded V1.2 results
2025-09-10 01:15:07 - [INFO] - 🏠 [DEBUG MAIN] BSI panel load result: True
2025-09-10 01:15:07 - [INFO] - [DEBUG] Path extraction: session=NBL, patient=0000953258, study_date=20250807
2025-09-10 01:15:07 - [INFO] - [DEBUG] Extracted patient info - ID: 0000953258, Session: NBL
2025-09-10 01:15:07 - [INFO] - [DEBUG] Original path: F:\projek dosen\prototype riset\hotspot-analyzer\data\PLANAR\NBL\0000953258\20250807\ANT001_DS.dcm
2025-09-10 01:15:07 - [INFO] - [EDIT BUTTONS] Has scan: True, Has seg data: True, Can edit hotspot: True
2025-09-10 01:15:07 - [INFO] - [EDIT BUTTONS] Seg button enabled: True, Hotspot button enabled: True
2025-09-10 01:15:08 - [INFO] - [DEBUG] Logout requested
2025-09-10 01:15:08 - [INFO] - [DEBUG] Membersihkan sumber daya di MainWindow (SPECT)...
2025-09-10 01:15:08 - [INFO] - [DEBUG] Menutup process pool...
2025-09-10 01:15:08 - [ERROR] - Traceback (most recent call last):
2025-09-10 01:15:08 - [ERROR] - File "F:\projek dosen\prototype riset\hotspot-analyzer\features\spect_viewer\gui\main_window_spect.py", line 1230, in _handle_logout
2025-09-10 01:15:08 - [ERROR] - self.close()
2025-09-10 01:15:08 - [ERROR] - File "F:\projek dosen\prototype riset\hotspot-analyzer\features\spect_viewer\gui\main_window_spect.py", line 1235, in closeEvent
2025-09-10 01:15:08 - [ERROR] - if self._pool is not None:
2025-09-10 01:15:08 - [ERROR] - ^
2025-09-10 01:15:08 - [ERROR] - ^
2025-09-10 01:15:08 - [ERROR] - ^
2025-09-10 01:15:08 - [ERROR] - ^
2025-09-10 01:15:08 - [ERROR] - ^
2025-09-10 01:15:08 - [ERROR] - ^
2025-09-10 01:15:08 - [ERROR] - ^
2025-09-10 01:15:08 - [ERROR] - ^
2025-09-10 01:15:08 - [ERROR] - ^
2025-09-10 01:15:08 - [ERROR] - ^
2025-09-10 01:15:08 - [ERROR] - AttributeError
2025-09-10 01:15:08 - [ERROR] - :
2025-09-10 01:15:08 - [ERROR] - Error calling Python override of QMainWindow::closeEvent(): 'MainWindowSpect' object has no attribute '_pool'
2025-09-10 01:15:08 - [ERROR] - . Did you mean: '
2025-09-10 01:15:08 - [ERROR] - pool
2025-09-10 01:15:08 - [ERROR] - '?
2025-09-10 01:15:08 - [INFO] - [DEBUG] === Starting new session ===
2025-09-10 01:15:08 - [INFO] - [DEBUG] Development mode - creating dialog immediately
2025-09-10 01:15:08 - [INFO] - [DEBUG] Creating doctor selection dialog (attempt 1/3)...
2025-09-10 01:15:08 - [INFO] - [DEBUG] Dialog class imported successfully
2025-09-10 01:15:08 - [INFO] - [DEBUG] Dialog instance created successfully
2025-09-10 01:15:08 - [INFO] - [DEBUG] Dialog window properties set
2025-09-10 01:15:08 - [INFO] - [DEBUG] Showing dialog to user...
2025-09-10 01:15:08 - [INFO] - [DEBUG] Dialog shown successfully
2025-09-10 01:15:08 - [INFO] - [DEBUG] Waiting for user input...
2025-09-10 01:15:11 - [INFO] - [SESSION] Created session: NSY_Planar_20250910_011511
2025-09-10 01:15:11 - [INFO] - [SESSION] Created: NSY_Planar_20250910_011511
2025-09-10 01:15:11 - [INFO] - [DEBUG] Dialog execution completed with result: 1
2025-09-10 01:15:11 - [INFO] - [DEBUG] Quick close detected: False
2025-09-10 01:15:11 - [INFO] - [DEBUG] Session selected - Code: NSY, Modality: Planar
2025-09-10 01:15:11 - [INFO] - [DEBUG] Data directory confirmed: data
2025-09-10 01:15:11 - [INFO] - [DEBUG] Starting PLANAR session with code: NSY
2025-09-10 01:15:11 - [INFO] - [DEBUG] Creating main window for session: NSY
2025-09-10 01:15:11 - [INFO] - [DEBUG] session_code in MainWindow = NSY
2025-09-10 01:15:11 - [INFO] - [DEBUG] Timeline keyboard shortcuts enabled: Ctrl+/- for zoom, Ctrl+0 for reset
2025-09-10 01:15:11 - [INFO] - [DEBUG] Connecting invert checkbox...
2025-09-10 01:15:11 - [INFO] - [DEBUG] Testing checkbox connection...
2025-09-10 01:15:11 - [INFO] - [DEBUG] Timeline widget exists: True
2025-09-10 01:15:11 - [INFO] - [DEBUG] Timeline widget type: <class 'features.spect_viewer.gui.scan_timeline.ScanTimelineWidget'>
2025-09-10 01:15:11 - [INFO] - [DEBUG] Invert checkbox created and connected
2025-09-10 01:15:11 - [INFO] - [MainWindow]   Global keyboard shortcuts setup complete
2025-09-10 01:15:11 - [INFO] - [MainWindow] Syncing view 'Anterior' across all components
2025-09-10 01:15:11 - [INFO] - [DEBUG] set_active_view called with 'Anterior', but is now ignored.
2025-09-10 01:15:11 - [INFO] - [MainWindow]   View sync completed
2025-09-10 01:15:11 - [INFO] - [MainWindow]   Complete integration initialization finished
2025-09-10 01:15:11 - [INFO] - [DEBUG] Starting folder scan for session: NSY
2025-09-10 01:15:11 - [INFO] - Ditemukan 7 file DICOM di 'F:\projek dosen\prototype riset\hotspot-analyzer\data\PLANAR'
2025-09-10 01:15:11 - [INFO] - Ditemukan 4 session, 7 pasien (total 7 file DICOM).
2025-09-10 01:15:11 - [INFO] - ALL: 1 pasien, 1 file
2025-09-10 01:15:11 - [INFO] - ATL: 4 pasien, 4 file
2025-09-10 01:15:11 - [INFO] - NBL: 1 pasien, 1 file
2025-09-10 01:15:11 - [INFO] - NSY: 1 pasien, 1 file
2025-09-10 01:15:11 - [INFO] - [DEBUG] Found 4 total sessions: ['ALL', 'ATL', 'NBL', 'NSY']
2025-09-10 01:15:11 - [INFO] - [DEBUG] Filtered to session NSY: 1 patients
2025-09-10 01:15:11 - [INFO] - [DEBUG] Added 1 patients to combo box for session NSY
2025-09-10 01:15:11 - [INFO] - [DEBUG] display_timeline called with 0 scan(s), focusing on index = -1
2025-09-10 01:15:11 - [INFO] - [DEBUG] Rebuilding timeline for active scan index: -1
2025-09-10 01:15:11 - [INFO] - [BSI SIDE PANEL] Clearing all patient data...
2025-09-10 01:15:11 - [INFO] - [DEBUG] Folder scan completed
2025-09-10 01:15:11 - [INFO] - [DEBUG] Main window created successfully for session: NSY
2025-09-10 01:15:11 - [INFO] - [DEBUG] Main window created successfully
2025-09-10 01:15:11 - [INFO] - [DEBUG] Logout signal connected
2025-09-10 01:15:11 - [INFO] - [DEBUG] Main window displayed
2025-09-10 01:15:11 - [INFO] - [DEBUG] Active windows count: 1
2025-09-10 01:15:12 - [INFO] - [TEST] Testing invert connection...
2025-09-10 01:15:12 - [INFO] - [TEST] Timeline widget exists: True
2025-09-10 01:15:12 - [INFO] - [TEST] Checkbox exists: True
2025-09-10 01:15:12 - [INFO] - [TEST] Current checkbox state: False
2025-09-10 01:15:12 - [INFO] - [DEBUG] === INVERT CHECKBOX CHANGED ===
2025-09-10 01:15:12 - [INFO] - [DEBUG] Checkbox state: 2, isChecked(): True
2025-09-10 01:15:12 - [INFO] - [DEBUG] Invert flag changed: False -> True
2025-09-10 01:15:12 - [INFO] - [DEBUG] Calling timeline_widget.set_invert_original(True)
2025-09-10 01:15:12 - [INFO] - [DEBUG] set_invert_original called: True (current: False)
2025-09-10 01:15:12 - [INFO] - [CACHE CLEAR] Cleared 0 layer cache entries
2025-09-10 01:15:12 - [INFO] - [CACHE CLEAR] Cleared zoom cache (0 labels)
2025-09-10 01:15:12 - [INFO] - [DEBUG] Cleared layer cache due to invert change
2025-09-10 01:15:12 - [INFO] - [DEBUG] No scans loaded, rebuild skipped
2025-09-10 01:15:12 - [INFO] - [DEBUG]   Timeline invert method called successfully
2025-09-10 01:15:12 - [INFO] - [TEST] Toggled checkbox to: True
2025-09-10 01:15:12 - [INFO] - [DEBUG] item activated → ID: 0001158915 (NSY) @ index 0
2025-09-10 01:15:12 - [INFO] - [DEBUG] item activated → ID: 0001158915 (NSY)
2025-09-10 01:15:12 - [INFO] - 
2025-09-10 01:15:12 - [INFO] - [DEBUG SELECT GANTENG] ===================
2025-09-10 01:15:12 - [INFO] - [DEBUG SELECT] Patient selected: ID: 0001158915 (NSY)
2025-09-10 01:15:12 - [INFO] - [DEBUG SELECT] Parsed - Patient: 0001158915, Session: NSY
2025-09-10 01:15:12 - [INFO] - [DEBUG SELECT] Patient path from paths.py: F:\projek dosen\prototype riset\hotspot-analyzer\data\PLANAR\NSY\0001158915
2025-09-10 01:15:12 - [INFO] - [DEBUG SELECT] Patient path exists: True
2025-09-10 01:15:12 - [INFO] - [DEBUG SELECT] Patient path contents:
2025-09-10 01:15:12 - [INFO] - [DEBUG SELECT]   - 20241204 (DIR)
2025-09-10 01:15:12 - [INFO] - 
2025-09-10 01:15:12 - [INFO] - [DEBUG PATHS GANTENG] ===================
2025-09-10 01:15:12 - [INFO] - [DEBUG PATHS] Patient folder: F:\projek dosen\prototype riset\hotspot-analyzer\data\PLANAR\NSY\0001158915
2025-09-10 01:15:12 - [INFO] - [DEBUG PATHS] Patient ID: 0001158915
2025-09-10 01:15:12 - [INFO] - [DEBUG PATHS] Folder exists: True
2025-09-10 01:15:12 - [INFO] - [DEBUG PATHS] Folder structure:
2025-09-10 01:15:12 - [INFO] - [DEBUG PATHS]   DIR:  20241204/
2025-09-10 01:15:12 - [INFO] - [DEBUG PATHS]     Study date folder contents:
2025-09-10 01:15:12 - [INFO] - [DEBUG PATHS]       DIR:  20250824/
2025-09-10 01:15:12 - [INFO] - [DEBUG PATHS]       DIR:  20250826/
2025-09-10 01:15:12 - [INFO] - [DEBUG PATHS]       FILE: ANT001_DS.dcm (1054352 bytes)
2025-09-10 01:15:12 - [INFO] - [DEBUG PATHS]       FILE: ant_hotspot_classification.json (36468 bytes)
2025-09-10 01:15:12 - [INFO] - [DEBUG PATHS]       FILE: ant_hotspot_classification.png (1012 bytes)
2025-09-10 01:15:12 - [INFO] - [DEBUG PATHS]       FILE: ant_hotspot_classification.xml (919 bytes)
2025-09-10 01:15:12 - [INFO] - [DEBUG PATHS]       FILE: ant_hotspot_otsu_colored.png (1138 bytes)
2025-09-10 01:15:12 - [INFO] - [DEBUG PATHS]       FILE: ant_hotspot_otsu_colored_blend.png (99622 bytes)
2025-09-10 01:15:12 - [INFO] - [DEBUG PATHS]       FILE: ant_hotspot_otsu_grayscale.png (566 bytes)
2025-09-10 01:15:12 - [INFO] - [DEBUG PATHS]       FILE: ant_hotspot_yolo.xml (991 bytes)
2025-09-10 01:15:12 - [INFO] - [DEBUG PATHS]       FILE: ant_mask.png (2694 bytes)
2025-09-10 01:15:12 - [INFO] - [DEBUG PATHS]       FILE: ant_original.png (74077 bytes)
2025-09-10 01:15:12 - [INFO] - [DEBUG PATHS]       FILE: ant_segm.png (5053 bytes)
2025-09-10 01:15:12 - [INFO] - [DEBUG PATHS]       FILE: bsi_quantification_ant.json (3803 bytes)
2025-09-10 01:15:12 - [INFO] - [DEBUG PATHS]       FILE: post_hotspot_otsu_colored.png (1011 bytes)
2025-09-10 01:15:12 - [INFO] - [DEBUG PATHS]       FILE: post_hotspot_otsu_colored_blend.png (102487 bytes)
2025-09-10 01:15:12 - [INFO] - [DEBUG PATHS]       FILE: post_hotspot_otsu_grayscale.png (452 bytes)
2025-09-10 01:15:12 - [INFO] - [DEBUG PATHS]       FILE: post_hotspot_yolo.xml (673 bytes)
2025-09-10 01:15:12 - [INFO] - [DEBUG PATHS]       FILE: post_mask.png (2603 bytes)
2025-09-10 01:15:12 - [INFO] - [DEBUG PATHS]       FILE: post_original.png (75692 bytes)
2025-09-10 01:15:12 - [INFO] - [DEBUG PATHS]       FILE: post_segm.png (4682 bytes)
2025-09-10 01:15:12 - [INFO] - [DEBUG QUANT FILES] Getting quantification files for: F:\projek dosen\prototype riset\hotspot-analyzer\data\PLANAR\NSY\0001158915
2025-09-10 01:15:12 - [INFO] - [DEBUG QUANT FILES] Using latest study_date folder: F:\projek dosen\prototype riset\hotspot-analyzer\data\PLANAR\NSY\0001158915\20241204
2025-09-10 01:15:12 - [INFO] - [DEBUG QUANT FILES] Generated paths:
2025-09-10 01:15:12 - [INFO] - [DEBUG QUANT FILES]   bsi_json_ant: F:\projek dosen\prototype riset\hotspot-analyzer\data\PLANAR\NSY\0001158915\20241204\bsi_quantification_ant.json (exists: True)
2025-09-10 01:15:12 - [INFO] - [DEBUG QUANT FILES]   bsi_json_post: F:\projek dosen\prototype riset\hotspot-analyzer\data\PLANAR\NSY\0001158915\20241204\bsi_quantification_post.json (exists: False)
2025-09-10 01:15:12 - [INFO] - [DEBUG PATHS] New quantification paths:
2025-09-10 01:15:12 - [INFO] - [DEBUG PATHS]   bsi_json_ant: F:\projek dosen\prototype riset\hotspot-analyzer\data\PLANAR\NSY\0001158915\20241204\bsi_quantification_ant.json (exists: True, size: 3803 bytes)
2025-09-10 01:15:12 - [INFO] - [DEBUG PATHS]     Content preview: {
2025-09-10 01:15:12 - [INFO] - "patient_info": {
2025-09-10 01:15:12 - [INFO] - "patient_id": "0001158915",
2025-09-10 01:15:12 - [INFO] - "study_date": "20241204",
2025-09-10 01:15:12 - [INFO] - "filename_st...
2025-09-10 01:15:12 - [INFO] - [DEBUG PATHS]   bsi_json_post: F:\projek dosen\prototype riset\hotspot-analyzer\data\PLANAR\NSY\0001158915\20241204\bsi_quantification_post.json (exists: False, size: 0 bytes)
2025-09-10 01:15:12 - [INFO] - [DEBUG PATHS] Old pattern search:
2025-09-10 01:15:12 - [INFO] - [DEBUG PATHS]   Old anterior: []
2025-09-10 01:15:12 - [INFO] - [DEBUG PATHS]   Old posterior: []
2025-09-10 01:15:12 - [INFO] - [DEBUG SELECT] Found DICOM files: 1
2025-09-10 01:15:12 - [INFO] - [DEBUG SELECT]   DICOM: F:\projek dosen\prototype riset\hotspot-analyzer\data\PLANAR\NSY\0001158915\20241204\ANT001_DS.dcm
2025-09-10 01:15:12 - [INFO] - [DEBUG SELECT]   DICOM folder: F:\projek dosen\prototype riset\hotspot-analyzer\data\PLANAR\NSY\0001158915\20241204
2025-09-10 01:15:12 - [INFO] - [DEBUG QUANT FILES] Getting quantification files for: F:\projek dosen\prototype riset\hotspot-analyzer\data\PLANAR\NSY\0001158915\20241204
2025-09-10 01:15:12 - [INFO] - [DEBUG QUANT FILES] Detected study_date folder: F:\projek dosen\prototype riset\hotspot-analyzer\data\PLANAR\NSY\0001158915\20241204
2025-09-10 01:15:12 - [INFO] - [DEBUG QUANT FILES] Generated paths:
2025-09-10 01:15:12 - [INFO] - [DEBUG QUANT FILES]   bsi_json_ant: F:\projek dosen\prototype riset\hotspot-analyzer\data\PLANAR\NSY\0001158915\20241204\bsi_quantification_ant.json (exists: True)
2025-09-10 01:15:12 - [INFO] - [DEBUG QUANT FILES]   bsi_json_post: F:\projek dosen\prototype riset\hotspot-analyzer\data\PLANAR\NSY\0001158915\20241204\bsi_quantification_post.json (exists: False)
2025-09-10 01:15:12 - [INFO] - [DEBUG SELECT]   BSI files near DICOM:
2025-09-10 01:15:12 - [INFO] - [DEBUG SELECT]     Anterior: True
2025-09-10 01:15:12 - [INFO] - [DEBUG SELECT]     Posterior: False
2025-09-10 01:15:12 - [INFO] - [DEBUG] Loading patient: 0001158915 from session: NSY
2025-09-10 01:15:12 - [INFO] - [CACHE DEBUG] Cache key: 0001158915_NSY
2025-09-10 01:15:12 - [INFO] - [CACHE DEBUG] Existing cache keys: []
2025-09-10 01:15:12 - [INFO] - [DEBUG] Loading scans for 0001158915_NSY from disk...
2025-09-10 01:15:12 - [INFO] - [DEBUG] Found 1 DICOM files for patient 0001158915
2025-09-10 01:15:12 - [INFO] - [DEBUG] Enriched scan data for: ANT001_DS.dcm
2025-09-10 01:15:12 - [INFO] - [DEBUG] Scan files for 0001158915_20241204:
2025-09-10 01:15:12 - [INFO] - [DEBUG] Available files: None
2025-09-10 01:15:12 - [INFO] - [DEBUG] Available PNG files for 0001158915_20241204: None
2025-09-10 01:15:12 - [INFO] - [DEBUG] Saving 1 scans to cache for 0001158915_NSY
2025-09-10 01:15:12 - [INFO] - [DEBUG] Layers changed to: []
2025-09-10 01:15:12 - [INFO] - [SMART UPDATE] Change type: none
2025-09-10 01:15:12 - [INFO] - [DEBUG] Timeline active layers set to: []
2025-09-10 01:15:12 - [INFO] - [SMART UPDATE] No changes detected, skipping update
2025-09-10 01:15:12 - [INFO] - [EDIT BUTTONS] Has scan: False, Has seg data: False, Can edit hotspot: False
2025-09-10 01:15:12 - [INFO] - [EDIT BUTTONS] Seg button enabled: False, Hotspot button enabled: False
2025-09-10 01:15:12 - [INFO] - [SMART UPDATE] Change type: none
2025-09-10 01:15:12 - [INFO] - [DEBUG] Timeline active layers set to: []
2025-09-10 01:15:12 - [INFO] - [SMART UPDATE] No changes detected, skipping update
2025-09-10 01:15:12 - [INFO] - [DEBUG] Set Image opacity to 1.00
2025-09-10 01:15:12 - [INFO] - [SMART UPDATE] Change type: none
2025-09-10 01:15:12 - [INFO] - [SMART UPDATE] Using full rebuild for opacity change
2025-09-10 01:15:12 - [INFO] - [DEBUG] Rebuilding timeline for active scan index: -1
2025-09-10 01:15:12 - [INFO] - [SMART UPDATE] State updated - Type: rebuild
2025-09-10 01:15:12 - [INFO] - [DEBUG] Set Segmentation opacity to 0.35
2025-09-10 01:15:12 - [INFO] - [SMART UPDATE] Change type: none
2025-09-10 01:15:12 - [INFO] - [SMART UPDATE] Using full rebuild for opacity change
2025-09-10 01:15:12 - [INFO] - [DEBUG] Rebuilding timeline for active scan index: -1
2025-09-10 01:15:12 - [INFO] - [SMART UPDATE] State updated - Type: rebuild
2025-09-10 01:15:12 - [INFO] - [DEBUG] Set Hotspot opacity to 0.50
2025-09-10 01:15:12 - [INFO] - [SMART UPDATE] Change type: none
2025-09-10 01:15:12 - [INFO] - [SMART UPDATE] Using full rebuild for opacity change
2025-09-10 01:15:12 - [INFO] - [DEBUG] Rebuilding timeline for active scan index: -1
2025-09-10 01:15:12 - [INFO] - [SMART UPDATE] State updated - Type: rebuild
2025-09-10 01:15:12 - [INFO] - [DEBUG] Set HotspotBBox opacity to 1.00
2025-09-10 01:15:12 - [INFO] - [SMART UPDATE] Change type: none
2025-09-10 01:15:12 - [INFO] - [SMART UPDATE] Using full rebuild for opacity change
2025-09-10 01:15:12 - [INFO] - [DEBUG] Rebuilding timeline for active scan index: -1
2025-09-10 01:15:12 - [INFO] - [SMART UPDATE] State updated - Type: rebuild
2025-09-10 01:15:12 - [INFO] - [DEBUG] Setting default layers: 'Image' checkbox should now be ON.
2025-09-10 01:15:12 - [INFO] - [DEBUG] Checkbox Image toggled: True
2025-09-10 01:15:12 - [INFO] - [DEBUG] Active layers: ['Image']
2025-09-10 01:15:12 - [INFO] - [DEBUG] Layers changed to: ['Image']
2025-09-10 01:15:12 - [INFO] - [SMART UPDATE] Change type: layers
2025-09-10 01:15:12 - [INFO] - [SMART UPDATE] Layers added: ['Image']
2025-09-10 01:15:12 - [INFO] - [DEBUG] Timeline active layers set to: ['Image']
2025-09-10 01:15:12 - [INFO] - [SMART UPDATE] Full rebuild required for change type: layers
2025-09-10 01:15:12 - [INFO] - [DEBUG] Rebuilding timeline for active scan index: -1
2025-09-10 01:15:12 - [INFO] - [SMART UPDATE] State updated - Type: layers
2025-09-10 01:15:12 - [INFO] - [EDIT BUTTONS] Has scan: False, Has seg data: False, Can edit hotspot: False
2025-09-10 01:15:12 - [INFO] - [EDIT BUTTONS] Seg button enabled: False, Hotspot button enabled: False
2025-09-10 01:15:12 - [INFO] - [DEBUG] All data loaded. Total scans: 1
2025-09-10 01:15:12 - [INFO] - [DEBUG] Layers changed to: []
2025-09-10 01:15:12 - [INFO] - [SMART UPDATE] Change type: layers
2025-09-10 01:15:12 - [INFO] - [SMART UPDATE] Layers removed: ['Image']
2025-09-10 01:15:12 - [INFO] - [DEBUG] Timeline active layers set to: []
2025-09-10 01:15:12 - [INFO] - [SMART UPDATE] Full rebuild required for change type: layers
2025-09-10 01:15:12 - [INFO] - [DEBUG] Rebuilding timeline for active scan index: -1
2025-09-10 01:15:12 - [INFO] - [SMART UPDATE] State updated - Type: layers
2025-09-10 01:15:12 - [INFO] - [EDIT BUTTONS] Has scan: False, Has seg data: False, Can edit hotspot: False
2025-09-10 01:15:12 - [INFO] - [EDIT BUTTONS] Seg button enabled: False, Hotspot button enabled: False
2025-09-10 01:15:12 - [INFO] - [SMART UPDATE] Change type: none
2025-09-10 01:15:12 - [INFO] - [DEBUG] Timeline active layers set to: []
2025-09-10 01:15:12 - [INFO] - [SMART UPDATE] No changes detected, skipping update
2025-09-10 01:15:12 - [INFO] - [DEBUG] Set Image opacity to 1.00
2025-09-10 01:15:12 - [INFO] - [SMART UPDATE] Change type: none
2025-09-10 01:15:12 - [INFO] - [SMART UPDATE] Using full rebuild for opacity change
2025-09-10 01:15:12 - [INFO] - [DEBUG] Rebuilding timeline for active scan index: -1
2025-09-10 01:15:12 - [INFO] - [SMART UPDATE] State updated - Type: rebuild
2025-09-10 01:15:12 - [INFO] - [DEBUG] Set Segmentation opacity to 0.35
2025-09-10 01:15:12 - [INFO] - [SMART UPDATE] Change type: none
2025-09-10 01:15:12 - [INFO] - [SMART UPDATE] Using full rebuild for opacity change
2025-09-10 01:15:12 - [INFO] - [DEBUG] Rebuilding timeline for active scan index: -1
2025-09-10 01:15:12 - [INFO] - [SMART UPDATE] State updated - Type: rebuild
2025-09-10 01:15:12 - [INFO] - [DEBUG] Set Hotspot opacity to 0.50
2025-09-10 01:15:12 - [INFO] - [SMART UPDATE] Change type: none
2025-09-10 01:15:12 - [INFO] - [SMART UPDATE] Using full rebuild for opacity change
2025-09-10 01:15:12 - [INFO] - [DEBUG] Rebuilding timeline for active scan index: -1
2025-09-10 01:15:12 - [INFO] - [SMART UPDATE] State updated - Type: rebuild
2025-09-10 01:15:12 - [INFO] - [DEBUG] Set HotspotBBox opacity to 1.00
2025-09-10 01:15:12 - [INFO] - [SMART UPDATE] Change type: none
2025-09-10 01:15:12 - [INFO] - [SMART UPDATE] Using full rebuild for opacity change
2025-09-10 01:15:12 - [INFO] - [DEBUG] Rebuilding timeline for active scan index: -1
2025-09-10 01:15:12 - [INFO] - [SMART UPDATE] State updated - Type: rebuild
2025-09-10 01:15:12 - [INFO] - [DEBUG] Setting default layers: 'Image' checkbox should now be ON.
2025-09-10 01:15:12 - [INFO] - [DEBUG] Checkbox Image toggled: True
2025-09-10 01:15:12 - [INFO] - [DEBUG] Active layers: ['Image']
2025-09-10 01:15:12 - [INFO] - [DEBUG] Layers changed to: ['Image']
2025-09-10 01:15:12 - [INFO] - [SMART UPDATE] Change type: layers
2025-09-10 01:15:12 - [INFO] - [SMART UPDATE] Layers added: ['Image']
2025-09-10 01:15:12 - [INFO] - [DEBUG] Timeline active layers set to: ['Image']
2025-09-10 01:15:12 - [INFO] - [SMART UPDATE] Full rebuild required for change type: layers
2025-09-10 01:15:12 - [INFO] - [DEBUG] Rebuilding timeline for active scan index: -1
2025-09-10 01:15:12 - [INFO] - [SMART UPDATE] State updated - Type: layers
2025-09-10 01:15:12 - [INFO] - [EDIT BUTTONS] Has scan: False, Has seg data: False, Can edit hotspot: False
2025-09-10 01:15:12 - [INFO] - [EDIT BUTTONS] Seg button enabled: False, Hotspot button enabled: False
2025-09-10 01:15:12 - [INFO] - [SMART UPDATE] Change type: none
2025-09-10 01:15:12 - [INFO] - [DEBUG] Timeline active layers set to: ['Image']
2025-09-10 01:15:12 - [INFO] - [SMART UPDATE] No changes detected, skipping update
2025-09-10 01:15:12 - [INFO] - [DEBUG] Set Image opacity to 1.00
2025-09-10 01:15:12 - [INFO] - [SMART UPDATE] Change type: none
2025-09-10 01:15:12 - [INFO] - [SMART UPDATE] Using full rebuild for opacity change
2025-09-10 01:15:12 - [INFO] - [DEBUG] Rebuilding timeline for active scan index: -1
2025-09-10 01:15:12 - [INFO] - [SMART UPDATE] State updated - Type: rebuild
2025-09-10 01:15:12 - [INFO] - [DEBUG] Set Segmentation opacity to 0.40
2025-09-10 01:15:12 - [INFO] - [SMART UPDATE] Change type: none
2025-09-10 01:15:12 - [INFO] - [SMART UPDATE] Using full rebuild for opacity change
2025-09-10 01:15:12 - [INFO] - [DEBUG] Rebuilding timeline for active scan index: -1
2025-09-10 01:15:12 - [INFO] - [SMART UPDATE] State updated - Type: rebuild
2025-09-10 01:15:12 - [INFO] - [DEBUG] Set Hotspot opacity to 0.50
2025-09-10 01:15:12 - [INFO] - [SMART UPDATE] Change type: none
2025-09-10 01:15:12 - [INFO] - [SMART UPDATE] Using full rebuild for opacity change
2025-09-10 01:15:12 - [INFO] - [DEBUG] Rebuilding timeline for active scan index: -1
2025-09-10 01:15:12 - [INFO] - [SMART UPDATE] State updated - Type: rebuild
2025-09-10 01:15:12 - [INFO] - [DEBUG] Set HotspotBBox opacity to 1.00
2025-09-10 01:15:12 - [INFO] - [SMART UPDATE] Change type: none
2025-09-10 01:15:12 - [INFO] - [SMART UPDATE] Using full rebuild for opacity change
2025-09-10 01:15:12 - [INFO] - [DEBUG] Rebuilding timeline for active scan index: -1
2025-09-10 01:15:12 - [INFO] - [SMART UPDATE] State updated - Type: rebuild
2025-09-10 01:15:12 - [INFO] - [MainWindow] Updating timeline with 1 scans
2025-09-10 01:15:12 - [INFO] - [BSI META INTEGRATION] Updating scan meta with BSI data
2025-09-10 01:15:12 - [INFO] - [BSI META INTEGRATION] Session code: NSY
2025-09-10 01:15:12 - [INFO] - [BSI META INTEGRATION] Scan path: F:\projek dosen\prototype riset\hotspot-analyzer\data\PLANAR\NSY\0001158915\20241204\ANT001_DS.dcm
2025-09-10 01:15:12 - [INFO] - [BSI EXTRACT INFO] Extracting from path: F:\projek dosen\prototype riset\hotspot-analyzer\data\PLANAR\NSY\0001158915\20241204\ANT001_DS.dcm
2025-09-10 01:15:12 - [INFO] - [BSI EXTRACT INFO] Extracted study_date from DICOM: 20241204
2025-09-10 01:15:12 - [INFO] - [BSI EXTRACT INFO] Extracted patient_id from study_date structure: 0001158915
2025-09-10 01:15:12 - [INFO] - [BSI EXTRACT INFO] Final result - Patient: 0001158915, Study: 20241204
2025-09-10 01:15:12 - [INFO] - [BSI META INTEGRATION] Extracted - Patient: 0001158915, Study: 20241204
2025-09-10 01:15:12 - [INFO] - [DEBUG QUANT FILES] Getting quantification files for: F:\projek dosen\prototype riset\hotspot-analyzer\data\PLANAR\NSY\0001158915\20241204
2025-09-10 01:15:12 - [INFO] - [DEBUG QUANT FILES] Detected study_date folder: F:\projek dosen\prototype riset\hotspot-analyzer\data\PLANAR\NSY\0001158915\20241204
2025-09-10 01:15:12 - [INFO] - [DEBUG QUANT FILES] Generated paths:
2025-09-10 01:15:12 - [INFO] - [DEBUG QUANT FILES]   bsi_json_ant: F:\projek dosen\prototype riset\hotspot-analyzer\data\PLANAR\NSY\0001158915\20241204\bsi_quantification_ant.json (exists: True)
2025-09-10 01:15:12 - [INFO] - [DEBUG QUANT FILES]   bsi_json_post: F:\projek dosen\prototype riset\hotspot-analyzer\data\PLANAR\NSY\0001158915\20241204\bsi_quantification_post.json (exists: False)
2025-09-10 01:15:12 - [INFO] - [BSI META INTEGRATION] Found BSI files in study_date folder: F:\projek dosen\prototype riset\hotspot-analyzer\data\PLANAR\NSY\0001158915\20241204
2025-09-10 01:15:12 - [INFO] - [BSI META INTEGRATION] Using patient folder: F:\projek dosen\prototype riset\hotspot-analyzer\data\PLANAR\NSY\0001158915\20241204
2025-09-10 01:15:12 - [INFO] - [DEBUG BSI] Detected study_date folder, using parent: F:\projek dosen\prototype riset\hotspot-analyzer\data\PLANAR\NSY\0001158915
2025-09-10 01:15:12 - [INFO] - [DEBUG BSI] Found study_date folder: 20241204
2025-09-10 01:15:12 - [INFO] - [DEBUG BSI]     - 20241204 (DIR)
2025-09-10 01:15:12 - [INFO] - [DEBUG BSI]     - 20250824 (DIR)
2025-09-10 01:15:12 - [INFO] - [DEBUG BSI]     - 20250826 (DIR)
2025-09-10 01:15:12 - [INFO] - [DEBUG BSI]     - ANT001_DS.dcm (FILE)
2025-09-10 01:15:12 - [INFO] - [DEBUG BSI]     - ant_hotspot_classification.json (FILE)
2025-09-10 01:15:12 - [INFO] - [DEBUG BSI]     - ant_hotspot_classification.png (FILE)
2025-09-10 01:15:12 - [INFO] - [DEBUG BSI]     - ant_hotspot_classification.xml (FILE)
2025-09-10 01:15:12 - [INFO] - [DEBUG BSI]     - ant_hotspot_otsu_colored.png (FILE)
2025-09-10 01:15:12 - [INFO] - [DEBUG BSI]     - ant_hotspot_otsu_colored_blend.png (FILE)
2025-09-10 01:15:12 - [INFO] - [DEBUG BSI]     - ant_hotspot_otsu_grayscale.png (FILE)
2025-09-10 01:15:12 - [INFO] - [DEBUG BSI]     - ant_hotspot_yolo.xml (FILE)
2025-09-10 01:15:12 - [INFO] - [DEBUG BSI]     - ant_mask.png (FILE)
2025-09-10 01:15:12 - [INFO] - [DEBUG BSI]     - ant_original.png (FILE)
2025-09-10 01:15:12 - [INFO] - [DEBUG BSI]     - ant_segm.png (FILE)
2025-09-10 01:15:12 - [INFO] - [DEBUG BSI]     - bsi_quantification_ant.json (FILE)
2025-09-10 01:15:12 - [INFO] - [DEBUG BSI]     - post_hotspot_otsu_colored.png (FILE)
2025-09-10 01:15:12 - [INFO] - [DEBUG BSI]     - post_hotspot_otsu_colored_blend.png (FILE)
2025-09-10 01:15:12 - [INFO] - [DEBUG BSI]     - post_hotspot_otsu_grayscale.png (FILE)
2025-09-10 01:15:12 - [INFO] - [DEBUG BSI]     - post_hotspot_yolo.xml (FILE)
2025-09-10 01:15:12 - [INFO] - [DEBUG BSI]     - post_mask.png (FILE)
2025-09-10 01:15:12 - [INFO] - [DEBUG BSI]     - post_original.png (FILE)
2025-09-10 01:15:12 - [INFO] - [DEBUG BSI]     - post_segm.png (FILE)
2025-09-10 01:15:12 - [INFO] - [DEBUG BSI]     - 20241204 (DIR)
2025-09-10 01:15:12 - [INFO] - [BSI META INTEGRATION] Found BSI data: {'study_date': '20241204', 'anterior_bsi': 0.3730588265879179, 'posterior_bsi': 0.0, 'combined_bsi': 0.3730588265879179, 'bsi_score': 0.3730588265879179, 'file_source': 'bsi_quantification_ant.json', 'processing_mode': 'single_view_anterior', 'is_v2': True, 'note': 'Only anterior view available', 'source_location': 'Study date folder'}
2025-09-10 01:15:12 - [INFO] - [BSI META INTEGRATION]   Updated meta with BSI data:
2025-09-10 01:15:12 - [INFO] - [BSI META INTEGRATION]   Anterior BSI: 0.3730588265879179
2025-09-10 01:15:12 - [INFO] - [BSI META INTEGRATION]   Posterior BSI: 0.0
2025-09-10 01:15:12 - [INFO] - [BSI META INTEGRATION]   Processing mode: single_view_anterior
2025-09-10 01:15:12 - [INFO] - [MainWindow]   BSI integration completed for 1 scans
2025-09-10 01:15:12 - [INFO] - [MainWindow DEBUG] First scan meta keys: ['patient_id', 'patient_name', 'patient_birth_date', 'patient_sex', 'patient_weight', 'patient_size', 'patient_age', 'study_date', 'series_date', 'study_time', 'modality', 'series_description', 'study_instance_uid', 'series_instance_uid', 'has_bsi', 'bsi_anterior', 'bsi_posterior', 'bsi_combined', 'bsi_processing_mode', 'bsi_file_source']
2025-09-10 01:15:12 - [INFO] - [MainWindow DEBUG] has_bsi: True
2025-09-10 01:15:12 - [INFO] - [MainWindow DEBUG] bsi_anterior: 0.3730588265879179
2025-09-10 01:15:12 - [INFO] - [MainWindow DEBUG] bsi_posterior: 0.0
2025-09-10 01:15:12 - [INFO] - [DEBUG] display_timeline called with 1 scan(s), focusing on index = 0
2025-09-10 01:15:12 - [INFO] - [BSI META INTEGRATION] Updating scan meta with BSI data
2025-09-10 01:15:12 - [INFO] - [BSI META INTEGRATION] Session code: NSY
2025-09-10 01:15:12 - [INFO] - [BSI META INTEGRATION] Scan path: F:\projek dosen\prototype riset\hotspot-analyzer\data\PLANAR\NSY\0001158915\20241204\ANT001_DS.dcm
2025-09-10 01:15:12 - [INFO] - [BSI EXTRACT INFO] Extracting from path: F:\projek dosen\prototype riset\hotspot-analyzer\data\PLANAR\NSY\0001158915\20241204\ANT001_DS.dcm
2025-09-10 01:15:12 - [INFO] - [BSI EXTRACT INFO] Extracted study_date from DICOM: 20241204
2025-09-10 01:15:12 - [INFO] - [BSI EXTRACT INFO] Extracted patient_id from study_date structure: 0001158915
2025-09-10 01:15:12 - [INFO] - [BSI EXTRACT INFO] Final result - Patient: 0001158915, Study: 20241204
2025-09-10 01:15:12 - [INFO] - [BSI META INTEGRATION] Extracted - Patient: 0001158915, Study: 20241204
2025-09-10 01:15:12 - [INFO] - [DEBUG QUANT FILES] Getting quantification files for: F:\projek dosen\prototype riset\hotspot-analyzer\data\PLANAR\NSY\0001158915\20241204
2025-09-10 01:15:12 - [INFO] - [DEBUG QUANT FILES] Detected study_date folder: F:\projek dosen\prototype riset\hotspot-analyzer\data\PLANAR\NSY\0001158915\20241204
2025-09-10 01:15:12 - [INFO] - [DEBUG QUANT FILES] Generated paths:
2025-09-10 01:15:12 - [INFO] - [DEBUG QUANT FILES]   bsi_json_ant: F:\projek dosen\prototype riset\hotspot-analyzer\data\PLANAR\NSY\0001158915\20241204\bsi_quantification_ant.json (exists: True)
2025-09-10 01:15:12 - [INFO] - [DEBUG QUANT FILES]   bsi_json_post: F:\projek dosen\prototype riset\hotspot-analyzer\data\PLANAR\NSY\0001158915\20241204\bsi_quantification_post.json (exists: False)
2025-09-10 01:15:12 - [INFO] - [BSI META INTEGRATION] Found BSI files in study_date folder: F:\projek dosen\prototype riset\hotspot-analyzer\data\PLANAR\NSY\0001158915\20241204
2025-09-10 01:15:12 - [INFO] - [BSI META INTEGRATION] Using patient folder: F:\projek dosen\prototype riset\hotspot-analyzer\data\PLANAR\NSY\0001158915\20241204
2025-09-10 01:15:12 - [INFO] - [DEBUG BSI] Detected study_date folder, using parent: F:\projek dosen\prototype riset\hotspot-analyzer\data\PLANAR\NSY\0001158915
2025-09-10 01:15:12 - [INFO] - [DEBUG BSI] Found study_date folder: 20241204
2025-09-10 01:15:12 - [INFO] - [DEBUG BSI]     - 20241204 (DIR)
2025-09-10 01:15:12 - [INFO] - [DEBUG BSI]     - 20250824 (DIR)
2025-09-10 01:15:12 - [INFO] - [DEBUG BSI]     - 20250826 (DIR)
2025-09-10 01:15:12 - [INFO] - [DEBUG BSI]     - ANT001_DS.dcm (FILE)
2025-09-10 01:15:12 - [INFO] - [DEBUG BSI]     - ant_hotspot_classification.json (FILE)
2025-09-10 01:15:12 - [INFO] - [DEBUG BSI]     - ant_hotspot_classification.png (FILE)
2025-09-10 01:15:12 - [INFO] - [DEBUG BSI]     - ant_hotspot_classification.xml (FILE)
2025-09-10 01:15:12 - [INFO] - [DEBUG BSI]     - ant_hotspot_otsu_colored.png (FILE)
2025-09-10 01:15:12 - [INFO] - [DEBUG BSI]     - ant_hotspot_otsu_colored_blend.png (FILE)
2025-09-10 01:15:12 - [INFO] - [DEBUG BSI]     - ant_hotspot_otsu_grayscale.png (FILE)
2025-09-10 01:15:12 - [INFO] - [DEBUG BSI]     - ant_hotspot_yolo.xml (FILE)
2025-09-10 01:15:12 - [INFO] - [DEBUG BSI]     - ant_mask.png (FILE)
2025-09-10 01:15:12 - [INFO] - [DEBUG BSI]     - ant_original.png (FILE)
2025-09-10 01:15:12 - [INFO] - [DEBUG BSI]     - ant_segm.png (FILE)
2025-09-10 01:15:12 - [INFO] - [DEBUG BSI]     - bsi_quantification_ant.json (FILE)
2025-09-10 01:15:12 - [INFO] - [DEBUG BSI]     - post_hotspot_otsu_colored.png (FILE)
2025-09-10 01:15:12 - [INFO] - [DEBUG BSI]     - post_hotspot_otsu_colored_blend.png (FILE)
2025-09-10 01:15:12 - [INFO] - [DEBUG BSI]     - post_hotspot_otsu_grayscale.png (FILE)
2025-09-10 01:15:12 - [INFO] - [DEBUG BSI]     - post_hotspot_yolo.xml (FILE)
2025-09-10 01:15:12 - [INFO] - [DEBUG BSI]     - post_mask.png (FILE)
2025-09-10 01:15:12 - [INFO] - [DEBUG BSI]     - post_original.png (FILE)
2025-09-10 01:15:12 - [INFO] - [DEBUG BSI]     - post_segm.png (FILE)
2025-09-10 01:15:12 - [INFO] - [DEBUG BSI]     - 20241204 (DIR)
2025-09-10 01:15:12 - [INFO] - [BSI META INTEGRATION] Found BSI data: {'study_date': '20241204', 'anterior_bsi': 0.3730588265879179, 'posterior_bsi': 0.0, 'combined_bsi': 0.3730588265879179, 'bsi_score': 0.3730588265879179, 'file_source': 'bsi_quantification_ant.json', 'processing_mode': 'single_view_anterior', 'is_v2': True, 'note': 'Only anterior view available', 'source_location': 'Study date folder'}
2025-09-10 01:15:12 - [INFO] - [BSI META INTEGRATION]   Updated meta with BSI data:
2025-09-10 01:15:12 - [INFO] - [BSI META INTEGRATION]   Anterior BSI: 0.3730588265879179
2025-09-10 01:15:12 - [INFO] - [BSI META INTEGRATION]   Posterior BSI: 0.0
2025-09-10 01:15:12 - [INFO] - [BSI META INTEGRATION]   Processing mode: single_view_anterior
2025-09-10 01:15:12 - [INFO] - [DEBUG] Rebuilding timeline for active scan index: 0
2025-09-10 01:15:12 - [INFO] - [DEBUG] Creating CLASSIFICATION card 0 for view: Anterior
2025-09-10 01:15:12 - [INFO] - [DEBUG] Active layers selected: ['Image']
2025-09-10 01:15:12 - [INFO] - [DEBUG] DICOM path: F:\projek dosen\prototype riset\hotspot-analyzer\data\PLANAR\NSY\0001158915\20241204\ANT001_DS.dcm
2025-09-10 01:15:12 - [INFO] - [DEBUG] Current view: Anterior
2025-09-10 01:15:12 - [INFO] - [CACHE DEBUG] use_cache=False
2025-09-10 01:15:12 - [INFO] - [CACHE DEBUG] has_adjustments=False (B=0.00, C=1.00)
2025-09-10 01:15:12 - [INFO] - [CACHE DEBUG] has_overrides=False (override_b=None, override_c=None)
2025-09-10 01:15:12 - [INFO] - [CACHE DEBUG] invert_original=True
2025-09-10 01:15:12 - [INFO] - [CACHE SKIP] Skipping cache due to adjustments/overrides/invert
2025-09-10 01:15:12 - [INFO] - [DEBUG] Path extraction: session=NSY, patient=0001158915, study_date=20241204
2025-09-10 01:15:12 - [INFO] - [DEBUG] Extracted patient info - ID: 0001158915, Session: NSY
2025-09-10 01:15:12 - [INFO] - [DEBUG] Original path: F:\projek dosen\prototype riset\hotspot-analyzer\data\PLANAR\NSY\0001158915\20241204\ANT001_DS.dcm
2025-09-10 01:15:12 - [INFO] - [DEBUG] Study date: 20241204
2025-09-10 01:15:12 - [INFO] - [DEBUG] Patient ID: 0001158915
2025-09-10 01:15:12 - [INFO] - [DEBUG] Session code: NSY
2025-09-10 01:15:12 - [INFO] - [DEBUG] Study date folder: F:\projek dosen\prototype riset\hotspot-analyzer\data\PLANAR\NSY\0001158915\20241204
2025-09-10 01:15:12 - [INFO] - [DEBUG] Loading original image for Anterior
2025-09-10 01:15:12 - [INFO] - [DEBUG] Looking for original PNG in study_date dir: F:\projek dosen\prototype riset\hotspot-analyzer\data\PLANAR\NSY\0001158915\20241204\ant_original.png
2025-09-10 01:15:12 - [DEBUG] - STREAM b'IHDR' 16 13
2025-09-10 01:15:12 - [DEBUG] - STREAM b'IDAT' 41 65536
2025-09-10 01:15:12 - [INFO] - [DEBUG] Loaded original PNG from study_date dir: (256, 1024)
2025-09-10 01:15:12 - [INFO] - [DEBUG] Original image loaded: (256, 1024)
2025-09-10 01:15:12 - [INFO] - [DEBUG] Applying invert to original image
2025-09-10 01:15:12 - [INFO] - [DEBUG] simple_invert_pil_image: Processing L image, size = (256, 1024)
2025-09-10 01:15:12 - [INFO] - [DEBUG] simple_invert_image: input shape = (1024, 256), dtype = uint8
2025-09-10 01:15:12 - [INFO] - [DEBUG] Simple inversion completed: [0-255] -> [0-255]
2025-09-10 01:15:12 - [INFO] - [DEBUG] simple_invert_pil_image: completed
2025-09-10 01:15:12 - [INFO] - [DEBUG] Using STORED B/C values: B=0.00, C=1.00
2025-09-10 01:15:12 - [INFO] - [DEBUG]   Image layer loaded and processed
2025-09-10 01:15:12 - [INFO] - [DEBUG] Loading segmentation layer for Anterior
2025-09-10 01:15:12 - [INFO] - [DEBUG] Looking for segmentation (NEWEST): F:\projek dosen\prototype riset\hotspot-analyzer\data\PLANAR\NSY\0001158915\20241204\20250826\ant_segm_011039.png
2025-09-10 01:15:12 - [DEBUG] - STREAM b'IHDR' 16 13
2025-09-10 01:15:12 - [DEBUG] - STREAM b'IDAT' 41 5158
2025-09-10 01:15:12 - [INFO] - [DEBUG]   Loaded segmentation with transparency: F:\projek dosen\prototype riset\hotspot-analyzer\data\PLANAR\NSY\0001158915\20241204\20250826\ant_segm_011039.png
2025-09-10 01:15:12 - [INFO] - [DEBUG] Segmentation type: EDITED
2025-09-10 01:15:12 - [INFO] - [DEBUG] Loading hotspot layer for Anterior
2025-09-10 01:15:12 - [INFO] - [DEBUG] Looking for hotspot classification (NEWEST): F:\projek dosen\prototype riset\hotspot-analyzer\data\PLANAR\NSY\0001158915\20241204\20250826\ant_hotspot_classification_011055.png
2025-09-10 01:15:12 - [DEBUG] - STREAM b'IHDR' 16 13
2025-09-10 01:15:12 - [DEBUG] - STREAM b'IDAT' 41 1000
2025-09-10 01:15:12 - [INFO] - [DEBUG]   Loaded hotspot layer: F:\projek dosen\prototype riset\hotspot-analyzer\data\PLANAR\NSY\0001158915\20241204\20250826\ant_hotspot_classification_011055.png
2025-09-10 01:15:12 - [INFO] - [DEBUG] Hotspot type: EDITED
2025-09-10 01:15:12 - [INFO] - [DEBUG] Loading bbox layer for Anterior
2025-09-10 01:15:12 - [INFO] - [DEBUG] Looking for classification XML (NEWEST): F:\projek dosen\prototype riset\hotspot-analyzer\data\PLANAR\NSY\0001158915\20241204\20250826\ant_hotspot_classification_011055.xml
2025-09-10 01:15:12 - [INFO] - [DEBUG] Loading CLASSIFICATION XML for bbox: F:\projek dosen\prototype riset\hotspot-analyzer\data\PLANAR\NSY\0001158915\20241204\20250826\ant_hotspot_classification_011055.xml
2025-09-10 01:15:12 - [INFO] - [DEBUG] Drew CLASSIFICATION Abnormal bbox: (63,74) -> (72,84)
2025-09-10 01:15:12 - [INFO] - [DEBUG] Drew CLASSIFICATION Abnormal bbox: (180,129) -> (213,158)
2025-09-10 01:15:12 - [INFO] - [DEBUG]   Created CLASSIFICATION bbox visualization with 2 boxes
2025-09-10 01:15:12 - [INFO] - [DEBUG]   Loaded bbox layer: F:\projek dosen\prototype riset\hotspot-analyzer\data\PLANAR\NSY\0001158915\20241204\20250826\ant_hotspot_classification_011055.xml
2025-09-10 01:15:12 - [INFO] - [DEBUG] BBox XML type: EDITED
2025-09-10 01:15:12 - [INFO] - [CACHE STORE] Not caching due to adjustments/overrides/invert
2025-09-10 01:15:12 - [INFO] - [DEBUG]   Loaded 4 layers for Anterior: ['Image', 'Segmentation', 'Hotspot', 'HotspotBBox']
2025-09-10 01:15:12 - [INFO] - [DEBUG] Available CLASSIFICATION layers in files: ['Image', 'Segmentation', 'Hotspot', 'HotspotBBox']
2025-09-10 01:15:12 - [INFO] - [DEBUG]   Added CLASSIFICATION Image to card 0 (opacity: 1.00)
2025-09-10 01:15:12 - [INFO] - [DEBUG]   CLASSIFICATION card 0 composite created with layers: ['Image']
2025-09-10 01:15:12 - [INFO] - [DEBUG] Creating CLASSIFICATION card 0 for view: Posterior
2025-09-10 01:15:12 - [INFO] - [DEBUG] Active layers selected: ['Image']
2025-09-10 01:15:12 - [INFO] - [DEBUG] DICOM path: F:\projek dosen\prototype riset\hotspot-analyzer\data\PLANAR\NSY\0001158915\20241204\ANT001_DS.dcm
2025-09-10 01:15:12 - [INFO] - [DEBUG] Current view: Posterior
2025-09-10 01:15:12 - [INFO] - [CACHE DEBUG] use_cache=False
2025-09-10 01:15:12 - [INFO] - [CACHE DEBUG] has_adjustments=False (B=0.00, C=1.00)
2025-09-10 01:15:12 - [INFO] - [CACHE DEBUG] has_overrides=False (override_b=None, override_c=None)
2025-09-10 01:15:12 - [INFO] - [CACHE DEBUG] invert_original=True
2025-09-10 01:15:12 - [INFO] - [CACHE SKIP] Skipping cache due to adjustments/overrides/invert
2025-09-10 01:15:12 - [INFO] - [DEBUG] Path extraction: session=NSY, patient=0001158915, study_date=20241204
2025-09-10 01:15:12 - [INFO] - [DEBUG] Extracted patient info - ID: 0001158915, Session: NSY
2025-09-10 01:15:12 - [INFO] - [DEBUG] Original path: F:\projek dosen\prototype riset\hotspot-analyzer\data\PLANAR\NSY\0001158915\20241204\ANT001_DS.dcm
2025-09-10 01:15:12 - [INFO] - [DEBUG] Study date: 20241204
2025-09-10 01:15:12 - [INFO] - [DEBUG] Patient ID: 0001158915
2025-09-10 01:15:12 - [INFO] - [DEBUG] Session code: NSY
2025-09-10 01:15:12 - [INFO] - [DEBUG] Study date folder: F:\projek dosen\prototype riset\hotspot-analyzer\data\PLANAR\NSY\0001158915\20241204
2025-09-10 01:15:12 - [INFO] - [DEBUG] Loading original image for Posterior
2025-09-10 01:15:12 - [INFO] - [DEBUG] Looking for original PNG in study_date dir: F:\projek dosen\prototype riset\hotspot-analyzer\data\PLANAR\NSY\0001158915\20241204\post_original.png
2025-09-10 01:15:12 - [DEBUG] - STREAM b'IHDR' 16 13
2025-09-10 01:15:12 - [DEBUG] - STREAM b'IDAT' 41 65536
2025-09-10 01:15:12 - [INFO] - [DEBUG] Loaded original PNG from study_date dir: (256, 1024)
2025-09-10 01:15:12 - [INFO] - [DEBUG] Original image loaded: (256, 1024)
2025-09-10 01:15:12 - [INFO] - [DEBUG] Applying invert to original image
2025-09-10 01:15:12 - [INFO] - [DEBUG] simple_invert_pil_image: Processing L image, size = (256, 1024)
2025-09-10 01:15:12 - [INFO] - [DEBUG] simple_invert_image: input shape = (1024, 256), dtype = uint8
2025-09-10 01:15:12 - [INFO] - [DEBUG] Simple inversion completed: [0-255] -> [0-255]
2025-09-10 01:15:12 - [INFO] - [DEBUG] simple_invert_pil_image: completed
2025-09-10 01:15:12 - [INFO] - [DEBUG] Using STORED B/C values: B=0.00, C=1.00
2025-09-10 01:15:12 - [INFO] - [DEBUG]   Image layer loaded and processed
2025-09-10 01:15:12 - [INFO] - [DEBUG] Loading segmentation layer for Posterior
2025-09-10 01:15:12 - [INFO] - [DEBUG] Looking for segmentation (NEWEST): F:\projek dosen\prototype riset\hotspot-analyzer\data\PLANAR\NSY\0001158915\20241204\post_segm.png
2025-09-10 01:15:12 - [DEBUG] - STREAM b'IHDR' 16 13
2025-09-10 01:15:12 - [DEBUG] - STREAM b'IDAT' 41 4625
2025-09-10 01:15:12 - [INFO] - [DEBUG]   Loaded segmentation with transparency: F:\projek dosen\prototype riset\hotspot-analyzer\data\PLANAR\NSY\0001158915\20241204\post_segm.png
2025-09-10 01:15:12 - [INFO] - [DEBUG] Segmentation type: ORIGINAL
2025-09-10 01:15:12 - [INFO] - [DEBUG] Loading hotspot layer for Posterior
2025-09-10 01:15:12 - [INFO] - [DEBUG] Looking for hotspot classification (NEWEST): F:\projek dosen\prototype riset\hotspot-analyzer\data\PLANAR\NSY\0001158915\20241204\post_hotspot_classification.png
2025-09-10 01:15:12 - [INFO] - [DEBUG] No hotspot classification found: F:\projek dosen\prototype riset\hotspot-analyzer\data\PLANAR\NSY\0001158915\20241204\post_hotspot_classification.png
2025-09-10 01:15:12 - [INFO] - [DEBUG] Loading bbox layer for Posterior
2025-09-10 01:15:12 - [INFO] - [DEBUG] Looking for classification XML (NEWEST): F:\projek dosen\prototype riset\hotspot-analyzer\data\PLANAR\NSY\0001158915\20241204\post_hotspot_classification.xml
2025-09-10 01:15:12 - [INFO] - [DEBUG] No classification XML found: F:\projek dosen\prototype riset\hotspot-analyzer\data\PLANAR\NSY\0001158915\20241204\post_hotspot_classification.xml
2025-09-10 01:15:12 - [INFO] - [CACHE STORE] Not caching due to adjustments/overrides/invert
2025-09-10 01:15:12 - [INFO] - [DEBUG]   Loaded 2 layers for Posterior: ['Image', 'Segmentation']
2025-09-10 01:15:12 - [INFO] - [DEBUG] Available CLASSIFICATION layers in files: ['Image', 'Segmentation']
2025-09-10 01:15:12 - [INFO] - [DEBUG]   Added CLASSIFICATION Image to card 0 (opacity: 1.00)
2025-09-10 01:15:12 - [INFO] - [DEBUG]   CLASSIFICATION card 0 composite created with layers: ['Image']
2025-09-10 01:15:12 - [INFO] - [SMART UPDATE] State updated - Type: full
2025-09-10 01:15:12 - [INFO] - [MainWindow]   Timeline updated with BSI integration
2025-09-10 01:15:12 - [INFO] - 
2025-09-10 01:15:12 - [INFO] - 🏠 [DEBUG MAIN GANTENG] ===================
2025-09-10 01:15:12 - [INFO] - 🏠 [DEBUG MAIN] Loading BSI data for selected scan
2025-09-10 01:15:12 - [INFO] - 🏠 [DEBUG MAIN] Session code: NSY
2025-09-10 01:15:12 - [INFO] - 🏠 [DEBUG MAIN] Scan data keys: ['meta', 'frames', 'path', 'workflow_files']
2025-09-10 01:15:12 - [INFO] - 🏠 [DEBUG MAIN] DICOM path: F:\projek dosen\prototype riset\hotspot-analyzer\data\PLANAR\NSY\0001158915\20241204\ANT001_DS.dcm
2025-09-10 01:15:12 - [INFO] - 🏠 [DEBUG MAIN] DICOM exists: True
2025-09-10 01:15:12 - [INFO] - 🏠 [DEBUG MAIN] Initial patient folder: F:\projek dosen\prototype riset\hotspot-analyzer\data\PLANAR\NSY\0001158915\20241204
2025-09-10 01:15:12 - [INFO] - 🏠 [DEBUG MAIN] Initial patient folder exists: True
2025-09-10 01:15:12 - [INFO] - 🏠 [DEBUG MAIN] Initial patient folder name: 20241204
2025-09-10 01:15:12 - [INFO] - 🏠 [DEBUG MAIN] Study date from DICOM: 20241204
2025-09-10 01:15:12 - [INFO] - 🏠 [DEBUG MAIN] Detected study_date folder structure
2025-09-10 01:15:12 - [INFO] - 🏠 [DEBUG MAIN] Corrected patient folder: F:\projek dosen\prototype riset\hotspot-analyzer\data\PLANAR\NSY\0001158915
2025-09-10 01:15:12 - [INFO] - 🏠 [DEBUG MAIN] Corrected patient ID: 0001158915
2025-09-10 01:15:12 - [INFO] - 🏠 [DEBUG MAIN] Corrected study date: 20241204
2025-09-10 01:15:12 - [INFO] - [DEBUG QUANT FILES] Getting quantification files for: F:\projek dosen\prototype riset\hotspot-analyzer\data\PLANAR\NSY\0001158915\20241204
2025-09-10 01:15:12 - [INFO] - [DEBUG QUANT FILES] Detected study_date folder: F:\projek dosen\prototype riset\hotspot-analyzer\data\PLANAR\NSY\0001158915\20241204
2025-09-10 01:15:12 - [INFO] - [DEBUG QUANT FILES] Generated paths:
2025-09-10 01:15:12 - [INFO] - [DEBUG QUANT FILES]   bsi_json_ant: F:\projek dosen\prototype riset\hotspot-analyzer\data\PLANAR\NSY\0001158915\20241204\bsi_quantification_ant.json (exists: True)
2025-09-10 01:15:12 - [INFO] - [DEBUG QUANT FILES]   bsi_json_post: F:\projek dosen\prototype riset\hotspot-analyzer\data\PLANAR\NSY\0001158915\20241204\bsi_quantification_post.json (exists: False)
2025-09-10 01:15:12 - [INFO] - 🏠 [DEBUG MAIN] BSI files in study_date folder:
2025-09-10 01:15:12 - [INFO] - 🏠 [DEBUG MAIN]   Anterior: True
2025-09-10 01:15:12 - [INFO] - 🏠 [DEBUG MAIN]   Posterior: False
2025-09-10 01:15:12 - [INFO] - 🏠 [DEBUG MAIN] Found BSI files in study_date folder, using it
2025-09-10 01:15:12 - [INFO] - [BSI CANVAS] Using patient folder for trend: F:\projek dosen\prototype riset\hotspot-analyzer\data\PLANAR\NSY\0001158915
2025-09-10 01:15:12 - [INFO] - [DEBUG BSI] Using patient folder directly: F:\projek dosen\prototype riset\hotspot-analyzer\data\PLANAR\NSY\0001158915
2025-09-10 01:15:12 - [INFO] - [DEBUG BSI] Found study_date folder: 20241204
2025-09-10 01:15:12 - [INFO] - [DEBUG BSI]     - 20241204 (DIR)
2025-09-10 01:15:12 - [INFO] - [DEBUG BSI]     - 20250824 (DIR)
2025-09-10 01:15:12 - [INFO] - [DEBUG BSI]     - 20250826 (DIR)
2025-09-10 01:15:12 - [INFO] - [DEBUG BSI]     - ANT001_DS.dcm (FILE)
2025-09-10 01:15:12 - [INFO] - [DEBUG BSI]     - ant_hotspot_classification.json (FILE)
2025-09-10 01:15:12 - [INFO] - [DEBUG BSI]     - ant_hotspot_classification.png (FILE)
2025-09-10 01:15:12 - [INFO] - [DEBUG BSI]     - ant_hotspot_classification.xml (FILE)
2025-09-10 01:15:12 - [INFO] - [DEBUG BSI]     - ant_hotspot_otsu_colored.png (FILE)
2025-09-10 01:15:12 - [INFO] - [DEBUG BSI]     - ant_hotspot_otsu_colored_blend.png (FILE)
2025-09-10 01:15:12 - [INFO] - [DEBUG BSI]     - ant_hotspot_otsu_grayscale.png (FILE)
2025-09-10 01:15:12 - [INFO] - [DEBUG BSI]     - ant_hotspot_yolo.xml (FILE)
2025-09-10 01:15:12 - [INFO] - [DEBUG BSI]     - ant_mask.png (FILE)
2025-09-10 01:15:12 - [INFO] - [DEBUG BSI]     - ant_original.png (FILE)
2025-09-10 01:15:12 - [INFO] - [DEBUG BSI]     - ant_segm.png (FILE)
2025-09-10 01:15:12 - [INFO] - [DEBUG BSI]     - bsi_quantification_ant.json (FILE)
2025-09-10 01:15:12 - [INFO] - [DEBUG BSI]     - post_hotspot_otsu_colored.png (FILE)
2025-09-10 01:15:12 - [INFO] - [DEBUG BSI]     - post_hotspot_otsu_colored_blend.png (FILE)
2025-09-10 01:15:12 - [INFO] - [DEBUG BSI]     - post_hotspot_otsu_grayscale.png (FILE)
2025-09-10 01:15:12 - [INFO] - [DEBUG BSI]     - post_hotspot_yolo.xml (FILE)
2025-09-10 01:15:12 - [INFO] - [DEBUG BSI]     - post_mask.png (FILE)
2025-09-10 01:15:12 - [INFO] - [DEBUG BSI]     - post_original.png (FILE)
2025-09-10 01:15:12 - [INFO] - [DEBUG BSI]     - post_segm.png (FILE)
2025-09-10 01:15:12 - [INFO] - [DEBUG BSI CANVAS] Processing date: 20241204, mode: single_view_anterior
2025-09-10 01:15:12 - [INFO] - [DEBUG BSI CANVAS] Added: Ant=0.3730588265879179 Post=None
2025-09-10 01:15:12 - [INFO] - [DEBUG QUANT FILES] Getting quantification files for: F:\projek dosen\prototype riset\hotspot-analyzer\data\PLANAR\NSY\0001158915\20241204
2025-09-10 01:15:12 - [INFO] - [DEBUG QUANT FILES] Detected study_date folder: F:\projek dosen\prototype riset\hotspot-analyzer\data\PLANAR\NSY\0001158915\20241204
2025-09-10 01:15:12 - [INFO] - [DEBUG QUANT FILES] Generated paths:
2025-09-10 01:15:12 - [INFO] - [DEBUG QUANT FILES]   bsi_json_ant: F:\projek dosen\prototype riset\hotspot-analyzer\data\PLANAR\NSY\0001158915\20241204\bsi_quantification_ant.json (exists: True)
2025-09-10 01:15:12 - [INFO] - [DEBUG QUANT FILES]   bsi_json_post: F:\projek dosen\prototype riset\hotspot-analyzer\data\PLANAR\NSY\0001158915\20241204\bsi_quantification_post.json (exists: False)
2025-09-10 01:15:12 - [INFO] - 📖 [DEBUG RESULTS] Processing anterior-only data
2025-09-10 01:15:12 - [INFO] - 📖 [DEBUG RESULTS]   Successfully loaded V1.2 results
2025-09-10 01:15:12 - [INFO] - 🏠 [DEBUG MAIN] BSI panel load result: True
2025-09-10 01:15:12 - [INFO] - [DEBUG] Path extraction: session=NSY, patient=0001158915, study_date=20241204
2025-09-10 01:15:12 - [INFO] - [DEBUG] Extracted patient info - ID: 0001158915, Session: NSY
2025-09-10 01:15:12 - [INFO] - [DEBUG] Original path: F:\projek dosen\prototype riset\hotspot-analyzer\data\PLANAR\NSY\0001158915\20241204\ANT001_DS.dcm
2025-09-10 01:15:12 - [INFO] - [EDIT BUTTONS] Has scan: True, Has seg data: True, Can edit hotspot: True
2025-09-10 01:15:12 - [INFO] - [EDIT BUTTONS] Seg button enabled: True, Hotspot button enabled: True
2025-09-10 01:15:16 - [INFO] - [DEBUG BSI] Using patient folder directly: F:\projek dosen\prototype riset\hotspot-analyzer\data\PLANAR\NSY\0001158915
2025-09-10 01:15:16 - [INFO] - [DEBUG BSI] Found study_date folder: 20241204
2025-09-10 01:15:16 - [INFO] - [DEBUG BSI]     - 20241204 (DIR)
2025-09-10 01:15:16 - [INFO] - [DEBUG BSI]     - 20250824 (DIR)
2025-09-10 01:15:16 - [INFO] - [DEBUG BSI]     - 20250826 (DIR)
2025-09-10 01:15:16 - [INFO] - [DEBUG BSI]     - ANT001_DS.dcm (FILE)
2025-09-10 01:15:16 - [INFO] - [DEBUG BSI]     - ant_hotspot_classification.json (FILE)
2025-09-10 01:15:16 - [INFO] - [DEBUG BSI]     - ant_hotspot_classification.png (FILE)
2025-09-10 01:15:16 - [INFO] - [DEBUG BSI]     - ant_hotspot_classification.xml (FILE)
2025-09-10 01:15:16 - [INFO] - [DEBUG BSI]     - ant_hotspot_otsu_colored.png (FILE)
2025-09-10 01:15:16 - [INFO] - [DEBUG BSI]     - ant_hotspot_otsu_colored_blend.png (FILE)
2025-09-10 01:15:16 - [INFO] - [DEBUG BSI]     - ant_hotspot_otsu_grayscale.png (FILE)
2025-09-10 01:15:16 - [INFO] - [DEBUG BSI]     - ant_hotspot_yolo.xml (FILE)
2025-09-10 01:15:16 - [INFO] - [DEBUG BSI]     - ant_mask.png (FILE)
2025-09-10 01:15:16 - [INFO] - [DEBUG BSI]     - ant_original.png (FILE)
2025-09-10 01:15:16 - [INFO] - [DEBUG BSI]     - ant_segm.png (FILE)
2025-09-10 01:15:16 - [INFO] - [DEBUG BSI]     - bsi_quantification_ant.json (FILE)
2025-09-10 01:15:16 - [INFO] - [DEBUG BSI]     - post_hotspot_otsu_colored.png (FILE)
2025-09-10 01:15:16 - [INFO] - [DEBUG BSI]     - post_hotspot_otsu_colored_blend.png (FILE)
2025-09-10 01:15:16 - [INFO] - [DEBUG BSI]     - post_hotspot_otsu_grayscale.png (FILE)
2025-09-10 01:15:16 - [INFO] - [DEBUG BSI]     - post_hotspot_yolo.xml (FILE)
2025-09-10 01:15:16 - [INFO] - [DEBUG BSI]     - post_mask.png (FILE)
2025-09-10 01:15:16 - [INFO] - [DEBUG BSI]     - post_original.png (FILE)
2025-09-10 01:15:16 - [INFO] - [DEBUG BSI]     - post_segm.png (FILE)
2025-09-10 01:15:16 - [INFO] - [DEBUG BSI CANVAS] Processing date: 20241204, mode: single_view_anterior
2025-09-10 01:15:16 - [INFO] - [DEBUG BSI CANVAS] Added: Ant=0.3730588265879179 Post=None
2025-09-10 01:15:16 - [ERROR] - F:\projek dosen\prototype riset\hotspot-analyzer\features\spect_viewer\gui\bsi_canvas.py:222: UserWarning: No artists with labels found to put in legend.  Note that artists whose label start with an underscore are ignored when legend() is called with no argument.
2025-09-10 01:15:16 - [ERROR] - legend = ax.legend(loc='upper left', fontsize=9)
2025-09-10 01:15:17 - [INFO] - [DEBUG BSI] Using patient folder directly: F:\projek dosen\prototype riset\hotspot-analyzer\data\PLANAR\NSY\0001158915
2025-09-10 01:15:17 - [INFO] - [DEBUG BSI] Found study_date folder: 20241204
2025-09-10 01:15:17 - [INFO] - [DEBUG BSI]     - 20241204 (DIR)
2025-09-10 01:15:17 - [INFO] - [DEBUG BSI]     - 20250824 (DIR)
2025-09-10 01:15:17 - [INFO] - [DEBUG BSI]     - 20250826 (DIR)
2025-09-10 01:15:17 - [INFO] - [DEBUG BSI]     - ANT001_DS.dcm (FILE)
2025-09-10 01:15:17 - [INFO] - [DEBUG BSI]     - ant_hotspot_classification.json (FILE)
2025-09-10 01:15:17 - [INFO] - [DEBUG BSI]     - ant_hotspot_classification.png (FILE)
2025-09-10 01:15:17 - [INFO] - [DEBUG BSI]     - ant_hotspot_classification.xml (FILE)
2025-09-10 01:15:17 - [INFO] - [DEBUG BSI]     - ant_hotspot_otsu_colored.png (FILE)
2025-09-10 01:15:17 - [INFO] - [DEBUG BSI]     - ant_hotspot_otsu_colored_blend.png (FILE)
2025-09-10 01:15:17 - [INFO] - [DEBUG BSI]     - ant_hotspot_otsu_grayscale.png (FILE)
2025-09-10 01:15:17 - [INFO] - [DEBUG BSI]     - ant_hotspot_yolo.xml (FILE)
2025-09-10 01:15:17 - [INFO] - [DEBUG BSI]     - ant_mask.png (FILE)
2025-09-10 01:15:17 - [INFO] - [DEBUG BSI]     - ant_original.png (FILE)
2025-09-10 01:15:17 - [INFO] - [DEBUG BSI]     - ant_segm.png (FILE)
2025-09-10 01:15:17 - [INFO] - [DEBUG BSI]     - bsi_quantification_ant.json (FILE)
2025-09-10 01:15:17 - [INFO] - [DEBUG BSI]     - post_hotspot_otsu_colored.png (FILE)
2025-09-10 01:15:17 - [INFO] - [DEBUG BSI]     - post_hotspot_otsu_colored_blend.png (FILE)
2025-09-10 01:15:17 - [INFO] - [DEBUG BSI]     - post_hotspot_otsu_grayscale.png (FILE)
2025-09-10 01:15:17 - [INFO] - [DEBUG BSI]     - post_hotspot_yolo.xml (FILE)
2025-09-10 01:15:17 - [INFO] - [DEBUG BSI]     - post_mask.png (FILE)
2025-09-10 01:15:17 - [INFO] - [DEBUG BSI]     - post_original.png (FILE)
2025-09-10 01:15:17 - [INFO] - [DEBUG BSI]     - post_segm.png (FILE)
2025-09-10 01:15:17 - [INFO] - [DEBUG BSI CANVAS] Processing date: 20241204, mode: single_view_anterior
2025-09-10 01:15:17 - [INFO] - [DEBUG BSI CANVAS] Added: Ant=0.3730588265879179 Post=None
2025-09-10 01:15:19 - [INFO] - [DEBUG BSI] Using patient folder directly: F:\projek dosen\prototype riset\hotspot-analyzer\data\PLANAR\NSY\0001158915
2025-09-10 01:15:19 - [INFO] - [DEBUG BSI] Found study_date folder: 20241204
2025-09-10 01:15:19 - [INFO] - [DEBUG BSI]     - 20241204 (DIR)
2025-09-10 01:15:19 - [INFO] - [DEBUG BSI]     - 20250824 (DIR)
2025-09-10 01:15:19 - [INFO] - [DEBUG BSI]     - 20250826 (DIR)
2025-09-10 01:15:19 - [INFO] - [DEBUG BSI]     - ANT001_DS.dcm (FILE)
2025-09-10 01:15:19 - [INFO] - [DEBUG BSI]     - ant_hotspot_classification.json (FILE)
2025-09-10 01:15:19 - [INFO] - [DEBUG BSI]     - ant_hotspot_classification.png (FILE)
2025-09-10 01:15:19 - [INFO] - [DEBUG BSI]     - ant_hotspot_classification.xml (FILE)
2025-09-10 01:15:19 - [INFO] - [DEBUG BSI]     - ant_hotspot_otsu_colored.png (FILE)
2025-09-10 01:15:19 - [INFO] - [DEBUG BSI]     - ant_hotspot_otsu_colored_blend.png (FILE)
2025-09-10 01:15:19 - [INFO] - [DEBUG BSI]     - ant_hotspot_otsu_grayscale.png (FILE)
2025-09-10 01:15:19 - [INFO] - [DEBUG BSI]     - ant_hotspot_yolo.xml (FILE)
2025-09-10 01:15:19 - [INFO] - [DEBUG BSI]     - ant_mask.png (FILE)
2025-09-10 01:15:19 - [INFO] - [DEBUG BSI]     - ant_original.png (FILE)
2025-09-10 01:15:19 - [INFO] - [DEBUG BSI]     - ant_segm.png (FILE)
2025-09-10 01:15:19 - [INFO] - [DEBUG BSI]     - bsi_quantification_ant.json (FILE)
2025-09-10 01:15:19 - [INFO] - [DEBUG BSI]     - post_hotspot_otsu_colored.png (FILE)
2025-09-10 01:15:19 - [INFO] - [DEBUG BSI]     - post_hotspot_otsu_colored_blend.png (FILE)
2025-09-10 01:15:19 - [INFO] - [DEBUG BSI]     - post_hotspot_otsu_grayscale.png (FILE)
2025-09-10 01:15:19 - [INFO] - [DEBUG BSI]     - post_hotspot_yolo.xml (FILE)
2025-09-10 01:15:19 - [INFO] - [DEBUG BSI]     - post_mask.png (FILE)
2025-09-10 01:15:19 - [INFO] - [DEBUG BSI]     - post_original.png (FILE)
2025-09-10 01:15:19 - [INFO] - [DEBUG BSI]     - post_segm.png (FILE)
2025-09-10 01:15:19 - [INFO] - [DEBUG BSI CANVAS] Processing date: 20241204, mode: single_view_anterior
2025-09-10 01:15:19 - [INFO] - [DEBUG BSI CANVAS] Added: Ant=0.3730588265879179 Post=None
2025-09-10 01:15:19 - [ERROR] - F:\projek dosen\prototype riset\hotspot-analyzer\features\spect_viewer\gui\bsi_canvas.py:222: UserWarning: No artists with labels found to put in legend.  Note that artists whose label start with an underscore are ignored when legend() is called with no argument.
2025-09-10 01:15:19 - [ERROR] - legend = ax.legend(loc='upper left', fontsize=9)
2025-09-10 01:15:19 - [INFO] - [BSI] Export requested: chart
2025-09-10 01:15:32 - [INFO] - [BSI CANVAS] Exporting chart with all data visible...
2025-09-10 01:15:32 - [INFO] - [DEBUG BSI] Using patient folder directly: F:\projek dosen\prototype riset\hotspot-analyzer\data\PLANAR\NSY\0001158915
2025-09-10 01:15:32 - [INFO] - [DEBUG BSI] Found study_date folder: 20241204
2025-09-10 01:15:32 - [INFO] - [DEBUG BSI]     - 20241204 (DIR)
2025-09-10 01:15:32 - [INFO] - [DEBUG BSI]     - 20250824 (DIR)
2025-09-10 01:15:32 - [INFO] - [DEBUG BSI]     - 20250826 (DIR)
2025-09-10 01:15:32 - [INFO] - [DEBUG BSI]     - ANT001_DS.dcm (FILE)
2025-09-10 01:15:32 - [INFO] - [DEBUG BSI]     - ant_hotspot_classification.json (FILE)
2025-09-10 01:15:32 - [INFO] - [DEBUG BSI]     - ant_hotspot_classification.png (FILE)
2025-09-10 01:15:32 - [INFO] - [DEBUG BSI]     - ant_hotspot_classification.xml (FILE)
2025-09-10 01:15:32 - [INFO] - [DEBUG BSI]     - ant_hotspot_otsu_colored.png (FILE)
2025-09-10 01:15:32 - [INFO] - [DEBUG BSI]     - ant_hotspot_otsu_colored_blend.png (FILE)
2025-09-10 01:15:32 - [INFO] - [DEBUG BSI]     - ant_hotspot_otsu_grayscale.png (FILE)
2025-09-10 01:15:32 - [INFO] - [DEBUG BSI]     - ant_hotspot_yolo.xml (FILE)
2025-09-10 01:15:32 - [INFO] - [DEBUG BSI]     - ant_mask.png (FILE)
2025-09-10 01:15:32 - [INFO] - [DEBUG BSI]     - ant_original.png (FILE)
2025-09-10 01:15:32 - [INFO] - [DEBUG BSI]     - ant_segm.png (FILE)
2025-09-10 01:15:32 - [INFO] - [DEBUG BSI]     - bsi_quantification_ant.json (FILE)
2025-09-10 01:15:32 - [INFO] - [DEBUG BSI]     - post_hotspot_otsu_colored.png (FILE)
2025-09-10 01:15:32 - [INFO] - [DEBUG BSI]     - post_hotspot_otsu_colored_blend.png (FILE)
2025-09-10 01:15:32 - [INFO] - [DEBUG BSI]     - post_hotspot_otsu_grayscale.png (FILE)
2025-09-10 01:15:32 - [INFO] - [DEBUG BSI]     - post_hotspot_yolo.xml (FILE)
2025-09-10 01:15:32 - [INFO] - [DEBUG BSI]     - post_mask.png (FILE)
2025-09-10 01:15:32 - [INFO] - [DEBUG BSI]     - post_original.png (FILE)
2025-09-10 01:15:32 - [INFO] - [DEBUG BSI]     - post_segm.png (FILE)
2025-09-10 01:15:32 - [INFO] - [DEBUG BSI CANVAS] Processing date: 20241204, mode: single_view_anterior
2025-09-10 01:15:32 - [INFO] - [DEBUG BSI CANVAS] Added: Ant=0.3730588265879179 Post=None
2025-09-10 01:15:32 - [INFO] - [BSI CANVAS] Chart exported to: F:\projek dosen\prototype riset\bsi_chart_0001158915.png
2025-09-10 01:15:32 - [INFO] - [DEBUG BSI] Using patient folder directly: F:\projek dosen\prototype riset\hotspot-analyzer\data\PLANAR\NSY\0001158915
2025-09-10 01:15:32 - [INFO] - [DEBUG BSI] Found study_date folder: 20241204
2025-09-10 01:15:32 - [INFO] - [DEBUG BSI]     - 20241204 (DIR)
2025-09-10 01:15:32 - [INFO] - [DEBUG BSI]     - 20250824 (DIR)
2025-09-10 01:15:32 - [INFO] - [DEBUG BSI]     - 20250826 (DIR)
2025-09-10 01:15:32 - [INFO] - [DEBUG BSI]     - ANT001_DS.dcm (FILE)
2025-09-10 01:15:32 - [INFO] - [DEBUG BSI]     - ant_hotspot_classification.json (FILE)
2025-09-10 01:15:32 - [INFO] - [DEBUG BSI]     - ant_hotspot_classification.png (FILE)
2025-09-10 01:15:32 - [INFO] - [DEBUG BSI]     - ant_hotspot_classification.xml (FILE)
2025-09-10 01:15:32 - [INFO] - [DEBUG BSI]     - ant_hotspot_otsu_colored.png (FILE)
2025-09-10 01:15:32 - [INFO] - [DEBUG BSI]     - ant_hotspot_otsu_colored_blend.png (FILE)
2025-09-10 01:15:32 - [INFO] - [DEBUG BSI]     - ant_hotspot_otsu_grayscale.png (FILE)
2025-09-10 01:15:32 - [INFO] - [DEBUG BSI]     - ant_hotspot_yolo.xml (FILE)
2025-09-10 01:15:32 - [INFO] - [DEBUG BSI]     - ant_mask.png (FILE)
2025-09-10 01:15:32 - [INFO] - [DEBUG BSI]     - ant_original.png (FILE)
2025-09-10 01:15:32 - [INFO] - [DEBUG BSI]     - ant_segm.png (FILE)
2025-09-10 01:15:32 - [INFO] - [DEBUG BSI]     - bsi_quantification_ant.json (FILE)
2025-09-10 01:15:32 - [INFO] - [DEBUG BSI]     - post_hotspot_otsu_colored.png (FILE)
2025-09-10 01:15:32 - [INFO] - [DEBUG BSI]     - post_hotspot_otsu_colored_blend.png (FILE)
2025-09-10 01:15:32 - [INFO] - [DEBUG BSI]     - post_hotspot_otsu_grayscale.png (FILE)
2025-09-10 01:15:32 - [INFO] - [DEBUG BSI]     - post_hotspot_yolo.xml (FILE)
2025-09-10 01:15:32 - [INFO] - [DEBUG BSI]     - post_mask.png (FILE)
2025-09-10 01:15:32 - [INFO] - [DEBUG BSI]     - post_original.png (FILE)
2025-09-10 01:15:32 - [INFO] - [DEBUG BSI]     - post_segm.png (FILE)
2025-09-10 01:15:32 - [INFO] - [DEBUG BSI CANVAS] Processing date: 20241204, mode: single_view_anterior
2025-09-10 01:15:32 - [INFO] - [DEBUG BSI CANVAS] Added: Ant=0.3730588265879179 Post=None
2025-09-10 01:15:32 - [ERROR] - F:\projek dosen\prototype riset\hotspot-analyzer\features\spect_viewer\gui\bsi_canvas.py:222: UserWarning: No artists with labels found to put in legend.  Note that artists whose label start with an underscore are ignored when legend() is called with no argument.
2025-09-10 01:15:32 - [ERROR] - legend = ax.legend(loc='upper left', fontsize=9)
2025-09-10 01:15:46 - [INFO] - [BSI] Export requested: chart
2025-09-10 01:15:48 - [INFO] - [BSI CANVAS] Exporting chart with all data visible...
2025-09-10 01:15:48 - [INFO] - [DEBUG BSI] Using patient folder directly: F:\projek dosen\prototype riset\hotspot-analyzer\data\PLANAR\NSY\0001158915
2025-09-10 01:15:48 - [INFO] - [DEBUG BSI] Found study_date folder: 20241204
2025-09-10 01:15:48 - [INFO] - [DEBUG BSI]     - 20241204 (DIR)
2025-09-10 01:15:48 - [INFO] - [DEBUG BSI]     - 20250824 (DIR)
2025-09-10 01:15:48 - [INFO] - [DEBUG BSI]     - 20250826 (DIR)
2025-09-10 01:15:48 - [INFO] - [DEBUG BSI]     - ANT001_DS.dcm (FILE)
2025-09-10 01:15:48 - [INFO] - [DEBUG BSI]     - ant_hotspot_classification.json (FILE)
2025-09-10 01:15:48 - [INFO] - [DEBUG BSI]     - ant_hotspot_classification.png (FILE)
2025-09-10 01:15:48 - [INFO] - [DEBUG BSI]     - ant_hotspot_classification.xml (FILE)
2025-09-10 01:15:48 - [INFO] - [DEBUG BSI]     - ant_hotspot_otsu_colored.png (FILE)
2025-09-10 01:15:48 - [INFO] - [DEBUG BSI]     - ant_hotspot_otsu_colored_blend.png (FILE)
2025-09-10 01:15:48 - [INFO] - [DEBUG BSI]     - ant_hotspot_otsu_grayscale.png (FILE)
2025-09-10 01:15:48 - [INFO] - [DEBUG BSI]     - ant_hotspot_yolo.xml (FILE)
2025-09-10 01:15:48 - [INFO] - [DEBUG BSI]     - ant_mask.png (FILE)
2025-09-10 01:15:48 - [INFO] - [DEBUG BSI]     - ant_original.png (FILE)
2025-09-10 01:15:48 - [INFO] - [DEBUG BSI]     - ant_segm.png (FILE)
2025-09-10 01:15:48 - [INFO] - [DEBUG BSI]     - bsi_quantification_ant.json (FILE)
2025-09-10 01:15:48 - [INFO] - [DEBUG BSI]     - post_hotspot_otsu_colored.png (FILE)
2025-09-10 01:15:48 - [INFO] - [DEBUG BSI]     - post_hotspot_otsu_colored_blend.png (FILE)
2025-09-10 01:15:48 - [INFO] - [DEBUG BSI]     - post_hotspot_otsu_grayscale.png (FILE)
2025-09-10 01:15:48 - [INFO] - [DEBUG BSI]     - post_hotspot_yolo.xml (FILE)
2025-09-10 01:15:48 - [INFO] - [DEBUG BSI]     - post_mask.png (FILE)
2025-09-10 01:15:48 - [INFO] - [DEBUG BSI]     - post_original.png (FILE)
2025-09-10 01:15:48 - [INFO] - [DEBUG BSI]     - post_segm.png (FILE)
2025-09-10 01:15:48 - [INFO] - [DEBUG BSI CANVAS] Processing date: 20241204, mode: single_view_anterior
2025-09-10 01:15:48 - [INFO] - [DEBUG BSI CANVAS] Added: Ant=0.3730588265879179 Post=None
2025-09-10 01:15:48 - [INFO] - [BSI CANVAS] Chart exported to: F:\projek dosen\prototype riset\hotspot-analyzer\bsi_chart_0001158915.png
2025-09-10 06:38:38 - [INFO] - [DEBUG BSI] Using patient folder directly: F:\projek dosen\prototype riset\hotspot-analyzer\data\PLANAR\NSY\0001158915
2025-09-10 06:38:38 - [INFO] - [DEBUG BSI] Found study_date folder: 20241204
2025-09-10 06:38:38 - [INFO] - [DEBUG BSI]     - 20241204 (DIR)
2025-09-10 06:38:38 - [INFO] - [DEBUG BSI]     - 20250824 (DIR)
2025-09-10 06:38:38 - [INFO] - [DEBUG BSI]     - 20250826 (DIR)
2025-09-10 06:38:38 - [INFO] - [DEBUG BSI]     - ANT001_DS.dcm (FILE)
2025-09-10 06:38:38 - [INFO] - [DEBUG BSI]     - ant_hotspot_classification.json (FILE)
2025-09-10 06:38:38 - [INFO] - [DEBUG BSI]     - ant_hotspot_classification.png (FILE)
2025-09-10 06:38:38 - [INFO] - [DEBUG BSI]     - ant_hotspot_classification.xml (FILE)
2025-09-10 06:38:38 - [INFO] - [DEBUG BSI]     - ant_hotspot_otsu_colored.png (FILE)
2025-09-10 06:38:38 - [INFO] - [DEBUG BSI]     - ant_hotspot_otsu_colored_blend.png (FILE)
2025-09-10 06:38:38 - [INFO] - [DEBUG BSI]     - ant_hotspot_otsu_grayscale.png (FILE)
2025-09-10 06:38:38 - [INFO] - [DEBUG BSI]     - ant_hotspot_yolo.xml (FILE)
2025-09-10 06:38:38 - [INFO] - [DEBUG BSI]     - ant_mask.png (FILE)
2025-09-10 06:38:38 - [INFO] - [DEBUG BSI]     - ant_original.png (FILE)
2025-09-10 06:38:38 - [INFO] - [DEBUG BSI]     - ant_segm.png (FILE)
2025-09-10 06:38:38 - [INFO] - [DEBUG BSI]     - bsi_quantification_ant.json (FILE)
2025-09-10 06:38:38 - [INFO] - [DEBUG BSI]     - post_hotspot_otsu_colored.png (FILE)
2025-09-10 06:38:38 - [INFO] - [DEBUG BSI]     - post_hotspot_otsu_colored_blend.png (FILE)
2025-09-10 06:38:38 - [INFO] - [DEBUG BSI]     - post_hotspot_otsu_grayscale.png (FILE)
2025-09-10 06:38:38 - [INFO] - [DEBUG BSI]     - post_hotspot_yolo.xml (FILE)
2025-09-10 06:38:38 - [INFO] - [DEBUG BSI]     - post_mask.png (FILE)
2025-09-10 06:38:38 - [INFO] - [DEBUG BSI]     - post_original.png (FILE)
2025-09-10 06:38:38 - [INFO] - [DEBUG BSI]     - post_segm.png (FILE)
2025-09-10 06:38:38 - [INFO] - [DEBUG BSI CANVAS] Processing date: 20241204, mode: single_view_anterior
2025-09-10 06:38:38 - [INFO] - [DEBUG BSI CANVAS] Added: Ant=0.3730588265879179 Post=None
2025-09-10 06:38:38 - [INFO] - [DEBUG BSI] Using patient folder directly: F:\projek dosen\prototype riset\hotspot-analyzer\data\PLANAR\NSY\0001158915
2025-09-10 06:38:38 - [INFO] - [DEBUG BSI] Found study_date folder: 20241204
2025-09-10 06:38:38 - [INFO] - [DEBUG BSI]     - 20241204 (DIR)
2025-09-10 06:38:38 - [INFO] - [DEBUG BSI]     - 20250824 (DIR)
2025-09-10 06:38:38 - [INFO] - [DEBUG BSI]     - 20250826 (DIR)
2025-09-10 06:38:38 - [INFO] - [DEBUG BSI]     - ANT001_DS.dcm (FILE)
2025-09-10 06:38:38 - [INFO] - [DEBUG BSI]     - ant_hotspot_classification.json (FILE)
2025-09-10 06:38:38 - [INFO] - [DEBUG BSI]     - ant_hotspot_classification.png (FILE)
2025-09-10 06:38:38 - [INFO] - [DEBUG BSI]     - ant_hotspot_classification.xml (FILE)
2025-09-10 06:38:38 - [INFO] - [DEBUG BSI]     - ant_hotspot_otsu_colored.png (FILE)
2025-09-10 06:38:38 - [INFO] - [DEBUG BSI]     - ant_hotspot_otsu_colored_blend.png (FILE)
2025-09-10 06:38:38 - [INFO] - [DEBUG BSI]     - ant_hotspot_otsu_grayscale.png (FILE)
2025-09-10 06:38:38 - [INFO] - [DEBUG BSI]     - ant_hotspot_yolo.xml (FILE)
2025-09-10 06:38:38 - [INFO] - [DEBUG BSI]     - ant_mask.png (FILE)
2025-09-10 06:38:38 - [INFO] - [DEBUG BSI]     - ant_original.png (FILE)
2025-09-10 06:38:38 - [INFO] - [DEBUG BSI]     - ant_segm.png (FILE)
2025-09-10 06:38:38 - [INFO] - [DEBUG BSI]     - bsi_quantification_ant.json (FILE)
2025-09-10 06:38:38 - [INFO] - [DEBUG BSI]     - post_hotspot_otsu_colored.png (FILE)
2025-09-10 06:38:38 - [INFO] - [DEBUG BSI]     - post_hotspot_otsu_colored_blend.png (FILE)
2025-09-10 06:38:38 - [INFO] - [DEBUG BSI]     - post_hotspot_otsu_grayscale.png (FILE)
2025-09-10 06:38:38 - [INFO] - [DEBUG BSI]     - post_hotspot_yolo.xml (FILE)
2025-09-10 06:38:38 - [INFO] - [DEBUG BSI]     - post_mask.png (FILE)
2025-09-10 06:38:38 - [INFO] - [DEBUG BSI]     - post_original.png (FILE)
2025-09-10 06:38:38 - [INFO] - [DEBUG BSI]     - post_segm.png (FILE)
2025-09-10 06:38:38 - [INFO] - [DEBUG BSI CANVAS] Processing date: 20241204, mode: single_view_anterior
2025-09-10 06:38:38 - [INFO] - [DEBUG BSI CANVAS] Added: Ant=0.3730588265879179 Post=None
2025-09-10 06:38:40 - [INFO] - [DEBUG BSI] Using patient folder directly: F:\projek dosen\prototype riset\hotspot-analyzer\data\PLANAR\NSY\0001158915
2025-09-10 06:38:40 - [INFO] - [DEBUG BSI] Found study_date folder: 20241204
2025-09-10 06:38:40 - [INFO] - [DEBUG BSI]     - 20241204 (DIR)
2025-09-10 06:38:40 - [INFO] - [DEBUG BSI]     - 20250824 (DIR)
2025-09-10 06:38:40 - [INFO] - [DEBUG BSI]     - 20250826 (DIR)
2025-09-10 06:38:40 - [INFO] - [DEBUG BSI]     - ANT001_DS.dcm (FILE)
2025-09-10 06:38:40 - [INFO] - [DEBUG BSI]     - ant_hotspot_classification.json (FILE)
2025-09-10 06:38:40 - [INFO] - [DEBUG BSI]     - ant_hotspot_classification.png (FILE)
2025-09-10 06:38:40 - [INFO] - [DEBUG BSI]     - ant_hotspot_classification.xml (FILE)
2025-09-10 06:38:40 - [INFO] - [DEBUG BSI]     - ant_hotspot_otsu_colored.png (FILE)
2025-09-10 06:38:40 - [INFO] - [DEBUG BSI]     - ant_hotspot_otsu_colored_blend.png (FILE)
2025-09-10 06:38:40 - [INFO] - [DEBUG BSI]     - ant_hotspot_otsu_grayscale.png (FILE)
2025-09-10 06:38:40 - [INFO] - [DEBUG BSI]     - ant_hotspot_yolo.xml (FILE)
2025-09-10 06:38:40 - [INFO] - [DEBUG BSI]     - ant_mask.png (FILE)
2025-09-10 06:38:40 - [INFO] - [DEBUG BSI]     - ant_original.png (FILE)
2025-09-10 06:38:40 - [INFO] - [DEBUG BSI]     - ant_segm.png (FILE)
2025-09-10 06:38:40 - [INFO] - [DEBUG BSI]     - bsi_quantification_ant.json (FILE)
2025-09-10 06:38:40 - [INFO] - [DEBUG BSI]     - post_hotspot_otsu_colored.png (FILE)
2025-09-10 06:38:40 - [INFO] - [DEBUG BSI]     - post_hotspot_otsu_colored_blend.png (FILE)
2025-09-10 06:38:40 - [INFO] - [DEBUG BSI]     - post_hotspot_otsu_grayscale.png (FILE)
2025-09-10 06:38:40 - [INFO] - [DEBUG BSI]     - post_hotspot_yolo.xml (FILE)
2025-09-10 06:38:40 - [INFO] - [DEBUG BSI]     - post_mask.png (FILE)
2025-09-10 06:38:40 - [INFO] - [DEBUG BSI]     - post_original.png (FILE)
2025-09-10 06:38:40 - [INFO] - [DEBUG BSI]     - post_segm.png (FILE)
2025-09-10 06:38:40 - [INFO] - [DEBUG BSI CANVAS] Processing date: 20241204, mode: single_view_anterior
2025-09-10 06:38:40 - [INFO] - [DEBUG BSI CANVAS] Added: Ant=0.3730588265879179 Post=None
2025-09-10 06:38:44 - [INFO] - [DEBUG BSI] Using patient folder directly: F:\projek dosen\prototype riset\hotspot-analyzer\data\PLANAR\NSY\0001158915
2025-09-10 06:38:44 - [INFO] - [DEBUG BSI] Found study_date folder: 20241204
2025-09-10 06:38:44 - [INFO] - [DEBUG BSI]     - 20241204 (DIR)
2025-09-10 06:38:44 - [INFO] - [DEBUG BSI]     - 20250824 (DIR)
2025-09-10 06:38:44 - [INFO] - [DEBUG BSI]     - 20250826 (DIR)
2025-09-10 06:38:44 - [INFO] - [DEBUG BSI]     - ANT001_DS.dcm (FILE)
2025-09-10 06:38:44 - [INFO] - [DEBUG BSI]     - ant_hotspot_classification.json (FILE)
2025-09-10 06:38:44 - [INFO] - [DEBUG BSI]     - ant_hotspot_classification.png (FILE)
2025-09-10 06:38:44 - [INFO] - [DEBUG BSI]     - ant_hotspot_classification.xml (FILE)
2025-09-10 06:38:44 - [INFO] - [DEBUG BSI]     - ant_hotspot_otsu_colored.png (FILE)
2025-09-10 06:38:44 - [INFO] - [DEBUG BSI]     - ant_hotspot_otsu_colored_blend.png (FILE)
2025-09-10 06:38:44 - [INFO] - [DEBUG BSI]     - ant_hotspot_otsu_grayscale.png (FILE)
2025-09-10 06:38:44 - [INFO] - [DEBUG BSI]     - ant_hotspot_yolo.xml (FILE)
2025-09-10 06:38:44 - [INFO] - [DEBUG BSI]     - ant_mask.png (FILE)
2025-09-10 06:38:44 - [INFO] - [DEBUG BSI]     - ant_original.png (FILE)
2025-09-10 06:38:44 - [INFO] - [DEBUG BSI]     - ant_segm.png (FILE)
2025-09-10 06:38:44 - [INFO] - [DEBUG BSI]     - bsi_quantification_ant.json (FILE)
2025-09-10 06:38:44 - [INFO] - [DEBUG BSI]     - post_hotspot_otsu_colored.png (FILE)
2025-09-10 06:38:44 - [INFO] - [DEBUG BSI]     - post_hotspot_otsu_colored_blend.png (FILE)
2025-09-10 06:38:44 - [INFO] - [DEBUG BSI]     - post_hotspot_otsu_grayscale.png (FILE)
2025-09-10 06:38:44 - [INFO] - [DEBUG BSI]     - post_hotspot_yolo.xml (FILE)
2025-09-10 06:38:44 - [INFO] - [DEBUG BSI]     - post_mask.png (FILE)
2025-09-10 06:38:44 - [INFO] - [DEBUG BSI]     - post_original.png (FILE)
2025-09-10 06:38:44 - [INFO] - [DEBUG BSI]     - post_segm.png (FILE)
2025-09-10 06:38:44 - [INFO] - [DEBUG BSI CANVAS] Processing date: 20241204, mode: single_view_anterior
2025-09-10 06:38:44 - [INFO] - [DEBUG BSI CANVAS] Added: Ant=0.3730588265879179 Post=None
2025-09-10 06:38:46 - [INFO] - [DEBUG BSI] Using patient folder directly: F:\projek dosen\prototype riset\hotspot-analyzer\data\PLANAR\NSY\0001158915
2025-09-10 06:38:46 - [INFO] - [DEBUG BSI] Found study_date folder: 20241204
2025-09-10 06:38:46 - [INFO] - [DEBUG BSI]     - 20241204 (DIR)
2025-09-10 06:38:46 - [INFO] - [DEBUG BSI]     - 20250824 (DIR)
2025-09-10 06:38:46 - [INFO] - [DEBUG BSI]     - 20250826 (DIR)
2025-09-10 06:38:46 - [INFO] - [DEBUG BSI]     - ANT001_DS.dcm (FILE)
2025-09-10 06:38:46 - [INFO] - [DEBUG BSI]     - ant_hotspot_classification.json (FILE)
2025-09-10 06:38:46 - [INFO] - [DEBUG BSI]     - ant_hotspot_classification.png (FILE)
2025-09-10 06:38:46 - [INFO] - [DEBUG BSI]     - ant_hotspot_classification.xml (FILE)
2025-09-10 06:38:46 - [INFO] - [DEBUG BSI]     - ant_hotspot_otsu_colored.png (FILE)
2025-09-10 06:38:46 - [INFO] - [DEBUG BSI]     - ant_hotspot_otsu_colored_blend.png (FILE)
2025-09-10 06:38:46 - [INFO] - [DEBUG BSI]     - ant_hotspot_otsu_grayscale.png (FILE)
2025-09-10 06:38:46 - [INFO] - [DEBUG BSI]     - ant_hotspot_yolo.xml (FILE)
2025-09-10 06:38:46 - [INFO] - [DEBUG BSI]     - ant_mask.png (FILE)
2025-09-10 06:38:46 - [INFO] - [DEBUG BSI]     - ant_original.png (FILE)
2025-09-10 06:38:46 - [INFO] - [DEBUG BSI]     - ant_segm.png (FILE)
2025-09-10 06:38:46 - [INFO] - [DEBUG BSI]     - bsi_quantification_ant.json (FILE)
2025-09-10 06:38:46 - [INFO] - [DEBUG BSI]     - post_hotspot_otsu_colored.png (FILE)
2025-09-10 06:38:46 - [INFO] - [DEBUG BSI]     - post_hotspot_otsu_colored_blend.png (FILE)
2025-09-10 06:38:46 - [INFO] - [DEBUG BSI]     - post_hotspot_otsu_grayscale.png (FILE)
2025-09-10 06:38:46 - [INFO] - [DEBUG BSI]     - post_hotspot_yolo.xml (FILE)
2025-09-10 06:38:46 - [INFO] - [DEBUG BSI]     - post_mask.png (FILE)
2025-09-10 06:38:46 - [INFO] - [DEBUG BSI]     - post_original.png (FILE)
2025-09-10 06:38:46 - [INFO] - [DEBUG BSI]     - post_segm.png (FILE)
2025-09-10 06:38:46 - [INFO] - [DEBUG BSI CANVAS] Processing date: 20241204, mode: single_view_anterior
2025-09-10 06:38:46 - [INFO] - [DEBUG BSI CANVAS] Added: Ant=0.3730588265879179 Post=None
2025-09-10 06:38:47 - [INFO] - [DEBUG BSI] Using patient folder directly: F:\projek dosen\prototype riset\hotspot-analyzer\data\PLANAR\NSY\0001158915
2025-09-10 06:38:47 - [INFO] - [DEBUG BSI] Found study_date folder: 20241204
2025-09-10 06:38:47 - [INFO] - [DEBUG BSI]     - 20241204 (DIR)
2025-09-10 06:38:47 - [INFO] - [DEBUG BSI]     - 20250824 (DIR)
2025-09-10 06:38:47 - [INFO] - [DEBUG BSI]     - 20250826 (DIR)
2025-09-10 06:38:47 - [INFO] - [DEBUG BSI]     - ANT001_DS.dcm (FILE)
2025-09-10 06:38:47 - [INFO] - [DEBUG BSI]     - ant_hotspot_classification.json (FILE)
2025-09-10 06:38:47 - [INFO] - [DEBUG BSI]     - ant_hotspot_classification.png (FILE)
2025-09-10 06:38:47 - [INFO] - [DEBUG BSI]     - ant_hotspot_classification.xml (FILE)
2025-09-10 06:38:47 - [INFO] - [DEBUG BSI]     - ant_hotspot_otsu_colored.png (FILE)
2025-09-10 06:38:47 - [INFO] - [DEBUG BSI]     - ant_hotspot_otsu_colored_blend.png (FILE)
2025-09-10 06:38:47 - [INFO] - [DEBUG BSI]     - ant_hotspot_otsu_grayscale.png (FILE)
2025-09-10 06:38:47 - [INFO] - [DEBUG BSI]     - ant_hotspot_yolo.xml (FILE)
2025-09-10 06:38:47 - [INFO] - [DEBUG BSI]     - ant_mask.png (FILE)
2025-09-10 06:38:47 - [INFO] - [DEBUG BSI]     - ant_original.png (FILE)
2025-09-10 06:38:47 - [INFO] - [DEBUG BSI]     - ant_segm.png (FILE)
2025-09-10 06:38:47 - [INFO] - [DEBUG BSI]     - bsi_quantification_ant.json (FILE)
2025-09-10 06:38:47 - [INFO] - [DEBUG BSI]     - post_hotspot_otsu_colored.png (FILE)
2025-09-10 06:38:47 - [INFO] - [DEBUG BSI]     - post_hotspot_otsu_colored_blend.png (FILE)
2025-09-10 06:38:47 - [INFO] - [DEBUG BSI]     - post_hotspot_otsu_grayscale.png (FILE)
2025-09-10 06:38:47 - [INFO] - [DEBUG BSI]     - post_hotspot_yolo.xml (FILE)
2025-09-10 06:38:47 - [INFO] - [DEBUG BSI]     - post_mask.png (FILE)
2025-09-10 06:38:47 - [INFO] - [DEBUG BSI]     - post_original.png (FILE)
2025-09-10 06:38:47 - [INFO] - [DEBUG BSI]     - post_segm.png (FILE)
2025-09-10 06:38:47 - [INFO] - [DEBUG BSI CANVAS] Processing date: 20241204, mode: single_view_anterior
2025-09-10 06:38:47 - [INFO] - [DEBUG BSI CANVAS] Added: Ant=0.3730588265879179 Post=None
2025-09-10 06:38:50 - [INFO] - [DEBUG] Opening DICOM import dialog...
2025-09-10 06:38:54 - [INFO] - [DEBUG] Import dialog cancelled
2025-09-10 06:38:56 - [INFO] - [DEBUG] Opening DICOM import dialog...
2025-09-10 06:39:04 - [INFO] -   [DUPLICATE DEBUG] Starting duplicate check for 1 selected files
2025-09-10 06:39:04 - [INFO] -   [DUPLICATE DEBUG] Session code: NSY
2025-09-10 06:39:04 - [INFO] -    1. 5002_1.dcm
2025-09-10 06:39:04 - [INFO] -   [DUPLICATE DEBUG]   Successfully imported duplicate checking functions
2025-09-10 06:39:04 - [INFO] -   [MANUAL TEST] Testing duplicate check function...
2025-09-10 06:39:04 - [INFO] - [CHECK_DICOM_EXISTS] Checking: session=ATL, patient=0001158915, study_date=20241204
2025-09-10 06:39:04 - [INFO] - [CHECK_DICOM_EXISTS] Expected path: F:\projek dosen\prototype riset\hotspot-analyzer\data\PLANAR\ATL\0001158915\20241204
2025-09-10 06:39:04 - [INFO] - [CHECK_DICOM_EXISTS] Found 1 DICOM files
2025-09-10 06:39:04 - [INFO] - [CHECK_DICOM_EXISTS] Found 7 processed files
2025-09-10 06:39:04 - [INFO] - [CHECK_DICOM_EXISTS] Final result: True
2025-09-10 06:39:04 - [INFO] -   [MANUAL TEST] check_dicom_exists('ATL', '0001158915', '20241204') = True
2025-09-10 06:39:04 - [INFO] -   [MANUAL TEST] Existing info: {'exists': True, 'study_date_path': WindowsPath('F:/projek dosen/prototype riset/hotspot-analyzer/data/PLANAR/ATL/0001158915/20241204'), 'dicom_count': 1, 'dicom_files': ['ANT001_DS.dcm'], 'has_processed_files': True, 'last_modified': 1755090376.0898347}
2025-09-10 06:39:04 - [INFO] -   [DUPLICATE DEBUG] Starting individual file analysis...
2025-09-10 06:39:04 - [INFO] -   [DUPLICATE DEBUG] Analyzing file 1/1: 5002_1.dcm
2025-09-10 06:39:04 - [INFO] -    📄 Reading DICOM metadata...
2025-09-10 06:39:05 - [INFO] -    📋 Patient ID: 5002
2025-09-10 06:39:05 - [INFO] -    📅 Study Date: 20250115
2025-09-10 06:39:05 - [INFO] -    🔑 Combination Key: ('5002', '20250115')
2025-09-10 06:39:05 - [INFO] -      Checking against existing data in session NSY...
2025-09-10 06:39:05 - [INFO] - [CHECK_DICOM_EXISTS] Checking: session=NSY, patient=5002, study_date=20250115
2025-09-10 06:39:05 - [INFO] - [CHECK_DICOM_EXISTS] Expected path: F:\projek dosen\prototype riset\hotspot-analyzer\data\PLANAR\NSY\5002\20250115
2025-09-10 06:39:05 - [INFO] - [CHECK_DICOM_EXISTS] Path does not exist - NOT DUPLICATE
2025-09-10 06:39:05 - [INFO] -      check_dicom_exists result: False
2025-09-10 06:39:05 - [INFO] -      No duplicate found in system
2025-09-10 06:39:05 - [INFO] -    ➕ Adding as NEW file
2025-09-10 06:39:05 - [INFO] -   [DUPLICATE DEBUG] Analysis complete:
2025-09-10 06:39:05 - [INFO] -      New files: 1
2025-09-10 06:39:05 - [INFO] -    🔄 System duplicates: 0
2025-09-10 06:39:05 - [INFO] -    🔄 Internal duplicates: 0
2025-09-10 06:39:05 - [INFO] -     Errors: 0
2025-09-10 06:39:05 - [INFO] -   Selected 1 file(s) for import:
2025-09-10 06:39:05 - [INFO] -      1 new file(s) will be imported
2025-09-10 06:39:05 - [INFO] -   DEBUG: About to add 1 new files to selected_files list
2025-09-10 06:39:05 - [INFO] -    ➕ Added to processing queue: 5002_1.dcm
2025-09-10 06:39:05 - [INFO] -   DEBUG: About to add 0 duplicate files to UI (display only)
2025-09-10 06:39:05 - [INFO] -   DEBUG: Final counts - New files: 1, Duplicate files shown: 0
2025-09-10 06:39:05 - [INFO] -   DEBUG: selected_files now contains 1 files
2025-09-10 06:39:05 - [INFO] - DEBUG: Added 1 new files
2025-09-10 06:39:05 - [INFO] - ➕ Successfully added 1 new file(s) to import queue
2025-09-10 06:39:05 - [INFO] -   Starting instant view detection analysis for new files...
2025-09-10 06:39:05 - [INFO] - DEBUG: Starting quick detection for 1 files...
2025-09-10 06:39:05 - [INFO] - DEBUG: Processing detection result for 5002_1.dcm
2025-09-10 06:39:05 - [INFO] - 📊 Detection Analysis Complete:
2025-09-10 06:39:05 - [INFO] -      1 files fully auto-configured
2025-09-10 06:39:05 - [INFO] - 🎉 All files auto-configured! You can proceed directly to import.
2025-09-10 06:39:05 - [INFO] - Next step: Configure Views (or proceed if all auto-configured)
2025-09-10 06:39:05 - [INFO] -   5002_1.dcm: Fully auto-configured (2 frames)
2025-09-10 06:39:17 - [INFO] -   Opening enhanced view configuration dialog...
2025-09-10 06:39:17 - [INFO] - DEBUG: Opening view selector with 1 files
2025-09-10 06:39:17 - [INFO] -   DEBUG: Opening view configuration with 1 files:
2025-09-10 06:39:17 - [INFO] -    1. 5002_1.dcm
2025-09-10 06:39:17 - [INFO] -      No duplicates found in selected_files
2025-09-10 06:39:17 - [INFO] - DEBUG: Connecting signals...
2025-09-10 06:39:17 - [INFO] - DEBUG: Executing dialog...
2025-09-10 06:39:17 - [INFO] - DEBUG: Processing 2 frames from 5002_1.dcm
2025-09-10 06:39:17 - [INFO] - Frame 0: 'anterior'
2025-09-10 06:39:17 - [INFO] - Detected: Anterior (confidence: high)
2025-09-10 06:39:17 - [INFO] - AUTO-CONFIGURED: Anterior (high confidence)
2025-09-10 06:39:17 - [INFO] - 
2025-09-10 06:39:17 - [INFO] - STARTING BACKGROUND ANALYSIS FOR FRAME 0...
2025-09-10 06:39:17 - [INFO] - 
2025-09-10 06:39:17 - [INFO] - === BACKGROUND ANALYSIS DEBUG ===
2025-09-10 06:39:17 - [INFO] - Frame shape: (1024, 256)
2025-09-10 06:39:17 - [INFO] - Frame dtype: uint16
2025-09-10 06:39:17 - [INFO] - Frame range: 0 to 120
2025-09-10 06:39:17 - [INFO] - 🔄 Normalized to uint8: 0 to 255
2025-09-10 06:39:17 - [INFO] - 📐 Image dimensions: 256x1024 (262,144 pixels)
2025-09-10 06:39:17 - [INFO] - 🏠 Corner analysis with size: 20x20
2025-09-10 06:39:17 - [INFO] - 🏠 Corner means: [0.0, 0.0, 0.0, 0.0]
2025-09-10 06:39:17 - [INFO] - 🏠 Overall corner mean: 0.0
2025-09-10 06:39:17 - [INFO] - 🔲 Edge analysis:
2025-09-10 06:39:17 - [INFO] - Edge mean: 0.1
2025-09-10 06:39:17 - [INFO] - Dark edges (<50): 2560/2560 (100.0%)
2025-09-10 06:39:17 - [INFO] - Bright edges (>200): 0/2560 (0.0%)
2025-09-10 06:39:17 - [INFO] - 📊 Overall statistics:
2025-09-10 06:39:17 - [INFO] - Image mean: 14.8
2025-09-10 06:39:17 - [INFO] - Dark pixels (<50): 242,770 (92.6%)
2025-09-10 06:39:17 - [INFO] - Bright pixels (>200): 112 (0.0%)
2025-09-10 06:39:17 - [INFO] - Mid-range pixels: 19,262 (7.3%)
2025-09-10 06:39:17 - [INFO] - 📈 Histogram analysis:
2025-09-10 06:39:17 - [INFO] - Found 2 peaks: [(20, 17887), (35, 9408)]
2025-09-10 06:39:17 - [INFO] - 
2025-09-10 06:39:17 - [INFO] - DECISION PROCESS:
2025-09-10 06:39:17 - [INFO] - 
2025-09-10 06:39:17 - [INFO] - 📋 DECISION FACTORS:
2025-09-10 06:39:17 - [INFO] - Dark corners (0.0 < 50) → BLACK (+40)
2025-09-10 06:39:17 - [INFO] - Dark edges (100.0%) support BLACK (+30)
2025-09-10 06:39:17 - [INFO] - Dark image (14.8 < 80) supports BLACK (+10)
2025-09-10 06:39:17 - [INFO] - 
2025-09-10 06:39:17 - [INFO] - FINAL DECISION:
2025-09-10 06:39:17 - [INFO] - Background Type: BLACK
2025-09-10 06:39:17 - [INFO] - Confidence: 80%
2025-09-10 06:39:17 - [INFO] - Reasoning: 3 factors analyzed
2025-09-10 06:39:17 - [INFO] - 📊 RESULT: {'background_type': 'black', 'confidence': 80, 'background_pixels': 242770, 'object_pixels': 19374, 'background_percentage': 92.60940551757812, 'total_pixels': 262144, 'debug_info': {'corner_mean': 0.0, 'edge_mean': 0.1328125, 'image_mean': 14.830646514892578, 'dark_edge_ratio': 1.0, 'bright_edge_ratio': 0.0, 'decision_factors': ['  Dark corners (0.0 < 50) → BLACK (+40)', '  Dark edges (100.0%) support BLACK (+30)', '  Dark image (14.8 < 80) supports BLACK (+10)']}}
2025-09-10 06:39:17 - [INFO] - === END BACKGROUND ANALYSIS ===
2025-09-10 06:39:17 - [INFO] - BACKGROUND ANALYSIS RESULT:
2025-09-10 06:39:17 - [INFO] - Type: black
2025-09-10 06:39:17 - [INFO] - Confidence: 80%
2025-09-10 06:39:17 - [INFO] - Background area: 92.6%
2025-09-10 06:39:17 - [INFO] - Will auto-select: black radio button
2025-09-10 06:39:17 - [INFO] - Factors: 3
2025-09-10 06:39:17 - [INFO] - ⚠️ MANUAL CONFIG REQUIRED: 80 confidence
2025-09-10 06:39:17 - [INFO] - Frame 1: 'posterior'
2025-09-10 06:39:17 - [INFO] - Detected: Posterior (confidence: high)
2025-09-10 06:39:17 - [INFO] - AUTO-CONFIGURED: Posterior (high confidence)
2025-09-10 06:39:17 - [INFO] - 
2025-09-10 06:39:17 - [INFO] - STARTING BACKGROUND ANALYSIS FOR FRAME 1...
2025-09-10 06:39:17 - [INFO] - 
2025-09-10 06:39:17 - [INFO] - === BACKGROUND ANALYSIS DEBUG ===
2025-09-10 06:39:17 - [INFO] - Frame shape: (1024, 256)
2025-09-10 06:39:17 - [INFO] - Frame dtype: uint16
2025-09-10 06:39:17 - [INFO] - Frame range: 0 to 109
2025-09-10 06:39:17 - [INFO] - 🔄 Normalized to uint8: 0 to 255
2025-09-10 06:39:17 - [INFO] - 📐 Image dimensions: 256x1024 (262,144 pixels)
2025-09-10 06:39:17 - [INFO] - 🏠 Corner analysis with size: 20x20
2025-09-10 06:39:17 - [INFO] - 🏠 Corner means: [0.0, 0.0, 0.0, 0.0]
2025-09-10 06:39:17 - [INFO] - 🏠 Overall corner mean: 0.0
2025-09-10 06:39:17 - [INFO] - 🔲 Edge analysis:
2025-09-10 06:39:17 - [INFO] - Edge mean: 0.2
2025-09-10 06:39:17 - [INFO] - Dark edges (<50): 2560/2560 (100.0%)
2025-09-10 06:39:17 - [INFO] - Bright edges (>200): 0/2560 (0.0%)
2025-09-10 06:39:17 - [INFO] - 📊 Overall statistics:
2025-09-10 06:39:17 - [INFO] - Image mean: 16.5
2025-09-10 06:39:17 - [INFO] - Dark pixels (<50): 237,830 (90.7%)
2025-09-10 06:39:17 - [INFO] - Bright pixels (>200): 52 (0.0%)
2025-09-10 06:39:17 - [INFO] - Mid-range pixels: 24,262 (9.3%)
2025-09-10 06:39:17 - [INFO] - 📈 Histogram analysis:
2025-09-10 06:39:17 - [INFO] - Found 2 peaks: [(10, 21697), (20, 22726)]
2025-09-10 06:39:17 - [INFO] - 
2025-09-10 06:39:17 - [INFO] - DECISION PROCESS:
2025-09-10 06:39:17 - [INFO] - 
2025-09-10 06:39:17 - [INFO] - 📋 DECISION FACTORS:
2025-09-10 06:39:17 - [INFO] - Dark corners (0.0 < 50) → BLACK (+40)
2025-09-10 06:39:17 - [INFO] - Dark edges (100.0%) support BLACK (+30)
2025-09-10 06:39:17 - [INFO] - Dark image (16.5 < 80) supports BLACK (+10)
2025-09-10 06:39:17 - [INFO] - 
2025-09-10 06:39:17 - [INFO] - FINAL DECISION:
2025-09-10 06:39:17 - [INFO] - Background Type: BLACK
2025-09-10 06:39:17 - [INFO] - Confidence: 80%
2025-09-10 06:39:17 - [INFO] - Reasoning: 3 factors analyzed
2025-09-10 06:39:17 - [INFO] - 📊 RESULT: {'background_type': 'black', 'confidence': 80, 'background_pixels': 237830, 'object_pixels': 24314, 'background_percentage': 90.72494506835938, 'total_pixels': 262144, 'debug_info': {'corner_mean': 0.0, 'edge_mean': 0.1546875, 'image_mean': 16.546653747558594, 'dark_edge_ratio': 1.0, 'bright_edge_ratio': 0.0, 'decision_factors': ['  Dark corners (0.0 < 50) → BLACK (+40)', '  Dark edges (100.0%) support BLACK (+30)', '  Dark image (16.5 < 80) supports BLACK (+10)']}}
2025-09-10 06:39:17 - [INFO] - === END BACKGROUND ANALYSIS ===
2025-09-10 06:39:17 - [INFO] - BACKGROUND ANALYSIS RESULT:
2025-09-10 06:39:17 - [INFO] - Type: black
2025-09-10 06:39:17 - [INFO] - Confidence: 80%
2025-09-10 06:39:17 - [INFO] - Background area: 90.7%
2025-09-10 06:39:17 - [INFO] - Will auto-select: black radio button
2025-09-10 06:39:17 - [INFO] - Factors: 3
2025-09-10 06:39:17 - [INFO] - ⚠️ MANUAL CONFIG REQUIRED: 80 confidence
2025-09-10 06:39:17 - [INFO] - 📊 Summary: 5002_1.dcm
2025-09-10 06:39:17 - [INFO] - Reliable detections: 2/2
2025-09-10 06:39:17 - [INFO] - Has reliable detection: True
2025-09-10 06:39:17 - [INFO] - Needs manual config: False
2025-09-10 06:39:17 - [INFO] - Loaded DICOM info for: 5002_1.dcm
2025-09-10 06:39:17 - [INFO] - Reliable detection: True
2025-09-10 06:39:17 - [INFO] - Needs manual config: False
2025-09-10 06:39:17 - [INFO] - DEBUG: Loading finished. Loaded 1 DICOM info objects
2025-09-10 06:39:17 - [INFO] - DEBUG: Starting widget setup...
2025-09-10 06:39:17 - [INFO] - DEBUG: Processing 1 files in optimized order...
2025-09-10 06:39:17 - [INFO] - 5002_1.dcm: auto
2025-09-10 06:39:17 - [INFO] - DEBUG: Creating widget 1/1 for 5002_1.dcm...
2025-09-10 06:39:17 - [INFO] - DEBUG: Creating DicomFileWidget with 2 frames...
2025-09-10 06:39:17 - [INFO] - DEBUG: Initializing DicomFileWidget for 5002_1.dcm with 2 frames
2025-09-10 06:39:17 - [INFO] - DEBUG: Setting up UI for 5002_1.dcm...
2025-09-10 06:39:17 - [INFO] - DEBUG: Initializing FrameWidget for frame 0 from 5002_1.dcm
2025-09-10 06:39:17 - [INFO] - DEBUG: Setting up UI for frame 0...
2025-09-10 06:39:17 - [INFO] - DEBUG: ZoomableImageLabel init - shape: (1024, 256), dtype: uint16
2025-09-10 06:39:17 - [INFO] - DEBUG: Medical image detected: True
2025-09-10 06:39:17 - [INFO] - DEBUG: Creating pixmap...
2025-09-10 06:39:17 - [INFO] - DEBUG: Starting pixmap creation - shape: (1024, 256)
2025-09-10 06:39:17 - [INFO] - DEBUG: Frame data copied - dtype: uint16
2025-09-10 06:39:17 - [INFO] - DEBUG: Converting from uint16 to uint8...
2025-09-10 06:39:17 - [INFO] - DEBUG: Data range: 0 to 120
2025-09-10 06:39:17 - [INFO] - Normalization completed
2025-09-10 06:39:17 - [INFO] - DEBUG: Final frame dimensions: 256x1024
2025-09-10 06:39:17 - [INFO] - DEBUG: Enhancing medical image display...
2025-09-10 06:39:17 - [INFO] - Image already uint8, no enhancement needed
2025-09-10 06:39:17 - [INFO] - Medical image enhancement applied
2025-09-10 06:39:17 - [INFO] - DEBUG: Creating PIL Image...
2025-09-10 06:39:17 - [INFO] - PIL Image created
2025-09-10 06:39:17 - [INFO] - DEBUG: Detected potential medical scan
2025-09-10 06:39:17 - [INFO] - DEBUG: High aspect ratio (4.0), checking for rotation...
2025-09-10 06:39:17 - [INFO] - DEBUG: Rotation did not improve, keeping original orientation
2025-09-10 06:39:17 - [INFO] - PIL Image finalized - size: (256, 1024)
2025-09-10 06:39:17 - [INFO] - DEBUG: Original dimensions: 256x1024
2025-09-10 06:39:17 - [INFO] - DEBUG: Tall image - resize to 70x280
2025-09-10 06:39:17 - [INFO] - DEBUG: Final resize dimensions: 70x280
2025-09-10 06:39:17 - [INFO] - DEBUG: Using NEAREST resampling for medical image
2025-09-10 06:39:17 - [INFO] - Image resized
2025-09-10 06:39:17 - [INFO] - QPixmap created successfully
2025-09-10 06:39:17 - [INFO] - DEBUG: Updating display...
2025-09-10 06:39:17 - [INFO] - DEBUG: Using Smooth transformation for medical image
2025-09-10 06:39:17 - [INFO] - ZoomableImageLabel initialized successfully
2025-09-10 06:39:17 - [INFO] - 
2025-09-10 06:39:17 - [INFO] - FRAME 0 AUTO-SELECTION DEBUG:
2025-09-10 06:39:17 - [INFO] - detected_bg: 'black'
2025-09-10 06:39:17 - [INFO] - pixel_analysis exists: True
2025-09-10 06:39:17 - [INFO] - analysis.background_type: 'black'
2025-09-10 06:39:17 - [INFO] - analysis.confidence: 80%
2025-09-10 06:39:17 - [INFO] - corner_mean: 0.0
2025-09-10 06:39:17 - [INFO] - edge_mean: 0.1328125
2025-09-10 06:39:17 - [INFO] - image_mean: 14.830646514892578
2025-09-10 06:39:17 - [INFO] - AUTO-SELECTED: BLACK background radio button
2025-09-10 06:39:17 - [INFO] - Final state - Black checked: True
2025-09-10 06:39:17 - [INFO] - Final state - White checked: False
2025-09-10 06:39:17 - [INFO] - DEBUG: Connecting signals for frame 0...
2025-09-10 06:39:17 - [INFO] - FrameWidget setup completed for frame 0
2025-09-10 06:39:17 - [INFO] - DEBUG: Initializing FrameWidget for frame 1 from 5002_1.dcm
2025-09-10 06:39:17 - [INFO] - DEBUG: Setting up UI for frame 1...
2025-09-10 06:39:17 - [INFO] - DEBUG: ZoomableImageLabel init - shape: (1024, 256), dtype: uint16
2025-09-10 06:39:17 - [INFO] - DEBUG: Medical image detected: True
2025-09-10 06:39:17 - [INFO] - DEBUG: Creating pixmap...
2025-09-10 06:39:17 - [INFO] - DEBUG: Starting pixmap creation - shape: (1024, 256)
2025-09-10 06:39:17 - [INFO] - DEBUG: Frame data copied - dtype: uint16
2025-09-10 06:39:17 - [INFO] - DEBUG: Converting from uint16 to uint8...
2025-09-10 06:39:17 - [INFO] - DEBUG: Data range: 0 to 109
2025-09-10 06:39:17 - [INFO] - Normalization completed
2025-09-10 06:39:17 - [INFO] - DEBUG: Final frame dimensions: 256x1024
2025-09-10 06:39:17 - [INFO] - DEBUG: Enhancing medical image display...
2025-09-10 06:39:17 - [INFO] - Image already uint8, no enhancement needed
2025-09-10 06:39:17 - [INFO] - Medical image enhancement applied
2025-09-10 06:39:17 - [INFO] - DEBUG: Creating PIL Image...
2025-09-10 06:39:17 - [INFO] - PIL Image created
2025-09-10 06:39:17 - [INFO] - DEBUG: Detected potential medical scan
2025-09-10 06:39:17 - [INFO] - DEBUG: High aspect ratio (4.0), checking for rotation...
2025-09-10 06:39:17 - [INFO] - DEBUG: Rotation did not improve, keeping original orientation
2025-09-10 06:39:17 - [INFO] - PIL Image finalized - size: (256, 1024)
2025-09-10 06:39:17 - [INFO] - DEBUG: Original dimensions: 256x1024
2025-09-10 06:39:17 - [INFO] - DEBUG: Tall image - resize to 70x280
2025-09-10 06:39:17 - [INFO] - DEBUG: Final resize dimensions: 70x280
2025-09-10 06:39:17 - [INFO] - DEBUG: Using NEAREST resampling for medical image
2025-09-10 06:39:17 - [INFO] - Image resized
2025-09-10 06:39:17 - [INFO] - QPixmap created successfully
2025-09-10 06:39:17 - [INFO] - DEBUG: Updating display...
2025-09-10 06:39:17 - [INFO] - DEBUG: Using Smooth transformation for medical image
2025-09-10 06:39:17 - [INFO] - ZoomableImageLabel initialized successfully
2025-09-10 06:39:17 - [INFO] - 
2025-09-10 06:39:17 - [INFO] - FRAME 1 AUTO-SELECTION DEBUG:
2025-09-10 06:39:17 - [INFO] - detected_bg: 'black'
2025-09-10 06:39:17 - [INFO] - pixel_analysis exists: True
2025-09-10 06:39:17 - [INFO] - analysis.background_type: 'black'
2025-09-10 06:39:17 - [INFO] - analysis.confidence: 80%
2025-09-10 06:39:17 - [INFO] - corner_mean: 0.0
2025-09-10 06:39:17 - [INFO] - edge_mean: 0.1546875
2025-09-10 06:39:17 - [INFO] - image_mean: 16.546653747558594
2025-09-10 06:39:17 - [INFO] - AUTO-SELECTED: BLACK background radio button
2025-09-10 06:39:17 - [INFO] - Final state - Black checked: True
2025-09-10 06:39:17 - [INFO] - Final state - White checked: False
2025-09-10 06:39:17 - [INFO] - DEBUG: Connecting signals for frame 1...
2025-09-10 06:39:17 - [INFO] - FrameWidget setup completed for frame 1
2025-09-10 06:39:17 - [INFO] - UI setup completed for 5002_1.dcm
2025-09-10 06:39:17 - [INFO] - DEBUG: Widget created successfully, connecting signals...
2025-09-10 06:39:17 - [INFO] - DEBUG: Signals connected, adding to layout...
2025-09-10 06:39:17 - [INFO] - Successfully created widget for 5002_1.dcm
2025-09-10 06:39:17 - [INFO] - 📊 Widget creation summary:
2025-09-10 06:39:17 - [INFO] - Success: 1
2025-09-10 06:39:17 - [INFO] - Errors: 0
2025-09-10 06:39:17 - [INFO] - Auto-configured: 1
2025-09-10 06:39:17 - [INFO] - Manual required: 0
2025-09-10 06:39:17 - [INFO] - DEBUG: Widget setup completed, updating validation...
2025-09-10 06:39:17 - [INFO] - DEBUG: Validating 1 widgets...
2025-09-10 06:39:17 - [INFO] - DEBUG: Validating widget 1/1...
2025-09-10 06:39:17 - [INFO] - DICOM widgets setup completed successfully
2025-09-10 06:39:23 - [INFO] - DEBUG: Using Smooth transformation for medical image
2025-09-10 06:39:23 - [INFO] - DEBUG: Using Smooth transformation for medical image
2025-09-10 06:39:24 - [INFO] - DEBUG: Using Smooth transformation for medical image
2025-09-10 06:39:24 - [INFO] - DEBUG: Using Smooth transformation for medical image
2025-09-10 06:39:24 - [INFO] - DEBUG: Using Smooth transformation for medical image
2025-09-10 06:39:28 - [INFO] - DEBUG: Dialog finished, cleaning up...
2025-09-10 06:39:28 - [INFO] - DEBUG: View dialog result: 0
2025-09-10 06:39:28 - [INFO] -  View configuration cancelled
2025-09-10 06:39:28 - [INFO] - [DEBUG] Import dialog cancelled
2025-09-10 06:40:07 - [DEBUG] - STREAM b'IHDR' 16 13
2025-09-10 06:40:07 - [DEBUG] - STREAM b'IDAT' 41 65536
2025-09-10 06:40:07 - [INFO] - [DEBUG] simple_invert_image: input shape = (1024, 256), dtype = uint8
2025-09-10 06:40:07 - [INFO] - [DEBUG] Simple inversion completed: [0-255] -> [0-255]
2025-09-10 06:40:07 - [INFO] - [HOTSPOT LOAD] Loading mask for ant
2025-09-10 06:40:07 - [INFO] - [HOTSPOT LOAD] Classification PNG: F:\projek dosen\prototype riset\hotspot-analyzer\data\PLANAR\NSY\0001158915\20241204\20250826\ant_hotspot_classification_011055.png
2025-09-10 06:40:07 - [INFO] - [HOTSPOT LOAD] XML file: F:\projek dosen\prototype riset\hotspot-analyzer\data\PLANAR\NSY\0001158915\20241204\20250826\ant_hotspot_classification_011055.xml
2025-09-10 06:40:07 - [INFO] - [HOTSPOT LOAD] PNG exists: True
2025-09-10 06:40:07 - [INFO] - [HOTSPOT LOAD] XML exists: True
2025-09-10 06:40:07 - [INFO] - ✓ Loading NEWEST classification mask from: ant_hotspot_classification_011055.png
2025-09-10 06:40:07 - [DEBUG] - STREAM b'IHDR' 16 13
2025-09-10 06:40:07 - [DEBUG] - STREAM b'IDAT' 41 1000
2025-09-10 06:40:07 - [INFO] - ✓ Loaded classification mask from: F:\projek dosen\prototype riset\hotspot-analyzer\data\PLANAR\NSY\0001158915\20241204\20250826\ant_hotspot_classification_011055.png
2025-09-10 06:40:07 - [DEBUG] - STREAM b'IHDR' 16 13
2025-09-10 06:40:07 - [DEBUG] - STREAM b'IDAT' 41 5158
2025-09-10 06:40:07 - [DEBUG] - STREAM b'IHDR' 16 13
2025-09-10 06:40:07 - [DEBUG] - STREAM b'IDAT' 41 5158
2025-09-10 06:40:07 - [INFO] - Keyboard shortcuts setup: Ctrl+Z (Undo), Ctrl+Y (Redo)
2025-09-10 06:40:07 - [INFO] - 🔗 [DEBUG CONNECTION] Connecting hotspot editor signal...
2025-09-10 06:40:07 - [INFO] - 🔗 [DEBUG CONNECTION]   Hotspot editor signal connected!
2025-09-10 06:40:25 - [INFO] - Save paths initialized:
2025-09-10 06:40:25 - [INFO] - Base: F:\projek dosen\prototype riset\hotspot-analyzer\data\PLANAR\NSY\0001158915\20241204
2025-09-10 06:40:25 - [INFO] - Save dir: F:\projek dosen\prototype riset\hotspot-analyzer\data\PLANAR\NSY\0001158915\20241204\20250910
2025-09-10 06:40:25 - [INFO] - PNG: ant_hotspot_classification_064025.png
2025-09-10 06:40:25 - [INFO] - XML: ant_hotspot_classification_064025.xml
2025-09-10 06:40:25 - [INFO] - [PROGRESS] 10% - Preparing classification data...
2025-09-10 06:40:25 - [INFO] - [PROGRESS] 30% - Saving classification mask...
2025-09-10 06:40:25 - [INFO] - [PROGRESS] 50% - Generating XML annotations...
2025-09-10 06:40:25 - [INFO] - [XML] Converted Malignant (UI) -> abnormal (XML) for bbox at (63,74)
2025-09-10 06:40:25 - [INFO] - [XML] Converted Malignant (UI) -> abnormal (XML) for bbox at (180,129)
2025-09-10 06:40:25 - [INFO] - [XML] Converted Benign (UI) -> normal (XML) for bbox at (129,70)
2025-09-10 06:40:25 - [INFO] - [XML] Saved as <name>Abnormal</name> (from UI: Malignant)
2025-09-10 06:40:25 - [INFO] - [XML] Saved as <name>Abnormal</name> (from UI: Malignant)
2025-09-10 06:40:25 - [INFO] - [XML] Saved as <name>Normal</name> (from UI: Benign)
2025-09-10 06:40:25 - [INFO] - [XML SAVE] Saved classification XML: F:\projek dosen\prototype riset\hotspot-analyzer\data\PLANAR\NSY\0001158915\20241204\20250910\ant_hotspot_classification_064025.xml
2025-09-10 06:40:25 - [INFO] - [PROGRESS] 80% - Running quantification...
2025-09-10 06:40:25 - [INFO] - [SESSION] Found session code from config: NSY
2025-09-10 06:40:25 - [INFO] - [PROCESSING] Running V1.2 quantification for patient 0001158915 in session NSY
2025-09-10 06:40:25 - [INFO] - [LOG]
2025-09-10 06:40:25 - [INFO] - Starting V1.2 BSI quantification for patient 0001158915
2025-09-10 06:40:25 - [INFO] - [LOG]
2025-09-10 06:40:25 - [INFO] - New workflow: Color-based segmentation + Single/Dual view processing
2025-09-10 06:40:25 - [INFO] - 
2025-09-10 06:40:25 - [INFO] - 🔧 [DEBUG WRAPPER GANTENG] ===================
2025-09-10 06:40:25 - [INFO] - 🔧 [DEBUG WRAPPER] Getting quantification input paths:
2025-09-10 06:40:25 - [INFO] - 🔧 [DEBUG WRAPPER]   Patient folder: F:\projek dosen\prototype riset\hotspot-analyzer\data\PLANAR\NSY\0001158915\20241204
2025-09-10 06:40:25 - [INFO] - 🔧 [DEBUG WRAPPER]   Filename stem: 0001158915_20241204
2025-09-10 06:40:25 - [INFO] - 🔧 [DEBUG WRAPPER]   Folder exists: True
2025-09-10 06:40:25 - [INFO] - 🔧 [DEBUG WRAPPER] Classification files:
2025-09-10 06:40:25 - [INFO] - 🔧 [DEBUG WRAPPER]   Anterior mask: True
2025-09-10 06:40:25 - [INFO] - 🔧 [DEBUG WRAPPER]   Posterior mask: False
2025-09-10 06:40:25 - [INFO] - 🔧 [DEBUG WRAPPER] Segmentation files:
2025-09-10 06:40:25 - [INFO] - 🔧 [DEBUG WRAPPER]   Anterior seg: True
2025-09-10 06:40:25 - [INFO] - 🔧 [DEBUG WRAPPER]   Posterior seg: True
2025-09-10 06:40:25 - [INFO] - [DEBUG QUANT FILES] Getting quantification files for: F:\projek dosen\prototype riset\hotspot-analyzer\data\PLANAR\NSY\0001158915\20241204
2025-09-10 06:40:25 - [INFO] - [DEBUG QUANT FILES] Detected study_date folder: F:\projek dosen\prototype riset\hotspot-analyzer\data\PLANAR\NSY\0001158915\20241204
2025-09-10 06:40:25 - [INFO] - [DEBUG QUANT FILES] Generated paths:
2025-09-10 06:40:25 - [INFO] - [DEBUG QUANT FILES]   bsi_json_ant: F:\projek dosen\prototype riset\hotspot-analyzer\data\PLANAR\NSY\0001158915\20241204\bsi_quantification_ant.json (exists: True)
2025-09-10 06:40:25 - [INFO] - [DEBUG QUANT FILES]   bsi_json_post: F:\projek dosen\prototype riset\hotspot-analyzer\data\PLANAR\NSY\0001158915\20241204\bsi_quantification_post.json (exists: False)
2025-09-10 06:40:25 - [INFO] - 🔧 [DEBUG WRAPPER] Final paths:
2025-09-10 06:40:25 - [INFO] - 🔧 [DEBUG WRAPPER]   segmentation_anterior: F:\projek dosen\prototype riset\hotspot-analyzer\data\PLANAR\NSY\0001158915\20241204\20250826\ant_segm_011039.png (exists: True)
2025-09-10 06:40:25 - [INFO] - 🔧 [DEBUG WRAPPER]   segmentation_posterior: F:\projek dosen\prototype riset\hotspot-analyzer\data\PLANAR\NSY\0001158915\20241204\post_segm.png (exists: True)
2025-09-10 06:40:25 - [INFO] - 🔧 [DEBUG WRAPPER]   hotspot_anterior: F:\projek dosen\prototype riset\hotspot-analyzer\data\PLANAR\NSY\0001158915\20241204\20250910\ant_hotspot_classification_064025.png (exists: True)
2025-09-10 06:40:25 - [INFO] - 🔧 [DEBUG WRAPPER]   hotspot_posterior: F:\projek dosen\prototype riset\hotspot-analyzer\data\PLANAR\NSY\0001158915\20241204\post_hotspot_classification.png (exists: False)
2025-09-10 06:40:25 - [INFO] - 🔧 [DEBUG WRAPPER]   output_anterior: F:\projek dosen\prototype riset\hotspot-analyzer\data\PLANAR\NSY\0001158915\20241204\bsi_quantification_ant.json (exists: True)
2025-09-10 06:40:25 - [INFO] - 🔧 [DEBUG WRAPPER]   output_posterior: F:\projek dosen\prototype riset\hotspot-analyzer\data\PLANAR\NSY\0001158915\20241204\bsi_quantification_post.json (exists: False)
2025-09-10 06:40:25 - [INFO] - [LOG]
2025-09-10 06:40:25 - [INFO] - File availability check:
2025-09-10 06:40:25 - [INFO] - [LOG]
2025-09-10 06:40:25 - [INFO] - Anterior pair available: True
2025-09-10 06:40:25 - [INFO] - [LOG]
2025-09-10 06:40:25 - [INFO] - Posterior pair available: False
2025-09-10 06:40:25 - [INFO] - [LOG]
2025-09-10 06:40:25 - [INFO] - [INFO] Some files missing (but proceeding): hotspot_posterior (post_hotspot_classification.png)
2025-09-10 06:40:25 - [INFO] - [LOG]
2025-09-10 06:40:25 - [INFO] - Processing V1.2 quantification with color-based segmentation...
2025-09-10 06:40:25 - [INFO] - [LOG]
2025-09-10 06:40:25 - [INFO] - Processing anterior view...
2025-09-10 06:40:26 - [INFO] - [LOG]
2025-09-10 06:40:26 - [INFO] - Anterior processing completed
2025-09-10 06:40:26 - [INFO] - [LOG]
2025-09-10 06:40:26 - [INFO] - ⏭️ Skipping posterior view (files not available)
2025-09-10 06:40:26 - [INFO] - [LOG]
2025-09-10 06:40:26 - [INFO] - Calculating BSI scores...
2025-09-10 06:40:26 - [INFO] - [LOG]
2025-09-10 06:40:26 - [INFO] - Scenario: Only anterior view available
2025-09-10 06:40:26 - [INFO] - [LOG]
2025-09-10 06:40:26 - [INFO] - Single-view (anterior) BSI quantification completed
2025-09-10 06:40:26 - [INFO] - [LOG]
2025-09-10 06:40:26 - [INFO] - Anterior BSI: 0.373
2025-09-10 06:40:26 - [INFO] - [LOG]
2025-09-10 06:40:26 - [INFO] - Note: Posterior files not available
2025-09-10 06:40:26 - [INFO] - [LOG]
2025-09-10 06:40:26 - [INFO] - Results saved to patient folder
2025-09-10 06:40:26 - [INFO] - [PROCESSING]   V1.2 quantification completed for 0001158915
2025-09-10 06:40:26 - [INFO] - [DEBUG] save_completed signal emitted: 336 chars
2025-09-10 06:40:26 - [INFO] - [PROGRESS] 100% - Save completed!
2025-09-10 06:40:26 - [INFO] - [DEBUG] Progress 100% reached, dialog will close soon
2025-09-10 06:40:26 - [INFO] - [DEBUG] Loading dialog closed and deleted
2025-09-10 06:40:26 - [INFO] - Editing time logged to 'time_editing.csv': 00:00:18:205 for patient 0001158915
2025-09-10 06:40:26 - [INFO] - [DEBUG] Emitting editor_completed signal
2025-09-10 06:40:26 - [INFO] - [DEBUG SIGNAL] ===================
2025-09-10 06:40:26 - [INFO] - [DEBUG SIGNAL] _on_editor_completed() called!
2025-09-10 06:40:26 - [INFO] - [DEBUG SIGNAL] Editor completion signal received
2025-09-10 06:40:26 - [INFO] - [DEBUG SIGNAL] Patient: 0001158915, Session: NSY
2025-09-10 06:40:26 - [INFO] - [DEBUG SIGNAL] Clearing timeline cache...
2025-09-10 06:40:26 - [INFO] - [CACHE CLEAR] Cleared 0 layer cache entries
2025-09-10 06:40:26 - [INFO] - [CACHE CLEAR] Cleared zoom cache (0 labels)
2025-09-10 06:40:26 - [INFO] - [DEBUG SIGNAL]   Timeline cache cleared
2025-09-10 06:40:26 - [INFO] - [DEBUG SIGNAL] Clearing patient cache: 0001158915_NSY
2025-09-10 06:40:26 - [INFO] - [DEBUG SIGNAL]   Patient cache cleared
2025-09-10 06:40:26 - [INFO] - [DEBUG SIGNAL] Reloading patient data...
2025-09-10 06:40:26 - [INFO] - [DEBUG] Loading patient: 0001158915 from session: NSY
2025-09-10 06:40:26 - [INFO] - [CACHE DEBUG] Cache key: 0001158915_NSY
2025-09-10 06:40:26 - [INFO] - [CACHE DEBUG] Existing cache keys: []
2025-09-10 06:40:26 - [INFO] - [DEBUG] Loading scans for 0001158915_NSY from disk...
2025-09-10 06:40:27 - [INFO] - [DEBUG] Found 1 DICOM files for patient 0001158915
2025-09-10 06:40:27 - [INFO] - [DEBUG] Enriched scan data for: ANT001_DS.dcm
2025-09-10 06:40:27 - [INFO] - [DEBUG] Scan files for 0001158915_20241204:
2025-09-10 06:40:27 - [INFO] - [DEBUG] Available files: None
2025-09-10 06:40:27 - [INFO] - [DEBUG] Available PNG files for 0001158915_20241204: None
2025-09-10 06:40:27 - [INFO] - [DEBUG] Saving 1 scans to cache for 0001158915_NSY
2025-09-10 06:40:27 - [INFO] - [DEBUG] Layers changed to: []
2025-09-10 06:40:27 - [INFO] - [SMART UPDATE] Change type: layers
2025-09-10 06:40:27 - [INFO] - [SMART UPDATE] Layers removed: ['Image']
2025-09-10 06:40:27 - [INFO] - [DEBUG] Timeline active layers set to: []
2025-09-10 06:40:27 - [INFO] - [SMART UPDATE] Full rebuild required for change type: layers
2025-09-10 06:40:27 - [INFO] - [DEBUG] Rebuilding timeline for active scan index: 0
2025-09-10 06:40:27 - [INFO] - [DEBUG] Creating CLASSIFICATION card 0 for view: Anterior
2025-09-10 06:40:27 - [INFO] - [DEBUG] Active layers selected: []
2025-09-10 06:40:27 - [INFO] - [DEBUG] DICOM path: F:\projek dosen\prototype riset\hotspot-analyzer\data\PLANAR\NSY\0001158915\20241204\ANT001_DS.dcm
2025-09-10 06:40:27 - [INFO] - [DEBUG] Current view: Anterior
2025-09-10 06:40:27 - [INFO] - [CACHE DEBUG] use_cache=False
2025-09-10 06:40:27 - [INFO] - [CACHE DEBUG] has_adjustments=False (B=0.00, C=1.00)
2025-09-10 06:40:27 - [INFO] - [CACHE DEBUG] has_overrides=False (override_b=None, override_c=None)
2025-09-10 06:40:27 - [INFO] - [CACHE DEBUG] invert_original=True
2025-09-10 06:40:27 - [INFO] - [CACHE SKIP] Skipping cache due to adjustments/overrides/invert
2025-09-10 06:40:27 - [INFO] - [DEBUG] Path extraction: session=NSY, patient=0001158915, study_date=20241204
2025-09-10 06:40:27 - [INFO] - [DEBUG] Extracted patient info - ID: 0001158915, Session: NSY
2025-09-10 06:40:27 - [INFO] - [DEBUG] Original path: F:\projek dosen\prototype riset\hotspot-analyzer\data\PLANAR\NSY\0001158915\20241204\ANT001_DS.dcm
2025-09-10 06:40:27 - [INFO] - [DEBUG] Study date: 20241204
2025-09-10 06:40:27 - [INFO] - [DEBUG] Patient ID: 0001158915
2025-09-10 06:40:27 - [INFO] - [DEBUG] Session code: NSY
2025-09-10 06:40:27 - [INFO] - [DEBUG] Study date folder: F:\projek dosen\prototype riset\hotspot-analyzer\data\PLANAR\NSY\0001158915\20241204
2025-09-10 06:40:27 - [INFO] - [DEBUG] Loading original image for Anterior
2025-09-10 06:40:27 - [INFO] - [DEBUG] Looking for original PNG in study_date dir: F:\projek dosen\prototype riset\hotspot-analyzer\data\PLANAR\NSY\0001158915\20241204\ant_original.png
2025-09-10 06:40:27 - [DEBUG] - STREAM b'IHDR' 16 13
2025-09-10 06:40:27 - [DEBUG] - STREAM b'IDAT' 41 65536
2025-09-10 06:40:27 - [INFO] - [DEBUG] Loaded original PNG from study_date dir: (256, 1024)
2025-09-10 06:40:27 - [INFO] - [DEBUG] Original image loaded: (256, 1024)
2025-09-10 06:40:27 - [INFO] - [DEBUG] Applying invert to original image
2025-09-10 06:40:27 - [INFO] - [DEBUG] simple_invert_pil_image: Processing L image, size = (256, 1024)
2025-09-10 06:40:27 - [INFO] - [DEBUG] simple_invert_image: input shape = (1024, 256), dtype = uint8
2025-09-10 06:40:27 - [INFO] - [DEBUG] Simple inversion completed: [0-255] -> [0-255]
2025-09-10 06:40:27 - [INFO] - [DEBUG] simple_invert_pil_image: completed
2025-09-10 06:40:27 - [INFO] - [DEBUG] Using STORED B/C values: B=0.00, C=1.00
2025-09-10 06:40:27 - [INFO] - [DEBUG]   Image layer loaded and processed
2025-09-10 06:40:27 - [INFO] - [DEBUG] Loading segmentation layer for Anterior
2025-09-10 06:40:27 - [INFO] - [DEBUG] Looking for segmentation (NEWEST): F:\projek dosen\prototype riset\hotspot-analyzer\data\PLANAR\NSY\0001158915\20241204\20250826\ant_segm_011039.png
2025-09-10 06:40:27 - [DEBUG] - STREAM b'IHDR' 16 13
2025-09-10 06:40:27 - [DEBUG] - STREAM b'IDAT' 41 5158
2025-09-10 06:40:27 - [INFO] - [DEBUG]   Loaded segmentation with transparency: F:\projek dosen\prototype riset\hotspot-analyzer\data\PLANAR\NSY\0001158915\20241204\20250826\ant_segm_011039.png
2025-09-10 06:40:27 - [INFO] - [DEBUG] Segmentation type: EDITED
2025-09-10 06:40:27 - [INFO] - [DEBUG] Loading hotspot layer for Anterior
2025-09-10 06:40:27 - [INFO] - [DEBUG] Looking for hotspot classification (NEWEST): F:\projek dosen\prototype riset\hotspot-analyzer\data\PLANAR\NSY\0001158915\20241204\20250910\ant_hotspot_classification_064025.png
2025-09-10 06:40:27 - [DEBUG] - STREAM b'IHDR' 16 13
2025-09-10 06:40:27 - [DEBUG] - STREAM b'IDAT' 41 1077
2025-09-10 06:40:27 - [INFO] - [DEBUG]   Loaded hotspot layer: F:\projek dosen\prototype riset\hotspot-analyzer\data\PLANAR\NSY\0001158915\20241204\20250910\ant_hotspot_classification_064025.png
2025-09-10 06:40:27 - [INFO] - [DEBUG] Hotspot type: EDITED
2025-09-10 06:40:27 - [INFO] - [DEBUG] Loading bbox layer for Anterior
2025-09-10 06:40:27 - [INFO] - [DEBUG] Looking for classification XML (NEWEST): F:\projek dosen\prototype riset\hotspot-analyzer\data\PLANAR\NSY\0001158915\20241204\20250910\ant_hotspot_classification_064025.xml
2025-09-10 06:40:27 - [INFO] - [DEBUG] Loading CLASSIFICATION XML for bbox: F:\projek dosen\prototype riset\hotspot-analyzer\data\PLANAR\NSY\0001158915\20241204\20250910\ant_hotspot_classification_064025.xml
2025-09-10 06:40:27 - [INFO] - [DEBUG] Drew CLASSIFICATION Abnormal bbox: (63,74) -> (72,84)
2025-09-10 06:40:27 - [INFO] - [DEBUG] Drew CLASSIFICATION Abnormal bbox: (180,129) -> (213,158)
2025-09-10 06:40:27 - [INFO] - [DEBUG] Drew CLASSIFICATION Normal bbox: (129,70) -> (152,87)
2025-09-10 06:40:27 - [INFO] - [DEBUG]   Created CLASSIFICATION bbox visualization with 3 boxes
2025-09-10 06:40:27 - [INFO] - [DEBUG]   Loaded bbox layer: F:\projek dosen\prototype riset\hotspot-analyzer\data\PLANAR\NSY\0001158915\20241204\20250910\ant_hotspot_classification_064025.xml
2025-09-10 06:40:27 - [INFO] - [DEBUG] BBox XML type: EDITED
2025-09-10 06:40:27 - [INFO] - [CACHE STORE] Not caching due to adjustments/overrides/invert
2025-09-10 06:40:27 - [INFO] - [DEBUG]   Loaded 4 layers for Anterior: ['Image', 'Segmentation', 'Hotspot', 'HotspotBBox']
2025-09-10 06:40:27 - [INFO] - [DEBUG] Available CLASSIFICATION layers in files: ['Image', 'Segmentation', 'Hotspot', 'HotspotBBox']
2025-09-10 06:40:27 - [INFO] - [DEBUG] Creating CLASSIFICATION card 0 for view: Posterior
2025-09-10 06:40:27 - [INFO] - [DEBUG] Active layers selected: []
2025-09-10 06:40:27 - [INFO] - [DEBUG] DICOM path: F:\projek dosen\prototype riset\hotspot-analyzer\data\PLANAR\NSY\0001158915\20241204\ANT001_DS.dcm
2025-09-10 06:40:27 - [INFO] - [DEBUG] Current view: Posterior
2025-09-10 06:40:27 - [INFO] - [CACHE DEBUG] use_cache=False
2025-09-10 06:40:27 - [INFO] - [CACHE DEBUG] has_adjustments=False (B=0.00, C=1.00)
2025-09-10 06:40:27 - [INFO] - [CACHE DEBUG] has_overrides=False (override_b=None, override_c=None)
2025-09-10 06:40:27 - [INFO] - [CACHE DEBUG] invert_original=True
2025-09-10 06:40:27 - [INFO] - [CACHE SKIP] Skipping cache due to adjustments/overrides/invert
2025-09-10 06:40:27 - [INFO] - [DEBUG] Path extraction: session=NSY, patient=0001158915, study_date=20241204
2025-09-10 06:40:27 - [INFO] - [DEBUG] Extracted patient info - ID: 0001158915, Session: NSY
2025-09-10 06:40:27 - [INFO] - [DEBUG] Original path: F:\projek dosen\prototype riset\hotspot-analyzer\data\PLANAR\NSY\0001158915\20241204\ANT001_DS.dcm
2025-09-10 06:40:27 - [INFO] - [DEBUG] Study date: 20241204
2025-09-10 06:40:27 - [INFO] - [DEBUG] Patient ID: 0001158915
2025-09-10 06:40:27 - [INFO] - [DEBUG] Session code: NSY
2025-09-10 06:40:27 - [INFO] - [DEBUG] Study date folder: F:\projek dosen\prototype riset\hotspot-analyzer\data\PLANAR\NSY\0001158915\20241204
2025-09-10 06:40:27 - [INFO] - [DEBUG] Loading original image for Posterior
2025-09-10 06:40:27 - [INFO] - [DEBUG] Looking for original PNG in study_date dir: F:\projek dosen\prototype riset\hotspot-analyzer\data\PLANAR\NSY\0001158915\20241204\post_original.png
2025-09-10 06:40:27 - [DEBUG] - STREAM b'IHDR' 16 13
2025-09-10 06:40:27 - [DEBUG] - STREAM b'IDAT' 41 65536
2025-09-10 06:40:27 - [INFO] - [DEBUG] Loaded original PNG from study_date dir: (256, 1024)
2025-09-10 06:40:27 - [INFO] - [DEBUG] Original image loaded: (256, 1024)
2025-09-10 06:40:27 - [INFO] - [DEBUG] Applying invert to original image
2025-09-10 06:40:27 - [INFO] - [DEBUG] simple_invert_pil_image: Processing L image, size = (256, 1024)
2025-09-10 06:40:27 - [INFO] - [DEBUG] simple_invert_image: input shape = (1024, 256), dtype = uint8
2025-09-10 06:40:27 - [INFO] - [DEBUG] Simple inversion completed: [0-255] -> [0-255]
2025-09-10 06:40:27 - [INFO] - [DEBUG] simple_invert_pil_image: completed
2025-09-10 06:40:27 - [INFO] - [DEBUG] Using STORED B/C values: B=0.00, C=1.00
2025-09-10 06:40:27 - [INFO] - [DEBUG]   Image layer loaded and processed
2025-09-10 06:40:27 - [INFO] - [DEBUG] Loading segmentation layer for Posterior
2025-09-10 06:40:27 - [INFO] - [DEBUG] Looking for segmentation (NEWEST): F:\projek dosen\prototype riset\hotspot-analyzer\data\PLANAR\NSY\0001158915\20241204\post_segm.png
2025-09-10 06:40:27 - [DEBUG] - STREAM b'IHDR' 16 13
2025-09-10 06:40:27 - [DEBUG] - STREAM b'IDAT' 41 4625
2025-09-10 06:40:27 - [INFO] - [DEBUG]   Loaded segmentation with transparency: F:\projek dosen\prototype riset\hotspot-analyzer\data\PLANAR\NSY\0001158915\20241204\post_segm.png
2025-09-10 06:40:27 - [INFO] - [DEBUG] Segmentation type: ORIGINAL
2025-09-10 06:40:27 - [INFO] - [DEBUG] Loading hotspot layer for Posterior
2025-09-10 06:40:27 - [INFO] - [DEBUG] Looking for hotspot classification (NEWEST): F:\projek dosen\prototype riset\hotspot-analyzer\data\PLANAR\NSY\0001158915\20241204\post_hotspot_classification.png
2025-09-10 06:40:27 - [INFO] - [DEBUG] No hotspot classification found: F:\projek dosen\prototype riset\hotspot-analyzer\data\PLANAR\NSY\0001158915\20241204\post_hotspot_classification.png
2025-09-10 06:40:27 - [INFO] - [DEBUG] Loading bbox layer for Posterior
2025-09-10 06:40:27 - [INFO] - [DEBUG] Looking for classification XML (NEWEST): F:\projek dosen\prototype riset\hotspot-analyzer\data\PLANAR\NSY\0001158915\20241204\post_hotspot_classification.xml
2025-09-10 06:40:27 - [INFO] - [DEBUG] No classification XML found: F:\projek dosen\prototype riset\hotspot-analyzer\data\PLANAR\NSY\0001158915\20241204\post_hotspot_classification.xml
2025-09-10 06:40:27 - [INFO] - [CACHE STORE] Not caching due to adjustments/overrides/invert
2025-09-10 06:40:27 - [INFO] - [DEBUG]   Loaded 2 layers for Posterior: ['Image', 'Segmentation']
2025-09-10 06:40:27 - [INFO] - [DEBUG] Available CLASSIFICATION layers in files: ['Image', 'Segmentation']
2025-09-10 06:40:27 - [INFO] - [SMART UPDATE] State updated - Type: full
2025-09-10 06:40:27 - [INFO] - [SMART UPDATE] State updated - Type: layers
2025-09-10 06:40:27 - [INFO] - [DEBUG] Path extraction: session=NSY, patient=0001158915, study_date=20241204
2025-09-10 06:40:27 - [INFO] - [DEBUG] Extracted patient info - ID: 0001158915, Session: NSY
2025-09-10 06:40:27 - [INFO] - [DEBUG] Original path: F:\projek dosen\prototype riset\hotspot-analyzer\data\PLANAR\NSY\0001158915\20241204\ANT001_DS.dcm
2025-09-10 06:40:27 - [INFO] - [EDIT BUTTONS] Has scan: True, Has seg data: True, Can edit hotspot: True
2025-09-10 06:40:27 - [INFO] - [EDIT BUTTONS] Seg button enabled: True, Hotspot button enabled: True
2025-09-10 06:40:27 - [INFO] - [SMART UPDATE] Change type: none
2025-09-10 06:40:27 - [INFO] - [DEBUG] Timeline active layers set to: []
2025-09-10 06:40:27 - [INFO] - [SMART UPDATE] No changes detected, skipping update
2025-09-10 06:40:27 - [INFO] - [DEBUG] Set Image opacity to 1.00
2025-09-10 06:40:27 - [INFO] - [SMART UPDATE] Change type: none
2025-09-10 06:40:27 - [INFO] - [SMART UPDATE] Using full rebuild for opacity change
2025-09-10 06:40:27 - [INFO] - [DEBUG] Rebuilding timeline for active scan index: 0
2025-09-10 06:40:27 - [INFO] - [DEBUG] Creating CLASSIFICATION card 0 for view: Anterior
2025-09-10 06:40:27 - [INFO] - [DEBUG] Active layers selected: []
2025-09-10 06:40:27 - [INFO] - [DEBUG] DICOM path: F:\projek dosen\prototype riset\hotspot-analyzer\data\PLANAR\NSY\0001158915\20241204\ANT001_DS.dcm
2025-09-10 06:40:27 - [INFO] - [DEBUG] Current view: Anterior
2025-09-10 06:40:27 - [INFO] - [CACHE DEBUG] use_cache=False
2025-09-10 06:40:27 - [INFO] - [CACHE DEBUG] has_adjustments=False (B=0.00, C=1.00)
2025-09-10 06:40:27 - [INFO] - [CACHE DEBUG] has_overrides=False (override_b=None, override_c=None)
2025-09-10 06:40:27 - [INFO] - [CACHE DEBUG] invert_original=True
2025-09-10 06:40:27 - [INFO] - [CACHE SKIP] Skipping cache due to adjustments/overrides/invert
2025-09-10 06:40:27 - [INFO] - [DEBUG] Path extraction: session=NSY, patient=0001158915, study_date=20241204
2025-09-10 06:40:27 - [INFO] - [DEBUG] Extracted patient info - ID: 0001158915, Session: NSY
2025-09-10 06:40:27 - [INFO] - [DEBUG] Original path: F:\projek dosen\prototype riset\hotspot-analyzer\data\PLANAR\NSY\0001158915\20241204\ANT001_DS.dcm
2025-09-10 06:40:27 - [INFO] - [DEBUG] Study date: 20241204
2025-09-10 06:40:27 - [INFO] - [DEBUG] Patient ID: 0001158915
2025-09-10 06:40:27 - [INFO] - [DEBUG] Session code: NSY
2025-09-10 06:40:27 - [INFO] - [DEBUG] Study date folder: F:\projek dosen\prototype riset\hotspot-analyzer\data\PLANAR\NSY\0001158915\20241204
2025-09-10 06:40:27 - [INFO] - [DEBUG] Loading original image for Anterior
2025-09-10 06:40:27 - [INFO] - [DEBUG] Looking for original PNG in study_date dir: F:\projek dosen\prototype riset\hotspot-analyzer\data\PLANAR\NSY\0001158915\20241204\ant_original.png
2025-09-10 06:40:27 - [DEBUG] - STREAM b'IHDR' 16 13
2025-09-10 06:40:27 - [DEBUG] - STREAM b'IDAT' 41 65536
2025-09-10 06:40:27 - [INFO] - [DEBUG] Loaded original PNG from study_date dir: (256, 1024)
2025-09-10 06:40:27 - [INFO] - [DEBUG] Original image loaded: (256, 1024)
2025-09-10 06:40:27 - [INFO] - [DEBUG] Applying invert to original image
2025-09-10 06:40:27 - [INFO] - [DEBUG] simple_invert_pil_image: Processing L image, size = (256, 1024)
2025-09-10 06:40:27 - [INFO] - [DEBUG] simple_invert_image: input shape = (1024, 256), dtype = uint8
2025-09-10 06:40:27 - [INFO] - [DEBUG] Simple inversion completed: [0-255] -> [0-255]
2025-09-10 06:40:27 - [INFO] - [DEBUG] simple_invert_pil_image: completed
2025-09-10 06:40:27 - [INFO] - [DEBUG] Using STORED B/C values: B=0.00, C=1.00
2025-09-10 06:40:27 - [INFO] - [DEBUG]   Image layer loaded and processed
2025-09-10 06:40:27 - [INFO] - [DEBUG] Loading segmentation layer for Anterior
2025-09-10 06:40:27 - [INFO] - [DEBUG] Looking for segmentation (NEWEST): F:\projek dosen\prototype riset\hotspot-analyzer\data\PLANAR\NSY\0001158915\20241204\20250826\ant_segm_011039.png
2025-09-10 06:40:27 - [DEBUG] - STREAM b'IHDR' 16 13
2025-09-10 06:40:27 - [DEBUG] - STREAM b'IDAT' 41 5158
2025-09-10 06:40:27 - [INFO] - [DEBUG]   Loaded segmentation with transparency: F:\projek dosen\prototype riset\hotspot-analyzer\data\PLANAR\NSY\0001158915\20241204\20250826\ant_segm_011039.png
2025-09-10 06:40:27 - [INFO] - [DEBUG] Segmentation type: EDITED
2025-09-10 06:40:27 - [INFO] - [DEBUG] Loading hotspot layer for Anterior
2025-09-10 06:40:27 - [INFO] - [DEBUG] Looking for hotspot classification (NEWEST): F:\projek dosen\prototype riset\hotspot-analyzer\data\PLANAR\NSY\0001158915\20241204\20250910\ant_hotspot_classification_064025.png
2025-09-10 06:40:27 - [DEBUG] - STREAM b'IHDR' 16 13
2025-09-10 06:40:27 - [DEBUG] - STREAM b'IDAT' 41 1077
2025-09-10 06:40:27 - [INFO] - [DEBUG]   Loaded hotspot layer: F:\projek dosen\prototype riset\hotspot-analyzer\data\PLANAR\NSY\0001158915\20241204\20250910\ant_hotspot_classification_064025.png
2025-09-10 06:40:27 - [INFO] - [DEBUG] Hotspot type: EDITED
2025-09-10 06:40:27 - [INFO] - [DEBUG] Loading bbox layer for Anterior
2025-09-10 06:40:27 - [INFO] - [DEBUG] Looking for classification XML (NEWEST): F:\projek dosen\prototype riset\hotspot-analyzer\data\PLANAR\NSY\0001158915\20241204\20250910\ant_hotspot_classification_064025.xml
2025-09-10 06:40:27 - [INFO] - [DEBUG] Loading CLASSIFICATION XML for bbox: F:\projek dosen\prototype riset\hotspot-analyzer\data\PLANAR\NSY\0001158915\20241204\20250910\ant_hotspot_classification_064025.xml
2025-09-10 06:40:27 - [INFO] - [DEBUG] Drew CLASSIFICATION Abnormal bbox: (63,74) -> (72,84)
2025-09-10 06:40:27 - [INFO] - [DEBUG] Drew CLASSIFICATION Abnormal bbox: (180,129) -> (213,158)
2025-09-10 06:40:27 - [INFO] - [DEBUG] Drew CLASSIFICATION Normal bbox: (129,70) -> (152,87)
2025-09-10 06:40:27 - [INFO] - [DEBUG]   Created CLASSIFICATION bbox visualization with 3 boxes
2025-09-10 06:40:27 - [INFO] - [DEBUG]   Loaded bbox layer: F:\projek dosen\prototype riset\hotspot-analyzer\data\PLANAR\NSY\0001158915\20241204\20250910\ant_hotspot_classification_064025.xml
2025-09-10 06:40:27 - [INFO] - [DEBUG] BBox XML type: EDITED
2025-09-10 06:40:27 - [INFO] - [CACHE STORE] Not caching due to adjustments/overrides/invert
2025-09-10 06:40:27 - [INFO] - [DEBUG]   Loaded 4 layers for Anterior: ['Image', 'Segmentation', 'Hotspot', 'HotspotBBox']
2025-09-10 06:40:27 - [INFO] - [DEBUG] Available CLASSIFICATION layers in files: ['Image', 'Segmentation', 'Hotspot', 'HotspotBBox']
2025-09-10 06:40:27 - [INFO] - [DEBUG] Creating CLASSIFICATION card 0 for view: Posterior
2025-09-10 06:40:27 - [INFO] - [DEBUG] Active layers selected: []
2025-09-10 06:40:27 - [INFO] - [DEBUG] DICOM path: F:\projek dosen\prototype riset\hotspot-analyzer\data\PLANAR\NSY\0001158915\20241204\ANT001_DS.dcm
2025-09-10 06:40:27 - [INFO] - [DEBUG] Current view: Posterior
2025-09-10 06:40:27 - [INFO] - [CACHE DEBUG] use_cache=False
2025-09-10 06:40:27 - [INFO] - [CACHE DEBUG] has_adjustments=False (B=0.00, C=1.00)
2025-09-10 06:40:27 - [INFO] - [CACHE DEBUG] has_overrides=False (override_b=None, override_c=None)
2025-09-10 06:40:27 - [INFO] - [CACHE DEBUG] invert_original=True
2025-09-10 06:40:27 - [INFO] - [CACHE SKIP] Skipping cache due to adjustments/overrides/invert
2025-09-10 06:40:27 - [INFO] - [DEBUG] Path extraction: session=NSY, patient=0001158915, study_date=20241204
2025-09-10 06:40:27 - [INFO] - [DEBUG] Extracted patient info - ID: 0001158915, Session: NSY
2025-09-10 06:40:27 - [INFO] - [DEBUG] Original path: F:\projek dosen\prototype riset\hotspot-analyzer\data\PLANAR\NSY\0001158915\20241204\ANT001_DS.dcm
2025-09-10 06:40:27 - [INFO] - [DEBUG] Study date: 20241204
2025-09-10 06:40:27 - [INFO] - [DEBUG] Patient ID: 0001158915
2025-09-10 06:40:27 - [INFO] - [DEBUG] Session code: NSY
2025-09-10 06:40:27 - [INFO] - [DEBUG] Study date folder: F:\projek dosen\prototype riset\hotspot-analyzer\data\PLANAR\NSY\0001158915\20241204
2025-09-10 06:40:27 - [INFO] - [DEBUG] Loading original image for Posterior
2025-09-10 06:40:27 - [INFO] - [DEBUG] Looking for original PNG in study_date dir: F:\projek dosen\prototype riset\hotspot-analyzer\data\PLANAR\NSY\0001158915\20241204\post_original.png
2025-09-10 06:40:27 - [DEBUG] - STREAM b'IHDR' 16 13
2025-09-10 06:40:27 - [DEBUG] - STREAM b'IDAT' 41 65536
2025-09-10 06:40:27 - [INFO] - [DEBUG] Loaded original PNG from study_date dir: (256, 1024)
2025-09-10 06:40:27 - [INFO] - [DEBUG] Original image loaded: (256, 1024)
2025-09-10 06:40:27 - [INFO] - [DEBUG] Applying invert to original image
2025-09-10 06:40:27 - [INFO] - [DEBUG] simple_invert_pil_image: Processing L image, size = (256, 1024)
2025-09-10 06:40:27 - [INFO] - [DEBUG] simple_invert_image: input shape = (1024, 256), dtype = uint8
2025-09-10 06:40:27 - [INFO] - [DEBUG] Simple inversion completed: [0-255] -> [0-255]
2025-09-10 06:40:27 - [INFO] - [DEBUG] simple_invert_pil_image: completed
2025-09-10 06:40:27 - [INFO] - [DEBUG] Using STORED B/C values: B=0.00, C=1.00
2025-09-10 06:40:27 - [INFO] - [DEBUG]   Image layer loaded and processed
2025-09-10 06:40:27 - [INFO] - [DEBUG] Loading segmentation layer for Posterior
2025-09-10 06:40:27 - [INFO] - [DEBUG] Looking for segmentation (NEWEST): F:\projek dosen\prototype riset\hotspot-analyzer\data\PLANAR\NSY\0001158915\20241204\post_segm.png
2025-09-10 06:40:27 - [DEBUG] - STREAM b'IHDR' 16 13
2025-09-10 06:40:27 - [DEBUG] - STREAM b'IDAT' 41 4625
2025-09-10 06:40:27 - [INFO] - [DEBUG]   Loaded segmentation with transparency: F:\projek dosen\prototype riset\hotspot-analyzer\data\PLANAR\NSY\0001158915\20241204\post_segm.png
2025-09-10 06:40:27 - [INFO] - [DEBUG] Segmentation type: ORIGINAL
2025-09-10 06:40:27 - [INFO] - [DEBUG] Loading hotspot layer for Posterior
2025-09-10 06:40:27 - [INFO] - [DEBUG] Looking for hotspot classification (NEWEST): F:\projek dosen\prototype riset\hotspot-analyzer\data\PLANAR\NSY\0001158915\20241204\post_hotspot_classification.png
2025-09-10 06:40:27 - [INFO] - [DEBUG] No hotspot classification found: F:\projek dosen\prototype riset\hotspot-analyzer\data\PLANAR\NSY\0001158915\20241204\post_hotspot_classification.png
2025-09-10 06:40:27 - [INFO] - [DEBUG] Loading bbox layer for Posterior
2025-09-10 06:40:27 - [INFO] - [DEBUG] Looking for classification XML (NEWEST): F:\projek dosen\prototype riset\hotspot-analyzer\data\PLANAR\NSY\0001158915\20241204\post_hotspot_classification.xml
2025-09-10 06:40:27 - [INFO] - [DEBUG] No classification XML found: F:\projek dosen\prototype riset\hotspot-analyzer\data\PLANAR\NSY\0001158915\20241204\post_hotspot_classification.xml
2025-09-10 06:40:27 - [INFO] - [CACHE STORE] Not caching due to adjustments/overrides/invert
2025-09-10 06:40:27 - [INFO] - [DEBUG]   Loaded 2 layers for Posterior: ['Image', 'Segmentation']
2025-09-10 06:40:27 - [INFO] - [DEBUG] Available CLASSIFICATION layers in files: ['Image', 'Segmentation']
2025-09-10 06:40:27 - [INFO] - [SMART UPDATE] State updated - Type: full
2025-09-10 06:40:27 - [INFO] - [SMART UPDATE] State updated - Type: rebuild
2025-09-10 06:40:27 - [INFO] - [DEBUG] Set Segmentation opacity to 0.35
2025-09-10 06:40:27 - [INFO] - [SMART UPDATE] Change type: none
2025-09-10 06:40:27 - [INFO] - [SMART UPDATE] Using full rebuild for opacity change
2025-09-10 06:40:27 - [INFO] - [DEBUG] Rebuilding timeline for active scan index: 0
2025-09-10 06:40:27 - [INFO] - [DEBUG] Creating CLASSIFICATION card 0 for view: Anterior
2025-09-10 06:40:27 - [INFO] - [DEBUG] Active layers selected: []
2025-09-10 06:40:27 - [INFO] - [DEBUG] DICOM path: F:\projek dosen\prototype riset\hotspot-analyzer\data\PLANAR\NSY\0001158915\20241204\ANT001_DS.dcm
2025-09-10 06:40:27 - [INFO] - [DEBUG] Current view: Anterior
2025-09-10 06:40:27 - [INFO] - [CACHE DEBUG] use_cache=False
2025-09-10 06:40:27 - [INFO] - [CACHE DEBUG] has_adjustments=False (B=0.00, C=1.00)
2025-09-10 06:40:27 - [INFO] - [CACHE DEBUG] has_overrides=False (override_b=None, override_c=None)
2025-09-10 06:40:27 - [INFO] - [CACHE DEBUG] invert_original=True
2025-09-10 06:40:27 - [INFO] - [CACHE SKIP] Skipping cache due to adjustments/overrides/invert
2025-09-10 06:40:27 - [INFO] - [DEBUG] Path extraction: session=NSY, patient=0001158915, study_date=20241204
2025-09-10 06:40:27 - [INFO] - [DEBUG] Extracted patient info - ID: 0001158915, Session: NSY
2025-09-10 06:40:27 - [INFO] - [DEBUG] Original path: F:\projek dosen\prototype riset\hotspot-analyzer\data\PLANAR\NSY\0001158915\20241204\ANT001_DS.dcm
2025-09-10 06:40:27 - [INFO] - [DEBUG] Study date: 20241204
2025-09-10 06:40:27 - [INFO] - [DEBUG] Patient ID: 0001158915
2025-09-10 06:40:27 - [INFO] - [DEBUG] Session code: NSY
2025-09-10 06:40:27 - [INFO] - [DEBUG] Study date folder: F:\projek dosen\prototype riset\hotspot-analyzer\data\PLANAR\NSY\0001158915\20241204
2025-09-10 06:40:27 - [INFO] - [DEBUG] Loading original image for Anterior
2025-09-10 06:40:27 - [INFO] - [DEBUG] Looking for original PNG in study_date dir: F:\projek dosen\prototype riset\hotspot-analyzer\data\PLANAR\NSY\0001158915\20241204\ant_original.png
2025-09-10 06:40:27 - [DEBUG] - STREAM b'IHDR' 16 13
2025-09-10 06:40:27 - [DEBUG] - STREAM b'IDAT' 41 65536
2025-09-10 06:40:27 - [INFO] - [DEBUG] Loaded original PNG from study_date dir: (256, 1024)
2025-09-10 06:40:27 - [INFO] - [DEBUG] Original image loaded: (256, 1024)
2025-09-10 06:40:27 - [INFO] - [DEBUG] Applying invert to original image
2025-09-10 06:40:27 - [INFO] - [DEBUG] simple_invert_pil_image: Processing L image, size = (256, 1024)
2025-09-10 06:40:27 - [INFO] - [DEBUG] simple_invert_image: input shape = (1024, 256), dtype = uint8
2025-09-10 06:40:27 - [INFO] - [DEBUG] Simple inversion completed: [0-255] -> [0-255]
2025-09-10 06:40:27 - [INFO] - [DEBUG] simple_invert_pil_image: completed
2025-09-10 06:40:27 - [INFO] - [DEBUG] Using STORED B/C values: B=0.00, C=1.00
2025-09-10 06:40:27 - [INFO] - [DEBUG]   Image layer loaded and processed
2025-09-10 06:40:27 - [INFO] - [DEBUG] Loading segmentation layer for Anterior
2025-09-10 06:40:27 - [INFO] - [DEBUG] Looking for segmentation (NEWEST): F:\projek dosen\prototype riset\hotspot-analyzer\data\PLANAR\NSY\0001158915\20241204\20250826\ant_segm_011039.png
2025-09-10 06:40:27 - [DEBUG] - STREAM b'IHDR' 16 13
2025-09-10 06:40:27 - [DEBUG] - STREAM b'IDAT' 41 5158
2025-09-10 06:40:27 - [INFO] - [DEBUG]   Loaded segmentation with transparency: F:\projek dosen\prototype riset\hotspot-analyzer\data\PLANAR\NSY\0001158915\20241204\20250826\ant_segm_011039.png
2025-09-10 06:40:27 - [INFO] - [DEBUG] Segmentation type: EDITED
2025-09-10 06:40:27 - [INFO] - [DEBUG] Loading hotspot layer for Anterior
2025-09-10 06:40:27 - [INFO] - [DEBUG] Looking for hotspot classification (NEWEST): F:\projek dosen\prototype riset\hotspot-analyzer\data\PLANAR\NSY\0001158915\20241204\20250910\ant_hotspot_classification_064025.png
2025-09-10 06:40:27 - [DEBUG] - STREAM b'IHDR' 16 13
2025-09-10 06:40:27 - [DEBUG] - STREAM b'IDAT' 41 1077
2025-09-10 06:40:27 - [INFO] - [DEBUG]   Loaded hotspot layer: F:\projek dosen\prototype riset\hotspot-analyzer\data\PLANAR\NSY\0001158915\20241204\20250910\ant_hotspot_classification_064025.png
2025-09-10 06:40:27 - [INFO] - [DEBUG] Hotspot type: EDITED
2025-09-10 06:40:27 - [INFO] - [DEBUG] Loading bbox layer for Anterior
2025-09-10 06:40:27 - [INFO] - [DEBUG] Looking for classification XML (NEWEST): F:\projek dosen\prototype riset\hotspot-analyzer\data\PLANAR\NSY\0001158915\20241204\20250910\ant_hotspot_classification_064025.xml
2025-09-10 06:40:27 - [INFO] - [DEBUG] Loading CLASSIFICATION XML for bbox: F:\projek dosen\prototype riset\hotspot-analyzer\data\PLANAR\NSY\0001158915\20241204\20250910\ant_hotspot_classification_064025.xml
2025-09-10 06:40:27 - [INFO] - [DEBUG] Drew CLASSIFICATION Abnormal bbox: (63,74) -> (72,84)
2025-09-10 06:40:27 - [INFO] - [DEBUG] Drew CLASSIFICATION Abnormal bbox: (180,129) -> (213,158)
2025-09-10 06:40:27 - [INFO] - [DEBUG] Drew CLASSIFICATION Normal bbox: (129,70) -> (152,87)
2025-09-10 06:40:27 - [INFO] - [DEBUG]   Created CLASSIFICATION bbox visualization with 3 boxes
2025-09-10 06:40:27 - [INFO] - [DEBUG]   Loaded bbox layer: F:\projek dosen\prototype riset\hotspot-analyzer\data\PLANAR\NSY\0001158915\20241204\20250910\ant_hotspot_classification_064025.xml
2025-09-10 06:40:27 - [INFO] - [DEBUG] BBox XML type: EDITED
2025-09-10 06:40:27 - [INFO] - [CACHE STORE] Not caching due to adjustments/overrides/invert
2025-09-10 06:40:27 - [INFO] - [DEBUG]   Loaded 4 layers for Anterior: ['Image', 'Segmentation', 'Hotspot', 'HotspotBBox']
2025-09-10 06:40:27 - [INFO] - [DEBUG] Available CLASSIFICATION layers in files: ['Image', 'Segmentation', 'Hotspot', 'HotspotBBox']
2025-09-10 06:40:27 - [INFO] - [DEBUG] Creating CLASSIFICATION card 0 for view: Posterior
2025-09-10 06:40:27 - [INFO] - [DEBUG] Active layers selected: []
2025-09-10 06:40:27 - [INFO] - [DEBUG] DICOM path: F:\projek dosen\prototype riset\hotspot-analyzer\data\PLANAR\NSY\0001158915\20241204\ANT001_DS.dcm
2025-09-10 06:40:27 - [INFO] - [DEBUG] Current view: Posterior
2025-09-10 06:40:27 - [INFO] - [CACHE DEBUG] use_cache=False
2025-09-10 06:40:27 - [INFO] - [CACHE DEBUG] has_adjustments=False (B=0.00, C=1.00)
2025-09-10 06:40:27 - [INFO] - [CACHE DEBUG] has_overrides=False (override_b=None, override_c=None)
2025-09-10 06:40:27 - [INFO] - [CACHE DEBUG] invert_original=True
2025-09-10 06:40:27 - [INFO] - [CACHE SKIP] Skipping cache due to adjustments/overrides/invert
2025-09-10 06:40:27 - [INFO] - [DEBUG] Path extraction: session=NSY, patient=0001158915, study_date=20241204
2025-09-10 06:40:27 - [INFO] - [DEBUG] Extracted patient info - ID: 0001158915, Session: NSY
2025-09-10 06:40:27 - [INFO] - [DEBUG] Original path: F:\projek dosen\prototype riset\hotspot-analyzer\data\PLANAR\NSY\0001158915\20241204\ANT001_DS.dcm
2025-09-10 06:40:27 - [INFO] - [DEBUG] Study date: 20241204
2025-09-10 06:40:27 - [INFO] - [DEBUG] Patient ID: 0001158915
2025-09-10 06:40:27 - [INFO] - [DEBUG] Session code: NSY
2025-09-10 06:40:27 - [INFO] - [DEBUG] Study date folder: F:\projek dosen\prototype riset\hotspot-analyzer\data\PLANAR\NSY\0001158915\20241204
2025-09-10 06:40:27 - [INFO] - [DEBUG] Loading original image for Posterior
2025-09-10 06:40:27 - [INFO] - [DEBUG] Looking for original PNG in study_date dir: F:\projek dosen\prototype riset\hotspot-analyzer\data\PLANAR\NSY\0001158915\20241204\post_original.png
2025-09-10 06:40:27 - [DEBUG] - STREAM b'IHDR' 16 13
2025-09-10 06:40:27 - [DEBUG] - STREAM b'IDAT' 41 65536
2025-09-10 06:40:27 - [INFO] - [DEBUG] Loaded original PNG from study_date dir: (256, 1024)
2025-09-10 06:40:27 - [INFO] - [DEBUG] Original image loaded: (256, 1024)
2025-09-10 06:40:27 - [INFO] - [DEBUG] Applying invert to original image
2025-09-10 06:40:27 - [INFO] - [DEBUG] simple_invert_pil_image: Processing L image, size = (256, 1024)
2025-09-10 06:40:27 - [INFO] - [DEBUG] simple_invert_image: input shape = (1024, 256), dtype = uint8
2025-09-10 06:40:27 - [INFO] - [DEBUG] Simple inversion completed: [0-255] -> [0-255]
2025-09-10 06:40:27 - [INFO] - [DEBUG] simple_invert_pil_image: completed
2025-09-10 06:40:27 - [INFO] - [DEBUG] Using STORED B/C values: B=0.00, C=1.00
2025-09-10 06:40:27 - [INFO] - [DEBUG]   Image layer loaded and processed
2025-09-10 06:40:27 - [INFO] - [DEBUG] Loading segmentation layer for Posterior
2025-09-10 06:40:27 - [INFO] - [DEBUG] Looking for segmentation (NEWEST): F:\projek dosen\prototype riset\hotspot-analyzer\data\PLANAR\NSY\0001158915\20241204\post_segm.png
2025-09-10 06:40:27 - [DEBUG] - STREAM b'IHDR' 16 13
2025-09-10 06:40:27 - [DEBUG] - STREAM b'IDAT' 41 4625
2025-09-10 06:40:27 - [INFO] - [DEBUG]   Loaded segmentation with transparency: F:\projek dosen\prototype riset\hotspot-analyzer\data\PLANAR\NSY\0001158915\20241204\post_segm.png
2025-09-10 06:40:27 - [INFO] - [DEBUG] Segmentation type: ORIGINAL
2025-09-10 06:40:27 - [INFO] - [DEBUG] Loading hotspot layer for Posterior
2025-09-10 06:40:27 - [INFO] - [DEBUG] Looking for hotspot classification (NEWEST): F:\projek dosen\prototype riset\hotspot-analyzer\data\PLANAR\NSY\0001158915\20241204\post_hotspot_classification.png
2025-09-10 06:40:27 - [INFO] - [DEBUG] No hotspot classification found: F:\projek dosen\prototype riset\hotspot-analyzer\data\PLANAR\NSY\0001158915\20241204\post_hotspot_classification.png
2025-09-10 06:40:27 - [INFO] - [DEBUG] Loading bbox layer for Posterior
2025-09-10 06:40:27 - [INFO] - [DEBUG] Looking for classification XML (NEWEST): F:\projek dosen\prototype riset\hotspot-analyzer\data\PLANAR\NSY\0001158915\20241204\post_hotspot_classification.xml
2025-09-10 06:40:27 - [INFO] - [DEBUG] No classification XML found: F:\projek dosen\prototype riset\hotspot-analyzer\data\PLANAR\NSY\0001158915\20241204\post_hotspot_classification.xml
2025-09-10 06:40:27 - [INFO] - [CACHE STORE] Not caching due to adjustments/overrides/invert
2025-09-10 06:40:27 - [INFO] - [DEBUG]   Loaded 2 layers for Posterior: ['Image', 'Segmentation']
2025-09-10 06:40:27 - [INFO] - [DEBUG] Available CLASSIFICATION layers in files: ['Image', 'Segmentation']
2025-09-10 06:40:27 - [INFO] - [SMART UPDATE] State updated - Type: full
2025-09-10 06:40:27 - [INFO] - [SMART UPDATE] State updated - Type: rebuild
2025-09-10 06:40:27 - [INFO] - [DEBUG] Set Hotspot opacity to 0.50
2025-09-10 06:40:27 - [INFO] - [SMART UPDATE] Change type: none
2025-09-10 06:40:27 - [INFO] - [SMART UPDATE] Using full rebuild for opacity change
2025-09-10 06:40:27 - [INFO] - [DEBUG] Rebuilding timeline for active scan index: 0
2025-09-10 06:40:27 - [INFO] - [DEBUG] Creating CLASSIFICATION card 0 for view: Anterior
2025-09-10 06:40:27 - [INFO] - [DEBUG] Active layers selected: []
2025-09-10 06:40:27 - [INFO] - [DEBUG] DICOM path: F:\projek dosen\prototype riset\hotspot-analyzer\data\PLANAR\NSY\0001158915\20241204\ANT001_DS.dcm
2025-09-10 06:40:27 - [INFO] - [DEBUG] Current view: Anterior
2025-09-10 06:40:27 - [INFO] - [CACHE DEBUG] use_cache=False
2025-09-10 06:40:27 - [INFO] - [CACHE DEBUG] has_adjustments=False (B=0.00, C=1.00)
2025-09-10 06:40:27 - [INFO] - [CACHE DEBUG] has_overrides=False (override_b=None, override_c=None)
2025-09-10 06:40:27 - [INFO] - [CACHE DEBUG] invert_original=True
2025-09-10 06:40:27 - [INFO] - [CACHE SKIP] Skipping cache due to adjustments/overrides/invert
2025-09-10 06:40:27 - [INFO] - [DEBUG] Path extraction: session=NSY, patient=0001158915, study_date=20241204
2025-09-10 06:40:27 - [INFO] - [DEBUG] Extracted patient info - ID: 0001158915, Session: NSY
2025-09-10 06:40:27 - [INFO] - [DEBUG] Original path: F:\projek dosen\prototype riset\hotspot-analyzer\data\PLANAR\NSY\0001158915\20241204\ANT001_DS.dcm
2025-09-10 06:40:27 - [INFO] - [DEBUG] Study date: 20241204
2025-09-10 06:40:27 - [INFO] - [DEBUG] Patient ID: 0001158915
2025-09-10 06:40:27 - [INFO] - [DEBUG] Session code: NSY
2025-09-10 06:40:27 - [INFO] - [DEBUG] Study date folder: F:\projek dosen\prototype riset\hotspot-analyzer\data\PLANAR\NSY\0001158915\20241204
2025-09-10 06:40:27 - [INFO] - [DEBUG] Loading original image for Anterior
2025-09-10 06:40:27 - [INFO] - [DEBUG] Looking for original PNG in study_date dir: F:\projek dosen\prototype riset\hotspot-analyzer\data\PLANAR\NSY\0001158915\20241204\ant_original.png
2025-09-10 06:40:27 - [DEBUG] - STREAM b'IHDR' 16 13
2025-09-10 06:40:27 - [DEBUG] - STREAM b'IDAT' 41 65536
2025-09-10 06:40:27 - [INFO] - [DEBUG] Loaded original PNG from study_date dir: (256, 1024)
2025-09-10 06:40:27 - [INFO] - [DEBUG] Original image loaded: (256, 1024)
2025-09-10 06:40:27 - [INFO] - [DEBUG] Applying invert to original image
2025-09-10 06:40:27 - [INFO] - [DEBUG] simple_invert_pil_image: Processing L image, size = (256, 1024)
2025-09-10 06:40:27 - [INFO] - [DEBUG] simple_invert_image: input shape = (1024, 256), dtype = uint8
2025-09-10 06:40:27 - [INFO] - [DEBUG] Simple inversion completed: [0-255] -> [0-255]
2025-09-10 06:40:27 - [INFO] - [DEBUG] simple_invert_pil_image: completed
2025-09-10 06:40:27 - [INFO] - [DEBUG] Using STORED B/C values: B=0.00, C=1.00
2025-09-10 06:40:27 - [INFO] - [DEBUG]   Image layer loaded and processed
2025-09-10 06:40:27 - [INFO] - [DEBUG] Loading segmentation layer for Anterior
2025-09-10 06:40:27 - [INFO] - [DEBUG] Looking for segmentation (NEWEST): F:\projek dosen\prototype riset\hotspot-analyzer\data\PLANAR\NSY\0001158915\20241204\20250826\ant_segm_011039.png
2025-09-10 06:40:27 - [DEBUG] - STREAM b'IHDR' 16 13
2025-09-10 06:40:27 - [DEBUG] - STREAM b'IDAT' 41 5158
2025-09-10 06:40:27 - [INFO] - [DEBUG]   Loaded segmentation with transparency: F:\projek dosen\prototype riset\hotspot-analyzer\data\PLANAR\NSY\0001158915\20241204\20250826\ant_segm_011039.png
2025-09-10 06:40:27 - [INFO] - [DEBUG] Segmentation type: EDITED
2025-09-10 06:40:27 - [INFO] - [DEBUG] Loading hotspot layer for Anterior
2025-09-10 06:40:27 - [INFO] - [DEBUG] Looking for hotspot classification (NEWEST): F:\projek dosen\prototype riset\hotspot-analyzer\data\PLANAR\NSY\0001158915\20241204\20250910\ant_hotspot_classification_064025.png
2025-09-10 06:40:27 - [DEBUG] - STREAM b'IHDR' 16 13
2025-09-10 06:40:27 - [DEBUG] - STREAM b'IDAT' 41 1077
2025-09-10 06:40:27 - [INFO] - [DEBUG]   Loaded hotspot layer: F:\projek dosen\prototype riset\hotspot-analyzer\data\PLANAR\NSY\0001158915\20241204\20250910\ant_hotspot_classification_064025.png
2025-09-10 06:40:27 - [INFO] - [DEBUG] Hotspot type: EDITED
2025-09-10 06:40:27 - [INFO] - [DEBUG] Loading bbox layer for Anterior
2025-09-10 06:40:27 - [INFO] - [DEBUG] Looking for classification XML (NEWEST): F:\projek dosen\prototype riset\hotspot-analyzer\data\PLANAR\NSY\0001158915\20241204\20250910\ant_hotspot_classification_064025.xml
2025-09-10 06:40:27 - [INFO] - [DEBUG] Loading CLASSIFICATION XML for bbox: F:\projek dosen\prototype riset\hotspot-analyzer\data\PLANAR\NSY\0001158915\20241204\20250910\ant_hotspot_classification_064025.xml
2025-09-10 06:40:27 - [INFO] - [DEBUG] Drew CLASSIFICATION Abnormal bbox: (63,74) -> (72,84)
2025-09-10 06:40:27 - [INFO] - [DEBUG] Drew CLASSIFICATION Abnormal bbox: (180,129) -> (213,158)
2025-09-10 06:40:27 - [INFO] - [DEBUG] Drew CLASSIFICATION Normal bbox: (129,70) -> (152,87)
2025-09-10 06:40:27 - [INFO] - [DEBUG]   Created CLASSIFICATION bbox visualization with 3 boxes
2025-09-10 06:40:27 - [INFO] - [DEBUG]   Loaded bbox layer: F:\projek dosen\prototype riset\hotspot-analyzer\data\PLANAR\NSY\0001158915\20241204\20250910\ant_hotspot_classification_064025.xml
2025-09-10 06:40:27 - [INFO] - [DEBUG] BBox XML type: EDITED
2025-09-10 06:40:27 - [INFO] - [CACHE STORE] Not caching due to adjustments/overrides/invert
2025-09-10 06:40:27 - [INFO] - [DEBUG]   Loaded 4 layers for Anterior: ['Image', 'Segmentation', 'Hotspot', 'HotspotBBox']
2025-09-10 06:40:27 - [INFO] - [DEBUG] Available CLASSIFICATION layers in files: ['Image', 'Segmentation', 'Hotspot', 'HotspotBBox']
2025-09-10 06:40:27 - [INFO] - [DEBUG] Creating CLASSIFICATION card 0 for view: Posterior
2025-09-10 06:40:27 - [INFO] - [DEBUG] Active layers selected: []
2025-09-10 06:40:27 - [INFO] - [DEBUG] DICOM path: F:\projek dosen\prototype riset\hotspot-analyzer\data\PLANAR\NSY\0001158915\20241204\ANT001_DS.dcm
2025-09-10 06:40:27 - [INFO] - [DEBUG] Current view: Posterior
2025-09-10 06:40:27 - [INFO] - [CACHE DEBUG] use_cache=False
2025-09-10 06:40:27 - [INFO] - [CACHE DEBUG] has_adjustments=False (B=0.00, C=1.00)
2025-09-10 06:40:27 - [INFO] - [CACHE DEBUG] has_overrides=False (override_b=None, override_c=None)
2025-09-10 06:40:27 - [INFO] - [CACHE DEBUG] invert_original=True
2025-09-10 06:40:27 - [INFO] - [CACHE SKIP] Skipping cache due to adjustments/overrides/invert
2025-09-10 06:40:27 - [INFO] - [DEBUG] Path extraction: session=NSY, patient=0001158915, study_date=20241204
2025-09-10 06:40:27 - [INFO] - [DEBUG] Extracted patient info - ID: 0001158915, Session: NSY
2025-09-10 06:40:27 - [INFO] - [DEBUG] Original path: F:\projek dosen\prototype riset\hotspot-analyzer\data\PLANAR\NSY\0001158915\20241204\ANT001_DS.dcm
2025-09-10 06:40:27 - [INFO] - [DEBUG] Study date: 20241204
2025-09-10 06:40:27 - [INFO] - [DEBUG] Patient ID: 0001158915
2025-09-10 06:40:27 - [INFO] - [DEBUG] Session code: NSY
2025-09-10 06:40:27 - [INFO] - [DEBUG] Study date folder: F:\projek dosen\prototype riset\hotspot-analyzer\data\PLANAR\NSY\0001158915\20241204
2025-09-10 06:40:27 - [INFO] - [DEBUG] Loading original image for Posterior
2025-09-10 06:40:27 - [INFO] - [DEBUG] Looking for original PNG in study_date dir: F:\projek dosen\prototype riset\hotspot-analyzer\data\PLANAR\NSY\0001158915\20241204\post_original.png
2025-09-10 06:40:27 - [DEBUG] - STREAM b'IHDR' 16 13
2025-09-10 06:40:27 - [DEBUG] - STREAM b'IDAT' 41 65536
2025-09-10 06:40:27 - [INFO] - [DEBUG] Loaded original PNG from study_date dir: (256, 1024)
2025-09-10 06:40:27 - [INFO] - [DEBUG] Original image loaded: (256, 1024)
2025-09-10 06:40:27 - [INFO] - [DEBUG] Applying invert to original image
2025-09-10 06:40:27 - [INFO] - [DEBUG] simple_invert_pil_image: Processing L image, size = (256, 1024)
2025-09-10 06:40:27 - [INFO] - [DEBUG] simple_invert_image: input shape = (1024, 256), dtype = uint8
2025-09-10 06:40:27 - [INFO] - [DEBUG] Simple inversion completed: [0-255] -> [0-255]
2025-09-10 06:40:27 - [INFO] - [DEBUG] simple_invert_pil_image: completed
2025-09-10 06:40:27 - [INFO] - [DEBUG] Using STORED B/C values: B=0.00, C=1.00
2025-09-10 06:40:27 - [INFO] - [DEBUG]   Image layer loaded and processed
2025-09-10 06:40:27 - [INFO] - [DEBUG] Loading segmentation layer for Posterior
2025-09-10 06:40:27 - [INFO] - [DEBUG] Looking for segmentation (NEWEST): F:\projek dosen\prototype riset\hotspot-analyzer\data\PLANAR\NSY\0001158915\20241204\post_segm.png
2025-09-10 06:40:27 - [DEBUG] - STREAM b'IHDR' 16 13
2025-09-10 06:40:27 - [DEBUG] - STREAM b'IDAT' 41 4625
2025-09-10 06:40:27 - [INFO] - [DEBUG]   Loaded segmentation with transparency: F:\projek dosen\prototype riset\hotspot-analyzer\data\PLANAR\NSY\0001158915\20241204\post_segm.png
2025-09-10 06:40:27 - [INFO] - [DEBUG] Segmentation type: ORIGINAL
2025-09-10 06:40:27 - [INFO] - [DEBUG] Loading hotspot layer for Posterior
2025-09-10 06:40:27 - [INFO] - [DEBUG] Looking for hotspot classification (NEWEST): F:\projek dosen\prototype riset\hotspot-analyzer\data\PLANAR\NSY\0001158915\20241204\post_hotspot_classification.png
2025-09-10 06:40:27 - [INFO] - [DEBUG] No hotspot classification found: F:\projek dosen\prototype riset\hotspot-analyzer\data\PLANAR\NSY\0001158915\20241204\post_hotspot_classification.png
2025-09-10 06:40:27 - [INFO] - [DEBUG] Loading bbox layer for Posterior
2025-09-10 06:40:27 - [INFO] - [DEBUG] Looking for classification XML (NEWEST): F:\projek dosen\prototype riset\hotspot-analyzer\data\PLANAR\NSY\0001158915\20241204\post_hotspot_classification.xml
2025-09-10 06:40:27 - [INFO] - [DEBUG] No classification XML found: F:\projek dosen\prototype riset\hotspot-analyzer\data\PLANAR\NSY\0001158915\20241204\post_hotspot_classification.xml
2025-09-10 06:40:27 - [INFO] - [CACHE STORE] Not caching due to adjustments/overrides/invert
2025-09-10 06:40:27 - [INFO] - [DEBUG]   Loaded 2 layers for Posterior: ['Image', 'Segmentation']
2025-09-10 06:40:27 - [INFO] - [DEBUG] Available CLASSIFICATION layers in files: ['Image', 'Segmentation']
2025-09-10 06:40:27 - [INFO] - [SMART UPDATE] State updated - Type: full
2025-09-10 06:40:27 - [INFO] - [SMART UPDATE] State updated - Type: rebuild
2025-09-10 06:40:27 - [INFO] - [DEBUG] Set HotspotBBox opacity to 1.00
2025-09-10 06:40:27 - [INFO] - [SMART UPDATE] Change type: none
2025-09-10 06:40:27 - [INFO] - [SMART UPDATE] Using full rebuild for opacity change
2025-09-10 06:40:27 - [INFO] - [DEBUG] Rebuilding timeline for active scan index: 0
2025-09-10 06:40:27 - [INFO] - [DEBUG] Creating CLASSIFICATION card 0 for view: Anterior
2025-09-10 06:40:27 - [INFO] - [DEBUG] Active layers selected: []
2025-09-10 06:40:27 - [INFO] - [DEBUG] DICOM path: F:\projek dosen\prototype riset\hotspot-analyzer\data\PLANAR\NSY\0001158915\20241204\ANT001_DS.dcm
2025-09-10 06:40:27 - [INFO] - [DEBUG] Current view: Anterior
2025-09-10 06:40:27 - [INFO] - [CACHE DEBUG] use_cache=False
2025-09-10 06:40:27 - [INFO] - [CACHE DEBUG] has_adjustments=False (B=0.00, C=1.00)
2025-09-10 06:40:27 - [INFO] - [CACHE DEBUG] has_overrides=False (override_b=None, override_c=None)
2025-09-10 06:40:27 - [INFO] - [CACHE DEBUG] invert_original=True
2025-09-10 06:40:27 - [INFO] - [CACHE SKIP] Skipping cache due to adjustments/overrides/invert
2025-09-10 06:40:27 - [INFO] - [DEBUG] Path extraction: session=NSY, patient=0001158915, study_date=20241204
2025-09-10 06:40:27 - [INFO] - [DEBUG] Extracted patient info - ID: 0001158915, Session: NSY
2025-09-10 06:40:27 - [INFO] - [DEBUG] Original path: F:\projek dosen\prototype riset\hotspot-analyzer\data\PLANAR\NSY\0001158915\20241204\ANT001_DS.dcm
2025-09-10 06:40:27 - [INFO] - [DEBUG] Study date: 20241204
2025-09-10 06:40:27 - [INFO] - [DEBUG] Patient ID: 0001158915
2025-09-10 06:40:27 - [INFO] - [DEBUG] Session code: NSY
2025-09-10 06:40:27 - [INFO] - [DEBUG] Study date folder: F:\projek dosen\prototype riset\hotspot-analyzer\data\PLANAR\NSY\0001158915\20241204
2025-09-10 06:40:27 - [INFO] - [DEBUG] Loading original image for Anterior
2025-09-10 06:40:27 - [INFO] - [DEBUG] Looking for original PNG in study_date dir: F:\projek dosen\prototype riset\hotspot-analyzer\data\PLANAR\NSY\0001158915\20241204\ant_original.png
2025-09-10 06:40:27 - [DEBUG] - STREAM b'IHDR' 16 13
2025-09-10 06:40:27 - [DEBUG] - STREAM b'IDAT' 41 65536
2025-09-10 06:40:27 - [INFO] - [DEBUG] Loaded original PNG from study_date dir: (256, 1024)
2025-09-10 06:40:27 - [INFO] - [DEBUG] Original image loaded: (256, 1024)
2025-09-10 06:40:27 - [INFO] - [DEBUG] Applying invert to original image
2025-09-10 06:40:27 - [INFO] - [DEBUG] simple_invert_pil_image: Processing L image, size = (256, 1024)
2025-09-10 06:40:27 - [INFO] - [DEBUG] simple_invert_image: input shape = (1024, 256), dtype = uint8
2025-09-10 06:40:27 - [INFO] - [DEBUG] Simple inversion completed: [0-255] -> [0-255]
2025-09-10 06:40:27 - [INFO] - [DEBUG] simple_invert_pil_image: completed
2025-09-10 06:40:27 - [INFO] - [DEBUG] Using STORED B/C values: B=0.00, C=1.00
2025-09-10 06:40:27 - [INFO] - [DEBUG]   Image layer loaded and processed
2025-09-10 06:40:27 - [INFO] - [DEBUG] Loading segmentation layer for Anterior
2025-09-10 06:40:27 - [INFO] - [DEBUG] Looking for segmentation (NEWEST): F:\projek dosen\prototype riset\hotspot-analyzer\data\PLANAR\NSY\0001158915\20241204\20250826\ant_segm_011039.png
2025-09-10 06:40:27 - [DEBUG] - STREAM b'IHDR' 16 13
2025-09-10 06:40:27 - [DEBUG] - STREAM b'IDAT' 41 5158
2025-09-10 06:40:27 - [INFO] - [DEBUG]   Loaded segmentation with transparency: F:\projek dosen\prototype riset\hotspot-analyzer\data\PLANAR\NSY\0001158915\20241204\20250826\ant_segm_011039.png
2025-09-10 06:40:27 - [INFO] - [DEBUG] Segmentation type: EDITED
2025-09-10 06:40:27 - [INFO] - [DEBUG] Loading hotspot layer for Anterior
2025-09-10 06:40:27 - [INFO] - [DEBUG] Looking for hotspot classification (NEWEST): F:\projek dosen\prototype riset\hotspot-analyzer\data\PLANAR\NSY\0001158915\20241204\20250910\ant_hotspot_classification_064025.png
2025-09-10 06:40:27 - [DEBUG] - STREAM b'IHDR' 16 13
2025-09-10 06:40:27 - [DEBUG] - STREAM b'IDAT' 41 1077
2025-09-10 06:40:27 - [INFO] - [DEBUG]   Loaded hotspot layer: F:\projek dosen\prototype riset\hotspot-analyzer\data\PLANAR\NSY\0001158915\20241204\20250910\ant_hotspot_classification_064025.png
2025-09-10 06:40:27 - [INFO] - [DEBUG] Hotspot type: EDITED
2025-09-10 06:40:27 - [INFO] - [DEBUG] Loading bbox layer for Anterior
2025-09-10 06:40:27 - [INFO] - [DEBUG] Looking for classification XML (NEWEST): F:\projek dosen\prototype riset\hotspot-analyzer\data\PLANAR\NSY\0001158915\20241204\20250910\ant_hotspot_classification_064025.xml
2025-09-10 06:40:27 - [INFO] - [DEBUG] Loading CLASSIFICATION XML for bbox: F:\projek dosen\prototype riset\hotspot-analyzer\data\PLANAR\NSY\0001158915\20241204\20250910\ant_hotspot_classification_064025.xml
2025-09-10 06:40:27 - [INFO] - [DEBUG] Drew CLASSIFICATION Abnormal bbox: (63,74) -> (72,84)
2025-09-10 06:40:27 - [INFO] - [DEBUG] Drew CLASSIFICATION Abnormal bbox: (180,129) -> (213,158)
2025-09-10 06:40:27 - [INFO] - [DEBUG] Drew CLASSIFICATION Normal bbox: (129,70) -> (152,87)
2025-09-10 06:40:27 - [INFO] - [DEBUG]   Created CLASSIFICATION bbox visualization with 3 boxes
2025-09-10 06:40:27 - [INFO] - [DEBUG]   Loaded bbox layer: F:\projek dosen\prototype riset\hotspot-analyzer\data\PLANAR\NSY\0001158915\20241204\20250910\ant_hotspot_classification_064025.xml
2025-09-10 06:40:27 - [INFO] - [DEBUG] BBox XML type: EDITED
2025-09-10 06:40:27 - [INFO] - [CACHE STORE] Not caching due to adjustments/overrides/invert
2025-09-10 06:40:27 - [INFO] - [DEBUG]   Loaded 4 layers for Anterior: ['Image', 'Segmentation', 'Hotspot', 'HotspotBBox']
2025-09-10 06:40:27 - [INFO] - [DEBUG] Available CLASSIFICATION layers in files: ['Image', 'Segmentation', 'Hotspot', 'HotspotBBox']
2025-09-10 06:40:27 - [INFO] - [DEBUG] Creating CLASSIFICATION card 0 for view: Posterior
2025-09-10 06:40:27 - [INFO] - [DEBUG] Active layers selected: []
2025-09-10 06:40:27 - [INFO] - [DEBUG] DICOM path: F:\projek dosen\prototype riset\hotspot-analyzer\data\PLANAR\NSY\0001158915\20241204\ANT001_DS.dcm
2025-09-10 06:40:27 - [INFO] - [DEBUG] Current view: Posterior
2025-09-10 06:40:27 - [INFO] - [CACHE DEBUG] use_cache=False
2025-09-10 06:40:27 - [INFO] - [CACHE DEBUG] has_adjustments=False (B=0.00, C=1.00)
2025-09-10 06:40:27 - [INFO] - [CACHE DEBUG] has_overrides=False (override_b=None, override_c=None)
2025-09-10 06:40:27 - [INFO] - [CACHE DEBUG] invert_original=True
2025-09-10 06:40:27 - [INFO] - [CACHE SKIP] Skipping cache due to adjustments/overrides/invert
2025-09-10 06:40:27 - [INFO] - [DEBUG] Path extraction: session=NSY, patient=0001158915, study_date=20241204
2025-09-10 06:40:27 - [INFO] - [DEBUG] Extracted patient info - ID: 0001158915, Session: NSY
2025-09-10 06:40:27 - [INFO] - [DEBUG] Original path: F:\projek dosen\prototype riset\hotspot-analyzer\data\PLANAR\NSY\0001158915\20241204\ANT001_DS.dcm
2025-09-10 06:40:27 - [INFO] - [DEBUG] Study date: 20241204
2025-09-10 06:40:27 - [INFO] - [DEBUG] Patient ID: 0001158915
2025-09-10 06:40:27 - [INFO] - [DEBUG] Session code: NSY
2025-09-10 06:40:27 - [INFO] - [DEBUG] Study date folder: F:\projek dosen\prototype riset\hotspot-analyzer\data\PLANAR\NSY\0001158915\20241204
2025-09-10 06:40:27 - [INFO] - [DEBUG] Loading original image for Posterior
2025-09-10 06:40:27 - [INFO] - [DEBUG] Looking for original PNG in study_date dir: F:\projek dosen\prototype riset\hotspot-analyzer\data\PLANAR\NSY\0001158915\20241204\post_original.png
2025-09-10 06:40:27 - [DEBUG] - STREAM b'IHDR' 16 13
2025-09-10 06:40:27 - [DEBUG] - STREAM b'IDAT' 41 65536
2025-09-10 06:40:27 - [INFO] - [DEBUG] Loaded original PNG from study_date dir: (256, 1024)
2025-09-10 06:40:27 - [INFO] - [DEBUG] Original image loaded: (256, 1024)
2025-09-10 06:40:27 - [INFO] - [DEBUG] Applying invert to original image
2025-09-10 06:40:27 - [INFO] - [DEBUG] simple_invert_pil_image: Processing L image, size = (256, 1024)
2025-09-10 06:40:27 - [INFO] - [DEBUG] simple_invert_image: input shape = (1024, 256), dtype = uint8
2025-09-10 06:40:27 - [INFO] - [DEBUG] Simple inversion completed: [0-255] -> [0-255]
2025-09-10 06:40:27 - [INFO] - [DEBUG] simple_invert_pil_image: completed
2025-09-10 06:40:27 - [INFO] - [DEBUG] Using STORED B/C values: B=0.00, C=1.00
2025-09-10 06:40:27 - [INFO] - [DEBUG]   Image layer loaded and processed
2025-09-10 06:40:27 - [INFO] - [DEBUG] Loading segmentation layer for Posterior
2025-09-10 06:40:27 - [INFO] - [DEBUG] Looking for segmentation (NEWEST): F:\projek dosen\prototype riset\hotspot-analyzer\data\PLANAR\NSY\0001158915\20241204\post_segm.png
2025-09-10 06:40:27 - [DEBUG] - STREAM b'IHDR' 16 13
2025-09-10 06:40:27 - [DEBUG] - STREAM b'IDAT' 41 4625
2025-09-10 06:40:27 - [INFO] - [DEBUG]   Loaded segmentation with transparency: F:\projek dosen\prototype riset\hotspot-analyzer\data\PLANAR\NSY\0001158915\20241204\post_segm.png
2025-09-10 06:40:27 - [INFO] - [DEBUG] Segmentation type: ORIGINAL
2025-09-10 06:40:27 - [INFO] - [DEBUG] Loading hotspot layer for Posterior
2025-09-10 06:40:27 - [INFO] - [DEBUG] Looking for hotspot classification (NEWEST): F:\projek dosen\prototype riset\hotspot-analyzer\data\PLANAR\NSY\0001158915\20241204\post_hotspot_classification.png
2025-09-10 06:40:27 - [INFO] - [DEBUG] No hotspot classification found: F:\projek dosen\prototype riset\hotspot-analyzer\data\PLANAR\NSY\0001158915\20241204\post_hotspot_classification.png
2025-09-10 06:40:27 - [INFO] - [DEBUG] Loading bbox layer for Posterior
2025-09-10 06:40:27 - [INFO] - [DEBUG] Looking for classification XML (NEWEST): F:\projek dosen\prototype riset\hotspot-analyzer\data\PLANAR\NSY\0001158915\20241204\post_hotspot_classification.xml
2025-09-10 06:40:27 - [INFO] - [DEBUG] No classification XML found: F:\projek dosen\prototype riset\hotspot-analyzer\data\PLANAR\NSY\0001158915\20241204\post_hotspot_classification.xml
2025-09-10 06:40:27 - [INFO] - [CACHE STORE] Not caching due to adjustments/overrides/invert
2025-09-10 06:40:27 - [INFO] - [DEBUG]   Loaded 2 layers for Posterior: ['Image', 'Segmentation']
2025-09-10 06:40:27 - [INFO] - [DEBUG] Available CLASSIFICATION layers in files: ['Image', 'Segmentation']
2025-09-10 06:40:27 - [INFO] - [SMART UPDATE] State updated - Type: full
2025-09-10 06:40:27 - [INFO] - [SMART UPDATE] State updated - Type: rebuild
2025-09-10 06:40:27 - [INFO] - [DEBUG] Setting default layers: 'Image' checkbox should now be ON.
2025-09-10 06:40:27 - [INFO] - [DEBUG] Checkbox Image toggled: True
2025-09-10 06:40:27 - [INFO] - [DEBUG] Active layers: ['Image']
2025-09-10 06:40:27 - [INFO] - [DEBUG] Layers changed to: ['Image']
2025-09-10 06:40:27 - [INFO] - [SMART UPDATE] Change type: layers
2025-09-10 06:40:27 - [INFO] - [SMART UPDATE] Layers added: ['Image']
2025-09-10 06:40:27 - [INFO] - [DEBUG] Timeline active layers set to: ['Image']
2025-09-10 06:40:27 - [INFO] - [SMART UPDATE] Full rebuild required for change type: layers
2025-09-10 06:40:27 - [INFO] - [DEBUG] Rebuilding timeline for active scan index: 0
2025-09-10 06:40:27 - [INFO] - [DEBUG] Creating CLASSIFICATION card 0 for view: Anterior
2025-09-10 06:40:27 - [INFO] - [DEBUG] Active layers selected: ['Image']
2025-09-10 06:40:27 - [INFO] - [DEBUG] DICOM path: F:\projek dosen\prototype riset\hotspot-analyzer\data\PLANAR\NSY\0001158915\20241204\ANT001_DS.dcm
2025-09-10 06:40:27 - [INFO] - [DEBUG] Current view: Anterior
2025-09-10 06:40:27 - [INFO] - [CACHE DEBUG] use_cache=False
2025-09-10 06:40:27 - [INFO] - [CACHE DEBUG] has_adjustments=False (B=0.00, C=1.00)
2025-09-10 06:40:27 - [INFO] - [CACHE DEBUG] has_overrides=False (override_b=None, override_c=None)
2025-09-10 06:40:27 - [INFO] - [CACHE DEBUG] invert_original=True
2025-09-10 06:40:27 - [INFO] - [CACHE SKIP] Skipping cache due to adjustments/overrides/invert
2025-09-10 06:40:27 - [INFO] - [DEBUG] Path extraction: session=NSY, patient=0001158915, study_date=20241204
2025-09-10 06:40:27 - [INFO] - [DEBUG] Extracted patient info - ID: 0001158915, Session: NSY
2025-09-10 06:40:27 - [INFO] - [DEBUG] Original path: F:\projek dosen\prototype riset\hotspot-analyzer\data\PLANAR\NSY\0001158915\20241204\ANT001_DS.dcm
2025-09-10 06:40:27 - [INFO] - [DEBUG] Study date: 20241204
2025-09-10 06:40:27 - [INFO] - [DEBUG] Patient ID: 0001158915
2025-09-10 06:40:27 - [INFO] - [DEBUG] Session code: NSY
2025-09-10 06:40:27 - [INFO] - [DEBUG] Study date folder: F:\projek dosen\prototype riset\hotspot-analyzer\data\PLANAR\NSY\0001158915\20241204
2025-09-10 06:40:27 - [INFO] - [DEBUG] Loading original image for Anterior
2025-09-10 06:40:27 - [INFO] - [DEBUG] Looking for original PNG in study_date dir: F:\projek dosen\prototype riset\hotspot-analyzer\data\PLANAR\NSY\0001158915\20241204\ant_original.png
2025-09-10 06:40:27 - [DEBUG] - STREAM b'IHDR' 16 13
2025-09-10 06:40:27 - [DEBUG] - STREAM b'IDAT' 41 65536
2025-09-10 06:40:27 - [INFO] - [DEBUG] Loaded original PNG from study_date dir: (256, 1024)
2025-09-10 06:40:27 - [INFO] - [DEBUG] Original image loaded: (256, 1024)
2025-09-10 06:40:27 - [INFO] - [DEBUG] Applying invert to original image
2025-09-10 06:40:27 - [INFO] - [DEBUG] simple_invert_pil_image: Processing L image, size = (256, 1024)
2025-09-10 06:40:27 - [INFO] - [DEBUG] simple_invert_image: input shape = (1024, 256), dtype = uint8
2025-09-10 06:40:27 - [INFO] - [DEBUG] Simple inversion completed: [0-255] -> [0-255]
2025-09-10 06:40:27 - [INFO] - [DEBUG] simple_invert_pil_image: completed
2025-09-10 06:40:27 - [INFO] - [DEBUG] Using STORED B/C values: B=0.00, C=1.00
2025-09-10 06:40:27 - [INFO] - [DEBUG]   Image layer loaded and processed
2025-09-10 06:40:27 - [INFO] - [DEBUG] Loading segmentation layer for Anterior
2025-09-10 06:40:27 - [INFO] - [DEBUG] Looking for segmentation (NEWEST): F:\projek dosen\prototype riset\hotspot-analyzer\data\PLANAR\NSY\0001158915\20241204\20250826\ant_segm_011039.png
2025-09-10 06:40:27 - [DEBUG] - STREAM b'IHDR' 16 13
2025-09-10 06:40:27 - [DEBUG] - STREAM b'IDAT' 41 5158
2025-09-10 06:40:27 - [INFO] - [DEBUG]   Loaded segmentation with transparency: F:\projek dosen\prototype riset\hotspot-analyzer\data\PLANAR\NSY\0001158915\20241204\20250826\ant_segm_011039.png
2025-09-10 06:40:27 - [INFO] - [DEBUG] Segmentation type: EDITED
2025-09-10 06:40:27 - [INFO] - [DEBUG] Loading hotspot layer for Anterior
2025-09-10 06:40:27 - [INFO] - [DEBUG] Looking for hotspot classification (NEWEST): F:\projek dosen\prototype riset\hotspot-analyzer\data\PLANAR\NSY\0001158915\20241204\20250910\ant_hotspot_classification_064025.png
2025-09-10 06:40:27 - [DEBUG] - STREAM b'IHDR' 16 13
2025-09-10 06:40:27 - [DEBUG] - STREAM b'IDAT' 41 1077
2025-09-10 06:40:27 - [INFO] - [DEBUG]   Loaded hotspot layer: F:\projek dosen\prototype riset\hotspot-analyzer\data\PLANAR\NSY\0001158915\20241204\20250910\ant_hotspot_classification_064025.png
2025-09-10 06:40:27 - [INFO] - [DEBUG] Hotspot type: EDITED
2025-09-10 06:40:27 - [INFO] - [DEBUG] Loading bbox layer for Anterior
2025-09-10 06:40:27 - [INFO] - [DEBUG] Looking for classification XML (NEWEST): F:\projek dosen\prototype riset\hotspot-analyzer\data\PLANAR\NSY\0001158915\20241204\20250910\ant_hotspot_classification_064025.xml
2025-09-10 06:40:27 - [INFO] - [DEBUG] Loading CLASSIFICATION XML for bbox: F:\projek dosen\prototype riset\hotspot-analyzer\data\PLANAR\NSY\0001158915\20241204\20250910\ant_hotspot_classification_064025.xml
2025-09-10 06:40:27 - [INFO] - [DEBUG] Drew CLASSIFICATION Abnormal bbox: (63,74) -> (72,84)
2025-09-10 06:40:27 - [INFO] - [DEBUG] Drew CLASSIFICATION Abnormal bbox: (180,129) -> (213,158)
2025-09-10 06:40:27 - [INFO] - [DEBUG] Drew CLASSIFICATION Normal bbox: (129,70) -> (152,87)
2025-09-10 06:40:27 - [INFO] - [DEBUG]   Created CLASSIFICATION bbox visualization with 3 boxes
2025-09-10 06:40:27 - [INFO] - [DEBUG]   Loaded bbox layer: F:\projek dosen\prototype riset\hotspot-analyzer\data\PLANAR\NSY\0001158915\20241204\20250910\ant_hotspot_classification_064025.xml
2025-09-10 06:40:27 - [INFO] - [DEBUG] BBox XML type: EDITED
2025-09-10 06:40:27 - [INFO] - [CACHE STORE] Not caching due to adjustments/overrides/invert
2025-09-10 06:40:27 - [INFO] - [DEBUG]   Loaded 4 layers for Anterior: ['Image', 'Segmentation', 'Hotspot', 'HotspotBBox']
2025-09-10 06:40:27 - [INFO] - [DEBUG] Available CLASSIFICATION layers in files: ['Image', 'Segmentation', 'Hotspot', 'HotspotBBox']
2025-09-10 06:40:27 - [INFO] - [DEBUG]   Added CLASSIFICATION Image to card 0 (opacity: 1.00)
2025-09-10 06:40:27 - [INFO] - [DEBUG]   CLASSIFICATION card 0 composite created with layers: ['Image']
2025-09-10 06:40:27 - [INFO] - [DEBUG] Creating CLASSIFICATION card 0 for view: Posterior
2025-09-10 06:40:27 - [INFO] - [DEBUG] Active layers selected: ['Image']
2025-09-10 06:40:27 - [INFO] - [DEBUG] DICOM path: F:\projek dosen\prototype riset\hotspot-analyzer\data\PLANAR\NSY\0001158915\20241204\ANT001_DS.dcm
2025-09-10 06:40:27 - [INFO] - [DEBUG] Current view: Posterior
2025-09-10 06:40:27 - [INFO] - [CACHE DEBUG] use_cache=False
2025-09-10 06:40:27 - [INFO] - [CACHE DEBUG] has_adjustments=False (B=0.00, C=1.00)
2025-09-10 06:40:27 - [INFO] - [CACHE DEBUG] has_overrides=False (override_b=None, override_c=None)
2025-09-10 06:40:27 - [INFO] - [CACHE DEBUG] invert_original=True
2025-09-10 06:40:27 - [INFO] - [CACHE SKIP] Skipping cache due to adjustments/overrides/invert
2025-09-10 06:40:27 - [INFO] - [DEBUG] Path extraction: session=NSY, patient=0001158915, study_date=20241204
2025-09-10 06:40:27 - [INFO] - [DEBUG] Extracted patient info - ID: 0001158915, Session: NSY
2025-09-10 06:40:27 - [INFO] - [DEBUG] Original path: F:\projek dosen\prototype riset\hotspot-analyzer\data\PLANAR\NSY\0001158915\20241204\ANT001_DS.dcm
2025-09-10 06:40:27 - [INFO] - [DEBUG] Study date: 20241204
2025-09-10 06:40:27 - [INFO] - [DEBUG] Patient ID: 0001158915
2025-09-10 06:40:27 - [INFO] - [DEBUG] Session code: NSY
2025-09-10 06:40:27 - [INFO] - [DEBUG] Study date folder: F:\projek dosen\prototype riset\hotspot-analyzer\data\PLANAR\NSY\0001158915\20241204
2025-09-10 06:40:27 - [INFO] - [DEBUG] Loading original image for Posterior
2025-09-10 06:40:27 - [INFO] - [DEBUG] Looking for original PNG in study_date dir: F:\projek dosen\prototype riset\hotspot-analyzer\data\PLANAR\NSY\0001158915\20241204\post_original.png
2025-09-10 06:40:27 - [DEBUG] - STREAM b'IHDR' 16 13
2025-09-10 06:40:27 - [DEBUG] - STREAM b'IDAT' 41 65536
2025-09-10 06:40:27 - [INFO] - [DEBUG] Loaded original PNG from study_date dir: (256, 1024)
2025-09-10 06:40:27 - [INFO] - [DEBUG] Original image loaded: (256, 1024)
2025-09-10 06:40:27 - [INFO] - [DEBUG] Applying invert to original image
2025-09-10 06:40:27 - [INFO] - [DEBUG] simple_invert_pil_image: Processing L image, size = (256, 1024)
2025-09-10 06:40:27 - [INFO] - [DEBUG] simple_invert_image: input shape = (1024, 256), dtype = uint8
2025-09-10 06:40:27 - [INFO] - [DEBUG] Simple inversion completed: [0-255] -> [0-255]
2025-09-10 06:40:27 - [INFO] - [DEBUG] simple_invert_pil_image: completed
2025-09-10 06:40:27 - [INFO] - [DEBUG] Using STORED B/C values: B=0.00, C=1.00
2025-09-10 06:40:27 - [INFO] - [DEBUG]   Image layer loaded and processed
2025-09-10 06:40:27 - [INFO] - [DEBUG] Loading segmentation layer for Posterior
2025-09-10 06:40:27 - [INFO] - [DEBUG] Looking for segmentation (NEWEST): F:\projek dosen\prototype riset\hotspot-analyzer\data\PLANAR\NSY\0001158915\20241204\post_segm.png
2025-09-10 06:40:27 - [DEBUG] - STREAM b'IHDR' 16 13
2025-09-10 06:40:27 - [DEBUG] - STREAM b'IDAT' 41 4625
2025-09-10 06:40:27 - [INFO] - [DEBUG]   Loaded segmentation with transparency: F:\projek dosen\prototype riset\hotspot-analyzer\data\PLANAR\NSY\0001158915\20241204\post_segm.png
2025-09-10 06:40:27 - [INFO] - [DEBUG] Segmentation type: ORIGINAL
2025-09-10 06:40:27 - [INFO] - [DEBUG] Loading hotspot layer for Posterior
2025-09-10 06:40:27 - [INFO] - [DEBUG] Looking for hotspot classification (NEWEST): F:\projek dosen\prototype riset\hotspot-analyzer\data\PLANAR\NSY\0001158915\20241204\post_hotspot_classification.png
2025-09-10 06:40:27 - [INFO] - [DEBUG] No hotspot classification found: F:\projek dosen\prototype riset\hotspot-analyzer\data\PLANAR\NSY\0001158915\20241204\post_hotspot_classification.png
2025-09-10 06:40:27 - [INFO] - [DEBUG] Loading bbox layer for Posterior
2025-09-10 06:40:27 - [INFO] - [DEBUG] Looking for classification XML (NEWEST): F:\projek dosen\prototype riset\hotspot-analyzer\data\PLANAR\NSY\0001158915\20241204\post_hotspot_classification.xml
2025-09-10 06:40:27 - [INFO] - [DEBUG] No classification XML found: F:\projek dosen\prototype riset\hotspot-analyzer\data\PLANAR\NSY\0001158915\20241204\post_hotspot_classification.xml
2025-09-10 06:40:27 - [INFO] - [CACHE STORE] Not caching due to adjustments/overrides/invert
2025-09-10 06:40:27 - [INFO] - [DEBUG]   Loaded 2 layers for Posterior: ['Image', 'Segmentation']
2025-09-10 06:40:27 - [INFO] - [DEBUG] Available CLASSIFICATION layers in files: ['Image', 'Segmentation']
2025-09-10 06:40:27 - [INFO] - [DEBUG]   Added CLASSIFICATION Image to card 0 (opacity: 1.00)
2025-09-10 06:40:27 - [INFO] - [DEBUG]   CLASSIFICATION card 0 composite created with layers: ['Image']
2025-09-10 06:40:27 - [INFO] - [SMART UPDATE] State updated - Type: full
2025-09-10 06:40:27 - [INFO] - [SMART UPDATE] State updated - Type: layers
2025-09-10 06:40:27 - [INFO] - [DEBUG] Path extraction: session=NSY, patient=0001158915, study_date=20241204
2025-09-10 06:40:27 - [INFO] - [DEBUG] Extracted patient info - ID: 0001158915, Session: NSY
2025-09-10 06:40:27 - [INFO] - [DEBUG] Original path: F:\projek dosen\prototype riset\hotspot-analyzer\data\PLANAR\NSY\0001158915\20241204\ANT001_DS.dcm
2025-09-10 06:40:27 - [INFO] - [EDIT BUTTONS] Has scan: True, Has seg data: True, Can edit hotspot: True
2025-09-10 06:40:27 - [INFO] - [EDIT BUTTONS] Seg button enabled: True, Hotspot button enabled: True
2025-09-10 06:40:27 - [INFO] - [DEBUG] All data loaded. Total scans: 1
2025-09-10 06:40:27 - [INFO] - [DEBUG] Layers changed to: []
2025-09-10 06:40:27 - [INFO] - [SMART UPDATE] Change type: layers
2025-09-10 06:40:27 - [INFO] - [SMART UPDATE] Layers removed: ['Image']
2025-09-10 06:40:27 - [INFO] - [DEBUG] Timeline active layers set to: []
2025-09-10 06:40:27 - [INFO] - [SMART UPDATE] Full rebuild required for change type: layers
2025-09-10 06:40:27 - [INFO] - [DEBUG] Rebuilding timeline for active scan index: 0
2025-09-10 06:40:27 - [INFO] - [DEBUG] Creating CLASSIFICATION card 0 for view: Anterior
2025-09-10 06:40:27 - [INFO] - [DEBUG] Active layers selected: []
2025-09-10 06:40:27 - [INFO] - [DEBUG] DICOM path: F:\projek dosen\prototype riset\hotspot-analyzer\data\PLANAR\NSY\0001158915\20241204\ANT001_DS.dcm
2025-09-10 06:40:27 - [INFO] - [DEBUG] Current view: Anterior
2025-09-10 06:40:27 - [INFO] - [CACHE DEBUG] use_cache=False
2025-09-10 06:40:27 - [INFO] - [CACHE DEBUG] has_adjustments=False (B=0.00, C=1.00)
2025-09-10 06:40:27 - [INFO] - [CACHE DEBUG] has_overrides=False (override_b=None, override_c=None)
2025-09-10 06:40:27 - [INFO] - [CACHE DEBUG] invert_original=True
2025-09-10 06:40:27 - [INFO] - [CACHE SKIP] Skipping cache due to adjustments/overrides/invert
2025-09-10 06:40:27 - [INFO] - [DEBUG] Path extraction: session=NSY, patient=0001158915, study_date=20241204
2025-09-10 06:40:27 - [INFO] - [DEBUG] Extracted patient info - ID: 0001158915, Session: NSY
2025-09-10 06:40:27 - [INFO] - [DEBUG] Original path: F:\projek dosen\prototype riset\hotspot-analyzer\data\PLANAR\NSY\0001158915\20241204\ANT001_DS.dcm
2025-09-10 06:40:27 - [INFO] - [DEBUG] Study date: 20241204
2025-09-10 06:40:27 - [INFO] - [DEBUG] Patient ID: 0001158915
2025-09-10 06:40:27 - [INFO] - [DEBUG] Session code: NSY
2025-09-10 06:40:27 - [INFO] - [DEBUG] Study date folder: F:\projek dosen\prototype riset\hotspot-analyzer\data\PLANAR\NSY\0001158915\20241204
2025-09-10 06:40:27 - [INFO] - [DEBUG] Loading original image for Anterior
2025-09-10 06:40:27 - [INFO] - [DEBUG] Looking for original PNG in study_date dir: F:\projek dosen\prototype riset\hotspot-analyzer\data\PLANAR\NSY\0001158915\20241204\ant_original.png
2025-09-10 06:40:27 - [DEBUG] - STREAM b'IHDR' 16 13
2025-09-10 06:40:27 - [DEBUG] - STREAM b'IDAT' 41 65536
2025-09-10 06:40:27 - [INFO] - [DEBUG] Loaded original PNG from study_date dir: (256, 1024)
2025-09-10 06:40:27 - [INFO] - [DEBUG] Original image loaded: (256, 1024)
2025-09-10 06:40:27 - [INFO] - [DEBUG] Applying invert to original image
2025-09-10 06:40:27 - [INFO] - [DEBUG] simple_invert_pil_image: Processing L image, size = (256, 1024)
2025-09-10 06:40:27 - [INFO] - [DEBUG] simple_invert_image: input shape = (1024, 256), dtype = uint8
2025-09-10 06:40:27 - [INFO] - [DEBUG] Simple inversion completed: [0-255] -> [0-255]
2025-09-10 06:40:27 - [INFO] - [DEBUG] simple_invert_pil_image: completed
2025-09-10 06:40:27 - [INFO] - [DEBUG] Using STORED B/C values: B=0.00, C=1.00
2025-09-10 06:40:27 - [INFO] - [DEBUG]   Image layer loaded and processed
2025-09-10 06:40:27 - [INFO] - [DEBUG] Loading segmentation layer for Anterior
2025-09-10 06:40:27 - [INFO] - [DEBUG] Looking for segmentation (NEWEST): F:\projek dosen\prototype riset\hotspot-analyzer\data\PLANAR\NSY\0001158915\20241204\20250826\ant_segm_011039.png
2025-09-10 06:40:27 - [DEBUG] - STREAM b'IHDR' 16 13
2025-09-10 06:40:27 - [DEBUG] - STREAM b'IDAT' 41 5158
2025-09-10 06:40:27 - [INFO] - [DEBUG]   Loaded segmentation with transparency: F:\projek dosen\prototype riset\hotspot-analyzer\data\PLANAR\NSY\0001158915\20241204\20250826\ant_segm_011039.png
2025-09-10 06:40:27 - [INFO] - [DEBUG] Segmentation type: EDITED
2025-09-10 06:40:27 - [INFO] - [DEBUG] Loading hotspot layer for Anterior
2025-09-10 06:40:27 - [INFO] - [DEBUG] Looking for hotspot classification (NEWEST): F:\projek dosen\prototype riset\hotspot-analyzer\data\PLANAR\NSY\0001158915\20241204\20250910\ant_hotspot_classification_064025.png
2025-09-10 06:40:27 - [DEBUG] - STREAM b'IHDR' 16 13
2025-09-10 06:40:27 - [DEBUG] - STREAM b'IDAT' 41 1077
2025-09-10 06:40:27 - [INFO] - [DEBUG]   Loaded hotspot layer: F:\projek dosen\prototype riset\hotspot-analyzer\data\PLANAR\NSY\0001158915\20241204\20250910\ant_hotspot_classification_064025.png
2025-09-10 06:40:27 - [INFO] - [DEBUG] Hotspot type: EDITED
2025-09-10 06:40:27 - [INFO] - [DEBUG] Loading bbox layer for Anterior
2025-09-10 06:40:27 - [INFO] - [DEBUG] Looking for classification XML (NEWEST): F:\projek dosen\prototype riset\hotspot-analyzer\data\PLANAR\NSY\0001158915\20241204\20250910\ant_hotspot_classification_064025.xml
2025-09-10 06:40:27 - [INFO] - [DEBUG] Loading CLASSIFICATION XML for bbox: F:\projek dosen\prototype riset\hotspot-analyzer\data\PLANAR\NSY\0001158915\20241204\20250910\ant_hotspot_classification_064025.xml
2025-09-10 06:40:27 - [INFO] - [DEBUG] Drew CLASSIFICATION Abnormal bbox: (63,74) -> (72,84)
2025-09-10 06:40:27 - [INFO] - [DEBUG] Drew CLASSIFICATION Abnormal bbox: (180,129) -> (213,158)
2025-09-10 06:40:27 - [INFO] - [DEBUG] Drew CLASSIFICATION Normal bbox: (129,70) -> (152,87)
2025-09-10 06:40:27 - [INFO] - [DEBUG]   Created CLASSIFICATION bbox visualization with 3 boxes
2025-09-10 06:40:27 - [INFO] - [DEBUG]   Loaded bbox layer: F:\projek dosen\prototype riset\hotspot-analyzer\data\PLANAR\NSY\0001158915\20241204\20250910\ant_hotspot_classification_064025.xml
2025-09-10 06:40:27 - [INFO] - [DEBUG] BBox XML type: EDITED
2025-09-10 06:40:27 - [INFO] - [CACHE STORE] Not caching due to adjustments/overrides/invert
2025-09-10 06:40:27 - [INFO] - [DEBUG]   Loaded 4 layers for Anterior: ['Image', 'Segmentation', 'Hotspot', 'HotspotBBox']
2025-09-10 06:40:27 - [INFO] - [DEBUG] Available CLASSIFICATION layers in files: ['Image', 'Segmentation', 'Hotspot', 'HotspotBBox']
2025-09-10 06:40:27 - [INFO] - [DEBUG] Creating CLASSIFICATION card 0 for view: Posterior
2025-09-10 06:40:27 - [INFO] - [DEBUG] Active layers selected: []
2025-09-10 06:40:27 - [INFO] - [DEBUG] DICOM path: F:\projek dosen\prototype riset\hotspot-analyzer\data\PLANAR\NSY\0001158915\20241204\ANT001_DS.dcm
2025-09-10 06:40:27 - [INFO] - [DEBUG] Current view: Posterior
2025-09-10 06:40:27 - [INFO] - [CACHE DEBUG] use_cache=False
2025-09-10 06:40:27 - [INFO] - [CACHE DEBUG] has_adjustments=False (B=0.00, C=1.00)
2025-09-10 06:40:27 - [INFO] - [CACHE DEBUG] has_overrides=False (override_b=None, override_c=None)
2025-09-10 06:40:27 - [INFO] - [CACHE DEBUG] invert_original=True
2025-09-10 06:40:27 - [INFO] - [CACHE SKIP] Skipping cache due to adjustments/overrides/invert
2025-09-10 06:40:27 - [INFO] - [DEBUG] Path extraction: session=NSY, patient=0001158915, study_date=20241204
2025-09-10 06:40:27 - [INFO] - [DEBUG] Extracted patient info - ID: 0001158915, Session: NSY
2025-09-10 06:40:27 - [INFO] - [DEBUG] Original path: F:\projek dosen\prototype riset\hotspot-analyzer\data\PLANAR\NSY\0001158915\20241204\ANT001_DS.dcm
2025-09-10 06:40:27 - [INFO] - [DEBUG] Study date: 20241204
2025-09-10 06:40:27 - [INFO] - [DEBUG] Patient ID: 0001158915
2025-09-10 06:40:27 - [INFO] - [DEBUG] Session code: NSY
2025-09-10 06:40:27 - [INFO] - [DEBUG] Study date folder: F:\projek dosen\prototype riset\hotspot-analyzer\data\PLANAR\NSY\0001158915\20241204
2025-09-10 06:40:27 - [INFO] - [DEBUG] Loading original image for Posterior
2025-09-10 06:40:27 - [INFO] - [DEBUG] Looking for original PNG in study_date dir: F:\projek dosen\prototype riset\hotspot-analyzer\data\PLANAR\NSY\0001158915\20241204\post_original.png
2025-09-10 06:40:27 - [DEBUG] - STREAM b'IHDR' 16 13
2025-09-10 06:40:27 - [DEBUG] - STREAM b'IDAT' 41 65536
2025-09-10 06:40:27 - [INFO] - [DEBUG] Loaded original PNG from study_date dir: (256, 1024)
2025-09-10 06:40:27 - [INFO] - [DEBUG] Original image loaded: (256, 1024)
2025-09-10 06:40:27 - [INFO] - [DEBUG] Applying invert to original image
2025-09-10 06:40:27 - [INFO] - [DEBUG] simple_invert_pil_image: Processing L image, size = (256, 1024)
2025-09-10 06:40:27 - [INFO] - [DEBUG] simple_invert_image: input shape = (1024, 256), dtype = uint8
2025-09-10 06:40:27 - [INFO] - [DEBUG] Simple inversion completed: [0-255] -> [0-255]
2025-09-10 06:40:27 - [INFO] - [DEBUG] simple_invert_pil_image: completed
2025-09-10 06:40:27 - [INFO] - [DEBUG] Using STORED B/C values: B=0.00, C=1.00
2025-09-10 06:40:27 - [INFO] - [DEBUG]   Image layer loaded and processed
2025-09-10 06:40:27 - [INFO] - [DEBUG] Loading segmentation layer for Posterior
2025-09-10 06:40:27 - [INFO] - [DEBUG] Looking for segmentation (NEWEST): F:\projek dosen\prototype riset\hotspot-analyzer\data\PLANAR\NSY\0001158915\20241204\post_segm.png
2025-09-10 06:40:27 - [DEBUG] - STREAM b'IHDR' 16 13
2025-09-10 06:40:27 - [DEBUG] - STREAM b'IDAT' 41 4625
2025-09-10 06:40:27 - [INFO] - [DEBUG]   Loaded segmentation with transparency: F:\projek dosen\prototype riset\hotspot-analyzer\data\PLANAR\NSY\0001158915\20241204\post_segm.png
2025-09-10 06:40:27 - [INFO] - [DEBUG] Segmentation type: ORIGINAL
2025-09-10 06:40:27 - [INFO] - [DEBUG] Loading hotspot layer for Posterior
2025-09-10 06:40:27 - [INFO] - [DEBUG] Looking for hotspot classification (NEWEST): F:\projek dosen\prototype riset\hotspot-analyzer\data\PLANAR\NSY\0001158915\20241204\post_hotspot_classification.png
2025-09-10 06:40:27 - [INFO] - [DEBUG] No hotspot classification found: F:\projek dosen\prototype riset\hotspot-analyzer\data\PLANAR\NSY\0001158915\20241204\post_hotspot_classification.png
2025-09-10 06:40:27 - [INFO] - [DEBUG] Loading bbox layer for Posterior
2025-09-10 06:40:27 - [INFO] - [DEBUG] Looking for classification XML (NEWEST): F:\projek dosen\prototype riset\hotspot-analyzer\data\PLANAR\NSY\0001158915\20241204\post_hotspot_classification.xml
2025-09-10 06:40:27 - [INFO] - [DEBUG] No classification XML found: F:\projek dosen\prototype riset\hotspot-analyzer\data\PLANAR\NSY\0001158915\20241204\post_hotspot_classification.xml
2025-09-10 06:40:27 - [INFO] - [CACHE STORE] Not caching due to adjustments/overrides/invert
2025-09-10 06:40:27 - [INFO] - [DEBUG]   Loaded 2 layers for Posterior: ['Image', 'Segmentation']
2025-09-10 06:40:27 - [INFO] - [DEBUG] Available CLASSIFICATION layers in files: ['Image', 'Segmentation']
2025-09-10 06:40:27 - [INFO] - [SMART UPDATE] State updated - Type: full
2025-09-10 06:40:27 - [INFO] - [SMART UPDATE] State updated - Type: layers
2025-09-10 06:40:27 - [INFO] - [DEBUG] Path extraction: session=NSY, patient=0001158915, study_date=20241204
2025-09-10 06:40:27 - [INFO] - [DEBUG] Extracted patient info - ID: 0001158915, Session: NSY
2025-09-10 06:40:27 - [INFO] - [DEBUG] Original path: F:\projek dosen\prototype riset\hotspot-analyzer\data\PLANAR\NSY\0001158915\20241204\ANT001_DS.dcm
2025-09-10 06:40:27 - [INFO] - [EDIT BUTTONS] Has scan: True, Has seg data: True, Can edit hotspot: True
2025-09-10 06:40:27 - [INFO] - [EDIT BUTTONS] Seg button enabled: True, Hotspot button enabled: True
2025-09-10 06:40:27 - [INFO] - [SMART UPDATE] Change type: none
2025-09-10 06:40:27 - [INFO] - [DEBUG] Timeline active layers set to: []
2025-09-10 06:40:27 - [INFO] - [SMART UPDATE] No changes detected, skipping update
2025-09-10 06:40:27 - [INFO] - [DEBUG] Set Image opacity to 1.00
2025-09-10 06:40:27 - [INFO] - [SMART UPDATE] Change type: none
2025-09-10 06:40:27 - [INFO] - [SMART UPDATE] Using full rebuild for opacity change
2025-09-10 06:40:27 - [INFO] - [DEBUG] Rebuilding timeline for active scan index: 0
2025-09-10 06:40:27 - [INFO] - [DEBUG] Creating CLASSIFICATION card 0 for view: Anterior
2025-09-10 06:40:27 - [INFO] - [DEBUG] Active layers selected: []
2025-09-10 06:40:27 - [INFO] - [DEBUG] DICOM path: F:\projek dosen\prototype riset\hotspot-analyzer\data\PLANAR\NSY\0001158915\20241204\ANT001_DS.dcm
2025-09-10 06:40:27 - [INFO] - [DEBUG] Current view: Anterior
2025-09-10 06:40:27 - [INFO] - [CACHE DEBUG] use_cache=False
2025-09-10 06:40:27 - [INFO] - [CACHE DEBUG] has_adjustments=False (B=0.00, C=1.00)
2025-09-10 06:40:27 - [INFO] - [CACHE DEBUG] has_overrides=False (override_b=None, override_c=None)
2025-09-10 06:40:27 - [INFO] - [CACHE DEBUG] invert_original=True
2025-09-10 06:40:27 - [INFO] - [CACHE SKIP] Skipping cache due to adjustments/overrides/invert
2025-09-10 06:40:27 - [INFO] - [DEBUG] Path extraction: session=NSY, patient=0001158915, study_date=20241204
2025-09-10 06:40:27 - [INFO] - [DEBUG] Extracted patient info - ID: 0001158915, Session: NSY
2025-09-10 06:40:27 - [INFO] - [DEBUG] Original path: F:\projek dosen\prototype riset\hotspot-analyzer\data\PLANAR\NSY\0001158915\20241204\ANT001_DS.dcm
2025-09-10 06:40:27 - [INFO] - [DEBUG] Study date: 20241204
2025-09-10 06:40:27 - [INFO] - [DEBUG] Patient ID: 0001158915
2025-09-10 06:40:27 - [INFO] - [DEBUG] Session code: NSY
2025-09-10 06:40:27 - [INFO] - [DEBUG] Study date folder: F:\projek dosen\prototype riset\hotspot-analyzer\data\PLANAR\NSY\0001158915\20241204
2025-09-10 06:40:27 - [INFO] - [DEBUG] Loading original image for Anterior
2025-09-10 06:40:27 - [INFO] - [DEBUG] Looking for original PNG in study_date dir: F:\projek dosen\prototype riset\hotspot-analyzer\data\PLANAR\NSY\0001158915\20241204\ant_original.png
2025-09-10 06:40:27 - [DEBUG] - STREAM b'IHDR' 16 13
2025-09-10 06:40:27 - [DEBUG] - STREAM b'IDAT' 41 65536
2025-09-10 06:40:27 - [INFO] - [DEBUG] Loaded original PNG from study_date dir: (256, 1024)
2025-09-10 06:40:27 - [INFO] - [DEBUG] Original image loaded: (256, 1024)
2025-09-10 06:40:27 - [INFO] - [DEBUG] Applying invert to original image
2025-09-10 06:40:27 - [INFO] - [DEBUG] simple_invert_pil_image: Processing L image, size = (256, 1024)
2025-09-10 06:40:27 - [INFO] - [DEBUG] simple_invert_image: input shape = (1024, 256), dtype = uint8
2025-09-10 06:40:27 - [INFO] - [DEBUG] Simple inversion completed: [0-255] -> [0-255]
2025-09-10 06:40:27 - [INFO] - [DEBUG] simple_invert_pil_image: completed
2025-09-10 06:40:27 - [INFO] - [DEBUG] Using STORED B/C values: B=0.00, C=1.00
2025-09-10 06:40:27 - [INFO] - [DEBUG]   Image layer loaded and processed
2025-09-10 06:40:27 - [INFO] - [DEBUG] Loading segmentation layer for Anterior
2025-09-10 06:40:27 - [INFO] - [DEBUG] Looking for segmentation (NEWEST): F:\projek dosen\prototype riset\hotspot-analyzer\data\PLANAR\NSY\0001158915\20241204\20250826\ant_segm_011039.png
2025-09-10 06:40:27 - [DEBUG] - STREAM b'IHDR' 16 13
2025-09-10 06:40:27 - [DEBUG] - STREAM b'IDAT' 41 5158
2025-09-10 06:40:27 - [INFO] - [DEBUG]   Loaded segmentation with transparency: F:\projek dosen\prototype riset\hotspot-analyzer\data\PLANAR\NSY\0001158915\20241204\20250826\ant_segm_011039.png
2025-09-10 06:40:27 - [INFO] - [DEBUG] Segmentation type: EDITED
2025-09-10 06:40:27 - [INFO] - [DEBUG] Loading hotspot layer for Anterior
2025-09-10 06:40:27 - [INFO] - [DEBUG] Looking for hotspot classification (NEWEST): F:\projek dosen\prototype riset\hotspot-analyzer\data\PLANAR\NSY\0001158915\20241204\20250910\ant_hotspot_classification_064025.png
2025-09-10 06:40:27 - [DEBUG] - STREAM b'IHDR' 16 13
2025-09-10 06:40:27 - [DEBUG] - STREAM b'IDAT' 41 1077
2025-09-10 06:40:27 - [INFO] - [DEBUG]   Loaded hotspot layer: F:\projek dosen\prototype riset\hotspot-analyzer\data\PLANAR\NSY\0001158915\20241204\20250910\ant_hotspot_classification_064025.png
2025-09-10 06:40:27 - [INFO] - [DEBUG] Hotspot type: EDITED
2025-09-10 06:40:27 - [INFO] - [DEBUG] Loading bbox layer for Anterior
2025-09-10 06:40:27 - [INFO] - [DEBUG] Looking for classification XML (NEWEST): F:\projek dosen\prototype riset\hotspot-analyzer\data\PLANAR\NSY\0001158915\20241204\20250910\ant_hotspot_classification_064025.xml
2025-09-10 06:40:27 - [INFO] - [DEBUG] Loading CLASSIFICATION XML for bbox: F:\projek dosen\prototype riset\hotspot-analyzer\data\PLANAR\NSY\0001158915\20241204\20250910\ant_hotspot_classification_064025.xml
2025-09-10 06:40:27 - [INFO] - [DEBUG] Drew CLASSIFICATION Abnormal bbox: (63,74) -> (72,84)
2025-09-10 06:40:27 - [INFO] - [DEBUG] Drew CLASSIFICATION Abnormal bbox: (180,129) -> (213,158)
2025-09-10 06:40:27 - [INFO] - [DEBUG] Drew CLASSIFICATION Normal bbox: (129,70) -> (152,87)
2025-09-10 06:40:27 - [INFO] - [DEBUG]   Created CLASSIFICATION bbox visualization with 3 boxes
2025-09-10 06:40:27 - [INFO] - [DEBUG]   Loaded bbox layer: F:\projek dosen\prototype riset\hotspot-analyzer\data\PLANAR\NSY\0001158915\20241204\20250910\ant_hotspot_classification_064025.xml
2025-09-10 06:40:27 - [INFO] - [DEBUG] BBox XML type: EDITED
2025-09-10 06:40:27 - [INFO] - [CACHE STORE] Not caching due to adjustments/overrides/invert
2025-09-10 06:40:27 - [INFO] - [DEBUG]   Loaded 4 layers for Anterior: ['Image', 'Segmentation', 'Hotspot', 'HotspotBBox']
2025-09-10 06:40:27 - [INFO] - [DEBUG] Available CLASSIFICATION layers in files: ['Image', 'Segmentation', 'Hotspot', 'HotspotBBox']
2025-09-10 06:40:27 - [INFO] - [DEBUG] Creating CLASSIFICATION card 0 for view: Posterior
2025-09-10 06:40:27 - [INFO] - [DEBUG] Active layers selected: []
2025-09-10 06:40:27 - [INFO] - [DEBUG] DICOM path: F:\projek dosen\prototype riset\hotspot-analyzer\data\PLANAR\NSY\0001158915\20241204\ANT001_DS.dcm
2025-09-10 06:40:27 - [INFO] - [DEBUG] Current view: Posterior
2025-09-10 06:40:27 - [INFO] - [CACHE DEBUG] use_cache=False
2025-09-10 06:40:27 - [INFO] - [CACHE DEBUG] has_adjustments=False (B=0.00, C=1.00)
2025-09-10 06:40:27 - [INFO] - [CACHE DEBUG] has_overrides=False (override_b=None, override_c=None)
2025-09-10 06:40:27 - [INFO] - [CACHE DEBUG] invert_original=True
2025-09-10 06:40:27 - [INFO] - [CACHE SKIP] Skipping cache due to adjustments/overrides/invert
2025-09-10 06:40:27 - [INFO] - [DEBUG] Path extraction: session=NSY, patient=0001158915, study_date=20241204
2025-09-10 06:40:27 - [INFO] - [DEBUG] Extracted patient info - ID: 0001158915, Session: NSY
2025-09-10 06:40:27 - [INFO] - [DEBUG] Original path: F:\projek dosen\prototype riset\hotspot-analyzer\data\PLANAR\NSY\0001158915\20241204\ANT001_DS.dcm
2025-09-10 06:40:27 - [INFO] - [DEBUG] Study date: 20241204
2025-09-10 06:40:27 - [INFO] - [DEBUG] Patient ID: 0001158915
2025-09-10 06:40:27 - [INFO] - [DEBUG] Session code: NSY
2025-09-10 06:40:27 - [INFO] - [DEBUG] Study date folder: F:\projek dosen\prototype riset\hotspot-analyzer\data\PLANAR\NSY\0001158915\20241204
2025-09-10 06:40:27 - [INFO] - [DEBUG] Loading original image for Posterior
2025-09-10 06:40:27 - [INFO] - [DEBUG] Looking for original PNG in study_date dir: F:\projek dosen\prototype riset\hotspot-analyzer\data\PLANAR\NSY\0001158915\20241204\post_original.png
2025-09-10 06:40:27 - [DEBUG] - STREAM b'IHDR' 16 13
2025-09-10 06:40:27 - [DEBUG] - STREAM b'IDAT' 41 65536
2025-09-10 06:40:27 - [INFO] - [DEBUG] Loaded original PNG from study_date dir: (256, 1024)
2025-09-10 06:40:27 - [INFO] - [DEBUG] Original image loaded: (256, 1024)
2025-09-10 06:40:27 - [INFO] - [DEBUG] Applying invert to original image
2025-09-10 06:40:27 - [INFO] - [DEBUG] simple_invert_pil_image: Processing L image, size = (256, 1024)
2025-09-10 06:40:27 - [INFO] - [DEBUG] simple_invert_image: input shape = (1024, 256), dtype = uint8
2025-09-10 06:40:27 - [INFO] - [DEBUG] Simple inversion completed: [0-255] -> [0-255]
2025-09-10 06:40:27 - [INFO] - [DEBUG] simple_invert_pil_image: completed
2025-09-10 06:40:27 - [INFO] - [DEBUG] Using STORED B/C values: B=0.00, C=1.00
2025-09-10 06:40:27 - [INFO] - [DEBUG]   Image layer loaded and processed
2025-09-10 06:40:27 - [INFO] - [DEBUG] Loading segmentation layer for Posterior
2025-09-10 06:40:27 - [INFO] - [DEBUG] Looking for segmentation (NEWEST): F:\projek dosen\prototype riset\hotspot-analyzer\data\PLANAR\NSY\0001158915\20241204\post_segm.png
2025-09-10 06:40:27 - [DEBUG] - STREAM b'IHDR' 16 13
2025-09-10 06:40:27 - [DEBUG] - STREAM b'IDAT' 41 4625
2025-09-10 06:40:27 - [INFO] - [DEBUG]   Loaded segmentation with transparency: F:\projek dosen\prototype riset\hotspot-analyzer\data\PLANAR\NSY\0001158915\20241204\post_segm.png
2025-09-10 06:40:27 - [INFO] - [DEBUG] Segmentation type: ORIGINAL
2025-09-10 06:40:27 - [INFO] - [DEBUG] Loading hotspot layer for Posterior
2025-09-10 06:40:27 - [INFO] - [DEBUG] Looking for hotspot classification (NEWEST): F:\projek dosen\prototype riset\hotspot-analyzer\data\PLANAR\NSY\0001158915\20241204\post_hotspot_classification.png
2025-09-10 06:40:27 - [INFO] - [DEBUG] No hotspot classification found: F:\projek dosen\prototype riset\hotspot-analyzer\data\PLANAR\NSY\0001158915\20241204\post_hotspot_classification.png
2025-09-10 06:40:27 - [INFO] - [DEBUG] Loading bbox layer for Posterior
2025-09-10 06:40:27 - [INFO] - [DEBUG] Looking for classification XML (NEWEST): F:\projek dosen\prototype riset\hotspot-analyzer\data\PLANAR\NSY\0001158915\20241204\post_hotspot_classification.xml
2025-09-10 06:40:27 - [INFO] - [DEBUG] No classification XML found: F:\projek dosen\prototype riset\hotspot-analyzer\data\PLANAR\NSY\0001158915\20241204\post_hotspot_classification.xml
2025-09-10 06:40:27 - [INFO] - [CACHE STORE] Not caching due to adjustments/overrides/invert
2025-09-10 06:40:27 - [INFO] - [DEBUG]   Loaded 2 layers for Posterior: ['Image', 'Segmentation']
2025-09-10 06:40:27 - [INFO] - [DEBUG] Available CLASSIFICATION layers in files: ['Image', 'Segmentation']
2025-09-10 06:40:27 - [INFO] - [SMART UPDATE] State updated - Type: full
2025-09-10 06:40:27 - [INFO] - [SMART UPDATE] State updated - Type: rebuild
2025-09-10 06:40:27 - [INFO] - [DEBUG] Set Segmentation opacity to 0.35
2025-09-10 06:40:27 - [INFO] - [SMART UPDATE] Change type: none
2025-09-10 06:40:27 - [INFO] - [SMART UPDATE] Using full rebuild for opacity change
2025-09-10 06:40:27 - [INFO] - [DEBUG] Rebuilding timeline for active scan index: 0
2025-09-10 06:40:27 - [INFO] - [DEBUG] Creating CLASSIFICATION card 0 for view: Anterior
2025-09-10 06:40:27 - [INFO] - [DEBUG] Active layers selected: []
2025-09-10 06:40:27 - [INFO] - [DEBUG] DICOM path: F:\projek dosen\prototype riset\hotspot-analyzer\data\PLANAR\NSY\0001158915\20241204\ANT001_DS.dcm
2025-09-10 06:40:27 - [INFO] - [DEBUG] Current view: Anterior
2025-09-10 06:40:27 - [INFO] - [CACHE DEBUG] use_cache=False
2025-09-10 06:40:27 - [INFO] - [CACHE DEBUG] has_adjustments=False (B=0.00, C=1.00)
2025-09-10 06:40:27 - [INFO] - [CACHE DEBUG] has_overrides=False (override_b=None, override_c=None)
2025-09-10 06:40:27 - [INFO] - [CACHE DEBUG] invert_original=True
2025-09-10 06:40:27 - [INFO] - [CACHE SKIP] Skipping cache due to adjustments/overrides/invert
2025-09-10 06:40:27 - [INFO] - [DEBUG] Path extraction: session=NSY, patient=0001158915, study_date=20241204
2025-09-10 06:40:27 - [INFO] - [DEBUG] Extracted patient info - ID: 0001158915, Session: NSY
2025-09-10 06:40:27 - [INFO] - [DEBUG] Original path: F:\projek dosen\prototype riset\hotspot-analyzer\data\PLANAR\NSY\0001158915\20241204\ANT001_DS.dcm
2025-09-10 06:40:27 - [INFO] - [DEBUG] Study date: 20241204
2025-09-10 06:40:27 - [INFO] - [DEBUG] Patient ID: 0001158915
2025-09-10 06:40:27 - [INFO] - [DEBUG] Session code: NSY
2025-09-10 06:40:27 - [INFO] - [DEBUG] Study date folder: F:\projek dosen\prototype riset\hotspot-analyzer\data\PLANAR\NSY\0001158915\20241204
2025-09-10 06:40:27 - [INFO] - [DEBUG] Loading original image for Anterior
2025-09-10 06:40:27 - [INFO] - [DEBUG] Looking for original PNG in study_date dir: F:\projek dosen\prototype riset\hotspot-analyzer\data\PLANAR\NSY\0001158915\20241204\ant_original.png
2025-09-10 06:40:27 - [DEBUG] - STREAM b'IHDR' 16 13
2025-09-10 06:40:27 - [DEBUG] - STREAM b'IDAT' 41 65536
2025-09-10 06:40:27 - [INFO] - [DEBUG] Loaded original PNG from study_date dir: (256, 1024)
2025-09-10 06:40:27 - [INFO] - [DEBUG] Original image loaded: (256, 1024)
2025-09-10 06:40:27 - [INFO] - [DEBUG] Applying invert to original image
2025-09-10 06:40:27 - [INFO] - [DEBUG] simple_invert_pil_image: Processing L image, size = (256, 1024)
2025-09-10 06:40:27 - [INFO] - [DEBUG] simple_invert_image: input shape = (1024, 256), dtype = uint8
2025-09-10 06:40:27 - [INFO] - [DEBUG] Simple inversion completed: [0-255] -> [0-255]
2025-09-10 06:40:27 - [INFO] - [DEBUG] simple_invert_pil_image: completed
2025-09-10 06:40:27 - [INFO] - [DEBUG] Using STORED B/C values: B=0.00, C=1.00
2025-09-10 06:40:27 - [INFO] - [DEBUG]   Image layer loaded and processed
2025-09-10 06:40:27 - [INFO] - [DEBUG] Loading segmentation layer for Anterior
2025-09-10 06:40:27 - [INFO] - [DEBUG] Looking for segmentation (NEWEST): F:\projek dosen\prototype riset\hotspot-analyzer\data\PLANAR\NSY\0001158915\20241204\20250826\ant_segm_011039.png
2025-09-10 06:40:27 - [DEBUG] - STREAM b'IHDR' 16 13
2025-09-10 06:40:27 - [DEBUG] - STREAM b'IDAT' 41 5158
2025-09-10 06:40:27 - [INFO] - [DEBUG]   Loaded segmentation with transparency: F:\projek dosen\prototype riset\hotspot-analyzer\data\PLANAR\NSY\0001158915\20241204\20250826\ant_segm_011039.png
2025-09-10 06:40:27 - [INFO] - [DEBUG] Segmentation type: EDITED
2025-09-10 06:40:27 - [INFO] - [DEBUG] Loading hotspot layer for Anterior
2025-09-10 06:40:27 - [INFO] - [DEBUG] Looking for hotspot classification (NEWEST): F:\projek dosen\prototype riset\hotspot-analyzer\data\PLANAR\NSY\0001158915\20241204\20250910\ant_hotspot_classification_064025.png
2025-09-10 06:40:27 - [DEBUG] - STREAM b'IHDR' 16 13
2025-09-10 06:40:27 - [DEBUG] - STREAM b'IDAT' 41 1077
2025-09-10 06:40:27 - [INFO] - [DEBUG]   Loaded hotspot layer: F:\projek dosen\prototype riset\hotspot-analyzer\data\PLANAR\NSY\0001158915\20241204\20250910\ant_hotspot_classification_064025.png
2025-09-10 06:40:27 - [INFO] - [DEBUG] Hotspot type: EDITED
2025-09-10 06:40:27 - [INFO] - [DEBUG] Loading bbox layer for Anterior
2025-09-10 06:40:28 - [INFO] - [DEBUG] Looking for classification XML (NEWEST): F:\projek dosen\prototype riset\hotspot-analyzer\data\PLANAR\NSY\0001158915\20241204\20250910\ant_hotspot_classification_064025.xml
2025-09-10 06:40:28 - [INFO] - [DEBUG] Loading CLASSIFICATION XML for bbox: F:\projek dosen\prototype riset\hotspot-analyzer\data\PLANAR\NSY\0001158915\20241204\20250910\ant_hotspot_classification_064025.xml
2025-09-10 06:40:28 - [INFO] - [DEBUG] Drew CLASSIFICATION Abnormal bbox: (63,74) -> (72,84)
2025-09-10 06:40:28 - [INFO] - [DEBUG] Drew CLASSIFICATION Abnormal bbox: (180,129) -> (213,158)
2025-09-10 06:40:28 - [INFO] - [DEBUG] Drew CLASSIFICATION Normal bbox: (129,70) -> (152,87)
2025-09-10 06:40:28 - [INFO] - [DEBUG]   Created CLASSIFICATION bbox visualization with 3 boxes
2025-09-10 06:40:28 - [INFO] - [DEBUG]   Loaded bbox layer: F:\projek dosen\prototype riset\hotspot-analyzer\data\PLANAR\NSY\0001158915\20241204\20250910\ant_hotspot_classification_064025.xml
2025-09-10 06:40:28 - [INFO] - [DEBUG] BBox XML type: EDITED
2025-09-10 06:40:28 - [INFO] - [CACHE STORE] Not caching due to adjustments/overrides/invert
2025-09-10 06:40:28 - [INFO] - [DEBUG]   Loaded 4 layers for Anterior: ['Image', 'Segmentation', 'Hotspot', 'HotspotBBox']
2025-09-10 06:40:28 - [INFO] - [DEBUG] Available CLASSIFICATION layers in files: ['Image', 'Segmentation', 'Hotspot', 'HotspotBBox']
2025-09-10 06:40:28 - [INFO] - [DEBUG] Creating CLASSIFICATION card 0 for view: Posterior
2025-09-10 06:40:28 - [INFO] - [DEBUG] Active layers selected: []
2025-09-10 06:40:28 - [INFO] - [DEBUG] DICOM path: F:\projek dosen\prototype riset\hotspot-analyzer\data\PLANAR\NSY\0001158915\20241204\ANT001_DS.dcm
2025-09-10 06:40:28 - [INFO] - [DEBUG] Current view: Posterior
2025-09-10 06:40:28 - [INFO] - [CACHE DEBUG] use_cache=False
2025-09-10 06:40:28 - [INFO] - [CACHE DEBUG] has_adjustments=False (B=0.00, C=1.00)
2025-09-10 06:40:28 - [INFO] - [CACHE DEBUG] has_overrides=False (override_b=None, override_c=None)
2025-09-10 06:40:28 - [INFO] - [CACHE DEBUG] invert_original=True
2025-09-10 06:40:28 - [INFO] - [CACHE SKIP] Skipping cache due to adjustments/overrides/invert
2025-09-10 06:40:28 - [INFO] - [DEBUG] Path extraction: session=NSY, patient=0001158915, study_date=20241204
2025-09-10 06:40:28 - [INFO] - [DEBUG] Extracted patient info - ID: 0001158915, Session: NSY
2025-09-10 06:40:28 - [INFO] - [DEBUG] Original path: F:\projek dosen\prototype riset\hotspot-analyzer\data\PLANAR\NSY\0001158915\20241204\ANT001_DS.dcm
2025-09-10 06:40:28 - [INFO] - [DEBUG] Study date: 20241204
2025-09-10 06:40:28 - [INFO] - [DEBUG] Patient ID: 0001158915
2025-09-10 06:40:28 - [INFO] - [DEBUG] Session code: NSY
2025-09-10 06:40:28 - [INFO] - [DEBUG] Study date folder: F:\projek dosen\prototype riset\hotspot-analyzer\data\PLANAR\NSY\0001158915\20241204
2025-09-10 06:40:28 - [INFO] - [DEBUG] Loading original image for Posterior
2025-09-10 06:40:28 - [INFO] - [DEBUG] Looking for original PNG in study_date dir: F:\projek dosen\prototype riset\hotspot-analyzer\data\PLANAR\NSY\0001158915\20241204\post_original.png
2025-09-10 06:40:28 - [DEBUG] - STREAM b'IHDR' 16 13
2025-09-10 06:40:28 - [DEBUG] - STREAM b'IDAT' 41 65536
2025-09-10 06:40:28 - [INFO] - [DEBUG] Loaded original PNG from study_date dir: (256, 1024)
2025-09-10 06:40:28 - [INFO] - [DEBUG] Original image loaded: (256, 1024)
2025-09-10 06:40:28 - [INFO] - [DEBUG] Applying invert to original image
2025-09-10 06:40:28 - [INFO] - [DEBUG] simple_invert_pil_image: Processing L image, size = (256, 1024)
2025-09-10 06:40:28 - [INFO] - [DEBUG] simple_invert_image: input shape = (1024, 256), dtype = uint8
2025-09-10 06:40:28 - [INFO] - [DEBUG] Simple inversion completed: [0-255] -> [0-255]
2025-09-10 06:40:28 - [INFO] - [DEBUG] simple_invert_pil_image: completed
2025-09-10 06:40:28 - [INFO] - [DEBUG] Using STORED B/C values: B=0.00, C=1.00
2025-09-10 06:40:28 - [INFO] - [DEBUG]   Image layer loaded and processed
2025-09-10 06:40:28 - [INFO] - [DEBUG] Loading segmentation layer for Posterior
2025-09-10 06:40:28 - [INFO] - [DEBUG] Looking for segmentation (NEWEST): F:\projek dosen\prototype riset\hotspot-analyzer\data\PLANAR\NSY\0001158915\20241204\post_segm.png
2025-09-10 06:40:28 - [DEBUG] - STREAM b'IHDR' 16 13
2025-09-10 06:40:28 - [DEBUG] - STREAM b'IDAT' 41 4625
2025-09-10 06:40:28 - [INFO] - [DEBUG]   Loaded segmentation with transparency: F:\projek dosen\prototype riset\hotspot-analyzer\data\PLANAR\NSY\0001158915\20241204\post_segm.png
2025-09-10 06:40:28 - [INFO] - [DEBUG] Segmentation type: ORIGINAL
2025-09-10 06:40:28 - [INFO] - [DEBUG] Loading hotspot layer for Posterior
2025-09-10 06:40:28 - [INFO] - [DEBUG] Looking for hotspot classification (NEWEST): F:\projek dosen\prototype riset\hotspot-analyzer\data\PLANAR\NSY\0001158915\20241204\post_hotspot_classification.png
2025-09-10 06:40:28 - [INFO] - [DEBUG] No hotspot classification found: F:\projek dosen\prototype riset\hotspot-analyzer\data\PLANAR\NSY\0001158915\20241204\post_hotspot_classification.png
2025-09-10 06:40:28 - [INFO] - [DEBUG] Loading bbox layer for Posterior
2025-09-10 06:40:28 - [INFO] - [DEBUG] Looking for classification XML (NEWEST): F:\projek dosen\prototype riset\hotspot-analyzer\data\PLANAR\NSY\0001158915\20241204\post_hotspot_classification.xml
2025-09-10 06:40:28 - [INFO] - [DEBUG] No classification XML found: F:\projek dosen\prototype riset\hotspot-analyzer\data\PLANAR\NSY\0001158915\20241204\post_hotspot_classification.xml
2025-09-10 06:40:28 - [INFO] - [CACHE STORE] Not caching due to adjustments/overrides/invert
2025-09-10 06:40:28 - [INFO] - [DEBUG]   Loaded 2 layers for Posterior: ['Image', 'Segmentation']
2025-09-10 06:40:28 - [INFO] - [DEBUG] Available CLASSIFICATION layers in files: ['Image', 'Segmentation']
2025-09-10 06:40:28 - [INFO] - [SMART UPDATE] State updated - Type: full
2025-09-10 06:40:28 - [INFO] - [SMART UPDATE] State updated - Type: rebuild
2025-09-10 06:40:28 - [INFO] - [DEBUG] Set Hotspot opacity to 0.50
2025-09-10 06:40:28 - [INFO] - [SMART UPDATE] Change type: none
2025-09-10 06:40:28 - [INFO] - [SMART UPDATE] Using full rebuild for opacity change
2025-09-10 06:40:28 - [INFO] - [DEBUG] Rebuilding timeline for active scan index: 0
2025-09-10 06:40:28 - [INFO] - [DEBUG] Creating CLASSIFICATION card 0 for view: Anterior
2025-09-10 06:40:28 - [INFO] - [DEBUG] Active layers selected: []
2025-09-10 06:40:28 - [INFO] - [DEBUG] DICOM path: F:\projek dosen\prototype riset\hotspot-analyzer\data\PLANAR\NSY\0001158915\20241204\ANT001_DS.dcm
2025-09-10 06:40:28 - [INFO] - [DEBUG] Current view: Anterior
2025-09-10 06:40:28 - [INFO] - [CACHE DEBUG] use_cache=False
2025-09-10 06:40:28 - [INFO] - [CACHE DEBUG] has_adjustments=False (B=0.00, C=1.00)
2025-09-10 06:40:28 - [INFO] - [CACHE DEBUG] has_overrides=False (override_b=None, override_c=None)
2025-09-10 06:40:28 - [INFO] - [CACHE DEBUG] invert_original=True
2025-09-10 06:40:28 - [INFO] - [CACHE SKIP] Skipping cache due to adjustments/overrides/invert
2025-09-10 06:40:28 - [INFO] - [DEBUG] Path extraction: session=NSY, patient=0001158915, study_date=20241204
2025-09-10 06:40:28 - [INFO] - [DEBUG] Extracted patient info - ID: 0001158915, Session: NSY
2025-09-10 06:40:28 - [INFO] - [DEBUG] Original path: F:\projek dosen\prototype riset\hotspot-analyzer\data\PLANAR\NSY\0001158915\20241204\ANT001_DS.dcm
2025-09-10 06:40:28 - [INFO] - [DEBUG] Study date: 20241204
2025-09-10 06:40:28 - [INFO] - [DEBUG] Patient ID: 0001158915
2025-09-10 06:40:28 - [INFO] - [DEBUG] Session code: NSY
2025-09-10 06:40:28 - [INFO] - [DEBUG] Study date folder: F:\projek dosen\prototype riset\hotspot-analyzer\data\PLANAR\NSY\0001158915\20241204
2025-09-10 06:40:28 - [INFO] - [DEBUG] Loading original image for Anterior
2025-09-10 06:40:28 - [INFO] - [DEBUG] Looking for original PNG in study_date dir: F:\projek dosen\prototype riset\hotspot-analyzer\data\PLANAR\NSY\0001158915\20241204\ant_original.png
2025-09-10 06:40:28 - [DEBUG] - STREAM b'IHDR' 16 13
2025-09-10 06:40:28 - [DEBUG] - STREAM b'IDAT' 41 65536
2025-09-10 06:40:28 - [INFO] - [DEBUG] Loaded original PNG from study_date dir: (256, 1024)
2025-09-10 06:40:28 - [INFO] - [DEBUG] Original image loaded: (256, 1024)
2025-09-10 06:40:28 - [INFO] - [DEBUG] Applying invert to original image
2025-09-10 06:40:28 - [INFO] - [DEBUG] simple_invert_pil_image: Processing L image, size = (256, 1024)
2025-09-10 06:40:28 - [INFO] - [DEBUG] simple_invert_image: input shape = (1024, 256), dtype = uint8
2025-09-10 06:40:28 - [INFO] - [DEBUG] Simple inversion completed: [0-255] -> [0-255]
2025-09-10 06:40:28 - [INFO] - [DEBUG] simple_invert_pil_image: completed
2025-09-10 06:40:28 - [INFO] - [DEBUG] Using STORED B/C values: B=0.00, C=1.00
2025-09-10 06:40:28 - [INFO] - [DEBUG]   Image layer loaded and processed
2025-09-10 06:40:28 - [INFO] - [DEBUG] Loading segmentation layer for Anterior
2025-09-10 06:40:28 - [INFO] - [DEBUG] Looking for segmentation (NEWEST): F:\projek dosen\prototype riset\hotspot-analyzer\data\PLANAR\NSY\0001158915\20241204\20250826\ant_segm_011039.png
2025-09-10 06:40:28 - [DEBUG] - STREAM b'IHDR' 16 13
2025-09-10 06:40:28 - [DEBUG] - STREAM b'IDAT' 41 5158
2025-09-10 06:40:28 - [INFO] - [DEBUG]   Loaded segmentation with transparency: F:\projek dosen\prototype riset\hotspot-analyzer\data\PLANAR\NSY\0001158915\20241204\20250826\ant_segm_011039.png
2025-09-10 06:40:28 - [INFO] - [DEBUG] Segmentation type: EDITED
2025-09-10 06:40:28 - [INFO] - [DEBUG] Loading hotspot layer for Anterior
2025-09-10 06:40:28 - [INFO] - [DEBUG] Looking for hotspot classification (NEWEST): F:\projek dosen\prototype riset\hotspot-analyzer\data\PLANAR\NSY\0001158915\20241204\20250910\ant_hotspot_classification_064025.png
2025-09-10 06:40:28 - [DEBUG] - STREAM b'IHDR' 16 13
2025-09-10 06:40:28 - [DEBUG] - STREAM b'IDAT' 41 1077
2025-09-10 06:40:28 - [INFO] - [DEBUG]   Loaded hotspot layer: F:\projek dosen\prototype riset\hotspot-analyzer\data\PLANAR\NSY\0001158915\20241204\20250910\ant_hotspot_classification_064025.png
2025-09-10 06:40:28 - [INFO] - [DEBUG] Hotspot type: EDITED
2025-09-10 06:40:28 - [INFO] - [DEBUG] Loading bbox layer for Anterior
2025-09-10 06:40:28 - [INFO] - [DEBUG] Looking for classification XML (NEWEST): F:\projek dosen\prototype riset\hotspot-analyzer\data\PLANAR\NSY\0001158915\20241204\20250910\ant_hotspot_classification_064025.xml
2025-09-10 06:40:28 - [INFO] - [DEBUG] Loading CLASSIFICATION XML for bbox: F:\projek dosen\prototype riset\hotspot-analyzer\data\PLANAR\NSY\0001158915\20241204\20250910\ant_hotspot_classification_064025.xml
2025-09-10 06:40:28 - [INFO] - [DEBUG] Drew CLASSIFICATION Abnormal bbox: (63,74) -> (72,84)
2025-09-10 06:40:28 - [INFO] - [DEBUG] Drew CLASSIFICATION Abnormal bbox: (180,129) -> (213,158)
2025-09-10 06:40:28 - [INFO] - [DEBUG] Drew CLASSIFICATION Normal bbox: (129,70) -> (152,87)
2025-09-10 06:40:28 - [INFO] - [DEBUG]   Created CLASSIFICATION bbox visualization with 3 boxes
2025-09-10 06:40:28 - [INFO] - [DEBUG]   Loaded bbox layer: F:\projek dosen\prototype riset\hotspot-analyzer\data\PLANAR\NSY\0001158915\20241204\20250910\ant_hotspot_classification_064025.xml
2025-09-10 06:40:28 - [INFO] - [DEBUG] BBox XML type: EDITED
2025-09-10 06:40:28 - [INFO] - [CACHE STORE] Not caching due to adjustments/overrides/invert
2025-09-10 06:40:28 - [INFO] - [DEBUG]   Loaded 4 layers for Anterior: ['Image', 'Segmentation', 'Hotspot', 'HotspotBBox']
2025-09-10 06:40:28 - [INFO] - [DEBUG] Available CLASSIFICATION layers in files: ['Image', 'Segmentation', 'Hotspot', 'HotspotBBox']
2025-09-10 06:40:28 - [INFO] - [DEBUG] Creating CLASSIFICATION card 0 for view: Posterior
2025-09-10 06:40:28 - [INFO] - [DEBUG] Active layers selected: []
2025-09-10 06:40:28 - [INFO] - [DEBUG] DICOM path: F:\projek dosen\prototype riset\hotspot-analyzer\data\PLANAR\NSY\0001158915\20241204\ANT001_DS.dcm
2025-09-10 06:40:28 - [INFO] - [DEBUG] Current view: Posterior
2025-09-10 06:40:28 - [INFO] - [CACHE DEBUG] use_cache=False
2025-09-10 06:40:28 - [INFO] - [CACHE DEBUG] has_adjustments=False (B=0.00, C=1.00)
2025-09-10 06:40:28 - [INFO] - [CACHE DEBUG] has_overrides=False (override_b=None, override_c=None)
2025-09-10 06:40:28 - [INFO] - [CACHE DEBUG] invert_original=True
2025-09-10 06:40:28 - [INFO] - [CACHE SKIP] Skipping cache due to adjustments/overrides/invert
2025-09-10 06:40:28 - [INFO] - [DEBUG] Path extraction: session=NSY, patient=0001158915, study_date=20241204
2025-09-10 06:40:28 - [INFO] - [DEBUG] Extracted patient info - ID: 0001158915, Session: NSY
2025-09-10 06:40:28 - [INFO] - [DEBUG] Original path: F:\projek dosen\prototype riset\hotspot-analyzer\data\PLANAR\NSY\0001158915\20241204\ANT001_DS.dcm
2025-09-10 06:40:28 - [INFO] - [DEBUG] Study date: 20241204
2025-09-10 06:40:28 - [INFO] - [DEBUG] Patient ID: 0001158915
2025-09-10 06:40:28 - [INFO] - [DEBUG] Session code: NSY
2025-09-10 06:40:28 - [INFO] - [DEBUG] Study date folder: F:\projek dosen\prototype riset\hotspot-analyzer\data\PLANAR\NSY\0001158915\20241204
2025-09-10 06:40:28 - [INFO] - [DEBUG] Loading original image for Posterior
2025-09-10 06:40:28 - [INFO] - [DEBUG] Looking for original PNG in study_date dir: F:\projek dosen\prototype riset\hotspot-analyzer\data\PLANAR\NSY\0001158915\20241204\post_original.png
2025-09-10 06:40:28 - [DEBUG] - STREAM b'IHDR' 16 13
2025-09-10 06:40:28 - [DEBUG] - STREAM b'IDAT' 41 65536
2025-09-10 06:40:28 - [INFO] - [DEBUG] Loaded original PNG from study_date dir: (256, 1024)
2025-09-10 06:40:28 - [INFO] - [DEBUG] Original image loaded: (256, 1024)
2025-09-10 06:40:28 - [INFO] - [DEBUG] Applying invert to original image
2025-09-10 06:40:28 - [INFO] - [DEBUG] simple_invert_pil_image: Processing L image, size = (256, 1024)
2025-09-10 06:40:28 - [INFO] - [DEBUG] simple_invert_image: input shape = (1024, 256), dtype = uint8
2025-09-10 06:40:28 - [INFO] - [DEBUG] Simple inversion completed: [0-255] -> [0-255]
2025-09-10 06:40:28 - [INFO] - [DEBUG] simple_invert_pil_image: completed
2025-09-10 06:40:28 - [INFO] - [DEBUG] Using STORED B/C values: B=0.00, C=1.00
2025-09-10 06:40:28 - [INFO] - [DEBUG]   Image layer loaded and processed
2025-09-10 06:40:28 - [INFO] - [DEBUG] Loading segmentation layer for Posterior
2025-09-10 06:40:28 - [INFO] - [DEBUG] Looking for segmentation (NEWEST): F:\projek dosen\prototype riset\hotspot-analyzer\data\PLANAR\NSY\0001158915\20241204\post_segm.png
2025-09-10 06:40:28 - [DEBUG] - STREAM b'IHDR' 16 13
2025-09-10 06:40:28 - [DEBUG] - STREAM b'IDAT' 41 4625
2025-09-10 06:40:28 - [INFO] - [DEBUG]   Loaded segmentation with transparency: F:\projek dosen\prototype riset\hotspot-analyzer\data\PLANAR\NSY\0001158915\20241204\post_segm.png
2025-09-10 06:40:28 - [INFO] - [DEBUG] Segmentation type: ORIGINAL
2025-09-10 06:40:28 - [INFO] - [DEBUG] Loading hotspot layer for Posterior
2025-09-10 06:40:28 - [INFO] - [DEBUG] Looking for hotspot classification (NEWEST): F:\projek dosen\prototype riset\hotspot-analyzer\data\PLANAR\NSY\0001158915\20241204\post_hotspot_classification.png
2025-09-10 06:40:28 - [INFO] - [DEBUG] No hotspot classification found: F:\projek dosen\prototype riset\hotspot-analyzer\data\PLANAR\NSY\0001158915\20241204\post_hotspot_classification.png
2025-09-10 06:40:28 - [INFO] - [DEBUG] Loading bbox layer for Posterior
2025-09-10 06:40:28 - [INFO] - [DEBUG] Looking for classification XML (NEWEST): F:\projek dosen\prototype riset\hotspot-analyzer\data\PLANAR\NSY\0001158915\20241204\post_hotspot_classification.xml
2025-09-10 06:40:28 - [INFO] - [DEBUG] No classification XML found: F:\projek dosen\prototype riset\hotspot-analyzer\data\PLANAR\NSY\0001158915\20241204\post_hotspot_classification.xml
2025-09-10 06:40:28 - [INFO] - [CACHE STORE] Not caching due to adjustments/overrides/invert
2025-09-10 06:40:28 - [INFO] - [DEBUG]   Loaded 2 layers for Posterior: ['Image', 'Segmentation']
2025-09-10 06:40:28 - [INFO] - [DEBUG] Available CLASSIFICATION layers in files: ['Image', 'Segmentation']
2025-09-10 06:40:28 - [INFO] - [SMART UPDATE] State updated - Type: full
2025-09-10 06:40:28 - [INFO] - [SMART UPDATE] State updated - Type: rebuild
2025-09-10 06:40:28 - [INFO] - [DEBUG] Set HotspotBBox opacity to 1.00
2025-09-10 06:40:28 - [INFO] - [SMART UPDATE] Change type: none
2025-09-10 06:40:28 - [INFO] - [SMART UPDATE] Using full rebuild for opacity change
2025-09-10 06:40:28 - [INFO] - [DEBUG] Rebuilding timeline for active scan index: 0
2025-09-10 06:40:28 - [INFO] - [DEBUG] Creating CLASSIFICATION card 0 for view: Anterior
2025-09-10 06:40:28 - [INFO] - [DEBUG] Active layers selected: []
2025-09-10 06:40:28 - [INFO] - [DEBUG] DICOM path: F:\projek dosen\prototype riset\hotspot-analyzer\data\PLANAR\NSY\0001158915\20241204\ANT001_DS.dcm
2025-09-10 06:40:28 - [INFO] - [DEBUG] Current view: Anterior
2025-09-10 06:40:28 - [INFO] - [CACHE DEBUG] use_cache=False
2025-09-10 06:40:28 - [INFO] - [CACHE DEBUG] has_adjustments=False (B=0.00, C=1.00)
2025-09-10 06:40:28 - [INFO] - [CACHE DEBUG] has_overrides=False (override_b=None, override_c=None)
2025-09-10 06:40:28 - [INFO] - [CACHE DEBUG] invert_original=True
2025-09-10 06:40:28 - [INFO] - [CACHE SKIP] Skipping cache due to adjustments/overrides/invert
2025-09-10 06:40:28 - [INFO] - [DEBUG] Path extraction: session=NSY, patient=0001158915, study_date=20241204
2025-09-10 06:40:28 - [INFO] - [DEBUG] Extracted patient info - ID: 0001158915, Session: NSY
2025-09-10 06:40:28 - [INFO] - [DEBUG] Original path: F:\projek dosen\prototype riset\hotspot-analyzer\data\PLANAR\NSY\0001158915\20241204\ANT001_DS.dcm
2025-09-10 06:40:28 - [INFO] - [DEBUG] Study date: 20241204
2025-09-10 06:40:28 - [INFO] - [DEBUG] Patient ID: 0001158915
2025-09-10 06:40:28 - [INFO] - [DEBUG] Session code: NSY
2025-09-10 06:40:28 - [INFO] - [DEBUG] Study date folder: F:\projek dosen\prototype riset\hotspot-analyzer\data\PLANAR\NSY\0001158915\20241204
2025-09-10 06:40:28 - [INFO] - [DEBUG] Loading original image for Anterior
2025-09-10 06:40:28 - [INFO] - [DEBUG] Looking for original PNG in study_date dir: F:\projek dosen\prototype riset\hotspot-analyzer\data\PLANAR\NSY\0001158915\20241204\ant_original.png
2025-09-10 06:40:28 - [DEBUG] - STREAM b'IHDR' 16 13
2025-09-10 06:40:28 - [DEBUG] - STREAM b'IDAT' 41 65536
2025-09-10 06:40:28 - [INFO] - [DEBUG] Loaded original PNG from study_date dir: (256, 1024)
2025-09-10 06:40:28 - [INFO] - [DEBUG] Original image loaded: (256, 1024)
2025-09-10 06:40:28 - [INFO] - [DEBUG] Applying invert to original image
2025-09-10 06:40:28 - [INFO] - [DEBUG] simple_invert_pil_image: Processing L image, size = (256, 1024)
2025-09-10 06:40:28 - [INFO] - [DEBUG] simple_invert_image: input shape = (1024, 256), dtype = uint8
2025-09-10 06:40:28 - [INFO] - [DEBUG] Simple inversion completed: [0-255] -> [0-255]
2025-09-10 06:40:28 - [INFO] - [DEBUG] simple_invert_pil_image: completed
2025-09-10 06:40:28 - [INFO] - [DEBUG] Using STORED B/C values: B=0.00, C=1.00
2025-09-10 06:40:28 - [INFO] - [DEBUG]   Image layer loaded and processed
2025-09-10 06:40:28 - [INFO] - [DEBUG] Loading segmentation layer for Anterior
2025-09-10 06:40:28 - [INFO] - [DEBUG] Looking for segmentation (NEWEST): F:\projek dosen\prototype riset\hotspot-analyzer\data\PLANAR\NSY\0001158915\20241204\20250826\ant_segm_011039.png
2025-09-10 06:40:28 - [DEBUG] - STREAM b'IHDR' 16 13
2025-09-10 06:40:28 - [DEBUG] - STREAM b'IDAT' 41 5158
2025-09-10 06:40:28 - [INFO] - [DEBUG]   Loaded segmentation with transparency: F:\projek dosen\prototype riset\hotspot-analyzer\data\PLANAR\NSY\0001158915\20241204\20250826\ant_segm_011039.png
2025-09-10 06:40:28 - [INFO] - [DEBUG] Segmentation type: EDITED
2025-09-10 06:40:28 - [INFO] - [DEBUG] Loading hotspot layer for Anterior
2025-09-10 06:40:28 - [INFO] - [DEBUG] Looking for hotspot classification (NEWEST): F:\projek dosen\prototype riset\hotspot-analyzer\data\PLANAR\NSY\0001158915\20241204\20250910\ant_hotspot_classification_064025.png
2025-09-10 06:40:28 - [DEBUG] - STREAM b'IHDR' 16 13
2025-09-10 06:40:28 - [DEBUG] - STREAM b'IDAT' 41 1077
2025-09-10 06:40:28 - [INFO] - [DEBUG]   Loaded hotspot layer: F:\projek dosen\prototype riset\hotspot-analyzer\data\PLANAR\NSY\0001158915\20241204\20250910\ant_hotspot_classification_064025.png
2025-09-10 06:40:28 - [INFO] - [DEBUG] Hotspot type: EDITED
2025-09-10 06:40:28 - [INFO] - [DEBUG] Loading bbox layer for Anterior
2025-09-10 06:40:28 - [INFO] - [DEBUG] Looking for classification XML (NEWEST): F:\projek dosen\prototype riset\hotspot-analyzer\data\PLANAR\NSY\0001158915\20241204\20250910\ant_hotspot_classification_064025.xml
2025-09-10 06:40:28 - [INFO] - [DEBUG] Loading CLASSIFICATION XML for bbox: F:\projek dosen\prototype riset\hotspot-analyzer\data\PLANAR\NSY\0001158915\20241204\20250910\ant_hotspot_classification_064025.xml
2025-09-10 06:40:28 - [INFO] - [DEBUG] Drew CLASSIFICATION Abnormal bbox: (63,74) -> (72,84)
2025-09-10 06:40:28 - [INFO] - [DEBUG] Drew CLASSIFICATION Abnormal bbox: (180,129) -> (213,158)
2025-09-10 06:40:28 - [INFO] - [DEBUG] Drew CLASSIFICATION Normal bbox: (129,70) -> (152,87)
2025-09-10 06:40:28 - [INFO] - [DEBUG]   Created CLASSIFICATION bbox visualization with 3 boxes
2025-09-10 06:40:28 - [INFO] - [DEBUG]   Loaded bbox layer: F:\projek dosen\prototype riset\hotspot-analyzer\data\PLANAR\NSY\0001158915\20241204\20250910\ant_hotspot_classification_064025.xml
2025-09-10 06:40:28 - [INFO] - [DEBUG] BBox XML type: EDITED
2025-09-10 06:40:28 - [INFO] - [CACHE STORE] Not caching due to adjustments/overrides/invert
2025-09-10 06:40:28 - [INFO] - [DEBUG]   Loaded 4 layers for Anterior: ['Image', 'Segmentation', 'Hotspot', 'HotspotBBox']
2025-09-10 06:40:28 - [INFO] - [DEBUG] Available CLASSIFICATION layers in files: ['Image', 'Segmentation', 'Hotspot', 'HotspotBBox']
2025-09-10 06:40:28 - [INFO] - [DEBUG] Creating CLASSIFICATION card 0 for view: Posterior
2025-09-10 06:40:28 - [INFO] - [DEBUG] Active layers selected: []
2025-09-10 06:40:28 - [INFO] - [DEBUG] DICOM path: F:\projek dosen\prototype riset\hotspot-analyzer\data\PLANAR\NSY\0001158915\20241204\ANT001_DS.dcm
2025-09-10 06:40:28 - [INFO] - [DEBUG] Current view: Posterior
2025-09-10 06:40:28 - [INFO] - [CACHE DEBUG] use_cache=False
2025-09-10 06:40:28 - [INFO] - [CACHE DEBUG] has_adjustments=False (B=0.00, C=1.00)
2025-09-10 06:40:28 - [INFO] - [CACHE DEBUG] has_overrides=False (override_b=None, override_c=None)
2025-09-10 06:40:28 - [INFO] - [CACHE DEBUG] invert_original=True
2025-09-10 06:40:28 - [INFO] - [CACHE SKIP] Skipping cache due to adjustments/overrides/invert
2025-09-10 06:40:28 - [INFO] - [DEBUG] Path extraction: session=NSY, patient=0001158915, study_date=20241204
2025-09-10 06:40:28 - [INFO] - [DEBUG] Extracted patient info - ID: 0001158915, Session: NSY
2025-09-10 06:40:28 - [INFO] - [DEBUG] Original path: F:\projek dosen\prototype riset\hotspot-analyzer\data\PLANAR\NSY\0001158915\20241204\ANT001_DS.dcm
2025-09-10 06:40:28 - [INFO] - [DEBUG] Study date: 20241204
2025-09-10 06:40:28 - [INFO] - [DEBUG] Patient ID: 0001158915
2025-09-10 06:40:28 - [INFO] - [DEBUG] Session code: NSY
2025-09-10 06:40:28 - [INFO] - [DEBUG] Study date folder: F:\projek dosen\prototype riset\hotspot-analyzer\data\PLANAR\NSY\0001158915\20241204
2025-09-10 06:40:28 - [INFO] - [DEBUG] Loading original image for Posterior
2025-09-10 06:40:28 - [INFO] - [DEBUG] Looking for original PNG in study_date dir: F:\projek dosen\prototype riset\hotspot-analyzer\data\PLANAR\NSY\0001158915\20241204\post_original.png
2025-09-10 06:40:28 - [DEBUG] - STREAM b'IHDR' 16 13
2025-09-10 06:40:28 - [DEBUG] - STREAM b'IDAT' 41 65536
2025-09-10 06:40:28 - [INFO] - [DEBUG] Loaded original PNG from study_date dir: (256, 1024)
2025-09-10 06:40:28 - [INFO] - [DEBUG] Original image loaded: (256, 1024)
2025-09-10 06:40:28 - [INFO] - [DEBUG] Applying invert to original image
2025-09-10 06:40:28 - [INFO] - [DEBUG] simple_invert_pil_image: Processing L image, size = (256, 1024)
2025-09-10 06:40:28 - [INFO] - [DEBUG] simple_invert_image: input shape = (1024, 256), dtype = uint8
2025-09-10 06:40:28 - [INFO] - [DEBUG] Simple inversion completed: [0-255] -> [0-255]
2025-09-10 06:40:28 - [INFO] - [DEBUG] simple_invert_pil_image: completed
2025-09-10 06:40:28 - [INFO] - [DEBUG] Using STORED B/C values: B=0.00, C=1.00
2025-09-10 06:40:28 - [INFO] - [DEBUG]   Image layer loaded and processed
2025-09-10 06:40:28 - [INFO] - [DEBUG] Loading segmentation layer for Posterior
2025-09-10 06:40:28 - [INFO] - [DEBUG] Looking for segmentation (NEWEST): F:\projek dosen\prototype riset\hotspot-analyzer\data\PLANAR\NSY\0001158915\20241204\post_segm.png
2025-09-10 06:40:28 - [DEBUG] - STREAM b'IHDR' 16 13
2025-09-10 06:40:28 - [DEBUG] - STREAM b'IDAT' 41 4625
2025-09-10 06:40:28 - [INFO] - [DEBUG]   Loaded segmentation with transparency: F:\projek dosen\prototype riset\hotspot-analyzer\data\PLANAR\NSY\0001158915\20241204\post_segm.png
2025-09-10 06:40:28 - [INFO] - [DEBUG] Segmentation type: ORIGINAL
2025-09-10 06:40:28 - [INFO] - [DEBUG] Loading hotspot layer for Posterior
2025-09-10 06:40:28 - [INFO] - [DEBUG] Looking for hotspot classification (NEWEST): F:\projek dosen\prototype riset\hotspot-analyzer\data\PLANAR\NSY\0001158915\20241204\post_hotspot_classification.png
2025-09-10 06:40:28 - [INFO] - [DEBUG] No hotspot classification found: F:\projek dosen\prototype riset\hotspot-analyzer\data\PLANAR\NSY\0001158915\20241204\post_hotspot_classification.png
2025-09-10 06:40:28 - [INFO] - [DEBUG] Loading bbox layer for Posterior
2025-09-10 06:40:28 - [INFO] - [DEBUG] Looking for classification XML (NEWEST): F:\projek dosen\prototype riset\hotspot-analyzer\data\PLANAR\NSY\0001158915\20241204\post_hotspot_classification.xml
2025-09-10 06:40:28 - [INFO] - [DEBUG] No classification XML found: F:\projek dosen\prototype riset\hotspot-analyzer\data\PLANAR\NSY\0001158915\20241204\post_hotspot_classification.xml
2025-09-10 06:40:28 - [INFO] - [CACHE STORE] Not caching due to adjustments/overrides/invert
2025-09-10 06:40:28 - [INFO] - [DEBUG]   Loaded 2 layers for Posterior: ['Image', 'Segmentation']
2025-09-10 06:40:28 - [INFO] - [DEBUG] Available CLASSIFICATION layers in files: ['Image', 'Segmentation']
2025-09-10 06:40:28 - [INFO] - [SMART UPDATE] State updated - Type: full
2025-09-10 06:40:28 - [INFO] - [SMART UPDATE] State updated - Type: rebuild
2025-09-10 06:40:28 - [INFO] - [DEBUG] Setting default layers: 'Image' checkbox should now be ON.
2025-09-10 06:40:28 - [INFO] - [DEBUG] Checkbox Image toggled: True
2025-09-10 06:40:28 - [INFO] - [DEBUG] Active layers: ['Image']
2025-09-10 06:40:28 - [INFO] - [DEBUG] Layers changed to: ['Image']
2025-09-10 06:40:28 - [INFO] - [SMART UPDATE] Change type: layers
2025-09-10 06:40:28 - [INFO] - [SMART UPDATE] Layers added: ['Image']
2025-09-10 06:40:28 - [INFO] - [DEBUG] Timeline active layers set to: ['Image']
2025-09-10 06:40:28 - [INFO] - [SMART UPDATE] Full rebuild required for change type: layers
2025-09-10 06:40:28 - [INFO] - [DEBUG] Rebuilding timeline for active scan index: 0
2025-09-10 06:40:28 - [INFO] - [DEBUG] Creating CLASSIFICATION card 0 for view: Anterior
2025-09-10 06:40:28 - [INFO] - [DEBUG] Active layers selected: ['Image']
2025-09-10 06:40:28 - [INFO] - [DEBUG] DICOM path: F:\projek dosen\prototype riset\hotspot-analyzer\data\PLANAR\NSY\0001158915\20241204\ANT001_DS.dcm
2025-09-10 06:40:28 - [INFO] - [DEBUG] Current view: Anterior
2025-09-10 06:40:28 - [INFO] - [CACHE DEBUG] use_cache=False
2025-09-10 06:40:28 - [INFO] - [CACHE DEBUG] has_adjustments=False (B=0.00, C=1.00)
2025-09-10 06:40:28 - [INFO] - [CACHE DEBUG] has_overrides=False (override_b=None, override_c=None)
2025-09-10 06:40:28 - [INFO] - [CACHE DEBUG] invert_original=True
2025-09-10 06:40:28 - [INFO] - [CACHE SKIP] Skipping cache due to adjustments/overrides/invert
2025-09-10 06:40:28 - [INFO] - [DEBUG] Path extraction: session=NSY, patient=0001158915, study_date=20241204
2025-09-10 06:40:28 - [INFO] - [DEBUG] Extracted patient info - ID: 0001158915, Session: NSY
2025-09-10 06:40:28 - [INFO] - [DEBUG] Original path: F:\projek dosen\prototype riset\hotspot-analyzer\data\PLANAR\NSY\0001158915\20241204\ANT001_DS.dcm
2025-09-10 06:40:28 - [INFO] - [DEBUG] Study date: 20241204
2025-09-10 06:40:28 - [INFO] - [DEBUG] Patient ID: 0001158915
2025-09-10 06:40:28 - [INFO] - [DEBUG] Session code: NSY
2025-09-10 06:40:28 - [INFO] - [DEBUG] Study date folder: F:\projek dosen\prototype riset\hotspot-analyzer\data\PLANAR\NSY\0001158915\20241204
2025-09-10 06:40:28 - [INFO] - [DEBUG] Loading original image for Anterior
2025-09-10 06:40:28 - [INFO] - [DEBUG] Looking for original PNG in study_date dir: F:\projek dosen\prototype riset\hotspot-analyzer\data\PLANAR\NSY\0001158915\20241204\ant_original.png
2025-09-10 06:40:28 - [DEBUG] - STREAM b'IHDR' 16 13
2025-09-10 06:40:28 - [DEBUG] - STREAM b'IDAT' 41 65536
2025-09-10 06:40:28 - [INFO] - [DEBUG] Loaded original PNG from study_date dir: (256, 1024)
2025-09-10 06:40:28 - [INFO] - [DEBUG] Original image loaded: (256, 1024)
2025-09-10 06:40:28 - [INFO] - [DEBUG] Applying invert to original image
2025-09-10 06:40:28 - [INFO] - [DEBUG] simple_invert_pil_image: Processing L image, size = (256, 1024)
2025-09-10 06:40:28 - [INFO] - [DEBUG] simple_invert_image: input shape = (1024, 256), dtype = uint8
2025-09-10 06:40:28 - [INFO] - [DEBUG] Simple inversion completed: [0-255] -> [0-255]
2025-09-10 06:40:28 - [INFO] - [DEBUG] simple_invert_pil_image: completed
2025-09-10 06:40:28 - [INFO] - [DEBUG] Using STORED B/C values: B=0.00, C=1.00
2025-09-10 06:40:28 - [INFO] - [DEBUG]   Image layer loaded and processed
2025-09-10 06:40:28 - [INFO] - [DEBUG] Loading segmentation layer for Anterior
2025-09-10 06:40:28 - [INFO] - [DEBUG] Looking for segmentation (NEWEST): F:\projek dosen\prototype riset\hotspot-analyzer\data\PLANAR\NSY\0001158915\20241204\20250826\ant_segm_011039.png
2025-09-10 06:40:28 - [DEBUG] - STREAM b'IHDR' 16 13
2025-09-10 06:40:28 - [DEBUG] - STREAM b'IDAT' 41 5158
2025-09-10 06:40:28 - [INFO] - [DEBUG]   Loaded segmentation with transparency: F:\projek dosen\prototype riset\hotspot-analyzer\data\PLANAR\NSY\0001158915\20241204\20250826\ant_segm_011039.png
2025-09-10 06:40:28 - [INFO] - [DEBUG] Segmentation type: EDITED
2025-09-10 06:40:28 - [INFO] - [DEBUG] Loading hotspot layer for Anterior
2025-09-10 06:40:28 - [INFO] - [DEBUG] Looking for hotspot classification (NEWEST): F:\projek dosen\prototype riset\hotspot-analyzer\data\PLANAR\NSY\0001158915\20241204\20250910\ant_hotspot_classification_064025.png
2025-09-10 06:40:28 - [DEBUG] - STREAM b'IHDR' 16 13
2025-09-10 06:40:28 - [DEBUG] - STREAM b'IDAT' 41 1077
2025-09-10 06:40:28 - [INFO] - [DEBUG]   Loaded hotspot layer: F:\projek dosen\prototype riset\hotspot-analyzer\data\PLANAR\NSY\0001158915\20241204\20250910\ant_hotspot_classification_064025.png
2025-09-10 06:40:28 - [INFO] - [DEBUG] Hotspot type: EDITED
2025-09-10 06:40:28 - [INFO] - [DEBUG] Loading bbox layer for Anterior
2025-09-10 06:40:28 - [INFO] - [DEBUG] Looking for classification XML (NEWEST): F:\projek dosen\prototype riset\hotspot-analyzer\data\PLANAR\NSY\0001158915\20241204\20250910\ant_hotspot_classification_064025.xml
2025-09-10 06:40:28 - [INFO] - [DEBUG] Loading CLASSIFICATION XML for bbox: F:\projek dosen\prototype riset\hotspot-analyzer\data\PLANAR\NSY\0001158915\20241204\20250910\ant_hotspot_classification_064025.xml
2025-09-10 06:40:28 - [INFO] - [DEBUG] Drew CLASSIFICATION Abnormal bbox: (63,74) -> (72,84)
2025-09-10 06:40:28 - [INFO] - [DEBUG] Drew CLASSIFICATION Abnormal bbox: (180,129) -> (213,158)
2025-09-10 06:40:28 - [INFO] - [DEBUG] Drew CLASSIFICATION Normal bbox: (129,70) -> (152,87)
2025-09-10 06:40:28 - [INFO] - [DEBUG]   Created CLASSIFICATION bbox visualization with 3 boxes
2025-09-10 06:40:28 - [INFO] - [DEBUG]   Loaded bbox layer: F:\projek dosen\prototype riset\hotspot-analyzer\data\PLANAR\NSY\0001158915\20241204\20250910\ant_hotspot_classification_064025.xml
2025-09-10 06:40:28 - [INFO] - [DEBUG] BBox XML type: EDITED
2025-09-10 06:40:28 - [INFO] - [CACHE STORE] Not caching due to adjustments/overrides/invert
2025-09-10 06:40:28 - [INFO] - [DEBUG]   Loaded 4 layers for Anterior: ['Image', 'Segmentation', 'Hotspot', 'HotspotBBox']
2025-09-10 06:40:28 - [INFO] - [DEBUG] Available CLASSIFICATION layers in files: ['Image', 'Segmentation', 'Hotspot', 'HotspotBBox']
2025-09-10 06:40:28 - [INFO] - [DEBUG]   Added CLASSIFICATION Image to card 0 (opacity: 1.00)
2025-09-10 06:40:28 - [INFO] - [DEBUG]   CLASSIFICATION card 0 composite created with layers: ['Image']
2025-09-10 06:40:28 - [INFO] - [DEBUG] Creating CLASSIFICATION card 0 for view: Posterior
2025-09-10 06:40:28 - [INFO] - [DEBUG] Active layers selected: ['Image']
2025-09-10 06:40:28 - [INFO] - [DEBUG] DICOM path: F:\projek dosen\prototype riset\hotspot-analyzer\data\PLANAR\NSY\0001158915\20241204\ANT001_DS.dcm
2025-09-10 06:40:28 - [INFO] - [DEBUG] Current view: Posterior
2025-09-10 06:40:28 - [INFO] - [CACHE DEBUG] use_cache=False
2025-09-10 06:40:28 - [INFO] - [CACHE DEBUG] has_adjustments=False (B=0.00, C=1.00)
2025-09-10 06:40:28 - [INFO] - [CACHE DEBUG] has_overrides=False (override_b=None, override_c=None)
2025-09-10 06:40:28 - [INFO] - [CACHE DEBUG] invert_original=True
2025-09-10 06:40:28 - [INFO] - [CACHE SKIP] Skipping cache due to adjustments/overrides/invert
2025-09-10 06:40:28 - [INFO] - [DEBUG] Path extraction: session=NSY, patient=0001158915, study_date=20241204
2025-09-10 06:40:28 - [INFO] - [DEBUG] Extracted patient info - ID: 0001158915, Session: NSY
2025-09-10 06:40:28 - [INFO] - [DEBUG] Original path: F:\projek dosen\prototype riset\hotspot-analyzer\data\PLANAR\NSY\0001158915\20241204\ANT001_DS.dcm
2025-09-10 06:40:28 - [INFO] - [DEBUG] Study date: 20241204
2025-09-10 06:40:28 - [INFO] - [DEBUG] Patient ID: 0001158915
2025-09-10 06:40:28 - [INFO] - [DEBUG] Session code: NSY
2025-09-10 06:40:28 - [INFO] - [DEBUG] Study date folder: F:\projek dosen\prototype riset\hotspot-analyzer\data\PLANAR\NSY\0001158915\20241204
2025-09-10 06:40:28 - [INFO] - [DEBUG] Loading original image for Posterior
2025-09-10 06:40:28 - [INFO] - [DEBUG] Looking for original PNG in study_date dir: F:\projek dosen\prototype riset\hotspot-analyzer\data\PLANAR\NSY\0001158915\20241204\post_original.png
2025-09-10 06:40:28 - [DEBUG] - STREAM b'IHDR' 16 13
2025-09-10 06:40:28 - [DEBUG] - STREAM b'IDAT' 41 65536
2025-09-10 06:40:28 - [INFO] - [DEBUG] Loaded original PNG from study_date dir: (256, 1024)
2025-09-10 06:40:28 - [INFO] - [DEBUG] Original image loaded: (256, 1024)
2025-09-10 06:40:28 - [INFO] - [DEBUG] Applying invert to original image
2025-09-10 06:40:28 - [INFO] - [DEBUG] simple_invert_pil_image: Processing L image, size = (256, 1024)
2025-09-10 06:40:28 - [INFO] - [DEBUG] simple_invert_image: input shape = (1024, 256), dtype = uint8
2025-09-10 06:40:28 - [INFO] - [DEBUG] Simple inversion completed: [0-255] -> [0-255]
2025-09-10 06:40:28 - [INFO] - [DEBUG] simple_invert_pil_image: completed
2025-09-10 06:40:28 - [INFO] - [DEBUG] Using STORED B/C values: B=0.00, C=1.00
2025-09-10 06:40:28 - [INFO] - [DEBUG]   Image layer loaded and processed
2025-09-10 06:40:28 - [INFO] - [DEBUG] Loading segmentation layer for Posterior
2025-09-10 06:40:28 - [INFO] - [DEBUG] Looking for segmentation (NEWEST): F:\projek dosen\prototype riset\hotspot-analyzer\data\PLANAR\NSY\0001158915\20241204\post_segm.png
2025-09-10 06:40:28 - [DEBUG] - STREAM b'IHDR' 16 13
2025-09-10 06:40:28 - [DEBUG] - STREAM b'IDAT' 41 4625
2025-09-10 06:40:28 - [INFO] - [DEBUG]   Loaded segmentation with transparency: F:\projek dosen\prototype riset\hotspot-analyzer\data\PLANAR\NSY\0001158915\20241204\post_segm.png
2025-09-10 06:40:28 - [INFO] - [DEBUG] Segmentation type: ORIGINAL
2025-09-10 06:40:28 - [INFO] - [DEBUG] Loading hotspot layer for Posterior
2025-09-10 06:40:28 - [INFO] - [DEBUG] Looking for hotspot classification (NEWEST): F:\projek dosen\prototype riset\hotspot-analyzer\data\PLANAR\NSY\0001158915\20241204\post_hotspot_classification.png
2025-09-10 06:40:28 - [INFO] - [DEBUG] No hotspot classification found: F:\projek dosen\prototype riset\hotspot-analyzer\data\PLANAR\NSY\0001158915\20241204\post_hotspot_classification.png
2025-09-10 06:40:28 - [INFO] - [DEBUG] Loading bbox layer for Posterior
2025-09-10 06:40:28 - [INFO] - [DEBUG] Looking for classification XML (NEWEST): F:\projek dosen\prototype riset\hotspot-analyzer\data\PLANAR\NSY\0001158915\20241204\post_hotspot_classification.xml
2025-09-10 06:40:28 - [INFO] - [DEBUG] No classification XML found: F:\projek dosen\prototype riset\hotspot-analyzer\data\PLANAR\NSY\0001158915\20241204\post_hotspot_classification.xml
2025-09-10 06:40:28 - [INFO] - [CACHE STORE] Not caching due to adjustments/overrides/invert
2025-09-10 06:40:28 - [INFO] - [DEBUG]   Loaded 2 layers for Posterior: ['Image', 'Segmentation']
2025-09-10 06:40:28 - [INFO] - [DEBUG] Available CLASSIFICATION layers in files: ['Image', 'Segmentation']
2025-09-10 06:40:28 - [INFO] - [DEBUG]   Added CLASSIFICATION Image to card 0 (opacity: 1.00)
2025-09-10 06:40:28 - [INFO] - [DEBUG]   CLASSIFICATION card 0 composite created with layers: ['Image']
2025-09-10 06:40:28 - [INFO] - [SMART UPDATE] State updated - Type: full
2025-09-10 06:40:28 - [INFO] - [SMART UPDATE] State updated - Type: layers
2025-09-10 06:40:28 - [INFO] - [DEBUG] Path extraction: session=NSY, patient=0001158915, study_date=20241204
2025-09-10 06:40:28 - [INFO] - [DEBUG] Extracted patient info - ID: 0001158915, Session: NSY
2025-09-10 06:40:28 - [INFO] - [DEBUG] Original path: F:\projek dosen\prototype riset\hotspot-analyzer\data\PLANAR\NSY\0001158915\20241204\ANT001_DS.dcm
2025-09-10 06:40:28 - [INFO] - [EDIT BUTTONS] Has scan: True, Has seg data: True, Can edit hotspot: True
2025-09-10 06:40:28 - [INFO] - [EDIT BUTTONS] Seg button enabled: True, Hotspot button enabled: True
2025-09-10 06:40:28 - [INFO] - [SMART UPDATE] Change type: none
2025-09-10 06:40:28 - [INFO] - [DEBUG] Timeline active layers set to: ['Image']
2025-09-10 06:40:28 - [INFO] - [SMART UPDATE] No changes detected, skipping update
2025-09-10 06:40:28 - [INFO] - [DEBUG] Set Image opacity to 1.00
2025-09-10 06:40:28 - [INFO] - [SMART UPDATE] Change type: none
2025-09-10 06:40:28 - [INFO] - [SMART UPDATE] Using full rebuild for opacity change
2025-09-10 06:40:28 - [INFO] - [DEBUG] Rebuilding timeline for active scan index: 0
2025-09-10 06:40:28 - [INFO] - [DEBUG] Creating CLASSIFICATION card 0 for view: Anterior
2025-09-10 06:40:28 - [INFO] - [DEBUG] Active layers selected: ['Image']
2025-09-10 06:40:28 - [INFO] - [DEBUG] DICOM path: F:\projek dosen\prototype riset\hotspot-analyzer\data\PLANAR\NSY\0001158915\20241204\ANT001_DS.dcm
2025-09-10 06:40:28 - [INFO] - [DEBUG] Current view: Anterior
2025-09-10 06:40:28 - [INFO] - [CACHE DEBUG] use_cache=False
2025-09-10 06:40:28 - [INFO] - [CACHE DEBUG] has_adjustments=False (B=0.00, C=1.00)
2025-09-10 06:40:28 - [INFO] - [CACHE DEBUG] has_overrides=False (override_b=None, override_c=None)
2025-09-10 06:40:28 - [INFO] - [CACHE DEBUG] invert_original=True
2025-09-10 06:40:28 - [INFO] - [CACHE SKIP] Skipping cache due to adjustments/overrides/invert
2025-09-10 06:40:28 - [INFO] - [DEBUG] Path extraction: session=NSY, patient=0001158915, study_date=20241204
2025-09-10 06:40:28 - [INFO] - [DEBUG] Extracted patient info - ID: 0001158915, Session: NSY
2025-09-10 06:40:28 - [INFO] - [DEBUG] Original path: F:\projek dosen\prototype riset\hotspot-analyzer\data\PLANAR\NSY\0001158915\20241204\ANT001_DS.dcm
2025-09-10 06:40:28 - [INFO] - [DEBUG] Study date: 20241204
2025-09-10 06:40:28 - [INFO] - [DEBUG] Patient ID: 0001158915
2025-09-10 06:40:28 - [INFO] - [DEBUG] Session code: NSY
2025-09-10 06:40:28 - [INFO] - [DEBUG] Study date folder: F:\projek dosen\prototype riset\hotspot-analyzer\data\PLANAR\NSY\0001158915\20241204
2025-09-10 06:40:28 - [INFO] - [DEBUG] Loading original image for Anterior
2025-09-10 06:40:28 - [INFO] - [DEBUG] Looking for original PNG in study_date dir: F:\projek dosen\prototype riset\hotspot-analyzer\data\PLANAR\NSY\0001158915\20241204\ant_original.png
2025-09-10 06:40:28 - [DEBUG] - STREAM b'IHDR' 16 13
2025-09-10 06:40:28 - [DEBUG] - STREAM b'IDAT' 41 65536
2025-09-10 06:40:28 - [INFO] - [DEBUG] Loaded original PNG from study_date dir: (256, 1024)
2025-09-10 06:40:28 - [INFO] - [DEBUG] Original image loaded: (256, 1024)
2025-09-10 06:40:28 - [INFO] - [DEBUG] Applying invert to original image
2025-09-10 06:40:28 - [INFO] - [DEBUG] simple_invert_pil_image: Processing L image, size = (256, 1024)
2025-09-10 06:40:28 - [INFO] - [DEBUG] simple_invert_image: input shape = (1024, 256), dtype = uint8
2025-09-10 06:40:28 - [INFO] - [DEBUG] Simple inversion completed: [0-255] -> [0-255]
2025-09-10 06:40:28 - [INFO] - [DEBUG] simple_invert_pil_image: completed
2025-09-10 06:40:28 - [INFO] - [DEBUG] Using STORED B/C values: B=0.00, C=1.00
2025-09-10 06:40:28 - [INFO] - [DEBUG]   Image layer loaded and processed
2025-09-10 06:40:28 - [INFO] - [DEBUG] Loading segmentation layer for Anterior
2025-09-10 06:40:28 - [INFO] - [DEBUG] Looking for segmentation (NEWEST): F:\projek dosen\prototype riset\hotspot-analyzer\data\PLANAR\NSY\0001158915\20241204\20250826\ant_segm_011039.png
2025-09-10 06:40:28 - [DEBUG] - STREAM b'IHDR' 16 13
2025-09-10 06:40:28 - [DEBUG] - STREAM b'IDAT' 41 5158
2025-09-10 06:40:28 - [INFO] - [DEBUG]   Loaded segmentation with transparency: F:\projek dosen\prototype riset\hotspot-analyzer\data\PLANAR\NSY\0001158915\20241204\20250826\ant_segm_011039.png
2025-09-10 06:40:28 - [INFO] - [DEBUG] Segmentation type: EDITED
2025-09-10 06:40:28 - [INFO] - [DEBUG] Loading hotspot layer for Anterior
2025-09-10 06:40:28 - [INFO] - [DEBUG] Looking for hotspot classification (NEWEST): F:\projek dosen\prototype riset\hotspot-analyzer\data\PLANAR\NSY\0001158915\20241204\20250910\ant_hotspot_classification_064025.png
2025-09-10 06:40:28 - [DEBUG] - STREAM b'IHDR' 16 13
2025-09-10 06:40:28 - [DEBUG] - STREAM b'IDAT' 41 1077
2025-09-10 06:40:28 - [INFO] - [DEBUG]   Loaded hotspot layer: F:\projek dosen\prototype riset\hotspot-analyzer\data\PLANAR\NSY\0001158915\20241204\20250910\ant_hotspot_classification_064025.png
2025-09-10 06:40:28 - [INFO] - [DEBUG] Hotspot type: EDITED
2025-09-10 06:40:28 - [INFO] - [DEBUG] Loading bbox layer for Anterior
2025-09-10 06:40:28 - [INFO] - [DEBUG] Looking for classification XML (NEWEST): F:\projek dosen\prototype riset\hotspot-analyzer\data\PLANAR\NSY\0001158915\20241204\20250910\ant_hotspot_classification_064025.xml
2025-09-10 06:40:28 - [INFO] - [DEBUG] Loading CLASSIFICATION XML for bbox: F:\projek dosen\prototype riset\hotspot-analyzer\data\PLANAR\NSY\0001158915\20241204\20250910\ant_hotspot_classification_064025.xml
2025-09-10 06:40:28 - [INFO] - [DEBUG] Drew CLASSIFICATION Abnormal bbox: (63,74) -> (72,84)
2025-09-10 06:40:28 - [INFO] - [DEBUG] Drew CLASSIFICATION Abnormal bbox: (180,129) -> (213,158)
2025-09-10 06:40:28 - [INFO] - [DEBUG] Drew CLASSIFICATION Normal bbox: (129,70) -> (152,87)
2025-09-10 06:40:28 - [INFO] - [DEBUG]   Created CLASSIFICATION bbox visualization with 3 boxes
2025-09-10 06:40:28 - [INFO] - [DEBUG]   Loaded bbox layer: F:\projek dosen\prototype riset\hotspot-analyzer\data\PLANAR\NSY\0001158915\20241204\20250910\ant_hotspot_classification_064025.xml
2025-09-10 06:40:28 - [INFO] - [DEBUG] BBox XML type: EDITED
2025-09-10 06:40:28 - [INFO] - [CACHE STORE] Not caching due to adjustments/overrides/invert
2025-09-10 06:40:28 - [INFO] - [DEBUG]   Loaded 4 layers for Anterior: ['Image', 'Segmentation', 'Hotspot', 'HotspotBBox']
2025-09-10 06:40:28 - [INFO] - [DEBUG] Available CLASSIFICATION layers in files: ['Image', 'Segmentation', 'Hotspot', 'HotspotBBox']
2025-09-10 06:40:28 - [INFO] - [DEBUG]   Added CLASSIFICATION Image to card 0 (opacity: 1.00)
2025-09-10 06:40:28 - [INFO] - [DEBUG]   CLASSIFICATION card 0 composite created with layers: ['Image']
2025-09-10 06:40:28 - [INFO] - [DEBUG] Creating CLASSIFICATION card 0 for view: Posterior
2025-09-10 06:40:28 - [INFO] - [DEBUG] Active layers selected: ['Image']
2025-09-10 06:40:28 - [INFO] - [DEBUG] DICOM path: F:\projek dosen\prototype riset\hotspot-analyzer\data\PLANAR\NSY\0001158915\20241204\ANT001_DS.dcm
2025-09-10 06:40:28 - [INFO] - [DEBUG] Current view: Posterior
2025-09-10 06:40:28 - [INFO] - [CACHE DEBUG] use_cache=False
2025-09-10 06:40:28 - [INFO] - [CACHE DEBUG] has_adjustments=False (B=0.00, C=1.00)
2025-09-10 06:40:28 - [INFO] - [CACHE DEBUG] has_overrides=False (override_b=None, override_c=None)
2025-09-10 06:40:28 - [INFO] - [CACHE DEBUG] invert_original=True
2025-09-10 06:40:28 - [INFO] - [CACHE SKIP] Skipping cache due to adjustments/overrides/invert
2025-09-10 06:40:28 - [INFO] - [DEBUG] Path extraction: session=NSY, patient=0001158915, study_date=20241204
2025-09-10 06:40:28 - [INFO] - [DEBUG] Extracted patient info - ID: 0001158915, Session: NSY
2025-09-10 06:40:28 - [INFO] - [DEBUG] Original path: F:\projek dosen\prototype riset\hotspot-analyzer\data\PLANAR\NSY\0001158915\20241204\ANT001_DS.dcm
2025-09-10 06:40:28 - [INFO] - [DEBUG] Study date: 20241204
2025-09-10 06:40:28 - [INFO] - [DEBUG] Patient ID: 0001158915
2025-09-10 06:40:28 - [INFO] - [DEBUG] Session code: NSY
2025-09-10 06:40:28 - [INFO] - [DEBUG] Study date folder: F:\projek dosen\prototype riset\hotspot-analyzer\data\PLANAR\NSY\0001158915\20241204
2025-09-10 06:40:28 - [INFO] - [DEBUG] Loading original image for Posterior
2025-09-10 06:40:28 - [INFO] - [DEBUG] Looking for original PNG in study_date dir: F:\projek dosen\prototype riset\hotspot-analyzer\data\PLANAR\NSY\0001158915\20241204\post_original.png
2025-09-10 06:40:28 - [DEBUG] - STREAM b'IHDR' 16 13
2025-09-10 06:40:28 - [DEBUG] - STREAM b'IDAT' 41 65536
2025-09-10 06:40:28 - [INFO] - [DEBUG] Loaded original PNG from study_date dir: (256, 1024)
2025-09-10 06:40:28 - [INFO] - [DEBUG] Original image loaded: (256, 1024)
2025-09-10 06:40:28 - [INFO] - [DEBUG] Applying invert to original image
2025-09-10 06:40:28 - [INFO] - [DEBUG] simple_invert_pil_image: Processing L image, size = (256, 1024)
2025-09-10 06:40:28 - [INFO] - [DEBUG] simple_invert_image: input shape = (1024, 256), dtype = uint8
2025-09-10 06:40:28 - [INFO] - [DEBUG] Simple inversion completed: [0-255] -> [0-255]
2025-09-10 06:40:28 - [INFO] - [DEBUG] simple_invert_pil_image: completed
2025-09-10 06:40:28 - [INFO] - [DEBUG] Using STORED B/C values: B=0.00, C=1.00
2025-09-10 06:40:28 - [INFO] - [DEBUG]   Image layer loaded and processed
2025-09-10 06:40:28 - [INFO] - [DEBUG] Loading segmentation layer for Posterior
2025-09-10 06:40:28 - [INFO] - [DEBUG] Looking for segmentation (NEWEST): F:\projek dosen\prototype riset\hotspot-analyzer\data\PLANAR\NSY\0001158915\20241204\post_segm.png
2025-09-10 06:40:28 - [DEBUG] - STREAM b'IHDR' 16 13
2025-09-10 06:40:28 - [DEBUG] - STREAM b'IDAT' 41 4625
2025-09-10 06:40:28 - [INFO] - [DEBUG]   Loaded segmentation with transparency: F:\projek dosen\prototype riset\hotspot-analyzer\data\PLANAR\NSY\0001158915\20241204\post_segm.png
2025-09-10 06:40:28 - [INFO] - [DEBUG] Segmentation type: ORIGINAL
2025-09-10 06:40:28 - [INFO] - [DEBUG] Loading hotspot layer for Posterior
2025-09-10 06:40:28 - [INFO] - [DEBUG] Looking for hotspot classification (NEWEST): F:\projek dosen\prototype riset\hotspot-analyzer\data\PLANAR\NSY\0001158915\20241204\post_hotspot_classification.png
2025-09-10 06:40:28 - [INFO] - [DEBUG] No hotspot classification found: F:\projek dosen\prototype riset\hotspot-analyzer\data\PLANAR\NSY\0001158915\20241204\post_hotspot_classification.png
2025-09-10 06:40:28 - [INFO] - [DEBUG] Loading bbox layer for Posterior
2025-09-10 06:40:28 - [INFO] - [DEBUG] Looking for classification XML (NEWEST): F:\projek dosen\prototype riset\hotspot-analyzer\data\PLANAR\NSY\0001158915\20241204\post_hotspot_classification.xml
2025-09-10 06:40:28 - [INFO] - [DEBUG] No classification XML found: F:\projek dosen\prototype riset\hotspot-analyzer\data\PLANAR\NSY\0001158915\20241204\post_hotspot_classification.xml
2025-09-10 06:40:28 - [INFO] - [CACHE STORE] Not caching due to adjustments/overrides/invert
2025-09-10 06:40:28 - [INFO] - [DEBUG]   Loaded 2 layers for Posterior: ['Image', 'Segmentation']
2025-09-10 06:40:28 - [INFO] - [DEBUG] Available CLASSIFICATION layers in files: ['Image', 'Segmentation']
2025-09-10 06:40:28 - [INFO] - [DEBUG]   Added CLASSIFICATION Image to card 0 (opacity: 1.00)
2025-09-10 06:40:28 - [INFO] - [DEBUG]   CLASSIFICATION card 0 composite created with layers: ['Image']
2025-09-10 06:40:28 - [INFO] - [SMART UPDATE] State updated - Type: full
2025-09-10 06:40:28 - [INFO] - [SMART UPDATE] State updated - Type: rebuild
2025-09-10 06:40:28 - [INFO] - [DEBUG] Set Segmentation opacity to 0.40
2025-09-10 06:40:28 - [INFO] - [SMART UPDATE] Change type: none
2025-09-10 06:40:28 - [INFO] - [SMART UPDATE] Using full rebuild for opacity change
2025-09-10 06:40:28 - [INFO] - [DEBUG] Rebuilding timeline for active scan index: 0
2025-09-10 06:40:28 - [INFO] - [DEBUG] Creating CLASSIFICATION card 0 for view: Anterior
2025-09-10 06:40:28 - [INFO] - [DEBUG] Active layers selected: ['Image']
2025-09-10 06:40:28 - [INFO] - [DEBUG] DICOM path: F:\projek dosen\prototype riset\hotspot-analyzer\data\PLANAR\NSY\0001158915\20241204\ANT001_DS.dcm
2025-09-10 06:40:28 - [INFO] - [DEBUG] Current view: Anterior
2025-09-10 06:40:28 - [INFO] - [CACHE DEBUG] use_cache=False
2025-09-10 06:40:28 - [INFO] - [CACHE DEBUG] has_adjustments=False (B=0.00, C=1.00)
2025-09-10 06:40:28 - [INFO] - [CACHE DEBUG] has_overrides=False (override_b=None, override_c=None)
2025-09-10 06:40:28 - [INFO] - [CACHE DEBUG] invert_original=True
2025-09-10 06:40:28 - [INFO] - [CACHE SKIP] Skipping cache due to adjustments/overrides/invert
2025-09-10 06:40:28 - [INFO] - [DEBUG] Path extraction: session=NSY, patient=0001158915, study_date=20241204
2025-09-10 06:40:28 - [INFO] - [DEBUG] Extracted patient info - ID: 0001158915, Session: NSY
2025-09-10 06:40:28 - [INFO] - [DEBUG] Original path: F:\projek dosen\prototype riset\hotspot-analyzer\data\PLANAR\NSY\0001158915\20241204\ANT001_DS.dcm
2025-09-10 06:40:28 - [INFO] - [DEBUG] Study date: 20241204
2025-09-10 06:40:28 - [INFO] - [DEBUG] Patient ID: 0001158915
2025-09-10 06:40:28 - [INFO] - [DEBUG] Session code: NSY
2025-09-10 06:40:28 - [INFO] - [DEBUG] Study date folder: F:\projek dosen\prototype riset\hotspot-analyzer\data\PLANAR\NSY\0001158915\20241204
2025-09-10 06:40:28 - [INFO] - [DEBUG] Loading original image for Anterior
2025-09-10 06:40:28 - [INFO] - [DEBUG] Looking for original PNG in study_date dir: F:\projek dosen\prototype riset\hotspot-analyzer\data\PLANAR\NSY\0001158915\20241204\ant_original.png
2025-09-10 06:40:28 - [DEBUG] - STREAM b'IHDR' 16 13
2025-09-10 06:40:28 - [DEBUG] - STREAM b'IDAT' 41 65536
2025-09-10 06:40:28 - [INFO] - [DEBUG] Loaded original PNG from study_date dir: (256, 1024)
2025-09-10 06:40:28 - [INFO] - [DEBUG] Original image loaded: (256, 1024)
2025-09-10 06:40:28 - [INFO] - [DEBUG] Applying invert to original image
2025-09-10 06:40:28 - [INFO] - [DEBUG] simple_invert_pil_image: Processing L image, size = (256, 1024)
2025-09-10 06:40:28 - [INFO] - [DEBUG] simple_invert_image: input shape = (1024, 256), dtype = uint8
2025-09-10 06:40:28 - [INFO] - [DEBUG] Simple inversion completed: [0-255] -> [0-255]
2025-09-10 06:40:28 - [INFO] - [DEBUG] simple_invert_pil_image: completed
2025-09-10 06:40:28 - [INFO] - [DEBUG] Using STORED B/C values: B=0.00, C=1.00
2025-09-10 06:40:28 - [INFO] - [DEBUG]   Image layer loaded and processed
2025-09-10 06:40:28 - [INFO] - [DEBUG] Loading segmentation layer for Anterior
2025-09-10 06:40:28 - [INFO] - [DEBUG] Looking for segmentation (NEWEST): F:\projek dosen\prototype riset\hotspot-analyzer\data\PLANAR\NSY\0001158915\20241204\20250826\ant_segm_011039.png
2025-09-10 06:40:28 - [DEBUG] - STREAM b'IHDR' 16 13
2025-09-10 06:40:28 - [DEBUG] - STREAM b'IDAT' 41 5158
2025-09-10 06:40:28 - [INFO] - [DEBUG]   Loaded segmentation with transparency: F:\projek dosen\prototype riset\hotspot-analyzer\data\PLANAR\NSY\0001158915\20241204\20250826\ant_segm_011039.png
2025-09-10 06:40:28 - [INFO] - [DEBUG] Segmentation type: EDITED
2025-09-10 06:40:28 - [INFO] - [DEBUG] Loading hotspot layer for Anterior
2025-09-10 06:40:28 - [INFO] - [DEBUG] Looking for hotspot classification (NEWEST): F:\projek dosen\prototype riset\hotspot-analyzer\data\PLANAR\NSY\0001158915\20241204\20250910\ant_hotspot_classification_064025.png
2025-09-10 06:40:28 - [DEBUG] - STREAM b'IHDR' 16 13
2025-09-10 06:40:28 - [DEBUG] - STREAM b'IDAT' 41 1077
2025-09-10 06:40:28 - [INFO] - [DEBUG]   Loaded hotspot layer: F:\projek dosen\prototype riset\hotspot-analyzer\data\PLANAR\NSY\0001158915\20241204\20250910\ant_hotspot_classification_064025.png
2025-09-10 06:40:28 - [INFO] - [DEBUG] Hotspot type: EDITED
2025-09-10 06:40:28 - [INFO] - [DEBUG] Loading bbox layer for Anterior
2025-09-10 06:40:28 - [INFO] - [DEBUG] Looking for classification XML (NEWEST): F:\projek dosen\prototype riset\hotspot-analyzer\data\PLANAR\NSY\0001158915\20241204\20250910\ant_hotspot_classification_064025.xml
2025-09-10 06:40:28 - [INFO] - [DEBUG] Loading CLASSIFICATION XML for bbox: F:\projek dosen\prototype riset\hotspot-analyzer\data\PLANAR\NSY\0001158915\20241204\20250910\ant_hotspot_classification_064025.xml
2025-09-10 06:40:28 - [INFO] - [DEBUG] Drew CLASSIFICATION Abnormal bbox: (63,74) -> (72,84)
2025-09-10 06:40:28 - [INFO] - [DEBUG] Drew CLASSIFICATION Abnormal bbox: (180,129) -> (213,158)
2025-09-10 06:40:28 - [INFO] - [DEBUG] Drew CLASSIFICATION Normal bbox: (129,70) -> (152,87)
2025-09-10 06:40:28 - [INFO] - [DEBUG]   Created CLASSIFICATION bbox visualization with 3 boxes
2025-09-10 06:40:28 - [INFO] - [DEBUG]   Loaded bbox layer: F:\projek dosen\prototype riset\hotspot-analyzer\data\PLANAR\NSY\0001158915\20241204\20250910\ant_hotspot_classification_064025.xml
2025-09-10 06:40:28 - [INFO] - [DEBUG] BBox XML type: EDITED
2025-09-10 06:40:28 - [INFO] - [CACHE STORE] Not caching due to adjustments/overrides/invert
2025-09-10 06:40:28 - [INFO] - [DEBUG]   Loaded 4 layers for Anterior: ['Image', 'Segmentation', 'Hotspot', 'HotspotBBox']
2025-09-10 06:40:28 - [INFO] - [DEBUG] Available CLASSIFICATION layers in files: ['Image', 'Segmentation', 'Hotspot', 'HotspotBBox']
2025-09-10 06:40:28 - [INFO] - [DEBUG]   Added CLASSIFICATION Image to card 0 (opacity: 1.00)
2025-09-10 06:40:28 - [INFO] - [DEBUG]   CLASSIFICATION card 0 composite created with layers: ['Image']
2025-09-10 06:40:28 - [INFO] - [DEBUG] Creating CLASSIFICATION card 0 for view: Posterior
2025-09-10 06:40:28 - [INFO] - [DEBUG] Active layers selected: ['Image']
2025-09-10 06:40:28 - [INFO] - [DEBUG] DICOM path: F:\projek dosen\prototype riset\hotspot-analyzer\data\PLANAR\NSY\0001158915\20241204\ANT001_DS.dcm
2025-09-10 06:40:28 - [INFO] - [DEBUG] Current view: Posterior
2025-09-10 06:40:28 - [INFO] - [CACHE DEBUG] use_cache=False
2025-09-10 06:40:28 - [INFO] - [CACHE DEBUG] has_adjustments=False (B=0.00, C=1.00)
2025-09-10 06:40:28 - [INFO] - [CACHE DEBUG] has_overrides=False (override_b=None, override_c=None)
2025-09-10 06:40:28 - [INFO] - [CACHE DEBUG] invert_original=True
2025-09-10 06:40:28 - [INFO] - [CACHE SKIP] Skipping cache due to adjustments/overrides/invert
2025-09-10 06:40:28 - [INFO] - [DEBUG] Path extraction: session=NSY, patient=0001158915, study_date=20241204
2025-09-10 06:40:28 - [INFO] - [DEBUG] Extracted patient info - ID: 0001158915, Session: NSY
2025-09-10 06:40:28 - [INFO] - [DEBUG] Original path: F:\projek dosen\prototype riset\hotspot-analyzer\data\PLANAR\NSY\0001158915\20241204\ANT001_DS.dcm
2025-09-10 06:40:28 - [INFO] - [DEBUG] Study date: 20241204
2025-09-10 06:40:28 - [INFO] - [DEBUG] Patient ID: 0001158915
2025-09-10 06:40:28 - [INFO] - [DEBUG] Session code: NSY
2025-09-10 06:40:28 - [INFO] - [DEBUG] Study date folder: F:\projek dosen\prototype riset\hotspot-analyzer\data\PLANAR\NSY\0001158915\20241204
2025-09-10 06:40:28 - [INFO] - [DEBUG] Loading original image for Posterior
2025-09-10 06:40:28 - [INFO] - [DEBUG] Looking for original PNG in study_date dir: F:\projek dosen\prototype riset\hotspot-analyzer\data\PLANAR\NSY\0001158915\20241204\post_original.png
2025-09-10 06:40:28 - [DEBUG] - STREAM b'IHDR' 16 13
2025-09-10 06:40:28 - [DEBUG] - STREAM b'IDAT' 41 65536
2025-09-10 06:40:28 - [INFO] - [DEBUG] Loaded original PNG from study_date dir: (256, 1024)
2025-09-10 06:40:28 - [INFO] - [DEBUG] Original image loaded: (256, 1024)
2025-09-10 06:40:28 - [INFO] - [DEBUG] Applying invert to original image
2025-09-10 06:40:28 - [INFO] - [DEBUG] simple_invert_pil_image: Processing L image, size = (256, 1024)
2025-09-10 06:40:28 - [INFO] - [DEBUG] simple_invert_image: input shape = (1024, 256), dtype = uint8
2025-09-10 06:40:28 - [INFO] - [DEBUG] Simple inversion completed: [0-255] -> [0-255]
2025-09-10 06:40:28 - [INFO] - [DEBUG] simple_invert_pil_image: completed
2025-09-10 06:40:28 - [INFO] - [DEBUG] Using STORED B/C values: B=0.00, C=1.00
2025-09-10 06:40:28 - [INFO] - [DEBUG]   Image layer loaded and processed
2025-09-10 06:40:28 - [INFO] - [DEBUG] Loading segmentation layer for Posterior
2025-09-10 06:40:28 - [INFO] - [DEBUG] Looking for segmentation (NEWEST): F:\projek dosen\prototype riset\hotspot-analyzer\data\PLANAR\NSY\0001158915\20241204\post_segm.png
2025-09-10 06:40:28 - [DEBUG] - STREAM b'IHDR' 16 13
2025-09-10 06:40:28 - [DEBUG] - STREAM b'IDAT' 41 4625
2025-09-10 06:40:28 - [INFO] - [DEBUG]   Loaded segmentation with transparency: F:\projek dosen\prototype riset\hotspot-analyzer\data\PLANAR\NSY\0001158915\20241204\post_segm.png
2025-09-10 06:40:28 - [INFO] - [DEBUG] Segmentation type: ORIGINAL
2025-09-10 06:40:28 - [INFO] - [DEBUG] Loading hotspot layer for Posterior
2025-09-10 06:40:28 - [INFO] - [DEBUG] Looking for hotspot classification (NEWEST): F:\projek dosen\prototype riset\hotspot-analyzer\data\PLANAR\NSY\0001158915\20241204\post_hotspot_classification.png
2025-09-10 06:40:28 - [INFO] - [DEBUG] No hotspot classification found: F:\projek dosen\prototype riset\hotspot-analyzer\data\PLANAR\NSY\0001158915\20241204\post_hotspot_classification.png
2025-09-10 06:40:28 - [INFO] - [DEBUG] Loading bbox layer for Posterior
2025-09-10 06:40:28 - [INFO] - [DEBUG] Looking for classification XML (NEWEST): F:\projek dosen\prototype riset\hotspot-analyzer\data\PLANAR\NSY\0001158915\20241204\post_hotspot_classification.xml
2025-09-10 06:40:28 - [INFO] - [DEBUG] No classification XML found: F:\projek dosen\prototype riset\hotspot-analyzer\data\PLANAR\NSY\0001158915\20241204\post_hotspot_classification.xml
2025-09-10 06:40:28 - [INFO] - [CACHE STORE] Not caching due to adjustments/overrides/invert
2025-09-10 06:40:28 - [INFO] - [DEBUG]   Loaded 2 layers for Posterior: ['Image', 'Segmentation']
2025-09-10 06:40:28 - [INFO] - [DEBUG] Available CLASSIFICATION layers in files: ['Image', 'Segmentation']
2025-09-10 06:40:28 - [INFO] - [DEBUG]   Added CLASSIFICATION Image to card 0 (opacity: 1.00)
2025-09-10 06:40:28 - [INFO] - [DEBUG]   CLASSIFICATION card 0 composite created with layers: ['Image']
2025-09-10 06:40:28 - [INFO] - [SMART UPDATE] State updated - Type: full
2025-09-10 06:40:28 - [INFO] - [SMART UPDATE] State updated - Type: rebuild
2025-09-10 06:40:28 - [INFO] - [DEBUG] Set Hotspot opacity to 0.50
2025-09-10 06:40:28 - [INFO] - [SMART UPDATE] Change type: none
2025-09-10 06:40:28 - [INFO] - [SMART UPDATE] Using full rebuild for opacity change
2025-09-10 06:40:28 - [INFO] - [DEBUG] Rebuilding timeline for active scan index: 0
2025-09-10 06:40:28 - [INFO] - [DEBUG] Creating CLASSIFICATION card 0 for view: Anterior
2025-09-10 06:40:28 - [INFO] - [DEBUG] Active layers selected: ['Image']
2025-09-10 06:40:28 - [INFO] - [DEBUG] DICOM path: F:\projek dosen\prototype riset\hotspot-analyzer\data\PLANAR\NSY\0001158915\20241204\ANT001_DS.dcm
2025-09-10 06:40:28 - [INFO] - [DEBUG] Current view: Anterior
2025-09-10 06:40:28 - [INFO] - [CACHE DEBUG] use_cache=False
2025-09-10 06:40:28 - [INFO] - [CACHE DEBUG] has_adjustments=False (B=0.00, C=1.00)
2025-09-10 06:40:28 - [INFO] - [CACHE DEBUG] has_overrides=False (override_b=None, override_c=None)
2025-09-10 06:40:28 - [INFO] - [CACHE DEBUG] invert_original=True
2025-09-10 06:40:28 - [INFO] - [CACHE SKIP] Skipping cache due to adjustments/overrides/invert
2025-09-10 06:40:28 - [INFO] - [DEBUG] Path extraction: session=NSY, patient=0001158915, study_date=20241204
2025-09-10 06:40:28 - [INFO] - [DEBUG] Extracted patient info - ID: 0001158915, Session: NSY
2025-09-10 06:40:28 - [INFO] - [DEBUG] Original path: F:\projek dosen\prototype riset\hotspot-analyzer\data\PLANAR\NSY\0001158915\20241204\ANT001_DS.dcm
2025-09-10 06:40:28 - [INFO] - [DEBUG] Study date: 20241204
2025-09-10 06:40:28 - [INFO] - [DEBUG] Patient ID: 0001158915
2025-09-10 06:40:28 - [INFO] - [DEBUG] Session code: NSY
2025-09-10 06:40:28 - [INFO] - [DEBUG] Study date folder: F:\projek dosen\prototype riset\hotspot-analyzer\data\PLANAR\NSY\0001158915\20241204
2025-09-10 06:40:28 - [INFO] - [DEBUG] Loading original image for Anterior
2025-09-10 06:40:28 - [INFO] - [DEBUG] Looking for original PNG in study_date dir: F:\projek dosen\prototype riset\hotspot-analyzer\data\PLANAR\NSY\0001158915\20241204\ant_original.png
2025-09-10 06:40:28 - [DEBUG] - STREAM b'IHDR' 16 13
2025-09-10 06:40:28 - [DEBUG] - STREAM b'IDAT' 41 65536
2025-09-10 06:40:28 - [INFO] - [DEBUG] Loaded original PNG from study_date dir: (256, 1024)
2025-09-10 06:40:28 - [INFO] - [DEBUG] Original image loaded: (256, 1024)
2025-09-10 06:40:28 - [INFO] - [DEBUG] Applying invert to original image
2025-09-10 06:40:28 - [INFO] - [DEBUG] simple_invert_pil_image: Processing L image, size = (256, 1024)
2025-09-10 06:40:28 - [INFO] - [DEBUG] simple_invert_image: input shape = (1024, 256), dtype = uint8
2025-09-10 06:40:28 - [INFO] - [DEBUG] Simple inversion completed: [0-255] -> [0-255]
2025-09-10 06:40:28 - [INFO] - [DEBUG] simple_invert_pil_image: completed
2025-09-10 06:40:28 - [INFO] - [DEBUG] Using STORED B/C values: B=0.00, C=1.00
2025-09-10 06:40:28 - [INFO] - [DEBUG]   Image layer loaded and processed
2025-09-10 06:40:28 - [INFO] - [DEBUG] Loading segmentation layer for Anterior
2025-09-10 06:40:28 - [INFO] - [DEBUG] Looking for segmentation (NEWEST): F:\projek dosen\prototype riset\hotspot-analyzer\data\PLANAR\NSY\0001158915\20241204\20250826\ant_segm_011039.png
2025-09-10 06:40:28 - [DEBUG] - STREAM b'IHDR' 16 13
2025-09-10 06:40:28 - [DEBUG] - STREAM b'IDAT' 41 5158
2025-09-10 06:40:28 - [INFO] - [DEBUG]   Loaded segmentation with transparency: F:\projek dosen\prototype riset\hotspot-analyzer\data\PLANAR\NSY\0001158915\20241204\20250826\ant_segm_011039.png
2025-09-10 06:40:28 - [INFO] - [DEBUG] Segmentation type: EDITED
2025-09-10 06:40:28 - [INFO] - [DEBUG] Loading hotspot layer for Anterior
2025-09-10 06:40:28 - [INFO] - [DEBUG] Looking for hotspot classification (NEWEST): F:\projek dosen\prototype riset\hotspot-analyzer\data\PLANAR\NSY\0001158915\20241204\20250910\ant_hotspot_classification_064025.png
2025-09-10 06:40:28 - [DEBUG] - STREAM b'IHDR' 16 13
2025-09-10 06:40:28 - [DEBUG] - STREAM b'IDAT' 41 1077
2025-09-10 06:40:28 - [INFO] - [DEBUG]   Loaded hotspot layer: F:\projek dosen\prototype riset\hotspot-analyzer\data\PLANAR\NSY\0001158915\20241204\20250910\ant_hotspot_classification_064025.png
2025-09-10 06:40:28 - [INFO] - [DEBUG] Hotspot type: EDITED
2025-09-10 06:40:28 - [INFO] - [DEBUG] Loading bbox layer for Anterior
2025-09-10 06:40:28 - [INFO] - [DEBUG] Looking for classification XML (NEWEST): F:\projek dosen\prototype riset\hotspot-analyzer\data\PLANAR\NSY\0001158915\20241204\20250910\ant_hotspot_classification_064025.xml
2025-09-10 06:40:28 - [INFO] - [DEBUG] Loading CLASSIFICATION XML for bbox: F:\projek dosen\prototype riset\hotspot-analyzer\data\PLANAR\NSY\0001158915\20241204\20250910\ant_hotspot_classification_064025.xml
2025-09-10 06:40:28 - [INFO] - [DEBUG] Drew CLASSIFICATION Abnormal bbox: (63,74) -> (72,84)
2025-09-10 06:40:28 - [INFO] - [DEBUG] Drew CLASSIFICATION Abnormal bbox: (180,129) -> (213,158)
2025-09-10 06:40:28 - [INFO] - [DEBUG] Drew CLASSIFICATION Normal bbox: (129,70) -> (152,87)
2025-09-10 06:40:28 - [INFO] - [DEBUG]   Created CLASSIFICATION bbox visualization with 3 boxes
2025-09-10 06:40:28 - [INFO] - [DEBUG]   Loaded bbox layer: F:\projek dosen\prototype riset\hotspot-analyzer\data\PLANAR\NSY\0001158915\20241204\20250910\ant_hotspot_classification_064025.xml
2025-09-10 06:40:28 - [INFO] - [DEBUG] BBox XML type: EDITED
2025-09-10 06:40:28 - [INFO] - [CACHE STORE] Not caching due to adjustments/overrides/invert
2025-09-10 06:40:28 - [INFO] - [DEBUG]   Loaded 4 layers for Anterior: ['Image', 'Segmentation', 'Hotspot', 'HotspotBBox']
2025-09-10 06:40:28 - [INFO] - [DEBUG] Available CLASSIFICATION layers in files: ['Image', 'Segmentation', 'Hotspot', 'HotspotBBox']
2025-09-10 06:40:28 - [INFO] - [DEBUG]   Added CLASSIFICATION Image to card 0 (opacity: 1.00)
2025-09-10 06:40:28 - [INFO] - [DEBUG]   CLASSIFICATION card 0 composite created with layers: ['Image']
2025-09-10 06:40:28 - [INFO] - [DEBUG] Creating CLASSIFICATION card 0 for view: Posterior
2025-09-10 06:40:28 - [INFO] - [DEBUG] Active layers selected: ['Image']
2025-09-10 06:40:28 - [INFO] - [DEBUG] DICOM path: F:\projek dosen\prototype riset\hotspot-analyzer\data\PLANAR\NSY\0001158915\20241204\ANT001_DS.dcm
2025-09-10 06:40:28 - [INFO] - [DEBUG] Current view: Posterior
2025-09-10 06:40:28 - [INFO] - [CACHE DEBUG] use_cache=False
2025-09-10 06:40:28 - [INFO] - [CACHE DEBUG] has_adjustments=False (B=0.00, C=1.00)
2025-09-10 06:40:28 - [INFO] - [CACHE DEBUG] has_overrides=False (override_b=None, override_c=None)
2025-09-10 06:40:28 - [INFO] - [CACHE DEBUG] invert_original=True
2025-09-10 06:40:28 - [INFO] - [CACHE SKIP] Skipping cache due to adjustments/overrides/invert
2025-09-10 06:40:28 - [INFO] - [DEBUG] Path extraction: session=NSY, patient=0001158915, study_date=20241204
2025-09-10 06:40:28 - [INFO] - [DEBUG] Extracted patient info - ID: 0001158915, Session: NSY
2025-09-10 06:40:28 - [INFO] - [DEBUG] Original path: F:\projek dosen\prototype riset\hotspot-analyzer\data\PLANAR\NSY\0001158915\20241204\ANT001_DS.dcm
2025-09-10 06:40:28 - [INFO] - [DEBUG] Study date: 20241204
2025-09-10 06:40:28 - [INFO] - [DEBUG] Patient ID: 0001158915
2025-09-10 06:40:28 - [INFO] - [DEBUG] Session code: NSY
2025-09-10 06:40:28 - [INFO] - [DEBUG] Study date folder: F:\projek dosen\prototype riset\hotspot-analyzer\data\PLANAR\NSY\0001158915\20241204
2025-09-10 06:40:28 - [INFO] - [DEBUG] Loading original image for Posterior
2025-09-10 06:40:28 - [INFO] - [DEBUG] Looking for original PNG in study_date dir: F:\projek dosen\prototype riset\hotspot-analyzer\data\PLANAR\NSY\0001158915\20241204\post_original.png
2025-09-10 06:40:28 - [DEBUG] - STREAM b'IHDR' 16 13
2025-09-10 06:40:28 - [DEBUG] - STREAM b'IDAT' 41 65536
2025-09-10 06:40:28 - [INFO] - [DEBUG] Loaded original PNG from study_date dir: (256, 1024)
2025-09-10 06:40:28 - [INFO] - [DEBUG] Original image loaded: (256, 1024)
2025-09-10 06:40:28 - [INFO] - [DEBUG] Applying invert to original image
2025-09-10 06:40:28 - [INFO] - [DEBUG] simple_invert_pil_image: Processing L image, size = (256, 1024)
2025-09-10 06:40:28 - [INFO] - [DEBUG] simple_invert_image: input shape = (1024, 256), dtype = uint8
2025-09-10 06:40:28 - [INFO] - [DEBUG] Simple inversion completed: [0-255] -> [0-255]
2025-09-10 06:40:28 - [INFO] - [DEBUG] simple_invert_pil_image: completed
2025-09-10 06:40:28 - [INFO] - [DEBUG] Using STORED B/C values: B=0.00, C=1.00
2025-09-10 06:40:28 - [INFO] - [DEBUG]   Image layer loaded and processed
2025-09-10 06:40:28 - [INFO] - [DEBUG] Loading segmentation layer for Posterior
2025-09-10 06:40:28 - [INFO] - [DEBUG] Looking for segmentation (NEWEST): F:\projek dosen\prototype riset\hotspot-analyzer\data\PLANAR\NSY\0001158915\20241204\post_segm.png
2025-09-10 06:40:28 - [DEBUG] - STREAM b'IHDR' 16 13
2025-09-10 06:40:28 - [DEBUG] - STREAM b'IDAT' 41 4625
2025-09-10 06:40:28 - [INFO] - [DEBUG]   Loaded segmentation with transparency: F:\projek dosen\prototype riset\hotspot-analyzer\data\PLANAR\NSY\0001158915\20241204\post_segm.png
2025-09-10 06:40:28 - [INFO] - [DEBUG] Segmentation type: ORIGINAL
2025-09-10 06:40:28 - [INFO] - [DEBUG] Loading hotspot layer for Posterior
2025-09-10 06:40:28 - [INFO] - [DEBUG] Looking for hotspot classification (NEWEST): F:\projek dosen\prototype riset\hotspot-analyzer\data\PLANAR\NSY\0001158915\20241204\post_hotspot_classification.png
2025-09-10 06:40:28 - [INFO] - [DEBUG] No hotspot classification found: F:\projek dosen\prototype riset\hotspot-analyzer\data\PLANAR\NSY\0001158915\20241204\post_hotspot_classification.png
2025-09-10 06:40:28 - [INFO] - [DEBUG] Loading bbox layer for Posterior
2025-09-10 06:40:28 - [INFO] - [DEBUG] Looking for classification XML (NEWEST): F:\projek dosen\prototype riset\hotspot-analyzer\data\PLANAR\NSY\0001158915\20241204\post_hotspot_classification.xml
2025-09-10 06:40:28 - [INFO] - [DEBUG] No classification XML found: F:\projek dosen\prototype riset\hotspot-analyzer\data\PLANAR\NSY\0001158915\20241204\post_hotspot_classification.xml
2025-09-10 06:40:28 - [INFO] - [CACHE STORE] Not caching due to adjustments/overrides/invert
2025-09-10 06:40:28 - [INFO] - [DEBUG]   Loaded 2 layers for Posterior: ['Image', 'Segmentation']
2025-09-10 06:40:28 - [INFO] - [DEBUG] Available CLASSIFICATION layers in files: ['Image', 'Segmentation']
2025-09-10 06:40:28 - [INFO] - [DEBUG]   Added CLASSIFICATION Image to card 0 (opacity: 1.00)
2025-09-10 06:40:28 - [INFO] - [DEBUG]   CLASSIFICATION card 0 composite created with layers: ['Image']
2025-09-10 06:40:28 - [INFO] - [SMART UPDATE] State updated - Type: full
2025-09-10 06:40:28 - [INFO] - [SMART UPDATE] State updated - Type: rebuild
2025-09-10 06:40:28 - [INFO] - [DEBUG] Set HotspotBBox opacity to 1.00
2025-09-10 06:40:28 - [INFO] - [SMART UPDATE] Change type: none
2025-09-10 06:40:28 - [INFO] - [SMART UPDATE] Using full rebuild for opacity change
2025-09-10 06:40:28 - [INFO] - [DEBUG] Rebuilding timeline for active scan index: 0
2025-09-10 06:40:28 - [INFO] - [DEBUG] Creating CLASSIFICATION card 0 for view: Anterior
2025-09-10 06:40:28 - [INFO] - [DEBUG] Active layers selected: ['Image']
2025-09-10 06:40:28 - [INFO] - [DEBUG] DICOM path: F:\projek dosen\prototype riset\hotspot-analyzer\data\PLANAR\NSY\0001158915\20241204\ANT001_DS.dcm
2025-09-10 06:40:28 - [INFO] - [DEBUG] Current view: Anterior
2025-09-10 06:40:28 - [INFO] - [CACHE DEBUG] use_cache=False
2025-09-10 06:40:28 - [INFO] - [CACHE DEBUG] has_adjustments=False (B=0.00, C=1.00)
2025-09-10 06:40:28 - [INFO] - [CACHE DEBUG] has_overrides=False (override_b=None, override_c=None)
2025-09-10 06:40:28 - [INFO] - [CACHE DEBUG] invert_original=True
2025-09-10 06:40:28 - [INFO] - [CACHE SKIP] Skipping cache due to adjustments/overrides/invert
2025-09-10 06:40:28 - [INFO] - [DEBUG] Path extraction: session=NSY, patient=0001158915, study_date=20241204
2025-09-10 06:40:28 - [INFO] - [DEBUG] Extracted patient info - ID: 0001158915, Session: NSY
2025-09-10 06:40:28 - [INFO] - [DEBUG] Original path: F:\projek dosen\prototype riset\hotspot-analyzer\data\PLANAR\NSY\0001158915\20241204\ANT001_DS.dcm
2025-09-10 06:40:28 - [INFO] - [DEBUG] Study date: 20241204
2025-09-10 06:40:28 - [INFO] - [DEBUG] Patient ID: 0001158915
2025-09-10 06:40:28 - [INFO] - [DEBUG] Session code: NSY
2025-09-10 06:40:28 - [INFO] - [DEBUG] Study date folder: F:\projek dosen\prototype riset\hotspot-analyzer\data\PLANAR\NSY\0001158915\20241204
2025-09-10 06:40:28 - [INFO] - [DEBUG] Loading original image for Anterior
2025-09-10 06:40:28 - [INFO] - [DEBUG] Looking for original PNG in study_date dir: F:\projek dosen\prototype riset\hotspot-analyzer\data\PLANAR\NSY\0001158915\20241204\ant_original.png
2025-09-10 06:40:28 - [DEBUG] - STREAM b'IHDR' 16 13
2025-09-10 06:40:28 - [DEBUG] - STREAM b'IDAT' 41 65536
2025-09-10 06:40:28 - [INFO] - [DEBUG] Loaded original PNG from study_date dir: (256, 1024)
2025-09-10 06:40:28 - [INFO] - [DEBUG] Original image loaded: (256, 1024)
2025-09-10 06:40:28 - [INFO] - [DEBUG] Applying invert to original image
2025-09-10 06:40:28 - [INFO] - [DEBUG] simple_invert_pil_image: Processing L image, size = (256, 1024)
2025-09-10 06:40:28 - [INFO] - [DEBUG] simple_invert_image: input shape = (1024, 256), dtype = uint8
2025-09-10 06:40:28 - [INFO] - [DEBUG] Simple inversion completed: [0-255] -> [0-255]
2025-09-10 06:40:28 - [INFO] - [DEBUG] simple_invert_pil_image: completed
2025-09-10 06:40:28 - [INFO] - [DEBUG] Using STORED B/C values: B=0.00, C=1.00
2025-09-10 06:40:28 - [INFO] - [DEBUG]   Image layer loaded and processed
2025-09-10 06:40:28 - [INFO] - [DEBUG] Loading segmentation layer for Anterior
2025-09-10 06:40:28 - [INFO] - [DEBUG] Looking for segmentation (NEWEST): F:\projek dosen\prototype riset\hotspot-analyzer\data\PLANAR\NSY\0001158915\20241204\20250826\ant_segm_011039.png
2025-09-10 06:40:28 - [DEBUG] - STREAM b'IHDR' 16 13
2025-09-10 06:40:28 - [DEBUG] - STREAM b'IDAT' 41 5158
2025-09-10 06:40:28 - [INFO] - [DEBUG]   Loaded segmentation with transparency: F:\projek dosen\prototype riset\hotspot-analyzer\data\PLANAR\NSY\0001158915\20241204\20250826\ant_segm_011039.png
2025-09-10 06:40:28 - [INFO] - [DEBUG] Segmentation type: EDITED
2025-09-10 06:40:28 - [INFO] - [DEBUG] Loading hotspot layer for Anterior
2025-09-10 06:40:28 - [INFO] - [DEBUG] Looking for hotspot classification (NEWEST): F:\projek dosen\prototype riset\hotspot-analyzer\data\PLANAR\NSY\0001158915\20241204\20250910\ant_hotspot_classification_064025.png
2025-09-10 06:40:28 - [DEBUG] - STREAM b'IHDR' 16 13
2025-09-10 06:40:28 - [DEBUG] - STREAM b'IDAT' 41 1077
2025-09-10 06:40:28 - [INFO] - [DEBUG]   Loaded hotspot layer: F:\projek dosen\prototype riset\hotspot-analyzer\data\PLANAR\NSY\0001158915\20241204\20250910\ant_hotspot_classification_064025.png
2025-09-10 06:40:28 - [INFO] - [DEBUG] Hotspot type: EDITED
2025-09-10 06:40:28 - [INFO] - [DEBUG] Loading bbox layer for Anterior
2025-09-10 06:40:28 - [INFO] - [DEBUG] Looking for classification XML (NEWEST): F:\projek dosen\prototype riset\hotspot-analyzer\data\PLANAR\NSY\0001158915\20241204\20250910\ant_hotspot_classification_064025.xml
2025-09-10 06:40:28 - [INFO] - [DEBUG] Loading CLASSIFICATION XML for bbox: F:\projek dosen\prototype riset\hotspot-analyzer\data\PLANAR\NSY\0001158915\20241204\20250910\ant_hotspot_classification_064025.xml
2025-09-10 06:40:28 - [INFO] - [DEBUG] Drew CLASSIFICATION Abnormal bbox: (63,74) -> (72,84)
2025-09-10 06:40:28 - [INFO] - [DEBUG] Drew CLASSIFICATION Abnormal bbox: (180,129) -> (213,158)
2025-09-10 06:40:28 - [INFO] - [DEBUG] Drew CLASSIFICATION Normal bbox: (129,70) -> (152,87)
2025-09-10 06:40:28 - [INFO] - [DEBUG]   Created CLASSIFICATION bbox visualization with 3 boxes
2025-09-10 06:40:28 - [INFO] - [DEBUG]   Loaded bbox layer: F:\projek dosen\prototype riset\hotspot-analyzer\data\PLANAR\NSY\0001158915\20241204\20250910\ant_hotspot_classification_064025.xml
2025-09-10 06:40:28 - [INFO] - [DEBUG] BBox XML type: EDITED
2025-09-10 06:40:28 - [INFO] - [CACHE STORE] Not caching due to adjustments/overrides/invert
2025-09-10 06:40:28 - [INFO] - [DEBUG]   Loaded 4 layers for Anterior: ['Image', 'Segmentation', 'Hotspot', 'HotspotBBox']
2025-09-10 06:40:28 - [INFO] - [DEBUG] Available CLASSIFICATION layers in files: ['Image', 'Segmentation', 'Hotspot', 'HotspotBBox']
2025-09-10 06:40:28 - [INFO] - [DEBUG]   Added CLASSIFICATION Image to card 0 (opacity: 1.00)
2025-09-10 06:40:28 - [INFO] - [DEBUG]   CLASSIFICATION card 0 composite created with layers: ['Image']
2025-09-10 06:40:28 - [INFO] - [DEBUG] Creating CLASSIFICATION card 0 for view: Posterior
2025-09-10 06:40:28 - [INFO] - [DEBUG] Active layers selected: ['Image']
2025-09-10 06:40:28 - [INFO] - [DEBUG] DICOM path: F:\projek dosen\prototype riset\hotspot-analyzer\data\PLANAR\NSY\0001158915\20241204\ANT001_DS.dcm
2025-09-10 06:40:28 - [INFO] - [DEBUG] Current view: Posterior
2025-09-10 06:40:28 - [INFO] - [CACHE DEBUG] use_cache=False
2025-09-10 06:40:28 - [INFO] - [CACHE DEBUG] has_adjustments=False (B=0.00, C=1.00)
2025-09-10 06:40:28 - [INFO] - [CACHE DEBUG] has_overrides=False (override_b=None, override_c=None)
2025-09-10 06:40:28 - [INFO] - [CACHE DEBUG] invert_original=True
2025-09-10 06:40:28 - [INFO] - [CACHE SKIP] Skipping cache due to adjustments/overrides/invert
2025-09-10 06:40:28 - [INFO] - [DEBUG] Path extraction: session=NSY, patient=0001158915, study_date=20241204
2025-09-10 06:40:28 - [INFO] - [DEBUG] Extracted patient info - ID: 0001158915, Session: NSY
2025-09-10 06:40:28 - [INFO] - [DEBUG] Original path: F:\projek dosen\prototype riset\hotspot-analyzer\data\PLANAR\NSY\0001158915\20241204\ANT001_DS.dcm
2025-09-10 06:40:28 - [INFO] - [DEBUG] Study date: 20241204
2025-09-10 06:40:28 - [INFO] - [DEBUG] Patient ID: 0001158915
2025-09-10 06:40:28 - [INFO] - [DEBUG] Session code: NSY
2025-09-10 06:40:28 - [INFO] - [DEBUG] Study date folder: F:\projek dosen\prototype riset\hotspot-analyzer\data\PLANAR\NSY\0001158915\20241204
2025-09-10 06:40:28 - [INFO] - [DEBUG] Loading original image for Posterior
2025-09-10 06:40:28 - [INFO] - [DEBUG] Looking for original PNG in study_date dir: F:\projek dosen\prototype riset\hotspot-analyzer\data\PLANAR\NSY\0001158915\20241204\post_original.png
2025-09-10 06:40:28 - [DEBUG] - STREAM b'IHDR' 16 13
2025-09-10 06:40:28 - [DEBUG] - STREAM b'IDAT' 41 65536
2025-09-10 06:40:28 - [INFO] - [DEBUG] Loaded original PNG from study_date dir: (256, 1024)
2025-09-10 06:40:28 - [INFO] - [DEBUG] Original image loaded: (256, 1024)
2025-09-10 06:40:28 - [INFO] - [DEBUG] Applying invert to original image
2025-09-10 06:40:28 - [INFO] - [DEBUG] simple_invert_pil_image: Processing L image, size = (256, 1024)
2025-09-10 06:40:28 - [INFO] - [DEBUG] simple_invert_image: input shape = (1024, 256), dtype = uint8
2025-09-10 06:40:28 - [INFO] - [DEBUG] Simple inversion completed: [0-255] -> [0-255]
2025-09-10 06:40:28 - [INFO] - [DEBUG] simple_invert_pil_image: completed
2025-09-10 06:40:28 - [INFO] - [DEBUG] Using STORED B/C values: B=0.00, C=1.00
2025-09-10 06:40:28 - [INFO] - [DEBUG]   Image layer loaded and processed
2025-09-10 06:40:28 - [INFO] - [DEBUG] Loading segmentation layer for Posterior
2025-09-10 06:40:28 - [INFO] - [DEBUG] Looking for segmentation (NEWEST): F:\projek dosen\prototype riset\hotspot-analyzer\data\PLANAR\NSY\0001158915\20241204\post_segm.png
2025-09-10 06:40:28 - [DEBUG] - STREAM b'IHDR' 16 13
2025-09-10 06:40:28 - [DEBUG] - STREAM b'IDAT' 41 4625
2025-09-10 06:40:28 - [INFO] - [DEBUG]   Loaded segmentation with transparency: F:\projek dosen\prototype riset\hotspot-analyzer\data\PLANAR\NSY\0001158915\20241204\post_segm.png
2025-09-10 06:40:28 - [INFO] - [DEBUG] Segmentation type: ORIGINAL
2025-09-10 06:40:28 - [INFO] - [DEBUG] Loading hotspot layer for Posterior
2025-09-10 06:40:28 - [INFO] - [DEBUG] Looking for hotspot classification (NEWEST): F:\projek dosen\prototype riset\hotspot-analyzer\data\PLANAR\NSY\0001158915\20241204\post_hotspot_classification.png
2025-09-10 06:40:28 - [INFO] - [DEBUG] No hotspot classification found: F:\projek dosen\prototype riset\hotspot-analyzer\data\PLANAR\NSY\0001158915\20241204\post_hotspot_classification.png
2025-09-10 06:40:28 - [INFO] - [DEBUG] Loading bbox layer for Posterior
2025-09-10 06:40:28 - [INFO] - [DEBUG] Looking for classification XML (NEWEST): F:\projek dosen\prototype riset\hotspot-analyzer\data\PLANAR\NSY\0001158915\20241204\post_hotspot_classification.xml
2025-09-10 06:40:28 - [INFO] - [DEBUG] No classification XML found: F:\projek dosen\prototype riset\hotspot-analyzer\data\PLANAR\NSY\0001158915\20241204\post_hotspot_classification.xml
2025-09-10 06:40:28 - [INFO] - [CACHE STORE] Not caching due to adjustments/overrides/invert
2025-09-10 06:40:28 - [INFO] - [DEBUG]   Loaded 2 layers for Posterior: ['Image', 'Segmentation']
2025-09-10 06:40:28 - [INFO] - [DEBUG] Available CLASSIFICATION layers in files: ['Image', 'Segmentation']
2025-09-10 06:40:28 - [INFO] - [DEBUG]   Added CLASSIFICATION Image to card 0 (opacity: 1.00)
2025-09-10 06:40:28 - [INFO] - [DEBUG]   CLASSIFICATION card 0 composite created with layers: ['Image']
2025-09-10 06:40:28 - [INFO] - [SMART UPDATE] State updated - Type: full
2025-09-10 06:40:28 - [INFO] - [SMART UPDATE] State updated - Type: rebuild
2025-09-10 06:40:28 - [INFO] - [MainWindow] Updating timeline with 1 scans
2025-09-10 06:40:28 - [INFO] - [BSI META INTEGRATION] Updating scan meta with BSI data
2025-09-10 06:40:28 - [INFO] - [BSI META INTEGRATION] Session code: NSY
2025-09-10 06:40:28 - [INFO] - [BSI META INTEGRATION] Scan path: F:\projek dosen\prototype riset\hotspot-analyzer\data\PLANAR\NSY\0001158915\20241204\ANT001_DS.dcm
2025-09-10 06:40:28 - [INFO] - [BSI EXTRACT INFO] Extracting from path: F:\projek dosen\prototype riset\hotspot-analyzer\data\PLANAR\NSY\0001158915\20241204\ANT001_DS.dcm
2025-09-10 06:40:28 - [INFO] - [BSI EXTRACT INFO] Extracted study_date from DICOM: 20241204
2025-09-10 06:40:28 - [INFO] - [BSI EXTRACT INFO] Extracted patient_id from study_date structure: 0001158915
2025-09-10 06:40:28 - [INFO] - [BSI EXTRACT INFO] Final result - Patient: 0001158915, Study: 20241204
2025-09-10 06:40:28 - [INFO] - [BSI META INTEGRATION] Extracted - Patient: 0001158915, Study: 20241204
2025-09-10 06:40:28 - [INFO] - [DEBUG QUANT FILES] Getting quantification files for: F:\projek dosen\prototype riset\hotspot-analyzer\data\PLANAR\NSY\0001158915\20241204
2025-09-10 06:40:28 - [INFO] - [DEBUG QUANT FILES] Detected study_date folder: F:\projek dosen\prototype riset\hotspot-analyzer\data\PLANAR\NSY\0001158915\20241204
2025-09-10 06:40:28 - [INFO] - [DEBUG QUANT FILES] Generated paths:
2025-09-10 06:40:28 - [INFO] - [DEBUG QUANT FILES]   bsi_json_ant: F:\projek dosen\prototype riset\hotspot-analyzer\data\PLANAR\NSY\0001158915\20241204\bsi_quantification_ant.json (exists: True)
2025-09-10 06:40:28 - [INFO] - [DEBUG QUANT FILES]   bsi_json_post: F:\projek dosen\prototype riset\hotspot-analyzer\data\PLANAR\NSY\0001158915\20241204\bsi_quantification_post.json (exists: False)
2025-09-10 06:40:28 - [INFO] - [BSI META INTEGRATION] Found BSI files in study_date folder: F:\projek dosen\prototype riset\hotspot-analyzer\data\PLANAR\NSY\0001158915\20241204
2025-09-10 06:40:28 - [INFO] - [BSI META INTEGRATION] Using patient folder: F:\projek dosen\prototype riset\hotspot-analyzer\data\PLANAR\NSY\0001158915\20241204
2025-09-10 06:40:28 - [INFO] - [DEBUG BSI] Detected study_date folder, using parent: F:\projek dosen\prototype riset\hotspot-analyzer\data\PLANAR\NSY\0001158915
2025-09-10 06:40:28 - [INFO] - [DEBUG BSI] Found study_date folder: 20241204
2025-09-10 06:40:28 - [INFO] - [DEBUG BSI]     - 20241204 (DIR)
2025-09-10 06:40:28 - [INFO] - [DEBUG BSI]     - 20250824 (DIR)
2025-09-10 06:40:28 - [INFO] - [DEBUG BSI]     - 20250826 (DIR)
2025-09-10 06:40:28 - [INFO] - [DEBUG BSI]     - 20250910 (DIR)
2025-09-10 06:40:28 - [INFO] - [DEBUG BSI]     - ANT001_DS.dcm (FILE)
2025-09-10 06:40:28 - [INFO] - [DEBUG BSI]     - ant_hotspot_classification.json (FILE)
2025-09-10 06:40:28 - [INFO] - [DEBUG BSI]     - ant_hotspot_classification.png (FILE)
2025-09-10 06:40:28 - [INFO] - [DEBUG BSI]     - ant_hotspot_classification.xml (FILE)
2025-09-10 06:40:28 - [INFO] - [DEBUG BSI]     - ant_hotspot_otsu_colored.png (FILE)
2025-09-10 06:40:28 - [INFO] - [DEBUG BSI]     - ant_hotspot_otsu_colored_blend.png (FILE)
2025-09-10 06:40:28 - [INFO] - [DEBUG BSI]     - ant_hotspot_otsu_grayscale.png (FILE)
2025-09-10 06:40:28 - [INFO] - [DEBUG BSI]     - ant_hotspot_yolo.xml (FILE)
2025-09-10 06:40:28 - [INFO] - [DEBUG BSI]     - ant_mask.png (FILE)
2025-09-10 06:40:28 - [INFO] - [DEBUG BSI]     - ant_original.png (FILE)
2025-09-10 06:40:28 - [INFO] - [DEBUG BSI]     - ant_segm.png (FILE)
2025-09-10 06:40:28 - [INFO] - [DEBUG BSI]     - bsi_quantification_ant.json (FILE)
2025-09-10 06:40:28 - [INFO] - [DEBUG BSI]     - post_hotspot_otsu_colored.png (FILE)
2025-09-10 06:40:28 - [INFO] - [DEBUG BSI]     - post_hotspot_otsu_colored_blend.png (FILE)
2025-09-10 06:40:28 - [INFO] - [DEBUG BSI]     - post_hotspot_otsu_grayscale.png (FILE)
2025-09-10 06:40:28 - [INFO] - [DEBUG BSI]     - post_hotspot_yolo.xml (FILE)
2025-09-10 06:40:28 - [INFO] - [DEBUG BSI]     - post_mask.png (FILE)
2025-09-10 06:40:28 - [INFO] - [DEBUG BSI]     - post_original.png (FILE)
2025-09-10 06:40:28 - [INFO] - [DEBUG BSI]     - post_segm.png (FILE)
2025-09-10 06:40:28 - [INFO] - [DEBUG BSI]     - 20241204 (DIR)
2025-09-10 06:40:28 - [INFO] - [BSI META INTEGRATION] Found BSI data: {'study_date': '20241204', 'anterior_bsi': 0.3730588265879179, 'posterior_bsi': 0.0, 'combined_bsi': 0.3730588265879179, 'bsi_score': 0.3730588265879179, 'file_source': 'bsi_quantification_ant.json', 'processing_mode': 'single_view_anterior', 'is_v2': True, 'note': 'Only anterior view available', 'source_location': 'Study date folder'}
2025-09-10 06:40:28 - [INFO] - [BSI META INTEGRATION]   Updated meta with BSI data:
2025-09-10 06:40:28 - [INFO] - [BSI META INTEGRATION]   Anterior BSI: 0.3730588265879179
2025-09-10 06:40:28 - [INFO] - [BSI META INTEGRATION]   Posterior BSI: 0.0
2025-09-10 06:40:28 - [INFO] - [BSI META INTEGRATION]   Processing mode: single_view_anterior
2025-09-10 06:40:28 - [INFO] - [MainWindow]   BSI integration completed for 1 scans
2025-09-10 06:40:28 - [INFO] - [MainWindow DEBUG] First scan meta keys: ['patient_id', 'patient_name', 'patient_birth_date', 'patient_sex', 'patient_weight', 'patient_size', 'patient_age', 'study_date', 'series_date', 'study_time', 'modality', 'series_description', 'study_instance_uid', 'series_instance_uid', 'has_bsi', 'bsi_anterior', 'bsi_posterior', 'bsi_combined', 'bsi_processing_mode', 'bsi_file_source']
2025-09-10 06:40:28 - [INFO] - [MainWindow DEBUG] has_bsi: True
2025-09-10 06:40:28 - [INFO] - [MainWindow DEBUG] bsi_anterior: 0.3730588265879179
2025-09-10 06:40:28 - [INFO] - [MainWindow DEBUG] bsi_posterior: 0.0
2025-09-10 06:40:28 - [INFO] - [DEBUG] display_timeline called with 1 scan(s), focusing on index = 0
2025-09-10 06:40:28 - [INFO] - [BSI META INTEGRATION] Updating scan meta with BSI data
2025-09-10 06:40:28 - [INFO] - [BSI META INTEGRATION] Session code: NSY
2025-09-10 06:40:28 - [INFO] - [BSI META INTEGRATION] Scan path: F:\projek dosen\prototype riset\hotspot-analyzer\data\PLANAR\NSY\0001158915\20241204\ANT001_DS.dcm
2025-09-10 06:40:28 - [INFO] - [BSI EXTRACT INFO] Extracting from path: F:\projek dosen\prototype riset\hotspot-analyzer\data\PLANAR\NSY\0001158915\20241204\ANT001_DS.dcm
2025-09-10 06:40:28 - [INFO] - [BSI EXTRACT INFO] Extracted study_date from DICOM: 20241204
2025-09-10 06:40:28 - [INFO] - [BSI EXTRACT INFO] Extracted patient_id from study_date structure: 0001158915
2025-09-10 06:40:28 - [INFO] - [BSI EXTRACT INFO] Final result - Patient: 0001158915, Study: 20241204
2025-09-10 06:40:28 - [INFO] - [BSI META INTEGRATION] Extracted - Patient: 0001158915, Study: 20241204
2025-09-10 06:40:28 - [INFO] - [DEBUG QUANT FILES] Getting quantification files for: F:\projek dosen\prototype riset\hotspot-analyzer\data\PLANAR\NSY\0001158915\20241204
2025-09-10 06:40:28 - [INFO] - [DEBUG QUANT FILES] Detected study_date folder: F:\projek dosen\prototype riset\hotspot-analyzer\data\PLANAR\NSY\0001158915\20241204
2025-09-10 06:40:28 - [INFO] - [DEBUG QUANT FILES] Generated paths:
2025-09-10 06:40:28 - [INFO] - [DEBUG QUANT FILES]   bsi_json_ant: F:\projek dosen\prototype riset\hotspot-analyzer\data\PLANAR\NSY\0001158915\20241204\bsi_quantification_ant.json (exists: True)
2025-09-10 06:40:28 - [INFO] - [DEBUG QUANT FILES]   bsi_json_post: F:\projek dosen\prototype riset\hotspot-analyzer\data\PLANAR\NSY\0001158915\20241204\bsi_quantification_post.json (exists: False)
2025-09-10 06:40:28 - [INFO] - [BSI META INTEGRATION] Found BSI files in study_date folder: F:\projek dosen\prototype riset\hotspot-analyzer\data\PLANAR\NSY\0001158915\20241204
2025-09-10 06:40:28 - [INFO] - [BSI META INTEGRATION] Using patient folder: F:\projek dosen\prototype riset\hotspot-analyzer\data\PLANAR\NSY\0001158915\20241204
2025-09-10 06:40:28 - [INFO] - [DEBUG BSI] Detected study_date folder, using parent: F:\projek dosen\prototype riset\hotspot-analyzer\data\PLANAR\NSY\0001158915
2025-09-10 06:40:28 - [INFO] - [DEBUG BSI] Found study_date folder: 20241204
2025-09-10 06:40:28 - [INFO] - [DEBUG BSI]     - 20241204 (DIR)
2025-09-10 06:40:28 - [INFO] - [DEBUG BSI]     - 20250824 (DIR)
2025-09-10 06:40:28 - [INFO] - [DEBUG BSI]     - 20250826 (DIR)
2025-09-10 06:40:28 - [INFO] - [DEBUG BSI]     - 20250910 (DIR)
2025-09-10 06:40:28 - [INFO] - [DEBUG BSI]     - ANT001_DS.dcm (FILE)
2025-09-10 06:40:28 - [INFO] - [DEBUG BSI]     - ant_hotspot_classification.json (FILE)
2025-09-10 06:40:28 - [INFO] - [DEBUG BSI]     - ant_hotspot_classification.png (FILE)
2025-09-10 06:40:28 - [INFO] - [DEBUG BSI]     - ant_hotspot_classification.xml (FILE)
2025-09-10 06:40:28 - [INFO] - [DEBUG BSI]     - ant_hotspot_otsu_colored.png (FILE)
2025-09-10 06:40:28 - [INFO] - [DEBUG BSI]     - ant_hotspot_otsu_colored_blend.png (FILE)
2025-09-10 06:40:28 - [INFO] - [DEBUG BSI]     - ant_hotspot_otsu_grayscale.png (FILE)
2025-09-10 06:40:28 - [INFO] - [DEBUG BSI]     - ant_hotspot_yolo.xml (FILE)
2025-09-10 06:40:28 - [INFO] - [DEBUG BSI]     - ant_mask.png (FILE)
2025-09-10 06:40:28 - [INFO] - [DEBUG BSI]     - ant_original.png (FILE)
2025-09-10 06:40:28 - [INFO] - [DEBUG BSI]     - ant_segm.png (FILE)
2025-09-10 06:40:28 - [INFO] - [DEBUG BSI]     - bsi_quantification_ant.json (FILE)
2025-09-10 06:40:28 - [INFO] - [DEBUG BSI]     - post_hotspot_otsu_colored.png (FILE)
2025-09-10 06:40:28 - [INFO] - [DEBUG BSI]     - post_hotspot_otsu_colored_blend.png (FILE)
2025-09-10 06:40:28 - [INFO] - [DEBUG BSI]     - post_hotspot_otsu_grayscale.png (FILE)
2025-09-10 06:40:28 - [INFO] - [DEBUG BSI]     - post_hotspot_yolo.xml (FILE)
2025-09-10 06:40:28 - [INFO] - [DEBUG BSI]     - post_mask.png (FILE)
2025-09-10 06:40:28 - [INFO] - [DEBUG BSI]     - post_original.png (FILE)
2025-09-10 06:40:28 - [INFO] - [DEBUG BSI]     - post_segm.png (FILE)
2025-09-10 06:40:28 - [INFO] - [DEBUG BSI]     - 20241204 (DIR)
2025-09-10 06:40:28 - [INFO] - [BSI META INTEGRATION] Found BSI data: {'study_date': '20241204', 'anterior_bsi': 0.3730588265879179, 'posterior_bsi': 0.0, 'combined_bsi': 0.3730588265879179, 'bsi_score': 0.3730588265879179, 'file_source': 'bsi_quantification_ant.json', 'processing_mode': 'single_view_anterior', 'is_v2': True, 'note': 'Only anterior view available', 'source_location': 'Study date folder'}
2025-09-10 06:40:28 - [INFO] - [BSI META INTEGRATION]   Updated meta with BSI data:
2025-09-10 06:40:28 - [INFO] - [BSI META INTEGRATION]   Anterior BSI: 0.3730588265879179
2025-09-10 06:40:28 - [INFO] - [BSI META INTEGRATION]   Posterior BSI: 0.0
2025-09-10 06:40:28 - [INFO] - [BSI META INTEGRATION]   Processing mode: single_view_anterior
2025-09-10 06:40:28 - [INFO] - [DEBUG] Rebuilding timeline for active scan index: 0
2025-09-10 06:40:28 - [INFO] - [DEBUG] Creating CLASSIFICATION card 0 for view: Anterior
2025-09-10 06:40:28 - [INFO] - [DEBUG] Active layers selected: ['Image']
2025-09-10 06:40:28 - [INFO] - [DEBUG] DICOM path: F:\projek dosen\prototype riset\hotspot-analyzer\data\PLANAR\NSY\0001158915\20241204\ANT001_DS.dcm
2025-09-10 06:40:28 - [INFO] - [DEBUG] Current view: Anterior
2025-09-10 06:40:28 - [INFO] - [CACHE DEBUG] use_cache=False
2025-09-10 06:40:28 - [INFO] - [CACHE DEBUG] has_adjustments=False (B=0.00, C=1.00)
2025-09-10 06:40:28 - [INFO] - [CACHE DEBUG] has_overrides=False (override_b=None, override_c=None)
2025-09-10 06:40:28 - [INFO] - [CACHE DEBUG] invert_original=True
2025-09-10 06:40:28 - [INFO] - [CACHE SKIP] Skipping cache due to adjustments/overrides/invert
2025-09-10 06:40:28 - [INFO] - [DEBUG] Path extraction: session=NSY, patient=0001158915, study_date=20241204
2025-09-10 06:40:28 - [INFO] - [DEBUG] Extracted patient info - ID: 0001158915, Session: NSY
2025-09-10 06:40:28 - [INFO] - [DEBUG] Original path: F:\projek dosen\prototype riset\hotspot-analyzer\data\PLANAR\NSY\0001158915\20241204\ANT001_DS.dcm
2025-09-10 06:40:28 - [INFO] - [DEBUG] Study date: 20241204
2025-09-10 06:40:28 - [INFO] - [DEBUG] Patient ID: 0001158915
2025-09-10 06:40:28 - [INFO] - [DEBUG] Session code: NSY
2025-09-10 06:40:28 - [INFO] - [DEBUG] Study date folder: F:\projek dosen\prototype riset\hotspot-analyzer\data\PLANAR\NSY\0001158915\20241204
2025-09-10 06:40:28 - [INFO] - [DEBUG] Loading original image for Anterior
2025-09-10 06:40:28 - [INFO] - [DEBUG] Looking for original PNG in study_date dir: F:\projek dosen\prototype riset\hotspot-analyzer\data\PLANAR\NSY\0001158915\20241204\ant_original.png
2025-09-10 06:40:28 - [DEBUG] - STREAM b'IHDR' 16 13
2025-09-10 06:40:28 - [DEBUG] - STREAM b'IDAT' 41 65536
2025-09-10 06:40:28 - [INFO] - [DEBUG] Loaded original PNG from study_date dir: (256, 1024)
2025-09-10 06:40:28 - [INFO] - [DEBUG] Original image loaded: (256, 1024)
2025-09-10 06:40:28 - [INFO] - [DEBUG] Applying invert to original image
2025-09-10 06:40:28 - [INFO] - [DEBUG] simple_invert_pil_image: Processing L image, size = (256, 1024)
2025-09-10 06:40:28 - [INFO] - [DEBUG] simple_invert_image: input shape = (1024, 256), dtype = uint8
2025-09-10 06:40:28 - [INFO] - [DEBUG] Simple inversion completed: [0-255] -> [0-255]
2025-09-10 06:40:28 - [INFO] - [DEBUG] simple_invert_pil_image: completed
2025-09-10 06:40:28 - [INFO] - [DEBUG] Using STORED B/C values: B=0.00, C=1.00
2025-09-10 06:40:28 - [INFO] - [DEBUG]   Image layer loaded and processed
2025-09-10 06:40:28 - [INFO] - [DEBUG] Loading segmentation layer for Anterior
2025-09-10 06:40:28 - [INFO] - [DEBUG] Looking for segmentation (NEWEST): F:\projek dosen\prototype riset\hotspot-analyzer\data\PLANAR\NSY\0001158915\20241204\20250826\ant_segm_011039.png
2025-09-10 06:40:28 - [DEBUG] - STREAM b'IHDR' 16 13
2025-09-10 06:40:28 - [DEBUG] - STREAM b'IDAT' 41 5158
2025-09-10 06:40:28 - [INFO] - [DEBUG]   Loaded segmentation with transparency: F:\projek dosen\prototype riset\hotspot-analyzer\data\PLANAR\NSY\0001158915\20241204\20250826\ant_segm_011039.png
2025-09-10 06:40:28 - [INFO] - [DEBUG] Segmentation type: EDITED
2025-09-10 06:40:28 - [INFO] - [DEBUG] Loading hotspot layer for Anterior
2025-09-10 06:40:28 - [INFO] - [DEBUG] Looking for hotspot classification (NEWEST): F:\projek dosen\prototype riset\hotspot-analyzer\data\PLANAR\NSY\0001158915\20241204\20250910\ant_hotspot_classification_064025.png
2025-09-10 06:40:28 - [DEBUG] - STREAM b'IHDR' 16 13
2025-09-10 06:40:28 - [DEBUG] - STREAM b'IDAT' 41 1077
2025-09-10 06:40:28 - [INFO] - [DEBUG]   Loaded hotspot layer: F:\projek dosen\prototype riset\hotspot-analyzer\data\PLANAR\NSY\0001158915\20241204\20250910\ant_hotspot_classification_064025.png
2025-09-10 06:40:28 - [INFO] - [DEBUG] Hotspot type: EDITED
2025-09-10 06:40:28 - [INFO] - [DEBUG] Loading bbox layer for Anterior
2025-09-10 06:40:28 - [INFO] - [DEBUG] Looking for classification XML (NEWEST): F:\projek dosen\prototype riset\hotspot-analyzer\data\PLANAR\NSY\0001158915\20241204\20250910\ant_hotspot_classification_064025.xml
2025-09-10 06:40:28 - [INFO] - [DEBUG] Loading CLASSIFICATION XML for bbox: F:\projek dosen\prototype riset\hotspot-analyzer\data\PLANAR\NSY\0001158915\20241204\20250910\ant_hotspot_classification_064025.xml
2025-09-10 06:40:28 - [INFO] - [DEBUG] Drew CLASSIFICATION Abnormal bbox: (63,74) -> (72,84)
2025-09-10 06:40:28 - [INFO] - [DEBUG] Drew CLASSIFICATION Abnormal bbox: (180,129) -> (213,158)
2025-09-10 06:40:28 - [INFO] - [DEBUG] Drew CLASSIFICATION Normal bbox: (129,70) -> (152,87)
2025-09-10 06:40:28 - [INFO] - [DEBUG]   Created CLASSIFICATION bbox visualization with 3 boxes
2025-09-10 06:40:28 - [INFO] - [DEBUG]   Loaded bbox layer: F:\projek dosen\prototype riset\hotspot-analyzer\data\PLANAR\NSY\0001158915\20241204\20250910\ant_hotspot_classification_064025.xml
2025-09-10 06:40:28 - [INFO] - [DEBUG] BBox XML type: EDITED
2025-09-10 06:40:28 - [INFO] - [CACHE STORE] Not caching due to adjustments/overrides/invert
2025-09-10 06:40:28 - [INFO] - [DEBUG]   Loaded 4 layers for Anterior: ['Image', 'Segmentation', 'Hotspot', 'HotspotBBox']
2025-09-10 06:40:28 - [INFO] - [DEBUG] Available CLASSIFICATION layers in files: ['Image', 'Segmentation', 'Hotspot', 'HotspotBBox']
2025-09-10 06:40:28 - [INFO] - [DEBUG]   Added CLASSIFICATION Image to card 0 (opacity: 1.00)
2025-09-10 06:40:28 - [INFO] - [DEBUG]   CLASSIFICATION card 0 composite created with layers: ['Image']
2025-09-10 06:40:28 - [INFO] - [DEBUG] Creating CLASSIFICATION card 0 for view: Posterior
2025-09-10 06:40:28 - [INFO] - [DEBUG] Active layers selected: ['Image']
2025-09-10 06:40:28 - [INFO] - [DEBUG] DICOM path: F:\projek dosen\prototype riset\hotspot-analyzer\data\PLANAR\NSY\0001158915\20241204\ANT001_DS.dcm
2025-09-10 06:40:28 - [INFO] - [DEBUG] Current view: Posterior
2025-09-10 06:40:28 - [INFO] - [CACHE DEBUG] use_cache=False
2025-09-10 06:40:28 - [INFO] - [CACHE DEBUG] has_adjustments=False (B=0.00, C=1.00)
2025-09-10 06:40:28 - [INFO] - [CACHE DEBUG] has_overrides=False (override_b=None, override_c=None)
2025-09-10 06:40:28 - [INFO] - [CACHE DEBUG] invert_original=True
2025-09-10 06:40:28 - [INFO] - [CACHE SKIP] Skipping cache due to adjustments/overrides/invert
2025-09-10 06:40:28 - [INFO] - [DEBUG] Path extraction: session=NSY, patient=0001158915, study_date=20241204
2025-09-10 06:40:28 - [INFO] - [DEBUG] Extracted patient info - ID: 0001158915, Session: NSY
2025-09-10 06:40:28 - [INFO] - [DEBUG] Original path: F:\projek dosen\prototype riset\hotspot-analyzer\data\PLANAR\NSY\0001158915\20241204\ANT001_DS.dcm
2025-09-10 06:40:28 - [INFO] - [DEBUG] Study date: 20241204
2025-09-10 06:40:28 - [INFO] - [DEBUG] Patient ID: 0001158915
2025-09-10 06:40:28 - [INFO] - [DEBUG] Session code: NSY
2025-09-10 06:40:28 - [INFO] - [DEBUG] Study date folder: F:\projek dosen\prototype riset\hotspot-analyzer\data\PLANAR\NSY\0001158915\20241204
2025-09-10 06:40:28 - [INFO] - [DEBUG] Loading original image for Posterior
2025-09-10 06:40:28 - [INFO] - [DEBUG] Looking for original PNG in study_date dir: F:\projek dosen\prototype riset\hotspot-analyzer\data\PLANAR\NSY\0001158915\20241204\post_original.png
2025-09-10 06:40:28 - [DEBUG] - STREAM b'IHDR' 16 13
2025-09-10 06:40:28 - [DEBUG] - STREAM b'IDAT' 41 65536
2025-09-10 06:40:28 - [INFO] - [DEBUG] Loaded original PNG from study_date dir: (256, 1024)
2025-09-10 06:40:28 - [INFO] - [DEBUG] Original image loaded: (256, 1024)
2025-09-10 06:40:28 - [INFO] - [DEBUG] Applying invert to original image
2025-09-10 06:40:28 - [INFO] - [DEBUG] simple_invert_pil_image: Processing L image, size = (256, 1024)
2025-09-10 06:40:28 - [INFO] - [DEBUG] simple_invert_image: input shape = (1024, 256), dtype = uint8
2025-09-10 06:40:28 - [INFO] - [DEBUG] Simple inversion completed: [0-255] -> [0-255]
2025-09-10 06:40:28 - [INFO] - [DEBUG] simple_invert_pil_image: completed
2025-09-10 06:40:28 - [INFO] - [DEBUG] Using STORED B/C values: B=0.00, C=1.00
2025-09-10 06:40:28 - [INFO] - [DEBUG]   Image layer loaded and processed
2025-09-10 06:40:28 - [INFO] - [DEBUG] Loading segmentation layer for Posterior
2025-09-10 06:40:28 - [INFO] - [DEBUG] Looking for segmentation (NEWEST): F:\projek dosen\prototype riset\hotspot-analyzer\data\PLANAR\NSY\0001158915\20241204\post_segm.png
2025-09-10 06:40:28 - [DEBUG] - STREAM b'IHDR' 16 13
2025-09-10 06:40:28 - [DEBUG] - STREAM b'IDAT' 41 4625
2025-09-10 06:40:28 - [INFO] - [DEBUG]   Loaded segmentation with transparency: F:\projek dosen\prototype riset\hotspot-analyzer\data\PLANAR\NSY\0001158915\20241204\post_segm.png
2025-09-10 06:40:28 - [INFO] - [DEBUG] Segmentation type: ORIGINAL
2025-09-10 06:40:28 - [INFO] - [DEBUG] Loading hotspot layer for Posterior
2025-09-10 06:40:28 - [INFO] - [DEBUG] Looking for hotspot classification (NEWEST): F:\projek dosen\prototype riset\hotspot-analyzer\data\PLANAR\NSY\0001158915\20241204\post_hotspot_classification.png
2025-09-10 06:40:28 - [INFO] - [DEBUG] No hotspot classification found: F:\projek dosen\prototype riset\hotspot-analyzer\data\PLANAR\NSY\0001158915\20241204\post_hotspot_classification.png
2025-09-10 06:40:28 - [INFO] - [DEBUG] Loading bbox layer for Posterior
2025-09-10 06:40:28 - [INFO] - [DEBUG] Looking for classification XML (NEWEST): F:\projek dosen\prototype riset\hotspot-analyzer\data\PLANAR\NSY\0001158915\20241204\post_hotspot_classification.xml
2025-09-10 06:40:28 - [INFO] - [DEBUG] No classification XML found: F:\projek dosen\prototype riset\hotspot-analyzer\data\PLANAR\NSY\0001158915\20241204\post_hotspot_classification.xml
2025-09-10 06:40:28 - [INFO] - [CACHE STORE] Not caching due to adjustments/overrides/invert
2025-09-10 06:40:28 - [INFO] - [DEBUG]   Loaded 2 layers for Posterior: ['Image', 'Segmentation']
2025-09-10 06:40:28 - [INFO] - [DEBUG] Available CLASSIFICATION layers in files: ['Image', 'Segmentation']
2025-09-10 06:40:28 - [INFO] - [DEBUG]   Added CLASSIFICATION Image to card 0 (opacity: 1.00)
2025-09-10 06:40:28 - [INFO] - [DEBUG]   CLASSIFICATION card 0 composite created with layers: ['Image']
2025-09-10 06:40:28 - [INFO] - [SMART UPDATE] State updated - Type: full
2025-09-10 06:40:28 - [INFO] - [MainWindow]   Timeline updated with BSI integration
2025-09-10 06:40:28 - [INFO] - 
2025-09-10 06:40:28 - [INFO] - 🏠 [DEBUG MAIN GANTENG] ===================
2025-09-10 06:40:28 - [INFO] - 🏠 [DEBUG MAIN] Loading BSI data for selected scan
2025-09-10 06:40:28 - [INFO] - 🏠 [DEBUG MAIN] Session code: NSY
2025-09-10 06:40:28 - [INFO] - 🏠 [DEBUG MAIN] Scan data keys: ['meta', 'frames', 'path', 'workflow_files']
2025-09-10 06:40:28 - [INFO] - 🏠 [DEBUG MAIN] DICOM path: F:\projek dosen\prototype riset\hotspot-analyzer\data\PLANAR\NSY\0001158915\20241204\ANT001_DS.dcm
2025-09-10 06:40:28 - [INFO] - 🏠 [DEBUG MAIN] DICOM exists: True
2025-09-10 06:40:28 - [INFO] - 🏠 [DEBUG MAIN] Initial patient folder: F:\projek dosen\prototype riset\hotspot-analyzer\data\PLANAR\NSY\0001158915\20241204
2025-09-10 06:40:28 - [INFO] - 🏠 [DEBUG MAIN] Initial patient folder exists: True
2025-09-10 06:40:28 - [INFO] - 🏠 [DEBUG MAIN] Initial patient folder name: 20241204
2025-09-10 06:40:28 - [INFO] - 🏠 [DEBUG MAIN] Study date from DICOM: 20241204
2025-09-10 06:40:28 - [INFO] - 🏠 [DEBUG MAIN] Detected study_date folder structure
2025-09-10 06:40:28 - [INFO] - 🏠 [DEBUG MAIN] Corrected patient folder: F:\projek dosen\prototype riset\hotspot-analyzer\data\PLANAR\NSY\0001158915
2025-09-10 06:40:28 - [INFO] - 🏠 [DEBUG MAIN] Corrected patient ID: 0001158915
2025-09-10 06:40:28 - [INFO] - 🏠 [DEBUG MAIN] Corrected study date: 20241204
2025-09-10 06:40:28 - [INFO] - [DEBUG QUANT FILES] Getting quantification files for: F:\projek dosen\prototype riset\hotspot-analyzer\data\PLANAR\NSY\0001158915\20241204
2025-09-10 06:40:28 - [INFO] - [DEBUG QUANT FILES] Detected study_date folder: F:\projek dosen\prototype riset\hotspot-analyzer\data\PLANAR\NSY\0001158915\20241204
2025-09-10 06:40:28 - [INFO] - [DEBUG QUANT FILES] Generated paths:
2025-09-10 06:40:28 - [INFO] - [DEBUG QUANT FILES]   bsi_json_ant: F:\projek dosen\prototype riset\hotspot-analyzer\data\PLANAR\NSY\0001158915\20241204\bsi_quantification_ant.json (exists: True)
2025-09-10 06:40:28 - [INFO] - [DEBUG QUANT FILES]   bsi_json_post: F:\projek dosen\prototype riset\hotspot-analyzer\data\PLANAR\NSY\0001158915\20241204\bsi_quantification_post.json (exists: False)
2025-09-10 06:40:28 - [INFO] - 🏠 [DEBUG MAIN] BSI files in study_date folder:
2025-09-10 06:40:28 - [INFO] - 🏠 [DEBUG MAIN]   Anterior: True
2025-09-10 06:40:28 - [INFO] - 🏠 [DEBUG MAIN]   Posterior: False
2025-09-10 06:40:28 - [INFO] - 🏠 [DEBUG MAIN] Found BSI files in study_date folder, using it
2025-09-10 06:40:28 - [INFO] - [BSI CANVAS] Using patient folder for trend: F:\projek dosen\prototype riset\hotspot-analyzer\data\PLANAR\NSY\0001158915
2025-09-10 06:40:28 - [INFO] - [DEBUG QUANT FILES] Getting quantification files for: F:\projek dosen\prototype riset\hotspot-analyzer\data\PLANAR\NSY\0001158915\20241204
2025-09-10 06:40:28 - [INFO] - [DEBUG QUANT FILES] Detected study_date folder: F:\projek dosen\prototype riset\hotspot-analyzer\data\PLANAR\NSY\0001158915\20241204
2025-09-10 06:40:28 - [INFO] - [DEBUG QUANT FILES] Generated paths:
2025-09-10 06:40:28 - [INFO] - [DEBUG QUANT FILES]   bsi_json_ant: F:\projek dosen\prototype riset\hotspot-analyzer\data\PLANAR\NSY\0001158915\20241204\bsi_quantification_ant.json (exists: True)
2025-09-10 06:40:28 - [INFO] - [DEBUG QUANT FILES]   bsi_json_post: F:\projek dosen\prototype riset\hotspot-analyzer\data\PLANAR\NSY\0001158915\20241204\bsi_quantification_post.json (exists: False)
2025-09-10 06:40:28 - [INFO] - 📖 [DEBUG RESULTS] Processing anterior-only data
2025-09-10 06:40:28 - [INFO] - 📖 [DEBUG RESULTS]   Successfully loaded V1.2 results
2025-09-10 06:40:28 - [INFO] - 🏠 [DEBUG MAIN] BSI panel load result: True
2025-09-10 06:40:28 - [INFO] - [DEBUG] Path extraction: session=NSY, patient=0001158915, study_date=20241204
2025-09-10 06:40:28 - [INFO] - [DEBUG] Extracted patient info - ID: 0001158915, Session: NSY
2025-09-10 06:40:28 - [INFO] - [DEBUG] Original path: F:\projek dosen\prototype riset\hotspot-analyzer\data\PLANAR\NSY\0001158915\20241204\ANT001_DS.dcm
2025-09-10 06:40:28 - [INFO] - [EDIT BUTTONS] Has scan: True, Has seg data: True, Can edit hotspot: True
2025-09-10 06:40:28 - [INFO] - [EDIT BUTTONS] Seg button enabled: True, Hotspot button enabled: True
2025-09-10 06:40:28 - [INFO] - [DEBUG SIGNAL]   Auto-refresh completed
2025-09-10 06:40:28 - [INFO] - 🔗 [DEBUG CONNECTION] Dialog accepted
2025-09-10 08:43:36 - [INFO] - [DEBUG] Logout requested
2025-09-10 08:43:36 - [INFO] - [DEBUG] Membersihkan sumber daya di MainWindow (SPECT)...
2025-09-10 08:43:36 - [INFO] - [DEBUG] Menutup process pool...
2025-09-10 08:43:36 - [ERROR] - Traceback (most recent call last):
2025-09-10 08:43:36 - [ERROR] - File "F:\projek dosen\prototype riset\hotspot-analyzer\features\spect_viewer\gui\main_window_spect.py", line 1230, in _handle_logout
2025-09-10 08:43:36 - [ERROR] - self.close()
2025-09-10 08:43:36 - [ERROR] - File "F:\projek dosen\prototype riset\hotspot-analyzer\features\spect_viewer\gui\main_window_spect.py", line 1235, in closeEvent
2025-09-10 08:43:36 - [ERROR] - if self._pool is not None:
2025-09-10 08:43:36 - [ERROR] - ^
2025-09-10 08:43:36 - [ERROR] - ^
2025-09-10 08:43:36 - [ERROR] - ^
2025-09-10 08:43:36 - [ERROR] - ^
2025-09-10 08:43:36 - [ERROR] - ^
2025-09-10 08:43:36 - [ERROR] - ^
2025-09-10 08:43:36 - [ERROR] - ^
2025-09-10 08:43:36 - [ERROR] - ^
2025-09-10 08:43:36 - [ERROR] - ^
2025-09-10 08:43:36 - [ERROR] - ^
2025-09-10 08:43:36 - [ERROR] - AttributeError
2025-09-10 08:43:36 - [ERROR] - :
2025-09-10 08:43:36 - [ERROR] - Error calling Python override of QMainWindow::closeEvent(): 'MainWindowSpect' object has no attribute '_pool'
2025-09-10 08:43:36 - [ERROR] - . Did you mean: '
2025-09-10 08:43:36 - [ERROR] - pool
2025-09-10 08:43:36 - [ERROR] - '?
2025-09-10 08:43:36 - [INFO] - [DEBUG] === Starting new session ===
2025-09-10 08:43:36 - [INFO] - [DEBUG] Development mode - creating dialog immediately
2025-09-10 08:43:36 - [INFO] - [DEBUG] Creating doctor selection dialog (attempt 1/3)...
2025-09-10 08:43:36 - [INFO] - [DEBUG] Dialog class imported successfully
2025-09-10 08:43:36 - [INFO] - [DEBUG] Dialog instance created successfully
2025-09-10 08:43:37 - [INFO] - [DEBUG] Dialog window properties set
2025-09-10 08:43:37 - [INFO] - [DEBUG] Showing dialog to user...
2025-09-10 08:43:37 - [INFO] - [DEBUG] Dialog shown successfully
2025-09-10 08:43:37 - [INFO] - [DEBUG] Waiting for user input...
2025-09-10 09:00:42 - [INFO] - [DEBUG] Dialog execution completed with result: 0
2025-09-10 09:00:42 - [INFO] - [DEBUG] Quick close detected: False
2025-09-10 09:00:42 - [INFO] - [DEBUG] User cancelled dialog, exiting application
2025-09-10 09:00:42 - [INFO] - [DEBUG] Shutting down application...
2025-09-10 09:00:42 - [INFO] - [DEBUG] Application exited with code: 0
2025-09-10 09:00:42 - [INFO] - [DEBUG] Application terminated normally
