2025-09-10 22:14:37 - [INFO] - Logger berhasil dikonfigurasi. Memulai aplikasi...
2025-09-10 22:14:37 - [INFO] - Running in development mode
2025-09-10 22:14:37 - [INFO] - [DEBUG] Starting TELPLASTINA...
2025-09-10 22:14:37 - [INFO] - [UI] Application icon loaded: assets\icon.ico
2025-09-10 22:14:37 - [INFO] - [UI] Poppins font applied
2025-09-10 22:14:37 - [INFO] - [DEBUG] TELPLASTINA application created and configured
2025-09-10 22:14:37 - [INFO] - [DEBUG] Starting session with 100ms delay...
2025-09-10 22:14:37 - [INFO] - [DEBUG] === Starting new session ===
2025-09-10 22:14:37 - [INFO] - [DEBUG] Development mode - creating dialog immediately
2025-09-10 22:14:38 - [INFO] - [DEBUG] Creating doctor selection dialog (attempt 1/3)...
2025-09-10 22:14:38 - [INFO] - [PATHS] Found YOLO model at: F:\projek dosen\prototype riset\hotspot-analyzer\models\hotspot_detection\models\model_detection_hs_yolov8.pt
2025-09-10 22:14:38 - [INFO] - [DEBUG] Dialog class imported successfully
2025-09-10 22:14:40 - [INFO] - [DEBUG] Dialog instance created successfully
2025-09-10 22:14:40 - [INFO] - [DEBUG] Dialog window properties set
2025-09-10 22:14:40 - [INFO] - [DEBUG] Showing dialog to user...
2025-09-10 22:14:40 - [INFO] - [DEBUG] Dialog shown successfully
2025-09-10 22:14:40 - [INFO] - [DEBUG] Waiting for user input...
2025-09-10 22:14:47 - [INFO] - [SESSION] Created session: HEHE_Planar_20250910_221447
2025-09-10 22:14:47 - [INFO] - [SESSION] Created: HEHE_Planar_20250910_221447
2025-09-10 22:14:47 - [INFO] - [DEBUG] Dialog execution completed with result: 1
2025-09-10 22:14:47 - [INFO] - [DEBUG] Quick close detected: False
2025-09-10 22:14:47 - [INFO] - [DEBUG] Session selected - Code: HEHE, Modality: Planar
2025-09-10 22:14:48 - [INFO] - [DEBUG] Data directory confirmed: data
2025-09-10 22:14:48 - [INFO] - [DEBUG] Starting PLANAR session with code: HEHE
2025-09-10 22:14:48 - [INFO] - [DEBUG] Creating main window for session: HEHE
2025-09-10 22:14:52 - [INFO] - [YOLO] Module loaded - model will be loaded on-demand
2025-09-10 22:14:52 - [INFO] - [DEBUG] session_code in MainWindow = HEHE
2025-09-10 22:14:52 - [INFO] - [DEBUG] Timeline keyboard shortcuts enabled: Ctrl+/- for zoom, Ctrl+0 for reset
2025-09-10 22:14:52 - [INFO] - [DEBUG] Connecting invert checkbox...
2025-09-10 22:14:52 - [INFO] - [DEBUG] Testing checkbox connection...
2025-09-10 22:14:52 - [INFO] - [DEBUG] Timeline widget exists: True
2025-09-10 22:14:52 - [INFO] - [DEBUG] Timeline widget type: <class 'features.spect_viewer.gui.scan_timeline.ScanTimelineWidget'>
2025-09-10 22:14:52 - [INFO] - [DEBUG] Invert checkbox created and connected
2025-09-10 22:14:52 - [INFO] - [MainWindow]   Global keyboard shortcuts setup complete
2025-09-10 22:14:52 - [INFO] - [MainWindow] Syncing view 'Anterior' across all components
2025-09-10 22:14:52 - [INFO] - [DEBUG] set_active_view called with 'Anterior', but is now ignored.
2025-09-10 22:14:52 - [INFO] - [MainWindow]   View sync completed
2025-09-10 22:14:52 - [INFO] - [MainWindow]   Complete integration initialization finished
2025-09-10 22:14:52 - [INFO] - [DEBUG] Starting folder scan for session: HEHE
2025-09-10 22:14:52 - [INFO] - Ditemukan 28 file DICOM di 'F:\projek dosen\prototype riset\hotspot-analyzer\data\PLANAR'
2025-09-10 22:14:52 - [INFO] - Ditemukan 7 session, 16 pasien (total 28 file DICOM).
2025-09-10 22:14:52 - [INFO] -     ALL: 1 pasien, 1 file
2025-09-10 22:14:52 - [INFO] -     ATL: 4 pasien, 4 file
2025-09-10 22:14:52 - [INFO] -     HEHE: 1 pasien, 1 file
2025-09-10 22:14:52 - [INFO] -     NBL: 1 pasien, 5 file
2025-09-10 22:14:52 - [INFO] -     NSY: 4 pasien, 8 file
2025-09-10 22:14:52 - [INFO] -     PVSA: 1 pasien, 1 file
2025-09-10 22:14:52 - [INFO] -     WKW: 4 pasien, 8 file
2025-09-10 22:14:52 - [INFO] - [DEBUG] Found 7 total sessions: ['ALL', 'ATL', 'HEHE', 'NBL', 'NSY', 'PVSA', 'WKW']
2025-09-10 22:14:52 - [INFO] - [DEBUG] Filtered to session HEHE: 1 patients
2025-09-10 22:14:52 - [INFO] - [DEBUG] Added 1 patients to combo box for session HEHE
2025-09-10 22:14:52 - [INFO] - [DEBUG] display_timeline called with 0 scan(s), focusing on index = -1
2025-09-10 22:14:52 - [INFO] - [DEBUG] Rebuilding timeline for active scan index: -1
2025-09-10 22:14:52 - [INFO] - [BSI SIDE PANEL] Clearing data...
2025-09-10 22:14:52 - [INFO] - [DEBUG] Folder scan completed
2025-09-10 22:14:52 - [INFO] - [DEBUG] Main window created successfully for session: HEHE
2025-09-10 22:14:52 - [INFO] - [DEBUG] Main window created successfully
2025-09-10 22:14:52 - [INFO] - [DEBUG] Logout signal connected
2025-09-10 22:14:52 - [INFO] - [DEBUG] Main window displayed
2025-09-10 22:14:52 - [INFO] - [DEBUG] Active windows count: 1
2025-09-10 22:14:53 - [INFO] - [TEST] Testing invert connection...
2025-09-10 22:14:53 - [INFO] - [TEST] Timeline widget exists: True
2025-09-10 22:14:53 - [INFO] - [TEST] Checkbox exists: True
2025-09-10 22:14:53 - [INFO] - [TEST] Current checkbox state: False
2025-09-10 22:14:53 - [INFO] - [DEBUG] === INVERT CHECKBOX CHANGED ===
2025-09-10 22:14:53 - [INFO] - [DEBUG] Checkbox state: 2, isChecked(): True
2025-09-10 22:14:53 - [INFO] - [DEBUG] Invert flag changed: False -> True
2025-09-10 22:14:53 - [INFO] - [DEBUG] Calling timeline_widget.set_invert_original(True)
2025-09-10 22:14:53 - [INFO] - [DEBUG] set_invert_original called: True (current: False)
2025-09-10 22:14:53 - [INFO] - [CACHE CLEAR] Cleared 0 layer cache entries
2025-09-10 22:14:53 - [INFO] - [CACHE CLEAR] Cleared zoom cache (0 labels)
2025-09-10 22:14:53 - [INFO] - [DEBUG] Cleared layer cache due to invert change
2025-09-10 22:14:53 - [INFO] - [DEBUG] No scans loaded, rebuild skipped
2025-09-10 22:14:53 - [INFO] - [DEBUG]   Timeline invert method called successfully
2025-09-10 22:14:53 - [INFO] - [TEST] Toggled checkbox to: True
2025-09-10 22:14:57 - [INFO] - [DEBUG] Opening DICOM import dialog...
2025-09-10 22:15:03 - [INFO] -   [DUPLICATE DEBUG] Starting duplicate check for 1 selected files
2025-09-10 22:15:03 - [INFO] -   [DUPLICATE DEBUG] Session code: HEHE
2025-09-10 22:15:03 - [INFO] -    1. ANT002_DS.dcm
2025-09-10 22:15:03 - [INFO] -   [DUPLICATE DEBUG]   Successfully imported duplicate checking functions
2025-09-10 22:15:03 - [INFO] -   [MANUAL TEST] Testing duplicate check function...
2025-09-10 22:15:03 - [INFO] -   [CHECK_DICOM_EXISTS] Checking: session=ATL, patient=0001158915, study_date=20241204
2025-09-10 22:15:03 - [INFO] -   [CHECK_DICOM_EXISTS] Expected path: F:\projek dosen\prototype riset\hotspot-analyzer\data\PLANAR\ATL\0001158915\20241204
2025-09-10 22:15:03 - [INFO] -   [CHECK_DICOM_EXISTS] Found 1 DICOM files
2025-09-10 22:15:03 - [INFO] -   [CHECK_DICOM_EXISTS] Found 7 processed files
2025-09-10 22:15:03 - [INFO] -   [CHECK_DICOM_EXISTS] Final result: True
2025-09-10 22:15:03 - [INFO] -   [MANUAL TEST] check_dicom_exists('ATL', '0001158915', '20241204') = True
2025-09-10 22:15:03 - [INFO] -   [MANUAL TEST] Existing info: {'exists': True, 'study_date_path': WindowsPath('F:/projek dosen/prototype riset/hotspot-analyzer/data/PLANAR/ATL/0001158915/20241204'), 'dicom_count': 1, 'dicom_files': ['ANT001_DS.dcm'], 'has_processed_files': True, 'last_modified': 1755090376.0898347}
2025-09-10 22:15:03 - [INFO] -   [DUPLICATE DEBUG] Starting individual file analysis...
2025-09-10 22:15:03 - [INFO] -   [DUPLICATE DEBUG] Analyzing file 1/1: ANT002_DS.dcm
2025-09-10 22:15:03 - [INFO] -    📄 Reading DICOM metadata...
2025-09-10 22:15:04 - [INFO] -    📋 Patient ID: 0001285547
2025-09-10 22:15:04 - [INFO] -    📅 Study Date: 20250723
2025-09-10 22:15:04 - [INFO] -    🔑 Combination Key: ('0001285547', '20250723')
2025-09-10 22:15:04 - [INFO] -      Checking against existing data in session HEHE...
2025-09-10 22:15:04 - [INFO] -   [CHECK_DICOM_EXISTS] Checking: session=HEHE, patient=0001285547, study_date=20250723
2025-09-10 22:15:04 - [INFO] -   [CHECK_DICOM_EXISTS] Expected path: F:\projek dosen\prototype riset\hotspot-analyzer\data\PLANAR\HEHE\0001285547\20250723
2025-09-10 22:15:04 - [INFO] -   [CHECK_DICOM_EXISTS] Path does not exist - NOT DUPLICATE
2025-09-10 22:15:04 - [INFO] -      check_dicom_exists result: False
2025-09-10 22:15:04 - [INFO] -      No duplicate found in system
2025-09-10 22:15:04 - [INFO] -    ➕ Adding as NEW file
2025-09-10 22:15:04 - [INFO] -   [DUPLICATE DEBUG] Analysis complete:
2025-09-10 22:15:04 - [INFO] -      New files: 1
2025-09-10 22:15:04 - [INFO] -    🔄 System duplicates: 0
2025-09-10 22:15:04 - [INFO] -    🔄 Internal duplicates: 0
2025-09-10 22:15:04 - [INFO] -     Errors: 0
2025-09-10 22:15:04 - [INFO] -   Selected 1 file(s) for import:
2025-09-10 22:15:04 - [INFO] -      1 new file(s) will be imported
2025-09-10 22:15:04 - [INFO] -   DEBUG: About to add 1 new files to selected_files list
2025-09-10 22:15:04 - [INFO] -    ➕ Added to processing queue: ANT002_DS.dcm
2025-09-10 22:15:04 - [INFO] -   DEBUG: About to add 0 duplicate files to UI (display only)
2025-09-10 22:15:04 - [INFO] -   DEBUG: Final counts - New files: 1, Duplicate files shown: 0
2025-09-10 22:15:04 - [INFO] -   DEBUG: selected_files now contains 1 files
2025-09-10 22:15:04 - [INFO] -   DEBUG: Added 1 new files
2025-09-10 22:15:04 - [INFO] - ➕ Successfully added 1 new file(s) to import queue
2025-09-10 22:15:04 - [INFO] -   Starting instant view detection analysis for new files...
2025-09-10 22:15:04 - [INFO] -   DEBUG: Starting quick detection for 1 files...
2025-09-10 22:15:04 - [INFO] -   DEBUG: Processing detection result for ANT002_DS.dcm
2025-09-10 22:15:04 - [INFO] - 📊 Detection Analysis Complete:
2025-09-10 22:15:04 - [INFO] -      1 files fully auto-tagged
2025-09-10 22:15:04 - [INFO] - 🎉 All files auto-tagged! You can proceed directly to import.
2025-09-10 22:15:04 - [INFO] - Next step: Configure Views (or proceed if all auto-tagged)
2025-09-10 22:15:04 - [INFO] -   ANT002_DS.dcm: Fully auto-tagged (2 frames)
2025-09-10 22:15:04 - [INFO] -   Opening enhanced view configuration dialog...
2025-09-10 22:15:04 - [INFO] -   DEBUG: Opening view selector with 1 files
2025-09-10 22:15:04 - [INFO] -   DEBUG: Opening view configuration with 1 files:
2025-09-10 22:15:04 - [INFO] -    1. ANT002_DS.dcm
2025-09-10 22:15:04 - [INFO] -      No duplicates found in selected_files
2025-09-10 22:15:04 - [INFO] -   DEBUG: Connecting signals...
2025-09-10 22:15:04 - [INFO] -   DEBUG: Executing dialog...
2025-09-10 22:15:04 - [INFO] -   DEBUG: Processing 2 frames from ANT002_DS.dcm
2025-09-10 22:15:04 - [INFO] -   Frame 0: 'anterior'
2025-09-10 22:15:04 - [INFO] -     Detected: Anterior (confidence: high)
2025-09-10 22:15:04 - [INFO] -       auto-tagged: Anterior (high confidence)
2025-09-10 22:15:04 - [INFO] - 
  STARTING BACKGROUND ANALYSIS FOR FRAME 0...
2025-09-10 22:15:04 - [INFO] - 
  === BACKGROUND ANALYSIS DEBUG ===
2025-09-10 22:15:04 - [INFO] - Frame shape: (1024, 256)
2025-09-10 22:15:04 - [INFO] - Frame dtype: uint16
2025-09-10 22:15:04 - [INFO] - Frame range: 0 to 1091
2025-09-10 22:15:04 - [INFO] - 🔄 Normalized to uint8: 0 to 255
2025-09-10 22:15:04 - [INFO] - 📐 Image dimensions: 256x1024 (262,144 pixels)
2025-09-10 22:15:04 - [INFO] - 🏠 Corner analysis with size: 20x20
2025-09-10 22:15:04 - [INFO] - 🏠 Corner means: [0.0, 0.0, 0.0, 0.0]
2025-09-10 22:15:04 - [INFO] - 🏠 Overall corner mean: 0.0
2025-09-10 22:15:04 - [INFO] - 🔲 Edge analysis:
2025-09-10 22:15:04 - [INFO] -    Edge mean: 0.0
2025-09-10 22:15:04 - [INFO] -    Dark edges (<50): 2560/2560 (100.0%)
2025-09-10 22:15:04 - [INFO] -    Bright edges (>200): 0/2560 (0.0%)
2025-09-10 22:15:04 - [INFO] - 📊 Overall statistics:
2025-09-10 22:15:04 - [INFO] -    Image mean: 3.0
2025-09-10 22:15:04 - [INFO] -    Dark pixels (<50): 261,161 (99.6%)
2025-09-10 22:15:04 - [INFO] -    Bright pixels (>200): 410 (0.2%)
2025-09-10 22:15:04 - [INFO] -    Mid-range pixels: 573 (0.2%)
2025-09-10 22:15:04 - [INFO] - 📈 Histogram analysis:
2025-09-10 22:15:04 - [INFO] -    Found 0 peaks: []
2025-09-10 22:15:04 - [INFO] - 
  DECISION PROCESS:
2025-09-10 22:15:04 - [INFO] - 
📋 DECISION FACTORS:
2025-09-10 22:15:04 - [INFO] -      Dark corners (0.0 < 50) → BLACK (+40)
2025-09-10 22:15:04 - [INFO] -      Dark edges (100.0%) support BLACK (+30)
2025-09-10 22:15:04 - [INFO] -      Dark image (3.0 < 80) supports BLACK (+10)
2025-09-10 22:15:04 - [INFO] - 
  FINAL DECISION:
2025-09-10 22:15:04 - [INFO] -    Background Type: BLACK
2025-09-10 22:15:04 - [INFO] -    Confidence: 80%
2025-09-10 22:15:04 - [INFO] -    Reasoning: 3 factors analyzed
2025-09-10 22:15:04 - [INFO] - 📊 RESULT: {'background_type': 'black', 'confidence': 80, 'background_pixels': 261161, 'object_pixels': 983, 'background_percentage': 99.62501525878906, 'total_pixels': 262144, 'debug_info': {'corner_mean': 0.0, 'edge_mean': 0.0, 'image_mean': 3.0012474060058594, 'dark_edge_ratio': 1.0, 'bright_edge_ratio': 0.0, 'decision_factors': ['  Dark corners (0.0 < 50) → BLACK (+40)', '  Dark edges (100.0%) support BLACK (+30)', '  Dark image (3.0 < 80) supports BLACK (+10)']}}
2025-09-10 22:15:04 - [INFO] -   === END BACKGROUND ANALYSIS ===

2025-09-10 22:15:04 - [INFO] -   BACKGROUND ANALYSIS RESULT:
2025-09-10 22:15:04 - [INFO] -    Type: black
2025-09-10 22:15:04 - [INFO] -    Confidence: 80%
2025-09-10 22:15:04 - [INFO] -    Background area: 99.6%
2025-09-10 22:15:04 - [INFO] -    Will auto-select: black radio button
2025-09-10 22:15:04 - [INFO] -    Factors: 3
2025-09-10 22:15:04 - [INFO] -     ⚠️ manual tagged REQUIRED: 80 confidence
2025-09-10 22:15:04 - [INFO] -   Frame 1: 'posterior'
2025-09-10 22:15:04 - [INFO] -     Detected: Posterior (confidence: high)
2025-09-10 22:15:04 - [INFO] -       auto-tagged: Posterior (high confidence)
2025-09-10 22:15:04 - [INFO] - 
  STARTING BACKGROUND ANALYSIS FOR FRAME 1...
2025-09-10 22:15:04 - [INFO] - 
  === BACKGROUND ANALYSIS DEBUG ===
2025-09-10 22:15:04 - [INFO] - Frame shape: (1024, 256)
2025-09-10 22:15:04 - [INFO] - Frame dtype: uint16
2025-09-10 22:15:04 - [INFO] - Frame range: 0 to 590
2025-09-10 22:15:04 - [INFO] - 🔄 Normalized to uint8: 0 to 255
2025-09-10 22:15:04 - [INFO] - 📐 Image dimensions: 256x1024 (262,144 pixels)
2025-09-10 22:15:04 - [INFO] - 🏠 Corner analysis with size: 20x20
2025-09-10 22:15:04 - [INFO] - 🏠 Corner means: [0.0, 0.0, 0.0, 0.0]
2025-09-10 22:15:04 - [INFO] - 🏠 Overall corner mean: 0.0
2025-09-10 22:15:04 - [INFO] - 🔲 Edge analysis:
2025-09-10 22:15:04 - [INFO] -    Edge mean: 0.0
2025-09-10 22:15:04 - [INFO] -    Dark edges (<50): 2560/2560 (100.0%)
2025-09-10 22:15:04 - [INFO] -    Bright edges (>200): 0/2560 (0.0%)
2025-09-10 22:15:04 - [INFO] - 📊 Overall statistics:
2025-09-10 22:15:04 - [INFO] -    Image mean: 4.9
2025-09-10 22:15:04 - [INFO] -    Dark pixels (<50): 260,100 (99.2%)
2025-09-10 22:15:04 - [INFO] -    Bright pixels (>200): 265 (0.1%)
2025-09-10 22:15:04 - [INFO] -    Mid-range pixels: 1,779 (0.7%)
2025-09-10 22:15:04 - [INFO] - 📈 Histogram analysis:
2025-09-10 22:15:04 - [INFO] -    Found 0 peaks: []
2025-09-10 22:15:04 - [INFO] - 
  DECISION PROCESS:
2025-09-10 22:15:04 - [INFO] - 
📋 DECISION FACTORS:
2025-09-10 22:15:04 - [INFO] -      Dark corners (0.0 < 50) → BLACK (+40)
2025-09-10 22:15:04 - [INFO] -      Dark edges (100.0%) support BLACK (+30)
2025-09-10 22:15:04 - [INFO] -      Dark image (4.9 < 80) supports BLACK (+10)
2025-09-10 22:15:04 - [INFO] - 
  FINAL DECISION:
2025-09-10 22:15:04 - [INFO] -    Background Type: BLACK
2025-09-10 22:15:04 - [INFO] -    Confidence: 80%
2025-09-10 22:15:04 - [INFO] -    Reasoning: 3 factors analyzed
2025-09-10 22:15:04 - [INFO] - 📊 RESULT: {'background_type': 'black', 'confidence': 80, 'background_pixels': 260100, 'object_pixels': 2044, 'background_percentage': 99.22027587890625, 'total_pixels': 262144, 'debug_info': {'corner_mean': 0.0, 'edge_mean': 0.0, 'image_mean': 4.906314849853516, 'dark_edge_ratio': 1.0, 'bright_edge_ratio': 0.0, 'decision_factors': ['  Dark corners (0.0 < 50) → BLACK (+40)', '  Dark edges (100.0%) support BLACK (+30)', '  Dark image (4.9 < 80) supports BLACK (+10)']}}
2025-09-10 22:15:04 - [INFO] -   === END BACKGROUND ANALYSIS ===

2025-09-10 22:15:04 - [INFO] -   BACKGROUND ANALYSIS RESULT:
2025-09-10 22:15:04 - [INFO] -    Type: black
2025-09-10 22:15:04 - [INFO] -    Confidence: 80%
2025-09-10 22:15:04 - [INFO] -    Background area: 99.2%
2025-09-10 22:15:04 - [INFO] -    Will auto-select: black radio button
2025-09-10 22:15:04 - [INFO] -    Factors: 3
2025-09-10 22:15:04 - [INFO] -     ⚠️ manual tagged REQUIRED: 80 confidence
2025-09-10 22:15:04 - [INFO] - Summary: ANT002_DS.dcm
2025-09-10 22:15:04 - [INFO] -     Reliable detections: 2/2
2025-09-10 22:15:04 - [INFO] -     Has reliable detection: True
2025-09-10 22:15:04 - [INFO] -     Needs manual tagged: False
2025-09-10 22:15:04 - [INFO] -   Loaded DICOM info for: ANT002_DS.dcm
2025-09-10 22:15:04 - [INFO] -     Reliable detection: True
2025-09-10 22:15:04 - [INFO] -     Needs manual tagged: False
2025-09-10 22:15:04 - [INFO] -   DEBUG: Loading finished. Loaded 1 DICOM info objects
2025-09-10 22:15:04 - [INFO] -   DEBUG: Starting widget setup...
2025-09-10 22:15:04 - [INFO] -   DEBUG: Processing 1 files in optimized order...
2025-09-10 22:15:04 - [INFO] -   ANT002_DS.dcm: auto
2025-09-10 22:15:04 - [INFO] -   DEBUG: Creating widget 1/1 for ANT002_DS.dcm...
2025-09-10 22:15:04 - [INFO] -   DEBUG: Creating DicomFileWidget with 2 frames...
2025-09-10 22:15:04 - [INFO] -   DEBUG: Initializing DicomFileWidget for ANT002_DS.dcm with 2 frames
2025-09-10 22:15:04 - [INFO] -   DEBUG: Setting up UI for ANT002_DS.dcm...
2025-09-10 22:15:04 - [INFO] -   DEBUG: Initializing FrameWidget for frame 0 from ANT002_DS.dcm
2025-09-10 22:15:04 - [INFO] -   DEBUG: Setting up UI for frame 0...
2025-09-10 22:15:04 - [INFO] -   DEBUG: ZoomableImageLabel init - shape: (1024, 256), dtype: uint16
2025-09-10 22:15:04 - [INFO] -   DEBUG: Medical image detected: True
2025-09-10 22:15:04 - [INFO] -   DEBUG: Creating pixmap...
2025-09-10 22:15:04 - [INFO] -   DEBUG: Starting pixmap creation - shape: (1024, 256)
2025-09-10 22:15:04 - [INFO] -   DEBUG: Frame data copied - dtype: uint16
2025-09-10 22:15:04 - [INFO] -   DEBUG: Converting from uint16 to uint8...
2025-09-10 22:15:04 - [INFO] -   DEBUG: Data range: 0 to 1091
2025-09-10 22:15:04 - [INFO] -   Normalization completed
2025-09-10 22:15:04 - [INFO] -   DEBUG: Final frame dimensions: 256x1024
2025-09-10 22:15:04 - [INFO] -   DEBUG: Enhancing medical image display...
2025-09-10 22:15:04 - [INFO] -   Image already uint8, no enhancement needed
2025-09-10 22:15:04 - [INFO] -   Medical image enhancement applied
2025-09-10 22:15:04 - [INFO] -   DEBUG: Creating PIL Image...
2025-09-10 22:15:04 - [INFO] -   PIL Image created
2025-09-10 22:15:04 - [INFO] -   DEBUG: Detected potential medical scan
2025-09-10 22:15:04 - [INFO] -   DEBUG: High aspect ratio (4.0), checking for rotation...
2025-09-10 22:15:04 - [INFO] -   DEBUG: Rotation did not improve, keeping original orientation
2025-09-10 22:15:04 - [INFO] -   PIL Image finalized - size: (256, 1024)
2025-09-10 22:15:04 - [INFO] -   DEBUG: Original dimensions: 256x1024
2025-09-10 22:15:04 - [INFO] -   DEBUG: Tall image - resize to 70x280
2025-09-10 22:15:04 - [INFO] -   DEBUG: Final resize dimensions: 70x280
2025-09-10 22:15:04 - [INFO] -   DEBUG: Using NEAREST resampling for medical image
2025-09-10 22:15:04 - [INFO] -   Image resized
2025-09-10 22:15:04 - [INFO] -   QPixmap created successfully
2025-09-10 22:15:04 - [INFO] -   DEBUG: Updating display...
2025-09-10 22:15:04 - [INFO] -   DEBUG: Using Smooth transformation for medical image
2025-09-10 22:15:04 - [INFO] -   ZoomableImageLabel initialized successfully
2025-09-10 22:15:04 - [INFO] - 
  FRAME 0 AUTO-SELECTION DEBUG:
2025-09-10 22:15:04 - [INFO] -    detected_bg: 'black'
2025-09-10 22:15:04 - [INFO] -    pixel_analysis exists: True
2025-09-10 22:15:04 - [INFO] -    analysis.background_type: 'black'
2025-09-10 22:15:04 - [INFO] -    analysis.confidence: 80%
2025-09-10 22:15:04 - [INFO] -    corner_mean: 0.0
2025-09-10 22:15:04 - [INFO] -    edge_mean: 0.0
2025-09-10 22:15:04 - [INFO] -    image_mean: 3.0012474060058594
2025-09-10 22:15:04 - [INFO] -   AUTO-SELECTED: BLACK background radio button
2025-09-10 22:15:04 - [INFO] -    Final state - Black checked: True
2025-09-10 22:15:04 - [INFO] -    Final state - White checked: False
2025-09-10 22:15:04 - [INFO] -   DEBUG: Connecting signals for frame 0...
2025-09-10 22:15:04 - [INFO] -   FrameWidget setup completed for frame 0
2025-09-10 22:15:05 - [INFO] -   DEBUG: Initializing FrameWidget for frame 1 from ANT002_DS.dcm
2025-09-10 22:15:05 - [INFO] -   DEBUG: Setting up UI for frame 1...
2025-09-10 22:15:05 - [INFO] -   DEBUG: ZoomableImageLabel init - shape: (1024, 256), dtype: uint16
2025-09-10 22:15:05 - [INFO] -   DEBUG: Medical image detected: True
2025-09-10 22:15:05 - [INFO] -   DEBUG: Creating pixmap...
2025-09-10 22:15:05 - [INFO] -   DEBUG: Starting pixmap creation - shape: (1024, 256)
2025-09-10 22:15:05 - [INFO] -   DEBUG: Frame data copied - dtype: uint16
2025-09-10 22:15:05 - [INFO] -   DEBUG: Converting from uint16 to uint8...
2025-09-10 22:15:05 - [INFO] -   DEBUG: Data range: 0 to 590
2025-09-10 22:15:05 - [INFO] -   Normalization completed
2025-09-10 22:15:05 - [INFO] -   DEBUG: Final frame dimensions: 256x1024
2025-09-10 22:15:05 - [INFO] -   DEBUG: Enhancing medical image display...
2025-09-10 22:15:05 - [INFO] -   Image already uint8, no enhancement needed
2025-09-10 22:15:05 - [INFO] -   Medical image enhancement applied
2025-09-10 22:15:05 - [INFO] -   DEBUG: Creating PIL Image...
2025-09-10 22:15:05 - [INFO] -   PIL Image created
2025-09-10 22:15:05 - [INFO] -   DEBUG: Detected potential medical scan
2025-09-10 22:15:05 - [INFO] -   DEBUG: High aspect ratio (4.0), checking for rotation...
2025-09-10 22:15:05 - [INFO] -   DEBUG: Rotation did not improve, keeping original orientation
2025-09-10 22:15:05 - [INFO] -   PIL Image finalized - size: (256, 1024)
2025-09-10 22:15:05 - [INFO] -   DEBUG: Original dimensions: 256x1024
2025-09-10 22:15:05 - [INFO] -   DEBUG: Tall image - resize to 70x280
2025-09-10 22:15:05 - [INFO] -   DEBUG: Final resize dimensions: 70x280
2025-09-10 22:15:05 - [INFO] -   DEBUG: Using NEAREST resampling for medical image
2025-09-10 22:15:05 - [INFO] -   Image resized
2025-09-10 22:15:05 - [INFO] -   QPixmap created successfully
2025-09-10 22:15:05 - [INFO] -   DEBUG: Updating display...
2025-09-10 22:15:05 - [INFO] -   DEBUG: Using Smooth transformation for medical image
2025-09-10 22:15:05 - [INFO] -   ZoomableImageLabel initialized successfully
2025-09-10 22:15:05 - [INFO] - 
  FRAME 1 AUTO-SELECTION DEBUG:
2025-09-10 22:15:05 - [INFO] -    detected_bg: 'black'
2025-09-10 22:15:05 - [INFO] -    pixel_analysis exists: True
2025-09-10 22:15:05 - [INFO] -    analysis.background_type: 'black'
2025-09-10 22:15:05 - [INFO] -    analysis.confidence: 80%
2025-09-10 22:15:05 - [INFO] -    corner_mean: 0.0
2025-09-10 22:15:05 - [INFO] -    edge_mean: 0.0
2025-09-10 22:15:05 - [INFO] -    image_mean: 4.906314849853516
2025-09-10 22:15:05 - [INFO] -   AUTO-SELECTED: BLACK background radio button
2025-09-10 22:15:05 - [INFO] -    Final state - Black checked: True
2025-09-10 22:15:05 - [INFO] -    Final state - White checked: False
2025-09-10 22:15:05 - [INFO] -   DEBUG: Connecting signals for frame 1...
2025-09-10 22:15:05 - [INFO] -   FrameWidget setup completed for frame 1
2025-09-10 22:15:05 - [INFO] -   UI setup completed for ANT002_DS.dcm
2025-09-10 22:15:05 - [INFO] -   DEBUG: Widget created successfully, connecting signals...
2025-09-10 22:15:05 - [INFO] -   DEBUG: Signals connected, adding to layout...
2025-09-10 22:15:05 - [INFO] -   Successfully created widget for ANT002_DS.dcm
2025-09-10 22:15:05 - [INFO] - 📊 Widget creation summary:
2025-09-10 22:15:05 - [INFO] -   Success: 1
2025-09-10 22:15:05 - [INFO] -   Errors: 0
2025-09-10 22:15:05 - [INFO] -   auto-tagged: 1
2025-09-10 22:15:05 - [INFO] -   Manual required: 0
2025-09-10 22:15:05 - [INFO] -   DEBUG: Widget setup completed, updating validation...
2025-09-10 22:15:05 - [INFO] -   DEBUG: Validating 1 widgets...
2025-09-10 22:15:05 - [INFO] -   DEBUG: Validating widget 1/1...
2025-09-10 22:15:05 - [INFO] -   DICOM widgets setup completed successfully
2025-09-10 22:15:05 - [INFO] -   DEBUG: Confirming selections...
2025-09-10 22:15:05 - [INFO] - 📄 ANT002_DS.dcm: {0: 'Anterior', 1: 'Posterior'}
2025-09-10 22:15:05 - [INFO] - 🎨 Background selections: {0: {'view': 'Anterior', 'background': 'black'}, 1: {'view': 'Posterior', 'background': 'black'}}
2025-09-10 22:15:05 - [INFO] -   Validation passed - emitting signal
2025-09-10 22:15:05 - [INFO] -   DEBUG: About to emit views_confirmed signal with 1 files
2025-09-10 22:15:05 - [INFO] -   DEBUG: Emitting views_confirmed signal (string paths)...
2025-09-10 22:15:05 - [INFO] -   DEBUG: Emitting views_confirmed signal with background data...
2025-09-10 22:15:05 - [INFO] -   DEBUG: Signal received! Processing 2 assignments
2025-09-10 22:15:05 - [INFO] -   DEBUG: _on_views_configured called with payload keys: ['background_assignments', 'view_assignments']
2025-09-10 22:15:05 - [INFO] -   DEBUG: view_assignments contains 1 files
2025-09-10 22:15:05 - [INFO] -    📄 F:\projek dosen\prototype riset\DicomP10\Export\1.2.840.113619.2.280.2.1.23072025135053116.1957121709\ANT002_DS.dcm
2025-09-10 22:15:05 - [INFO] - 🎨 Background assignments received: 1 files
2025-09-10 22:15:05 - [INFO] -   View assignments and background selections configured
2025-09-10 22:15:05 - [INFO] - Files with assignments: 1
2025-09-10 22:15:05 - [INFO] - Files with background selections: 1
2025-09-10 22:15:05 - [INFO] -   DEBUG: Signal emitted, closing dialog...
2025-09-10 22:15:05 - [INFO] -   DEBUG: Dialog finished, cleaning up...
2025-09-10 22:15:05 - [INFO] -   DEBUG: Dialog accepted and closed
2025-09-10 22:15:05 - [INFO] -   DEBUG: View dialog result: 1
2025-09-10 22:15:05 - [INFO] -   Dialog accepted
2025-09-10 22:15:06 - [INFO] -   DEBUG: Starting duplicate filter check...
2025-09-10 22:15:06 - [INFO] -   DEBUG: view_assignments contains 1 files
2025-09-10 22:15:06 - [INFO] -   DEBUG: file_list contains 1 items
2025-09-10 22:15:06 - [INFO] -   DEBUG: Checking file: ANT002_DS.dcm
2025-09-10 22:15:06 - [INFO] -    📍 Found in UI list at position 0
2025-09-10 22:15:06 - [INFO] -    🏷️ Duplicate flag: None
2025-09-10 22:15:06 - [INFO] -      NOT marked as duplicate - will process
2025-09-10 22:15:06 - [INFO] -    ➕ Added to processing queue
2025-09-10 22:15:06 - [INFO] -   DEBUG: Filter results:
2025-09-10 22:15:06 - [INFO] -    Original files in view_assignments: 1
2025-09-10 22:15:06 - [INFO] -    Files to actually process: 1
2025-09-10 22:15:06 - [INFO] -    Skipped duplicates: 0
2025-09-10 22:15:06 - [INFO] -   No duplicates found in processing queue
2025-09-10 22:15:06 - [INFO] - Starting enhanced import process...
2025-09-10 22:15:06 - [INFO] - Processing 1 files with view assignments
2025-09-10 22:15:06 - [INFO] - Session: HEHE
2025-09-10 22:15:06 - [INFO] - Target: data/PLANAR/HEHE/[patient_id]/
2025-09-10 22:15:06 - [INFO] - Configuration: All 1 files auto-tagged
2025-09-10 22:15:06 - [INFO] - Enforced naming: Anterior/Posterior views only
2025-09-10 22:15:06 - [INFO] - ## Background assignments provided for 1 files
2025-09-10 22:15:06 - [INFO] - ## Starting batch import with view assignments: 1 file(s)
2025-09-10 22:15:06 - [INFO] - ## Session code: HEHE
2025-09-10 22:15:06 - [INFO] - ## Target directory: data/PLANAR/HEHE/[patient_id]/
2025-09-10 22:15:06 - [INFO] - ##   DICOM PROTECTION: Original DICOM files will NOT be modified
2025-09-10 22:15:06 - [INFO] - ##   OUTPUT ONLY: PNG/XML files for analysis results
2025-09-10 22:15:06 - [INFO] - ## 🎨 BACKGROUND PROCESSING: 1 files have background selections
2025-09-10 22:15:06 - [INFO] - ## Background conversion: White → Black (for model compatibility)
2025-09-10 22:15:06 - [INFO] - ## Processing workflow: Copy Original → PNG outputs → Segmentation → YOLO → Otsu → Classification → Quantification → Upload PNG
2025-09-10 22:15:06 - [INFO] - 
## Processing file 1/1: ANT002_DS.dcm
2025-09-10 22:15:06 - [INFO] - 
=== Processing ANT002_DS.dcm ===
2025-09-10 22:15:06 - [INFO] -   Patient ID: 0001285547
2025-09-10 22:15:06 - [INFO] -   Study Date: 20250723
2025-09-10 22:15:06 - [INFO] -     Path structure validated: F:\projek dosen\prototype riset\hotspot-analyzer\data\PLANAR\HEHE\0001285547\20250723
2025-09-10 22:15:06 - [INFO] -   >> Copying ORIGINAL DICOM without modification...
2025-09-10 22:15:06 - [INFO] -   Copied ORIGINAL → F:\projek dosen\prototype riset\hotspot-analyzer\data\PLA...
2025-09-10 22:15:06 - [INFO] -   >> Loading ORIGINAL DICOM frames with view assignments...
2025-09-10 22:15:06 - [INFO] -   Frames detected: ['anterior', 'posterior']
2025-09-10 22:15:06 - [INFO] -   >> Processing background selections...
2025-09-10 22:15:06 - [INFO] -      Processing anterior with black background
2025-09-10 22:15:06 - [INFO] -   Keeping black background
2025-09-10 22:15:06 - [INFO] -        anterior background processed
2025-09-10 22:15:06 - [INFO] -      Processing posterior with black background
2025-09-10 22:15:06 - [INFO] -   Keeping black background
2025-09-10 22:15:06 - [INFO] -        posterior background processed
2025-09-10 22:15:06 - [INFO] -     Background processing completed
2025-09-10 22:15:06 - [INFO] -   >> Normalized 'anterior' → 'Anterior'
2025-09-10 22:15:06 - [INFO] -   >> Normalized 'posterior' → 'Posterior'
2025-09-10 22:15:06 - [INFO] -     Final views: ['Anterior', 'Posterior']
2025-09-10 22:15:06 - [INFO] -     Normalized views: ['Anterior', 'Posterior']
2025-09-10 22:15:06 - [INFO] -   >> Saving original frames for classification...
2025-09-10 22:15:06 - [INFO] -      Original frame saved: ant_original.png
2025-09-10 22:15:06 - [INFO] -      Original frame saved: post_original.png
2025-09-10 22:15:06 - [INFO] -   >> Generating segmentation masks and colored overlays...
2025-09-10 22:15:06 - [INFO] -   >> [1/2] Processing Anterior
2025-09-10 22:15:06 - [INFO] -      Segmenting bone mask...
2025-09-10 22:15:06 - [INFO] - [INFO]  Starting bone mask segmentation...
2025-09-10 22:15:06 - [INFO] - [INFO]  Input image shape: (1024, 256), dtype: uint16
2025-09-10 22:15:06 - [INFO] - [INFO]  Preprocessing: resizing to (256, 1024)...
2025-09-10 22:15:06 - [INFO] - [INFO]  Preprocessing completed
2025-09-10 22:15:06 - [INFO] - [INFO]  Loading segmentation model...
2025-09-10 22:15:09 - [INFO] - [INFO]  Loading bone segmentation model...
2025-09-10 22:15:09 - [INFO] - [INFO]  Model path: F:\projek dosen\prototype riset\hotspot-analyzer\models\s...
2025-09-10 22:15:09 - [INFO] - [INFO]  CUDA available: False – using cpu
2025-09-10 22:15:09 - [INFO] - [INFO]  Primary predictor created successfully (Device: cpu)
2025-09-10 22:15:09 - [INFO] - [INFO]  Switching to CPU-only fallback configuration.
2025-09-10 22:15:09 - [INFO] - [INFO]  Initializing model from trained weights on device: cpu...
2025-09-10 22:15:10 - [DEBUG] - Loaded backend agg version v2.2.
2025-09-10 22:15:17 - [INFO] - [INFO]  Bone segmentation model loaded successfully
2025-09-10 22:15:17 - [INFO] - [INFO]  Performing bone segmentation inference...
2025-09-10 22:15:17 - [INFO] - [INFO]  Running sliding window inference...
2025-09-10 22:15:17 - [INFO] - [INFO]  Input image shape: (1024, 256)
2025-09-10 22:15:18 - [INFO] - [INFO]  Prediction completed, output shape: (1024, 256)
2025-09-10 22:15:18 - [INFO] - [INFO]  Segmentation completed in 12.30s
2025-09-10 22:15:18 - [INFO] - [INFO]  Output mask shape: (1024, 256)
2025-09-10 22:15:18 - [INFO] - [INFO]  Unique labels found: [0, 1, 2, 3, 4, 5, 6, 7, 8, 9, 10, 11, 12]
2025-09-10 22:15:18 - [INFO] - [INFO]  Returning raw segmentation mask
2025-09-10 22:15:18 - [INFO] -      Generating colored overlay...
2025-09-10 22:15:18 - [INFO] - [INFO]  Starting bone mask segmentation...
2025-09-10 22:15:18 - [INFO] - [INFO]  Input image shape: (1024, 256), dtype: uint16
2025-09-10 22:15:18 - [INFO] - [INFO]  Preprocessing: resizing to (256, 1024)...
2025-09-10 22:15:18 - [INFO] - [INFO]  Preprocessing completed
2025-09-10 22:15:18 - [INFO] - [INFO]  Loading segmentation model...
2025-09-10 22:15:18 - [INFO] - [INFO]  Performing bone segmentation inference...
2025-09-10 22:15:18 - [INFO] - [INFO]  Running sliding window inference...
2025-09-10 22:15:18 - [INFO] - [INFO]  Input image shape: (1024, 256)
2025-09-10 22:15:19 - [INFO] - [INFO]  Prediction completed, output shape: (1024, 256)
2025-09-10 22:15:19 - [INFO] - [INFO]  Segmentation completed in 0.75s
2025-09-10 22:15:19 - [INFO] - [INFO]  Output mask shape: (1024, 256)
2025-09-10 22:15:19 - [INFO] - [INFO]  Unique labels found: [0, 1, 2, 3, 4, 5, 6, 7, 8, 9, 10, 11, 12]
2025-09-10 22:15:19 - [INFO] - [INFO]  Converting mask to colored RGB image...
2025-09-10 22:15:19 - [INFO] - [INFO]  RGB conversion completed, shape: (1024, 256, 3)
2025-09-10 22:15:19 - [INFO] -      Segmentation completed for Anterior
2025-09-10 22:15:19 - [INFO] -        Saved: ant_mask.png, ant_segm.png
2025-09-10 22:15:19 - [INFO] -   >> [2/2] Processing Posterior
2025-09-10 22:15:19 - [INFO] -      Segmenting bone mask...
2025-09-10 22:15:19 - [INFO] - [INFO]  Starting bone mask segmentation...
2025-09-10 22:15:19 - [INFO] - [INFO]  Input image shape: (1024, 256), dtype: uint16
2025-09-10 22:15:19 - [INFO] - [INFO]  Preprocessing: resizing to (256, 1024)...
2025-09-10 22:15:19 - [INFO] - [INFO]  Preprocessing completed
2025-09-10 22:15:19 - [INFO] - [INFO]  Loading segmentation model...
2025-09-10 22:15:19 - [INFO] - [INFO]  Performing bone segmentation inference...
2025-09-10 22:15:19 - [INFO] - [INFO]  Running sliding window inference...
2025-09-10 22:15:19 - [INFO] - [INFO]  Input image shape: (1024, 256)
2025-09-10 22:15:20 - [INFO] - [INFO]  Prediction completed, output shape: (1024, 256)
2025-09-10 22:15:20 - [INFO] - [INFO]  Segmentation completed in 0.74s
2025-09-10 22:15:20 - [INFO] - [INFO]  Output mask shape: (1024, 256)
2025-09-10 22:15:20 - [INFO] - [INFO]  Unique labels found: [0, 1, 2, 3, 4, 6, 7, 8, 9, 10, 11, 12]
2025-09-10 22:15:20 - [INFO] - [INFO]  Returning raw segmentation mask
2025-09-10 22:15:20 - [INFO] -      Generating colored overlay...
2025-09-10 22:15:20 - [INFO] - [INFO]  Starting bone mask segmentation...
2025-09-10 22:15:20 - [INFO] - [INFO]  Input image shape: (1024, 256), dtype: uint16
2025-09-10 22:15:20 - [INFO] - [INFO]  Preprocessing: resizing to (256, 1024)...
2025-09-10 22:15:20 - [INFO] - [INFO]  Preprocessing completed
2025-09-10 22:15:20 - [INFO] - [INFO]  Loading segmentation model...
2025-09-10 22:15:20 - [INFO] - [INFO]  Performing bone segmentation inference...
2025-09-10 22:15:20 - [INFO] - [INFO]  Running sliding window inference...
2025-09-10 22:15:20 - [INFO] - [INFO]  Input image shape: (1024, 256)
2025-09-10 22:15:20 - [INFO] - [INFO]  Prediction completed, output shape: (1024, 256)
2025-09-10 22:15:20 - [INFO] - [INFO]  Segmentation completed in 0.70s
2025-09-10 22:15:20 - [INFO] - [INFO]  Output mask shape: (1024, 256)
2025-09-10 22:15:20 - [INFO] - [INFO]  Unique labels found: [0, 1, 2, 3, 4, 6, 7, 8, 9, 10, 11, 12]
2025-09-10 22:15:20 - [INFO] - [INFO]  Converting mask to colored RGB image...
2025-09-10 22:15:20 - [INFO] - [INFO]  RGB conversion completed, shape: (1024, 256, 3)
2025-09-10 22:15:20 - [INFO] -      Segmentation completed for Posterior
2025-09-10 22:15:21 - [INFO] -        Saved: post_mask.png, post_segm.png
2025-09-10 22:15:21 - [INFO] -   >> Running YOLO hotspot detection...
2025-09-10 22:15:21 - [INFO] - [YOLO WRAPPER] Starting YOLO detection for 0001285547
2025-09-10 22:15:21 - [INFO] - [YOLO WRAPPER] Model path: F:\projek dosen\prototype riset\hotspot-analyzer\models\hotspot_detection\models\model_detection_hs_yolov8.pt
2025-09-10 22:15:21 - [INFO] - [YOLO WRAPPER] DICOM path: F:\projek dosen\prototype riset\hotspot-analyzer\data\PLANAR\HEHE\0001285547\20250723\ANT002_DS.dcm
2025-09-10 22:15:21 - [INFO] - [YOLO WRAPPER] Starting detection for patient 0001285547
2025-09-10 22:15:21 - [INFO] - [YOLO WRAPPER] DICOM file: F:\projek dosen\prototype riset\hotspot-analyzer\data\PLANAR\HEHE\0001285547\20250723\ANT002_DS.dcm
2025-09-10 22:15:21 - [INFO] - [YOLO] FORCING model load - application requires YOLO functionality
2025-09-10 22:15:21 - [INFO] - [YOLO WRAPPER] Extracted session from path: HEHE
2025-09-10 22:15:21 - [INFO] - [DETECTION] Processing DICOM: F:\projek dosen\prototype riset\hotspot-analyzer\data\PLANAR\HEHE\0001285547\20250723\ANT002_DS.dcm
2025-09-10 22:15:21 - [INFO] - [DETECTION] FORCED YOLO execution - application requires this functionality
2025-09-10 22:15:21 - [INFO] - [DETECTION] Patient: 0001285547, Session: HEHE, Study Date: 20250723
2025-09-10 22:15:21 - [INFO] - [DETECTION] Loaded 2 frames: ['anterior', 'posterior']
2025-09-10 22:15:21 - [INFO] - [DETECTION] Processing view: anterior -> anterior
2025-09-10 22:15:21 - [INFO] - [HOTSPOT FILES] Final selection for ant:
2025-09-10 22:15:21 - [INFO] - [HOTSPOT FILES]   yolo_xml: F:\projek dosen\prototype riset\hotspot-analyzer\data\PLANAR\HEHE\0001285547\20250723\ant_hotspot_yolo.xml (exists: False, type: original)
2025-09-10 22:15:21 - [INFO] - [HOTSPOT FILES]   otsu_colored: F:\projek dosen\prototype riset\hotspot-analyzer\data\PLANAR\HEHE\0001285547\20250723\ant_hotspot_otsu_colored.png (exists: False, type: original)
2025-09-10 22:15:21 - [INFO] - [HOTSPOT FILES]   otsu_colored_blend: F:\projek dosen\prototype riset\hotspot-analyzer\data\PLANAR\HEHE\0001285547\20250723\ant_hotspot_otsu_colored_blend.png (exists: False, type: original)
2025-09-10 22:15:21 - [INFO] - [HOTSPOT FILES]   otsu_grayscale: F:\projek dosen\prototype riset\hotspot-analyzer\data\PLANAR\HEHE\0001285547\20250723\ant_hotspot_otsu_grayscale.png (exists: False, type: original)
2025-09-10 22:15:21 - [INFO] - [HOTSPOT FILES]   classification_xml: F:\projek dosen\prototype riset\hotspot-analyzer\data\PLANAR\HEHE\0001285547\20250723\ant_hotspot_classification.xml (exists: False, type: original)
2025-09-10 22:15:21 - [INFO] - [HOTSPOT FILES]   classification_png: F:\projek dosen\prototype riset\hotspot-analyzer\data\PLANAR\HEHE\0001285547\20250723\ant_hotspot_classification.png (exists: False, type: original)
2025-09-10 22:15:21 - [INFO] - [DETECTION] Running YOLO on anterior view...
2025-09-10 22:15:21 - [INFO] - [YOLO] FORCING model load - application critical functionality
2025-09-10 22:15:21 - [INFO] - [YOLO] Loading model on-demand (FORCED, thread-safe)...
2025-09-10 22:15:21 - [INFO] - [YOLO] FORCING model initialization - critical for application
2025-09-10 22:15:21 - [INFO] - [YOLO] Attempting to load model from: F:\projek dosen\prototype riset\hotspot-analyzer\models\hotspot_detection\models\model_detection_hs_yolov8.pt
2025-09-10 22:15:21 - [INFO] - [YOLO] Model loaded successfully (FORCED CPU mode)
2025-09-10 22:15:21 - [INFO] - [DETECTION] Found 3 hotspots in anterior
2025-09-10 22:15:21 - [INFO] - [XML] Saved detection XML to: F:\projek dosen\prototype riset\hotspot-analyzer\data\PLANAR\HEHE\0001285547\20250723\ant_hotspot_yolo.xml
2025-09-10 22:15:21 - [INFO] - [DETECTION] Processing view: posterior -> posterior
2025-09-10 22:15:21 - [INFO] - [HOTSPOT FILES] Final selection for post:
2025-09-10 22:15:21 - [INFO] - [HOTSPOT FILES]   yolo_xml: F:\projek dosen\prototype riset\hotspot-analyzer\data\PLANAR\HEHE\0001285547\20250723\post_hotspot_yolo.xml (exists: False, type: original)
2025-09-10 22:15:21 - [INFO] - [HOTSPOT FILES]   otsu_colored: F:\projek dosen\prototype riset\hotspot-analyzer\data\PLANAR\HEHE\0001285547\20250723\post_hotspot_otsu_colored.png (exists: False, type: original)
2025-09-10 22:15:21 - [INFO] - [HOTSPOT FILES]   otsu_colored_blend: F:\projek dosen\prototype riset\hotspot-analyzer\data\PLANAR\HEHE\0001285547\20250723\post_hotspot_otsu_colored_blend.png (exists: False, type: original)
2025-09-10 22:15:21 - [INFO] - [HOTSPOT FILES]   otsu_grayscale: F:\projek dosen\prototype riset\hotspot-analyzer\data\PLANAR\HEHE\0001285547\20250723\post_hotspot_otsu_grayscale.png (exists: False, type: original)
2025-09-10 22:15:21 - [INFO] - [HOTSPOT FILES]   classification_xml: F:\projek dosen\prototype riset\hotspot-analyzer\data\PLANAR\HEHE\0001285547\20250723\post_hotspot_classification.xml (exists: False, type: original)
2025-09-10 22:15:21 - [INFO] - [HOTSPOT FILES]   classification_png: F:\projek dosen\prototype riset\hotspot-analyzer\data\PLANAR\HEHE\0001285547\20250723\post_hotspot_classification.png (exists: False, type: original)
2025-09-10 22:15:21 - [INFO] - [DETECTION] Running YOLO on posterior view...
2025-09-10 22:15:21 - [INFO] - [DETECTION] Found 3 hotspots in posterior
2025-09-10 22:15:21 - [INFO] - [XML] Saved detection XML to: F:\projek dosen\prototype riset\hotspot-analyzer\data\PLANAR\HEHE\0001285547\20250723\post_hotspot_yolo.xml
2025-09-10 22:15:21 - [INFO] - [YOLO WRAPPER] Detection completed:
2025-09-10 22:15:21 - [INFO] -   Anterior: ✓
2025-09-10 22:15:21 - [INFO] -   Posterior: ✓
2025-09-10 22:15:21 - [INFO] - [YOLO WRAPPER] Detection completed with results: {'anterior': True, 'posterior': True}
2025-09-10 22:15:21 - [INFO] -      YOLO detection completed - XML files created
2025-09-10 22:15:21 - [INFO] -   >> Running Otsu hotspot processing...
2025-09-10 22:15:21 - [INFO] - --- MENJALANKAN FUNGSI HOTSPOT DENGAN LOGIKA PENYIMPANAN FILE ---
2025-09-10 22:15:21 - [INFO] - [SESSION] Found session code from config: HEHE
2025-09-10 22:15:21 - [INFO] - [DEBUG] Using session: HEHE, patient: 0001285547, study_date: 20250723
2025-09-10 22:15:21 - [INFO] - [DEBUG] Expected patient folder: F:\projek dosen\prototype riset\hotspot-analyzer\data\PLANAR\HEHE\0001285547\20250723
2025-09-10 22:15:21 - [INFO] - 
  [DEBUG PRIORITY GANTENG] ===================
2025-09-10 22:15:21 - [INFO] -   [DEBUG PRIORITY] Looking for: ant_hotspot_classification.png
2025-09-10 22:15:21 - [INFO] -   [DEBUG PRIORITY] In path: F:\projek dosen\prototype riset\hotspot-analyzer\data\PLANAR\HEHE\0001285547\20250723
2025-09-10 22:15:21 - [INFO] -   [DEBUG PRIORITY] Session code: None
2025-09-10 22:15:21 - [INFO] -   [DEBUG PRIORITY] Original file: F:\projek dosen\prototype riset\hotspot-analyzer\data\PLANAR\HEHE\0001285547\20250723\ant_hotspot_classification.png
2025-09-10 22:15:21 - [INFO] -   [DEBUG PRIORITY] Original exists: False
2025-09-10 22:15:21 - [INFO] -   [DEBUG PRIORITY] File is editable, checking for timestamp version...
2025-09-10 22:15:21 - [INFO] - 
  [DEBUG TIMESTAMP GANTENG] ===================
2025-09-10 22:15:21 - [INFO] -   [DEBUG TIMESTAMP] Looking for: ant_hotspot_classification.png
2025-09-10 22:15:21 - [INFO] -   [DEBUG TIMESTAMP] In folder: F:\projek dosen\prototype riset\hotspot-analyzer\data\PLANAR\HEHE\0001285547\20250723
2025-09-10 22:15:21 - [INFO] -   [DEBUG TIMESTAMP] Session code: None
2025-09-10 22:15:21 - [INFO] -   [DEBUG TIMESTAMP] Is editable: True
2025-09-10 22:15:21 - [INFO] -   [DEBUG TIMESTAMP] Folder contents:
2025-09-10 22:15:21 - [INFO] -   [DEBUG TIMESTAMP]   FILE: ANT002_DS.dcm
2025-09-10 22:15:21 - [INFO] -   [DEBUG TIMESTAMP]   FILE: ant_hotspot_yolo.xml
2025-09-10 22:15:21 - [INFO] -   [DEBUG TIMESTAMP]   FILE: ant_mask.png
2025-09-10 22:15:21 - [INFO] -   [DEBUG TIMESTAMP]   FILE: ant_original.png
2025-09-10 22:15:21 - [INFO] -   [DEBUG TIMESTAMP]   FILE: ant_segm.png
2025-09-10 22:15:21 - [INFO] -   [DEBUG TIMESTAMP]   FILE: post_hotspot_yolo.xml
2025-09-10 22:15:21 - [INFO] -   [DEBUG TIMESTAMP]   FILE: post_mask.png
2025-09-10 22:15:21 - [INFO] -   [DEBUG TIMESTAMP]   FILE: post_original.png
2025-09-10 22:15:21 - [INFO] -   [DEBUG TIMESTAMP]   FILE: post_segm.png
2025-09-10 22:15:21 - [INFO] -   [DEBUG TIMESTAMP] Running get_latest_timestamp_file...
2025-09-10 22:15:21 - [INFO] -   [DEBUG TIMESTAMP] Result: None
2025-09-10 22:15:21 - [INFO] -   [DEBUG PRIORITY]  No edited version found
2025-09-10 22:15:21 - [INFO] -   [DEBUG PRIORITY]  No file found at all
2025-09-10 22:15:21 - [INFO] - [PRIORITY] Using original PNG: F:\projek dosen\prototype riset\hotspot-analyzer\data\PLANAR\HEHE\0001285547\20250723\ant_hotspot_classification.png
2025-09-10 22:15:21 - [INFO] - [HOTSPOT FILES] Final selection for ant:
2025-09-10 22:15:21 - [INFO] - [HOTSPOT FILES]   yolo_xml: F:\projek dosen\prototype riset\hotspot-analyzer\data\PLANAR\HEHE\0001285547\20250723\ant_hotspot_yolo.xml (exists: True, type: original)
2025-09-10 22:15:21 - [INFO] - [HOTSPOT FILES]   otsu_colored: F:\projek dosen\prototype riset\hotspot-analyzer\data\PLANAR\HEHE\0001285547\20250723\ant_hotspot_otsu_colored.png (exists: False, type: original)
2025-09-10 22:15:21 - [INFO] - [HOTSPOT FILES]   otsu_colored_blend: F:\projek dosen\prototype riset\hotspot-analyzer\data\PLANAR\HEHE\0001285547\20250723\ant_hotspot_otsu_colored_blend.png (exists: False, type: original)
2025-09-10 22:15:21 - [INFO] - [HOTSPOT FILES]   otsu_grayscale: F:\projek dosen\prototype riset\hotspot-analyzer\data\PLANAR\HEHE\0001285547\20250723\ant_hotspot_otsu_grayscale.png (exists: False, type: original)
2025-09-10 22:15:21 - [INFO] - [HOTSPOT FILES]   classification_xml: F:\projek dosen\prototype riset\hotspot-analyzer\data\PLANAR\HEHE\0001285547\20250723\ant_hotspot_classification.xml (exists: False, type: original)
2025-09-10 22:15:21 - [INFO] - [HOTSPOT FILES]   classification_png: F:\projek dosen\prototype riset\hotspot-analyzer\data\PLANAR\HEHE\0001285547\20250723\ant_hotspot_classification.png (exists: False, type: original)
2025-09-10 22:15:21 - [INFO] - 
  [DEBUG PRIORITY GANTENG] ===================
2025-09-10 22:15:21 - [INFO] -   [DEBUG PRIORITY] Looking for: post_hotspot_classification.png
2025-09-10 22:15:21 - [INFO] -   [DEBUG PRIORITY] In path: F:\projek dosen\prototype riset\hotspot-analyzer\data\PLANAR\HEHE\0001285547\20250723
2025-09-10 22:15:21 - [INFO] -   [DEBUG PRIORITY] Session code: None
2025-09-10 22:15:21 - [INFO] -   [DEBUG PRIORITY] Original file: F:\projek dosen\prototype riset\hotspot-analyzer\data\PLANAR\HEHE\0001285547\20250723\post_hotspot_classification.png
2025-09-10 22:15:21 - [INFO] -   [DEBUG PRIORITY] Original exists: False
2025-09-10 22:15:21 - [INFO] -   [DEBUG PRIORITY] File is editable, checking for timestamp version...
2025-09-10 22:15:21 - [INFO] - 
  [DEBUG TIMESTAMP GANTENG] ===================
2025-09-10 22:15:21 - [INFO] -   [DEBUG TIMESTAMP] Looking for: post_hotspot_classification.png
2025-09-10 22:15:21 - [INFO] -   [DEBUG TIMESTAMP] In folder: F:\projek dosen\prototype riset\hotspot-analyzer\data\PLANAR\HEHE\0001285547\20250723
2025-09-10 22:15:21 - [INFO] -   [DEBUG TIMESTAMP] Session code: None
2025-09-10 22:15:21 - [INFO] -   [DEBUG TIMESTAMP] Is editable: True
2025-09-10 22:15:21 - [INFO] -   [DEBUG TIMESTAMP] Folder contents:
2025-09-10 22:15:21 - [INFO] -   [DEBUG TIMESTAMP]   FILE: ANT002_DS.dcm
2025-09-10 22:15:21 - [INFO] -   [DEBUG TIMESTAMP]   FILE: ant_hotspot_yolo.xml
2025-09-10 22:15:21 - [INFO] -   [DEBUG TIMESTAMP]   FILE: ant_mask.png
2025-09-10 22:15:21 - [INFO] -   [DEBUG TIMESTAMP]   FILE: ant_original.png
2025-09-10 22:15:21 - [INFO] -   [DEBUG TIMESTAMP]   FILE: ant_segm.png
2025-09-10 22:15:21 - [INFO] -   [DEBUG TIMESTAMP]   FILE: post_hotspot_yolo.xml
2025-09-10 22:15:21 - [INFO] -   [DEBUG TIMESTAMP]   FILE: post_mask.png
2025-09-10 22:15:21 - [INFO] -   [DEBUG TIMESTAMP]   FILE: post_original.png
2025-09-10 22:15:21 - [INFO] -   [DEBUG TIMESTAMP]   FILE: post_segm.png
2025-09-10 22:15:21 - [INFO] -   [DEBUG TIMESTAMP] Running get_latest_timestamp_file...
2025-09-10 22:15:21 - [INFO] -   [DEBUG TIMESTAMP] Result: None
2025-09-10 22:15:21 - [INFO] -   [DEBUG PRIORITY]  No edited version found
2025-09-10 22:15:21 - [INFO] -   [DEBUG PRIORITY]  No file found at all
2025-09-10 22:15:21 - [INFO] - [PRIORITY] Using original PNG: F:\projek dosen\prototype riset\hotspot-analyzer\data\PLANAR\HEHE\0001285547\20250723\post_hotspot_classification.png
2025-09-10 22:15:21 - [INFO] - [HOTSPOT FILES] Final selection for post:
2025-09-10 22:15:21 - [INFO] - [HOTSPOT FILES]   yolo_xml: F:\projek dosen\prototype riset\hotspot-analyzer\data\PLANAR\HEHE\0001285547\20250723\post_hotspot_yolo.xml (exists: True, type: original)
2025-09-10 22:15:21 - [INFO] - [HOTSPOT FILES]   otsu_colored: F:\projek dosen\prototype riset\hotspot-analyzer\data\PLANAR\HEHE\0001285547\20250723\post_hotspot_otsu_colored.png (exists: False, type: original)
2025-09-10 22:15:21 - [INFO] - [HOTSPOT FILES]   otsu_colored_blend: F:\projek dosen\prototype riset\hotspot-analyzer\data\PLANAR\HEHE\0001285547\20250723\post_hotspot_otsu_colored_blend.png (exists: False, type: original)
2025-09-10 22:15:21 - [INFO] - [HOTSPOT FILES]   otsu_grayscale: F:\projek dosen\prototype riset\hotspot-analyzer\data\PLANAR\HEHE\0001285547\20250723\post_hotspot_otsu_grayscale.png (exists: False, type: original)
2025-09-10 22:15:21 - [INFO] - [HOTSPOT FILES]   classification_xml: F:\projek dosen\prototype riset\hotspot-analyzer\data\PLANAR\HEHE\0001285547\20250723\post_hotspot_classification.xml (exists: False, type: original)
2025-09-10 22:15:21 - [INFO] - [HOTSPOT FILES]   classification_png: F:\projek dosen\prototype riset\hotspot-analyzer\data\PLANAR\HEHE\0001285547\20250723\post_hotspot_classification.png (exists: False, type: original)
2025-09-10 22:15:21 - [INFO] - [DEBUG] Processing anterior with XML: F:\projek dosen\prototype riset\hotspot-analyzer\data\PLANAR\HEHE\0001285547\20250723\ant_hotspot_yolo.xml
2025-09-10 22:15:21 - [INFO] - [DEBUG] Processing frame with study_date: 20250723
2025-09-10 22:15:21 - [INFO] - [SESSION] Found session code from config: HEHE
2025-09-10 22:15:21 - [DEBUG] - STREAM b'IHDR' 16 13
2025-09-10 22:15:21 - [DEBUG] - STREAM b'IDAT' 41 38795
2025-09-10 22:15:21 - [DEBUG] - STREAM b'IHDR' 16 13
2025-09-10 22:15:21 - [DEBUG] - STREAM b'IDAT' 41 38795
2025-09-10 22:15:21 - [DEBUG] - STREAM b'IHDR' 16 13
2025-09-10 22:15:21 - [DEBUG] - STREAM b'IDAT' 41 38795
2025-09-10 22:15:21 - [DEBUG] - STREAM b'IHDR' 16 13
2025-09-10 22:15:21 - [DEBUG] - STREAM b'IDAT' 41 38795
2025-09-10 22:15:21 - [INFO] - [HOTSPOT FILES] Final selection for ant:
2025-09-10 22:15:21 - [INFO] - [HOTSPOT FILES]   yolo_xml: F:\projek dosen\prototype riset\hotspot-analyzer\data\PLANAR\HEHE\0001285547\20250723\ant_hotspot_yolo.xml (exists: True, type: original)
2025-09-10 22:15:21 - [INFO] - [HOTSPOT FILES]   otsu_colored: F:\projek dosen\prototype riset\hotspot-analyzer\data\PLANAR\HEHE\0001285547\20250723\ant_hotspot_otsu_colored.png (exists: False, type: original)
2025-09-10 22:15:21 - [INFO] - [HOTSPOT FILES]   otsu_colored_blend: F:\projek dosen\prototype riset\hotspot-analyzer\data\PLANAR\HEHE\0001285547\20250723\ant_hotspot_otsu_colored_blend.png (exists: False, type: original)
2025-09-10 22:15:21 - [INFO] - [HOTSPOT FILES]   otsu_grayscale: F:\projek dosen\prototype riset\hotspot-analyzer\data\PLANAR\HEHE\0001285547\20250723\ant_hotspot_otsu_grayscale.png (exists: False, type: original)
2025-09-10 22:15:21 - [INFO] - [HOTSPOT FILES]   classification_xml: F:\projek dosen\prototype riset\hotspot-analyzer\data\PLANAR\HEHE\0001285547\20250723\ant_hotspot_classification.xml (exists: False, type: original)
2025-09-10 22:15:21 - [INFO] - [HOTSPOT FILES]   classification_png: F:\projek dosen\prototype riset\hotspot-analyzer\data\PLANAR\HEHE\0001285547\20250723\ant_hotspot_classification.png (exists: False, type: original)
2025-09-10 22:15:21 - [INFO] - Blended hotspot image saved: F:\projek dosen\prototype riset\hotspot-analyzer\data\PLANAR\HEHE\0001285547\20250723\ant_hotspot_otsu_colored_blend.png
2025-09-10 22:15:21 - [INFO] - Pure hotspot image saved: F:\projek dosen\prototype riset\hotspot-analyzer\data\PLANAR\HEHE\0001285547\20250723\ant_hotspot_otsu_colored.png
2025-09-10 22:15:21 - [INFO] - Hotspot mask saved: F:\projek dosen\prototype riset\hotspot-analyzer\data\PLANAR\HEHE\0001285547\20250723\ant_hotspot_otsu_grayscale.png
2025-09-10 22:15:21 - [INFO] - [PROCESS] Anterior hotspot processing completed
2025-09-10 22:15:21 - [INFO] - [DEBUG] Processing posterior with XML: F:\projek dosen\prototype riset\hotspot-analyzer\data\PLANAR\HEHE\0001285547\20250723\post_hotspot_yolo.xml
2025-09-10 22:15:21 - [INFO] - [DEBUG] Processing frame with study_date: 20250723
2025-09-10 22:15:21 - [INFO] - [SESSION] Found session code from config: HEHE
2025-09-10 22:15:21 - [DEBUG] - STREAM b'IHDR' 16 13
2025-09-10 22:15:21 - [DEBUG] - STREAM b'IDAT' 41 50900
2025-09-10 22:15:21 - [DEBUG] - STREAM b'IHDR' 16 13
2025-09-10 22:15:21 - [DEBUG] - STREAM b'IDAT' 41 50900
2025-09-10 22:15:21 - [DEBUG] - STREAM b'IHDR' 16 13
2025-09-10 22:15:21 - [DEBUG] - STREAM b'IDAT' 41 50900
2025-09-10 22:15:21 - [DEBUG] - STREAM b'IHDR' 16 13
2025-09-10 22:15:21 - [DEBUG] - STREAM b'IDAT' 41 50900
2025-09-10 22:15:21 - [INFO] - [HOTSPOT FILES] Final selection for post:
2025-09-10 22:15:21 - [INFO] - [HOTSPOT FILES]   yolo_xml: F:\projek dosen\prototype riset\hotspot-analyzer\data\PLANAR\HEHE\0001285547\20250723\post_hotspot_yolo.xml (exists: True, type: original)
2025-09-10 22:15:21 - [INFO] - [HOTSPOT FILES]   otsu_colored: F:\projek dosen\prototype riset\hotspot-analyzer\data\PLANAR\HEHE\0001285547\20250723\post_hotspot_otsu_colored.png (exists: False, type: original)
2025-09-10 22:15:21 - [INFO] - [HOTSPOT FILES]   otsu_colored_blend: F:\projek dosen\prototype riset\hotspot-analyzer\data\PLANAR\HEHE\0001285547\20250723\post_hotspot_otsu_colored_blend.png (exists: False, type: original)
2025-09-10 22:15:21 - [INFO] - [HOTSPOT FILES]   otsu_grayscale: F:\projek dosen\prototype riset\hotspot-analyzer\data\PLANAR\HEHE\0001285547\20250723\post_hotspot_otsu_grayscale.png (exists: False, type: original)
2025-09-10 22:15:21 - [INFO] - [HOTSPOT FILES]   classification_xml: F:\projek dosen\prototype riset\hotspot-analyzer\data\PLANAR\HEHE\0001285547\20250723\post_hotspot_classification.xml (exists: False, type: original)
2025-09-10 22:15:21 - [INFO] - [HOTSPOT FILES]   classification_png: F:\projek dosen\prototype riset\hotspot-analyzer\data\PLANAR\HEHE\0001285547\20250723\post_hotspot_classification.png (exists: False, type: original)
2025-09-10 22:15:21 - [INFO] - Blended hotspot image saved: F:\projek dosen\prototype riset\hotspot-analyzer\data\PLANAR\HEHE\0001285547\20250723\post_hotspot_otsu_colored_blend.png
2025-09-10 22:15:21 - [INFO] - Pure hotspot image saved: F:\projek dosen\prototype riset\hotspot-analyzer\data\PLANAR\HEHE\0001285547\20250723\post_hotspot_otsu_colored.png
2025-09-10 22:15:21 - [INFO] - Hotspot mask saved: F:\projek dosen\prototype riset\hotspot-analyzer\data\PLANAR\HEHE\0001285547\20250723\post_hotspot_otsu_grayscale.png
2025-09-10 22:15:21 - [INFO] - [PROCESS] Posterior hotspot processing completed
2025-09-10 22:15:21 - [INFO] - [PROCESS] Hotspot processing completed for ANT002_DS.dcm
2025-09-10 22:15:21 - [INFO] -      Otsu processing completed - hotspot PNG files created
2025-09-10 22:15:21 - [INFO] -   >> Running hotspot classification inference...
2025-09-10 22:15:21 - [INFO] - [HOTSPOT FILES] Final selection for ant:
2025-09-10 22:15:21 - [INFO] - [HOTSPOT FILES]   yolo_xml: F:\projek dosen\prototype riset\hotspot-analyzer\data\PLANAR\HEHE\0001285547\20250723\ant_hotspot_yolo.xml (exists: True, type: original)
2025-09-10 22:15:21 - [INFO] - [HOTSPOT FILES]   otsu_colored: F:\projek dosen\prototype riset\hotspot-analyzer\data\PLANAR\HEHE\0001285547\20250723\ant_hotspot_otsu_colored.png (exists: True, type: original)
2025-09-10 22:15:21 - [INFO] - [HOTSPOT FILES]   otsu_colored_blend: F:\projek dosen\prototype riset\hotspot-analyzer\data\PLANAR\HEHE\0001285547\20250723\ant_hotspot_otsu_colored_blend.png (exists: True, type: original)
2025-09-10 22:15:21 - [INFO] - [HOTSPOT FILES]   otsu_grayscale: F:\projek dosen\prototype riset\hotspot-analyzer\data\PLANAR\HEHE\0001285547\20250723\ant_hotspot_otsu_grayscale.png (exists: True, type: original)
2025-09-10 22:15:21 - [INFO] - [HOTSPOT FILES]   classification_xml: F:\projek dosen\prototype riset\hotspot-analyzer\data\PLANAR\HEHE\0001285547\20250723\ant_hotspot_classification.xml (exists: False, type: original)
2025-09-10 22:15:21 - [INFO] - [HOTSPOT FILES]   classification_png: F:\projek dosen\prototype riset\hotspot-analyzer\data\PLANAR\HEHE\0001285547\20250723\ant_hotspot_classification.png (exists: False, type: original)
2025-09-10 22:15:21 - [INFO] - [HOTSPOT FILES] Final selection for post:
2025-09-10 22:15:21 - [INFO] - [HOTSPOT FILES]   yolo_xml: F:\projek dosen\prototype riset\hotspot-analyzer\data\PLANAR\HEHE\0001285547\20250723\post_hotspot_yolo.xml (exists: True, type: original)
2025-09-10 22:15:21 - [INFO] - [HOTSPOT FILES]   otsu_colored: F:\projek dosen\prototype riset\hotspot-analyzer\data\PLANAR\HEHE\0001285547\20250723\post_hotspot_otsu_colored.png (exists: True, type: original)
2025-09-10 22:15:21 - [INFO] - [HOTSPOT FILES]   otsu_colored_blend: F:\projek dosen\prototype riset\hotspot-analyzer\data\PLANAR\HEHE\0001285547\20250723\post_hotspot_otsu_colored_blend.png (exists: True, type: original)
2025-09-10 22:15:21 - [INFO] - [HOTSPOT FILES]   otsu_grayscale: F:\projek dosen\prototype riset\hotspot-analyzer\data\PLANAR\HEHE\0001285547\20250723\post_hotspot_otsu_grayscale.png (exists: True, type: original)
2025-09-10 22:15:21 - [INFO] - [HOTSPOT FILES]   classification_xml: F:\projek dosen\prototype riset\hotspot-analyzer\data\PLANAR\HEHE\0001285547\20250723\post_hotspot_classification.xml (exists: False, type: original)
2025-09-10 22:15:21 - [INFO] - [HOTSPOT FILES]   classification_png: F:\projek dosen\prototype riset\hotspot-analyzer\data\PLANAR\HEHE\0001285547\20250723\post_hotspot_classification.png (exists: False, type: original)
2025-09-10 22:15:21 - [INFO] -      Mapped: ant_original.png -> 0001285547_20250723_anterior_original.png
2025-09-10 22:15:21 - [INFO] -      Mapped: post_original.png -> 0001285547_20250723_posterior_original.png
2025-09-10 22:15:21 - [INFO] -      Mapped: ant_segm.png -> 0001285547_20250723_anterior_colored.png
2025-09-10 22:15:21 - [INFO] -      Mapped: post_segm.png -> 0001285547_20250723_posterior_colored.png
2025-09-10 22:15:21 - [INFO] -      Mapped: ant_hotspot_otsu_grayscale.png -> 0001285547_20250723_ant_hotspot_mask.png
2025-09-10 22:15:21 - [INFO] -      Mapped: post_hotspot_otsu_grayscale.png -> 0001285547_20250723_post_hotspot_mask.png
2025-09-10 22:15:21 - [INFO] -      Mapped: ant_hotspot_yolo.xml -> 0001285547_20250723_ant.xml
2025-09-10 22:15:21 - [INFO] -      Mapped: post_hotspot_yolo.xml -> 0001285547_20250723_post.xml
2025-09-10 22:15:21 - [INFO] -      Successfully mapped 8 files for classification
2025-09-10 22:15:21 - [INFO] -      Running classification in temp directory: F:\projek dosen\prototype riset\hotspot-analyzer\data\PLANAR\HEHE\0001285547\20250723\temp_classification
2025-09-10 22:15:21 - [INFO] - [CLASSIFICATION] Starting classification for patient 0001285547
2025-09-10 22:15:21 - [INFO] - [SESSION] Found session code from config: HEHE
2025-09-10 22:15:21 - [INFO] - [CLASSIFICATION] Using session: HEHE
2025-09-10 22:15:21 - [INFO] - >>>>>> [BUKTI] MEMUAT classification_wrapper.py VERSI TERBARU <<<<<<
2025-09-10 22:15:21 - [INFO] -      Starting classification for patient 0001285547
2025-09-10 22:15:21 - [INFO] -      Study date: 20250723
2025-09-10 22:15:21 - [INFO] -      Session: 0001285547
2025-09-10 22:15:21 - [INFO] -      Grayscale conversion: Enabled
2025-09-10 22:15:21 - [INFO] -      Processing anterior view with grayscale conversion...
2025-09-10 22:15:21 - [INFO] -        Found raw_original: 0001285547_20250723_anterior_original.png
2025-09-10 22:15:21 - [INFO] -        Found region_mask: 0001285547_20250723_anterior_colored.png
2025-09-10 22:15:21 - [INFO] -        Found hotspot_mask: 0001285547_20250723_ant_hotspot_mask.png
2025-09-10 22:15:21 - [INFO] -        Found xml_file: 0001285547_20250723_ant.xml
2025-09-10 22:15:21 - [INFO] - [DEBUG] Starting classification inference with automatic conversion
2025-09-10 22:15:21 - [INFO] - [DEBUG] Raw PNG path: 0001285547_20250723_anterior_original.png
2025-09-10 22:15:21 - [INFO] - [DEBUG] Segment path: 0001285547_20250723_anterior_colored.png
2025-09-10 22:15:21 - [INFO] - [DEBUG] Hotspot path: 0001285547_20250723_ant_hotspot_mask.png
2025-09-10 22:15:21 - [INFO] - [DEBUG] XML path: 0001285547_20250723_ant.xml
2025-09-10 22:15:21 - [INFO] - [DEBUG] Raw PNG file exists: 38852 bytes
2025-09-10 22:15:21 - [INFO] - [DEBUG] Segment file exists: 5612 bytes
2025-09-10 22:15:21 - [INFO] - [DEBUG] Hotspot file exists: 692 bytes
2025-09-10 22:15:21 - [INFO] - [DEBUG] XML file exists: 1306 bytes
2025-09-10 22:15:21 - [INFO] - [DEBUG] Python path setup completed
2025-09-10 22:15:22 - [INFO] - No valid config parameter, using defaults: {'minimumROIDimensions': 2, 'minimumROISize': None, 'normalize': False, 'normalizeScale': 1, 'removeOutliers': None, 'resampledPixelSpacing': None, 'interpolator': 'sitkBSpline', 'preCrop': False, 'padDistance': 5, 'distances': [1], 'force2D': False, 'force2Ddimension': 0, 'resegmentRange': None, 'label': 1, 'additionalInfo': True}
2025-09-10 22:15:22 - [INFO] - Enabled image types: {'Original': {}}
2025-09-10 22:15:22 - [INFO] - Enabled features: {'firstorder': [], 'glcm': [], 'gldm': [], 'glrlm': [], 'glszm': [], 'ngtdm': [], 'shape': []}
2025-09-10 22:15:22 - [INFO] - [DEBUG] Module imported successfully
2025-09-10 22:15:22 - [INFO] - [DEBUG] Model paths updated
2025-09-10 22:15:22 - [INFO] - [DEBUG] Models loaded successfully
2025-09-10 22:15:22 - [INFO] - [DEBUG] Loaded 3 bounding boxes from XML
2025-09-10 22:15:22 - [INFO] - [DEBUG] Bbox 0: {'label': 'Normal', 'bbox': [104, 93, 115, 105], 'xmin': 104, 'ymin': 93, 'xmax': 115, 'ymax': 105}
2025-09-10 22:15:22 - [INFO] - [DEBUG] Bbox 1: {'label': 'Abnormal', 'bbox': [61, 385, 97, 436], 'xmin': 61, 'ymin': 385, 'xmax': 97, 'ymax': 436}
2025-09-10 22:15:22 - [INFO] - [DEBUG] Bbox 2: {'label': 'Abnormal', 'bbox': [66, 585, 103, 609], 'xmin': 66, 'ymin': 585, 'xmax': 103, 'ymax': 609}
2025-09-10 22:15:22 - [INFO] - [DEBUG] Image loading test:
2025-09-10 22:15:22 - [INFO] -   Raw: (1024, 256, 1)
2025-09-10 22:15:22 - [INFO] -   Segment: (1024, 256, 3) (colored: True)
2025-09-10 22:15:22 - [INFO] -   Hotspot: (1024, 256, 1)
2025-09-10 22:15:22 - [INFO] - [DEBUG] Starting inference_classification with automatic colored-to-grayscale conversion...
2025-09-10 22:15:22 - [INFO] - [DEBUG] Conversion will create: 0001285547_20250723_anterior_colored_grayscaledSegmentation.png if needed
2025-09-10 22:15:22 - [INFO] - [INFERENCE DEBUG] Starting inference with automatic conversion
2025-09-10 22:15:22 - [INFO] - [INFERENCE DEBUG] Input paths:
2025-09-10 22:15:22 - [INFO] -   Raw: 0001285547_20250723_anterior_original.png
2025-09-10 22:15:22 - [INFO] -   Segment: 0001285547_20250723_anterior_colored.png
2025-09-10 22:15:22 - [INFO] -   Hotspot: 0001285547_20250723_ant_hotspot_mask.png
2025-09-10 22:15:22 - [INFO] -   XML: 3
2025-09-10 22:15:22 - [INFO] - [DEBUG] Checking segmentation: 0001285547_20250723_anterior_colored.png
2025-09-10 22:15:22 - [INFO] - [DEBUG] Detected colored segmentation, converting to grayscale...
2025-09-10 22:15:22 - [INFO] - [DEBUG] Converting colored to grayscale and saving...
2025-09-10 22:15:22 - [DEBUG] - STREAM b'IHDR' 16 13
2025-09-10 22:15:22 - [DEBUG] - STREAM b'IDAT' 41 5555
2025-09-10 22:15:22 - [INFO] - [DEBUG] Saved grayscale segmentation: 0001285547_20250723_anterior_colored_grayscaledSegmentation.png
2025-09-10 22:15:22 - [INFO] - [INFERENCE DEBUG] Using segmentation: 0001285547_20250723_anterior_colored_grayscaledSegmentation.png
2025-09-10 22:15:22 - [INFO] - [INFERENCE DEBUG] Images loaded:
2025-09-10 22:15:22 - [INFO] -   Raw: (1024, 256)
2025-09-10 22:15:22 - [INFO] -   Segment: (1024, 256)
2025-09-10 22:15:22 - [INFO] -   Hotspot: (1024, 256)
2025-09-10 22:15:22 - [INFO] - [INFERENCE DEBUG] Loaded 3 bounding boxes
2025-09-10 22:15:22 - [INFO] - [INFERENCE DEBUG] Processing bbox 0: {'label': 'Normal', 'bbox': [104, 93, 115, 105], 'xmin': 104, 'ymin': 93, 'xmax': 115, 'ymax': 105}
2025-09-10 22:15:22 - [INFO] - [SEGMENT MAPPING] ID 1 → skull
2025-09-10 22:15:22 - [INFO] - Calculating features with label: 1
2025-09-10 22:15:22 - [INFO] - Loading image and mask
2025-09-10 22:15:22 - [WARNING] - Shape features are only available 3D input (for 2D input, use shape2D). Found 2D input
2025-09-10 22:15:22 - [INFO] - Computing shape2D
2025-09-10 22:15:22 - [INFO] - Adding image type "Original" with custom settings: {}
2025-09-10 22:15:22 - [INFO] - Calculating features for original image
2025-09-10 22:15:22 - [INFO] - Computing firstorder
2025-09-10 22:15:22 - [INFO] - Computing glcm
2025-09-10 22:15:22 - [WARNING] - GLCM is symmetrical, therefore Sum Average = 2 * Joint Average, only 1 needs to be calculated
2025-09-10 22:15:22 - [INFO] - Computing gldm
2025-09-10 22:15:22 - [INFO] - Computing glrlm
2025-09-10 22:15:22 - [INFO] - Computing glszm
2025-09-10 22:15:22 - [INFO] - Computing ngtdm
2025-09-10 22:15:22 - [INFO] - Calculating features with label: 1
2025-09-10 22:15:22 - [INFO] - Loading image and mask
2025-09-10 22:15:22 - [WARNING] - Shape features are only available 3D input (for 2D input, use shape2D). Found 2D input
2025-09-10 22:15:22 - [INFO] - Computing shape2D
2025-09-10 22:15:22 - [INFO] - Adding image type "Original" with custom settings: {}
2025-09-10 22:15:22 - [INFO] - Calculating features for original image
2025-09-10 22:15:22 - [INFO] - Computing firstorder
2025-09-10 22:15:22 - [INFO] - Computing glcm
2025-09-10 22:15:22 - [WARNING] - GLCM is symmetrical, therefore Sum Average = 2 * Joint Average, only 1 needs to be calculated
2025-09-10 22:15:22 - [INFO] - Computing gldm
2025-09-10 22:15:22 - [INFO] - Computing glrlm
2025-09-10 22:15:22 - [INFO] - Computing glszm
2025-09-10 22:15:22 - [INFO] - Computing ngtdm
2025-09-10 22:15:22 - [INFO] - [INFERENCE DEBUG] Feature extracted for bbox 0: segment=skull
2025-09-10 22:15:22 - [INFO] - [INFERENCE DEBUG] Processing bbox 1: {'label': 'Abnormal', 'bbox': [61, 385, 97, 436], 'xmin': 61, 'ymin': 385, 'xmax': 97, 'ymax': 436}
2025-09-10 22:15:22 - [INFO] - [SEGMENT MAPPING] ID 12 → femur
2025-09-10 22:15:22 - [INFO] - Calculating features with label: 1
2025-09-10 22:15:22 - [INFO] - Loading image and mask
2025-09-10 22:15:22 - [WARNING] - Shape features are only available 3D input (for 2D input, use shape2D). Found 2D input
2025-09-10 22:15:22 - [INFO] - Computing shape2D
2025-09-10 22:15:22 - [INFO] - Adding image type "Original" with custom settings: {}
2025-09-10 22:15:22 - [INFO] - Calculating features for original image
2025-09-10 22:15:22 - [INFO] - Computing firstorder
2025-09-10 22:15:22 - [INFO] - Computing glcm
2025-09-10 22:15:22 - [WARNING] - GLCM is symmetrical, therefore Sum Average = 2 * Joint Average, only 1 needs to be calculated
2025-09-10 22:15:22 - [INFO] - Computing gldm
2025-09-10 22:15:22 - [INFO] - Computing glrlm
2025-09-10 22:15:22 - [INFO] - Computing glszm
2025-09-10 22:15:22 - [INFO] - Computing ngtdm
2025-09-10 22:15:22 - [INFO] - Calculating features with label: 1
2025-09-10 22:15:22 - [INFO] - Loading image and mask
2025-09-10 22:15:22 - [WARNING] - Shape features are only available 3D input (for 2D input, use shape2D). Found 2D input
2025-09-10 22:15:22 - [INFO] - Computing shape2D
2025-09-10 22:15:22 - [INFO] - Adding image type "Original" with custom settings: {}
2025-09-10 22:15:22 - [INFO] - Calculating features for original image
2025-09-10 22:15:22 - [INFO] - Computing firstorder
2025-09-10 22:15:22 - [INFO] - Computing glcm
2025-09-10 22:15:22 - [WARNING] - GLCM is symmetrical, therefore Sum Average = 2 * Joint Average, only 1 needs to be calculated
2025-09-10 22:15:22 - [INFO] - Computing gldm
2025-09-10 22:15:22 - [INFO] - Computing glrlm
2025-09-10 22:15:22 - [INFO] - Computing glszm
2025-09-10 22:15:22 - [INFO] - Computing ngtdm
2025-09-10 22:15:22 - [INFO] - [INFERENCE DEBUG] Feature extracted for bbox 1: segment=femur
2025-09-10 22:15:22 - [INFO] - [INFERENCE DEBUG] Processing bbox 2: {'label': 'Abnormal', 'bbox': [66, 585, 103, 609], 'xmin': 66, 'ymin': 585, 'xmax': 103, 'ymax': 609}
2025-09-10 22:15:22 - [INFO] - [SEGMENT MAPPING] ID 0 → background
2025-09-10 22:15:22 - [INFO] - [INFERENCE DEBUG] Feature extraction failed for bbox 2
2025-09-10 22:15:22 - [INFO] - [INFERENCE DEBUG] Extracted 2 valid features
2025-09-10 22:15:23 - [INFO] - [INFERENCE DEBUG] Prediction completed: 2 results
2025-09-10 22:15:23 - [INFO] - [INFERENCE DEBUG] Final output: 2 classifications
2025-09-10 22:15:23 - [INFO] - [DEBUG] Creating hotspot mask with shape: (1024, 256)
2025-09-10 22:15:23 - [INFO] - [DEBUG] Processing 2 results
2025-09-10 22:15:23 - [INFO] - [DEBUG] Result 0: Abnormal, 79 coordinates, pixel_value=1
2025-09-10 22:15:23 - [INFO] - [DEBUG] After processing result 0, mask has 79 non-zero pixels
2025-09-10 22:15:23 - [INFO] - [DEBUG] Result 1: Abnormal, 1184 coordinates, pixel_value=1
2025-09-10 22:15:23 - [INFO] - [DEBUG] After processing result 1, mask has 1263 non-zero pixels
2025-09-10 22:15:23 - [INFO] - [DEBUG] Final mask stats: shape=(1024, 256), unique_values=[0 1], non_zero_count=1263
2025-09-10 22:15:23 - [INFO] - [INFERENCE DEBUG] Creating RGB mask for PIL save
2025-09-10 22:15:23 - [INFO] - [INFERENCE DEBUG] RGB mask created - PIL will preserve colors correctly
2025-09-10 22:15:23 - [INFO] - [DEBUG] Classification completed
2025-09-10 22:15:23 - [INFO] - [DEBUG] Result list length: 2
2025-09-10 22:15:23 - [INFO] - [DEBUG] Result mask shape: (1024, 256, 3)
2025-09-10 22:15:23 - [INFO] - [DEBUG] Result 0: prediction=Abnormal, prob_abnormal=0.866
2025-09-10 22:15:23 - [INFO] - [DEBUG] Result 1: prediction=Abnormal, prob_abnormal=0.856
2025-09-10 22:15:23 - [INFO] -      Saving classification results to temp directory:
2025-09-10 22:15:23 - [INFO] -        JSON: 0001285547_20250723_ant_classification.json
2025-09-10 22:15:23 - [INFO] -        XML: 0001285547_20250723_ant_classification.xml
2025-09-10 22:15:23 - [INFO] -        Mask: 0001285547_20250723_anterior_classification_mask.png
2025-09-10 22:15:23 - [INFO] - [XML CREATE]   Created classification XML: 0001285547_20250723_ant_classification.xml
2025-09-10 22:15:23 - [INFO] - [XML CREATE] Converted 2 classified hotspots
2025-09-10 22:15:23 - [INFO] -          Saved mask with PIL RGB mode
2025-09-10 22:15:23 - [INFO] -          Classification results saved successfully
2025-09-10 22:15:23 - [INFO] -      Anterior classification completed: 2 hotspots classified
2025-09-10 22:15:23 - [INFO] -      Processing posterior view with grayscale conversion...
2025-09-10 22:15:23 - [INFO] -        Found raw_original: 0001285547_20250723_posterior_original.png
2025-09-10 22:15:23 - [INFO] -        Found region_mask: 0001285547_20250723_posterior_colored.png
2025-09-10 22:15:23 - [INFO] -        Found hotspot_mask: 0001285547_20250723_post_hotspot_mask.png
2025-09-10 22:15:23 - [INFO] -        Found xml_file: 0001285547_20250723_post.xml
2025-09-10 22:15:23 - [INFO] - [DEBUG] Starting classification inference with automatic conversion
2025-09-10 22:15:23 - [INFO] - [DEBUG] Raw PNG path: 0001285547_20250723_posterior_original.png
2025-09-10 22:15:23 - [INFO] - [DEBUG] Segment path: 0001285547_20250723_posterior_colored.png
2025-09-10 22:15:23 - [INFO] - [DEBUG] Hotspot path: 0001285547_20250723_post_hotspot_mask.png
2025-09-10 22:15:23 - [INFO] - [DEBUG] XML path: 0001285547_20250723_post.xml
2025-09-10 22:15:23 - [INFO] - [DEBUG] Raw PNG file exists: 50957 bytes
2025-09-10 22:15:23 - [INFO] - [DEBUG] Segment file exists: 4871 bytes
2025-09-10 22:15:23 - [INFO] - [DEBUG] Hotspot file exists: 528 bytes
2025-09-10 22:15:23 - [INFO] - [DEBUG] XML file exists: 1311 bytes
2025-09-10 22:15:23 - [INFO] - [DEBUG] Python path setup completed
2025-09-10 22:15:23 - [INFO] - [DEBUG] Module imported successfully
2025-09-10 22:15:23 - [INFO] - [DEBUG] Model paths updated
2025-09-10 22:15:23 - [INFO] - [DEBUG] Models loaded successfully
2025-09-10 22:15:23 - [INFO] - [DEBUG] Loaded 3 bounding boxes from XML
2025-09-10 22:15:23 - [INFO] - [DEBUG] Bbox 0: {'label': 'Abnormal', 'bbox': [166, 586, 188, 608], 'xmin': 166, 'ymin': 586, 'xmax': 188, 'ymax': 608}
2025-09-10 22:15:23 - [INFO] - [DEBUG] Bbox 1: {'label': 'Abnormal', 'bbox': [62, 584, 97, 608], 'xmin': 62, 'ymin': 584, 'xmax': 97, 'ymax': 608}
2025-09-10 22:15:23 - [INFO] - [DEBUG] Bbox 2: {'label': 'Abnormal', 'bbox': [151, 584, 187, 608], 'xmin': 151, 'ymin': 584, 'xmax': 187, 'ymax': 608}
2025-09-10 22:15:23 - [INFO] - [DEBUG] Image loading test:
2025-09-10 22:15:23 - [INFO] -   Raw: (1024, 256, 1)
2025-09-10 22:15:23 - [INFO] -   Segment: (1024, 256, 3) (colored: True)
2025-09-10 22:15:23 - [INFO] -   Hotspot: (1024, 256, 1)
2025-09-10 22:15:23 - [INFO] - [DEBUG] Starting inference_classification with automatic colored-to-grayscale conversion...
2025-09-10 22:15:23 - [INFO] - [DEBUG] Conversion will create: 0001285547_20250723_posterior_colored_grayscaledSegmentation.png if needed
2025-09-10 22:15:23 - [INFO] - [INFERENCE DEBUG] Starting inference with automatic conversion
2025-09-10 22:15:23 - [INFO] - [INFERENCE DEBUG] Input paths:
2025-09-10 22:15:23 - [INFO] -   Raw: 0001285547_20250723_posterior_original.png
2025-09-10 22:15:23 - [INFO] -   Segment: 0001285547_20250723_posterior_colored.png
2025-09-10 22:15:23 - [INFO] -   Hotspot: 0001285547_20250723_post_hotspot_mask.png
2025-09-10 22:15:23 - [INFO] -   XML: 3
2025-09-10 22:15:23 - [INFO] - [DEBUG] Checking segmentation: 0001285547_20250723_posterior_colored.png
2025-09-10 22:15:23 - [INFO] - [DEBUG] Detected colored segmentation, converting to grayscale...
2025-09-10 22:15:23 - [INFO] - [DEBUG] Converting colored to grayscale and saving...
2025-09-10 22:15:23 - [DEBUG] - STREAM b'IHDR' 16 13
2025-09-10 22:15:23 - [DEBUG] - STREAM b'IDAT' 41 4814
2025-09-10 22:15:23 - [INFO] - [DEBUG] Saved grayscale segmentation: 0001285547_20250723_posterior_colored_grayscaledSegmentation.png
2025-09-10 22:15:23 - [INFO] - [INFERENCE DEBUG] Using segmentation: 0001285547_20250723_posterior_colored_grayscaledSegmentation.png
2025-09-10 22:15:23 - [INFO] - [INFERENCE DEBUG] Images loaded:
2025-09-10 22:15:23 - [INFO] -   Raw: (1024, 256)
2025-09-10 22:15:23 - [INFO] -   Segment: (1024, 256)
2025-09-10 22:15:23 - [INFO] -   Hotspot: (1024, 256)
2025-09-10 22:15:23 - [INFO] - [INFERENCE DEBUG] Loaded 3 bounding boxes
2025-09-10 22:15:23 - [INFO] - [INFERENCE DEBUG] Processing bbox 0: {'label': 'Abnormal', 'bbox': [166, 586, 188, 608], 'xmin': 166, 'ymin': 586, 'xmax': 188, 'ymax': 608}
2025-09-10 22:15:23 - [INFO] - [SEGMENT MAPPING] ID 0 → background
2025-09-10 22:15:23 - [INFO] - [INFERENCE DEBUG] Feature extraction failed for bbox 0
2025-09-10 22:15:23 - [INFO] - [INFERENCE DEBUG] Processing bbox 1: {'label': 'Abnormal', 'bbox': [62, 584, 97, 608], 'xmin': 62, 'ymin': 584, 'xmax': 97, 'ymax': 608}
2025-09-10 22:15:23 - [INFO] - [SEGMENT MAPPING] ID 0 → background
2025-09-10 22:15:23 - [INFO] - [INFERENCE DEBUG] Feature extraction failed for bbox 1
2025-09-10 22:15:23 - [INFO] - [INFERENCE DEBUG] Processing bbox 2: {'label': 'Abnormal', 'bbox': [151, 584, 187, 608], 'xmin': 151, 'ymin': 584, 'xmax': 187, 'ymax': 608}
2025-09-10 22:15:23 - [INFO] - [SEGMENT MAPPING] ID 0 → background
2025-09-10 22:15:23 - [INFO] - [INFERENCE DEBUG] Feature extraction failed for bbox 2
2025-09-10 22:15:23 - [INFO] - [INFERENCE DEBUG] No valid features extracted
2025-09-10 22:15:23 - [INFO] - [DEBUG] Classification completed
2025-09-10 22:15:23 - [INFO] - [DEBUG] Result list length: 0
2025-09-10 22:15:23 - [INFO] - [DEBUG] Result mask shape: None
2025-09-10 22:15:23 - [INFO] -      Posterior classification failed
2025-09-10 22:15:23 - [INFO] -      Classification completed for patient 0001285547
2025-09-10 22:15:23 - [INFO] - [CLASSIFICATION] Classification completed successfully
2025-09-10 22:15:23 - [INFO] -      Copying classification results back to main folder with NEW naming...
2025-09-10 22:15:23 - [INFO] - [HOTSPOT FILES] Final selection for ant:
2025-09-10 22:15:23 - [INFO] - [HOTSPOT FILES]   yolo_xml: F:\projek dosen\prototype riset\hotspot-analyzer\data\PLANAR\HEHE\0001285547\20250723\ant_hotspot_yolo.xml (exists: True, type: original)
2025-09-10 22:15:23 - [INFO] - [HOTSPOT FILES]   otsu_colored: F:\projek dosen\prototype riset\hotspot-analyzer\data\PLANAR\HEHE\0001285547\20250723\ant_hotspot_otsu_colored.png (exists: True, type: original)
2025-09-10 22:15:23 - [INFO] - [HOTSPOT FILES]   otsu_colored_blend: F:\projek dosen\prototype riset\hotspot-analyzer\data\PLANAR\HEHE\0001285547\20250723\ant_hotspot_otsu_colored_blend.png (exists: True, type: original)
2025-09-10 22:15:23 - [INFO] - [HOTSPOT FILES]   otsu_grayscale: F:\projek dosen\prototype riset\hotspot-analyzer\data\PLANAR\HEHE\0001285547\20250723\ant_hotspot_otsu_grayscale.png (exists: True, type: original)
2025-09-10 22:15:23 - [INFO] - [HOTSPOT FILES]   classification_xml: F:\projek dosen\prototype riset\hotspot-analyzer\data\PLANAR\HEHE\0001285547\20250723\ant_hotspot_classification.xml (exists: False, type: original)
2025-09-10 22:15:23 - [INFO] - [HOTSPOT FILES]   classification_png: F:\projek dosen\prototype riset\hotspot-analyzer\data\PLANAR\HEHE\0001285547\20250723\ant_hotspot_classification.png (exists: False, type: original)
2025-09-10 22:15:23 - [INFO] -        Copied XML: 0001285547_20250723_ant_classification.xml -> ant_hotspot_classification.xml
2025-09-10 22:15:23 - [INFO] -        Copied PNG: 0001285547_20250723_anterior_classification_mask.png -> ant_hotspot_classification.png
2025-09-10 22:15:23 - [INFO] -        Copied JSON: 0001285547_20250723_ant_classification.json -> ant_hotspot_classification.json
2025-09-10 22:15:23 - [INFO] - [HOTSPOT FILES] Final selection for post:
2025-09-10 22:15:23 - [INFO] - [HOTSPOT FILES]   yolo_xml: F:\projek dosen\prototype riset\hotspot-analyzer\data\PLANAR\HEHE\0001285547\20250723\post_hotspot_yolo.xml (exists: True, type: original)
2025-09-10 22:15:23 - [INFO] - [HOTSPOT FILES]   otsu_colored: F:\projek dosen\prototype riset\hotspot-analyzer\data\PLANAR\HEHE\0001285547\20250723\post_hotspot_otsu_colored.png (exists: True, type: original)
2025-09-10 22:15:23 - [INFO] - [HOTSPOT FILES]   otsu_colored_blend: F:\projek dosen\prototype riset\hotspot-analyzer\data\PLANAR\HEHE\0001285547\20250723\post_hotspot_otsu_colored_blend.png (exists: True, type: original)
2025-09-10 22:15:23 - [INFO] - [HOTSPOT FILES]   otsu_grayscale: F:\projek dosen\prototype riset\hotspot-analyzer\data\PLANAR\HEHE\0001285547\20250723\post_hotspot_otsu_grayscale.png (exists: True, type: original)
2025-09-10 22:15:23 - [INFO] - [HOTSPOT FILES]   classification_xml: F:\projek dosen\prototype riset\hotspot-analyzer\data\PLANAR\HEHE\0001285547\20250723\post_hotspot_classification.xml (exists: False, type: original)
2025-09-10 22:15:23 - [INFO] - [HOTSPOT FILES]   classification_png: F:\projek dosen\prototype riset\hotspot-analyzer\data\PLANAR\HEHE\0001285547\20250723\post_hotspot_classification.png (exists: False, type: original)
2025-09-10 22:15:23 - [INFO] -        Cleaned up temp directory
2025-09-10 22:15:23 - [INFO] -      Classification completed - Normal/Abnormal results saved
2025-09-10 22:15:23 - [INFO] -   >> Running BSI quantification with classification masks...
2025-09-10 22:15:23 - [INFO] - [SESSION] Found session code from config: HEHE
2025-09-10 22:15:23 - [INFO] - [PROCESSING] Running V1.2 quantification for patient 0001285547 in session HEHE
2025-09-10 22:15:23 - [INFO] -      Starting V1.2 BSI quantification for patient 0001285547
2025-09-10 22:15:23 - [INFO] -      New workflow: Color-based segmentation + Single/Dual view processing
2025-09-10 22:15:23 - [INFO] - 
🔧 [DEBUG WRAPPER GANTENG] ===================
2025-09-10 22:15:23 - [INFO] - 🔧 [DEBUG WRAPPER] Getting quantification input paths:
2025-09-10 22:15:23 - [INFO] - 🔧 [DEBUG WRAPPER]   Patient folder: F:\projek dosen\prototype riset\hotspot-analyzer\data\PLANAR\HEHE\0001285547\20250723
2025-09-10 22:15:23 - [INFO] - 🔧 [DEBUG WRAPPER]   Filename stem: 0001285547_20250723
2025-09-10 22:15:23 - [INFO] - 🔧 [DEBUG WRAPPER]   Folder exists: True
2025-09-10 22:15:23 - [INFO] - 🔧 [DEBUG WRAPPER] Classification files:
2025-09-10 22:15:23 - [INFO] - 🔧 [DEBUG WRAPPER]   Anterior mask: True
2025-09-10 22:15:23 - [INFO] - 🔧 [DEBUG WRAPPER]   Posterior mask: False
2025-09-10 22:15:23 - [INFO] - 🔧 [DEBUG WRAPPER] Segmentation files:
2025-09-10 22:15:23 - [INFO] - 🔧 [DEBUG WRAPPER]   Anterior seg: True
2025-09-10 22:15:23 - [INFO] - 🔧 [DEBUG WRAPPER]   Posterior seg: True
2025-09-10 22:15:23 - [INFO] -   [DEBUG QUANT FILES] Getting quantification files for: F:\projek dosen\prototype riset\hotspot-analyzer\data\PLANAR\HEHE\0001285547\20250723
2025-09-10 22:15:23 - [INFO] -   [DEBUG QUANT FILES] Detected study_date folder: F:\projek dosen\prototype riset\hotspot-analyzer\data\PLANAR\HEHE\0001285547\20250723
2025-09-10 22:15:23 - [INFO] -   [DEBUG QUANT FILES] Generated paths:
2025-09-10 22:15:23 - [INFO] -   [DEBUG QUANT FILES]   bsi_json_ant: F:\projek dosen\prototype riset\hotspot-analyzer\data\PLANAR\HEHE\0001285547\20250723\bsi_quantification_ant.json (exists: False)
2025-09-10 22:15:23 - [INFO] -   [DEBUG QUANT FILES]   bsi_json_post: F:\projek dosen\prototype riset\hotspot-analyzer\data\PLANAR\HEHE\0001285547\20250723\bsi_quantification_post.json (exists: False)
2025-09-10 22:15:23 - [INFO] - 🔧 [DEBUG WRAPPER] Final paths:
2025-09-10 22:15:23 - [INFO] - 🔧 [DEBUG WRAPPER]   segmentation_anterior: F:\projek dosen\prototype riset\hotspot-analyzer\data\PLANAR\HEHE\0001285547\20250723\ant_segm.png (exists: True)
2025-09-10 22:15:23 - [INFO] - 🔧 [DEBUG WRAPPER]   segmentation_posterior: F:\projek dosen\prototype riset\hotspot-analyzer\data\PLANAR\HEHE\0001285547\20250723\post_segm.png (exists: True)
2025-09-10 22:15:23 - [INFO] - 🔧 [DEBUG WRAPPER]   hotspot_anterior: F:\projek dosen\prototype riset\hotspot-analyzer\data\PLANAR\HEHE\0001285547\20250723\ant_hotspot_classification.png (exists: True)
2025-09-10 22:15:23 - [INFO] - 🔧 [DEBUG WRAPPER]   hotspot_posterior: F:\projek dosen\prototype riset\hotspot-analyzer\data\PLANAR\HEHE\0001285547\20250723\post_hotspot_classification.png (exists: False)
2025-09-10 22:15:23 - [INFO] - 🔧 [DEBUG WRAPPER]   output_anterior: F:\projek dosen\prototype riset\hotspot-analyzer\data\PLANAR\HEHE\0001285547\20250723\bsi_quantification_ant.json (exists: False)
2025-09-10 22:15:23 - [INFO] - 🔧 [DEBUG WRAPPER]   output_posterior: F:\projek dosen\prototype riset\hotspot-analyzer\data\PLANAR\HEHE\0001285547\20250723\bsi_quantification_post.json (exists: False)
2025-09-10 22:15:23 - [INFO] -      File availability check:
2025-09-10 22:15:23 - [INFO] -        Anterior pair available: True
2025-09-10 22:15:23 - [INFO] -        Posterior pair available: False
2025-09-10 22:15:23 - [INFO] -      [INFO] Some files missing (but proceeding): hotspot_posterior (post_hotspot_classification.png)
2025-09-10 22:15:23 - [INFO] -      Processing V1.2 quantification with color-based segmentation...
2025-09-10 22:15:23 - [INFO] -      Processing anterior view...
2025-09-10 22:15:23 - [INFO] -        Anterior processing completed
2025-09-10 22:15:23 - [INFO] -      ⏭️ Skipping posterior view (files not available)
2025-09-10 22:15:23 - [INFO] -      Calculating BSI scores...
2025-09-10 22:15:23 - [INFO] -      Scenario: Only anterior view available
2025-09-10 22:15:23 - [INFO] -        Single-view (anterior) BSI quantification completed
2025-09-10 22:15:23 - [INFO] -      Anterior BSI: 0.296
2025-09-10 22:15:23 - [INFO] -      Note: Posterior files not available
2025-09-10 22:15:23 - [INFO] -      Results saved to patient folder
2025-09-10 22:15:23 - [INFO] - [PROCESSING]   V1.2 quantification completed for 0001285547
2025-09-10 22:15:23 - [INFO] -      BSI quantification completed - results saved
2025-09-10 22:15:23 - [INFO] -   >> Cloud storage disabled - skipping upload
2025-09-10 22:15:23 - [INFO] -     DICOM processing completed - ORIGINAL DICOM UNTOUCHED
2025-09-10 22:15:23 - [INFO] -   Files saved locally: 6 PNG output files
2025-09-10 22:15:23 - [INFO] -   Views processed: ['Anterior', 'Posterior']
2025-09-10 22:15:23 - [INFO] -   ORIGINAL DICOM: ANT002_DS.dcm (NO MODIFICATION)
2025-09-10 22:15:23 - [INFO] - ## File 1/1 completed successfully - ORIGINAL DICOM PRESERVED
2025-09-10 22:15:23 - [INFO] - ## Batch import process completed
2025-09-10 22:15:23 - [INFO] - ##   DICOM PROTECTION: All original DICOM files preserved without modification
2025-09-10 22:15:23 - [INFO] - ##   OUTPUT GENERATION: PNG/XML analysis files created successfully
2025-09-10 22:15:23 - [INFO] - ##   CLOUD UPLOAD: Original PNG files uploaded to cloud storage
2025-09-10 22:15:23 - [INFO] - ## All files use study date naming convention with proper view names.
2025-09-10 22:15:23 - [INFO] - 🎉 Enhanced import workflow completed!
2025-09-10 22:15:23 - [INFO] - All files processed with proper Anterior/Posterior naming
2025-09-10 22:15:23 - [INFO] -   Successfully processed: All 1 auto-tagged files
2025-09-10 22:15:23 - [INFO] - Rescanning folder...
2025-09-10 22:15:23 - [INFO] - [DEBUG] Files imported signal received, rescanning folder...
2025-09-10 22:15:23 - [INFO] - [DEBUG] Starting folder scan for session: HEHE
2025-09-10 22:15:23 - [INFO] - Ditemukan 29 file DICOM di 'F:\projek dosen\prototype riset\hotspot-analyzer\data\PLANAR'
2025-09-10 22:15:23 - [INFO] - Ditemukan 7 session, 17 pasien (total 29 file DICOM).
2025-09-10 22:15:23 - [INFO] -     ALL: 1 pasien, 1 file
2025-09-10 22:15:23 - [INFO] -     ATL: 4 pasien, 4 file
2025-09-10 22:15:23 - [INFO] -     HEHE: 2 pasien, 2 file
2025-09-10 22:15:23 - [INFO] -     NBL: 1 pasien, 5 file
2025-09-10 22:15:23 - [INFO] -     NSY: 4 pasien, 8 file
2025-09-10 22:15:23 - [INFO] -     PVSA: 1 pasien, 1 file
2025-09-10 22:15:23 - [INFO] -     WKW: 4 pasien, 8 file
2025-09-10 22:15:23 - [INFO] - [DEBUG] Found 7 total sessions: ['ALL', 'ATL', 'HEHE', 'NBL', 'NSY', 'PVSA', 'WKW']
2025-09-10 22:15:23 - [INFO] - [DEBUG] Filtered to session HEHE: 2 patients
2025-09-10 22:15:23 - [INFO] - [DEBUG] Added 2 patients to combo box for session HEHE
2025-09-10 22:15:23 - [INFO] - [DEBUG] display_timeline called with 0 scan(s), focusing on index = -1
2025-09-10 22:15:23 - [INFO] - [DEBUG] Rebuilding timeline for active scan index: -1
2025-09-10 22:15:23 - [INFO] - [BSI SIDE PANEL] Clearing data...
2025-09-10 22:15:23 - [INFO] - [DEBUG] Folder scan completed
2025-09-10 22:15:26 - [INFO] - [DEBUG] Import dialog accepted
2025-09-10 22:15:28 - [INFO] - [DEBUG] item activated → ID: 0001158915 (HEHE) @ index 0
2025-09-10 22:15:28 - [INFO] - [DEBUG] item activated → ID: 0001158915 (HEHE)
2025-09-10 22:15:28 - [INFO] - 
  [DEBUG SELECT GANTENG] ===================
2025-09-10 22:15:28 - [INFO] -   [DEBUG SELECT] Patient selected: ID: 0001158915 (HEHE)
2025-09-10 22:15:28 - [INFO] -   [DEBUG SELECT] Parsed - Patient: 0001158915, Session: HEHE
2025-09-10 22:15:28 - [INFO] -   [DEBUG SELECT] Patient path from paths.py: F:\projek dosen\prototype riset\hotspot-analyzer\data\PLANAR\HEHE\0001158915
2025-09-10 22:15:28 - [INFO] -   [DEBUG SELECT] Patient path exists: True
2025-09-10 22:15:28 - [INFO] -   [DEBUG SELECT] Patient path contents:
2025-09-10 22:15:28 - [INFO] -   [DEBUG SELECT]   - 20241204 (DIR)
2025-09-10 22:15:28 - [INFO] - 
  [DEBUG PATHS GANTENG] ===================
2025-09-10 22:15:28 - [INFO] -   [DEBUG PATHS] Patient folder: F:\projek dosen\prototype riset\hotspot-analyzer\data\PLANAR\HEHE\0001158915
2025-09-10 22:15:28 - [INFO] -   [DEBUG PATHS] Patient ID: 0001158915
2025-09-10 22:15:28 - [INFO] -   [DEBUG PATHS] Folder exists: True
2025-09-10 22:15:28 - [INFO] -   [DEBUG PATHS] Folder structure:
2025-09-10 22:15:28 - [INFO] -   [DEBUG PATHS]   DIR:  20241204/
2025-09-10 22:15:28 - [INFO] -   [DEBUG PATHS]     Study date folder contents:
2025-09-10 22:15:28 - [INFO] -   [DEBUG PATHS]       FILE: ANT001_DS.dcm (1054352 bytes)
2025-09-10 22:15:28 - [INFO] -   [DEBUG PATHS]       FILE: ant_hotspot_classification.json (36469 bytes)
2025-09-10 22:15:28 - [INFO] -   [DEBUG PATHS]       FILE: ant_hotspot_classification.png (1012 bytes)
2025-09-10 22:15:28 - [INFO] -   [DEBUG PATHS]       FILE: ant_hotspot_classification.xml (919 bytes)
2025-09-10 22:15:28 - [INFO] -   [DEBUG PATHS]       FILE: ant_hotspot_otsu_colored.png (1138 bytes)
2025-09-10 22:15:28 - [INFO] -   [DEBUG PATHS]       FILE: ant_hotspot_otsu_colored_blend.png (99622 bytes)
2025-09-10 22:15:28 - [INFO] -   [DEBUG PATHS]       FILE: ant_hotspot_otsu_grayscale.png (566 bytes)
2025-09-10 22:15:28 - [INFO] -   [DEBUG PATHS]       FILE: ant_hotspot_yolo.xml (991 bytes)
2025-09-10 22:15:28 - [INFO] -   [DEBUG PATHS]       FILE: ant_mask.png (2660 bytes)
2025-09-10 22:15:28 - [INFO] -   [DEBUG PATHS]       FILE: ant_original.png (74077 bytes)
2025-09-10 22:15:28 - [INFO] -   [DEBUG PATHS]       FILE: ant_segm.png (5067 bytes)
2025-09-10 22:15:28 - [INFO] -   [DEBUG PATHS]       FILE: bsi_quantification_ant.json (3770 bytes)
2025-09-10 22:15:28 - [INFO] -   [DEBUG PATHS]       FILE: post_hotspot_otsu_colored.png (1011 bytes)
2025-09-10 22:15:28 - [INFO] -   [DEBUG PATHS]       FILE: post_hotspot_otsu_colored_blend.png (102487 bytes)
2025-09-10 22:15:28 - [INFO] -   [DEBUG PATHS]       FILE: post_hotspot_otsu_grayscale.png (452 bytes)
2025-09-10 22:15:28 - [INFO] -   [DEBUG PATHS]       FILE: post_hotspot_yolo.xml (673 bytes)
2025-09-10 22:15:28 - [INFO] -   [DEBUG PATHS]       FILE: post_mask.png (2663 bytes)
2025-09-10 22:15:28 - [INFO] -   [DEBUG PATHS]       FILE: post_original.png (75692 bytes)
2025-09-10 22:15:28 - [INFO] -   [DEBUG PATHS]       FILE: post_segm.png (4821 bytes)
2025-09-10 22:15:28 - [INFO] -   [DEBUG QUANT FILES] Getting quantification files for: F:\projek dosen\prototype riset\hotspot-analyzer\data\PLANAR\HEHE\0001158915
2025-09-10 22:15:28 - [INFO] -   [DEBUG QUANT FILES] Using latest study_date folder: F:\projek dosen\prototype riset\hotspot-analyzer\data\PLANAR\HEHE\0001158915\20241204
2025-09-10 22:15:28 - [INFO] -   [DEBUG QUANT FILES] Generated paths:
2025-09-10 22:15:28 - [INFO] -   [DEBUG QUANT FILES]   bsi_json_ant: F:\projek dosen\prototype riset\hotspot-analyzer\data\PLANAR\HEHE\0001158915\20241204\bsi_quantification_ant.json (exists: True)
2025-09-10 22:15:28 - [INFO] -   [DEBUG QUANT FILES]   bsi_json_post: F:\projek dosen\prototype riset\hotspot-analyzer\data\PLANAR\HEHE\0001158915\20241204\bsi_quantification_post.json (exists: False)
2025-09-10 22:15:28 - [INFO] -   [DEBUG PATHS] New quantification paths:
2025-09-10 22:15:28 - [INFO] -   [DEBUG PATHS]   bsi_json_ant: F:\projek dosen\prototype riset\hotspot-analyzer\data\PLANAR\HEHE\0001158915\20241204\bsi_quantification_ant.json (exists: True, size: 3770 bytes)
2025-09-10 22:15:28 - [INFO] -   [DEBUG PATHS]     Content preview: {
  "patient_info": {
    "patient_id": "0001158915",
    "study_date": "20241204",
    "filename_st...
2025-09-10 22:15:28 - [INFO] -   [DEBUG PATHS]   bsi_json_post: F:\projek dosen\prototype riset\hotspot-analyzer\data\PLANAR\HEHE\0001158915\20241204\bsi_quantification_post.json (exists: False, size: 0 bytes)
2025-09-10 22:15:28 - [INFO] -   [DEBUG PATHS] Old pattern search:
2025-09-10 22:15:28 - [INFO] -   [DEBUG PATHS]   Old anterior: []
2025-09-10 22:15:28 - [INFO] -   [DEBUG PATHS]   Old posterior: []
2025-09-10 22:15:28 - [INFO] -   [DEBUG SELECT] Found DICOM files: 1
2025-09-10 22:15:28 - [INFO] -   [DEBUG SELECT]   DICOM: F:\projek dosen\prototype riset\hotspot-analyzer\data\PLANAR\HEHE\0001158915\20241204\ANT001_DS.dcm
2025-09-10 22:15:28 - [INFO] -   [DEBUG SELECT]   DICOM folder: F:\projek dosen\prototype riset\hotspot-analyzer\data\PLANAR\HEHE\0001158915\20241204
2025-09-10 22:15:28 - [INFO] -   [DEBUG QUANT FILES] Getting quantification files for: F:\projek dosen\prototype riset\hotspot-analyzer\data\PLANAR\HEHE\0001158915\20241204
2025-09-10 22:15:28 - [INFO] -   [DEBUG QUANT FILES] Detected study_date folder: F:\projek dosen\prototype riset\hotspot-analyzer\data\PLANAR\HEHE\0001158915\20241204
2025-09-10 22:15:28 - [INFO] -   [DEBUG QUANT FILES] Generated paths:
2025-09-10 22:15:28 - [INFO] -   [DEBUG QUANT FILES]   bsi_json_ant: F:\projek dosen\prototype riset\hotspot-analyzer\data\PLANAR\HEHE\0001158915\20241204\bsi_quantification_ant.json (exists: True)
2025-09-10 22:15:28 - [INFO] -   [DEBUG QUANT FILES]   bsi_json_post: F:\projek dosen\prototype riset\hotspot-analyzer\data\PLANAR\HEHE\0001158915\20241204\bsi_quantification_post.json (exists: False)
2025-09-10 22:15:28 - [INFO] -   [DEBUG SELECT]   BSI files near DICOM:
2025-09-10 22:15:28 - [INFO] -   [DEBUG SELECT]     Anterior: True
2025-09-10 22:15:28 - [INFO] -   [DEBUG SELECT]     Posterior: False
2025-09-10 22:15:28 - [INFO] - [DEBUG] Loading patient: 0001158915 from session: HEHE
2025-09-10 22:15:28 - [INFO] - [CACHE DEBUG] Cache key: 0001158915_HEHE
2025-09-10 22:15:28 - [INFO] - [CACHE DEBUG] Existing cache keys: []
2025-09-10 22:15:28 - [INFO] - [DEBUG] Loading scans for 0001158915_HEHE from disk...
2025-09-10 22:15:28 - [INFO] - [DEBUG] Found 1 DICOM files for patient 0001158915
2025-09-10 22:15:28 - [INFO] - [DEBUG] Enriched scan data for: ANT001_DS.dcm
2025-09-10 22:15:28 - [INFO] - [DEBUG] Scan files for 0001158915_20241204:
2025-09-10 22:15:28 - [INFO] - [DEBUG] Available files: None
2025-09-10 22:15:28 - [INFO] - [DEBUG] Available PNG files for 0001158915_20241204: None
2025-09-10 22:15:28 - [INFO] - [DEBUG] Saving 1 scans to cache for 0001158915_HEHE
2025-09-10 22:15:28 - [INFO] - [DEBUG] Layers changed to: []
2025-09-10 22:15:28 - [INFO] - [SMART UPDATE] Change type: none
2025-09-10 22:15:28 - [INFO] - [DEBUG] Timeline active layers set to: []
2025-09-10 22:15:28 - [INFO] - [SMART UPDATE] No changes detected, skipping update
2025-09-10 22:15:37 - [INFO] - [EDIT BUTTONS] Has scan: False, Has seg data: False, Can edit hotspot: False
2025-09-10 22:15:37 - [INFO] - [EDIT BUTTONS] Seg button enabled: False, Hotspot button enabled: False
2025-09-10 22:15:37 - [INFO] - [SMART UPDATE] Change type: none
2025-09-10 22:15:37 - [INFO] - [DEBUG] Timeline active layers set to: []
2025-09-10 22:15:37 - [INFO] - [SMART UPDATE] No changes detected, skipping update
2025-09-10 22:15:37 - [INFO] - [DEBUG] Set Image opacity to 1.00
2025-09-10 22:15:37 - [INFO] - [SMART UPDATE] Change type: none
2025-09-10 22:15:37 - [INFO] - [SMART UPDATE] Using full rebuild for opacity change
2025-09-10 22:15:37 - [INFO] - [DEBUG] Rebuilding timeline for active scan index: -1
2025-09-10 22:15:37 - [INFO] - [SMART UPDATE] State updated - Type: rebuild
2025-09-10 22:15:37 - [INFO] - [DEBUG] Set Segmentation opacity to 0.35
2025-09-10 22:15:37 - [INFO] - [SMART UPDATE] Change type: none
2025-09-10 22:15:37 - [INFO] - [SMART UPDATE] Using full rebuild for opacity change
2025-09-10 22:15:37 - [INFO] - [DEBUG] Rebuilding timeline for active scan index: -1
2025-09-10 22:15:37 - [INFO] - [SMART UPDATE] State updated - Type: rebuild
2025-09-10 22:15:37 - [INFO] - [DEBUG] Set Hotspot opacity to 0.50
2025-09-10 22:15:37 - [INFO] - [SMART UPDATE] Change type: none
2025-09-10 22:15:37 - [INFO] - [SMART UPDATE] Using full rebuild for opacity change
2025-09-10 22:15:37 - [INFO] - [DEBUG] Rebuilding timeline for active scan index: -1
2025-09-10 22:15:37 - [INFO] - [SMART UPDATE] State updated - Type: rebuild
2025-09-10 22:15:37 - [INFO] - [DEBUG] Set HotspotBBox opacity to 1.00
2025-09-10 22:15:37 - [INFO] - [SMART UPDATE] Change type: none
2025-09-10 22:15:37 - [INFO] - [SMART UPDATE] Using full rebuild for opacity change
2025-09-10 22:15:37 - [INFO] - [DEBUG] Rebuilding timeline for active scan index: -1
2025-09-10 22:15:37 - [INFO] - [SMART UPDATE] State updated - Type: rebuild
2025-09-10 22:15:37 - [INFO] - [DEBUG] Setting default layers: 'Image' checkbox should now be ON.
2025-09-10 22:15:37 - [INFO] - [DEBUG] Active layers: ['Image']
2025-09-10 22:15:37 - [INFO] - [DEBUG] Layers changed to: ['Image']
2025-09-10 22:15:37 - [INFO] - [SMART UPDATE] Change type: layers
2025-09-10 22:15:37 - [INFO] - [SMART UPDATE] Layers added: ['Image']
2025-09-10 22:15:37 - [INFO] - [DEBUG] Timeline active layers set to: ['Image']
2025-09-10 22:15:37 - [INFO] - [SMART UPDATE] Full rebuild required for change type: layers
2025-09-10 22:15:37 - [INFO] - [DEBUG] Rebuilding timeline for active scan index: -1
2025-09-10 22:15:37 - [INFO] - [SMART UPDATE] State updated - Type: layers
2025-09-10 22:15:37 - [INFO] - [EDIT BUTTONS] Has scan: False, Has seg data: False, Can edit hotspot: False
2025-09-10 22:15:37 - [INFO] - [EDIT BUTTONS] Seg button enabled: False, Hotspot button enabled: False
2025-09-10 22:15:37 - [INFO] - [DEBUG] All data loaded. Total scans: 1
2025-09-10 22:15:37 - [INFO] - [DEBUG] Layers changed to: []
2025-09-10 22:15:37 - [INFO] - [SMART UPDATE] Change type: layers
2025-09-10 22:15:37 - [INFO] - [SMART UPDATE] Layers removed: ['Image']
2025-09-10 22:15:37 - [INFO] - [DEBUG] Timeline active layers set to: []
2025-09-10 22:15:37 - [INFO] - [SMART UPDATE] Full rebuild required for change type: layers
2025-09-10 22:15:37 - [INFO] - [DEBUG] Rebuilding timeline for active scan index: -1
2025-09-10 22:15:37 - [INFO] - [SMART UPDATE] State updated - Type: layers
2025-09-10 22:15:37 - [INFO] - [EDIT BUTTONS] Has scan: False, Has seg data: False, Can edit hotspot: False
2025-09-10 22:15:37 - [INFO] - [EDIT BUTTONS] Seg button enabled: False, Hotspot button enabled: False
2025-09-10 22:15:37 - [INFO] - [SMART UPDATE] Change type: none
2025-09-10 22:15:37 - [INFO] - [DEBUG] Timeline active layers set to: []
2025-09-10 22:15:37 - [INFO] - [SMART UPDATE] No changes detected, skipping update
2025-09-10 22:15:37 - [INFO] - [DEBUG] Set Image opacity to 1.00
2025-09-10 22:15:37 - [INFO] - [SMART UPDATE] Change type: none
2025-09-10 22:15:37 - [INFO] - [SMART UPDATE] Using full rebuild for opacity change
2025-09-10 22:15:37 - [INFO] - [DEBUG] Rebuilding timeline for active scan index: -1
2025-09-10 22:15:37 - [INFO] - [SMART UPDATE] State updated - Type: rebuild
2025-09-10 22:15:37 - [INFO] - [DEBUG] Set Segmentation opacity to 0.35
2025-09-10 22:15:37 - [INFO] - [SMART UPDATE] Change type: none
2025-09-10 22:15:37 - [INFO] - [SMART UPDATE] Using full rebuild for opacity change
2025-09-10 22:15:37 - [INFO] - [DEBUG] Rebuilding timeline for active scan index: -1
2025-09-10 22:15:37 - [INFO] - [SMART UPDATE] State updated - Type: rebuild
2025-09-10 22:15:37 - [INFO] - [DEBUG] Set Hotspot opacity to 0.50
2025-09-10 22:15:37 - [INFO] - [SMART UPDATE] Change type: none
2025-09-10 22:15:37 - [INFO] - [SMART UPDATE] Using full rebuild for opacity change
2025-09-10 22:15:37 - [INFO] - [DEBUG] Rebuilding timeline for active scan index: -1
2025-09-10 22:15:37 - [INFO] - [SMART UPDATE] State updated - Type: rebuild
2025-09-10 22:15:37 - [INFO] - [DEBUG] Set HotspotBBox opacity to 1.00
2025-09-10 22:15:37 - [INFO] - [SMART UPDATE] Change type: none
2025-09-10 22:15:37 - [INFO] - [SMART UPDATE] Using full rebuild for opacity change
2025-09-10 22:15:37 - [INFO] - [DEBUG] Rebuilding timeline for active scan index: -1
2025-09-10 22:15:37 - [INFO] - [SMART UPDATE] State updated - Type: rebuild
2025-09-10 22:15:37 - [INFO] - [DEBUG] Setting default layers: 'Image' checkbox should now be ON.
2025-09-10 22:15:37 - [INFO] - [DEBUG] Active layers: ['Image']
2025-09-10 22:15:37 - [INFO] - [DEBUG] Layers changed to: ['Image']
2025-09-10 22:15:37 - [INFO] - [SMART UPDATE] Change type: layers
2025-09-10 22:15:37 - [INFO] - [SMART UPDATE] Layers added: ['Image']
2025-09-10 22:15:37 - [INFO] - [DEBUG] Timeline active layers set to: ['Image']
2025-09-10 22:15:37 - [INFO] - [SMART UPDATE] Full rebuild required for change type: layers
2025-09-10 22:15:37 - [INFO] - [DEBUG] Rebuilding timeline for active scan index: -1
2025-09-10 22:15:37 - [INFO] - [SMART UPDATE] State updated - Type: layers
2025-09-10 22:15:37 - [INFO] - [EDIT BUTTONS] Has scan: False, Has seg data: False, Can edit hotspot: False
2025-09-10 22:15:37 - [INFO] - [EDIT BUTTONS] Seg button enabled: False, Hotspot button enabled: False
2025-09-10 22:15:37 - [INFO] - [SMART UPDATE] Change type: none
2025-09-10 22:15:37 - [INFO] - [DEBUG] Timeline active layers set to: ['Image']
2025-09-10 22:15:37 - [INFO] - [SMART UPDATE] No changes detected, skipping update
2025-09-10 22:15:37 - [INFO] - [DEBUG] Set Image opacity to 1.00
2025-09-10 22:15:37 - [INFO] - [SMART UPDATE] Change type: none
2025-09-10 22:15:37 - [INFO] - [SMART UPDATE] Using full rebuild for opacity change
2025-09-10 22:15:37 - [INFO] - [DEBUG] Rebuilding timeline for active scan index: -1
2025-09-10 22:15:37 - [INFO] - [SMART UPDATE] State updated - Type: rebuild
2025-09-10 22:15:37 - [INFO] - [DEBUG] Set Segmentation opacity to 0.40
2025-09-10 22:15:37 - [INFO] - [SMART UPDATE] Change type: none
2025-09-10 22:15:37 - [INFO] - [SMART UPDATE] Using full rebuild for opacity change
2025-09-10 22:15:37 - [INFO] - [DEBUG] Rebuilding timeline for active scan index: -1
2025-09-10 22:15:37 - [INFO] - [SMART UPDATE] State updated - Type: rebuild
2025-09-10 22:15:37 - [INFO] - [DEBUG] Set Hotspot opacity to 0.50
2025-09-10 22:15:37 - [INFO] - [SMART UPDATE] Change type: none
2025-09-10 22:15:37 - [INFO] - [SMART UPDATE] Using full rebuild for opacity change
2025-09-10 22:15:37 - [INFO] - [DEBUG] Rebuilding timeline for active scan index: -1
2025-09-10 22:15:37 - [INFO] - [SMART UPDATE] State updated - Type: rebuild
2025-09-10 22:15:37 - [INFO] - [DEBUG] Set HotspotBBox opacity to 1.00
2025-09-10 22:15:37 - [INFO] - [SMART UPDATE] Change type: none
2025-09-10 22:15:37 - [INFO] - [SMART UPDATE] Using full rebuild for opacity change
2025-09-10 22:15:37 - [INFO] - [DEBUG] Rebuilding timeline for active scan index: -1
2025-09-10 22:15:37 - [INFO] - [SMART UPDATE] State updated - Type: rebuild
2025-09-10 22:15:37 - [INFO] - [MainWindow] Updating timeline with 1 scans
2025-09-10 22:15:37 - [INFO] - [BSI META INTEGRATION] Updating scan meta with BSI data
2025-09-10 22:15:37 - [INFO] - [BSI META INTEGRATION] Session code: HEHE
2025-09-10 22:15:37 - [INFO] - [BSI META INTEGRATION] Scan path: F:\projek dosen\prototype riset\hotspot-analyzer\data\PLANAR\HEHE\0001158915\20241204\ANT001_DS.dcm
2025-09-10 22:15:37 - [INFO] - [BSI EXTRACT INFO] Extracting from path: F:\projek dosen\prototype riset\hotspot-analyzer\data\PLANAR\HEHE\0001158915\20241204\ANT001_DS.dcm
2025-09-10 22:15:37 - [INFO] - [BSI EXTRACT INFO] Extracted study_date from DICOM: 20241204
2025-09-10 22:15:37 - [INFO] - [BSI EXTRACT INFO] Extracted patient_id from study_date structure: 0001158915
2025-09-10 22:15:37 - [INFO] - [BSI EXTRACT INFO] Final result - Patient: 0001158915, Study: 20241204
2025-09-10 22:15:37 - [INFO] - [BSI META INTEGRATION] Extracted - Patient: 0001158915, Study: 20241204
2025-09-10 22:15:37 - [INFO] -   [DEBUG QUANT FILES] Getting quantification files for: F:\projek dosen\prototype riset\hotspot-analyzer\data\PLANAR\HEHE\0001158915\20241204
2025-09-10 22:15:37 - [INFO] -   [DEBUG QUANT FILES] Detected study_date folder: F:\projek dosen\prototype riset\hotspot-analyzer\data\PLANAR\HEHE\0001158915\20241204
2025-09-10 22:15:37 - [INFO] -   [DEBUG QUANT FILES] Generated paths:
2025-09-10 22:15:37 - [INFO] -   [DEBUG QUANT FILES]   bsi_json_ant: F:\projek dosen\prototype riset\hotspot-analyzer\data\PLANAR\HEHE\0001158915\20241204\bsi_quantification_ant.json (exists: True)
2025-09-10 22:15:37 - [INFO] -   [DEBUG QUANT FILES]   bsi_json_post: F:\projek dosen\prototype riset\hotspot-analyzer\data\PLANAR\HEHE\0001158915\20241204\bsi_quantification_post.json (exists: False)
2025-09-10 22:15:37 - [INFO] - [BSI META INTEGRATION] Found BSI files in study_date folder: F:\projek dosen\prototype riset\hotspot-analyzer\data\PLANAR\HEHE\0001158915\20241204
2025-09-10 22:15:37 - [INFO] - [BSI META INTEGRATION] Using patient folder: F:\projek dosen\prototype riset\hotspot-analyzer\data\PLANAR\HEHE\0001158915\20241204
2025-09-10 22:15:37 - [INFO] -   [DEBUG BSI] Detected study_date folder, using parent: F:\projek dosen\prototype riset\hotspot-analyzer\data\PLANAR\HEHE\0001158915
2025-09-10 22:15:37 - [INFO] -   [DEBUG BSI] Found study_date folder: 20241204
2025-09-10 22:15:37 - [INFO] -   [DEBUG BSI]     - 20241204 (DIR)
2025-09-10 22:15:37 - [INFO] -   [DEBUG BSI]     - ANT001_DS.dcm (FILE)
2025-09-10 22:15:37 - [INFO] -   [DEBUG BSI]     - ant_hotspot_classification.json (FILE)
2025-09-10 22:15:37 - [INFO] -   [DEBUG BSI]     - ant_hotspot_classification.png (FILE)
2025-09-10 22:15:37 - [INFO] -   [DEBUG BSI]     - ant_hotspot_classification.xml (FILE)
2025-09-10 22:15:37 - [INFO] -   [DEBUG BSI]     - ant_hotspot_otsu_colored.png (FILE)
2025-09-10 22:15:37 - [INFO] -   [DEBUG BSI]     - ant_hotspot_otsu_colored_blend.png (FILE)
2025-09-10 22:15:37 - [INFO] -   [DEBUG BSI]     - ant_hotspot_otsu_grayscale.png (FILE)
2025-09-10 22:15:37 - [INFO] -   [DEBUG BSI]     - ant_hotspot_yolo.xml (FILE)
2025-09-10 22:15:37 - [INFO] -   [DEBUG BSI]     - ant_mask.png (FILE)
2025-09-10 22:15:37 - [INFO] -   [DEBUG BSI]     - ant_original.png (FILE)
2025-09-10 22:15:37 - [INFO] -   [DEBUG BSI]     - ant_segm.png (FILE)
2025-09-10 22:15:37 - [INFO] -   [DEBUG BSI]     - bsi_quantification_ant.json (FILE)
2025-09-10 22:15:37 - [INFO] -   [DEBUG BSI]     - post_hotspot_otsu_colored.png (FILE)
2025-09-10 22:15:37 - [INFO] -   [DEBUG BSI]     - post_hotspot_otsu_colored_blend.png (FILE)
2025-09-10 22:15:37 - [INFO] -   [DEBUG BSI]     - post_hotspot_otsu_grayscale.png (FILE)
2025-09-10 22:15:37 - [INFO] -   [DEBUG BSI]     - post_hotspot_yolo.xml (FILE)
2025-09-10 22:15:37 - [INFO] -   [DEBUG BSI]     - post_mask.png (FILE)
2025-09-10 22:15:37 - [INFO] -   [DEBUG BSI]     - post_original.png (FILE)
2025-09-10 22:15:37 - [INFO] -   [DEBUG BSI]     - post_segm.png (FILE)
2025-09-10 22:15:37 - [INFO] -   [DEBUG BSI]     - 20241204 (DIR)
2025-09-10 22:15:37 - [INFO] - [BSI META INTEGRATION] Found BSI data: {'study_date': '20241204', 'anterior_bsi': 0.359935898125391, 'posterior_bsi': 0.0, 'combined_bsi': 0.359935898125391, 'bsi_score': 0.359935898125391, 'file_source': 'bsi_quantification_ant.json', 'processing_mode': 'single_view_anterior', 'is_v2': True, 'note': 'Only anterior view available', 'source_location': 'Study date folder'}
2025-09-10 22:15:37 - [INFO] - [BSI META INTEGRATION]   Updated meta with BSI data:
2025-09-10 22:15:37 - [INFO] - [BSI META INTEGRATION]   Anterior BSI: 0.359935898125391
2025-09-10 22:15:37 - [INFO] - [BSI META INTEGRATION]   Posterior BSI: 0.0
2025-09-10 22:15:37 - [INFO] - [BSI META INTEGRATION]   Processing mode: single_view_anterior
2025-09-10 22:15:37 - [INFO] - [MainWindow]   BSI integration completed for 1 scans
2025-09-10 22:15:37 - [INFO] - [MainWindow DEBUG] First scan meta keys: ['patient_id', 'patient_name', 'patient_birth_date', 'patient_sex', 'patient_weight', 'patient_size', 'patient_age', 'study_date', 'series_date', 'study_time', 'modality', 'series_description', 'study_instance_uid', 'series_instance_uid', 'has_bsi', 'bsi_anterior', 'bsi_posterior', 'bsi_combined', 'bsi_processing_mode', 'bsi_file_source']
2025-09-10 22:15:37 - [INFO] - [MainWindow DEBUG] has_bsi: True
2025-09-10 22:15:37 - [INFO] - [MainWindow DEBUG] bsi_anterior: 0.359935898125391
2025-09-10 22:15:37 - [INFO] - [MainWindow DEBUG] bsi_posterior: 0.0
2025-09-10 22:15:37 - [INFO] - [DEBUG] display_timeline called with 1 scan(s), focusing on index = 0
2025-09-10 22:15:37 - [INFO] - [BSI META INTEGRATION] Updating scan meta with BSI data
2025-09-10 22:15:37 - [INFO] - [BSI META INTEGRATION] Session code: HEHE
2025-09-10 22:15:37 - [INFO] - [BSI META INTEGRATION] Scan path: F:\projek dosen\prototype riset\hotspot-analyzer\data\PLANAR\HEHE\0001158915\20241204\ANT001_DS.dcm
2025-09-10 22:15:37 - [INFO] - [BSI EXTRACT INFO] Extracting from path: F:\projek dosen\prototype riset\hotspot-analyzer\data\PLANAR\HEHE\0001158915\20241204\ANT001_DS.dcm
2025-09-10 22:15:37 - [INFO] - [BSI EXTRACT INFO] Extracted study_date from DICOM: 20241204
2025-09-10 22:15:37 - [INFO] - [BSI EXTRACT INFO] Extracted patient_id from study_date structure: 0001158915
2025-09-10 22:15:37 - [INFO] - [BSI EXTRACT INFO] Final result - Patient: 0001158915, Study: 20241204
2025-09-10 22:15:37 - [INFO] - [BSI META INTEGRATION] Extracted - Patient: 0001158915, Study: 20241204
2025-09-10 22:15:37 - [INFO] -   [DEBUG QUANT FILES] Getting quantification files for: F:\projek dosen\prototype riset\hotspot-analyzer\data\PLANAR\HEHE\0001158915\20241204
2025-09-10 22:15:37 - [INFO] -   [DEBUG QUANT FILES] Detected study_date folder: F:\projek dosen\prototype riset\hotspot-analyzer\data\PLANAR\HEHE\0001158915\20241204
2025-09-10 22:15:37 - [INFO] -   [DEBUG QUANT FILES] Generated paths:
2025-09-10 22:15:37 - [INFO] -   [DEBUG QUANT FILES]   bsi_json_ant: F:\projek dosen\prototype riset\hotspot-analyzer\data\PLANAR\HEHE\0001158915\20241204\bsi_quantification_ant.json (exists: True)
2025-09-10 22:15:37 - [INFO] -   [DEBUG QUANT FILES]   bsi_json_post: F:\projek dosen\prototype riset\hotspot-analyzer\data\PLANAR\HEHE\0001158915\20241204\bsi_quantification_post.json (exists: False)
2025-09-10 22:15:37 - [INFO] - [BSI META INTEGRATION] Found BSI files in study_date folder: F:\projek dosen\prototype riset\hotspot-analyzer\data\PLANAR\HEHE\0001158915\20241204
2025-09-10 22:15:37 - [INFO] - [BSI META INTEGRATION] Using patient folder: F:\projek dosen\prototype riset\hotspot-analyzer\data\PLANAR\HEHE\0001158915\20241204
2025-09-10 22:15:37 - [INFO] -   [DEBUG BSI] Detected study_date folder, using parent: F:\projek dosen\prototype riset\hotspot-analyzer\data\PLANAR\HEHE\0001158915
2025-09-10 22:15:37 - [INFO] -   [DEBUG BSI] Found study_date folder: 20241204
2025-09-10 22:15:37 - [INFO] -   [DEBUG BSI]     - 20241204 (DIR)
2025-09-10 22:15:37 - [INFO] -   [DEBUG BSI]     - ANT001_DS.dcm (FILE)
2025-09-10 22:15:37 - [INFO] -   [DEBUG BSI]     - ant_hotspot_classification.json (FILE)
2025-09-10 22:15:37 - [INFO] -   [DEBUG BSI]     - ant_hotspot_classification.png (FILE)
2025-09-10 22:15:37 - [INFO] -   [DEBUG BSI]     - ant_hotspot_classification.xml (FILE)
2025-09-10 22:15:37 - [INFO] -   [DEBUG BSI]     - ant_hotspot_otsu_colored.png (FILE)
2025-09-10 22:15:37 - [INFO] -   [DEBUG BSI]     - ant_hotspot_otsu_colored_blend.png (FILE)
2025-09-10 22:15:37 - [INFO] -   [DEBUG BSI]     - ant_hotspot_otsu_grayscale.png (FILE)
2025-09-10 22:15:37 - [INFO] -   [DEBUG BSI]     - ant_hotspot_yolo.xml (FILE)
2025-09-10 22:15:37 - [INFO] -   [DEBUG BSI]     - ant_mask.png (FILE)
2025-09-10 22:15:37 - [INFO] -   [DEBUG BSI]     - ant_original.png (FILE)
2025-09-10 22:15:37 - [INFO] -   [DEBUG BSI]     - ant_segm.png (FILE)
2025-09-10 22:15:38 - [INFO] -   [DEBUG BSI]     - bsi_quantification_ant.json (FILE)
2025-09-10 22:15:38 - [INFO] -   [DEBUG BSI]     - post_hotspot_otsu_colored.png (FILE)
2025-09-10 22:15:38 - [INFO] -   [DEBUG BSI]     - post_hotspot_otsu_colored_blend.png (FILE)
2025-09-10 22:15:38 - [INFO] -   [DEBUG BSI]     - post_hotspot_otsu_grayscale.png (FILE)
2025-09-10 22:15:38 - [INFO] -   [DEBUG BSI]     - post_hotspot_yolo.xml (FILE)
2025-09-10 22:15:38 - [INFO] -   [DEBUG BSI]     - post_mask.png (FILE)
2025-09-10 22:15:38 - [INFO] -   [DEBUG BSI]     - post_original.png (FILE)
2025-09-10 22:15:38 - [INFO] -   [DEBUG BSI]     - post_segm.png (FILE)
2025-09-10 22:15:38 - [INFO] -   [DEBUG BSI]     - 20241204 (DIR)
2025-09-10 22:15:38 - [INFO] - [BSI META INTEGRATION] Found BSI data: {'study_date': '20241204', 'anterior_bsi': 0.359935898125391, 'posterior_bsi': 0.0, 'combined_bsi': 0.359935898125391, 'bsi_score': 0.359935898125391, 'file_source': 'bsi_quantification_ant.json', 'processing_mode': 'single_view_anterior', 'is_v2': True, 'note': 'Only anterior view available', 'source_location': 'Study date folder'}
2025-09-10 22:15:38 - [INFO] - [BSI META INTEGRATION]   Updated meta with BSI data:
2025-09-10 22:15:38 - [INFO] - [BSI META INTEGRATION]   Anterior BSI: 0.359935898125391
2025-09-10 22:15:38 - [INFO] - [BSI META INTEGRATION]   Posterior BSI: 0.0
2025-09-10 22:15:38 - [INFO] - [BSI META INTEGRATION]   Processing mode: single_view_anterior
2025-09-10 22:15:38 - [INFO] - [DEBUG] Rebuilding timeline for active scan index: 0
2025-09-10 22:15:38 - [INFO] - [DEBUG] Creating CLASSIFICATION card 0 for view: Anterior
2025-09-10 22:15:38 - [INFO] - [DEBUG] Active layers selected: ['Image']
2025-09-10 22:15:38 - [INFO] - [DEBUG] DICOM path: F:\projek dosen\prototype riset\hotspot-analyzer\data\PLANAR\HEHE\0001158915\20241204\ANT001_DS.dcm
2025-09-10 22:15:38 - [INFO] - [DEBUG] Current view: Anterior
2025-09-10 22:15:38 - [INFO] - [CACHE DEBUG] use_cache=False
2025-09-10 22:15:38 - [INFO] - [CACHE DEBUG] has_adjustments=False (B=0.00, C=1.00)
2025-09-10 22:15:38 - [INFO] - [CACHE DEBUG] has_overrides=False (override_b=None, override_c=None)
2025-09-10 22:15:38 - [INFO] - [CACHE DEBUG] invert_original=True
2025-09-10 22:15:38 - [INFO] - [CACHE SKIP] Skipping cache due to adjustments/overrides/invert
2025-09-10 22:15:38 - [INFO] - [DEBUG] Path extraction: session=HEHE, patient=0001158915, study_date=20241204
2025-09-10 22:15:38 - [INFO] - [DEBUG] Extracted patient info - ID: 0001158915, Session: HEHE
2025-09-10 22:15:38 - [INFO] - [DEBUG] Original path: F:\projek dosen\prototype riset\hotspot-analyzer\data\PLANAR\HEHE\0001158915\20241204\ANT001_DS.dcm
2025-09-10 22:15:38 - [INFO] - [DEBUG] Study date: 20241204
2025-09-10 22:15:38 - [INFO] - [DEBUG] Patient ID: 0001158915
2025-09-10 22:15:38 - [INFO] - [DEBUG] Session code: HEHE
2025-09-10 22:15:38 - [INFO] - [DEBUG] Study date folder: F:\projek dosen\prototype riset\hotspot-analyzer\data\PLANAR\HEHE\0001158915\20241204
2025-09-10 22:15:38 - [INFO] - [DEBUG] Loading original image for Anterior
2025-09-10 22:15:38 - [INFO] - [DEBUG] Looking for original PNG in study_date dir: F:\projek dosen\prototype riset\hotspot-analyzer\data\PLANAR\HEHE\0001158915\20241204\ant_original.png
2025-09-10 22:15:38 - [DEBUG] - STREAM b'IHDR' 16 13
2025-09-10 22:15:38 - [DEBUG] - STREAM b'IDAT' 41 65536
2025-09-10 22:15:38 - [INFO] - [DEBUG] Loaded original PNG from study_date dir: (256, 1024)
2025-09-10 22:15:38 - [INFO] - [DEBUG] Original image loaded: (256, 1024)
2025-09-10 22:15:38 - [INFO] - [DEBUG] Applying invert to original image
2025-09-10 22:15:38 - [INFO] - [DEBUG] simple_invert_pil_image: Processing L image, size = (256, 1024)
2025-09-10 22:15:38 - [INFO] - [DEBUG] simple_invert_image: input shape = (1024, 256), dtype = uint8
2025-09-10 22:15:38 - [INFO] - [DEBUG] Simple inversion completed: [0-255] -> [0-255]
2025-09-10 22:15:38 - [INFO] - [DEBUG] simple_invert_pil_image: completed
2025-09-10 22:15:38 - [INFO] - [DEBUG] Using STORED B/C values: B=0.00, C=1.00
2025-09-10 22:15:38 - [INFO] - [DEBUG]   Image layer loaded and processed
2025-09-10 22:15:38 - [INFO] - [DEBUG] Loading segmentation layer for Anterior
2025-09-10 22:15:38 - [INFO] - [DEBUG] Looking for segmentation (NEWEST): F:\projek dosen\prototype riset\hotspot-analyzer\data\PLANAR\HEHE\0001158915\20241204\ant_segm.png
2025-09-10 22:15:38 - [DEBUG] - STREAM b'IHDR' 16 13
2025-09-10 22:15:38 - [DEBUG] - STREAM b'IDAT' 41 5010
2025-09-10 22:15:38 - [INFO] - [DEBUG]   Loaded segmentation with transparency: F:\projek dosen\prototype riset\hotspot-analyzer\data\PLANAR\HEHE\0001158915\20241204\ant_segm.png
2025-09-10 22:15:38 - [INFO] - [DEBUG] Segmentation type: ORIGINAL
2025-09-10 22:15:38 - [INFO] - [DEBUG] Loading hotspot layer for Anterior
2025-09-10 22:15:38 - [INFO] - [DEBUG] Looking for hotspot classification (NEWEST): F:\projek dosen\prototype riset\hotspot-analyzer\data\PLANAR\HEHE\0001158915\20241204\ant_hotspot_classification.png
2025-09-10 22:15:38 - [DEBUG] - STREAM b'IHDR' 16 13
2025-09-10 22:15:38 - [DEBUG] - STREAM b'IDAT' 41 955
2025-09-10 22:15:38 - [INFO] - [DEBUG]   Loaded hotspot layer: F:\projek dosen\prototype riset\hotspot-analyzer\data\PLANAR\HEHE\0001158915\20241204\ant_hotspot_classification.png
2025-09-10 22:15:38 - [INFO] - [DEBUG] Hotspot type: ORIGINAL
2025-09-10 22:15:38 - [INFO] - [DEBUG] Loading bbox layer for Anterior
2025-09-10 22:15:38 - [INFO] - [DEBUG] Looking for classification XML (NEWEST): F:\projek dosen\prototype riset\hotspot-analyzer\data\PLANAR\HEHE\0001158915\20241204\ant_hotspot_classification.xml
2025-09-10 22:15:38 - [INFO] - [DEBUG] Loading CLASSIFICATION XML for bbox: F:\projek dosen\prototype riset\hotspot-analyzer\data\PLANAR\HEHE\0001158915\20241204\ant_hotspot_classification.xml
2025-09-10 22:15:43 - [INFO] - [DEBUG] Drew CLASSIFICATION Abnormal bbox: (180,129) -> (213,158)
2025-09-10 22:15:43 - [INFO] - [DEBUG]   Created CLASSIFICATION bbox visualization with 1 boxes
2025-09-10 22:15:43 - [INFO] - [DEBUG]   Loaded bbox layer: F:\projek dosen\prototype riset\hotspot-analyzer\data\PLANAR\HEHE\0001158915\20241204\ant_hotspot_classification.xml
2025-09-10 22:15:43 - [INFO] - [DEBUG] BBox XML type: ORIGINAL
2025-09-10 22:15:43 - [INFO] - [CACHE STORE] Not caching due to adjustments/overrides/invert
2025-09-10 22:15:43 - [INFO] - [DEBUG]   Loaded 4 layers for Anterior: ['Image', 'Segmentation', 'Hotspot', 'HotspotBBox']
2025-09-10 22:15:43 - [INFO] - [DEBUG] Available CLASSIFICATION layers in files: ['Image', 'Segmentation', 'Hotspot', 'HotspotBBox']
2025-09-10 22:15:43 - [INFO] - [DEBUG]   Added CLASSIFICATION Image to card 0 (opacity: 1.00)
